Date,GLD,SPY,TLT,USO,UUP
2005-01-03,43.02000045776367,80.97351837158203,43.715538024902344,,
2005-01-04,42.7400016784668,79.98404693603516,43.257381439208984,,
2005-01-05,42.66999816894531,79.43215942382812,43.48889923095703,,
2005-01-06,42.150001525878906,79.83599853515625,43.51846694946289,,
2005-01-07,41.84000015258789,79.7215576171875,43.61701965332031,,
2005-01-10,41.95000076293945,80.09851837158203,43.685970306396484,,
2005-01-11,42.209999084472656,79.54658508300781,43.942138671875,,
2005-01-12,42.599998474121094,79.8090591430664,44.00125503540039,,
2005-01-13,42.599998474121094,79.16963195800781,44.42491912841797,,
2005-01-14,42.31999969482422,79.5869369506836,44.41999816894531,,
2005-01-18,42.31999969482422,80.41486358642578,44.56776428222656,,
2005-01-19,42.2599983215332,79.573486328125,44.695838928222656,,
2005-01-20,42.25,79.08885955810547,44.7845344543457,,
2005-01-21,42.7400016784668,78.6042251586914,44.83379364013672,,
2005-01-24,42.77000045776367,78.44943237304688,45.02593231201172,,
2005-01-25,42.2400016784668,78.6715316772461,44.6022834777832,,
2005-01-26,42.689998626708984,78.90714263916016,44.68599319458008,,
2005-01-27,42.619998931884766,79.04176330566406,44.6022834777832,,
2005-01-28,42.689998626708984,79.04176330566406,45.05056381225586,,
2005-01-31,42.220001220703125,79.53307342529297,45.17863082885742,,
2005-02-01,42.099998474121094,80.03791809082031,45.1069450378418,,
2005-02-02,42.15999984741211,80.28023529052734,45.21078872680664,,
2005-02-03,41.68000030517578,80.07157897949219,45.186038970947266,,
2005-02-04,41.470001220703125,80.92644500732422,45.81401824951172,,
2005-02-07,41.27000045776367,80.81871032714844,46.155189514160156,,
2005-02-08,41.2599983215332,80.91295623779297,46.41728973388672,,
2005-02-09,41.310001373291016,80.30716705322266,46.540958404541016,,
2005-02-10,41.75,80.59660339355469,45.91293716430664,,
2005-02-11,42.08000183105469,81.28988647460938,45.88325119018555,,
2005-02-14,42.54999923706055,81.2293472290039,46.02666091918945,,
2005-02-15,42.58000183105469,81.53219604492188,45.79426193237305,,
2005-02-16,42.52000045776367,81.58600616455078,45.62120819091797,,
2005-02-17,42.72999954223633,80.92644500732422,45.334381103515625,,
2005-02-18,42.75,81.03409576416016,44.92890930175781,,
2005-02-22,43.56999969482422,79.82927703857422,44.73110580444336,,
2005-02-23,43.41999816894531,80.40140533447266,44.87944412231445,,
2005-02-24,43.33000183105469,80.93314361572266,44.78057098388672,,
2005-02-25,43.5,81.73410034179688,44.998138427734375,,
2005-02-28,43.529998779296875,81.19563293457031,44.51352310180664,,
2005-03-01,43.220001220703125,81.5995101928711,44.49965286254883,,
2005-03-02,43.25,81.55912017822266,44.44012451171875,,
2005-03-03,42.970001220703125,81.59278106689453,44.41532516479492,,
2005-03-04,43.380001068115234,82.60914611816406,44.896480560302734,,
2005-03-07,43.470001220703125,82.64952087402344,45.075042724609375,,
2005-03-08,44.029998779296875,82.33989715576172,44.648494720458984,,
2005-03-09,44.02000045776367,81.4245376586914,43.91926574707031,,
2005-03-10,44.20000076293945,81.60625457763672,44.18716049194336,,
2005-03-11,44.43000030517578,81.03409576416016,43.8647346496582,,
2005-03-14,44.029998779296875,81.5389404296875,44.12761688232422,,
2005-03-15,44.060001373291016,80.8658447265625,43.849853515625,,
2005-03-16,44.310001373291016,80.1792984008789,44.117706298828125,,
2005-03-17,43.81999969482422,80.34081268310547,44.26158905029297,,
2005-03-18,43.88999938964844,80.10232543945312,43.98377227783203,,
2005-03-21,43.09000015258789,79.80494689941406,43.85976028442383,,
2005-03-22,42.650001525878906,78.99405670166016,43.487709045410156,,
2005-03-23,42.41999816894531,79.06165313720703,43.69607925415039,,
2005-03-24,42.38999938964844,79.15625,43.78536605834961,,
2005-03-28,42.540000915527344,79.2711181640625,43.51749038696289,,
2005-03-29,42.560001373291016,78.7440414428711,43.775428771972656,,
2005-03-30,42.61000061035156,79.8590316772461,43.993709564208984,,
2005-03-31,42.81999969482422,79.71035766601562,44.311180114746094,,
2005-04-01,42.619998931884766,79.35222625732422,44.460548400878906,,
2005-04-04,42.400001525878906,79.48734283447266,44.45055389404297,,
2005-04-05,42.45000076293945,79.86579895019531,44.33608627319336,,
2005-04-06,42.630001068115234,80.14282989501953,44.49037551879883,,
2005-04-07,42.56999969482422,80.57530212402344,44.13191604614258,,
2005-04-08,42.689998626708984,79.73739624023438,44.28627014160156,,
2005-04-11,42.779998779296875,79.79820251464844,44.525245666503906,,
2005-04-12,42.84000015258789,80.21038818359375,44.93851089477539,,
2005-04-13,42.900001525878906,79.26435089111328,44.828948974609375,,
2005-04-14,42.310001373291016,78.2304916381836,44.75926971435547,,
2005-04-15,42.400001525878906,77.1357421875,45.35171890258789,,
2005-04-18,42.689998626708984,77.37228393554688,45.316864013671875,,
2005-04-19,43.279998779296875,77.9871826171875,45.7549934387207,,
2005-04-20,43.400001525878906,76.8992691040039,45.64046859741211,,
2005-04-21,43.189998626708984,78.39266967773438,45.162532806396484,,
2005-04-22,43.38999938964844,78.0953369140625,45.540916442871094,,
2005-04-25,43.439998626708984,78.60890197753906,45.67538070678711,,
2005-04-26,43.63999938964844,77.8453140258789,45.60567855834961,,
2005-04-27,43.20000076293945,78.1493911743164,45.76498031616211,,
2005-04-28,43.0,77.16956329345703,46.10352325439453,,
2005-04-29,43.349998474121094,78.2169418334961,46.023868560791016,,
2005-05-02,42.880001068115234,78.65621185302734,46.01387405395508,,
2005-05-03,42.7599983215332,78.79134368896484,46.13880920410156,,
2005-05-04,42.900001525878906,79.39952850341797,45.73406219482422,,
2005-05-05,42.90999984741211,79.37245178222656,45.83900451660156,,
2005-05-06,42.52000045776367,79.12247467041016,45.499202728271484,,
2005-05-09,42.54999923706055,79.61573791503906,45.54419708251953,,
2005-05-10,42.63999938964844,78.79134368896484,45.86893081665039,,
2005-05-11,42.689998626708984,79.22384643554688,46.008888244628906,,
2005-05-12,42.15999984741211,78.35211944580078,46.18878173828125,,
2005-05-13,41.95000076293945,78.19668579101562,46.3686408996582,,
2005-05-16,41.880001068115234,78.92646026611328,46.31367111206055,,
2005-05-17,41.86000061035156,79.45359802246094,46.44357681274414,,
2005-05-18,42.04999923706055,80.27122497558594,46.75339889526367,,
2005-05-19,41.97999954223633,80.60906219482422,46.633480072021484,,
2005-05-20,41.650001525878906,80.49422454833984,46.68836975097656,,
2005-05-23,41.619998931884766,80.94020080566406,47.05315017700195,,
2005-05-24,41.72999954223633,80.75101470947266,47.183074951171875,,
2005-05-25,41.869998931884766,80.69017791748047,46.853328704833984,,
2005-05-26,41.689998626708984,81.12261962890625,46.83830642700195,,
2005-05-27,41.880001068115234,81.25778198242188,46.888282775878906,,
2005-05-31,41.650001525878906,80.73746490478516,47.467899322509766,,
2005-06-01,41.529998779296875,81.42671966552734,48.04914093017578,,
2005-06-02,42.099998474121094,81.6024398803711,48.16448974609375,,
2005-06-03,42.16999816894531,81.19022369384766,47.7682991027832,,
2005-06-06,42.47999954223633,81.11592864990234,48.01901626586914,,
2005-06-07,42.380001068115234,81.17668914794922,48.40019989013672,,
2005-06-08,42.34000015258789,81.02803039550781,48.169498443603516,,
2005-06-09,42.27000045776367,81.41323852539062,48.129390716552734,,
2005-06-10,42.619998931884766,81.22400665283203,47.587730407714844,,
2005-06-13,42.779998779296875,81.48078918457031,47.301876068115234,,
2005-06-14,42.599998474121094,81.66999816894531,46.99095916748047,,
2005-06-15,42.7400016784668,81.82543182373047,47.076194763183594,,
2005-06-16,43.459999084472656,82.03491973876953,47.3119010925293,,
2005-06-17,43.630001068115234,82.33883666992188,47.306922912597656,,
2005-06-20,43.65999984741211,82.36600494384766,47.226646423339844,,
2005-06-21,43.810001373291016,82.41349792480469,47.57268142700195,,
2005-06-22,43.720001220703125,82.48130798339844,48.149444580078125,,
2005-06-23,44.02000045776367,81.32115173339844,48.09927749633789,,
2005-06-24,43.900001525878906,80.72408294677734,48.34004592895508,,
2005-06-27,43.90999984741211,80.8394546508789,48.470359802246094,,
2005-06-28,43.45000076293945,81.51792907714844,48.13943099975586,,
2005-06-29,43.630001068115234,81.30081176757812,48.064125061035156,,
2005-06-30,43.439998626708984,80.85977935791016,48.495479583740234,,
2005-07-01,42.70000076293945,81.09728240966797,47.90770721435547,,
2005-07-05,42.279998779296875,81.74857330322266,47.454776763916016,,
2005-07-06,42.25,81.06331634521484,47.71646499633789,,
2005-07-07,42.36000061035156,81.3822021484375,47.81709289550781,,
2005-07-08,42.2599983215332,82.31168365478516,47.620845794677734,,
2005-07-11,42.540000915527344,82.7323989868164,47.620845794677734,,
2005-07-12,42.63999938964844,82.94947814941406,47.35414123535156,,
2005-07-13,42.349998474121094,83.0648193359375,47.283687591552734,,
2005-07-14,41.900001525878906,83.39051818847656,47.16292190551758,,
2005-07-15,42.04999923706055,83.3429946899414,47.28871154785156,,
2005-07-18,42.0099983215332,83.01053619384766,46.93646240234375,,
2005-07-19,41.88999938964844,83.46508026123047,47.1025505065918,,
2005-07-20,42.20000076293945,83.75006866455078,47.359153747558594,,
2005-07-21,42.459999084472656,83.26156616210938,46.71504592895508,,
2005-07-22,42.45000076293945,83.81790161132812,47.077392578125,,
2005-07-25,42.5099983215332,83.58047485351562,46.90627670288086,,
2005-07-26,42.25,83.68218231201172,46.98176193237305,,
2005-07-27,42.439998626708984,83.98753356933594,46.90627670288086,,
2005-07-28,42.75,84.51673126220703,47.323944091796875,,
2005-07-29,42.81999969482422,83.9536361694336,46.85595703125,,
2005-08-01,43.130001068115234,83.89253997802734,46.68170928955078,,
2005-08-02,43.13999938964844,84.39459991455078,46.530155181884766,,
2005-08-03,43.529998779296875,84.6185073852539,46.7574462890625,,
2005-08-04,43.68000030517578,83.9400405883789,46.66147994995117,,
2005-08-05,43.599998474121094,83.37010192871094,46.297821044921875,,
2005-08-08,43.349998474121094,83.21406555175781,46.21193313598633,,
2005-08-09,43.34000015258789,83.71614074707031,46.383670806884766,,
2005-08-10,43.650001525878906,83.67542266845703,46.33312225341797,,
2005-08-11,44.45000076293945,84.00788879394531,46.656436920166016,,
2005-08-12,44.4900016784668,83.49222564697266,47.13124084472656,,
2005-08-15,44.130001068115234,84.00788879394531,47.01000213623047,,
2005-08-16,44.54999923706055,82.91554260253906,47.33829879760742,,
2005-08-17,43.90999984741211,82.90876770019531,47.0251350402832,,
2005-08-18,43.83000183105469,82.90199279785156,47.3736572265625,,
2005-08-19,43.599998474121094,83.09195709228516,47.36861801147461,,
2005-08-22,43.70000076293945,83.09195709228516,47.31809997558594,,
2005-08-23,43.7599983215332,82.93590545654297,47.53532028198242,,
2005-08-24,43.59000015258789,82.19636535644531,47.58069610595703,,
2005-08-25,43.72999954223633,82.4948959350586,47.73228073120117,,
2005-08-26,43.61000061035156,81.93179321289062,47.7171516418457,,
2005-08-29,43.56999969482422,82.56277465820312,47.77774429321289,,
2005-08-30,43.0099983215332,82.12850189208984,48.08081817626953,,
2005-08-31,43.400001525878906,83.16658782958984,48.48487091064453,,
2005-09-01,44.220001220703125,83.10551452636719,48.192935943603516,,
2005-09-02,44.25,82.95626831054688,48.233482360839844,,
2005-09-06,44.27000045776367,83.92646026611328,47.8939094543457,,
2005-09-07,44.33000183105469,84.0689468383789,47.442771911621094,,
2005-09-08,44.599998474121094,83.79076385498047,47.493438720703125,,
2005-09-09,44.84000015258789,84.53706359863281,47.645511627197266,,
2005-09-12,44.88999938964844,84.36746215820312,47.3160514831543,,
2005-09-13,44.560001373291016,83.8993148803711,47.56443405151367,,
2005-09-14,44.959999084472656,83.59400939941406,47.38196563720703,,
2005-09-15,45.41999816894531,83.55332946777344,46.99165725708008,,
2005-09-16,45.81999969482422,84.14746856689453,46.68247985839844,,
2005-09-19,46.25,83.86808776855469,46.78386306762695,,
2005-09-20,46.22999954223633,83.15951538085938,46.905513763427734,,
2005-09-21,47.060001373291016,82.38275146484375,47.34140396118164,,
2005-09-22,46.36000061035156,82.67568969726562,47.29582214355469,,
2005-09-23,46.279998779296875,82.74386596679688,46.94098663330078,,
2005-09-26,46.56999969482422,82.8392562866211,46.728111267089844,,
2005-09-27,46.25,82.81881713867188,46.793975830078125,,
2005-09-28,46.79999923706055,82.90058135986328,47.108253479003906,,
2005-09-29,47.099998474121094,83.57512664794922,46.89536666870117,,
2005-09-30,46.70000076293945,83.83405303955078,46.73318099975586,,
2005-10-03,46.41999816894531,83.53421020507812,46.3678092956543,,
2005-10-04,46.45000076293945,82.5939712524414,46.52046203613281,,
2005-10-05,46.36000061035156,81.51058959960938,46.724021911621094,,
2005-10-06,47.209999084472656,81.2176284790039,46.54591369628906,,
2005-10-07,47.36000061035156,81.4969711303711,46.73421859741211,,
2005-10-10,47.369998931884766,80.80882263183594,46.703651428222656,,
2005-10-11,47.38999938964844,80.69295501708984,46.60698318481445,,
2005-10-12,46.849998474121094,80.059326171875,46.15407180786133,,
2005-10-13,47.02000045776367,80.01160430908203,45.98617172241211,,
2005-10-14,46.79999923706055,80.85652923583984,45.9149169921875,,
2005-10-17,47.2599983215332,81.15628051757812,45.90473556518555,,
2005-10-18,47.0,80.27735137939453,45.95561599731445,,
2005-10-19,46.34000015258789,81.61277770996094,45.97596740722656,,
2005-10-20,45.97999954223633,80.17514038085938,46.098114013671875,,
2005-10-21,46.52000045776367,80.48857116699219,46.525550842285156,,
2005-10-24,46.38999938964844,81.73545837402344,46.16425704956055,,
2005-10-25,47.060001373291016,81.57195281982422,45.76736068725586,,
2005-10-26,46.93000030517578,81.33348083496094,45.43148422241211,,
2005-10-27,47.18000030517578,80.46812438964844,45.59435272216797,,
2005-10-28,47.220001220703125,81.62642669677734,45.59941482543945,,
2005-10-31,46.400001525878906,81.85128021240234,45.6859245300293,,
2005-11-01,45.72999954223633,82.09656524658203,45.63330841064453,,
2005-11-02,46.130001068115234,82.95508575439453,45.418609619140625,,
2005-11-03,45.959999084472656,83.30936431884766,45.11193084716797,,
2005-11-04,45.5099983215332,83.20037078857422,45.04037857055664,,
2005-11-07,45.77000045776367,83.28211975097656,45.1937141418457,,
2005-11-08,45.90999984741211,83.28211975097656,45.63330841064453,,
2005-11-09,46.560001373291016,83.39115142822266,45.16305160522461,,
2005-11-10,46.47999954223633,84.03842163085938,45.715057373046875,,
2005-11-11,46.79999923706055,84.32461547851562,45.7406120300293,,
2005-11-14,46.619998931884766,84.27691650390625,45.39812469482422,,
2005-11-15,46.65999984741211,83.97029876708984,45.69462203979492,,
2005-11-16,47.779998779296875,84.1406478881836,46.17510223388672,,
2005-11-17,48.47999954223633,84.92420959472656,46.287532806396484,,
2005-11-18,48.459999084472656,85.25807189941406,46.07286071777344,,
2005-11-21,48.9900016784668,85.68731689453125,46.210811614990234,,
2005-11-22,49.31999969482422,86.05524444580078,46.27217483520508,,
2005-11-23,49.150001525878906,86.55264282226562,46.093292236328125,,
2005-11-25,49.41999816894531,86.62078094482422,46.26193618774414,,
2005-11-28,49.7400016784668,86.00757598876953,46.491939544677734,,
2005-11-29,49.79999923706055,85.91215515136719,46.052433013916016,,
2005-11-30,49.099998474121094,85.4488525390625,46.001285552978516,,
2005-12-01,50.16999816894531,86.32099914550781,45.92938995361328,,
2005-12-02,50.31999969482422,86.42998504638672,45.9448127746582,,
2005-12-05,50.779998779296875,86.24603271484375,45.73948287963867,,
2005-12-06,50.88999938964844,86.40953063964844,46.20664978027344,,
2005-12-07,51.31999969482422,85.90534210205078,46.03208923339844,,
2005-12-08,51.900001525878906,85.85083770751953,46.329833984375,,
2005-12-09,52.400001525878906,86.07569122314453,45.9653434753418,,
2005-12-12,52.560001373291016,86.1574478149414,45.87809753417969,,
2005-12-13,51.650001525878906,86.74337005615234,46.04749298095703,,
2005-12-14,50.349998474121094,87.08409881591797,46.51976776123047,,
2005-12-15,50.2400016784668,86.83197784423828,46.40680694580078,,
2005-12-16,50.09000015258789,86.5525131225586,46.560882568359375,,
2005-12-19,50.220001220703125,86.1072769165039,46.607078552246094,,
2005-12-20,49.040000915527344,86.18949127197266,46.55057907104492,,
2005-12-21,49.369998931884766,86.32649993896484,46.46843719482422,,
2005-12-22,50.13999938964844,86.77860260009766,46.838050842285156,,
2005-12-23,50.119998931884766,86.82655334472656,47.12551498413086,,
2005-12-27,50.63999938964844,85.94287872314453,47.510555267333984,,
2005-12-28,51.470001220703125,86.13471221923828,47.37807083129883,,
2005-12-29,51.470001220703125,85.75111389160156,47.4811897277832,,
2005-12-30,51.58000183105469,85.28533172607422,47.37289047241211,,
2006-01-03,53.119998931884766,86.78543853759766,47.31101989746094,,
2006-01-04,53.29999923706055,87.19642639160156,47.42447280883789,,
2006-01-05,52.34000015258789,87.2511978149414,47.36776351928711,,
2006-01-06,53.720001220703125,87.97725677490234,47.280086517333984,,
2006-01-09,54.599998474121094,88.20332336425781,47.31101989746094,,
2006-01-10,54.060001373291016,88.2923355102539,46.92961883544922,,
2006-01-11,54.529998779296875,88.57319641113281,46.85224914550781,,
2006-01-12,54.43000030517578,88.22383880615234,47.16668701171875,,
2006-01-13,55.439998626708984,88.14164733886719,47.43989562988281,,
2006-01-17,55.2599983215332,87.90193176269531,47.651248931884766,,
2006-01-18,54.06999969482422,87.55256652832031,47.63580322265625,,
2006-01-19,55.59000015258789,87.88821411132812,47.496612548828125,,
2006-01-20,55.20000076293945,86.28539276123047,47.62035369873047,,
2006-01-23,55.77000045776367,86.5936279296875,47.6048698425293,,
2006-01-24,55.72999954223633,86.68267822265625,47.37289047241211,,
2006-01-25,56.13999938964844,86.75804138183594,46.857425689697266,,
2006-01-26,55.880001068115234,87.23748779296875,46.65638732910156,,
2006-01-27,55.630001068115234,88.04573822021484,46.65638732910156,,
2006-01-30,56.68000030517578,87.97725677490234,46.61000061035156,,
2006-01-31,56.70000076293945,87.33336639404297,46.738861083984375,,
2006-02-01,56.70000076293945,87.94298553466797,46.57899856567383,,
2006-02-02,56.97999954223633,86.92240905761719,46.666969299316406,,
2006-02-03,56.5,86.49089813232422,46.99803161621094,,
2006-02-06,56.720001220703125,86.7169418334961,47.09115219116211,,
2006-02-07,54.599998474121094,85.94976043701172,46.86872863769531,,
2006-02-08,54.83000183105469,86.73064422607422,46.760074615478516,,
2006-02-09,56.18000030517578,86.58675384521484,46.97220230102539,,
2006-02-10,54.790000915527344,86.74433135986328,46.71352005004883,,
2006-02-13,53.720001220703125,86.58675384521484,46.71870422363281,,
2006-02-14,54.4900016784668,87.50460815429688,46.553123474121094,,
2006-02-15,53.7599983215332,87.81285858154297,46.666969299316406,,
2006-02-16,54.52000045776367,88.47046661376953,46.67729568481445,,
2006-02-17,54.959999084472656,88.23070526123047,47.04977035522461,,
2006-02-21,55.119998931884766,88.0114974975586,46.97220230102539,,
2006-02-22,55.34000015258789,88.54580688476562,47.29290008544922,,
2006-02-23,54.63999938964844,88.4156265258789,47.173912048339844,,
2006-02-24,55.63999938964844,88.64164733886719,47.10148620605469,,
2006-02-27,55.220001220703125,88.67594146728516,47.02389907836914,,
2006-02-28,56.06999969482422,87.8333969116211,47.25670623779297,,
2006-03-01,56.099998474121094,88.61426544189453,46.97117233276367,,
2006-03-02,56.7400016784668,88.607421875,46.64411544799805,,
2006-03-03,56.279998779296875,88.1964340209961,46.374183654785156,,
2006-03-06,55.22999954223633,87.7923355102539,45.96923065185547,,
2006-03-07,54.95000076293945,87.65534973144531,46.00039291381836,,
2006-03-08,53.970001220703125,87.84027099609375,45.98480224609375,,
2006-03-09,54.2400016784668,87.2511978149414,46.00039291381836,,
2006-03-10,53.83000183105469,88.07998657226562,45.82903289794922,,
2006-03-13,54.310001373291016,88.24436950683594,45.7927360534668,,
2006-03-14,54.869998931884766,89.16909790039062,46.09904098510742,,
2006-03-15,55.119998931884766,89.56636810302734,45.84981918334961,,
2006-03-16,55.34000015258789,89.75130462646484,46.26512145996094,,
2006-03-17,55.119998931884766,89.82626342773438,46.1249885559082,,
2006-03-20,55.16999816894531,89.68186950683594,46.19765853881836,,
2006-03-21,54.83000183105469,89.11796569824219,45.9588737487793,,
2006-03-22,54.75,89.6612548828125,46.0575065612793,,
2006-03-23,54.70000076293945,89.4755859375,45.91212463378906,,
2006-03-24,55.709999084472656,89.54436492919922,46.24954605102539,,
2006-03-27,56.38999938964844,89.41368865966797,46.0782585144043,,
2006-03-28,56.060001373291016,88.863525390625,45.647377014160156,,
2006-03-29,57.06999969482422,89.42057037353516,45.42933654785156,,
2006-03-30,58.599998474121094,89.26237487792969,45.1126594543457,,
2006-03-31,58.099998474121094,89.28299713134766,45.097068786621094,,
2006-04-03,58.470001220703125,89.2142333984375,45.1117057800293,,
2006-04-04,58.33000183105469,89.78498840332031,45.064823150634766,,
2006-04-05,58.65999984741211,90.09447479248047,45.12732696533203,,
2006-04-06,59.279998779296875,89.9981918334961,44.78339767456055,,
2006-04-07,58.59000015258789,89.08352661132812,44.345645904541016,,
2006-04-10,59.599998474121094,89.2210922241211,44.42902755737305,544.1599731445312,
2006-04-11,59.0099983215332,88.46467590332031,44.585411071777344,545.5999755859375,
2006-04-12,59.43000030517578,88.62970733642578,44.314414978027344,542.719970703125,
2006-04-13,59.5,88.5127944946289,44.00172424316406,550.5599975585938,
2006-04-17,61.09000015258789,88.47843933105469,44.16328430175781,558.3200073242188,
2006-04-18,61.849998474121094,89.88126373291016,44.24147415161133,566.0,
2006-04-19,63.75,90.05320739746094,43.97049331665039,574.7999877929688,
2006-04-20,60.959999084472656,90.1769790649414,43.933998107910156,568.719970703125,
2006-04-21,63.20000076293945,90.19075775146484,44.18935775756836,582.47998046875,
2006-04-24,61.650001525878906,90.02571868896484,44.366493225097656,568.0800170898438,
2006-04-25,62.779998779296875,89.65434265136719,43.84022521972656,565.1199951171875,
2006-04-26,63.650001525878906,89.67500305175781,43.767234802246094,556.3200073242188,
2006-04-27,62.959999084472656,90.10823822021484,43.82453536987305,549.5999755859375,
2006-04-28,65.08999633789062,90.41085052490234,43.85585403442383,556.9600219726562,
2006-05-01,65.16000366210938,89.67500305175781,43.52629089355469,572.0,
2006-05-02,66.55000305175781,90.34896850585938,43.641361236572266,578.719970703125,
2006-05-03,66.45999908447266,90.0119400024414,43.54715347290039,561.760009765625,
2006-05-04,67.4800033569336,90.33516693115234,43.47393798828125,546.5599975585938,
2006-05-05,67.98999786376953,91.1329116821289,43.73548889160156,544.0,
2006-05-08,67.55999755859375,91.02287292480469,43.76166915893555,543.0399780273438,
2006-05-09,69.68000030517578,91.2016372680664,43.73548889160156,547.2000122070312,
2006-05-10,70.37999725341797,91.15351867675781,43.81399154663086,558.1599731445312,
2006-05-11,71.02999877929688,90.05320739746094,43.599525451660156,562.4000244140625,
2006-05-12,71.12000274658203,88.87728881835938,43.23847961425781,552.8800048828125,
2006-05-15,67.41000366210938,89.05606079101562,43.411155700683594,533.0399780273438,
2006-05-16,68.61000061035156,88.92540740966797,43.73548889160156,533.5999755859375,
2006-05-17,68.1500015258789,87.23371124267578,43.46348190307617,525.5999755859375,
2006-05-18,67.45999908447266,86.7935791015625,44.054649353027344,533.9199829101562,
2006-05-19,65.58000183105469,87.40560913085938,44.16971206665039,524.5599975585938,
2006-05-22,65.30000305175781,86.73855590820312,44.26388931274414,530.239990234375,
2006-05-23,66.37999725341797,86.07838439941406,44.23775100708008,542.1599731445312,
2006-05-24,64.05999755859375,86.76605224609375,44.2586669921875,528.7999877929688,
2006-05-25,64.69999694824219,87.83885192871094,44.08601379394531,542.4000244140625,
2006-05-26,65.0999984741211,88.28581237792969,44.054649353027344,542.0,
2006-05-30,65.11000061035156,86.71790313720703,44.0337028503418,546.5599975585938,
2006-05-31,64.2300033569336,87.68756103515625,43.77210235595703,541.8400268554688,
2006-06-01,62.560001373291016,88.52653503417969,43.967498779296875,534.5599975585938,
2006-06-02,63.5,88.71221923828125,44.53480529785156,551.2000122070312,
2006-06-05,63.290000915527344,87.41936492919922,44.476985931396484,549.9199829101562,
2006-06-06,62.54999923706055,87.2061996459961,44.68708801269531,550.0800170898438,
2006-06-07,62.279998779296875,86.55286407470703,44.697628021240234,538.239990234375,
2006-06-08,60.90999984741211,86.4771957397461,44.78689956665039,536.9600219726562,
2006-06-09,60.45000076293945,86.2021255493164,45.02326583862305,544.5599975585938,
2006-06-12,60.029998779296875,85.26687622070312,45.06001281738281,536.6400146484375,
2006-06-13,55.91999816894531,84.27660369873047,45.09152603149414,521.4400024414062,
2006-06-14,55.619998931884766,84.92992401123047,44.639835357666016,526.3200073242188,
2006-06-15,57.31999969482422,86.73165893554688,44.38247299194336,529.280029296875,
2006-06-16,57.68000030517578,86.09964752197266,44.28264236450195,530.0,
2006-06-19,56.36000061035156,85.42276000976562,44.21962356567383,524.3200073242188,
2006-06-20,57.29999923706055,85.71282958984375,44.146080017089844,522.3200073242188,
2006-06-21,58.33000183105469,86.34832000732422,44.15658950805664,530.7999877929688,
2006-06-22,57.72999954223633,85.9684066772461,43.90449905395508,536.0,
2006-06-23,57.9900016784668,85.95459747314453,43.81520080566406,535.1199951171875,
2006-06-26,58.279998779296875,86.33451080322266,43.73116683959961,541.5999755859375,
2006-06-27,57.68000030517578,85.58851623535156,43.946529388427734,544.6400146484375,
2006-06-28,57.540000915527344,86.16869354248047,43.71540069580078,546.47998046875,
2006-06-29,59.52000045776367,87.90934753417969,43.862491607666016,556.0800170898438,
2006-06-30,61.22999954223633,87.916259765625,44.287899017333984,558.1599731445312,
2006-07-03,62.18000030517578,88.27546691894531,44.24412155151367,559.4400024414062,
2006-07-05,62.5,87.77124786376953,43.89088439941406,568.0,
2006-07-06,63.02000045776367,88.02679443359375,44.15980529785156,566.1599731445312,
2006-07-07,62.630001068115234,87.45347595214844,44.44451141357422,558.7999877929688,
2006-07-10,62.02000045776367,87.6192398071289,44.48670959472656,556.47998046875,
2006-07-11,63.810001373291016,88.00607299804688,44.629093170166016,560.6400146484375,
2006-07-12,64.91999816894531,87.06668090820312,44.63960647583008,569.1199951171875,
2006-07-13,65.55000305175781,85.65068817138672,44.813629150390625,586.0,
2006-07-14,65.8499984741211,85.3191146850586,44.83995056152344,585.760009765625,
2006-07-17,63.95000076293945,85.1948013305664,44.90850830078125,573.2000122070312,
2006-07-18,62.900001525878906,85.62995910644531,44.52359390258789,566.0,
2006-07-19,64.02999877929688,86.8179931640625,44.9454345703125,558.7999877929688,
2006-07-20,62.540000915527344,86.22399139404297,45.077274322509766,552.7999877929688,
2006-07-21,61.709999084472656,85.61613464355469,44.992897033691406,556.1599731445312,
2006-07-24,61.13999938964844,87.17717742919922,44.96648406982422,561.3599853515625,
2006-07-25,61.54999923706055,87.48799133300781,44.83470153808594,552.0,
2006-07-26,62.0,87.60543060302734,44.9981689453125,553.3599853515625,
2006-07-27,62.900001525878906,87.52253723144531,44.929630279541016,557.4400024414062,
2006-07-28,63.11000061035156,88.39981079101562,45.187950134277344,548.0,
2006-07-31,63.15999984741211,88.30999755859375,45.245994567871094,556.1599731445312,
2006-08-01,64.31999969482422,87.87486267089844,45.241756439208984,561.2000122070312,
2006-08-02,64.75,88.46888732910156,45.411155700683594,568.9600219726562,
2006-08-03,64.12000274658203,88.70368957519531,45.4217414855957,564.47998046875,
2006-08-04,64.27999877929688,88.55172729492188,45.6970100402832,558.47998046875,
2006-08-07,64.5,88.34449768066406,45.72347640991211,576.0,
2006-08-08,63.970001220703125,88.00607299804688,45.622867584228516,570.4000244140625,
2006-08-09,64.62999725341797,87.70905303955078,45.47467803955078,569.3599853515625,
2006-08-10,63.25,87.97843170166016,45.405845642089844,556.7999877929688,
2006-08-11,62.709999084472656,87.72979736328125,45.20997619628906,557.8400268554688,
2006-08-14,62.25,87.7988510131836,45.13056564331055,548.719970703125,
2006-08-15,62.0099983215332,88.84876251220703,45.51171875,545.6799926757812,
2006-08-16,62.4900016784668,89.58780670166016,45.818756103515625,536.7999877929688,
2006-08-17,61.029998779296875,89.81578063964844,45.80291748046875,528.4000244140625,
2006-08-18,61.040000915527344,90.27168273925781,45.935237884521484,529.4400024414062,
2006-08-21,62.439998626708984,89.88483428955078,46.099365234375,539.3599853515625,
2006-08-22,62.04999923706055,89.8779296875,46.115257263183594,536.4000244140625,
2006-08-23,61.83000183105469,89.6292724609375,46.136417388916016,528.0,
2006-08-24,61.75,89.55332946777344,46.22112274169922,534.0,
2006-08-25,61.77000045776367,89.663818359375,46.28996276855469,532.4000244140625,
2006-08-28,61.0,90.09207153320312,46.33224868774414,519.0399780273438,
2006-08-29,60.939998626708984,90.1957015991211,46.395790100097656,513.52001953125,
2006-08-30,61.41999816894531,90.2509765625,46.5175895690918,518.7999877929688,
2006-08-31,62.290000915527344,90.23715209960938,46.628753662109375,518.4000244140625,
2006-09-01,62.13999938964844,90.77589416503906,46.64468765258789,510.0,
2006-09-05,63.36000061035156,90.94857025146484,46.35237121582031,506.4800109863281,
2006-09-06,62.86000061035156,90.14733123779297,46.2885856628418,497.6000061035156,
2006-09-07,61.25,89.73289489746094,46.37895202636719,495.1199951171875,
2006-09-08,60.63999938964844,89.98846435546875,46.41612243652344,487.20001220703125,
2006-09-11,58.5,90.0782699584961,46.373619079589844,480.239990234375,
2006-09-12,58.31999969482422,90.9623794555664,46.607479095458984,470.0799865722656,
2006-09-13,58.619998931884766,91.32847595214844,46.628746032714844,472.0,
2006-09-14,57.189998626708984,91.33533477783203,46.52244567871094,465.20001220703125,
2006-09-15,57.400001525878906,91.54977416992188,46.485267639160156,464.32000732421875,
2006-09-18,58.22999954223633,91.67463684082031,46.41088104248047,466.55999755859375,
2006-09-19,56.91999816894531,91.44569396972656,46.93169021606445,450.0,
2006-09-20,57.2599983215332,91.93132781982422,47.00078582763672,440.3999938964844,
2006-09-21,57.95000076293945,91.48729705810547,47.43136215209961,447.1199951171875,
2006-09-22,58.5,91.20983123779297,47.66517639160156,437.1199951171875,
2006-09-25,58.5,91.91053009033203,48.000038146972656,445.3599853515625,
2006-09-26,58.7400016784668,92.67366790771484,47.79802703857422,443.3599853515625,
2006-09-27,59.810001373291016,92.78466033935547,47.65987777709961,457.2799987792969,
2006-09-28,59.790000915527344,92.74996948242188,47.58012771606445,453.20001220703125,
2006-09-29,59.470001220703125,92.67366790771484,47.52167510986328,456.0,
2006-10-02,59.150001525878906,92.32677459716797,47.65188980102539,442.4800109863281,
2006-10-03,57.11000061035156,92.52104187011719,47.58787536621094,425.9200134277344,
2006-10-04,56.369998931884766,93.60331726074219,47.93470001220703,432.32000732421875,
2006-10-05,56.91999816894531,93.78372192382812,47.598541259765625,436.7200012207031,
2006-10-06,56.9900016784668,93.66574096679688,47.10224914550781,434.79998779296875,
2006-10-09,57.20000076293945,93.72125244140625,47.23033142089844,436.79998779296875,
2006-10-10,57.0,93.84613800048828,46.856773376464844,429.3599853515625,
2006-10-11,56.880001068115234,93.73514556884766,46.71806716918945,421.20001220703125,
2006-10-12,57.4900016784668,94.5468521118164,46.744789123535156,427.44000244140625,
2006-10-13,58.56999969482422,94.78970336914062,46.50991439819336,429.20001220703125,
2006-10-16,59.16999816894531,94.93534088134766,46.71806716918945,437.760009765625,
2006-10-17,58.650001525878906,94.63703918457031,46.75539779663086,431.9200134277344,
2006-10-18,58.59000015258789,94.76192474365234,46.85142517089844,422.79998779296875,
2006-10-19,59.40999984741211,94.91454315185547,46.76602554321289,431.20001220703125,
2006-10-20,58.779998779296875,94.93534088134766,46.71806716918945,422.0,
2006-10-23,57.7599983215332,95.3724594116211,46.53125762939453,418.9599914550781,
2006-10-24,58.16999816894531,95.65690612792969,46.53125762939453,422.7200012207031,
2006-10-25,58.7599983215332,95.98294830322266,46.89948272705078,437.6000061035156,
2006-10-26,59.290000915527344,96.28128814697266,47.20365905761719,429.20001220703125,
2006-10-27,59.400001525878906,95.67774200439453,47.422428131103516,432.0,
2006-10-30,59.900001525878906,95.60832977294922,47.55582046508789,415.8399963378906,
2006-10-31,60.2400016784668,95.59442901611328,47.92401123046875,416.79998779296875,
2006-11-01,61.36000061035156,94.9492416381836,48.18916702270508,416.9599914550781,
2006-11-02,61.91999816894531,94.89376831054688,47.99100875854492,412.0,
2006-11-03,62.29999923706055,94.72721099853516,47.42316436767578,421.44000244140625,
2006-11-06,61.88999938964844,95.79561614990234,47.56243896484375,427.6000061035156,
2006-11-07,62.040000915527344,96.16332244873047,47.782047271728516,420.79998779296875,
2006-11-08,61.11000061035156,96.3714828491211,47.953487396240234,427.20001220703125,
2006-11-09,62.95000076293945,95.86502075195312,47.92670440673828,436.0,
2006-11-10,62.4900016784668,95.9066390991211,48.13562774658203,426.3999938964844,
2006-11-13,62.189998626708984,96.14250183105469,48.12489700317383,418.79998779296875,
2006-11-14,61.630001068115234,96.86402130126953,48.31239318847656,417.1199951171875,
2006-11-15,61.84000015258789,97.14156341552734,48.13026428222656,420.0,
2006-11-16,61.310001373291016,97.39130401611328,47.910640716552734,404.7200012207031,
2006-11-17,61.779998779296875,97.41905975341797,48.18382263183594,407.5199890136719,
2006-11-20,61.77000045776367,97.47456359863281,48.25883483886719,407.760009765625,
2006-11-21,62.27000045776367,97.5716552734375,48.376651763916016,415.8399963378906,
2006-11-22,62.5,97.76595306396484,48.45703887939453,410.4800109863281,
2006-11-24,63.5,97.37049865722656,48.54274368286133,414.3999938964844,
2006-11-27,63.70000076293945,96.03150177001953,48.719478607177734,418.3999938964844,
2006-11-28,63.56999969482422,96.44779205322266,48.82126998901367,421.67999267578125,
2006-11-29,63.15999984741211,97.45372009277344,48.70876693725586,433.1199951171875,
2006-11-30,64.38999938964844,97.4953384399414,49.03017807006836,436.6400146484375,
2006-12-01,64.12000274658203,97.28031158447266,49.1549072265625,440.3999938964844,
2006-12-04,64.12000274658203,98.02262878417969,49.240970611572266,433.6000061035156,
2006-12-05,63.810001373291016,98.44584655761719,49.009765625,434.3999938964844,
2006-12-06,62.689998626708984,98.3625717163086,48.91297912597656,431.1199951171875,
2006-12-07,62.72999954223633,97.93241882324219,48.87532043457031,430.8800048828125,
2006-12-08,62.04999923706055,98.11277770996094,48.520450592041016,428.6400146484375,
2006-12-11,62.56999969482422,98.39725494384766,48.73015213012695,424.0,
2006-12-12,62.52000045776367,98.32093048095703,48.83229446411133,420.3999938964844,
2006-12-13,62.47999954223633,98.42501068115234,48.39680480957031,423.0400085449219,
2006-12-14,62.119998931884766,99.29222869873047,48.21937561035156,429.8399963378906,
2006-12-15,61.0,99.30134582519531,48.246212005615234,434.3999938964844,
2006-12-18,61.040000915527344,99.02923583984375,48.26240539550781,425.2799987792969,
2006-12-19,61.79999923706055,99.21757507324219,48.19786071777344,432.0,
2006-12-20,61.619998931884766,99.16178894042969,48.192474365234375,432.3999938964844,
2006-12-21,61.380001068115234,98.79899597167969,48.4344596862793,426.7200012207031,
2006-12-22,61.650001525878906,98.19205474853516,48.06344223022461,423.3599853515625,
2006-12-26,61.97999954223633,98.7710952758789,48.208648681640625,413.1199951171875,
2006-12-27,62.220001220703125,99.419921875,47.85414123535156,410.79998779296875,
2006-12-28,62.900001525878906,99.2105484008789,47.746253967285156,410.3999938964844,
2006-12-29,63.209999084472656,98.79899597167969,47.70848083496094,412.79998779296875,
2007-01-03,62.279998779296875,98.62457275390625,48.04835510253906,395.20001220703125,
2007-01-04,61.650001525878906,98.83390808105469,48.33970642089844,379.1199951171875,
2007-01-05,60.16999816894531,98.04554748535156,48.12929916381836,382.6400146484375,
2007-01-08,60.47999954223633,98.49900817871094,48.21564483642578,379.9200134277344,
2007-01-09,60.849998474121094,98.41532897949219,48.21564483642578,378.3999938964844,
2007-01-10,60.59000015258789,98.74317169189453,47.999839782714844,362.8800048828125,
2007-01-11,60.630001068115234,99.17573547363281,47.71925735473633,354.7200012207031,
2007-01-12,62.16999816894531,99.92913818359375,47.49810028076172,357.0400085449219,
2007-01-16,61.970001220703125,99.73383331298828,47.6005859375,346.7200012207031,
2007-01-17,62.63999938964844,99.77571105957031,47.45492172241211,353.760009765625,
2007-01-18,62.2599983215332,99.44084167480469,47.6005859375,345.8399963378906,
2007-01-19,63.0,99.63619995117188,47.47110366821289,355.44000244140625,
2007-01-22,62.720001220703125,99.3292007446289,47.58439254760742,350.7200012207031,
2007-01-23,64.2300033569336,99.6221923828125,47.27150344848633,365.20001220703125,
2007-01-24,64.33000183105469,100.42449951171875,47.266090393066406,368.79998779296875,
2007-01-25,64.05999755859375,99.2455062866211,46.926204681396484,362.1600036621094,
2007-01-26,64.16999816894531,99.15480041503906,46.8884391784668,370.239990234375,
2007-01-29,63.77000045776367,99.09894561767578,46.78594207763672,359.760009765625,
2007-01-30,64.22000122070312,99.6152114868164,46.83988952636719,378.8800048828125,
2007-01-31,64.83000183105469,100.2849349975586,47.23368835449219,385.9200134277344,
2007-02-01,65.22000122070312,100.88491821289062,47.176849365234375,382.7200012207031,
2007-02-02,64.27999877929688,101.02447509765625,47.23640441894531,394.7200012207031,
2007-02-05,64.30999755859375,101.05238342285156,47.301456451416016,392.79998779296875,
2007-02-06,64.79000091552734,101.08026885986328,47.56145095825195,393.67999267578125,
2007-02-07,64.62999725341797,101.30349731445312,47.702266693115234,386.0,
2007-02-08,65.5199966430664,101.17097473144531,47.74021530151367,398.0,
2007-02-09,66.12000274658203,100.41747283935547,47.46937561035156,399.9200134277344,
2007-02-12,65.66999816894531,100.07564544677734,47.36102294921875,386.9599914550781,
2007-02-13,65.83999633789062,100.91980743408203,47.25806427001953,394.8800048828125,
2007-02-14,66.37000274658203,101.58258056640625,47.707706451416016,387.6000061035156,
2007-02-15,66.41000366210938,101.715087890625,47.848575592041016,386.79998779296875,
2007-02-16,66.36000061035156,101.66626739501953,48.016448974609375,394.79998779296875,
2007-02-20,65.30999755859375,101.88253784179688,48.124820709228516,389.3599853515625,
2007-02-21,67.3499984741211,101.8406753540039,48.04359817504883,398.8800048828125,
2007-02-22,67.1500015258789,101.76393127441406,47.783565521240234,402.6400146484375,
2007-02-23,67.72000122070312,101.36634063720703,48.124820709228516,403.67999267578125,
2007-02-26,68.0999984741211,101.27559661865234,48.4444580078125,407.20001220703125,
2007-02-27,65.41000366210938,97.31999969482422,49.05657958984375,399.6000061035156,
2007-02-28,66.4800033569336,98.31761169433594,48.83448791503906,409.44000244140625,
2007-03-01,65.81999969482422,98.02464294433594,48.8034782409668,409.9200134277344,20.549209594726562
2007-03-02,63.709999084472656,96.74100494384766,49.04811477661133,408.0799865722656,20.54098129272461
2007-03-05,62.93000030517578,95.82011413574219,49.129669189453125,396.9599914550781,20.672653198242188
2007-03-06,64.1500015258789,97.45954895019531,48.98289489746094,402.55999755859375,20.65619468688965
2007-03-07,64.30000305175781,97.36186218261719,49.173213958740234,410.32000732421875,20.573898315429688
2007-03-08,64.4800033569336,98.18510437011719,49.129669189453125,410.32000732421875,20.672653198242188
2007-03-09,64.25,98.21297454833984,48.613121032714844,400.8800048828125,20.7055721282959
2007-03-12,64.37000274658203,98.3594970703125,48.8034782409668,394.79998779296875,20.63973617553711
2007-03-13,63.720001220703125,96.44796752929688,49.09711456298828,391.5199890136719,20.590356826782227
2007-03-14,63.939998626708984,97.16654968261719,48.8741569519043,393.1199951171875,20.54098129272461
2007-03-15,63.97999954223633,97.2990493774414,48.86870193481445,389.3599853515625,20.54098129272461
2007-03-16,64.62000274658203,97.02662658691406,48.857818603515625,387.3599853515625,20.466915130615234
2007-03-19,64.73999786376953,98.19627380371094,48.75450134277344,389.6000061035156,20.573898315429688
2007-03-20,65.2699966430664,98.73562622070312,48.78168487548828,387.67999267578125,20.450454711914062
2007-03-21,65.81999969482422,100.36055755615234,48.8034782409668,390.3999938964844,20.392847061157227
2007-03-22,65.76000213623047,100.28348541259766,48.41737747192383,401.44000244140625,20.392847061157227
2007-03-23,65.1500015258789,100.43057250976562,48.28145217895508,404.55999755859375,20.516292572021484
2007-03-26,65.83999633789062,100.29751586914062,48.341251373291016,409.3599853515625,20.450454711914062
2007-03-27,65.69999694824219,100.0593490600586,48.25967788696289,409.6000061035156,20.442224502563477
2007-03-28,66.05000305175781,99.33094024658203,48.161773681640625,416.0,20.442224502563477
2007-03-29,65.6500015258789,99.43603515625,48.09657669067383,428.9599914550781,20.466915130615234
2007-03-30,65.73999786376953,99.45703887939453,48.00409698486328,426.79998779296875,20.401081085205078
2007-04-02,65.8499984741211,99.56907653808594,48.08381271362305,428.4800109863281,20.450454711914062
2007-04-03,65.83000183105469,100.64065551757812,48.02375793457031,419.67999267578125,20.475141525268555
2007-04-04,66.80999755859375,100.75274658203125,48.07288360595703,418.6400146484375,20.450454711914062
2007-04-05,66.86000061035156,101.02593994140625,47.89277648925781,416.0799865722656,20.384620666503906
2007-04-09,66.52999877929688,101.166015625,47.576194763183594,402.79998779296875,20.516292572021484
2007-04-10,67.16000366210938,101.28507232666016,47.718116760253906,404.8800048828125,20.450454711914062
2007-04-11,67.08000183105469,100.87183380126953,47.68535232543945,403.67999267578125,20.450454711914062
2007-04-12,66.98999786376953,101.32010650634766,47.69623947143555,413.20001220703125,20.32701301574707
2007-04-13,67.83999633789062,101.7823715209961,47.548919677734375,412.1600036621094,20.318782806396484
2007-04-16,68.4000015258789,102.74890899658203,47.8109130859375,409.6000061035156,20.23649024963379
2007-04-17,68.0,103.02202606201172,48.07831573486328,402.32000732421875,20.22825813293457
2007-04-18,68.37999725341797,103.14816284179688,48.31850051879883,401.1199951171875,20.203567504882812
2007-04-19,67.52999877929688,103.1201171875,48.23662185668945,393.760009765625,20.203567504882812
2007-04-20,68.69999694824219,104.09370422363281,48.11106491088867,400.3999938964844,20.12950325012207
2007-04-23,68.26000213623047,103.70144653320312,48.285762786865234,409.760009765625,20.23649024963379
2007-04-24,67.7300033569336,103.74346160888672,48.465816497802734,403.1199951171875,20.2117977142334
2007-04-25,67.88999938964844,104.69599151611328,48.29661560058594,410.55999755859375,20.17888069152832
2007-04-26,66.87000274658203,104.81510162353516,47.94734191894531,407.5199890136719,20.26117706298828
2007-04-27,67.55999755859375,104.73104095458984,47.93642044067383,414.7200012207031,20.19533920288086
2007-04-30,67.08999633789062,103.8625259399414,48.43857955932617,409.9200134277344,20.154191970825195
2007-05-01,66.69000244140625,104.12873840332031,48.47364044189453,402.8800048828125,20.277633666992188
2007-05-02,66.66000366210938,104.73804473876953,48.44624328613281,396.7200012207031,20.29409408569336
2007-05-03,67.48999786376953,105.30538177490234,48.336666107177734,394.239990234375,20.318782806396484
2007-05-04,68.19000244140625,105.7046127319336,48.53390121459961,386.3999938964844,20.244714736938477
2007-05-07,68.25,105.72557830810547,48.665340423583984,384.4800109863281,20.29409408569336
2007-05-08,67.87999725341797,105.58548736572266,48.55582046508789,389.1199951171875,20.351701736450195
2007-05-09,67.44999694824219,105.8726577758789,48.36404037475586,384.0799865722656,20.37639045715332
2007-05-10,66.0,104.76607513427734,48.47909164428711,385.20001220703125,20.401081085205078
2007-05-11,66.44999694824219,105.66255950927734,48.309268951416016,388.55999755859375,20.41753578186035
2007-05-14,66.27999877929688,105.43148040771484,48.18328857421875,388.4800109863281,20.401081085205078
2007-05-15,66.54000091552734,105.45941925048828,48.1668586730957,391.9200134277344,20.33523941040039
2007-05-16,65.5999984741211,106.18087768554688,48.13398361206055,388.239990234375,20.425765991210938
2007-05-17,65.05999755859375,105.97074127197266,47.936798095703125,401.2799987792969,20.475141525268555
2007-05-18,65.5199966430664,106.89530181884766,47.619049072265625,400.79998779296875,20.433996200561523
2007-05-21,65.66999816894531,106.83924865722656,47.76150131225586,406.55999755859375,20.49160385131836
2007-05-22,65.19999694824219,106.75518035888672,47.5150032043457,399.3599853515625,20.49983024597168
2007-05-23,65.54000091552734,106.76921844482422,47.37803649902344,401.3599853515625,20.483373641967773
2007-05-24,64.75,105.80268096923828,47.421836853027344,391.44000244140625,20.516292572021484
2007-05-25,64.94000244140625,106.24390411376953,47.31233215332031,396.0,20.49983024597168
2007-05-29,65.06999969482422,106.629150390625,47.306819915771484,387.20001220703125,20.508060455322266
2007-05-30,64.72000122070312,107.4975814819336,47.405418395996094,385.67999267578125,20.54098129272461
2007-05-31,65.54000091552734,107.38557434082031,47.31779098510742,391.67999267578125,20.508060455322266
2007-06-01,66.44000244140625,107.91786193847656,47.069217681884766,395.67999267578125,20.516292572021484
2007-06-04,66.54000091552734,107.93191528320312,47.2836799621582,402.79998779296875,20.433996200561523
2007-06-05,66.37000274658203,107.5046157836914,46.986717224121094,400.1600036621094,20.37639045715332
2007-06-06,66.41000366210938,106.3489990234375,46.96469497680664,402.4800109863281,20.4093074798584
2007-06-07,65.26000213623047,104.42984008789062,46.1232795715332,405.20001220703125,20.54098129272461
2007-06-08,64.22000122070312,105.78865051269531,46.08480453491211,392.4800109863281,20.6068172454834
2007-06-11,64.69999694824219,105.97074127197266,45.95284652709961,398.7200012207031,20.65619468688965
2007-06-12,64.0999984741211,104.81510162353516,45.28739547729492,396.4800109863281,20.697341918945312
2007-06-13,64.52999877929688,106.38401794433594,45.82634735107422,400.7200012207031,20.73849105834961
2007-06-14,64.5999984741211,107.06343078613281,45.71087646484375,408.79998779296875,20.763179779052734
2007-06-15,64.8499984741211,107.6725845336914,46.02434539794922,412.239990234375,20.647964477539062
2007-06-18,64.94999694824219,107.5458984375,45.930850982666016,417.1199951171875,20.623273849487305
2007-06-19,65.4800033569336,107.81322479248047,46.35981369018555,416.9599914550781,20.63150405883789
2007-06-20,64.70999908447266,106.31494903564453,45.98581314086914,412.3999938964844,19.84969711303711
2007-06-21,64.55999755859375,106.90576934814453,45.76584243774414,412.79998779296875,20.65619468688965
2007-06-22,64.77999877929688,105.89994049072266,46.06284713745117,415.1199951171875,20.53274917602539
2007-06-25,64.43000030517578,105.39344024658203,46.31580352783203,415.67999267578125,20.598587036132812
2007-06-26,63.619998931884766,104.31016540527344,46.32682800292969,408.9599914550781,20.5656681060791
2007-06-27,63.66999816894531,105.79443359375,46.370784759521484,415.0400085449219,20.598587036132812
2007-06-28,64.26000213623047,105.78035736083984,46.35981369018555,419.760009765625,20.598587036132812
2007-06-29,64.2699966430664,105.81552124023438,46.838218688964844,424.0,20.475141525268555
2007-07-02,65.0199966430664,106.77213287353516,47.08442687988281,428.239990234375,20.3681583404541
2007-07-03,64.73999786376953,107.15902709960938,46.79738235473633,428.32000732421875,20.33523941040039
2007-07-05,64.41999816894531,107.04649353027344,46.27294921875,433.20001220703125,20.433996200561523
2007-07-06,64.95999908447266,107.6092529296875,46.085269927978516,437.44000244140625,20.392847061157227
2007-07-09,65.37999725341797,107.69366455078125,46.250850677490234,434.79998779296875,20.401081085205078
2007-07-10,65.61000061035156,106.16016387939453,47.0347785949707,437.760009765625,20.26117706298828
2007-07-11,65.44000244140625,106.9128646850586,46.5489501953125,437.2799987792969,20.23649024963379
2007-07-12,66.0199966430664,108.60108184814453,46.38889694213867,437.9200134277344,20.203567504882812
2007-07-13,66.02999877929688,108.92462921142578,46.51584243774414,444.32000732421875,20.220027923583984
2007-07-16,65.81999969482422,108.91057586669922,46.96304702758789,446.0799865722656,20.2117977142334
2007-07-17,65.75,108.85429382324219,46.8636589050293,445.1199951171875,20.2117977142334
2007-07-18,66.62000274658203,108.6573257446289,47.0402946472168,452.6400146484375,20.19533920288086
2007-07-19,67.01000213623047,109.07939147949219,47.029239654541016,456.6400146484375,20.187108993530273
2007-07-20,67.58000183105469,107.97501373291016,47.45432662963867,456.0,20.154191970825195
2007-07-23,67.47000122070312,108.30561828613281,47.37702941894531,451.0400085449219,20.19533920288086
2007-07-24,67.47000122070312,106.42747497558594,47.55369567871094,441.2799987792969,20.038976669311523
2007-07-25,66.9000015258789,106.64553833007812,47.64754104614258,459.5199890136719,20.2117977142334
2007-07-26,65.6500015258789,104.12025451660156,48.044979095458984,449.760009765625,20.121273040771484
2007-07-27,65.41000366210938,102.07331848144531,48.18306350708008,461.9200134277344,20.285865783691406
2007-07-30,65.7699966430664,103.67008972167969,48.044979095458984,460.0,20.318782806396484
2007-07-31,65.79000091552734,102.50241088867188,48.392799377441406,468.239990234375,20.285865783691406
2007-08-01,65.93000030517578,103.0018539428711,48.288082122802734,462.0799865722656,20.29409408569336
2007-08-02,65.88999938964844,103.82482147216797,48.40999221801758,461.6000061035156,20.32701301574707
2007-08-03,66.69000244140625,101.15182495117188,48.73142623901367,451.5199890136719,20.137731552124023
2007-08-06,66.5199966430664,102.84707641601562,48.37674331665039,433.6000061035156,20.17888069152832
2007-08-07,66.4800033569336,103.94445037841797,48.33795928955078,434.8800048828125,20.23649024963379
2007-08-08,66.7699966430664,105.39344024658203,47.75048828125,434.1600036621094,20.17888069152832
2007-08-09,65.45999908447266,102.27023315429688,47.816986083984375,430.239990234375,20.33523941040039
2007-08-10,66.56999969482422,101.7919921875,47.70616149902344,429.1199951171875,20.351701736450195
2007-08-13,66.26000213623047,102.15772247314453,47.844722747802734,430.79998779296875,20.4093074798584
2007-08-14,66.29000091552734,100.59612274169922,47.972198486328125,433.8399963378906,20.54098129272461
2007-08-15,66.12999725341797,99.21038818359375,47.800384521484375,441.0400085449219,20.63150405883789
2007-08-16,64.68000030517578,99.9560317993164,48.293582916259766,428.6400146484375,20.573898315429688
2007-08-17,65.01000213623047,101.7919921875,48.099666595458984,432.239990234375,20.516292572021484
2007-08-20,65.12000274658203,101.74271392822266,48.12737274169922,428.32000732421875,20.5656681060791
2007-08-21,65.06999969482422,101.94672393798828,48.36012268066406,419.44000244140625,20.573898315429688
2007-08-22,65.4000015258789,103.15658569335938,48.28253936767578,418.79998779296875,20.516292572021484
2007-08-23,65.30999755859375,103.06510162353516,48.44879913330078,421.20001220703125,20.483373641967773
2007-08-24,66.11000061035156,104.3383560180664,48.68708419799805,429.1199951171875,20.392847061157227
2007-08-27,65.9800033569336,103.36761474609375,48.9420166015625,434.6400146484375,20.37639045715332
2007-08-28,65.58999633789062,101.09559631347656,49.025150299072266,432.239990234375,20.37639045715332
2007-08-29,66.06999969482422,103.0792007446289,48.89214324951172,444.3999938964844,20.359928131103516
2007-08-30,65.80000305175781,102.80490112304688,49.21912384033203,444.0,20.450454711914062
2007-08-31,66.5199966430664,103.81781768798828,49.2579345703125,446.239990234375,20.401081085205078
2007-09-04,67.44000244140625,104.86585998535156,49.28128433227539,454.0,20.433996200561523
2007-09-05,67.55999755859375,103.95848846435547,49.6764030456543,458.0799865722656,20.359928131103516
2007-09-06,68.86000061035156,104.19763946533203,49.548404693603516,461.0400085449219,20.302322387695312
2007-09-07,69.38999938964844,102.74862670898438,50.24958419799805,462.0799865722656,20.187108993530273
2007-09-10,69.62000274658203,102.55165100097656,50.63913345336914,470.32000732421875,20.16242218017578
2007-09-11,70.5199966430664,103.74749755859375,50.60015869140625,471.67999267578125,20.187108993530273
2007-09-12,70.45999908447266,104.01475524902344,50.410953521728516,480.0,20.08835220336914
2007-09-13,70.08000183105469,104.74629974365234,49.96016311645508,481.3599853515625,20.145959854125977
2007-09-14,69.98999786376953,104.7392807006836,50.03251647949219,478.32000732421875,20.19533920288086
2007-09-17,70.97000122070312,104.17658996582031,50.271820068359375,485.3599853515625,20.17888069152832
2007-09-18,71.69999694824219,107.24339294433594,49.89341354370117,496.3999938964844,20.11304473876953
2007-09-19,71.43000030517578,107.87651824951172,49.43154525756836,494.55999755859375,20.104816436767578
2007-09-20,72.72000122070312,107.11682891845703,48.49668502807617,501.20001220703125,19.956680297851562
2007-09-21,72.33999633789062,107.40587615966797,48.90843963623047,497.1199951171875,19.96491050720215
2007-09-24,72.27999877929688,107.20800018310547,49.0475959777832,494.55999755859375,19.956680297851562
2007-09-25,72.33000183105469,106.99597930908203,48.875083923339844,488.55999755859375,19.907304763793945
2007-09-26,72.0,107.5613784790039,48.91965103149414,493.6000061035156,19.9731388092041
2007-09-27,72.69999694824219,108.19752502441406,49.25906753540039,507.5199890136719,19.940221786499023
2007-09-28,73.51000213623047,107.83707427978516,49.37031555175781,500.3999938964844,19.792085647583008
2007-10-01,73.9000015258789,109.05266571044922,49.65244674682617,492.7200012207031,19.8167781829834
2007-10-02,72.3499984741211,108.9042739868164,49.808868408203125,493.0400085449219,19.940221786499023
2007-10-03,71.9000015258789,108.68514251708984,49.663597106933594,490.32000732421875,19.99782943725586
2007-10-04,72.87000274658203,108.85480499267578,49.85355758666992,500.8800048828125,19.9731388092041
2007-10-05,73.4000015258789,110.14814758300781,49.317256927490234,498.239990234375,19.940221786499023
2007-10-08,72.52999877929688,109.5615234375,49.278175354003906,486.0799865722656,20.063663482666016
2007-10-09,73.08999633789062,110.59337615966797,49.21669387817383,491.20001220703125,19.989599227905273
2007-10-10,73.36000061035156,110.4096450805664,49.24465560913086,499.20001220703125,19.931991577148438
2007-10-11,73.91000366210938,109.8795394897461,49.194366455078125,508.7200012207031,19.948450088500977
2007-10-12,74.58999633789062,110.48737335205078,48.95417022705078,512.0,19.9155330657959
2007-10-15,75.13999938964844,109.55445098876953,48.96531677246094,527.1199951171875,19.890844345092773
2007-10-16,75.12000274658203,108.68514251708984,48.98213195800781,535.8400268554688,19.9155330657959
2007-10-17,74.5,109.01734161376953,49.51838302612305,533.0399780273438,19.907304763793945
2007-10-18,76.0,108.62155151367188,49.79207992553711,545.3599853515625,19.78386116027832
2007-10-19,75.69999694824219,105.78034210205078,50.53510284423828,537.1199951171875,19.742713928222656
2007-10-22,74.5999984741211,106.39524841308594,50.54071044921875,532.3200073242188,19.907304763793945
2007-10-23,75.2300033569336,107.2574691772461,50.47364807128906,526.6400146484375,19.78386116027832
2007-10-24,75.5199966430664,107.05958557128906,50.847957611083984,543.8400268554688,19.750944137573242
2007-10-25,76.02999877929688,107.31405639648438,50.67483139038086,560.9600219726562,19.709794998168945
2007-10-26,77.69000244140625,108.57205963134766,50.557456970214844,569.3599853515625,19.627498626708984
2007-10-29,78.12000274658203,108.93257141113281,50.75300598144531,580.0,19.594581604003906
2007-10-30,77.3499984741211,108.1762924194336,50.72507858276367,556.3200073242188,19.635730743408203
2007-10-31,78.62000274658203,109.30001068115234,50.26699447631836,586.1599731445312,19.545202255249023
2007-11-01,77.93000030517578,106.74153900146484,50.92011260986328,577.3599853515625,19.611040115356445
2007-11-02,79.83000183105469,106.86168670654297,51.08287048339844,594.7999877929688,19.4217586517334
2007-11-05,79.75,106.04895782470703,51.06035232543945,588.3200073242188,19.52051544189453
2007-11-06,81.43000030517578,107.47659301757812,50.81354522705078,602.719970703125,19.45467758178711
2007-11-07,82.23999786376953,104.53646087646484,50.90325164794922,595.8400268554688,19.355924606323242
2007-11-08,82.2300033569336,104.00640869140625,50.81354522705078,592.6400146484375,19.339466094970703
2007-11-09,82.18000030517578,102.57880401611328,51.2454948425293,598.1599731445312,19.339466094970703
2007-11-12,78.30000305175781,101.5610122680664,51.43071746826172,582.1599731445312,19.52051544189453
2007-11-13,79.12000274658203,104.6566390991211,51.23989486694336,567.4400024414062,19.446447372436523
2007-11-14,80.27999877929688,104.36688995361328,51.295997619628906,580.7999877929688,19.45467758178711
2007-11-15,77.94999694824219,102.86145782470703,51.778568267822266,578.4000244140625,19.504056930541992
2007-11-16,77.75,103.03815460205078,51.851505279541016,591.2000122070312,19.479368209838867
2007-11-19,77.23999786376953,101.60342407226562,52.1882209777832,595.9199829101562,19.4217586517334
2007-11-20,79.47000122070312,102.22538757324219,52.132080078125,618.719970703125,19.24070930480957
2007-11-21,79.36000061035156,100.13337707519531,52.43507385253906,611.52001953125,19.141956329345703
2007-11-23,81.25,101.8649673461914,52.59221267700195,614.0800170898438,19.281856536865234
2007-11-26,81.30000305175781,99.61741638183594,53.63023376464844,610.0,19.183101654052734
2007-11-27,80.0999984741211,100.76237487792969,53.11958694458008,594.4000244140625,19.29008674621582
2007-11-28,79.56999969482422,103.98517608642578,52.76051330566406,574.4000244140625,19.347692489624023
2007-11-29,78.27999877929688,104.02054595947266,53.215003967285156,573.1199951171875,19.45467758178711
2007-11-30,77.31999969482422,105.06658172607422,52.95692443847656,559.280029296875,19.60280990600586
2007-12-03,78.27999877929688,104.37390899658203,53.37712860107422,565.5999755859375,19.561662673950195
2007-12-04,79.4000015258789,103.44103240966797,53.371559143066406,555.2000122070312,19.4217586517334
2007-12-05,78.62999725341797,105.17253875732422,52.734928131103516,549.52001953125,19.660417556762695
2007-12-06,79.37000274658203,106.67792510986328,52.27298355102539,568.1599731445312,19.652185440063477
2007-12-07,78.5999984741211,106.65677642822266,51.68709945678711,555.4400024414062,19.68510627746582
2007-12-10,80.0,107.4836654663086,51.37728500366211,554.8800048828125,19.545202255249023
2007-12-11,78.83999633789062,104.53646087646484,52.38566589355469,562.0800170898438,19.504056930541992
2007-12-12,80.48999786376953,105.568359375,51.8448600769043,591.2000122070312,19.578123092651367
2007-12-13,78.5,105.3492202758789,51.28152084350586,585.3599853515625,19.643959045410156
2007-12-14,78.5199966430664,104.01347351074219,51.04490280151367,578.0800170898438,19.890844345092773
2007-12-17,78.12999725341797,102.52934265136719,51.501197814941406,575.1199951171875,20.056808471679688
2007-12-18,79.25,103.10177612304688,51.83357238769531,568.8800048828125,19.865949630737305
2007-12-19,79.23999786376953,103.10177612304688,52.520835876464844,577.2000122070312,19.92403793334961
2007-12-20,78.66999816894531,103.7519760131836,52.408199310302734,576.7999877929688,19.957229614257812
2007-12-21,80.0999984741211,105.2475814819336,51.64206314086914,590.4000244140625,20.007020950317383
2007-12-24,80.13999938964844,106.02913665771484,51.39981460571289,591.5999755859375,19.874248504638672
2007-12-26,81.5199966430664,106.25653076171875,50.94912338256836,607.280029296875,19.799564361572266
2007-12-27,81.55999755859375,104.92076873779297,51.50456237792969,610.0,19.67508888244629
2007-12-28,83.0,104.65788269042969,52.30771255493164,607.1199951171875,19.54231834411621
2007-12-31,82.45999908447266,103.88346099853516,52.624454498291016,606.0800170898438,19.66679573059082
2008-01-02,84.86000061035156,102.9739990234375,53.38245391845703,627.760009765625,19.492530822753906
2008-01-03,85.56999969482422,102.92424011230469,53.30888366699219,626.9600219726562,19.53402328491211
2008-01-04,85.12999725341797,100.40191650390625,53.320159912109375,618.47998046875,19.326566696166992
2008-01-07,84.7699966430664,100.31666564941406,53.55205154418945,604.0,19.517427444458008
2008-01-08,86.77999877929688,98.69673919677734,53.48984146118164,608.47998046875,19.492530822753906
2008-01-09,86.55000305175781,99.73404693603516,53.591697692871094,602.0,19.64189910888672
2008-01-10,88.25,100.3877182006836,52.86767578125,592.1599731445312,19.451038360595703
2008-01-11,88.58000183105469,99.5777587890625,53.280548095703125,584.719970703125,19.54231834411621
2008-01-14,89.54000091552734,100.38062286376953,53.47856521606445,594.0,19.44274139404297
2008-01-15,87.98999786376953,98.17095184326172,54.07807159423828,582.239990234375,19.426145553588867
2008-01-16,86.69999694824219,97.325439453125,53.6878662109375,574.7999877929688,19.66679573059082
2008-01-17,86.5,94.80313110351562,54.38353729248047,568.239990234375,19.63360023498535
2008-01-18,87.41999816894531,93.82972717285156,54.010215759277344,572.3200073242188,19.691688537597656
2008-01-22,88.16999816894531,92.87767028808594,54.587135314941406,564.4000244140625,19.72488021850586
2008-01-23,87.88999938964844,95.108642578125,54.46269989013672,556.0,19.66679573059082
2008-01-24,90.08000183105469,95.91155242919922,53.37107849121094,567.4400024414062,19.50082778930664
2008-01-25,90.30000305175781,94.52603149414062,54.27042770385742,575.280029296875,19.55061912536621
2008-01-28,91.75,96.08914184570312,54.06676483154297,578.7999877929688,19.426145553588867
2008-01-29,91.1500015258789,96.56517028808594,53.69913101196289,583.8400268554688,19.417844772338867
2008-01-30,92.05999755859375,95.85467529296875,53.34846496582031,584.6400146484375,19.301671981811523
2008-01-31,91.4000015258789,97.60249328613281,53.72740936279297,578.7999877929688,19.451038360595703
2008-02-01,89.3499984741211,99.17276000976562,54.05036163330078,563.760009765625,19.525726318359375
2008-02-04,89.0999984741211,97.92224884033203,53.494136810302734,570.9600219726562,19.492530822753906
2008-02-05,87.68000030517578,95.30049896240234,53.90277862548828,561.2000122070312,19.69998550415039
2008-02-06,88.94999694824219,94.53315734863281,53.738182067871094,552.1599731445312,19.69998550415039
2008-02-07,89.8499984741211,95.15840148925781,52.580318450927734,558.4000244140625,19.890844345092773
2008-02-08,91.0,94.54730987548828,53.181983947753906,583.2000122070312,19.8327579498291
2008-02-11,91.33000183105469,95.03047943115234,53.403324127197266,596.4000244140625,19.79126739501953
2008-02-12,89.33000183105469,95.91155242919922,53.085472106933594,588.719970703125,19.72488021850586
2008-02-13,89.44000244140625,96.89202880859375,52.5235710144043,592.8800048828125,19.758071899414062
2008-02-14,89.70999908447266,96.0394058227539,51.75167465209961,606.0800170898438,19.691688537597656
2008-02-15,89.1500015258789,96.01809692382812,52.14897918701172,607.4400024414062,19.691688537597656
2008-02-19,91.58000183105469,96.28810119628906,51.621131896972656,630.47998046875,19.658496856689453
2008-02-20,93.23999786376953,96.57228088378906,51.97871398925781,634.5599975585938,19.66679573059082
2008-02-21,93.25,95.76940155029297,52.5292854309082,618.6400146484375,19.525726318359375
2008-02-22,93.38999938964844,96.359130859375,52.22837829589844,628.7999877929688,19.301671981811523
2008-02-25,92.73999786376953,97.5741195678711,51.69488525390625,629.9199829101562,19.401248931884766
2008-02-26,93.70999908447266,98.30593872070312,51.7119140625,640.7999877929688,19.268478393554688
2008-02-27,94.77999877929688,98.20648193359375,51.75739288330078,631.3599853515625,19.144006729125977
2008-02-28,95.98999786376953,97.2472915649414,52.676795959472656,651.8400268554688,19.0361270904541
2008-02-29,96.18000030517578,95.08026123046875,53.48281478881836,643.3599853515625,19.0444278717041
2008-03-03,97.23999786376953,94.85285186767578,53.344905853271484,650.5599975585938,19.0029354095459
2008-03-04,95.18000030517578,94.49048614501953,52.82652282714844,635.2000122070312,19.052722930908203
2008-03-05,97.72000122070312,95.08734893798828,52.194149017333984,666.4000244140625,18.961442947387695
2008-03-06,96.5,93.11921691894531,52.47332763671875,671.1199951171875,18.86186408996582
2008-03-07,96.08999633789062,92.16004180908203,52.541656494140625,669.8400268554688,18.919952392578125
2008-03-10,95.87000274658203,90.9450454711914,53.316410064697266,685.0399780273438,18.86186408996582
2008-03-11,95.98999786376953,94.21343231201172,52.86069869995117,690.719970703125,18.986337661743164
2008-03-12,97.01000213623047,93.33235168457031,53.88043212890625,695.3599853515625,18.654407501220703
2008-03-13,98.33999633789062,93.53841400146484,53.458892822265625,697.6799926757812,18.6046199798584
2008-03-14,98.70999908447266,92.08900451660156,54.119667053222656,692.0800170898438,18.637813568115234
2008-03-17,99.16999816894531,91.15821075439453,54.535552978515625,666.4000244140625,18.480146408081055
2008-03-18,96.5,94.94522094726562,54.32476043701172,686.4000244140625,18.69590187072754
2008-03-19,93.04000091552734,92.59342193603516,55.22487258911133,658.3200073242188,18.712495803833008
2008-03-20,89.91000366210938,94.30855560302734,55.361576080322266,650.4000244140625,18.91165542602539
2008-03-24,90.0999984741211,96.19355773925781,54.290611267089844,642.0800170898438,19.19379425048828
2008-03-25,92.7300033569336,96.28641510009766,54.518455505371094,651.760009765625,18.770584106445312
2008-03-26,93.80000305175781,95.10819244384766,54.290611267089844,678.47998046875,18.505043029785156
2008-03-27,93.45999908447266,94.80833435058594,53.90891647338867,685.8400268554688,18.53823471069336
2008-03-28,91.87999725341797,93.9015121459961,54.43301773071289,674.9600219726562,18.55483055114746
2008-03-31,90.41000366210938,94.22998809814453,54.62672424316406,650.8800048828125,18.588027954101562
2008-04-01,86.86000061035156,97.54306030273438,53.7376594543457,648.47998046875,18.878459930419922
2008-04-02,89.2699966430664,97.60734558105469,53.8520393371582,670.239990234375,18.69590187072754
2008-04-03,89.41999816894531,97.85006713867188,53.97224044799805,669.2000122070312,18.762287139892578
2008-04-04,90.25,97.74300384521484,54.46421813964844,679.0399780273438,18.57972526550293
2008-04-07,91.16999816894531,97.79297637939453,54.17817306518555,695.4400024414062,18.712495803833008
2008-04-08,90.3499984741211,97.69298553466797,53.9893684387207,697.52001953125,18.712495803833008
2008-04-09,92.29000091552734,96.98612976074219,54.55003356933594,711.2000122070312,18.588027954101562
2008-04-10,91.7699966430664,97.121826171875,54.36697769165039,705.4400024414062,18.67100715637207
2008-04-11,91.30000305175781,95.23673248291016,54.733131408691406,707.8400268554688,18.6046199798584
2008-04-14,91.11000061035156,94.91542053222656,54.4127197265625,717.1199951171875,18.6046199798584
2008-04-15,91.66000366210938,95.13681030273438,53.7376594543457,731.52001953125,18.629514694213867
2008-04-16,93.2699966430664,97.71443939208984,53.21133804321289,737.2000122070312,18.44695281982422
2008-04-17,92.55999755859375,97.85720825195312,53.1197624206543,738.9600219726562,18.546533584594727
2008-04-18,90.62000274658203,98.87831115722656,53.07400894165039,750.3200073242188,18.67100715637207
2008-04-21,90.25,98.92823028564453,53.28568649291992,755.0399780273438,18.529937744140625
2008-04-22,90.2699966430664,98.49270629882812,53.46875762939453,760.6400146484375,18.463552474975586
2008-04-23,89.22000122070312,98.33564758300781,53.291419982910156,761.4400024414062,18.588027954101562
2008-04-24,87.22000122070312,98.7640380859375,52.839447021484375,745.5999755859375,18.79547882080078
2008-04-25,87.2699966430664,99.677978515625,52.53055191040039,765.280029296875,18.84526824951172
2008-04-28,87.69000244140625,99.69940948486328,52.690711975097656,765.52001953125,18.820371627807617
2008-04-29,85.80999755859375,99.30668640136719,52.89094161987305,743.9199829101562,18.89505958557129
2008-04-30,86.6500015258789,98.72122955322266,53.268516540527344,740.0,18.762287139892578
2008-05-01,83.98999786376953,100.7633056640625,53.271968841552734,723.0399780273438,18.919952392578125
2008-05-02,84.58000183105469,101.0417709350586,52.600181579589844,747.2000122070312,19.01953125
2008-05-05,86.2699966430664,100.55628204345703,52.600181579589844,773.9199829101562,18.928251266479492
2008-05-06,86.62999725341797,101.4273681640625,52.22126007080078,787.0399780273438,18.86186408996582
2008-05-07,85.81999969482422,99.62089538574219,52.44515609741211,798.4000244140625,18.986337661743164
2008-05-08,87.23999786376953,99.36380767822266,52.91598129272461,805.280029296875,18.986337661743164
2008-05-09,87.41999816894531,99.17819213867188,53.111183166503906,816.9600219726562,18.86186408996582
2008-05-12,86.98999786376953,100.29209899902344,53.030826568603516,800.8800048828125,18.83696937561035
2008-05-13,85.38999938964844,100.30635833740234,52.450897216796875,813.6799926757812,18.919952392578125
2008-05-14,85.19999694824219,100.51343536376953,52.47385025024414,801.760009765625,18.944849014282227
2008-05-15,87.0,101.77011108398438,52.95039367675781,801.6799926757812,18.928251266479492
2008-05-16,89.0999984741211,101.86292266845703,52.73223114013672,818.1599731445312,18.74569320678711
2008-05-19,89.38999938964844,102.14141845703125,52.80116653442383,822.4000244140625,18.84526824951172
2008-05-20,90.9000015258789,101.31314849853516,53.07676315307617,834.4000244140625,18.654407501220703
2008-05-21,91.95999908447266,99.59943389892578,53.0882453918457,866.47998046875,18.521636962890625
2008-05-22,90.9800033569336,99.61373138427734,52.46238708496094,845.0399780273438,18.637813568115234
2008-05-23,91.2300033569336,98.27850341796875,52.69205856323242,855.5999755859375,18.529937744140625
2008-05-27,89.36000061035156,99.00680541992188,52.33607482910156,834.0800170898438,18.637813568115234
2008-05-28,89.13999938964844,99.46379852294922,51.870975494384766,847.3599853515625,18.720796585083008
2008-05-29,86.51000213623047,99.963623046875,51.49778366088867,818.0800170898438,18.87016487121582
2008-05-30,87.44999694824219,100.21355438232422,51.83654022216797,824.47998046875,18.84526824951172
2008-06-02,87.95999908447266,99.17819213867188,52.03649139404297,824.4000244140625,18.820371627807617
2008-06-03,86.87999725341797,98.599853515625,52.41108322143555,805.2000122070312,18.919952392578125
2008-06-04,86.6500015258789,98.54985046386719,51.94428634643555,791.8400268554688,18.969743728637695
2008-06-05,86.44999694824219,100.52052307128906,51.63310241699219,831.5999755859375,18.878459930419922
2008-06-06,89.05999755859375,97.31459045410156,52.30158996582031,897.3599853515625,18.66270637512207
2008-06-09,87.98999786376953,97.55021667480469,52.30158996582031,872.4000244140625,18.820371627807617
2008-06-10,85.55000305175781,97.06464385986328,51.961612701416016,856.1599731445312,19.01953125
2008-06-11,87.0199966430664,95.63660430908203,51.840614318847656,887.9199829101562,18.89505958557129
2008-06-12,85.5999984741211,96.00077056884766,51.32196044921875,890.1599731445312,19.052722930908203
2008-06-13,85.83000183105469,97.21463775634766,51.21243667602539,873.5999755859375,19.077617645263672
2008-06-16,87.01000213623047,97.27176666259766,51.223934173583984,871.9199829101562,18.99463653564453
2008-06-17,87.25,96.80046081542969,51.327728271484375,869.4400024414062,18.95314598083496
2008-06-18,88.27999877929688,95.85798645019531,51.75990676879883,887.1199951171875,18.936548233032227
2008-06-19,88.41999816894531,95.9793472290039,51.454471588134766,855.280029296875,18.95314598083496
2008-06-20,88.94999694824219,94.42146301269531,51.754146575927734,873.1199951171875,18.828672409057617
2008-06-23,87.08999633789062,94.32816314697266,51.86362838745117,887.3599853515625,18.936548233032227
2008-06-24,87.47000122070312,94.14154815673828,52.2093620300293,887.5999755859375,18.886760711669922
2008-06-25,87.41999816894531,94.58648681640625,52.2324104309082,868.0,18.79547882080078
2008-06-26,90.61000061035156,92.01750946044922,52.58395767211914,904.9600219726562,18.679304122924805
2008-06-27,91.47000122070312,91.51518249511719,53.2005729675293,910.0,18.6212158203125
2008-06-30,91.4000015258789,91.8381118774414,53.21208190917969,909.280029296875,18.66270637512207
2008-07-01,92.66000366210938,92.12515258789062,53.085968017578125,916.719970703125,18.64611053466797
2008-07-02,93.16999816894531,90.54643249511719,53.36362838745117,934.719970703125,18.55483055114746
2008-07-03,92.05999755859375,90.63972473144531,53.24794006347656,934.5599975585938,18.73739242553711
2008-07-07,91.2300033569336,89.7140121459961,53.49079513549805,919.5999755859375,18.720796585083008
2008-07-08,90.86000061035156,91.30708312988281,53.837806701660156,879.3599853515625,18.80377960205078
2008-07-09,91.5,89.54896545410156,54.075008392333984,877.2000122070312,18.67100715637207
2008-07-10,93.52999877929688,89.91492462158203,54.069149017333984,914.719970703125,18.654407501220703
2008-07-11,95.16000366210938,88.86724090576172,53.299983978271484,939.1199951171875,18.529937744140625
2008-07-14,95.91000366210938,88.06353759765625,53.76845932006836,939.8400268554688,18.496746063232422
2008-07-15,96.16999816894531,86.8221206665039,53.751068115234375,899.1199951171875,18.480146408081055
2008-07-16,94.44000244140625,88.9533462524414,52.779476165771484,874.0,18.571426391601562
2008-07-17,94.22000122070312,89.84314727783203,52.50766372680664,844.239990234375,18.6046199798584
2008-07-18,94.16999816894531,90.40290832519531,52.311031341552734,835.52001953125,18.6046199798584
2008-07-21,95.12000274658203,90.453125,52.513484954833984,853.3599853515625,18.53823471069336
2008-07-22,93.05999755859375,91.47932434082031,52.25320816040039,826.5599975585938,18.67100715637207
2008-07-23,90.56999969482422,91.97444915771484,52.14908981323242,800.1599731445312,18.74569320678711
2008-07-24,91.33000183105469,90.06566619873047,52.65800476074219,811.6799926757812,18.729093551635742
2008-07-25,91.69000244140625,90.04413604736328,52.13172912597656,794.1599731445312,18.753990173339844
2008-07-28,91.7300033569336,88.7237319946289,52.65800476074219,804.3200073242188,18.712495803833008
2008-07-29,90.58999633789062,90.61819458007812,52.44404602050781,784.3200073242188,18.87016487121582
2008-07-30,89.5199966430664,92.23277282714844,52.49605178833008,817.0399780273438,18.853565216064453
2008-07-31,90.08000183105469,91.01286315917969,53.0165901184082,799.9199829101562,18.853565216064453
2008-08-01,89.56999969482422,90.5320816040039,53.13383865356445,808.3200073242188,18.91165542602539
2008-08-04,88.13999938964844,89.6924819946289,53.01199722290039,780.1599731445312,18.919952392578125
2008-08-05,86.08000183105469,92.11079406738281,52.617252349853516,764.719970703125,19.06102180480957
2008-08-06,86.63999938964844,92.51982879638672,52.402523040771484,763.3599853515625,19.119112014770508
2008-08-07,86.08999633789062,91.14207458496094,53.255760192871094,771.52001953125,19.21868896484375
2008-08-08,84.43000030517578,92.83554077148438,53.40086364746094,741.4400024414062,19.525726318359375
2008-08-11,81.12999725341797,93.797119140625,52.89006805419922,740.0800170898438,19.63360023498535
2008-08-12,80.5199966430664,92.82121276855469,53.383445739746094,731.9199829101562,19.59210777282715
2008-08-13,81.55999755859375,92.26148223876953,53.19766616821289,750.0,19.59210777282715
2008-08-14,79.3499984741211,92.95752716064453,53.540138244628906,741.9199829101562,19.708284378051758
2008-08-15,77.62999725341797,93.40963745117188,54.0045051574707,734.4000244140625,19.85765266418457
2008-08-18,78.80000305175781,92.13231658935547,54.219261169433594,730.0800170898438,19.799564361572266
2008-08-19,80.43000030517578,91.12769317626953,54.01030349731445,741.9199829101562,19.708284378051758
2008-08-20,80.05999755859375,91.55106353759766,54.161231994628906,751.8400268554688,19.766374588012695
2008-08-21,82.30000305175781,91.70893096923828,54.06254577636719,785.6799926757812,19.54231834411621
2008-08-22,81.08000183105469,93.03648376464844,54.027740478515625,740.3200073242188,19.741479873657227
2008-08-25,80.93000030517578,91.14922332763672,54.56753158569336,744.7999877929688,19.733179092407227
2008-08-26,81.2300033569336,91.41474914550781,54.61402130126953,751.2000122070312,19.849353790283203
2008-08-27,81.36000061035156,92.30453491210938,54.706844329833984,765.280029296875,19.79126739501953
2008-08-28,82.18000030517578,93.42398071289062,54.712677001953125,747.1199951171875,19.85765266418457
2008-08-29,81.70999908447266,92.41934204101562,54.46891403198242,742.9600219726562,19.865949630737305
2008-09-02,79.19999694824219,91.84527587890625,54.97568893432617,713.52001953125,20.056808471679688
2008-09-03,78.88999938964844,91.76634216308594,55.20872116088867,707.52001953125,20.040210723876953
2008-09-04,78.38999938964844,89.00357055664062,55.65142822265625,696.1599731445312,20.197879791259766
2008-09-05,78.9800033569336,89.28347778320312,55.62233352661133,688.47998046875,20.272565841674805
2008-09-08,78.86000061035156,91.12769317626953,55.8553581237793,687.4400024414062,20.38043785095215
2008-09-09,76.48999786376953,88.42230987548828,56.408782958984375,658.7999877929688,20.38873863220215
2008-09-10,74.22000122070312,88.78114318847656,56.059207916259766,663.760009765625,20.521509170532227
2008-09-11,73.08000183105469,90.06566619873047,56.03013229370117,651.9199829101562,20.5795955657959
2008-09-12,75.55000305175781,90.48184204101562,55.307762145996094,651.9199829101562,20.1895809173584
2008-09-15,77.55999755859375,86.17626190185547,57.10200119018555,610.4000244140625,20.007020950317383
2008-09-16,76.79000091552734,87.61860656738281,57.09033966064453,599.9199829101562,20.29745864868164
2008-09-17,85.45999908447266,83.67902374267578,57.375797271728516,620.0,19.85765266418457
2008-09-18,82.80000305175781,86.16191864013672,56.53694152832031,633.3599853515625,19.940635681152344
2008-09-19,85.9800033569336,89.58370971679688,54.74264144897461,661.0399780273438,19.78296661376953
2008-09-22,89.18000030517578,87.55559539794922,54.73684310913086,700.9600219726562,19.334861755371094
2008-09-23,88.31999969482422,85.5635986328125,54.527130126953125,689.0399780273438,19.459335327148438
2008-09-24,86.70999908447266,85.83783721923828,54.765953063964844,678.8800048828125,19.650197982788086
2008-09-25,86.44999694824219,87.18030548095703,54.655269622802734,693.52001953125,19.617002487182617
2008-09-26,86.63999938964844,87.22360229492188,55.0514030456543,689.6799926757812,19.617002487182617
2008-09-29,89.56999969482422,80.38860321044922,56.65345001220703,616.719970703125,19.766374588012695
2008-09-30,85.06999969482422,83.71589660644531,55.27278518676758,656.0800170898438,20.28086280822754
2008-10-01,85.97000122070312,83.76640319824219,55.968204498291016,636.719970703125,20.363842010498047
2008-10-02,82.33000183105469,80.72785949707031,56.41808319091797,606.5599975585938,20.64598274230957
2008-10-03,82.58999633789062,79.63800048828125,56.91481018066406,602.0,20.562999725341797
2008-10-06,84.27999877929688,75.5817642211914,57.949058532714844,572.8800048828125,20.811948776245117
2008-10-07,87.2699966430664,72.19676208496094,57.773704528808594,579.9199829101562,20.662578582763672
2008-10-08,89.41999816894531,70.3779296875,56.943973541259766,578.0800170898438,20.596193313598633
2008-10-09,89.9000015258789,65.46281433105469,56.46482467651367,556.7999877929688,20.704071044921875
2008-10-10,83.22000122070312,63.874942779541016,56.0675163269043,532.0,20.73726463317871
2008-10-13,81.98999786376953,73.14942932128906,55.34878921508789,542.239990234375,20.72066879272461
2008-10-14,82.19999694824219,72.06681823730469,54.992347717285156,520.239990234375,20.712369918823242
2008-10-15,83.30999755859375,64.97199249267578,55.51825714111328,485.8399963378906,20.953018188476562
2008-10-16,79.29000091552734,67.6785888671875,55.231910705566406,474.7200012207031,21.060895919799805
2008-10-17,77.20999908447266,67.27439880371094,54.85207748413086,474.9599914550781,21.094087600708008
2008-10-20,78.5,71.31620788574219,55.29029083251953,494.3999938964844,21.260051727294922
2008-10-21,76.02999877929688,69.18706512451172,55.582489013671875,470.1600036621094,21.608577728271484
2008-10-22,71.70999908447266,65.41949462890625,56.710304260253906,439.44000244140625,21.865821838378906
2008-10-23,70.6500015258789,66.17730712890625,57.130958557128906,452.79998779296875,21.741350173950195
2008-10-24,72.20999908447266,62.82118606567383,56.52329635620117,424.0,22.305627822875977
2008-10-27,72.18000030517578,60.590999603271484,56.56417465209961,406.79998779296875,22.305627822875977
2008-10-28,73.79000091552734,67.67139434814453,55.74026870727539,425.760009765625,22.048383712768555
2008-10-29,74.0,67.18058013916016,55.459808349609375,445.44000244140625,21.691558837890625
2008-10-30,72.70999908447266,69.50458526611328,54.95726013183594,432.0,21.666664123535156
2008-10-31,71.33999633789062,69.88713073730469,54.24435043334961,444.7200012207031,21.99029541015625
2008-11-03,71.0999984741211,70.08922576904297,54.39099884033203,419.9200134277344,22.098173141479492
2008-11-04,75.4800033569336,72.47100830078125,55.41184997558594,459.0400085449219,21.633472442626953
2008-11-05,72.80000305175781,69.42522430419922,56.068931579589844,430.7200012207031,21.708158493041992
2008-11-06,72.22000122070312,65.57826232910156,55.664154052734375,401.20001220703125,22.01519203186035
2008-11-07,72.5,67.74356079101562,55.30039978027344,400.32000732421875,21.965402603149414
2008-11-10,73.58000183105469,66.85575103759766,55.570247650146484,409.8399963378906,21.981998443603516
2008-11-11,72.05000305175781,64.79156494140625,55.734500885009766,384.8800048828125,22.322221755981445
2008-11-12,70.0,61.94065856933594,56.09236526489258,366.0,22.37201499938965
2008-11-13,72.1500015258789,65.80201721191406,54.74888229370117,392.0,22.01519203186035
2008-11-14,73.30000305175781,62.51805114746094,55.834251403808594,369.44000244140625,22.197750091552734
2008-11-17,72.6500015258789,61.68806076049805,56.08064651489258,361.2799987792969,22.181154251098633
2008-11-18,72.51000213623047,62.85007095336914,56.802330017089844,358.1600036621094,22.247539520263672
2008-11-19,72.26000213623047,58.82267761230469,58.25723648071289,346.0799865722656,22.322221755981445
2008-11-20,73.44999694824219,54.45610809326172,61.26689529418945,316.3999938964844,22.471593856811523
2008-11-21,78.8499984741211,57.39363479614258,60.38098907470703,328.0,22.36371612548828
2008-11-24,80.91000366210938,61.37046813964844,59.43642807006836,353.0400085449219,21.81603240966797
2008-11-25,80.87000274658203,61.825172424316406,61.18474578857422,330.8800048828125,21.55878448486328
2008-11-26,80.37999725341797,64.21419525146484,61.26689529418945,356.32000732421875,21.799436569213867
2008-11-28,80.30999755859375,65.02253723144531,62.02370071411133,336.7200012207031,22.03178596496582
2008-12-01,75.6500015258789,59.262977600097656,64.39896392822266,319.1199951171875,22.156261444091797
2008-12-02,76.94999694824219,61.543704986572266,64.64620971679688,308.0,22.03178596496582
2008-12-03,76.18000030517578,63.02326583862305,64.82868194580078,304.3999938964844,22.064979553222656
2008-12-04,75.5,61.56533432006836,66.1060791015625,283.2799987792969,22.006893157958984
2008-12-05,74.5199966430664,63.46355056762695,65.03473663330078,274.0,22.098173141479492
2008-12-08,76.19999694824219,65.67931365966797,64.8934097290039,288.9599914550781,21.72475242614746
2008-12-09,76.33000183105469,64.5967025756836,66.17665100097656,275.6000061035156,21.782838821411133
2008-12-10,79.75,65.0369644165039,66.01773071289062,286.4800109863281,21.658369064331055
2008-12-11,80.6500015258789,63.470760345458984,66.1472396850586,309.1199951171875,21.17706871032715
2008-12-12,80.80999755859375,64.2286148071289,66.1472396850586,304.79998779296875,21.127281188964844
2008-12-15,82.5999984741211,63.33366012573242,66.90072631835938,294.7200012207031,20.759702682495117
2008-12-16,84.45999908447266,66.31446075439453,68.55487060546875,291.5199890136719,20.258464813232422
2008-12-17,85.43000030517578,65.67211151123047,70.41498565673828,278.4800109863281,20.016197204589844
2008-12-18,83.87000274658203,64.44514465332031,71.89247131347656,261.8399963378906,20.358713150024414
2008-12-19,82.62999725341797,64.16793060302734,71.96905517578125,264.4800109863281,20.66781234741211
2008-12-22,83.45999908447266,63.34572219848633,71.41572570800781,245.0399932861328,20.659454345703125
2008-12-23,82.62999725341797,62.69088363647461,71.32150268554688,240.0,20.64274787902832
2008-12-24,83.45999908447266,63.0546760559082,71.1684799194336,232.16000366210938,20.634395599365234
2008-12-26,85.5999984741211,63.41849899291992,71.40390014648438,232.8000030517578,20.525794982910156
2008-12-29,86.3499984741211,63.23659896850586,71.31829071044922,247.36000061035156,20.626041412353516
2008-12-30,85.9000015258789,64.7354736328125,71.99755859375,241.60000610351562,20.534143447875977
2008-12-31,86.5199966430664,65.65953063964844,70.4914321899414,264.79998779296875,20.626041412353516
2009-01-02,86.2300033569336,67.63861083984375,68.71954345703125,285.0400085449219,20.81818199157715
2009-01-05,84.4800033569336,67.55860137939453,66.94767761230469,298.3999938964844,21.04374122619629
2009-01-06,85.12999725341797,68.00969696044922,66.27432250976562,298.0,21.010326385498047
2009-01-07,82.75,65.97242736816406,66.53423309326172,266.1600036621094,20.87666130065918
2009-01-08,84.45999908447266,66.24162292480469,66.48110961914062,265.6000061035156,20.66781234741211
2009-01-09,83.91999816894531,64.82276153564453,66.58146667480469,258.9599914550781,20.985261917114258
2009-01-12,80.76000213623047,63.26566696166992,67.27251434326172,245.1999969482422,21.08551025390625
2009-01-13,80.87999725341797,63.38209533691406,67.34336853027344,254.72000122070312,21.327777862548828
2009-01-14,79.79000091552734,61.388431549072266,68.4537582397461,249.83999633789062,21.41131591796875
2009-01-15,80.38999938964844,61.41029357910156,68.56605529785156,241.44000244140625,21.40296173095703
2009-01-16,82.70999908447266,61.89052200317383,67.50879669189453,238.8800048828125,21.219175338745117
2009-01-20,84.5199966430664,58.62352752685547,67.4969253540039,229.27999877929688,21.829017639160156
2009-01-21,84.1500015258789,61.15560531616211,65.36478424072266,248.24000549316406,21.636877059936523
2009-01-22,84.58000183105469,60.20969009399414,64.10673522949219,240.16000366210938,21.620166778564453
2009-01-23,88.52999877929688,60.471675872802734,63.604698181152344,258.6400146484375,21.61181640625
2009-01-26,88.94999694824219,60.88638687133789,63.04956817626953,257.1199951171875,21.327777862548828
2009-01-27,88.37999725341797,61.504859924316406,64.53199768066406,236.0,21.302715301513672
2009-01-28,87.41999816894531,63.5858039855957,62.91963577270508,238.0,21.37790298461914
2009-01-29,89.5,61.519412994384766,61.47252655029297,233.75999450683594,21.54498291015625
2009-01-30,91.30999755859375,60.267921447753906,61.27764129638672,233.75999450683594,21.67864418029785
2009-02-02,88.83999633789062,60.08605194091797,62.417720794677734,227.1999969482422,21.661937713623047
2009-02-03,88.47000122070312,60.930057525634766,60.93117904663086,230.9600067138672,21.394609451293945
2009-02-04,89.18000030517578,60.63174819946289,60.717933654785156,226.16000366210938,21.595108032226562
2009-02-05,90.12000274658203,61.53397750854492,60.771236419677734,230.47999572753906,21.661937713623047
2009-02-06,89.58999633789062,63.28749465942383,60.58176040649414,225.60000610351562,21.4781494140625
2009-02-09,88.31999969482422,63.374813079833984,60.777156829833984,226.0,21.33613395690918
2009-02-10,90.20999908447266,60.471675872802734,62.09798049926758,215.27999877929688,21.58675193786621
2009-02-11,92.29000091552734,60.82818603515625,62.90336608886719,208.63999938964844,21.620166778564453
2009-02-12,93.16999816894531,60.871849060058594,62.311119079589844,209.0399932861328,21.703704833984375
2009-02-13,92.55000305175781,60.21698760986328,60.6528205871582,204.8000030517578,21.636877059936523
2009-02-17,95.44999694824219,57.64125442504883,62.54206466674805,187.67999267578125,22.062929153442383
2009-02-18,96.91000366210938,57.50302505493164,62.009063720703125,182.8800048828125,22.163177490234375
2009-02-19,95.7699966430664,56.884552001953125,60.95484161376953,194.24000549316406,22.037866592407227
2009-02-20,97.80000305175781,56.3315544128418,61.547088623046875,194.8000030517578,21.72876739501953
2009-02-23,97.7300033569336,54.31609344482422,62.11572265625,186.55999755859375,21.929264068603516
2009-02-24,94.7300033569336,56.37519836425781,62.0505256652832,195.52000427246094,21.81230926513672
2009-02-25,93.1500015258789,55.93137741088867,61.33393096923828,208.0,22.07963752746582
2009-02-26,93.05999755859375,55.02186965942383,60.68830490112305,217.83999633789062,22.062929153442383
2009-02-27,92.62999725341797,53.792213439941406,60.33895492553711,216.39999389648438,22.121408462524414
2009-03-02,90.93000030517578,51.369258880615234,61.3378791809082,195.83999633789062,22.34696388244629
2009-03-03,90.04000091552734,50.983619689941406,60.92808151245117,203.1199951171875,22.338611602783203
2009-03-04,88.98999786376953,52.19145965576172,60.64894485473633,220.8800048828125,22.213300704956055
2009-03-05,91.98999786376953,50.0595588684082,62.335575103759766,212.47999572753906,22.330257415771484
2009-03-06,92.29000091552734,50.1468620300293,61.91989517211914,223.9199981689453,22.221654891967773
2009-03-09,90.56999969482422,49.557498931884766,61.557586669921875,229.1999969482422,22.34696388244629
2009-03-10,88.13999938964844,52.51161193847656,60.37571716308594,222.63999938964844,22.221654891967773
2009-03-11,89.22000122070312,52.853607177734375,61.02901077270508,210.39999389648438,21.979389190673828
2009-03-12,91.0999984741211,54.93456268310547,61.320037841796875,225.83999633789062,21.870786666870117
2009-03-13,91.30000305175781,55.36384582519531,61.01121520996094,221.0399932861328,21.89584732055664
2009-03-16,90.80000305175781,55.196502685546875,60.049095153808594,226.0,21.829017639160156
2009-03-17,90.04000091552734,56.884552001953125,59.72248077392578,235.52000427246094,21.795602798461914
2009-03-18,93.08999633789062,58.157867431640625,61.985198974609375,236.8800048828125,21.09386444091797
2009-03-19,94.3499984741211,57.437538146972656,62.062408447265625,242.8800048828125,20.843246459960938
2009-03-20,93.58999633789062,56.214439392089844,61.717933654785156,246.0800018310547,21.018680572509766
2009-03-23,92.08000183105469,60.25227355957031,61.18339538574219,254.24000549316406,20.910078048706055
2009-03-24,90.94999694824219,59.06511688232422,61.765480041503906,252.8800048828125,21.143985748291016
2009-03-25,91.9800033569336,59.688011169433594,60.93399429321289,249.67999267578125,20.976909637451172
2009-03-26,91.93000030517578,60.904510498046875,61.640750885009766,256.1600036621094,21.11057472229004
2009-03-27,90.69000244140625,59.805274963378906,62.09809494018555,246.0,21.36119270324707
2009-03-30,89.9800033569336,57.738704681396484,62.335575103759766,229.60000610351562,21.494857788085938
2009-03-31,90.27999877929688,58.273677825927734,62.78101348876953,232.39999389648438,21.4196720123291
2009-04-01,91.02999877929688,59.4022102355957,63.35394287109375,228.63999938964844,21.436376571655273
2009-04-02,88.80000305175781,61.13898849487305,62.579681396484375,247.83999633789062,21.152341842651367
2009-04-03,87.58999633789062,61.74723815917969,61.29914855957031,247.44000244140625,21.08551025390625
2009-04-06,85.2699966430664,61.26356506347656,61.03712844848633,241.83999633789062,21.185758590698242
2009-04-07,86.73999786376953,59.834564208984375,61.19194030761719,231.52000427246094,21.344484329223633
2009-04-08,86.61000061035156,60.47945785522461,61.73398971557617,235.9199981689453,21.35283851623535
2009-04-09,86.30999755859375,62.883094787597656,60.95969009399414,245.52000427246094,21.436376571655273
2009-04-13,87.87999725341797,62.89772415161133,61.51957702636719,237.44000244140625,21.152341842651367
2009-04-14,87.37000274658203,61.813167572021484,61.841156005859375,233.67999267578125,21.20246696472168
2009-04-15,87.5,62.47269058227539,61.73398971557617,234.47999572753906,21.235881805419922
2009-04-16,85.80999755859375,63.38875961303711,61.24557113647461,234.32000732421875,21.311067581176758
2009-04-17,85.22000122070312,63.813777923583984,60.572513580322266,235.60000610351562,21.528270721435547
2009-04-20,86.94999694824219,61.13898849487305,61.48980712890625,217.75999450683594,21.69535255432129
2009-04-21,86.88999938964844,62.33349609375,60.8822135925293,218.63999938964844,21.645227432250977
2009-04-22,87.37999725341797,61.95243453979492,60.512962341308594,218.72000122070312,21.58675193786621
2009-04-23,88.80000305175781,62.560665130615234,60.50702667236328,223.0399932861328,21.344484329223633
2009-04-24,89.72000122070312,63.50598907470703,59.899513244628906,231.1999969482422,21.177404403686523
2009-04-27,89.01000213623047,62.90509796142578,60.15561294555664,224.63999938964844,21.428024291992188
2009-04-28,87.75,62.70721435546875,59.17290115356445,222.8000030517578,21.294361114501953
2009-04-29,88.33000183105469,64.04093170166016,58.648704528808594,228.47999572753906,21.143985748291016
2009-04-30,87.2699966430664,64.06293487548828,58.41646194458008,229.0399932861328,21.169050216674805
2009-05-01,86.94999694824219,64.4073715209961,58.014404296875,236.9600067138672,21.118925094604492
2009-05-04,88.63999938964844,66.5984878540039,58.20554733276367,244.47999572753906,20.92678451538086
2009-05-05,88.25,66.37130737304688,58.133914947509766,241.1999969482422,20.993616104125977
2009-05-06,89.54000091552734,67.52183532714844,57.99650955200195,251.44000244140625,20.951847076416016
2009-05-07,89.44000244140625,66.58379364013672,56.58064651489258,251.9199981689453,20.951847076416016
2009-05-08,89.9800033569336,68.13743591308594,56.71800231933594,259.9200134277344,20.575918197631836
2009-05-11,89.69000244140625,66.86227416992188,57.5245246887207,258.32000732421875,20.684518814086914
2009-05-12,90.69999694824219,66.66443634033203,57.733638763427734,261.0400085449219,20.575918197631836
2009-05-13,91.08999633789062,64.98629760742188,58.36091995239258,257.5199890136719,20.651100158691406
2009-05-14,91.02999877929688,65.54324340820312,58.587955474853516,259.20001220703125,20.584270477294922
2009-05-15,91.55000305175781,65.00825500488281,58.569950103759766,250.39999389648438,20.726289749145508
2009-05-18,90.36000061035156,66.8549575805664,57.66193389892578,261.67999267578125,20.617685317993164
2009-05-19,90.95999908447266,66.77436828613281,57.35725402832031,262.32000732421875,20.509082794189453
2009-05-20,92.25,66.32735443115234,57.960636138916016,270.9599914550781,20.258464813232422
2009-05-21,93.8499984741211,65.37467956542969,56.502967834472656,267.0400085449219,20.124799728393555
2009-05-22,94.1500015258789,65.2354507446289,55.875675201416016,269.6000061035156,19.9827823638916
2009-05-26,93.76000213623047,66.90626525878906,55.033382415771484,272.8800048828125,20.024555206298828
2009-05-27,93.44999694824219,65.7117691040039,54.0595588684082,276.6400146484375,20.09138298034668
2009-05-28,94.23999786376953,66.62779235839844,54.8421630859375,282.7200012207031,20.108091354370117
2009-05-29,96.19999694824219,67.80766296386719,56.25800704956055,291.20001220703125,19.824058532714844
2009-06-01,95.7300033569336,69.44915771484375,54.59480667114258,299.44000244140625,19.77393341064453
2009-06-02,96.36000061035156,69.50776672363281,54.88852310180664,300.8800048828125,19.59014320373535
2009-06-03,94.41000366210938,68.62838745117188,55.40398025512695,290.0,19.88253402709961
2009-06-04,96.2300033569336,69.27325439453125,54.259185791015625,301.5199890136719,19.840763092041016
2009-06-05,93.70999908447266,69.28794860839844,53.84565353393555,299.20001220703125,20.183279037475586
2009-06-08,93.55999755859375,69.00212097167969,53.70780944824219,300.32000732421875,20.191633224487305
2009-06-09,93.83000183105469,69.3538589477539,53.701786041259766,305.5199890136719,19.932659149169922
2009-06-10,93.86000061035156,69.17801666259766,52.85670471191406,311.760009765625,20.04961395263672
2009-06-11,93.69999694824219,69.48575592041016,53.44404602050781,317.44000244140625,19.849119186401367
2009-06-12,92.16999816894531,69.67633056640625,53.92354965209961,315.44000244140625,20.041259765625
2009-06-15,91.0999984741211,68.07878875732422,54.40901565551758,308.1600036621094,20.408838272094727
2009-06-16,91.93000030517578,67.15544891357422,55.35600280761719,308.0799865722656,20.141508102416992
2009-06-17,92.3499984741211,67.0895004272461,55.04430389404297,309.6000061035156,20.024555206298828
2009-06-18,91.61000061035156,67.5804443359375,54.21120834350586,310.79998779296875,20.116445541381836
2009-06-19,91.9000015258789,67.8295669555664,54.95440673828125,303.760009765625,20.024555206298828
2009-06-22,90.54000091552734,65.79556274414062,55.487876892089844,290.0,20.158214569091797
2009-06-23,90.91999816894531,65.84712982177734,56.14112091064453,299.2799987792969,19.924304962158203
2009-06-24,91.44999694824219,66.4145736694336,55.5777587890625,296.7200012207031,20.041259765625
2009-06-25,92.30999755859375,67.8590316772461,56.59668731689453,304.3999938964844,20.024555206298828
2009-06-26,92.29000091552734,67.68214416503906,56.69255447387695,300.0799865722656,19.907596588134766
2009-06-29,92.04000091552734,68.31593322753906,56.77648162841797,309.3599853515625,19.890888214111328
2009-06-30,91.18000030517578,67.76321411132812,56.68061447143555,303.44000244140625,19.966075897216797
2009-07-01,92.38999938964844,68.04325103759766,56.56809616088867,299.67999267578125,19.865825653076172
2009-07-02,91.25,66.18611907958984,56.7004280090332,288.3999938964844,19.974428176879883
2009-07-06,90.76000213623047,66.17875671386719,56.5921516418457,277.67999267578125,20.007843017578125
2009-07-07,90.70999908447266,64.89643096923828,56.97100830078125,270.4800109863281,20.09138298034668
2009-07-08,89.2699966430664,64.85223388671875,58.023216247558594,260.55999755859375,20.06632423400879
2009-07-09,89.51000213623047,64.9775390625,57.33175277709961,262.1600036621094,19.899240493774414
2009-07-10,89.58000183105469,64.82276153564453,57.860862731933594,259.0400085449219,19.949365615844727
2009-07-13,90.19000244140625,66.39986419677734,57.536224365234375,258.9599914550781,19.91594886779785
2009-07-14,90.80999755859375,66.77569580078125,56.58012008666992,256.8800048828125,19.932659149169922
2009-07-15,92.23999786376953,68.72864532470703,55.12506866455078,267.760009765625,19.740516662597656
2009-07-16,91.9800033569336,68.61809539794922,55.720314025878906,268.4800109863281,19.72380828857422
2009-07-17,91.93000030517578,69.36981201171875,54.8604850769043,273.9200134277344,19.765579223632812
2009-07-20,93.27999877929688,70.10673522949219,55.149139404296875,278.6400146484375,19.631914138793945
2009-07-21,93.12999725341797,70.43101501464844,56.249473571777344,279.5199890136719,19.640268325805664
2009-07-22,93.44000244140625,70.41625213623047,55.74436569213867,278.4800109863281,19.60685157775879
2009-07-23,93.26000213623047,71.97127532958984,54.722171783447266,286.32000732421875,19.60685157775879
2009-07-24,93.41000366210938,72.26602172851562,54.98675537109375,289.760009765625,19.581790924072266
2009-07-27,93.70999908447266,72.47975158691406,54.35544204711914,290.55999755859375,19.565082550048828
2009-07-28,92.11000061035156,72.1407470703125,54.83641052246094,286.0799865722656,19.623559951782227
2009-07-29,91.19999694824219,71.96390533447266,55.13710021972656,267.760009765625,19.765579223632812
2009-07-30,91.62000274658203,72.71553802490234,55.91875457763672,283.9200134277344,19.740516662597656
2009-07-31,93.3499984741211,72.81874084472656,57.00705337524414,294.4800109863281,19.48154067993164
2009-08-03,93.87000274658203,74.02000427246094,56.143150329589844,303.3599853515625,19.32281494140625
2009-08-04,94.68000030517578,74.21159362792969,55.69667053222656,303.760009765625,19.32281494140625
2009-08-05,94.77999877929688,73.9979248046875,54.864173889160156,305.6000061035156,19.297754287719727
2009-08-06,94.5999984741211,73.61469268798828,55.05115509033203,306.1600036621094,19.3896484375
2009-08-07,93.75,74.58007049560547,54.5926628112793,301.20001220703125,19.615203857421875
2009-08-10,92.93000030517578,74.4253158569336,55.274410247802734,301.67999267578125,19.682039260864258
2009-08-11,92.79000091552734,73.49674987792969,55.91388702392578,294.8800048828125,19.69874382019043
2009-08-12,92.94999694824219,74.28529357910156,55.316585540771484,298.79998779296875,19.60685157775879
2009-08-13,93.72000122070312,74.85274505615234,56.10088348388672,302.3999938964844,19.51495933532715
2009-08-14,93.0,74.27794647216797,56.31809997558594,288.239990234375,19.59014320373535
2009-08-17,91.61000061035156,72.45026397705078,57.150672912597656,284.1600036621094,19.707101821899414
2009-08-18,92.05999755859375,73.02510070800781,56.818817138671875,294.8800048828125,19.656978607177734
2009-08-19,92.52999877929688,73.66626739501953,57.289390563964844,304.9599914550781,19.531667709350586
2009-08-20,92.2699966430664,74.4253158569336,57.759971618652344,301.3599853515625,19.473186492919922
2009-08-21,93.6500015258789,75.88450622558594,56.57142639160156,305.8399963378906,19.406354904174805
2009-08-24,92.33999633789062,75.87711334228516,57.59709548950195,306.3999938964844,19.4481258392334
2009-08-25,92.76000213623047,76.02454376220703,57.922847747802734,297.3599853515625,19.4481258392334
2009-08-26,92.79000091552734,76.03192138671875,58.1883430480957,295.6000061035156,19.523313522338867
2009-08-27,93.19000244140625,76.20138549804688,57.95906066894531,301.760009765625,19.414709091186523
2009-08-28,93.87000274658203,76.18665313720703,58.22455978393555,301.2799987792969,19.4481258392334
2009-08-31,93.4000015258789,75.50859832763672,58.278804779052734,288.3999938964844,19.43141746520996
2009-09-01,93.9000015258789,73.8431167602539,58.13780975341797,282.1600036621094,19.556726455688477
2009-09-02,96.19000244140625,73.56304931640625,58.98512649536133,281.44000244140625,19.48154067993164
2009-09-03,97.45999908447266,74.17478942871094,58.62199401855469,282.55999755859375,19.498249053955078
2009-09-04,97.52999877929688,75.21387481689453,57.62336349487305,281.0400085449219,19.423063278198242
2009-09-08,97.43000030517578,75.86239624023438,57.21786880493164,295.5199890136719,19.205860137939453
2009-09-09,97.08000183105469,76.444580078125,57.15129470825195,295.5199890136719,19.139026641845703
2009-09-10,97.69999694824219,77.22577667236328,58.20436477661133,298.9599914550781,19.097259521484375
2009-09-11,98.77999877929688,77.21102905273438,58.525142669677734,286.55999755859375,19.055484771728516
2009-09-14,97.95999908447266,77.5869140625,57.94413375854492,285.67999267578125,19.038782119750977
2009-09-15,98.9000015258789,77.91114044189453,57.647579193115234,293.6000061035156,18.971942901611328
2009-09-16,99.91000366210938,79.09026336669922,57.75047302246094,299.44000244140625,18.913467407226562
2009-09-17,99.33999633789062,78.97234344482422,58.47671890258789,299.9200134277344,18.946884155273438
2009-09-18,98.66999816894531,79.0226821899414,57.956233978271484,296.9599914550781,19.013717651367188
2009-09-21,98.36000061035156,78.82276916503906,58.08940887451172,286.79998779296875,19.080551147460938
2009-09-22,99.66999816894531,79.28184509277344,58.21040725708008,295.8399963378906,18.880054473876953
2009-09-23,98.83000183105469,78.62284088134766,58.38597106933594,281.0400085449219,18.963592529296875
2009-09-24,97.55000305175781,77.75651550292969,58.55537796020508,271.760009765625,19.105613708496094
2009-09-25,97.0,77.34183502197266,59.29985427856445,272.0,19.055484771728516
2009-09-28,97.05000305175781,78.72650909423828,59.8203125,276.0799865722656,19.113964080810547
2009-09-29,97.43000030517578,78.48958587646484,59.765846252441406,274.4800109863281,19.147380828857422
2009-09-30,98.8499984741211,78.18596649169922,59.71136474609375,289.5199890136719,19.038782119750977
2009-10-01,97.88999938964844,76.24593353271484,60.52915954589844,289.8399963378906,19.172443389892578
2009-10-02,98.37000274658203,75.8905029296875,60.11027908325195,286.9599914550781,19.130674362182617
2009-10-05,99.81999969482422,77.0234375,60.11629867553711,289.44000244140625,19.022071838378906
2009-10-06,102.27999877929688,78.1267318725586,59.521324157714844,292.32000732421875,18.93853187561035
2009-10-07,102.36000061035156,78.34147644042969,60.21950912475586,287.67999267578125,18.95524024963379
2009-10-08,103.63999938964844,78.94123840332031,59.588134765625,293.44000244140625,18.82992935180664
2009-10-09,102.83999633789062,79.42256164550781,58.22211456298828,297.2799987792969,18.980302810668945
2009-10-12,103.55999755859375,79.7335433959961,58.31324005126953,301.5199890136719,18.89676284790039
2009-10-13,104.26000213623047,79.57062530517578,58.61677551269531,305.20001220703125,18.854991912841797
2009-10-14,104.18000030517578,80.94052124023438,57.74861526489258,308.8800048828125,18.71297264099121
2009-10-15,102.86000061035156,81.23668670654297,57.481502532958984,319.2799987792969,18.721328735351562
2009-10-16,103.18000030517578,80.62952423095703,57.94895935058594,323.6000061035156,18.771448135375977
2009-10-19,104.2300033569336,81.2959213256836,58.40426254272461,326.0799865722656,18.679555892944336
2009-10-20,103.41999816894531,80.86647033691406,58.719966888427734,323.1199951171875,18.763097763061523
2009-10-21,103.75,80.14078521728516,58.367835998535156,330.6400146484375,18.64613914489746
2009-10-22,103.91999816894531,80.95531463623047,58.082489013671875,331.760009765625,18.637786865234375
2009-10-23,103.48999786376953,80.02973937988281,57.64536666870117,327.2799987792969,18.738037109375
2009-10-26,101.86000061035156,79.16339111328125,56.89860534667969,321.0400085449219,18.863346099853516
2009-10-27,101.8499984741211,78.80057525634766,57.67572021484375,324.7200012207031,18.913467407226562
2009-10-28,100.7300033569336,77.3122329711914,57.94895935058594,315.67999267578125,18.988656997680664
2009-10-29,102.69000244140625,78.97087097167969,57.31755065917969,327.20001220703125,18.854991912841797
2009-10-30,102.52999877929688,76.68284606933594,58.14928436279297,314.55999755859375,18.963592529296875
2009-11-02,103.94999694824219,77.24556732177734,57.892234802246094,319.760009765625,18.89676284790039
2009-11-03,106.45999908447266,77.48993682861328,57.3136100769043,324.9599914550781,18.946884155273438
2009-11-04,107.0999984741211,77.68986511230469,56.78981399536133,327.9200134277344,18.804866790771484
2009-11-05,106.9800033569336,79.11898803710938,56.78981399536133,326.3999938964844,19.164091110229492
2009-11-06,107.43000030517578,79.32627868652344,56.84461975097656,317.6000061035156,19.07219696044922
2009-11-09,108.19000244140625,81.1330795288086,56.91166687011719,324.0,18.82992935180664
2009-11-10,108.38999938964844,81.14784240722656,56.80809783935547,323.2799987792969,18.746389389038086
2009-11-11,109.5999984741211,81.56251525878906,57.0456428527832,324.3999938964844,18.779804229736328
2009-11-12,108.20999908447266,80.73320007324219,56.94210433959961,314.1600036621094,19.04713249206543
2009-11-13,109.73999786376953,81.17007446289062,57.2039680480957,312.9599914550781,18.64613914489746
2009-11-16,111.62999725341797,82.34739685058594,57.87397384643555,322.32000732421875,18.562599182128906
2009-11-17,111.97000122070312,82.44364929199219,58.18465805053711,323.8399963378906,18.679555892944336
2009-11-18,112.25,82.3918228149414,57.84348678588867,325.3599853515625,18.61272621154785
2009-11-19,112.30000305175781,81.31818389892578,57.94710159301758,317.2799987792969,18.67120361328125
2009-11-20,112.94000244140625,81.02938079833984,57.934906005859375,315.3599853515625,18.746389389038086
2009-11-23,114.29000091552734,82.05860137939453,57.86178970336914,315.0400085449219,18.604372024536133
2009-11-24,114.7300033569336,82.1844711303711,58.22725296020508,308.6400146484375,18.621082305908203
2009-11-25,116.62000274658203,82.47327423095703,58.495235443115234,316.0,18.40387725830078
2009-11-27,115.05999755859375,81.1330795288086,58.714508056640625,308.0,18.596017837524414
2009-11-30,115.63999938964844,81.40699005126953,58.85460662841797,313.20001220703125,18.520832061767578
2009-12-01,117.37999725341797,82.4140625,58.1989860534668,316.9599914550781,18.43729019165039
2009-12-02,119.18000030517578,82.37700653076172,58.24785614013672,310.7200012207031,18.495771408081055
2009-12-03,118.69999694824219,81.73280334472656,57.642940521240234,308.1600036621094,18.504121780395508
2009-12-04,113.75,82.19929504394531,57.031925201416016,306.6400146484375,18.779804229736328
2009-12-07,113.11000061035156,82.07342529296875,57.105247497558594,299.9200134277344,18.779804229736328
2009-12-08,110.94999694824219,81.16266632080078,57.190799713134766,294.79998779296875,18.871700286865234
2009-12-09,110.83999633789062,81.46623229980469,56.92804718017578,286.9599914550781,18.796512603759766
2009-12-10,110.81999969482422,81.92533874511719,56.2742805480957,285.8399963378906,18.796512603759766
2009-12-11,109.31999969482422,82.27336883544922,56.26819610595703,283.8399963378906,18.946884155273438
2009-12-14,110.23999786376953,82.83612060546875,56.33539962768555,284.6400146484375,18.905115127563477
2009-12-15,110.20999908447266,82.4510726928711,56.08488082885742,287.44000244140625,19.038782119750977
2009-12-16,111.58999633789062,82.57694244384766,56.01762771606445,293.9200134277344,19.022071838378906
2009-12-17,107.33999633789062,81.584716796875,56.94023895263672,290.8800048828125,19.222566604614258
2009-12-18,108.94999694824219,82.04630279541016,56.69588851928711,293.2799987792969,19.222566604614258
2009-12-21,106.94999694824219,82.88006591796875,55.68769073486328,289.2799987792969,19.28104591369629
2009-12-22,106.16999816894531,83.1778564453125,55.37609100341797,292.4800109863281,19.347877502441406
2009-12-23,106.55000305175781,83.34161376953125,55.388309478759766,301.9200134277344,19.239276885986328
2009-12-24,108.36000061035156,83.7361831665039,54.81398391723633,305.6000061035156,19.239276885986328
2009-12-28,108.55000305175781,83.91484069824219,54.66121292114258,310.8800048828125,19.189149856567383
2009-12-29,107.47000122070312,83.79573822021484,55.021751403808594,310.7200012207031,19.247631072998047
2009-12-30,106.93000030517578,83.76593780517578,55.3835334777832,313.1199951171875,19.247631072998047
2009-12-31,107.30999755859375,82.96196746826172,55.119869232177734,314.239990234375,19.28104591369629
2010-01-04,109.80000305175781,84.36898040771484,55.07085037231445,322.1600036621094,19.147380828857422
2010-01-05,109.69999694824219,84.5923080444336,55.42644119262695,323.2799987792969,19.139026641845703
2010-01-06,111.51000213623047,84.65187072753906,54.68449783325195,327.760009765625,19.088899612426758
2010-01-07,110.81999969482422,85.00920867919922,54.776519775390625,325.760009765625,19.21421241760254
2010-01-08,111.37000274658203,85.2920913696289,54.75196075439453,327.44000244140625,19.080551147460938
2010-01-11,112.8499984741211,85.41120910644531,54.45148849487305,324.32000732421875,18.980302810668945
2010-01-12,110.48999786376953,84.61463928222656,55.3835334777832,317.0400085449219,18.980302810668945
2010-01-13,111.54000091552734,85.3293228149414,54.739707946777344,313.67999267578125,18.963592529296875
2010-01-14,112.02999877929688,85.5600814819336,55.506202697753906,312.4800109863281,18.913467407226562
2010-01-15,110.86000061035156,84.5997543334961,55.84954833984375,307.20001220703125,19.022071838378906
2010-01-19,111.5199966430664,85.65686798095703,55.69015121459961,311.44000244140625,19.080551147460938
2010-01-20,108.94000244140625,84.7858657836914,56.25423812866211,303.1199951171875,19.31446075439453
2010-01-21,107.37000274658203,83.15547943115234,56.5118293762207,297.9200134277344,19.31446075439453
2010-01-22,107.16999816894531,81.30182647705078,56.413719177246094,290.7200012207031,19.28104591369629
2010-01-25,107.4800033569336,81.71873474121094,56.156158447265625,294.4800109863281,19.2559814453125
2010-01-26,107.55999755859375,81.37625885009766,56.17454528808594,292.0,19.339523315429688
2010-01-27,106.52999877929688,81.76336669921875,56.14390182495117,288.6400146484375,19.406354904174805
2010-01-28,106.4800033569336,80.82537078857422,56.11323547363281,289.2799987792969,19.439773559570312
2010-01-29,105.95999908447266,79.94689178466797,56.60380935668945,285.1199951171875,19.59014320373535
2010-02-01,108.3499984741211,81.19015502929688,56.08997344970703,293.760009765625,19.50660514831543
2010-02-02,109.12999725341797,82.17283630371094,56.249977111816406,300.239990234375,19.439773559570312
2010-02-03,108.69999694824219,81.76336669921875,55.59770584106445,301.20001220703125,19.548372268676758
2010-02-04,104.37000274658203,79.23966217041016,56.47765350341797,286.3999938964844,19.673681259155273
2010-02-05,104.68000030517578,79.4034652709961,56.60069274902344,281.67999267578125,19.75722312927246
2010-02-08,104.04000091552734,78.8302230834961,56.674556732177734,280.7200012207031,19.748868942260742
2010-02-09,105.41000366210938,79.82038116455078,56.10844039916992,289.67999267578125,19.623559951782227
2010-02-10,105.12000274658203,79.66400909423828,55.573097229003906,292.0799865722656,19.682039260864258
2010-02-11,107.12999725341797,80.4977798461914,55.271549224853516,294.239990234375,19.673681259155273
2010-02-12,107.04000091552734,80.43081665039062,55.499210357666016,290.4800109863281,19.740516662597656
2010-02-16,109.62000274658203,81.69638061523438,55.60384750366211,302.32000732421875,19.573436737060547
2010-02-17,109.25,82.08348846435547,54.970054626464844,303.760009765625,19.75722312927246
2010-02-18,109.9800033569336,82.56739807128906,54.74848556518555,309.8399963378906,19.75722312927246
2010-02-19,109.47000122070312,82.7386245727539,55.04386901855469,312.7200012207031,19.815698623657227
2010-02-22,109.06999969482422,82.75353240966797,54.816162109375,312.239990234375,19.78228759765625
2010-02-23,107.88999938964844,81.74849700927734,55.67151641845703,306.6400146484375,19.890888214111328
2010-02-24,107.36000061035156,82.5003662109375,55.8068962097168,311.9200134277344,19.849119186401367
2010-02-25,108.30999755859375,82.38871765136719,56.12074661254883,304.8800048828125,19.807348251342773
2010-02-26,109.43000030517578,82.44084930419922,56.40997314453125,310.55999755859375,19.748868942260742
2010-03-01,109.43000030517578,83.29694366455078,56.385231018066406,306.79998779296875,19.815698623657227
2010-03-02,111.0199966430664,83.52774810791016,56.31119918823242,310.3999938964844,19.75722312927246
2010-03-03,111.62999725341797,83.60218811035156,56.16918182373047,315.20001220703125,19.640268325805664
2010-03-04,110.83000183105469,83.85528564453125,56.465511322021484,313.20001220703125,19.748868942260742
2010-03-05,110.80999755859375,85.05387878417969,55.72478103637695,318.79998779296875,19.740516662597656
2010-03-08,109.87999725341797,85.06876373291016,55.43461990356445,318.32000732421875,19.732160568237305
2010-03-09,109.72000122070312,85.210205078125,55.44695281982422,316.3999938964844,19.765579223632812
2010-03-10,108.47000122070312,85.58987426757812,55.30498504638672,319.20001220703125,19.732160568237305
2010-03-11,108.5999984741211,85.94722747802734,55.50868225097656,320.3999938964844,19.690391540527344
2010-03-12,107.94999694824219,85.95466613769531,55.85437774658203,316.0799865722656,19.565082550048828
2010-03-15,108.36000061035156,85.9770278930664,55.78032302856445,310.6400146484375,19.673681259155273
2010-03-16,110.4000015258789,86.6618881225586,56.22473907470703,318.32000732421875,19.531667709350586
2010-03-17,109.58999633789062,87.175537109375,56.465511322021484,321.8399963378906,19.540019989013672
2010-03-18,110.33999633789062,87.13088989257812,56.280303955078125,319.3599853515625,19.673681259155273
2010-03-19,108.27999877929688,86.68985748291016,56.33586883544922,313.6000061035156,19.807348251342773
2010-03-22,107.75,87.1533203125,56.397640228271484,316.4800109863281,19.75722312927246
2010-03-23,108.31999969482422,87.76631164550781,56.132164001464844,317.6000061035156,19.824058532714844
2010-03-24,106.30000305175781,87.34017944335938,55.1074333190918,311.5199890136719,20.09138298034668
2010-03-25,106.77999877929688,87.19818878173828,54.75551223754883,311.20001220703125,20.158214569091797
2010-03-26,108.58999633789062,87.14582824707031,54.90986633300781,310.6400146484375,20.016197204589844
2010-03-29,108.75,87.69901275634766,54.699981689453125,319.67999267578125,19.91594886779785
2010-03-30,107.97000122070312,87.7588119506836,54.872859954833984,319.6000061035156,19.991134643554688
2010-03-31,108.94999694824219,87.45980072021484,55.24937438964844,322.32000732421875,19.88253402709961
2010-04-01,110.26000213623047,88.05782318115234,55.11434555053711,329.9200134277344,19.765579223632812
2010-04-05,110.88999938964844,88.77542877197266,54.19731521606445,336.55999755859375,19.865825653076172
2010-04-06,111.02999877929688,88.98474884033203,54.28406524658203,336.1600036621094,19.924304962158203
2010-04-07,112.48999786376953,88.47644805908203,54.97800064086914,332.1600036621094,19.966075897216797
2010-04-08,112.6500015258789,88.78291320800781,55.0028190612793,331.5199890136719,19.949365615844727
2010-04-09,113.63999938964844,89.36601257324219,55.13290786743164,329.3599853515625,19.798995971679688
2010-04-12,113.01000213623047,89.50801086425781,55.424171447753906,327.44000244140625,19.7154541015625
2010-04-13,112.69000244140625,89.57530212402344,55.60382843017578,327.1199951171875,19.7154541015625
2010-04-14,113.02999877929688,90.59188842773438,55.21346664428711,334.0799865722656,19.615203857421875
2010-04-15,113.6500015258789,90.66668701171875,55.275428771972656,333.67999267578125,19.690391540527344
2010-04-16,111.23999786376953,89.22395324707031,55.67817687988281,324.79998779296875,19.75722312927246
2010-04-19,111.1500015258789,89.56033325195312,55.54186248779297,320.8800048828125,19.790639877319336
2010-04-20,111.45999908447266,90.36019897460938,55.74018478393555,322.3999938964844,19.824058532714844
2010-04-21,112.30999755859375,90.19576263427734,56.198631286621094,322.1600036621094,19.865825653076172
2010-04-22,111.83999633789062,90.46485137939453,56.031368255615234,322.3999938964844,19.957717895507812
2010-04-23,113.19000244140625,91.05538940429688,55.83312225341797,327.6000061035156,19.91594886779785
2010-04-26,112.75,90.71148681640625,55.89501953125,322.79998779296875,19.907596588134766
2010-04-27,114.62999725341797,88.56614685058594,56.681976318359375,314.9599914550781,20.149864196777344
2010-04-28,114.30999755859375,89.2388687133789,56.198631286621094,319.760009765625,20.141508102416992
2010-04-29,114.27999877929688,90.3452377319336,56.43409729003906,328.32000732421875,20.04961395263672
2010-04-30,115.36000061035156,88.81282806396484,57.08467483520508,330.6400146484375,20.016197204589844
2010-05-03,115.7300033569336,89.96397399902344,57.010074615478516,331.67999267578125,20.141508102416992
2010-05-04,114.87000274658203,87.8485107421875,58.0360107421875,317.6000061035156,20.367063522338867
2010-05-05,115.08999633789062,87.32524871826172,58.37798309326172,306.4800109863281,20.5592098236084
2010-05-06,118.48999786376953,84.42487335205078,60.18110656738281,295.67999267578125,20.726289749145508
2010-05-07,118.2699966430664,83.16905975341797,59.42875289916992,290.4800109863281,20.634395599365234
2010-05-10,117.56999969482422,86.83191680908203,58.19767761230469,297.8399963378906,20.584270477294922
2010-05-11,120.66000366210938,86.58518981933594,58.04841995239258,294.0799865722656,20.676164627075195
2010-05-12,121.4000015258789,87.79618835449219,57.60697937011719,294.1600036621094,20.73464012145996
2010-05-13,120.55999755859375,86.7048110961914,57.986228942871094,289.0400085449219,20.851598739624023
2010-05-14,120.37000274658203,85.13504028320312,58.99353790283203,278.4800109863281,21.04374122619629
2010-05-17,119.36000061035156,85.17985534667969,58.77592086791992,271.0400085449219,21.04374122619629
2010-05-18,119.48999786376953,84.02125549316406,59.677490234375,267.760009765625,21.269296646118164
2010-05-19,116.62999725341797,83.54277801513672,59.87641906738281,268.0799865722656,21.068803787231445
2010-05-20,115.83999633789062,80.38825988769531,61.13863754272461,257.6000061035156,20.960203170776367
2010-05-21,115.22000122070312,81.56185913085938,61.20084762573242,258.1600036621094,20.86830711364746
2010-05-24,116.83999633789062,80.51535034179688,60.98943328857422,257.3599853515625,21.07715606689453
2010-05-25,117.36000061035156,80.5975570678711,61.2878532409668,254.8000030517578,21.135635375976562
2010-05-26,118.47000122070312,80.11165618896484,61.113765716552734,260.7200012207031,21.277652740478516
2010-05-27,118.69000244140625,82.79528045654297,59.72722244262695,274.4800109863281,21.052095413208008
2010-05-28,118.87999725341797,81.75621795654297,60.00082778930664,272.32000732421875,21.169050216674805
2010-06-01,119.91000366210938,80.38082122802734,60.422550201416016,265.44000244140625,21.177404403686523
2010-06-02,119.77999877929688,82.4738540649414,59.84861373901367,270.32000732421875,21.169050216674805
2010-06-03,117.95999908447266,82.75790405273438,59.411869049072266,274.0799865722656,21.277652740478516
2010-06-04,119.19000244140625,79.85004425048828,61.009002685546875,261.44000244140625,21.528270721435547
2010-06-07,121.48999786376953,78.85588836669922,61.47689437866211,260.7200012207031,21.57839584350586
2010-06-08,121.0,79.7005615234375,61.17115783691406,265.5199890136719,21.511566162109375
2010-06-09,120.55999755859375,79.27446746826172,61.10255813598633,271.6000061035156,21.428024291992188
2010-06-10,118.97000122070312,81.59175872802734,60.01078414916992,278.1600036621094,21.20246696472168
2010-06-11,120.01000213623047,81.98799133300781,60.77190399169922,273.8399963378906,21.269296646118164
2010-06-14,119.5999984741211,81.86088562011719,60.459991455078125,274.6400146484375,21.07715606689453
2010-06-15,120.98999786376953,83.7221908569336,60.210453033447266,281.8399963378906,20.90172004699707
2010-06-16,120.33000183105469,83.69229888916016,60.553531646728516,283.9200134277344,20.968557357788086
2010-06-17,121.9000015258789,83.82688903808594,61.046417236328125,281.1199951171875,20.843246459960938
2010-06-18,122.83000183105469,83.91776275634766,60.94659423828125,283.2799987792969,20.83489227294922
2010-06-21,120.38999938964844,83.67738342285156,60.77190399169922,282.6400146484375,20.910078048706055
2010-06-22,121.44999694824219,82.29541015625,61.49562072753906,280.0,20.943490982055664
2010-06-23,120.94999694824219,82.04004669189453,61.91364288330078,273.9200134277344,20.859949111938477
2010-06-24,121.30000305175781,80.68060302734375,61.5455322265625,275.1199951171875,20.859949111938477
2010-06-25,122.76000213623047,81.01860046386719,61.7950553894043,285.2799987792969,20.742996215820312
2010-06-28,121.08999633789062,80.76323699951172,62.37528610229492,281.67999267578125,20.851598739624023
2010-06-29,121.2699966430664,78.26964569091797,63.05525207519531,273.3599853515625,20.951847076416016
2010-06-30,121.68000030517578,77.52607727050781,63.47956085205078,271.67999267578125,20.93514060974121
2010-07-01,117.04000091552734,77.1805648803711,63.57964324951172,262.9599914550781,20.550857543945312
2010-07-02,118.48999786376953,76.7599868774414,63.07278823852539,260.79998779296875,20.525794982910156
2010-07-06,116.51000213623047,77.26319122314453,63.59221267700195,260.8800048828125,20.458961486816406
2010-07-07,117.7300033569336,79.69670867919922,62.847572326660156,269.20001220703125,20.392127990722656
2010-07-08,117.20999908447266,80.4853286743164,62.446983337402344,273.8399963378906,20.367063522338867
2010-07-09,118.36000061035156,81.0861587524414,62.09025955200195,274.7200012207031,20.417190551757812
2010-07-12,117.33999633789062,81.13876342773438,62.065269470214844,270.239990234375,20.475669860839844
2010-07-13,118.36000061035156,82.36302947998047,61.533329010009766,277.9200134277344,20.300233840942383
2010-07-14,118.30000305175781,82.35549926757812,62.152915954589844,277.2799987792969,20.258464813232422
2010-07-15,118.2300033569336,82.37805938720703,62.77239227294922,276.6400146484375,20.024555206298828
2010-07-16,116.66999816894531,80.10977935791016,63.07903289794922,273.2799987792969,20.057968139648438
2010-07-19,115.7300033569336,80.58297729492188,62.691036224365234,275.67999267578125,20.074676513671875
2010-07-20,116.6500015258789,81.47672271728516,62.78494644165039,278.55999755859375,20.108091354370117
2010-07-21,115.8499984741211,80.41771697998047,63.84878158569336,273.6000061035156,20.24175453186035
2010-07-22,116.86000061035156,82.21280670166016,63.11031723022461,283.3599853515625,20.074676513671875
2010-07-23,116.08999633789062,82.92632293701172,62.44072723388672,283.1199951171875,20.041259765625
2010-07-26,115.5199966430664,83.79002380371094,62.33433532714844,282.79998779296875,19.932659149169922
2010-07-27,113.51000213623047,83.7825698852539,61.73359298706055,277.3599853515625,19.966075897216797
2010-07-28,113.77999877929688,83.24176788330078,61.933876037597656,274.8800048828125,19.957717895507812
2010-07-29,114.29000091552734,82.8362045288086,61.91509246826172,280.4800109863281,19.824058532714844
2010-07-30,115.48999786376953,82.82118225097656,62.87881088256836,282.7200012207031,19.832408905029297
2010-08-02,115.54000091552734,84.69136047363281,61.99609375,291.8399963378906,19.648622512817383
2010-08-03,115.98999786376953,84.2857666015625,62.353973388671875,295.2799987792969,19.565082550048828
2010-08-04,116.72000122070312,84.84907531738281,61.87675857543945,295.20001220703125,19.673681259155273
2010-08-05,116.9800033569336,84.75897216796875,62.16558837890625,293.67999267578125,19.60685157775879
2010-08-06,117.83999633789062,84.41343688964844,62.84364700317383,289.6000061035156,19.50660514831543
2010-08-09,117.4000015258789,84.86407470703125,62.6113395690918,292.239990234375,19.60685157775879
2010-08-10,117.7300033569336,84.40595245361328,62.7431526184082,286.9599914550781,19.648622512817383
2010-08-11,117.33999633789062,82.09264373779297,63.58441162109375,277.9200134277344,19.991134643554688
2010-08-12,118.7699966430664,81.58941650390625,63.42750930786133,271.3599853515625,20.057968139648438
2010-08-13,118.73999786376953,81.34905242919922,64.2185287475586,270.32000732421875,20.141508102416992
2010-08-16,119.7300033569336,81.3115234375,65.82573699951172,268.8800048828125,20.016197204589844
2010-08-17,119.75,82.31041717529297,65.44903564453125,270.9599914550781,19.949365615844727
2010-08-18,120.22000122070312,82.46064758300781,65.62480163574219,269.44000244140625,19.974428176879883
2010-08-19,120.38999938964844,81.02609252929688,66.64812469482422,266.0,20.016197204589844
2010-08-20,119.97000122070312,80.76323699951172,66.57279205322266,263.6000061035156,20.158214569091797
2010-08-23,119.77999877929688,80.45530700683594,66.58538055419922,259.44000244140625,20.19998550415039
2010-08-24,120.36000061035156,79.26106262207031,67.65263366699219,254.16000366210938,20.16657066345215
2010-08-25,121.36000061035156,79.56902313232422,67.43290710449219,258.9599914550781,20.19998550415039
2010-08-26,120.95999908447266,79.0357437133789,68.06703186035156,260.9599914550781,20.074676513671875
2010-08-27,121.01000213623047,80.2599868774414,66.13965606689453,268.55999755859375,20.108091354370117
2010-08-30,120.91000366210938,79.09583282470703,67.40776062011719,264.1600036621094,20.16657066345215
2010-08-31,122.08000183105469,79.09583282470703,68.1549301147461,255.36000061035156,20.149864196777344
2010-09-01,121.69000244140625,81.46171569824219,66.74566650390625,263.6000061035156,19.991134643554688
2010-09-02,122.29000091552734,82.22027587890625,66.04041290283203,267.1199951171875,19.974428176879883
2010-09-03,121.86000061035156,83.28683471679688,65.22186279296875,264.7200012207031,19.87417984008789
2010-09-07,122.69999694824219,82.34796905517578,66.55677032470703,262.1600036621094,20.083030700683594
2010-09-08,122.70999908447266,82.92632293701172,66.02786254882812,265.1199951171875,20.016197204589844
2010-09-09,121.55999755859375,83.30937194824219,64.72444915771484,263.1199951171875,20.016197204589844
2010-09-10,121.7300033569336,83.73001098632812,64.4284439086914,270.1600036621094,20.03290557861328
2010-09-13,121.62000274658203,84.66133117675781,64.7432861328125,272.239990234375,19.815698623657227
2010-09-14,124.0199966430664,84.60875701904297,65.36669921875,271.1199951171875,19.648622512817383
2010-09-15,123.94000244140625,84.93172454833984,64.3969497680664,267.9200134277344,19.732160568237305
2010-09-16,124.62999725341797,84.90914916992188,63.760955810546875,263.8399963378906,19.66533088684082
2010-09-17,124.54000091552734,84.94086456298828,64.0191421508789,261.20001220703125,19.7154541015625
2010-09-20,124.87000274658203,86.23963928222656,64.390625,265.760009765625,19.690391540527344
2010-09-21,126.01000213623047,86.06598663330078,65.28482818603516,261.20001220703125,19.473186492919922
2010-09-22,126.19999694824219,85.64315032958984,65.8704605102539,260.6400146484375,19.33116912841797
2010-09-23,126.30000305175781,84.94844055175781,66.05929565429688,261.3599853515625,19.3896484375
2010-09-24,126.69000244140625,86.70027923583984,65.1714859008789,267.20001220703125,19.189149856567383
2010-09-27,126.72000122070312,86.2849349975586,66.30489349365234,265.9200134277344,19.21421241760254
2010-09-28,127.8499984741211,86.58697509765625,66.75828552246094,265.5199890136719,19.113964080810547
2010-09-29,127.94999694824219,86.43594360351562,66.48121643066406,271.5199890136719,19.080551147460938
2010-09-30,127.91000366210938,86.17926025390625,66.4371566772461,278.7200012207031,19.080551147460938
2010-10-01,128.91000366210938,86.54169464111328,66.11605072021484,285.0400085449219,18.92182159423828
2010-10-04,128.4600067138672,85.8923110961914,66.28672790527344,284.7200012207031,19.005361557006836
2010-10-05,130.99000549316406,87.62146759033203,65.8885269165039,288.7200012207031,18.846637725830078
2010-10-06,131.80999755859375,87.61392974853516,66.71647644042969,290.239990234375,18.754743576049805
2010-10-07,130.3699951171875,87.50820922851562,66.16033172607422,283.67999267578125,18.779804229736328
2010-10-08,131.66000366210938,87.9990463256836,65.86958312988281,289.20001220703125,18.71297264099121
2010-10-11,132.2899932861328,88.08209228515625,65.88219451904297,284.79998779296875,18.78816032409668
2010-10-12,131.9600067138672,88.35392761230469,65.23118591308594,285.20001220703125,18.729679107666016
2010-10-13,134.07000732421875,89.04107666015625,65.13007354736328,289.2799987792969,18.679555892944336
2010-10-14,134.75,88.6937026977539,64.15681457519531,288.0,18.554244995117188
2010-10-15,133.67999267578125,88.87494659423828,63.373069763183594,283.760009765625,18.662851333618164
2010-10-18,134.27999877929688,89.31289672851562,63.88508224487305,290.239990234375,18.64613914489746
2010-10-19,130.11000061035156,88.14250183105469,64.27053833007812,276.9599914550781,18.963592529296875
2010-10-20,131.32000732421875,89.0033187866211,64.40961456298828,284.7200012207031,18.704618453979492
2010-10-21,129.47000122070312,89.19962310791016,63.64483642578125,278.79998779296875,18.771448135375977
2010-10-22,129.72999572753906,89.36573791503906,64.0745849609375,283.9200134277344,18.771448135375977
2010-10-25,130.85000610351562,89.63002014160156,64.25794219970703,284.55999755859375,18.687910079956055
2010-10-26,130.8800048828125,89.64515686035156,63.265602111816406,285.44000244140625,18.813220977783203
2010-10-27,129.52000427246094,89.388427734375,62.709442138671875,283.3599853515625,18.92182159423828
2010-10-28,131.24000549316406,89.40348815917969,62.880126953125,283.1199951171875,18.721328735351562
2010-10-29,132.6199951171875,89.47147369384766,63.467872619628906,281.3599853515625,18.687910079956055
2010-11-01,131.9199981689453,89.50166320800781,63.1945915222168,286.4800109863281,18.721328735351562
2010-11-02,132.49000549316406,90.21145629882812,64.02517700195312,290.1600036621094,18.587663650512695
2010-11-03,131.57000732421875,90.57391357421875,62.71909713745117,293.9200134277344,18.495771408081055
2010-11-04,136.02999877929688,92.31818389892578,63.20734405517578,299.9200134277344,18.35375213623047
2010-11-05,136.3800048828125,92.66553497314453,62.12309646606445,301.20001220703125,18.529184341430664
2010-11-08,137.77999877929688,92.49186706542969,62.40208435058594,300.239990234375,18.637786865234375
2010-11-09,135.58999633789062,91.82737731933594,61.026206970214844,296.3999938964844,18.796512603759766
2010-11-10,137.24000549316406,92.19737243652344,61.10866165161133,304.32000732421875,18.779804229736328
2010-11-11,137.66000366210938,91.85001373291016,61.07688903808594,302.7200012207031,18.913467407226562
2010-11-12,133.69000244140625,90.76266479492188,60.74721145629883,291.760009765625,18.88840675354004
2010-11-15,132.4199981689453,90.6343002319336,59.47916030883789,292.0,19.038782119750977
2010-11-16,130.97000122070312,89.22227478027344,60.95648193359375,283.6000061035156,19.147380828857422
2010-11-17,130.3800048828125,89.267578125,60.620391845703125,277.8399963378906,19.130674362182617
2010-11-18,132.08999633789062,90.58145904541016,60.86771011352539,284.0,18.99700927734375
2010-11-19,132.1999969482422,90.83060455322266,61.24176788330078,281.760009765625,18.93853187561035
2010-11-22,133.47999572753906,90.75511932373047,61.50170135498047,280.3999938964844,18.99700927734375
2010-11-23,134.41000366210938,89.44123077392578,61.80607986450195,279.6000061035156,19.247631072998047
2010-11-24,134.17999267578125,90.76266479492188,60.70283126831055,288.6400146484375,19.27269172668457
2010-11-26,133.11000061035156,89.70552062988281,61.54616165161133,287.760009765625,19.3896484375
2010-11-29,133.50999450683594,89.97740936279297,62.07233428955078,294.239990234375,19.50660514831543
2010-11-30,135.4199981689453,89.47147369384766,62.395694732666016,288.32000732421875,19.631914138793945
2010-12-01,135.3800048828125,91.37431335449219,61.00873565673828,297.6000061035156,19.464832305908203
2010-12-02,135.1999969482422,92.54469299316406,60.849647521972656,302.1600036621094,19.347877502441406
2010-12-03,138.07000732421875,92.79388427734375,60.37246322631836,306.4800109863281,19.113964080810547
2010-12-06,139.11000061035156,92.69573974609375,61.22507095336914,305.760009765625,19.205860137939453
2010-12-07,136.5,92.74861145019531,59.91440200805664,302.3999938964844,19.289400100708008
2010-12-08,134.7899932861328,93.08837890625,59.33540344238281,303.67999267578125,19.297754287719727
2010-12-09,135.3699951171875,93.4508056640625,59.62809371948242,303.5199890136719,19.31446075439453
2010-12-10,135.41000366210938,93.9945068359375,59.26545715332031,301.2799987792969,19.31446075439453
2010-12-13,136.0500030517578,94.05490112304688,59.48808288574219,303.1199951171875,19.105613708496094
2010-12-14,136.17999267578125,94.13795471191406,58.62287139892578,303.20001220703125,19.139026641845703
2010-12-15,134.6999969482422,93.70758056640625,57.859336853027344,303.9200134277344,19.339523315429688
2010-12-16,133.80999755859375,94.25121307373047,58.26017761230469,302.1600036621094,19.289400100708008
2010-12-17,134.1999969482422,94.3521957397461,59.322715759277344,302.4800109863281,19.372940063476562
2010-12-20,135.11000061035156,94.57992553710938,59.259029388427734,304.3999938964844,19.414709091186523
2010-12-21,135.32000732421875,95.17957305908203,59.67261505126953,306.32000732421875,19.456478118896484
2010-12-22,135.0500030517578,95.4756088256836,59.246341705322266,309.1199951171875,19.439773559570312
2010-12-23,134.66000366210938,95.33898162841797,59.125465393066406,311.8399963378906,19.38129425048828
2010-12-27,135.02000427246094,95.37691497802734,59.653526306152344,309.67999267578125,19.339523315429688
2010-12-28,137.22000122070312,95.51356506347656,58.48527526855469,311.2799987792969,19.347877502441406
2010-12-29,137.7100067138672,95.5818862915039,59.47481155395508,310.55999755859375,19.21421241760254
2010-12-30,137.02999877929688,95.4300537109375,59.43009567260742,304.9599914550781,19.147380828857422
2010-12-31,138.72000122070312,95.45281219482422,60.087608337402344,312.0,18.971942901611328
2011-01-03,138.0,96.43964385986328,59.634361267089844,312.3999938964844,19.063838958740234
2011-01-04,134.75,96.3864974975586,59.704620361328125,304.6400146484375,19.113964080810547
2011-01-05,134.3699951171875,96.88745880126953,58.389495849609375,308.1600036621094,19.306108474731445
2011-01-06,133.8300018310547,96.69770812988281,58.644832611083984,301.44000244140625,19.456478118896484
2011-01-07,133.5800018310547,96.5079345703125,58.95765686035156,301.3599853515625,19.51495933532715
2011-01-10,134.1199951171875,96.3864974975586,59.276912689208984,305.3599853515625,19.4481258392334
2011-01-11,134.91000366210938,96.72807312011719,58.94491195678711,311.0400085449219,19.439773559570312
2011-01-12,135.4600067138672,97.60099029541016,58.48527526855469,311.9200134277344,19.247631072998047
2011-01-13,134.0500030517578,97.44159698486328,59.00876998901367,309.20001220703125,19.04713249206543
2011-01-14,132.69000244140625,98.14751434326172,58.63208770751953,311.3599853515625,19.022071838378906
2011-01-18,133.42999267578125,98.3145523071289,58.357547760009766,309.8399963378906,19.005361557006836
2011-01-19,133.72000122070312,97.35049438476562,58.7789306640625,308.32000732421875,18.88840675354004
2011-01-20,131.1999969482422,97.2214584350586,57.968109130859375,300.55999755859375,18.946884155273438
2011-01-21,131.02999877929688,97.44159698486328,58.42779541015625,300.0799865722656,18.78816032409668
2011-01-24,130.36000061035156,97.99571228027344,58.45330810546875,295.44000244140625,18.746389389038086
2011-01-25,130.10000610351562,98.04883575439453,59.00876998901367,290.1600036621094,18.738037109375
2011-01-26,131.16000366210938,98.42839813232422,58.11498260498047,294.79998779296875,18.704618453979492
2011-01-27,127.93000030517578,98.67127990722656,58.37674331665039,287.5199890136719,18.67120361328125
2011-01-28,130.27999877929688,96.94818115234375,58.68317413330078,300.6400146484375,18.78816032409668
2011-01-31,129.8699951171875,97.6769027709961,58.23625946044922,308.8800048828125,18.679555892944336
2011-02-01,130.8000030517578,99.24063110351562,57.94794845581055,304.55999755859375,18.495771408081055
2011-02-02,130.4499969482422,99.0508041381836,57.96075439453125,305.44000244140625,18.529184341430664
2011-02-03,132.1999969482422,99.27095031738281,57.48027420043945,304.7200012207031,18.679555892944336
2011-02-04,131.66000366210938,99.55179595947266,56.897281646728516,298.7200012207031,18.738037109375
2011-02-07,131.67999267578125,100.17422485351562,57.19198226928711,293.2799987792969,18.738037109375
2011-02-08,133.13999938964844,100.62969207763672,56.6666374206543,293.1199951171875,18.721328735351562
2011-02-09,133.07000732421875,100.40196228027344,57.15993118286133,292.0,18.637786865234375
2011-02-10,132.85000610351562,100.43992614746094,56.50010681152344,292.32000732421875,18.78816032409668
2011-02-11,132.32000732421875,101.03960418701172,57.313724517822266,288.3999938964844,18.83828353881836
2011-02-14,132.9499969482422,101.28248596191406,57.35212707519531,287.0400085449219,18.863346099853516
2011-02-15,133.97000122070312,100.96368408203125,57.60837936401367,283.1199951171875,18.880054473876953
2011-02-16,134.10000610351562,101.601318359375,57.42265319824219,284.239990234375,18.771448135375977
2011-02-17,135.0399932861328,101.90492248535156,57.512306213378906,288.4800109863281,18.721328735351562
2011-02-18,135.41000366210938,102.1174545288086,57.33291244506836,290.8800048828125,18.629432678222656
2011-02-22,136.2899932861328,100.06794738769531,58.19144821166992,307.9200134277344,18.679555892944336
2011-02-23,137.50999450683594,99.45313262939453,58.40284729003906,318.3999938964844,18.570953369140625
2011-02-24,136.47999572753906,99.38482666015625,58.7744026184082,311.760009765625,18.504121780395508
2011-02-25,137.3800048828125,100.44750213623047,59.12038803100586,317.44000244140625,18.537540435791016
2011-02-28,137.66000366210938,101.06995391845703,59.197296142578125,313.5199890136719,18.45400047302246
2011-03-01,140.02999877929688,99.38482666015625,59.368865966796875,323.8399963378906,18.479061126708984
2011-03-02,139.9199981689453,99.59734344482422,58.45619201660156,331.1199951171875,18.378814697265625
2011-03-03,138.08999633789062,101.31283569335938,57.88418197631836,329.44000244140625,18.35375213623047
2011-03-04,139.35000610351562,100.55378723144531,58.36617660522461,338.6400146484375,18.328689575195312
2011-03-07,139.72000122070312,99.76434326171875,57.9934196472168,338.9599914550781,18.34539794921875
2011-03-08,139.36000061035156,100.63726043701172,57.63992691040039,338.4800109863281,18.428936004638672
2011-03-09,139.41000366210938,100.49307250976562,58.199100494384766,336.3999938964844,18.39552116394043
2011-03-10,137.77000427246094,98.63331604003906,59.176025390625,331.20001220703125,18.537540435791016
2011-03-11,138.22000122070312,99.3165283203125,58.84184646606445,325.5199890136719,18.40387725830078
2011-03-14,138.86000061035156,98.7168197631836,58.81608200073242,327.2799987792969,18.311981201171875
2011-03-15,136.27000427246094,97.58580017089844,59.696624755859375,315.1199951171875,18.328689575195312
2011-03-16,136.24000549316406,95.77922821044922,60.371517181396484,317.44000244140625,18.387165069580078
2011-03-17,136.97000122070312,97.0468521118164,59.90876388549805,325.5199890136719,18.22844123840332
2011-03-18,138.3699951171875,97.39985656738281,60.069427490234375,327.760009765625,18.1448974609375
2011-03-21,139.13999938964844,98.9093246459961,59.71592712402344,329.0400085449219,18.086423873901367
2011-03-22,139.0500030517578,98.56626892089844,59.91520309448242,335.44000244140625,18.094778060913086
2011-03-23,140.33999633789062,98.84835052490234,59.838043212890625,336.8800048828125,18.195024490356445
2011-03-24,139.22000122070312,99.79366302490234,59.388206481933594,336.3999938964844,18.153255462646484
2011-03-25,139.25999450683594,100.0986328125,59.24030685424805,337.44000244140625,18.278562545776367
2011-03-28,138.5399932861328,99.85469818115234,59.32387924194336,331.3599853515625,18.261857986450195
2011-03-29,138.2100067138672,100.52554321289062,58.86753463745117,334.6400146484375,18.253503799438477
2011-03-30,138.6699981689453,101.21934509277344,59.33675003051758,333.2799987792969,18.23679542541504
2011-03-31,139.86000061035156,101.08206939697266,59.2146110534668,340.79998779296875,18.20338249206543
2011-04-01,139.1999969482422,101.509033203125,59.50248718261719,345.3599853515625,18.186668395996094
2011-04-04,139.83999633789062,101.59284973144531,59.56706237792969,346.0799865722656,18.186668395996094
2011-04-05,142.0500030517578,101.57762145996094,59.32822799682617,344.79998779296875,18.195024490356445
2011-04-06,142.3800048828125,101.8978042602539,58.43756103515625,346.9599914550781,18.094778060913086
2011-04-07,142.50999450683594,101.63861083984375,58.32131576538086,351.9200134277344,18.103130340576172
2011-04-08,143.66000366210938,101.28791809082031,58.011478424072266,361.20001220703125,17.96111297607422
2011-04-11,142.63999938964844,100.98297882080078,58.06316375732422,349.1199951171875,17.986175537109375
2011-04-12,141.61000061035156,100.2282485961914,58.6892204284668,338.3999938964844,17.94440460205078
2011-04-13,141.89999389648438,100.22059631347656,59.05715560913086,342.0,17.96111297607422
2011-04-14,143.80999755859375,100.29686737060547,59.011940002441406,346.239990234375,17.89427947998047
2011-04-15,145.0500030517578,100.66277313232422,59.812294006347656,349.67999267578125,17.92769432067871
2011-04-18,145.92999267578125,99.53447723388672,59.94778060913086,343.0400085449219,18.094778060913086
2011-04-19,145.92999267578125,100.10623931884766,60.20601272583008,343.6000061035156,17.986175537109375
2011-04-20,146.5,101.47090911865234,59.81875228881836,353.760009765625,17.810739517211914
2011-04-21,146.74000549316406,101.98931884765625,59.76710891723633,356.55999755859375,17.743907928466797
2011-04-25,146.8699951171875,101.88255310058594,59.993003845214844,356.239990234375,17.718847274780273
2011-04-26,146.3800048828125,102.75923156738281,60.57386016845703,355.8399963378906,17.677080154418945
2011-04-27,149.1999969482422,103.43016815185547,59.95429229736328,360.1600036621094,17.560121536254883
2011-04-28,149.82000732421875,103.76564025878906,60.412513732910156,358.6400146484375,17.50999641418457
2011-04-29,152.3699951171875,104.00955963134766,60.59968185424805,361.20001220703125,17.501644134521484
2011-05-02,150.41000366210938,103.84945678710938,60.69692611694336,359.44000244140625,17.518348693847656
2011-05-03,149.8800048828125,103.47591400146484,61.04043960571289,352.6400146484375,17.518348693847656
2011-05-04,147.72999572753906,102.789794921875,61.31272506713867,346.0799865722656,17.50999641418457
2011-05-05,143.47000122070312,101.85972595214844,61.89609146118164,314.55999755859375,17.768970489501953
2011-05-06,145.3000030517578,102.30949401855469,61.623844146728516,310.9599914550781,17.902633666992188
2011-05-09,147.3800048828125,102.7059326171875,61.558998107910156,326.9599914550781,17.877573013305664
2011-05-10,147.89999389648438,103.58267211914062,61.118282318115234,328.6400146484375,17.860862731933594
2011-05-11,146.5399932861328,102.4924545288086,61.468292236328125,314.79998779296875,18.027942657470703
2011-05-12,146.58999633789062,102.98036193847656,61.079376220703125,314.239990234375,17.994531631469727
2011-05-13,145.6300048828125,102.18751525878906,61.63029861450195,315.5199890136719,18.119840621948242
2011-05-16,145.3699951171875,101.53950500488281,61.97393035888672,308.0799865722656,18.06136131286621
2011-05-17,144.74000549316406,101.52423858642578,62.60910415649414,308.3999938964844,18.044652938842773
2011-05-18,145.60000610351562,102.43146514892578,61.7794189453125,316.0,18.036300659179688
2011-05-19,145.64999389648438,102.6753921508789,61.753501892089844,312.55999755859375,17.96111297607422
2011-05-20,147.49000549316406,101.85972595214844,61.78586959838867,315.760009765625,18.086423873901367
2011-05-23,147.8300018310547,100.67801666259766,62.08405685424805,307.760009765625,18.20338249206543
2011-05-24,148.58999633789062,100.59416198730469,62.317447662353516,314.239990234375,18.153255462646484
2011-05-25,148.5800018310547,100.92961120605469,62.02573776245117,319.44000244140625,18.136547088623047
2011-05-26,148.22000122070312,101.3946533203125,62.55724334716797,316.79998779296875,18.06136131286621
2011-05-27,149.6999969482422,101.78347778320312,62.53131866455078,317.67999267578125,17.910991668701172
2011-05-31,149.63999938964844,102.84315490722656,62.6739387512207,324.0,17.82744789123535
2011-06-01,149.91000366210938,100.53316497802734,63.520938873291016,316.1600036621094,17.869216918945312
2011-06-02,149.5,100.42643737792969,62.31089782714844,317.44000244140625,17.752262115478516
2011-06-03,150.22000122070312,99.42774963378906,62.668731689453125,317.2799987792969,17.61859893798828
2011-06-06,150.47999572753906,98.37566375732422,62.19380187988281,312.0,17.66872215270996
2011-06-07,150.4199981689453,98.31468963623047,62.47999572753906,312.3999938964844,17.5684757232666
2011-06-08,149.80999755859375,97.90302276611328,62.96799087524414,318.79998779296875,17.652013778686523
2011-06-09,150.55999755859375,98.65013885498047,62.7142333984375,321.1199951171875,17.710494995117188
2011-06-10,149.24000549316406,97.27788543701172,63.19570541381836,312.55999755859375,17.877573013305664
2011-06-13,147.77000427246094,97.35409545898438,62.87693786621094,306.0799865722656,17.785676956176758
2011-06-14,148.6699981689453,98.58916473388672,61.92704391479492,312.79998779296875,17.760616302490234
2011-06-15,149.1199951171875,96.83570098876953,63.052513122558594,300.6400146484375,18.044652938842773
2011-06-16,148.97000122070312,97.04914093017578,63.33883285522461,299.3599853515625,18.036300659179688
2011-06-17,149.94000244140625,97.33879089355469,63.039581298828125,293.0400085449219,17.919342041015625
2011-06-20,150.02999877929688,97.8367691040039,63.11759948730469,293.760009765625,17.919342041015625
2011-06-21,150.75999450683594,99.17748260498047,62.837886810302734,294.32000732421875,17.802387237548828
2011-06-22,150.99000549316406,98.57994079589844,62.87693786621094,296.79998779296875,17.869216918945312
2011-06-23,148.33999633789062,98.29647827148438,63.358299255371094,288.0799865722656,17.96111297607422
2011-06-24,146.25999450683594,97.15489196777344,63.091575622558594,286.4800109863281,18.069713592529297
2011-06-27,145.72999572753906,98.0206527709961,62.22633743286133,285.1199951171875,17.986175537109375
2011-06-28,146.24000549316406,99.30013275146484,61.72539138793945,291.3599853515625,17.919342041015625
2011-06-29,147.17999267578125,100.15050506591797,61.31557846069336,297.8399963378906,17.810739517211914
2011-06-30,146.0,101.10818481445312,61.217960357666016,297.9200134277344,17.727197647094727
2011-07-01,144.92999267578125,102.60218811035156,61.12006378173828,297.20001220703125,17.710494995117188
2011-07-05,147.6300048828125,102.51791381835938,61.25714111328125,303.67999267578125,17.77732276916504
2011-07-06,148.91000366210938,102.64051055908203,61.570457458496094,303.1199951171875,17.885927200317383
2011-07-07,149.14999389648438,103.70540618896484,61.38768768310547,308.8800048828125,17.85251235961914
2011-07-08,150.25,102.96993255615234,62.25590515136719,302.3999938964844,17.89427947998047
2011-07-11,151.58999633789062,101.10818481445312,63.18939971923828,298.32000732421875,18.136547088623047
2011-07-12,152.77000427246094,100.6715087890625,63.4047737121582,303.44000244140625,18.12819480895996
2011-07-13,154.13999938964844,101.00860595703125,63.581085205078125,306.79998779296875,17.936052322387695
2011-07-14,154.5399932861328,100.31143951416016,62.67368698120117,300.3999938964844,17.936052322387695
2011-07-15,155.1999969482422,100.8936996459961,62.77812576293945,305.0400085449219,17.902633666992188
2011-07-18,156.57000732421875,100.06623840332031,62.17102813720703,300.7200012207031,17.94440460205078
2011-07-19,154.66000366210938,101.69046783447266,63.46352767944336,306.0,17.902633666992188
2011-07-20,156.02000427246094,101.62919616699219,62.712852478027344,307.20001220703125,17.819095611572266
2011-07-21,154.8300018310547,103.03887176513672,62.22980880737305,309.760009765625,17.652013778686523
2011-07-22,156.1199951171875,103.10784149169922,62.69978713989258,311.44000244140625,17.652013778686523
2011-07-25,157.33999633789062,102.53324890136719,62.01438522338867,309.44000244140625,17.63530731201172
2011-07-26,157.77000427246094,102.15015411376953,62.438655853271484,310.4800109863281,17.484933853149414
2011-07-27,157.19000244140625,100.0586166381836,62.4451789855957,303.760009765625,17.61859893798828
2011-07-28,157.32000732421875,99.7674789428711,62.68017578125,303.2799987792969,17.652013778686523
2011-07-29,158.2899932861328,99.0855941772461,63.920467376708984,299.3599853515625,17.5684757232666
2011-08-01,157.72000122070312,98.66423034667969,64.56562805175781,297.6000061035156,17.66036605834961
2011-08-02,161.52000427246094,96.14360046386719,66.50428009033203,291.20001220703125,17.685428619384766
2011-08-03,161.49000549316406,96.66455078125,66.63530731201172,286.8800048828125,17.601890563964844
2011-08-04,160.63999938964844,92.13665008544922,69.00621032714844,269.8399963378906,17.877573013305664
2011-08-05,161.75,91.99873352050781,67.01518249511719,271.6000061035156,17.727197647094727
2011-08-08,167.1199951171875,86.00747680664062,69.13069152832031,252.0800018310547,17.752262115478516
2011-08-09,168.61000061035156,90.00677490234375,69.34027862548828,252.9600067138672,17.601890563964844
2011-08-10,174.5800018310547,86.03047943115234,71.40335083007812,254.24000549316406,17.752262115478516
2011-08-11,170.75,89.8918228149414,67.80111694335938,266.3999938964844,17.727197647094727
2011-08-12,169.97000122070312,90.49710845947266,69.14376831054688,265.8399963378906,17.727197647094727
2011-08-15,171.8000030517578,92.41244506835938,68.4429931640625,273.760009765625,17.543413162231445
2011-08-16,173.9199981689453,91.62332153320312,69.57601928710938,270.6400146484375,17.551767349243164
2011-08-17,174.4199981689453,91.68463134765625,70.79424285888672,272.0799865722656,17.50999641418457
2011-08-18,177.72000122070312,87.73130798339844,72.24827575683594,253.75999450683594,17.61024284362793
2011-08-19,179.9499969482422,86.29861450195312,72.83121490478516,256.9599914550781,17.5684757232666
2011-08-22,184.58999633789062,86.36759185791016,72.6478042602539,261.760009765625,17.601890563964844
2011-08-23,177.6699981689453,89.20999908447266,71.64569854736328,267.3599853515625,17.526700973510742
2011-08-24,171.64999389648438,90.46646881103516,69.60880279541016,264.6400146484375,17.560121536254883
2011-08-25,172.36000061035156,89.08739471435547,70.36197662353516,263.760009765625,17.61024284362793
2011-08-26,177.47000122070312,90.38215637207031,71.05626678466797,265.20001220703125,17.50999641418457
2011-08-29,173.88999938964844,92.9793930053711,70.07383728027344,271.67999267578125,17.484933853149414
2011-08-30,179.10000610351562,93.22457885742188,71.20033264160156,275.5199890136719,17.551767349243164
2011-08-31,177.72000122070312,93.63827514648438,70.0999984741211,276.0799865722656,17.601890563964844
2011-09-01,177.8699951171875,92.65760803222656,71.5859603881836,275.760009765625,17.677080154418945
2011-09-02,183.24000549316406,90.29024505615234,73.91152954101562,269.1199951171875,17.727197647094727
2011-09-06,182.89999389648438,89.6313247680664,74.68016052246094,268.7200012207031,18.002880096435547
2011-09-07,177.0800018310547,92.15962982177734,73.25460815429688,277.5199890136719,17.902633666992188
2011-09-08,181.80999755859375,91.2019271850586,73.91152954101562,275.67999267578125,18.086423873901367
2011-09-09,180.6999969482422,88.81156921386719,74.69985961914062,270.79998779296875,18.303625106811523
2011-09-12,176.6699981689453,89.38616180419922,74.77870178222656,275.3599853515625,18.311981201171875
2011-09-13,178.5399932861328,90.2059555053711,73.71443939208984,278.79998779296875,18.253503799438477
2011-09-14,177.2100067138672,91.45478820800781,74.3385238647461,274.7200012207031,18.20338249206543
2011-09-15,174.39999389648438,93.03300476074219,73.20206451416016,276.79998779296875,18.094778060913086
2011-09-16,176.02999877929688,93.58365631103516,73.73414611816406,273.1199951171875,18.16160774230957
2011-09-19,173.30999755859375,92.65182495117188,75.13997650146484,266.32000732421875,18.261857986450195
2011-09-20,175.77999877929688,92.54399871826172,75.455322265625,267.44000244140625,18.261857986450195
2011-09-21,173.58999633789062,89.81781768798828,77.95165252685547,263.3599853515625,18.40387725830078
2011-09-22,169.0500030517578,86.9145278930664,80.88163757324219,249.0399932861328,18.596017837524414
2011-09-23,159.8000030517578,87.43817138671875,79.37725830078125,248.72000122070312,18.545894622802734
2011-09-26,157.5800018310547,89.51747131347656,78.10277557373047,251.75999450683594,18.529184341430664
2011-09-27,160.6300048828125,90.51862335205078,76.90715026855469,258.9599914550781,18.420581817626953
2011-09-28,156.22000122070312,88.67037200927734,76.88087463378906,250.0,18.487415313720703
2011-09-29,157.6999969482422,89.37116241455078,77.41300201416016,255.75999450683594,18.44564437866211
2011-09-30,158.05999755859375,87.13784790039062,79.35752868652344,243.9199981689453,18.637786865234375
2011-10-03,160.9600067138672,84.65811157226562,81.5414047241211,237.9199981689453,18.804866790771484
2011-10-04,157.63999938964844,86.5140380859375,80.50741577148438,239.27999877929688,18.729679107666016
2011-10-05,159.4600067138672,88.1158676147461,79.92784881591797,246.72000122070312,18.67120361328125
2011-10-06,160.49000549316406,89.71000671386719,78.45256805419922,255.83999633789062,18.554244995117188
2011-10-07,159.17999267578125,89.10930633544922,77.87306213378906,256.32000732421875,18.604372024536133
2011-10-10,163.27000427246094,92.08964538574219,76.77315521240234,265.9200134277344,18.311981201171875
2011-10-11,162.10000610351562,92.18207550048828,76.51629638671875,264.0799865722656,18.295272827148438
2011-10-12,163.25999450683594,92.99066162109375,75.40323638916016,263.3599853515625,18.17831802368164
2011-10-13,162.3000030517578,92.80585479736328,76.15402221679688,261.20001220703125,18.16996192932129
2011-10-14,163.39999389648438,94.39225769042969,75.0476303100586,270.9599914550781,18.086423873901367
2011-10-17,162.6199951171875,92.5902328491211,76.34507751464844,267.44000244140625,18.20338249206543
2011-10-18,161.83999633789062,94.39997863769531,75.87081909179688,273.20001220703125,18.17831802368164
2011-10-19,159.8699951171875,93.28330993652344,75.84456634521484,266.4800109863281,18.195024490356445
2011-10-20,157.77000427246094,93.69149780273438,75.30448150634766,266.6400146484375,18.16160774230957
2011-10-21,159.52000427246094,95.47042846679688,74.50752258300781,270.79998779296875,17.994531631469727
2011-10-24,161.02000427246094,96.6410140991211,74.63270568847656,283.0400085449219,17.952760696411133
2011-10-25,165.58999633789062,94.76192474365234,76.52946472167969,286.3999938964844,17.969467163085938
2011-10-26,167.39999389648438,95.72457122802734,75.1924819946289,280.4800109863281,17.969467163085938
2011-10-27,169.5500030517578,99.05915069580078,72.6436996459961,289.67999267578125,17.66872215270996
2011-10-28,169.6199951171875,99.03604125976562,73.40765380859375,288.239990234375,17.677080154418945
2011-10-31,167.33999633789062,96.6487045288086,76.3187484741211,285.9200134277344,18.019588470458984
2011-11-01,167.3800048828125,93.95333099365234,78.87342071533203,281.6000061035156,18.211732864379883
2011-11-02,169.05999755859375,95.48584747314453,77.88959503173828,285.3599853515625,18.16996192932129
2011-11-03,171.72000122070312,97.22625732421875,76.81990051269531,290.55999755859375,18.086423873901367
2011-11-04,170.85000610351562,96.63328552246094,76.91232299804688,291.67999267578125,18.136547088623047
2011-11-07,174.97999572753906,97.23394775390625,77.40098571777344,296.7200012207031,18.119840621948242
2011-11-08,173.52999877929688,98.48155975341797,76.41051483154297,299.44000244140625,18.036300659179688
2011-11-09,172.07000732421875,94.84664154052734,77.99520111083984,296.0,18.35375213623047
2011-11-10,171.13999938964844,95.739990234375,76.83308410644531,301.760009765625,18.303625106811523
2011-11-11,173.9600067138672,97.54200744628906,76.3642807006836,305.67999267578125,18.119840621948242
2011-11-14,173.1999969482422,96.6178970336914,77.59247589111328,302.8800048828125,18.245147705078125
2011-11-15,173.36000061035156,97.09535217285156,77.48680877685547,307.44000244140625,18.35375213623047
2011-11-16,171.50999450683594,95.55516052246094,78.19332885742188,314.7200012207031,18.412227630615234
2011-11-17,167.10000610351562,94.03804016113281,78.82067108154297,305.8399963378906,18.43729019165039
2011-11-18,167.6199951171875,93.9378890991211,78.80081176757812,302.55999755859375,18.387165069580078
2011-11-21,163.5,92.15126037597656,79.2696533203125,300.7200012207031,18.420581817626953
2011-11-22,165.30999755859375,91.7893295288086,80.15446472167969,302.55999755859375,18.412227630615234
2011-11-23,164.8300018310547,89.76390838623047,80.94023132324219,297.2799987792969,18.621082305908203
2011-11-25,163.39999389648438,89.59451293945312,79.76485443115234,297.2799987792969,18.729679107666016
2011-11-28,166.6300048828125,92.18976593017578,79.7252197265625,302.79998779296875,18.654495239257812
2011-11-29,166.8800048828125,92.45162200927734,79.0715560913086,308.3999938964844,18.587663650512695
2011-11-30,170.1300048828125,96.25592041015625,77.83677673339844,310.239990234375,18.428936004638672
2011-12-01,169.6300048828125,96.24053955078125,77.44623565673828,308.8800048828125,18.420581817626953
2011-12-02,169.82000732421875,96.15583801269531,78.53180694580078,312.239990234375,18.479061126708984
2011-12-05,167.32000732421875,97.20315551757812,78.37295532226562,312.0799865722656,18.479061126708984
2011-12-06,168.17999267578125,97.23394775390625,77.62496948242188,312.0,18.46235466003418
2011-12-07,169.39999389648438,97.59593200683594,77.90294647216797,310.4800109863281,18.43729019165039
2011-12-08,165.97999572753906,95.45501708984375,78.87602233886719,302.239990234375,18.537540435791016
2011-12-09,166.39999389648438,97.07225036621094,77.2542495727539,308.0,18.479061126708984
2011-12-12,161.99000549316406,95.65526580810547,78.11476135253906,303.0400085449219,18.67120361328125
2011-12-13,158.4499969482422,94.76192474365234,78.84288024902344,308.8800048828125,18.854991912841797
2011-12-14,152.88999938964844,93.75306701660156,80.33223724365234,293.2799987792969,18.89676284790039
2011-12-15,152.3300018310547,94.09193420410156,80.03437042236328,289.0400085449219,18.846637725830078
2011-12-16,155.22999572753906,94.23143768310547,80.96771240234375,290.1600036621094,18.78816032409668
2011-12-19,154.8699951171875,93.22393798828125,81.99369812011719,289.6000061035156,18.854991912841797
2011-12-20,156.97999572753906,96.0448989868164,79.94830322265625,300.4800109863281,18.696264266967773
2011-12-21,157.16000366210938,96.23088836669922,78.83626556396484,304.8800048828125,18.696264266967773
2011-12-22,156.0399932861328,97.08341979980469,79.16725158691406,306.239990234375,18.696264266967773
2011-12-23,156.30999755859375,97.95138549804688,78.28683471679688,307.9200134277344,18.704618453979492
2011-12-27,154.91000366210938,98.02892303466797,78.65870666503906,312.4800109863281,18.662851333618164
2011-12-28,151.02999877929688,96.74241638183594,80.11307525634766,306.7200012207031,18.83828353881836
2011-12-29,150.33999633789062,97.7421646118164,80.2591323852539,307.2799987792969,18.804866790771484
2011-12-30,151.99000549316406,97.26165008544922,80.5181884765625,304.8800048828125,18.771448135375977
2012-01-03,155.9199981689453,98.81163024902344,79.30952453613281,317.5199890136719,18.61272621154785
2012-01-04,156.7100067138672,98.96663665771484,78.36659240722656,318.1600036621094,18.71297264099121
2012-01-05,157.77999877929688,99.23014068603516,78.22711181640625,313.3599853515625,18.913467407226562
2012-01-06,157.1999969482422,98.97438049316406,78.8447036743164,313.760009765625,18.980302810668945
2012-01-09,156.5,99.2146224975586,78.70520782470703,312.6400146484375,18.913467407226562
2012-01-10,158.63999938964844,100.07486724853516,78.57242584228516,314.7200012207031,18.89676284790039
2012-01-11,159.6699981689453,100.12911987304688,79.59510040283203,311.3599853515625,18.980302810668945
2012-01-12,160.3800048828125,100.36936950683594,79.482177734375,304.4800109863281,18.854991912841797
2012-01-13,159.25999450683594,99.85011291503906,80.2724380493164,305.2799987792969,19.005361557006836
2012-01-17,160.5,100.23763275146484,80.64429473876953,310.32000732421875,18.93853187561035
2012-01-18,161.60000610351562,101.34586334228516,79.66813659667969,310.6400146484375,18.771448135375977
2012-01-19,161.22000122070312,101.88059997558594,78.57242584228516,309.5199890136719,18.67120361328125
2012-01-20,162.07000732421875,102.26036834716797,77.68256378173828,302.239990234375,18.687910079956055
2012-01-23,163.16000366210938,101.99684143066406,77.19120788574219,307.1199951171875,18.579309463500977
2012-01-24,162.00999450683594,101.88059997558594,77.3305892944336,304.79998779296875,18.604372024536133
2012-01-25,166.4199981689453,102.73311614990234,77.14468383789062,306.79998779296875,18.520832061767578
2012-01-26,167.27000427246094,102.20612335205078,78.1673355102539,306.9599914550781,18.504121780395508
2012-01-27,168.97000122070312,102.1596450805664,78.41302490234375,306.3999938964844,18.370460510253906
2012-01-30,168.02999877929688,101.81084442138672,79.33607482910156,304.0799865722656,18.43729019165039
2012-01-31,169.30999755859375,101.7721176147461,80.25255584716797,302.55999755859375,18.479061126708984
2012-02-01,169.55999755859375,102.66336059570312,79.33326721191406,299.0400085449219,18.39552116394043
2012-02-02,171.0500030517578,102.8260726928711,79.29997253417969,297.0400085449219,18.40387725830078
2012-02-03,167.63999938964844,104.26762390136719,77.59587860107422,300.7200012207031,18.40387725830078
2012-02-06,167.17999267578125,104.19783020019531,78.3680191040039,298.6400146484375,18.412227630615234
2012-02-07,169.6999969482422,104.46134185791016,77.39618682861328,303.6000061035156,18.28691864013672
2012-02-08,168.5,104.7713394165039,77.45610046386719,304.32000732421875,18.303625106811523
2012-02-09,168.02000427246094,104.90306091308594,76.876953125,306.6400146484375,18.311981201171875
2012-02-10,167.13999938964844,104.12806701660156,77.87545013427734,304.1600036621094,18.428936004638672
2012-02-13,167.50999450683594,104.90306091308594,77.97530364990234,309.5199890136719,18.40387725830078
2012-02-14,167.1199951171875,104.7713394165039,78.38802337646484,310.7200012207031,18.495771408081055
2012-02-15,168.11000061035156,104.2831039428711,78.24822998046875,313.44000244140625,18.554244995117188
2012-02-16,168.0,105.43785095214844,77.62247467041016,314.239990234375,18.487415313720703
2012-02-17,167.35000610351562,105.71682739257812,77.60253143310547,318.0,18.487415313720703
2012-02-21,171.02000427246094,105.76332092285156,76.74382781982422,324.6400146484375,18.412227630615234
2012-02-22,172.94000244140625,105.42232513427734,77.70903778076172,324.7200012207031,18.43729019165039
2012-02-23,173.02000427246094,105.8873291015625,77.70903778076172,330.9599914550781,18.295272827148438
2012-02-24,172.22999572753906,106.11981964111328,78.21490478515625,336.0799865722656,18.22008514404297
2012-02-27,171.6999969482422,106.29805755615234,78.90721893310547,329.44000244140625,18.278562545776367
2012-02-28,173.49000549316406,106.60806274414062,78.64756774902344,326.32000732421875,18.195024490356445
2012-02-29,164.2899932861328,106.18956756591797,78.16831970214844,327.3599853515625,18.34539794921875
2012-03-01,166.61000061035156,106.73979949951172,77.43245697021484,334.0,18.34539794921875
2012-03-02,166.33999633789062,106.414306640625,78.15966033935547,326.1600036621094,18.470706939697266
2012-03-05,165.64999389648438,105.98033142089844,77.53921508789062,327.760009765625,18.45400047302246
2012-03-06,162.6999969482422,104.43038177490234,78.47994995117188,321.0400085449219,18.570953369140625
2012-03-07,163.6300048828125,105.15885162353516,77.99954223632812,324.8800048828125,18.545894622802734
2012-03-08,165.27999877929688,106.205078125,77.2189712524414,326.55999755859375,18.420581817626953
2012-03-09,166.3800048828125,106.61579895019531,77.3724136352539,328.7200012207031,18.596017837524414
2012-03-12,165.07000732421875,106.62358093261719,77.35906219482422,325.6000061035156,18.570953369140625
2012-03-13,162.3000030517578,108.54556274414062,75.99803161621094,326.6400146484375,18.629432678222656
2012-03-14,159.57000732421875,108.42933654785156,74.08322143554688,323.2799987792969,18.729679107666016
2012-03-15,161.0800018310547,109.05706024169922,74.1966552734375,322.239990234375,18.654495239257812
2012-03-16,161.3000030517578,109.20804595947266,74.3434066772461,328.239990234375,18.529184341430664
2012-03-19,161.58999633789062,109.63616943359375,73.4560546875,330.32000732421875,18.428936004638672
2012-03-20,160.1300048828125,109.31706237792969,73.7496566772461,323.44000244140625,18.46235466003418
2012-03-21,160.2100067138672,109.13797760009766,74.58360290527344,325.2799987792969,18.470706939697266
2012-03-22,159.57000732421875,108.35182189941406,74.82381439208984,321.1199951171875,18.495771408081055
2012-03-23,161.52999877929688,108.7021255493164,75.53102111816406,325.5199890136719,18.39552116394043
2012-03-26,164.39999389648438,110.22775268554688,75.1440200805664,326.1600036621094,18.278562545776367
2012-03-27,163.24000549316406,109.88523864746094,75.68444061279297,325.67999267578125,18.34539794921875
2012-03-28,161.50999450683594,109.34040069580078,75.57769775390625,321.5199890136719,18.33704376220703
2012-03-29,161.27999877929688,109.1535415649414,76.14474487304688,314.32000732421875,18.328689575195312
2012-03-30,162.1199951171875,109.60504150390625,74.85716247558594,313.8399963378906,18.303625106811523
2012-04-02,162.94000244140625,110.40677642822266,75.27189636230469,320.239990234375,18.261857986450195
2012-04-03,159.88999938964844,109.95526123046875,73.96749877929688,317.2799987792969,18.39552116394043
2012-04-04,157.2100067138672,108.86556243896484,74.98426055908203,310.7200012207031,18.487415313720703
2012-04-05,158.30999755859375,108.8110580444336,75.52608489990234,314.0799865722656,18.545894622802734
2012-04-09,159.3699951171875,107.5890121459961,77.2919921875,311.760009765625,18.487415313720703
2012-04-10,161.10000610351562,105.78313446044922,78.168212890625,308.0799865722656,18.512475967407227
2012-04-11,161.07000732421875,106.63936614990234,77.23172760009766,312.0799865722656,18.487415313720703
2012-04-12,162.6999969482422,108.03275299072266,76.9106674194336,315.5199890136719,18.362104415893555
2012-04-13,160.85000610351562,106.74830627441406,78.15485382080078,313.20001220703125,18.512475967407227
2012-04-16,160.4600067138672,106.67828369140625,78.04113006591797,313.44000244140625,18.43729019165039
2012-04-17,160.25,108.2584228515625,77.99433135986328,317.1199951171875,18.428936004638672
2012-04-18,159.30999755859375,107.892578125,78.22172546386719,312.3999938964844,18.428936004638672
2012-04-19,159.42999267578125,107.19979858398438,78.29534149169922,311.67999267578125,18.420581817626953
2012-04-20,159.5399932861328,107.37882995605469,78.30865478515625,315.1199951171875,18.32033348083496
2012-04-23,159.07000732421875,106.47594451904297,78.87724304199219,312.239990234375,18.378814697265625
2012-04-24,159.3000030517578,106.88066101074219,78.32209777832031,313.3599853515625,18.328689575195312
2012-04-25,159.6199951171875,108.34406280517578,77.92073059082031,315.2799987792969,18.28691864013672
2012-04-26,161.02999877929688,109.09909057617188,78.38894653320312,316.239990234375,18.261857986450195
2012-04-27,161.3800048828125,109.27813720703125,78.45584869384766,316.9599914550781,18.22844123840332
2012-04-30,161.8800048828125,108.87335968017578,78.47589874267578,317.44000244140625,18.22008514404297
2012-05-01,161.32000732421875,109.55054473876953,78.06890106201172,321.20001220703125,18.23679542541504
2012-05-02,160.58999633789062,109.2236099243164,78.61870574951172,319.1199951171875,18.295272827148438
2012-05-03,158.97000122070312,108.3907241821289,78.59864807128906,310.6400146484375,18.311981201171875
2012-05-04,159.47000122070312,106.63936614990234,79.21546173095703,298.32000732421875,18.387165069580078
2012-05-07,159.0800018310547,106.71723175048828,79.22888946533203,296.3999938964844,18.412227630615234
2012-05-08,156.0,106.28910064697266,79.65137481689453,294.9599914550781,18.45400047302246
2012-05-09,154.47000122070312,105.65862274169922,79.70497131347656,292.1600036621094,18.529184341430664
2012-05-10,154.77000427246094,105.87657165527344,79.47029876708984,292.8800048828125,18.545894622802734
2012-05-11,153.55999755859375,105.55744171142578,80.1274185180664,290.0799865722656,18.579309463500977
2012-05-14,151.3300018310547,104.38983154296875,81.24720764160156,284.8800048828125,18.662851333618164
2012-05-15,149.74000549316406,103.79045867919922,81.57573699951172,282.239990234375,18.813220977783203
2012-05-16,149.4600067138672,103.39347839355469,81.81044006347656,280.3999938964844,18.854991912841797
2012-05-17,152.8000030517578,101.86006927490234,83.2587661743164,280.32000732421875,18.83828353881836
2012-05-18,154.5500030517578,100.98826599121094,83.27887725830078,275.44000244140625,18.763097763061523
2012-05-21,154.64999389648438,102.72406768798828,83.10454559326172,281.20001220703125,18.704618453979492
2012-05-22,152.0800018310547,102.90310668945312,82.17924499511719,275.8399963378906,18.89676284790039
2012-05-23,151.6199951171875,102.95758819580078,82.7491455078125,272.7200012207031,18.963592529296875
2012-05-24,151.41000366210938,103.15999603271484,82.43403625488281,274.0799865722656,19.038782119750977
2012-05-25,152.67999267578125,102.82527923583984,82.74240112304688,273.760009765625,19.063838958740234
2012-05-29,151.02000427246094,104.07067108154297,82.48762512207031,273.8399963378906,19.04713249206543
2012-05-30,151.91000366210938,102.56057739257812,84.57970428466797,264.1600036621094,19.197505950927734
2012-05-31,151.6199951171875,102.33486938476562,85.55866241455078,260.8800048828125,19.205860137939453
2012-06-01,157.5,99.7583999633789,87.58976745605469,251.44000244140625,19.147380828857422
2012-06-04,157.32000732421875,99.71172332763672,86.89775848388672,254.0800018310547,19.063838958740234
2012-06-05,157.13999938964844,100.46675872802734,85.73536682128906,254.0800018310547,19.130674362182617
2012-06-06,157.2100067138672,102.72406768798828,84.02196502685547,257.20001220703125,18.971942901611328
2012-06-07,154.5,102.786376953125,84.1496353149414,253.75999450683594,18.99700927734375
2012-06-08,154.72999572753906,103.60365295410156,84.12952423095703,254.39999389648438,19.055484771728516
2012-06-11,155.36000061035156,102.2881851196289,84.51248168945312,245.60000610351562,19.080551147460938
2012-06-12,156.4600067138672,103.46350860595703,83.73978424072266,251.36000061035156,19.013717651367188
2012-06-13,157.1199951171875,102.80189514160156,84.56623077392578,248.8000030517578,18.95524024963379
2012-06-14,157.75,103.89167022705078,84.45870971679688,253.83999633789062,18.880054473876953
2012-06-15,157.83999633789062,104.9542007446289,84.92909240722656,253.0399932861328,18.796512603759766
2012-06-18,157.92999267578125,105.15762329101562,85.38594055175781,250.55999755859375,18.880054473876953
2012-06-19,157.16000366210938,106.1747817993164,84.27057647705078,253.44000244140625,18.738037109375
2012-06-20,155.97000122070312,106.00263214111328,84.68719482421875,243.9199981689453,18.763097763061523
2012-06-21,152.02000427246094,103.62409210205078,85.13729858398438,235.67999267578125,18.963592529296875
2012-06-22,152.63999938964844,104.42216491699219,84.0018081665039,240.8000030517578,18.92182159423828
2012-06-25,153.75999450683594,102.74776458740234,85.2247085571289,238.39999389648438,18.980302810668945
2012-06-26,152.6199951171875,103.26412963867188,84.88874816894531,238.47999572753906,18.946884155273438
2012-06-27,152.8300018310547,104.19524383544922,85.02315521240234,241.60000610351562,19.005361557006836
2012-06-28,151.0500030517578,103.89794158935547,85.2314682006836,236.0,19.030426025390625
2012-06-29,155.19000244140625,106.48771667480469,84.12276458740234,254.63999938964844,18.771448135375977
2012-07-02,155.08999633789062,106.80850982666016,84.99072265625,251.44000244140625,18.813220977783203
2012-07-03,157.4600067138672,107.51273345947266,84.33757019042969,263.5199890136719,18.796512603759766
2012-07-05,155.67999267578125,107.02762603759766,84.76853942871094,260.9599914550781,19.04713249206543
2012-07-06,153.7100067138672,106.0104751586914,85.55635070800781,252.72000122070312,19.172443389892578
2012-07-09,154.0399932861328,105.87744140625,86.31048583984375,257.3599853515625,19.113964080810547
2012-07-10,152.14999389648438,104.9542007446289,86.485595703125,252.16000366210938,19.180795669555664
2012-07-11,152.99000549316406,104.9698715209961,86.59334564208984,258.6400146484375,19.197505950927734
2012-07-12,152.58999633789062,104.46125793457031,87.20600128173828,257.6000061035156,19.239276885986328
2012-07-13,154.13999938964844,106.21389770507812,86.97710418701172,261.44000244140625,19.155736923217773
2012-07-16,154.2100067138672,105.9635238647461,87.38114166259766,264.9599914550781,19.097259521484375
2012-07-17,153.47000122070312,106.69120788574219,86.69435119628906,267.0400085449219,19.080551147460938
2012-07-18,153.0500030517578,107.48140716552734,86.74146270751953,269.5199890136719,19.063838958740234
2012-07-19,153.3800048828125,107.76309204101562,86.51921081542969,277.1199951171875,19.055484771728516
2012-07-20,153.6699981689453,106.77725982666016,87.57640838623047,273.6000061035156,19.197505950927734
2012-07-23,153.02999877929688,105.6974868774414,88.06792449951172,264.0,19.222566604614258
2012-07-24,153.52000427246094,104.78988647460938,88.7614974975586,265.20001220703125,19.297754287719727
2012-07-25,155.6699981689453,104.81333923339844,88.990478515625,265.67999267578125,19.197505950927734
2012-07-26,156.77000427246094,106.54252624511719,88.17573547363281,267.2799987792969,19.005361557006836
2012-07-27,157.5399932861328,108.50640106201172,86.51251983642578,269.3599853515625,18.99700927734375
2012-07-30,157.42999267578125,108.50640106201172,87.1589584350586,267.6000061035156,19.022071838378906
2012-07-31,156.49000549316406,107.74745178222656,87.33397674560547,261.44000244140625,18.971942901611328
2012-08-01,155.13999938964844,107.653564453125,86.89740753173828,265.3599853515625,19.105613708496094
2012-08-02,154.1300048828125,106.9102554321289,87.3899917602539,260.79998779296875,19.139026641845703
2012-08-03,155.5500030517578,109.03060913085938,85.97969055175781,272.55999755859375,18.905115127563477
2012-08-06,156.3000030517578,109.24185943603516,86.013427734375,275.3599853515625,18.880054473876953
2012-08-07,156.27999877929688,109.7895736694336,84.90682220458984,279.2799987792969,18.880054473876953
2012-08-08,156.47999572753906,109.9225845336914,84.45475769042969,278.9599914550781,18.913467407226562
2012-08-09,156.99000549316406,110.01648712158203,84.39395904541016,279.44000244140625,18.980302810668945
2012-08-10,157.17999267578125,110.19638061523438,84.81915283203125,278.79998779296875,18.946884155273438
2012-08-13,155.99000549316406,110.14163970947266,84.67742156982422,277.2799987792969,18.92182159423828
2012-08-14,155.1300048828125,110.15731048583984,83.5302734375,279.3599853515625,18.930177688598633
2012-08-15,155.6300048828125,110.28250122070312,82.3562240600586,281.5199890136719,18.980302810668945
2012-08-16,156.55999755859375,111.09619903564453,81.6544189453125,284.4800109863281,18.913467407226562
2012-08-17,156.72000122070312,111.24484252929688,82.05252838134766,287.6000061035156,18.946884155273438
2012-08-20,157.25999450683594,111.25267028808594,82.2212142944336,286.6400146484375,18.92182159423828
2012-08-21,158.8300018310547,110.91625213623047,82.58560943603516,287.8399963378906,18.796512603759766
2012-08-22,160.5399932861328,110.96322631835938,83.94861602783203,289.760009765625,18.704618453979492
2012-08-23,161.88999938964844,110.05558013916016,84.29959869384766,286.0799865722656,18.67120361328125
2012-08-24,161.97000122070312,110.72064971923828,84.21858978271484,285.44000244140625,18.729679107666016
2012-08-27,161.36000061035156,110.74412536621094,84.71119689941406,284.8800048828125,18.746389389038086
2012-08-28,161.63999938964844,110.63459777832031,84.91358947753906,286.32000732421875,18.67120361328125
2012-08-29,160.58999633789062,110.72064971923828,84.54247283935547,283.0400085449219,18.704618453979492
2012-08-30,160.52000427246094,109.9225845336914,84.98109436035156,282.0799865722656,18.746389389038086
2012-08-31,164.22000122070312,110.44676971435547,86.18212890625,287.1199951171875,18.629432678222656
2012-09-04,164.47999572753906,110.34507751464844,86.09554290771484,284.0799865722656,18.654495239257812
2012-09-05,164.30999755859375,110.25118255615234,85.68985748291016,284.55999755859375,18.637786865234375
2012-09-06,164.88999938964844,112.4889144897461,84.2630615234375,281.8399963378906,18.587663650512695
2012-09-07,168.44000244140625,112.92707824707031,83.87085723876953,287.0400085449219,18.387165069580078
2012-09-10,167.2899932861328,112.2855224609375,84.07372283935547,286.79998779296875,18.44564437866211
2012-09-11,167.89999389648438,112.59849548339844,83.54625701904297,288.8800048828125,18.303625106811523
2012-09-12,167.9199981689453,112.97403717041016,82.50489807128906,288.32000732421875,18.28691864013672
2012-09-13,171.30999755859375,114.69538116455078,82.18033599853516,292.0799865722656,18.16996192932129
2012-09-14,171.8000030517578,115.2039566040039,79.9961929321289,294.7200012207031,18.078067779541016
2012-09-17,170.39999389648438,114.81272888183594,80.95637512207031,286.0,18.103130340576172
2012-09-18,171.72000122070312,114.71881866455078,81.36206817626953,284.55999755859375,18.16160774230957
2012-09-19,171.74000549316406,114.78143310546875,81.89630126953125,272.9599914550781,18.103130340576172
2012-09-20,171.47000122070312,114.78923797607422,82.09920501708984,276.0799865722656,18.186668395996094
2012-09-21,171.9600067138672,114.74121856689453,82.19381713867188,275.9200134277344,18.16996192932129
2012-09-24,171.0500030517578,114.56820678710938,82.83623504638672,272.7200012207031,18.211732864379883
2012-09-25,170.77000427246094,113.34901428222656,83.65446472167969,270.0,18.245147705078125
2012-09-26,169.80999755859375,112.71183013916016,84.5538101196289,266.7200012207031,18.278562545776367
2012-09-27,172.33999633789062,113.77378845214844,83.9520263671875,273.20001220703125,18.22844123840332
2012-09-28,171.88999938964844,113.2467041015625,83.9993667602539,272.9599914550781,18.311981201171875
2012-10-01,172.2899932861328,113.54562377929688,84.31105041503906,274.0,18.27021026611328
2012-10-02,172.10000610351562,113.66364288330078,84.1958999633789,272.1600036621094,18.253503799438477
2012-10-03,172.41000366210938,114.12775421142578,84.22299194335938,260.8800048828125,18.303625106811523
2012-10-04,173.61000061035156,114.94579315185547,83.1726303100586,271.5199890136719,18.17831802368164
2012-10-05,172.6199951171875,114.95362854003906,82.09519958496094,266.79998779296875,18.17831802368164
2012-10-08,172.0500030517578,114.56034088134766,82.786376953125,265.760009765625,18.22008514404297
2012-10-09,170.99000549316406,113.42766571044922,82.63729095458984,273.44000244140625,18.33704376220703
2012-10-10,170.83999633789062,112.70399475097656,83.2200698852539,270.7200012207031,18.295272827148438
2012-10-11,171.32000732421875,112.76688385009766,83.79606628417969,274.32000732421875,18.261857986450195
2012-10-12,170.05999755859375,112.39718627929688,84.00614166259766,272.0,18.23679542541504
2012-10-15,168.35000610351562,113.3332748413086,83.81639862060547,272.0,18.245147705078125
2012-10-16,169.4199981689453,114.48165893554688,82.65764617919922,273.0400085449219,18.16996192932129
2012-10-17,169.5399932861328,115.00080871582031,81.89189910888672,272.79998779296875,18.078067779541016
2012-10-18,168.7899932861328,114.701904296875,81.3905029296875,272.55999755859375,18.153255462646484
2012-10-19,166.97000122070312,112.79045867919922,82.49498748779297,266.7200012207031,18.22008514404297
2012-10-22,167.5800018310547,112.80619812011719,81.96643829345703,263.20001220703125,18.22008514404297
2012-10-23,165.42999267578125,111.24089050292969,83.13873291015625,255.75999450683594,18.303625106811523
2012-10-24,164.86000061035156,110.92628479003906,82.31884002685547,253.0399932861328,18.303625106811523
2012-10-25,166.02000427246094,111.248779296875,81.8986587524414,254.24000549316406,18.32033348083496
2012-10-26,165.92999267578125,111.18580627441406,83.10488891601562,254.32000732421875,18.32033348083496
2012-10-31,166.8300018310547,111.18580627441406,83.59276580810547,254.24000549316406,18.28691864013672
2012-11-01,166.07000732421875,112.35002136230469,82.9083480834961,256.4800109863281,18.311981201171875
2012-11-02,162.60000610351562,111.35100555419922,82.84736633300781,250.8000030517578,18.43729019165039
2012-11-05,163.22999572753906,111.57913970947266,83.31495666503906,252.8800048828125,18.479061126708984
2012-11-06,166.3000030517578,112.4522705078125,82.52889251708984,260.4800109863281,18.45400047302246
2012-11-07,166.49000549316406,109.90367126464844,84.02647399902344,249.67999267578125,18.487415313720703
2012-11-08,167.99000549316406,108.58216857910156,85.27327728271484,250.39999389648438,18.487415313720703
2012-11-09,167.82000732421875,108.67658996582031,85.36815643310547,253.83999633789062,18.529184341430664
2012-11-12,167.4499969482422,108.76310729980469,85.51048278808594,252.72000122070312,18.537540435791016
2012-11-13,167.10000610351562,108.38555145263672,85.79509735107422,251.27999877929688,18.554244995117188
2012-11-14,167.13999938964844,106.92247772216797,85.87638092041016,254.16000366210938,18.545894622802734
2012-11-15,166.08999633789062,106.74154663085938,85.70698547363281,251.9199981689453,18.545894622802734
2012-11-16,165.8800048828125,107.26854705810547,85.63240814208984,255.44000244140625,18.579309463500977
2012-11-19,167.8699951171875,109.43956756591797,85.15129852294922,261.3599853515625,18.495771408081055
2012-11-20,167.38999938964844,109.48678588867188,84.29754638671875,255.60000610351562,18.487415313720703
2012-11-21,167.55999755859375,109.6912841796875,84.25005340576172,256.9599914550781,18.495771408081055
2012-11-23,169.61000061035156,111.18580627441406,84.16876220703125,258.55999755859375,18.32033348083496
2012-11-26,169.42999267578125,110.94985961914062,84.5685806274414,257.5199890136719,18.328689575195312
2012-11-27,168.7100067138672,110.38351440429688,84.90061950683594,255.83999633789062,18.387165069580078
2012-11-28,166.5500030517578,111.27238464355469,84.77861022949219,254.32000732421875,18.35375213623047
2012-11-29,167.17999267578125,111.79150390625,84.79217529296875,257.3599853515625,18.328689575195312
2012-11-30,166.0500030517578,111.81509399414062,84.56177520751953,260.4800109863281,18.311981201171875
2012-12-03,166.1300048828125,111.26448059082031,84.63992309570312,260.79998779296875,18.253503799438477
2012-12-04,164.4199981689453,111.10713195800781,85.12870788574219,259.20001220703125,18.195024490356445
2012-12-05,164.1199951171875,111.30384826660156,85.08802795410156,257.760009765625,18.23679542541504
2012-12-06,164.5,111.68138122558594,85.27129364013672,253.27999877929688,18.33704376220703
2012-12-07,165.16000366210938,112.01963806152344,84.48373413085938,252.24000549316406,18.370460510253906
2012-12-10,165.8000030517578,112.06684112548828,84.8571548461914,251.1199951171875,18.34539794921875
2012-12-11,165.64999389648438,112.8298110961914,84.21210479736328,251.75999450683594,18.278562545776367
2012-12-12,165.77000427246094,112.88491821289062,83.23438262939453,254.24000549316406,18.245147705078125
2012-12-13,164.3699951171875,112.19271087646484,83.29547882080078,252.63999938964844,18.261857986450195
2012-12-14,164.1300048828125,111.77576446533203,83.92017364501953,254.47999572753906,18.16996192932129
2012-12-17,164.44000244140625,113.08942413330078,82.66407012939453,256.0799865722656,18.16996192932129
2012-12-18,162.0800018310547,114.34796905517578,81.8221664428711,257.44000244140625,18.111486434936523
2012-12-19,161.69000244140625,113.49844360351562,82.09375762939453,261.3599853515625,18.103130340576172
2012-12-20,159.72999572753906,114.15130615234375,82.10733795166016,261.8399963378906,18.086423873901367
2012-12-21,160.3300018310547,113.11515808105469,83.0035629272461,258.8800048828125,18.17831802368164
2012-12-24,160.6199951171875,112.7665786743164,82.85418701171875,257.9200134277344,18.17831802368164
2012-12-26,160.77999877929688,112.2912826538086,83.15222930908203,265.20001220703125,18.17831802368164
2012-12-27,161.16000366210938,112.14077758789062,83.43125915527344,265.5199890136719,18.17831802368164
2012-12-28,160.5399932861328,110.92876434326172,83.90754699707031,264.32000732421875,18.195024490356445
2012-12-31,162.02000427246094,112.8140869140625,82.45818328857422,266.9599914550781,18.22008514404297
2013-01-02,163.1699981689453,115.70553588867188,81.35580444335938,270.55999755859375,18.22844123840332
2013-01-03,161.1999969482422,115.44416809082031,80.25349426269531,269.9200134277344,18.370460510253906
2013-01-04,160.44000244140625,115.95106506347656,80.56645965576172,271.0400085449219,18.370460510253906
2013-01-07,159.42999267578125,115.63426971435547,80.60053253173828,271.3599853515625,18.311981201171875
2013-01-08,160.55999755859375,115.30156707763672,81.13124084472656,271.67999267578125,18.33704376220703
2013-01-09,160.49000549316406,115.59469604492188,81.05642700195312,271.0400085449219,18.39552116394043
2013-01-10,161.97999572753906,116.51361083984375,80.83187103271484,273.3599853515625,18.211732864379883
2013-01-11,161.05999755859375,116.50569152832031,81.55318450927734,272.4800109863281,18.16160774230957
2013-01-14,161.5399932861328,116.42647552490234,81.32862091064453,274.239990234375,18.136547088623047
2013-01-15,162.55999755859375,116.50569152832031,81.70284271240234,271.9200134277344,18.186668395996094
2013-01-16,162.64999389648438,116.48982238769531,81.87296295166016,274.239990234375,18.20338249206543
2013-01-17,163.35000610351562,117.242431640625,81.05642700195312,277.3599853515625,18.16996192932129
2013-01-18,163.08999633789062,117.50382995605469,81.68242645263672,278.1600036621094,18.253503799438477
2013-01-22,163.6699981689453,118.13754272460938,81.83893585205078,280.0799865722656,18.23679542541504
2013-01-23,163.2100067138672,118.32769775390625,81.71643829345703,276.8800048828125,18.23679542541504
2013-01-24,161.4199981689453,118.35938262939453,81.43065643310547,278.0799865722656,18.23679542541504
2013-01-25,160.64999389648438,119.02471160888672,80.31473541259766,278.239990234375,18.195024490356445
2013-01-28,160.2899932861328,118.88224029541016,80.02215576171875,279.5199890136719,18.20338249206543
2013-01-29,160.99000549316406,119.34954071044922,79.579833984375,282.32000732421875,18.153255462646484
2013-01-30,162.19000244140625,118.88224029541016,79.44374084472656,283.9200134277344,18.078067779541016
2013-01-31,161.1999969482422,118.58911895751953,79.8315658569336,282.239990234375,18.06136131286621
2013-02-01,161.4499969482422,119.8090591430664,78.79500579833984,282.79998779296875,18.044652938842773
2013-02-04,162.0,118.46237182617188,79.8042984008789,278.239990234375,18.136547088623047
2013-02-05,161.9600067138672,119.6585464477539,79.09503936767578,280.239990234375,18.12819480895996
2013-02-06,162.38999938964844,119.74562072753906,79.74292755126953,280.32000732421875,18.186668395996094
2013-02-07,161.83999633789062,119.58727264404297,79.56558227539062,277.44000244140625,18.28691864013672
2013-02-08,161.57000732421875,120.25265502929688,79.87247467041016,277.6000061035156,18.295272827148438
2013-02-11,159.6999969482422,120.2288818359375,79.81114196777344,280.9599914550781,18.311981201171875
2013-02-12,159.88999938964844,120.42696380615234,79.61331939697266,282.239990234375,18.27021026611328
2013-02-13,159.0500030517578,120.52989959716797,78.96546173095703,281.5199890136719,18.278562545776367
2013-02-14,158.35000610351562,120.64087677001953,79.68156433105469,282.1600036621094,18.328689575195312
2013-02-15,155.75999450683594,120.498291015625,79.44966888427734,277.760009765625,18.34539794921875
2013-02-19,155.3300018310547,121.40133666992188,79.05416107177734,279.67999267578125,18.35375213623047
2013-02-20,151.44000244140625,119.88825988769531,79.2928466796875,273.3599853515625,18.487415313720703
2013-02-21,152.6199951171875,119.15948486328125,79.75657653808594,267.44000244140625,18.562599182128906
2013-02-22,152.97000122070312,120.32395935058594,79.81114196777344,268.79998779296875,18.570953369140625
2013-02-25,154.33999633789062,118.03459167480469,81.37969970703125,265.67999267578125,18.64613914489746
2013-02-26,156.22000122070312,118.84255981445312,80.90909576416016,266.6400146484375,18.662851333618164
2013-02-27,154.57000732421875,120.33985900878906,80.67046356201172,267.20001220703125,18.587663650512695
2013-02-28,153.0,120.10213470458984,80.82046508789062,264.4800109863281,18.687910079956055
2013-03-01,152.44000244140625,120.498291015625,81.2605972290039,261.9200134277344,18.746389389038086
2013-03-04,152.3000030517578,121.1399154663086,80.83002471923828,259.20001220703125,18.738037109375
2013-03-05,152.3800048828125,122.22518920898438,80.5976791381836,261.5199890136719,18.71297264099121
2013-03-06,153.22999572753906,122.39155578613281,79.8663558959961,260.32000732421875,18.78816032409668
2013-03-07,152.69000244140625,122.61337280273438,79.25129699707031,263.5199890136719,18.704618453979492
2013-03-08,152.7100067138672,123.13617706298828,78.42431640625,264.3999938964844,18.846637725830078
2013-03-11,152.99000549316406,123.60359191894531,78.49950408935547,264.32000732421875,18.804866790771484
2013-03-12,154.19000244140625,123.32630920410156,79.06671905517578,266.0799865722656,18.796512603759766
2013-03-13,153.66000366210938,123.50064086914062,78.98473358154297,265.5199890136719,18.871700286865234
2013-03-14,153.67999267578125,124.15807342529297,78.74553680419922,267.3599853515625,18.796512603759766
2013-03-15,154.0,123.99423217773438,79.1146011352539,268.79998779296875,18.71297264099121
2013-03-18,155.3800048828125,123.30992126464844,79.71600341796875,269.20001220703125,18.82992935180664
2013-03-19,156.0800018310547,123.02347564697266,80.25592803955078,264.55999755859375,18.88840675354004
2013-03-20,155.3699951171875,123.88280487060547,79.36062622070312,267.6000061035156,18.846637725830078
2013-03-21,156.25,122.82452392578125,80.12605285644531,264.3999938964844,18.846637725830078
2013-03-22,155.5500030517578,123.8111801147461,80.18756866455078,268.8800048828125,18.729679107666016
2013-03-25,155.24000549316406,123.29393768310547,80.11241149902344,270.79998779296875,18.863346099853516
2013-03-26,154.72000122070312,124.28065490722656,80.20807647705078,275.6000061035156,18.854991912841797
2013-03-27,155.36000061035156,124.28065490722656,80.89149475097656,276.3999938964844,18.930177688598633
2013-03-28,154.4499969482422,124.66256713867188,80.48149108886719,278.0,18.880054473876953
2013-04-01,154.6699981689453,124.16919708251953,81.08761596679688,277.44000244140625,18.813220977783203
2013-04-02,152.42999267578125,124.78194427490234,80.7588882446289,277.20001220703125,18.854991912841797
2013-04-03,150.72999572753906,123.51673126220703,81.4848861694336,270.0799865722656,18.813220977783203
2013-04-04,150.2899932861328,124.01811218261719,82.45743560791016,267.1199951171875,18.78816032409668
2013-04-05,152.80999755859375,123.46114349365234,84.1218490600586,266.239990234375,18.754743576049805
2013-04-08,152.16000366210938,124.29655456542969,83.47796630859375,267.9200134277344,18.804866790771484
2013-04-09,153.33999633789062,124.72624206542969,83.27251434326172,269.1199951171875,18.721328735351562
2013-04-10,150.75,126.25399017333984,82.12869262695312,270.6400146484375,18.738037109375
2013-04-11,151.0500030517578,126.66771697998047,82.28620147705078,267.67999267578125,18.687910079956055
2013-04-12,143.9499969482422,126.357421875,83.5121841430664,260.239990234375,18.662851333618164
2013-04-15,131.30999755859375,123.42922973632812,84.23823547363281,251.9199981689453,18.721328735351562
2013-04-16,132.8000030517578,125.25141906738281,83.54647064208984,254.0800018310547,18.570953369140625
2013-04-17,132.8699951171875,123.42127990722656,84.10124969482422,248.0800018310547,18.771448135375977
2013-04-18,134.3000030517578,122.6495132446289,84.30670928955078,253.1199951171875,18.763097763061523
2013-04-19,135.47000122070312,123.71570587158203,84.12869262695312,251.1199951171875,18.796512603759766
2013-04-22,137.89999389648438,124.26471710205078,84.19029998779297,254.55999755859375,18.78816032409668
2013-04-23,136.8800048828125,125.54583740234375,83.89582061767578,254.8800048828125,18.854991912841797
2013-04-24,138.3699951171875,125.6253662109375,84.1081771850586,261.2799987792969,18.846637725830078
2013-04-25,141.6300048828125,126.13459777832031,83.74513244628906,266.0,18.804866790771484
2013-04-26,140.91000366210938,125.91188049316406,84.51220703125,264.9599914550781,18.721328735351562
2013-04-29,142.3000030517578,126.75530242919922,84.20399475097656,268.8800048828125,18.637786865234375
2013-04-30,142.77000427246094,127.05768585205078,84.25189208984375,265.2799987792969,18.545894622802734
2013-05-01,141.11000061035156,125.94368743896484,85.11749267578125,259.1199951171875,18.529184341430664
2013-05-02,141.9199981689453,127.11341857910156,85.00765991210938,267.9200134277344,18.654495239257812
2013-05-03,142.08999633789062,128.4023895263672,83.00343322753906,272.0799865722656,18.64613914489746
2013-05-06,142.14999389648438,128.72860717773438,82.7975082397461,273.1199951171875,18.687910079956055
2013-05-07,140.3800048828125,129.381103515625,82.47490692138672,272.0799865722656,18.687910079956055
2013-05-08,142.4600067138672,129.96990966796875,82.60530090332031,275.20001220703125,18.604372024536133
2013-05-09,140.80999755859375,129.60391235351562,82.39254760742188,273.3599853515625,18.779804229736328
2013-05-10,139.60000610351562,130.02565002441406,81.50714111328125,273.1199951171875,18.880054473876953
2013-05-13,138.42999267578125,130.12901306152344,80.88249206542969,270.8800048828125,18.913467407226562
2013-05-14,137.80999755859375,131.4737091064453,80.0039291381836,268.4800109863281,18.988656997680664
2013-05-15,134.6300048828125,132.18197631835938,80.53934478759766,268.8800048828125,19.038782119750977
2013-05-16,134.08999633789062,131.56130981445312,81.37672424316406,270.9599914550781,19.030426025390625
2013-05-17,131.07000732421875,132.8343963623047,80.34718322753906,273.67999267578125,19.147380828857422
2013-05-20,135.1199951171875,132.82650756835938,80.25106048583984,275.5199890136719,19.030426025390625
2013-05-21,132.8800048828125,133.01744079589844,80.88249206542969,272.8800048828125,19.038782119750977
2013-05-22,131.94000244140625,132.03082275390625,79.68135070800781,267.67999267578125,19.12232208251953
2013-05-23,134.61000061035156,131.6488800048828,80.0588607788086,268.32000732421875,18.99700927734375
2013-05-24,133.75999450683594,131.53746032714844,80.16870880126953,266.9599914550781,18.971942901611328
2013-05-28,133.49000549316406,132.3251953125,78.13699340820312,270.32000732421875,19.105613708496094
2013-05-29,134.8300018310547,131.46588134765625,79.01559448242188,264.79998779296875,18.963592529296875
2013-05-30,136.6999969482422,131.95123291015625,78.82333374023438,266.0,18.83828353881836
2013-05-31,133.9199981689453,130.05738830566406,78.55573272705078,260.8800048828125,18.88840675354004
2013-06-03,136.50999450683594,130.77357482910156,78.97199249267578,265.2799987792969,18.754743576049805
2013-06-04,135.22999572753906,130.1449432373047,78.24271392822266,265.6000061035156,18.763097763061523
2013-06-05,135.52000427246094,128.3228302001953,79.32283782958984,266.0799865722656,18.729679107666016
2013-06-06,136.52999877929688,129.4845428466797,79.2746810913086,268.9599914550781,18.487415313720703
2013-06-07,133.27999877929688,131.13165283203125,77.85736083984375,273.2799987792969,18.512475967407227
2013-06-10,133.94000244140625,131.13165283203125,77.48582458496094,272.0,18.520832061767578
2013-06-11,133.25,129.77896118164062,78.4077377319336,270.32000732421875,18.362104415893555
2013-06-12,134.25,128.70472717285156,77.28634643554688,272.239990234375,18.35375213623047
2013-06-13,133.74000549316406,130.6621551513672,78.49725341796875,274.6400146484375,18.295272827148438
2013-06-14,134.42999267578125,129.8426055908203,78.3114242553711,277.9200134277344,18.278562545776367
2013-06-17,133.77000427246094,130.8451385498047,77.89862823486328,278.0799865722656,18.245147705078125
2013-06-18,132.1300048828125,131.879638671875,77.93990325927734,279.67999267578125,18.261857986450195
2013-06-19,130.58999633789062,130.05738830566406,77.13490295410156,278.239990234375,18.428936004638672
2013-06-20,123.5999984741211,126.83488464355469,75.86895751953125,269.0400085449219,18.537540435791016
2013-06-21,125.05000305175781,127.24201965332031,74.5823745727539,265.8399963378906,18.662851333618164
2013-06-24,123.93000030517578,125.63420104980469,74.8919677734375,269.1199951171875,18.679555892944336
2013-06-25,123.47000122070312,126.84204864501953,74.22457885742188,269.9200134277344,18.71297264099121
2013-06-26,118.27999877929688,128.09788513183594,74.70616912841797,270.3999938964844,18.813220977783203
2013-06-27,115.94000244140625,128.8498077392578,75.4698486328125,274.6400146484375,18.804866790771484
2013-06-28,119.11000061035156,128.32186889648438,75.98588562011719,273.44000244140625,18.846637725830078
2013-07-01,121.12999725341797,129.07379150390625,76.13899230957031,277.3599853515625,18.804866790771484
2013-07-02,120.05000305175781,128.95382690429688,76.09074401855469,281.67999267578125,18.930177688598633
2013-07-03,120.73999786376953,129.00978088378906,75.8631820678711,286.7200012207031,18.854991912841797
2013-07-05,118.08999633789062,130.4016876220703,73.27716827392578,292.4800109863281,19.130674362182617
2013-07-08,119.51000213623047,131.14559936523438,73.98744201660156,291.2799987792969,19.080551147460938
2013-07-09,120.62000274658203,132.0895233154297,74.06334686279297,294.1600036621094,19.155736923217773
2013-07-10,120.94999694824219,132.137451171875,73.48405456542969,299.44000244140625,19.030426025390625
2013-07-11,124.23999786376953,133.937255859375,74.34606170654297,296.0799865722656,18.729679107666016
2013-07-12,124.12999725341797,133.9932098388672,74.28399658203125,300.4800109863281,18.771448135375977
2013-07-15,124.18000030517578,134.5051727294922,74.67707824707031,301.3599853515625,18.78816032409668
2013-07-16,124.88999938964844,134.00128173828125,74.93223571777344,299.8399963378906,18.654495239257812
2013-07-17,123.31999969482422,134.3451690673828,75.07012176513672,302.3999938964844,18.696264266967773
2013-07-18,124.01000213623047,135.0811004638672,74.13226318359375,306.7200012207031,18.729679107666016
2013-07-19,125.11000061035156,135.32113647460938,75.30458068847656,307.6000061035156,18.679555892944336
2013-07-22,128.83999633789062,135.5850830078125,75.41494750976562,303.3599853515625,18.596017837524414
2013-07-23,129.7100067138672,135.29710388183594,75.09770202636719,304.7200012207031,18.537540435791016
2013-07-24,127.4800033569336,134.80116271972656,74.1460189819336,299.20001220703125,18.604372024536133
2013-07-25,128.6699981689453,135.12916564941406,74.11847686767578,300.6400146484375,18.479061126708984
2013-07-26,128.77999877929688,135.27317810058594,74.57361602783203,297.67999267578125,18.46235466003418
2013-07-29,128.47000122070312,134.8571319580078,74.02883911132812,297.0400085449219,18.46235466003418
2013-07-30,128.1199951171875,134.8571319580078,74.00127410888672,293.3599853515625,18.504121780395508
2013-07-31,127.95999908447266,134.95315551757812,74.27020263671875,298.8800048828125,18.45400047302246
2013-08-01,126.61000061035156,136.5130157470703,72.83911895751953,306.1600036621094,18.61272621154785
2013-08-02,126.36000061035156,136.7449951171875,73.6410903930664,303.5199890136719,18.512475967407227
2013-08-05,125.69999694824219,136.5449981689453,73.07418823242188,302.6400146484375,18.487415313720703
2013-08-06,123.97000122070312,135.76905822753906,73.28851318359375,299.67999267578125,18.43729019165039
2013-08-07,124.1500015258789,135.32913208007812,73.83467864990234,296.0799865722656,18.362104415893555
2013-08-08,126.86000061035156,135.82508850097656,74.03515625,294.7200012207031,18.303625106811523
2013-08-09,126.86000061035156,135.43312072753906,74.15262603759766,300.7200012207031,18.32033348083496
2013-08-12,129.1300048828125,135.27317810058594,73.64797973632812,302.0799865722656,18.370460510253906
2013-08-13,127.73999786376953,135.67308044433594,72.58332061767578,303.20001220703125,18.46235466003418
2013-08-14,129.0,134.9771728515625,72.69397735595703,304.7200012207031,18.45400047302246
2013-08-15,131.69000244140625,133.08938598632812,71.71224212646484,305.9200134277344,18.328689575195312
2013-08-16,132.5800018310547,132.6494140625,71.46341705322266,307.20001220703125,18.362104415893555
2013-08-19,132.00999450683594,131.80148315429688,70.84117126464844,305.3599853515625,18.35375213623047
2013-08-20,132.4499969482422,132.44943237304688,71.38731384277344,300.1600036621094,18.27021026611328
2013-08-21,132.07000732421875,131.63352966308594,70.6061019897461,297.3599853515625,18.362104415893555
2013-08-22,132.80999755859375,132.8334197998047,71.32512664794922,300.32000732421875,18.40387725830078
2013-08-23,134.89999389648438,133.28131103515625,72.09940338134766,303.6000061035156,18.370460510253906
2013-08-26,135.4499969482422,132.7853546142578,72.45890808105469,303.67999267578125,18.370460510253906
2013-08-27,136.75,130.64964294433594,73.37146759033203,310.9599914550781,18.311981201171875
2013-08-28,136.7100067138672,131.11354064941406,72.77688598632812,312.6400146484375,18.387165069580078
2013-08-29,135.8699951171875,131.32156372070312,73.357666015625,308.6400146484375,18.512475967407227
2013-08-30,134.6199951171875,130.9055633544922,73.274658203125,307.8399963378906,18.537540435791016
2013-09-03,136.4199981689453,131.49752807617188,72.24115753173828,310.0799865722656,18.596017837524414
2013-09-04,134.66000366210938,132.58538818359375,72.08173370361328,306.7200012207031,18.529184341430664
2013-09-05,132.1999969482422,132.75341796875,71.07667541503906,309.5199890136719,18.654495239257812
2013-09-06,134.14999389648438,132.8173828125,71.43020629882812,314.8800048828125,18.545894622802734
2013-09-09,133.91000366210938,134.08921813964844,71.46478271484375,311.5199890136719,18.45400047302246
2013-09-10,131.74000549316406,135.0811004638672,70.96577453613281,306.7200012207031,18.45400047302246
2013-09-11,131.6999969482422,135.50509643554688,71.59651947021484,307.8399963378906,18.387165069580078
2013-09-12,127.66999816894531,135.1450958251953,71.49949645996094,310.9599914550781,18.387165069580078
2013-09-13,127.81999969482422,135.4490966796875,71.77674102783203,310.79998779296875,18.370460510253906
2013-09-16,126.44999694824219,136.23297119140625,71.29840087890625,304.8800048828125,18.328689575195312
2013-09-17,126.5,136.84095764160156,71.88764953613281,301.9200134277344,18.295272827148438
2013-09-18,132.00999450683594,138.42478942871094,72.77489471435547,309.44000244140625,18.086423873901367
2013-09-19,131.75,138.19277954101562,72.3451156616211,304.6400146484375,18.111486434936523
2013-09-20,127.95999908447266,137.2266082763672,72.72638702392578,302.1600036621094,18.119840621948242
2013-09-23,127.55000305175781,136.59161376953125,73.26009368896484,298.1600036621094,18.12819480895996
2013-09-24,127.66000366210938,136.2700653076172,74.05027770996094,297.760009765625,18.16160774230957
2013-09-25,128.7899932861328,135.87623596191406,74.20281982421875,295.0400085449219,18.103130340576172
2013-09-26,127.79000091552734,136.39871215820312,73.6829605102539,296.6400146484375,18.1448974609375
2013-09-27,128.97000122070312,135.77174377441406,73.86318969726562,295.67999267578125,18.078067779541016
2013-09-30,128.17999267578125,135.04830932617188,73.75226593017578,294.79998779296875,18.069713592529297
2013-10-01,124.58999633789062,136.11737060546875,73.52843475341797,293.44000244140625,18.053007125854492
2013-10-02,127.05999755859375,135.98873901367188,73.63965606689453,299.3599853515625,17.986175537109375
2013-10-03,127.18000030517578,134.73484802246094,73.52153015136719,297.1199951171875,17.969467163085938
2013-10-04,126.52999877929688,135.75564575195312,73.46589660644531,298.4800109863281,18.053007125854492
2013-10-07,127.63999938964844,134.58209228515625,73.7647705078125,297.1199951171875,18.002880096435547
2013-10-08,127.4000015258789,133.0146484375,73.78558349609375,298.4800109863281,18.01123809814453
2013-10-09,126.11000061035156,133.11109924316406,73.19487762451172,292.3999938964844,18.094778060913086
2013-10-10,124.2699966430664,135.980712890625,73.31304168701172,296.79998779296875,18.12819480895996
2013-10-11,122.5999984741211,136.85687255859375,73.29216766357422,294.0,18.094778060913086
2013-10-14,122.83000183105469,137.40350341796875,72.70144653320312,294.9599914550781,18.06136131286621
2013-10-15,123.7300033569336,136.40673828125,72.65280151367188,291.760009765625,18.12819480895996
2013-10-16,123.54000091552734,138.31179809570312,73.5632095336914,295.3599853515625,18.119840621948242
2013-10-17,127.41999816894531,139.2361602783203,74.23038482666016,291.0400085449219,17.919342041015625
2013-10-18,126.8499984741211,140.17660522460938,74.39022827148438,291.6000061035156,17.919342041015625
2013-10-21,126.9800033569336,140.18467712402344,74.1539306640625,287.5199890136719,17.936052322387695
2013-10-22,129.33999633789062,140.99655151367188,74.98095703125,283.2799987792969,17.83580207824707
2013-10-23,128.69000244140625,140.32127380371094,75.2728271484375,279.6000061035156,17.844158172607422
2013-10-24,129.89999389648438,140.78750610351562,74.98095703125,279.9200134277344,17.819095611572266
2013-10-25,130.4600067138672,141.4305419921875,75.25894927978516,282.55999755859375,17.82744789123535
2013-10-28,130.55999755859375,141.65565490722656,75.00183868408203,284.3999938964844,17.860862731933594
2013-10-29,129.77000427246094,142.41114807128906,75.0991439819336,283.2799987792969,17.910991668701172
2013-10-30,129.60000610351562,141.70384216308594,74.64739227294922,278.79998779296875,17.94440460205078
2013-10-31,127.73999786376953,141.302001953125,74.80724334716797,277.5199890136719,18.069713592529297
2013-11-01,126.94999694824219,141.63954162597656,73.99751281738281,273.0400085449219,18.16996192932129
2013-11-04,126.80999755859375,142.13790893554688,74.06716918945312,272.32000732421875,18.119840621948242
2013-11-05,126.55999755859375,141.6878204345703,73.18216705322266,269.3599853515625,18.16160774230957
2013-11-06,127.19999694824219,142.41114807128906,73.21704864501953,273.5199890136719,18.103130340576172
2013-11-07,126.16000366210938,140.61070251464844,73.83721160888672,271.760009765625,18.186668395996094
2013-11-08,124.27999877929688,142.50765991210938,72.0602798461914,272.0799865722656,18.295272827148438
2013-11-11,123.87000274658203,142.53173828125,71.78849792480469,274.0799865722656,18.245147705078125
2013-11-12,122.44999694824219,142.24241638183594,72.12300872802734,269.1199951171875,18.253503799438477
2013-11-13,122.8499984741211,143.3838348388672,72.38777923583984,271.20001220703125,18.211732864379883
2013-11-14,124.2699966430664,144.09921264648438,72.8337631225586,271.44000244140625,18.211732864379883
2013-11-15,124.31999969482422,144.72613525390625,72.9801025390625,271.0400085449219,18.17831802368164
2013-11-18,122.9000015258789,144.2198028564453,73.41905975341797,268.9599914550781,18.153255462646484
2013-11-19,122.94999694824219,143.90631103515625,72.86164855957031,269.760009765625,18.1448974609375
2013-11-20,120.12000274658203,143.45619201660156,71.62129211425781,269.0400085449219,18.22844123840332
2013-11-21,119.94000244140625,144.61367797851562,71.73969268798828,273.3599853515625,18.22844123840332
2013-11-22,119.91999816894531,145.33706665039062,72.40872192382812,272.32000732421875,18.153255462646484
2013-11-25,120.45999908447266,145.19244384765625,72.61775207519531,270.55999755859375,18.17831802368164
2013-11-26,119.81999969482422,145.2325439453125,72.8895492553711,269.5199890136719,18.119840621948242
2013-11-27,119.45999908447266,145.5862579345703,72.76408386230469,265.5199890136719,18.1448974609375
2013-11-29,120.69999694824219,145.4897918701172,72.78499603271484,267.67999267578125,18.12819480895996
2013-12-02,117.58000183105469,145.11196899414062,72.21887969970703,269.44000244140625,18.186668395996094
2013-12-03,117.95999908447266,144.48504638671875,72.48442840576172,276.0799865722656,18.12819480895996
2013-12-04,119.95999908447266,144.46897888183594,71.79256439208984,279.0400085449219,18.119840621948242
2013-12-05,118.30000305175781,143.83399963378906,71.5898666381836,279.44000244140625,18.027942657470703
2013-12-06,118.55000305175781,145.4415740966797,71.93228912353516,280.3999938964844,18.027942657470703
2013-12-09,119.72000122070312,145.81130981445312,72.10005950927734,279.2799987792969,18.01123809814453
2013-12-10,121.81999969482422,145.28880310058594,72.61726379394531,282.4800109863281,17.96111297607422
2013-12-11,120.86000061035156,143.6570587158203,72.0581283569336,279.8399963378906,17.952760696411133
2013-12-12,118.29000091552734,143.182861328125,71.78553009033203,279.760009765625,18.019588470458984
2013-12-13,119.37999725341797,143.16677856445312,72.13497924804688,277.1199951171875,18.027942657470703
2013-12-16,119.69000244140625,144.05899047851562,71.86939239501953,279.5199890136719,17.994531631469727
2013-12-17,118.6500015258789,143.6009063720703,72.19091033935547,278.9599914550781,17.994531631469727
2013-12-18,117.61000061035156,146.05245971679688,71.82747650146484,280.239990234375,18.069713592529297
2013-12-19,114.81999969482422,145.8837127685547,71.75760650634766,282.55999755859375,18.111486434936523
2013-12-20,115.94000244140625,146.73220825195312,72.86187744140625,283.8399963378906,18.094778060913086
2013-12-23,115.56999969482422,147.51622009277344,72.44954681396484,282.8800048828125,18.06136131286621
2013-12-24,116.0999984741211,147.83949279785156,71.86939239501953,283.9200134277344,18.078067779541016
2013-12-26,116.73999786376953,148.591064453125,71.59248352050781,285.20001220703125,18.069713592529297
2013-12-27,117.12000274658203,148.58299255371094,71.38912963867188,286.7200012207031,18.036300659179688
2013-12-30,115.38999938964844,148.5587158203125,71.87996673583984,284.239990234375,17.952760696411133
2013-12-31,116.12000274658203,149.26185607910156,71.42420196533203,282.55999755859375,17.977819442749023
2014-01-02,118.0,147.83132934570312,71.64151763916016,273.8399963378906,18.086423873901367
2014-01-03,119.29000091552734,147.80711364746094,71.64151763916016,270.0,18.16160774230957
2014-01-06,119.5,147.37884521484375,71.94298553466797,268.55999755859375,18.111486434936523
2014-01-07,118.81999969482422,148.28396606445312,72.1253662109375,268.6400146484375,18.16160774230957
2014-01-08,118.12000274658203,148.31625366210938,71.92903900146484,265.2799987792969,18.195024490356445
2014-01-09,118.45999908447266,148.41329956054688,72.34980010986328,264.6400146484375,18.17831802368164
2014-01-10,120.26000213623047,148.81735229492188,73.21221923828125,265.5199890136719,18.103130340576172
2014-01-13,121.0199966430664,146.83729553222656,73.57683563232422,262.4800109863281,18.06136131286621
2014-01-14,119.88999938964844,148.43756103515625,73.24028015136719,264.32000732421875,18.094778060913086
2014-01-15,119.66000366210938,149.23760986328125,73.16313934326172,270.1600036621094,18.17831802368164
2014-01-16,119.79000091552734,149.04367065429688,73.65399932861328,269.20001220703125,18.16160774230957
2014-01-17,120.93000030517578,148.41329956054688,73.96249389648438,269.5199890136719,18.22844123840332
2014-01-21,119.69999694824219,148.84967041015625,74.01859283447266,271.9200134277344,18.195024490356445
2014-01-22,119.19000244140625,148.94667053222656,73.8362808227539,276.4800109863281,18.22008514404297
2014-01-23,121.79000091552734,147.7263641357422,74.88108825683594,277.760009765625,18.036300659179688
2014-01-24,122.29000091552734,144.57443237304688,75.36488342285156,276.6400146484375,18.06136131286621
2014-01-27,120.95999908447266,143.86318969726562,74.8390121459961,273.8399963378906,18.06136131286621
2014-01-28,120.94999694824219,144.71987915039062,75.02130126953125,277.5199890136719,18.069713592529297
2014-01-29,122.47000122070312,143.3298797607422,75.63833618164062,277.8399963378906,18.069713592529297
2014-01-30,119.7699966430664,144.84922790527344,75.4209976196289,279.6000061035156,18.186668395996094
2014-01-31,120.08999633789062,144.00062561035156,75.9258804321289,278.3999938964844,18.23679542541504
2014-02-03,121.31999969482422,140.75979614257812,76.85102081298828,276.1600036621094,18.17831802368164
2014-02-04,120.98999786376953,141.74583435058594,76.03553771972656,277.9200134277344,18.195024490356445
2014-02-05,121.29000091552734,141.5679931640625,75.33255004882812,277.67999267578125,18.16996192932129
2014-02-06,121.23999786376953,143.43492126464844,75.0091552734375,279.20001220703125,18.1448974609375
2014-02-07,122.16999816894531,145.21286010742188,75.07241821289062,285.1199951171875,18.086423873901367
2014-02-10,122.91999816894531,145.47958374023438,75.28331756591797,285.0400085449219,18.069713592529297
2014-02-11,124.36000061035156,147.07171630859375,74.8475112915039,285.1199951171875,18.069713592529297
2014-02-12,124.43000030517578,147.14442443847656,74.46083068847656,286.3999938964844,18.086423873901367
2014-02-13,125.48999786376953,147.90415954589844,74.88257598876953,286.9599914550781,17.986175537109375
2014-02-14,127.1500015258789,148.72039794921875,74.92481231689453,287.2799987792969,17.952760696411133
2014-02-18,127.4000015258789,148.898193359375,75.09347534179688,293.2799987792969,17.919342041015625
2014-02-19,126.2699966430664,147.9122314453125,74.77716064453125,295.20001220703125,17.969467163085938
2014-02-20,127.5999984741211,148.78501892089844,74.59437561035156,295.0400085449219,17.994531631469727
2014-02-21,127.58000183105469,148.6152801513672,74.98809051513672,293.5199890136719,17.977819442749023
2014-02-24,128.99000549316406,149.43963623046875,74.79830169677734,294.32000732421875,17.969467163085938
2014-02-25,129.2100067138672,149.38308715820312,75.46607971191406,292.7200012207031,17.94440460205078
2014-02-26,128.11000061035156,149.3911590576172,75.86676788330078,294.0,18.01123809814453
2014-02-27,128.1999969482422,150.17510986328125,76.2816162109375,293.5199890136719,17.977819442749023
2014-02-28,127.62000274658203,150.5548858642578,76.32377624511719,293.9200134277344,17.860862731933594
2014-03-03,130.2899932861328,149.49623107910156,76.83326721191406,300.1600036621094,17.92769432067871
2014-03-04,128.67999267578125,151.5974578857422,75.67755126953125,296.4800109863281,17.94440460205078
2014-03-05,128.88999938964844,151.7349395751953,75.839599609375,289.9200134277344,17.936052322387695
2014-03-06,130.1699981689453,152.0823211669922,75.0926284790039,292.55999755859375,17.83580207824707
2014-03-07,129.08999633789062,152.14706420898438,74.62046813964844,294.239990234375,17.85251235961914
2014-03-10,129.1300048828125,152.06619262695312,74.72624206542969,290.3999938964844,17.860862731933594
2014-03-11,129.86000061035156,151.3146209716797,74.92354583740234,286.4800109863281,17.860862731933594
2014-03-12,131.75999450683594,151.35504150390625,75.44499969482422,282.79998779296875,17.810739517211914
2014-03-13,132.2100067138672,149.65785217285156,76.4597396850586,282.7200012207031,17.819095611572266
2014-03-14,133.10000610351562,149.23760986328125,76.47386932373047,284.239990234375,17.77732276916504
2014-03-17,131.63999938964844,150.58731079101562,75.90306854248047,281.20001220703125,17.760616302490234
2014-03-18,130.6199951171875,151.6621856689453,76.17791748046875,284.6400146484375,17.768970489501953
2014-03-19,128.08999633789062,150.85397338867188,75.5859375,285.67999267578125,17.902633666992188
2014-03-20,127.86000061035156,151.7349395751953,75.4520492553711,284.6400146484375,17.96111297607422
2014-03-21,128.47000122070312,151.14634704589844,76.26949310302734,286.7200012207031,17.936052322387695
2014-03-24,126.18000030517578,150.52130126953125,76.81210327148438,286.55999755859375,17.885927200317383
2014-03-25,126.41000366210938,151.2356414794922,76.52315521240234,286.1600036621094,17.89427947998047
2014-03-26,125.41000366210938,150.1479034423828,77.1221923828125,288.7200012207031,17.89427947998047
2014-03-27,124.58999633789062,149.83131408691406,77.50975036621094,292.0,17.94440460205078
2014-03-28,124.55999755859375,150.57005310058594,77.07283020019531,292.9599914550781,17.94440460205078
2014-03-31,123.61000061035156,151.80381774902344,76.8825912475586,292.7200012207031,17.92769432067871
2014-04-01,123.38999938964844,152.8104248046875,76.22551727294922,286.6400146484375,17.92769432067871
2014-04-02,124.31999969482422,153.3218536376953,75.7874755859375,286.3999938964844,17.96111297607422
2014-04-03,123.91999816894531,153.11891174316406,76.11957550048828,289.1199951171875,18.01123809814453
2014-04-04,125.56999969482422,151.30868530273438,76.62823486328125,291.44000244140625,17.994531631469727
2014-04-07,124.91000366210938,149.63656616210938,77.08744812011719,290.239990234375,17.952760696411133
2014-04-08,126.08999633789062,150.25343322753906,77.27113342285156,295.20001220703125,17.83580207824707
2014-04-09,126.31999969482422,151.86880493164062,76.88960266113281,297.760009765625,17.768970489501953
2014-04-10,127.01000213623047,148.6786651611328,77.60322570800781,297.6000061035156,17.760616302490234
2014-04-11,126.93000030517578,147.3392791748047,78.23198699951172,297.44000244140625,17.768970489501953
2014-04-14,127.8499984741211,148.50006103515625,78.02715301513672,299.0400085449219,17.819095611572266
2014-04-15,125.48999786376953,149.52285766601562,78.51465606689453,299.1199951171875,17.83580207824707
2014-04-16,125.54000091552734,151.08949279785156,78.61351776123047,299.8399963378906,17.85251235961914
2014-04-17,124.75,151.300537109375,77.7516098022461,301.2799987792969,17.85251235961914
2014-04-21,124.23999786376953,151.82826232910156,77.68799591064453,301.1199951171875,17.869216918945312
2014-04-22,123.77999877929688,152.51817321777344,77.94939422607422,296.0,17.85251235961914
2014-04-23,123.76000213623047,152.16099548339844,78.39450073242188,295.2799987792969,17.85251235961914
2014-04-24,124.55999755859375,152.469482421875,78.54290008544922,296.3999938964844,17.82744789123535
2014-04-25,125.43000030517578,151.21937561035156,78.65589141845703,292.79998779296875,17.82744789123535
2014-04-28,124.87999725341797,151.6982879638672,78.27439880371094,293.67999267578125,17.810739517211914
2014-04-29,124.86000061035156,152.40460205078125,78.16842651367188,293.760009765625,17.82744789123535
2014-04-30,124.22000122070312,152.85914611816406,78.49341583251953,290.55999755859375,17.77732276916504
2014-05-01,123.80000305175781,152.87539672851562,79.33551025390625,289.2799987792969,17.768970489501953
2014-05-02,125.05999755859375,152.65618896484375,79.82421112060547,290.32000732421875,17.768970489501953
2014-05-05,126.22000122070312,152.9484100341797,79.34259033203125,289.1199951171875,17.760616302490234
2014-05-06,125.9800033569336,151.6171875,79.66128540039062,289.5199890136719,17.677080154418945
2014-05-07,124.16999816894531,152.5100860595703,79.3780288696289,292.79998779296875,17.685428619384766
2014-05-08,124.16999816894531,152.3477325439453,79.03801727294922,291.9200134277344,17.727197647094727
2014-05-09,124.0999984741211,152.5750274658203,78.78306579589844,291.20001220703125,17.83580207824707
2014-05-12,124.94000244140625,154.0604248046875,78.46437072753906,292.7200012207031,17.85251235961914
2014-05-13,124.5999984741211,154.19859313964844,79.1443099975586,296.32000732421875,17.89427947998047
2014-05-14,125.80999755859375,153.46792602539062,80.0012435913086,297.44000244140625,17.885927200317383
2014-05-15,124.7699966430664,152.12039184570312,80.63862609863281,296.32000732421875,17.869216918945312
2014-05-16,124.5,152.64808654785156,80.41201782226562,297.8399963378906,17.869216918945312
2014-05-19,124.58000183105469,153.20819091796875,79.81710815429688,299.0400085449219,17.869216918945312
2014-05-20,124.69000244140625,152.24217224121094,79.99420928955078,300.1600036621094,17.877573013305664
2014-05-21,124.38999938964844,153.52476501464844,79.50546264648438,303.8399963378906,17.877573013305664
2014-05-22,124.66999816894531,153.89817810058594,79.39215087890625,304.0799865722656,17.910991668701172
2014-05-23,124.51000213623047,154.51510620117188,79.81710815429688,305.44000244140625,17.94440460205078
2014-05-27,121.8499984741211,155.46482849121094,80.28450775146484,305.1199951171875,17.936052322387695
2014-05-28,121.19999694824219,155.3511962890625,81.27606964111328,301.44000244140625,17.986175537109375
2014-05-29,120.94000244140625,156.15478515625,80.843994140625,303.2799987792969,17.977819442749023
2014-05-30,120.43000030517578,156.40640258789062,80.80862426757812,301.44000244140625,17.936052322387695
2014-06-02,119.69999694824219,156.58499145507812,80.20796203613281,300.239990234375,18.002880096435547
2014-06-03,120.01000213623047,156.5038299560547,79.220947265625,301.1199951171875,17.986175537109375
2014-06-04,119.76000213623047,156.8204345703125,79.19966888427734,300.0799865722656,18.002880096435547
2014-06-05,120.66000366210938,157.84320068359375,79.235107421875,300.3999938964844,17.92769432067871
2014-06-06,120.61000061035156,158.59811401367188,79.235107421875,300.8800048828125,17.936052322387695
2014-06-09,120.6500015258789,158.76046752929688,79.12151336669922,305.44000244140625,18.002880096435547
2014-06-10,121.38999938964844,158.77670288085938,78.83041381835938,306.239990234375,18.036300659179688
2014-06-11,121.41000366210938,158.22471618652344,78.97245025634766,306.0,18.036300659179688
2014-06-12,122.63999938964844,157.10450744628906,79.67535400390625,312.6400146484375,17.994531631469727
2014-06-13,122.95999908447266,157.58348083496094,79.63275909423828,312.9599914550781,17.994531631469727
2014-06-16,122.41999816894531,157.7133331298828,79.83158874511719,313.3599853515625,17.94440460205078
2014-06-17,122.27999877929688,158.15167236328125,79.19966888427734,311.9200134277344,17.994531631469727
2014-06-18,122.66999816894531,159.3124542236328,79.81024169921875,312.0799865722656,17.936052322387695
2014-06-19,126.94000244140625,159.49099731445312,78.78778076171875,313.0400085449219,17.902633666992188
2014-06-20,126.5,159.81483459472656,79.38421630859375,314.55999755859375,17.910991668701172
2014-06-23,126.8499984741211,159.76588439941406,79.13573455810547,313.2799987792969,17.877573013305664
2014-06-24,126.9800033569336,158.80348205566406,79.93807983398438,312.7200012207031,17.89427947998047
2014-06-25,126.98999786376953,159.52120971679688,80.14401245117188,314.32000732421875,17.877573013305664
2014-06-26,126.7300033569336,159.40704345703125,80.5274658203125,311.760009765625,17.885927200317383
2014-06-27,126.66000366210938,159.71697998046875,80.40670776367188,311.8399963378906,17.82744789123535
2014-06-30,128.0399932861328,159.63543701171875,80.60553741455078,311.0400085449219,17.760616302490234
2014-07-01,127.69999694824219,160.7039031982422,79.93067169189453,310.8800048828125,17.768970489501953
2014-07-02,127.69999694824219,160.86709594726562,79.07640075683594,307.20001220703125,17.802387237548828
2014-07-03,127.16000366210938,161.658203125,78.79167175292969,306.0,17.869216918945312
2014-07-07,127.0199966430664,161.09544372558594,79.36825561523438,305.3599853515625,17.877573013305664
2014-07-08,127.06999969482422,160.05958557128906,80.25810241699219,305.44000244140625,17.869216918945312
2014-07-09,127.83999633789062,160.7772979736328,80.32221221923828,301.5199890136719,17.82744789123535
2014-07-10,128.5399932861328,160.14111328125,80.34355163574219,303.20001220703125,17.85251235961914
2014-07-11,128.77999877929688,160.3612823486328,80.85613250732422,297.2799987792969,17.860862731933594
2014-07-14,125.72000122070312,161.16880798339844,80.50732421875,298.55999755859375,17.85251235961914
2014-07-15,124.52999877929688,160.86709594726562,80.34355163574219,295.0400085449219,17.910991668701172
2014-07-16,124.97000122070312,161.4624786376953,80.77067565917969,298.4800109863281,17.952760696411133
2014-07-17,127.08999633789062,159.62730407714844,81.78868865966797,302.6400146484375,17.94440460205078
2014-07-18,126.12999725341797,161.258544921875,81.5252914428711,301.760009765625,17.94440460205078
2014-07-21,126.33999633789062,160.9567108154297,81.93106842041016,304.79998779296875,17.936052322387695
2014-07-22,125.73999786376953,161.658203125,82.10194396972656,303.6000061035156,17.994531631469727
2014-07-23,125.62000274658203,162.0170135498047,81.99514770507812,305.2799987792969,18.002880096435547
2014-07-24,124.3499984741211,162.02517700195312,81.38291931152344,302.55999755859375,18.027942657470703
2014-07-25,125.79000091552734,161.26673889160156,82.3440170288086,302.1600036621094,18.06136131286621
2014-07-28,125.58000183105469,161.33193969726562,82.23005676269531,301.1199951171875,18.06136131286621
2014-07-29,125.19999694824219,160.63856506347656,82.5290756225586,299.1199951171875,18.094778060913086
2014-07-30,124.83000183105469,160.66314697265625,81.38291931152344,295.3599853515625,18.136547088623047
2014-07-31,123.38999938964844,157.4903106689453,81.14088439941406,290.55999755859375,18.16160774230957
2014-08-01,124.37999725341797,157.00909423828125,81.76898193359375,289.5199890136719,18.136547088623047
2014-08-04,123.98999786376953,158.14279174804688,81.55484008789062,291.8399963378906,18.12819480895996
2014-08-05,123.87000274658203,156.60943603515625,81.81893157958984,289.2799987792969,18.16996192932129
2014-08-06,125.66999816894531,156.65834045410156,81.8689193725586,287.6000061035156,18.1448974609375
2014-08-07,126.18000030517578,155.81015014648438,82.63262176513672,289.2799987792969,18.16996192932129
2014-08-08,126.19000244140625,157.61265563964844,82.45423889160156,288.9599914550781,18.12819480895996
2014-08-11,125.95999908447266,158.0693817138672,82.44705963134766,289.760009765625,18.136547088623047
2014-08-12,125.98999786376953,157.84918212890625,81.9117660522461,287.9200134277344,18.153255462646484
2014-08-13,126.19999694824219,158.91769409179688,82.44705963134766,288.1600036621094,18.16996192932129
2014-08-14,126.30999755859375,159.66807556152344,83.1109390258789,280.8800048828125,18.16160774230957
2014-08-15,125.4800033569336,159.63543701171875,84.01736450195312,283.5199890136719,18.12819480895996
2014-08-18,124.95999908447266,160.97300720214844,83.18223571777344,280.4800109863281,18.16160774230957
2014-08-19,124.68000030517578,161.8131866455078,82.92529296875,277.67999267578125,18.22844123840332
2014-08-20,124.22000122070312,162.245361328125,82.78966522216797,278.8800048828125,18.311981201171875
2014-08-21,122.87999725341797,162.71852111816406,83.2536392211914,280.7200012207031,18.28691864013672
2014-08-22,123.19000244140625,162.4656524658203,83.71759796142578,279.67999267578125,18.328689575195312
2014-08-25,122.73999786376953,163.28945922851562,84.03164672851562,278.9599914550781,18.378814697265625
2014-08-26,123.3499984741211,163.39549255371094,83.76038360595703,280.32000732421875,18.39552116394043
2014-08-27,123.31999969482422,163.33021545410156,84.47415924072266,280.239990234375,18.35375213623047
2014-08-28,124.0,163.2405242919922,84.91666412353516,282.55999755859375,18.35375213623047
2014-08-29,123.86000061035156,163.70541381835938,84.97382354736328,286.0799865722656,18.39552116394043
2014-09-02,121.6500015258789,163.6239013671875,83.5079574584961,278.32000732421875,18.45400047302246
2014-09-03,122.1500015258789,163.53414916992188,83.97296142578125,284.3999938964844,18.43729019165039
2014-09-04,121.4800033569336,163.297607421875,82.9499282836914,282.3999938964844,18.629432678222656
2014-09-05,122.05999755859375,164.03172302246094,82.7925796508789,279.20001220703125,18.629432678222656
2014-09-08,120.7300033569336,163.60755920410156,82.82833099365234,277.6000061035156,18.738037109375
2014-09-09,120.87000274658203,162.5717010498047,82.76394653320312,276.9599914550781,18.704618453979492
2014-09-10,120.26000213623047,163.18341064453125,82.2416763305664,274.0799865722656,18.738037109375
2014-09-11,119.47000122070312,163.37095642089844,81.96987915039062,277.5199890136719,18.754743576049805
2014-09-12,118.37999725341797,162.4167022705078,81.11141204833984,275.0400085449219,18.738037109375
2014-09-15,118.63999938964844,162.29437255859375,81.2330093383789,276.4800109863281,18.738037109375
2014-09-16,118.83000183105469,163.51785278320312,80.90394592285156,282.0,18.704618453979492
2014-09-17,117.54000091552734,163.738037109375,80.69647979736328,280.0799865722656,18.821575164794922
2014-09-18,117.77999877929688,164.6107635498047,80.95401000976562,276.9599914550781,18.738037109375
2014-09-19,117.08999633789062,164.46246337890625,81.98414611816406,276.55999755859375,18.83828353881836
2014-09-22,116.8499984741211,163.1923065185547,82.08429718017578,273.5199890136719,18.821575164794922
2014-09-23,117.5999984741211,162.25811767578125,82.59223175048828,275.5199890136719,18.821575164794922
2014-09-24,117.05000305175781,163.52828979492188,82.13436889648438,280.0,18.905115127563477
2014-09-25,117.38999938964844,160.88963317871094,83.1072998046875,278.6400146484375,18.93853187561035
2014-09-26,117.05999755859375,162.16799926757812,82.98574829101562,281.2799987792969,19.04713249206543
2014-09-29,117.02999877929688,161.8730010986328,83.65106201171875,284.1600036621094,19.030426025390625
2014-09-30,116.20999908447266,161.4469451904297,83.17887878417969,275.2799987792969,19.105613708496094
2014-10-01,116.7699966430664,159.2589874267578,84.79181671142578,273.20001220703125,19.088899612426758
2014-10-02,116.73999786376953,159.28355407714844,84.05308532714844,274.9599914550781,19.030426025390625
2014-10-03,114.61000061035156,161.03712463378906,84.41170501708984,270.1600036621094,19.28104591369629
2014-10-06,116.02999877929688,160.8487091064453,84.46192932128906,272.32000732421875,19.063838958740234
2014-10-07,116.36000061035156,158.3657684326172,85.6021957397461,267.5199890136719,19.030426025390625
2014-10-08,117.47000122070312,161.135498046875,85.6237564086914,264.0,18.946884155273438
2014-10-09,117.63999938964844,157.93968200683594,85.2508316040039,256.8800048828125,19.005361557006836
2014-10-10,117.58999633789062,156.1368865966797,86.0970230102539,257.44000244140625,19.097259521484375
2014-10-13,118.5199966430664,153.5720672607422,86.62057495117188,255.9199981689453,18.988656997680664
2014-10-14,118.58999633789062,153.8096923828125,87.18717956542969,246.8000030517578,19.07219696044922
2014-10-15,118.98999786376953,152.76901245117188,87.87564086914062,245.36000061035156,18.871700286865234
2014-10-16,119.22000122070312,152.63783264160156,87.31632232666016,248.8000030517578,18.871700286865234
2014-10-17,118.98999786376953,154.44061279296875,86.8285903930664,250.0,18.930177688598633
2014-10-20,119.80000305175781,155.94021606445312,87.14414978027344,249.1199951171875,18.863346099853516
2014-10-21,120.0199966430664,159.02960205078125,86.44844818115234,250.39999389648438,18.963592529296875
2014-10-22,119.33999633789062,157.898681640625,86.541748046875,244.39999389648438,19.04713249206543
2014-10-23,118.5199966430664,159.73422241210938,85.7743148803711,248.47999572753906,19.063838958740234
2014-10-24,118.3499984741211,160.96343994140625,85.86041259765625,247.0399932861328,19.030426025390625
2014-10-27,118.05999755859375,160.74215698242188,86.01820373535156,245.1199951171875,18.980302810668945
2014-10-28,118.0999984741211,162.58590698242188,85.48027801513672,246.55999755859375,18.946884155273438
2014-10-29,116.41000366210938,162.34011840820312,85.67391967773438,249.83999633789062,19.088899612426758
2014-10-30,115.19000244140625,163.3807830810547,85.74564361572266,246.0800018310547,19.139026641845703
2014-10-31,112.66000366210938,165.2491455078125,85.52336120605469,245.0399932861328,19.289400100708008
2014-11-03,112.1500015258789,165.3392333984375,85.52336883544922,238.0800018310547,19.38129425048828
2014-11-04,112.22000122070312,164.76565551757812,85.78931427001953,234.39999389648438,19.33116912841797
2014-11-05,109.79000091552734,165.80630493164062,85.66708374023438,239.60000610351562,19.423063278198242
2014-11-06,109.87999725341797,166.4700469970703,85.113525390625,236.8000030517578,19.556726455688477
2014-11-07,112.97000122070312,166.6258087158203,86.0912857055664,238.0800018310547,19.439773559570312
2014-11-10,110.45999908447266,167.1502685546875,85.30043029785156,234.72000122070312,19.498249053955078
2014-11-11,112.04000091552734,167.31410217285156,85.3580093383789,235.36000061035156,19.423063278198242
2014-11-12,111.5,167.13381958007812,85.2861099243164,233.1199951171875,19.489896774291992
2014-11-13,111.66999816894531,167.32232666015625,85.48737335205078,226.32000732421875,19.473186492919922
2014-11-14,114.47000122070312,167.36328125,85.9044189453125,230.63999938964844,19.423063278198242
2014-11-17,114.05000305175781,167.46981811523438,85.68868255615234,229.44000244140625,19.523313522338867
2014-11-18,115.05000305175781,168.43679809570312,85.92593383789062,225.60000610351562,19.43141746520996
2014-11-19,113.68000030517578,168.16635131835938,85.37952423095703,226.0,19.464832305908203
2014-11-20,114.86000061035156,168.46139526367188,85.82528686523438,229.83999633789062,19.439773559570312
2014-11-21,115.38999938964844,169.3627471923828,86.34288787841797,232.8000030517578,19.598495483398438
2014-11-24,115.11000061035156,169.8380126953125,86.41481018066406,229.9199981689453,19.548372268676758
2014-11-25,115.37999725341797,169.71507263183594,87.13369750976562,224.24000549316406,19.50660514831543
2014-11-26,115.16000366210938,170.1494140625,87.37094116210938,223.1999969482422,19.4481258392334
2014-11-28,112.11000061035156,169.78880310058594,88.0611343383789,204.63999938964844,19.60685157775879
2014-12-01,116.58000183105469,168.60885620117188,87.5473861694336,210.55999755859375,19.51495933532715
2014-12-02,115.13999938964844,169.69873046875,86.69711303710938,204.63999938964844,19.673681259155273
2014-12-03,116.33000183105469,170.354248046875,87.03578186035156,204.63999938964844,19.732160568237305
2014-12-04,115.87999725341797,170.16578674316406,87.76356506347656,202.72000122070312,19.656978607177734
2014-12-05,114.43000030517578,170.44439697265625,87.25199890136719,199.67999267578125,19.807348251342773
2014-12-08,115.77999877929688,169.3053436279297,88.31835174560547,191.27999877929688,19.765579223632812
2014-12-09,118.19000244140625,169.19061279296875,88.77233123779297,193.60000610351562,19.673681259155273
2014-12-10,117.95999908447266,166.47830200195312,89.42082214355469,186.24000549316406,19.565082550048828
2014-12-11,117.69000244140625,167.32232666015625,89.7883071899414,181.44000244140625,19.640268325805664
2014-12-12,117.41000366210938,164.61813354492188,91.00604248046875,175.44000244140625,19.573436737060547
2014-12-15,114.38999938964844,163.48733520507812,90.81868743896484,168.47999572753906,19.615203857421875
2014-12-16,114.94999694824219,162.17626953125,91.94275665283203,170.39999389648438,19.473186492919922
2014-12-17,114.2699966430664,165.3556671142578,91.11410522460938,170.72000122070312,19.7154541015625
2014-12-18,115.1500015258789,169.4446563720703,89.49288177490234,165.9199981689453,19.77393341064453
2014-12-19,114.7699966430664,170.16566467285156,90.69623565673828,175.67999267578125,19.857471466064453
2014-12-22,112.55000305175781,170.94845581054688,90.81868743896484,167.36000061035156,19.87417984008789
2014-12-23,112.73999786376953,171.1791534423828,89.01730346679688,172.47999572753906,19.974428176879883
2014-12-24,112.7699966430664,171.19557189941406,89.50184631347656,168.39999389648438,19.949365615844727
2014-12-26,114.83000183105469,171.7477264404297,89.83401489257812,166.24000549316406,19.957717895507812
2014-12-29,113.66999816894531,171.9783477783203,90.5054702758789,162.39999389648438,20.007843017578125
2014-12-30,115.19999694824219,171.05555725097656,90.75102233886719,162.32000732421875,19.957717895507812
2014-12-31,113.58000183105469,169.358154296875,90.92434692382812,162.8800048828125,20.024555206298828
2015-01-02,114.08000183105469,169.26751708984375,91.93527221679688,159.1199951171875,20.216693878173828
2015-01-05,115.80000305175781,166.21058654785156,93.37935638427734,150.32000732421875,20.258464813232422
2015-01-06,117.12000274658203,164.64503479003906,95.06183624267578,144.39999389648438,20.300233840942383
2015-01-07,116.43000030517578,166.6967315673828,94.87409973144531,146.9600067138672,20.37541961669922
2015-01-08,115.94000244140625,169.6547393798828,93.61769104003906,148.39999389648438,20.458961486816406
2015-01-09,117.26000213623047,168.2952117919922,94.6430435180664,146.24000549316406,20.367063522338867
2015-01-12,118.55999755859375,166.97686767578125,95.18460845947266,139.27999877929688,20.367063522338867
2015-01-13,118.16000366210938,166.50729370117188,95.18460845947266,140.9600067138672,20.425546646118164
2015-01-14,117.97000122070312,165.5019989013672,95.9066390991211,146.16000366210938,20.38377571105957
2015-01-15,120.94000244140625,163.9858856201172,97.41587829589844,139.60000610351562,20.450605392456055
2015-01-16,122.5199966430664,166.1364288330078,96.17386627197266,146.63999938964844,20.542499542236328
2015-01-20,124.19999694824219,166.4907684326172,97.45193481445312,139.83999633789062,20.626041412353516
2015-01-21,124.2300033569336,167.33123779296875,96.32545471191406,142.16000366210938,20.567562103271484
2015-01-22,125.2300033569336,169.819580078125,95.97886657714844,139.27999877929688,20.87666130065918
2015-01-23,124.2300033569336,168.88851928710938,97.31473541259766,136.0,21.060449600219727
2015-01-26,122.98999786376953,169.28399658203125,97.01866149902344,134.9600067138672,21.02703285217285
2015-01-27,124.4000015258789,167.0509796142578,97.17032623291016,137.67999267578125,20.8265380859375
2015-01-28,123.41999816894531,164.9087677001953,98.75885772705078,132.47999572753906,20.951847076416016
2015-01-29,120.76000213623047,166.43307495117188,98.1089859008789,133.44000244140625,20.968557357788086
2015-01-30,123.44999694824219,164.34017944335938,99.84925079345703,142.55999755859375,20.993616104125977
2015-02-02,122.41999816894531,166.37539672851562,99.47222137451172,148.9600067138672,20.951847076416016
2015-02-03,121.05000305175781,168.78140258789062,97.36679077148438,156.9600067138672,20.70958137512207
2015-02-04,121.58000183105469,168.1387176513672,97.5331802368164,146.24000549316406,20.83489227294922
2015-02-05,121.79000091552734,169.83602905273438,96.46233367919922,152.24000549316406,20.684518814086914
2015-02-06,118.63999938964844,169.36642456054688,94.75480651855469,155.75999450683594,20.93514060974121
2015-02-09,119.16999816894531,168.6083526611328,94.60282135009766,158.16000366210938,20.91843032836914
2015-02-10,118.47000122070312,170.4045867919922,93.850341796875,151.52000427246094,20.943490982055664
2015-02-11,117.06999969482422,170.50338745117188,94.02400207519531,148.0800018310547,21.018680572509766
2015-02-12,117.33999633789062,172.1431884765625,93.7129135131836,153.44000244140625,20.81818199157715
2015-02-13,117.9800033569336,172.85177612304688,92.75057983398438,156.9600067138672,20.809829711914062
2015-02-17,116.01000213623047,173.12368774414062,91.35420227050781,158.32000732421875,20.78476333618164
2015-02-18,116.33999633789062,173.14016723632812,91.89679718017578,154.0800018310547,20.793121337890625
2015-02-19,115.94000244140625,173.01658630371094,91.28902435302734,152.8000030517578,20.86830711364746
2015-02-20,115.27999877929688,174.05482482910156,91.5567398071289,149.1999969482422,20.851598739624023
2015-02-23,115.43000030517578,174.03005981445312,92.6058349609375,144.8800048828125,20.910078048706055
2015-02-24,115.26000213623047,174.52450561523438,93.82141876220703,144.32000732421875,20.86830711364746
2015-02-25,115.69999694824219,174.37611389160156,94.2265853881836,149.1999969482422,20.8265380859375
2015-02-26,116.06999969482422,174.1701202392578,92.93870544433594,144.24000549316406,21.04374122619629
2015-02-27,116.16000366210938,173.57679748535156,93.72012329101562,144.8000030517578,21.052095413208008
2015-03-02,115.68000030517578,174.67276000976562,91.97444152832031,146.55999755859375,21.09386444091797
2015-03-03,115.47000122070312,173.95587158203125,91.64097595214844,147.9199981689453,21.08551025390625
2015-03-04,115.11000061035156,173.2225799560547,91.66999053955078,152.0800018310547,21.194114685058594
2015-03-05,115.0,173.41204833984375,91.553955078125,149.67999267578125,21.294361114501953
2015-03-06,111.86000061035156,170.97312927246094,89.53131866455078,145.9199981689453,21.553335189819336
2015-03-09,111.97000122070312,171.6817169189453,90.35782623291016,146.8000030517578,21.553335189819336
2015-03-10,111.41999816894531,168.89674377441406,91.5467529296875,143.27999877929688,21.778892517089844
2015-03-11,110.75,168.50123596191406,92.2136459350586,142.16000366210938,22.02115821838379
2015-03-12,110.72000122070312,170.64353942871094,92.14842224121094,139.52000427246094,21.90420150756836
2015-03-13,110.87999725341797,169.5971221923828,91.86567687988281,134.39999389648438,22.129762649536133
2015-03-16,110.80999755859375,171.86300659179688,92.75015258789062,130.8000030517578,21.962682723999023
2015-03-17,110.20999908447266,171.3521728515625,93.51858520507812,127.68000030517578,21.971033096313477
2015-03-18,112.37000274658203,173.41204833984375,95.32367706298828,134.0800018310547,21.5366268157959
2015-03-19,112.29000091552734,172.62107849121094,94.8380355834961,128.63999938964844,21.86243438720703
2015-03-20,113.56999969482422,174.14476013183594,95.3382339477539,131.44000244140625,21.570043563842773
2015-03-23,114.29000091552734,173.80538940429688,95.22217559814453,134.24000549316406,21.33613395690918
2015-03-24,114.56999969482422,172.82879638671875,96.14291381835938,134.32000732421875,21.40296173095703
2015-03-25,114.7300033569336,170.29623413085938,95.33097076416016,138.8800048828125,21.344484329223633
2015-03-26,115.4800033569336,169.8907012939453,93.8448257446289,145.67999267578125,21.4196720123291
2015-03-27,115.05999755859375,170.2797088623047,95.01197814941406,137.1199951171875,21.436376571655273
2015-03-30,113.75,172.35707092285156,94.54076385498047,137.83999633789062,21.60346031188965
2015-03-31,113.66000366210938,170.85073852539062,94.74376678466797,134.72000122070312,21.636877059936523
2015-04-01,115.5999984741211,170.24655151367188,95.98820495605469,140.63999938964844,21.645227432250977
2015-04-02,115.27999877929688,170.8590545654297,94.97113800048828,140.47999572753906,21.4781494140625
2015-04-06,116.69000244140625,172.00950622558594,94.4408187866211,147.44000244140625,21.311067581176758
2015-04-07,116.11000061035156,171.55422973632812,95.2326431274414,152.47999572753906,21.553335189819336
2015-04-08,115.47000122070312,172.1335906982422,95.26174926757812,144.55999755859375,21.58675193786621
2015-04-09,114.66999816894531,172.89503479003906,94.02672576904297,144.24000549316406,21.81230926513672
2015-04-10,115.97000122070312,173.8385009765625,94.16474914550781,147.27999877929688,21.86243438720703
2015-04-13,115.13999938964844,173.05227661132812,94.29553985595703,148.0,21.89584732055664
2015-04-14,114.44000244140625,173.3833770751953,94.96385955810547,150.55999755859375,21.72876739501953
2015-04-15,115.43000030517578,174.1613311767578,94.88400268554688,157.67999267578125,21.628520965576172
2015-04-16,115.02999877929688,174.11163330078125,94.41175079345703,159.52000427246094,21.461442947387695
2015-04-17,115.5999984741211,172.10879516601562,95.49422454833984,158.72000122070312,21.41131591796875
2015-04-20,114.72000122070312,173.68133544921875,94.65147399902344,159.1199951171875,21.5366268157959
2015-04-21,115.37999725341797,173.47434997558594,94.222900390625,155.60000610351562,21.561689376831055
2015-04-22,113.83000183105469,174.3268280029297,92.78445434570312,154.8800048828125,21.561689376831055
2015-04-23,114.66000366210938,174.7655029296875,93.18401336669922,158.0800018310547,21.40296173095703
2015-04-24,113.05000305175781,175.17100524902344,93.76522827148438,157.36000061035156,21.319419860839844
2015-04-27,115.33000183105469,174.44271850585938,93.76522827148438,156.16000366210938,21.252592086791992
2015-04-28,116.33000183105469,174.99722290039062,92.47213745117188,156.8000030517578,21.118925094604492
2015-04-29,115.51000213623047,174.2771759033203,91.33880615234375,160.9600067138672,20.93514060974121
2015-04-30,113.47000122070312,172.5308380126953,91.49861145019531,164.0800018310547,20.809829711914062
2015-05-01,113.08000183105469,174.40135192871094,90.26693725585938,163.1999969482422,20.910078048706055
2015-05-04,114.0999984741211,174.89791870117188,89.41514587402344,162.24000549316406,20.968557357788086
2015-05-05,114.41999816894531,172.89503479003906,89.29145812988281,166.0800018310547,20.910078048706055
2015-05-06,114.36000061035156,172.18325805664062,87.76270294189453,166.55999755859375,20.676164627075195
2015-05-07,113.41999816894531,172.87014770507812,88.94200897216797,161.60000610351562,20.78476333618164
2015-05-08,113.97000122070312,175.14620971679688,89.1822738647461,163.36000061035156,20.809829711914062
2015-05-11,113.52999877929688,174.3103485107422,87.01290893554688,163.0399932861328,20.87666130065918
2015-05-12,114.5,173.7888641357422,87.23858642578125,165.9199981689453,20.759702682495117
2015-05-13,116.55000305175781,173.8219451904297,86.5397720336914,164.8800048828125,20.575918197631836
2015-05-14,117.18000030517578,175.634521484375,86.77271270751953,164.24000549316406,20.509082794189453
2015-05-15,117.52999877929688,175.82493591308594,88.51252746582031,164.16000366210938,20.475669860839844
2015-05-18,117.5199966430664,176.37112426757812,87.02752685546875,163.52000427246094,20.676164627075195
2015-05-19,115.88999938964844,176.3131866455078,86.25586700439453,157.0399932861328,20.91843032836914
2015-05-20,116.08000183105469,176.1890411376953,86.40142822265625,158.72000122070312,20.960203170776367
2015-05-21,115.69000244140625,176.7021942138672,87.60982513427734,164.0,20.92678451538086
2015-05-22,115.5999984741211,176.28005981445312,87.6462631225586,162.0,21.118925094604492
2015-05-26,113.91000366210938,174.384765625,89.14581298828125,157.52000427246094,21.35283851623535
2015-05-27,113.88999938964844,176.04006958007812,89.34966278076172,155.83999633789062,21.36119270324707
2015-05-28,114.0199966430664,175.84149169921875,89.13130187988281,156.47999572753906,21.302715301513672
2015-05-29,114.0999984741211,174.74891662597656,89.32784271240234,162.47999572753906,21.269296646118164
2015-06-01,114.0,175.10484313964844,88.3678207397461,162.8800048828125,21.394609451293945
2015-06-02,114.45999908447266,174.93106079101562,87.13484954833984,165.44000244140625,21.068803787231445
2015-06-03,113.63999938964844,175.39447021484375,85.73422241210938,161.36000061035156,20.92678451538086
2015-06-04,112.83999633789062,173.9130096435547,86.85034942626953,157.27999877929688,20.951847076416016
2015-06-05,112.23999786376953,173.6150665283203,85.79256439208984,159.1999969482422,21.135635375976562
2015-06-08,112.56999969482422,172.5474090576172,85.69771575927734,157.67999267578125,20.893369674682617
2015-06-09,112.81999969482422,172.52255249023438,85.01927947998047,161.67999267578125,20.86830711364746
2015-06-10,113.77999877929688,174.5917205810547,84.2751693725586,165.1199951171875,20.751352310180664
2015-06-11,113.26000213623047,175.1544952392578,86.04786682128906,163.9199981689453,20.809829711914062
2015-06-12,113.2300033569336,173.8136749267578,86.04786682128906,162.16000366210938,20.793121337890625
2015-06-15,113.7300033569336,173.06883239746094,86.1865005493164,161.1999969482422,20.776411056518555
2015-06-16,113.31999969482422,174.0123291015625,86.86492919921875,162.0800018310547,20.81818199157715
2015-06-17,113.8499984741211,174.2937469482422,86.19377899169922,161.67999267578125,20.634395599365234
2015-06-18,115.31999969482422,176.10630798339844,85.77067565917969,162.8800048828125,20.567562103271484
2015-06-19,115.12000274658203,175.3245086669922,86.87227630615234,160.16000366210938,20.617685317993164
2015-06-22,113.63999938964844,176.22274780273438,85.09947967529297,161.27999877929688,20.659454345703125
2015-06-23,112.88999938964844,176.34742736816406,84.58881378173828,163.75999450683594,20.90172004699707
2015-06-24,112.58999633789062,175.0667266845703,85.318359375,161.67999267578125,20.859949111938477
2015-06-25,112.44000244140625,174.53445434570312,85.01927947998047,159.83999633789062,20.8265380859375
2015-06-26,112.55999755859375,174.5010986328125,84.06362915039062,159.83999633789062,20.8850154876709
2015-06-29,113.06999969482422,170.84185791015625,86.28861236572266,156.0800018310547,20.7680606842041
2015-06-30,112.37000274658203,171.1994171142578,85.69039916992188,159.0399932861328,20.910078048706055
2015-07-01,111.9800033569336,172.5717315673828,84.53376770019531,152.8000030517578,21.07715606689453
2015-07-02,111.76000213623047,172.4136505126953,84.81159210205078,151.44000244140625,21.02703285217285
2015-07-06,112.05999755859375,171.92294311523438,86.38353729248047,141.83999633789062,21.068803787231445
2015-07-07,110.76000213623047,173.00418090820312,87.19512939453125,142.0800018310547,21.135635375976562
2015-07-08,111.08999633789062,170.1016387939453,87.9481430053711,139.0399932861328,21.052095413208008
2015-07-09,111.36000061035156,170.4093017578125,86.21540069580078,141.67999267578125,21.118925094604492
2015-07-10,111.48999786376953,172.55502319335938,84.84811401367188,141.36000061035156,20.968557357788086
2015-07-13,110.98999786376953,174.45956420898438,84.58493041992188,140.0800018310547,21.177404403686523
2015-07-14,110.73999786376953,175.2163848876953,84.86276245117188,141.75999450683594,21.143985748291016
2015-07-15,110.16000366210938,175.158203125,85.7620849609375,137.83999633789062,21.235881805419922
2015-07-16,109.76000213623047,176.563720703125,86.35430145263672,136.39999389648438,21.35283851623535
2015-07-17,108.6500015258789,176.71337890625,86.80027770996094,135.9199981689453,21.40296173095703
2015-07-20,105.69999694824219,176.80487060546875,86.43473815917969,133.52000427246094,21.41131591796875
2015-07-21,105.37000274658203,176.10630798339844,86.9026107788086,135.27999877929688,21.260944366455078
2015-07-22,104.80000305175781,175.79022216796875,87.44376373291016,130.72000122070312,21.311067581176758
2015-07-23,104.33000183105469,174.80052185058594,88.5330581665039,129.1199951171875,21.227527618408203
2015-07-24,105.3499984741211,172.98748779296875,88.75240325927734,128.24000549316406,21.260944366455078
2015-07-27,104.86000061035156,171.981201171875,89.22764587402344,125.19999694824219,21.09386444091797
2015-07-28,105.0199966430664,174.0936737060547,88.57691955566406,126.80000305175781,21.11057472229004
2015-07-29,105.16999816894531,175.29124450683594,88.2479248046875,129.9199981689453,21.227527618408203
2015-07-30,104.2699966430664,175.3328094482422,88.92786407470703,128.8000030517578,21.311067581176758
2015-07-31,104.93000030517578,175.0667266845703,89.58588409423828,124.72000122070312,21.244237899780273
2015-08-03,104.0999984741211,174.47621154785156,90.52894592285156,120.80000305175781,21.294361114501953
2015-08-04,104.30999755859375,174.13525390625,89.8108901977539,121.76000213623047,21.40296173095703
2015-08-05,103.93000030517578,174.70912170410156,89.13677215576172,120.23999786376953,21.394609451293945
2015-08-06,104.38999938964844,173.27862548828125,89.92807006835938,118.95999908447266,21.35283851623535
2015-08-07,104.6500015258789,172.9459686279297,91.10779571533203,116.4800033569336,21.319419860839844
2015-08-10,105.72000122070312,175.12493896484375,89.97941589355469,119.12000274658203,21.219175338745117
2015-08-11,106.26000213623047,173.54473876953125,91.40816497802734,115.91999816894531,21.219175338745117
2015-08-12,107.75,173.75267028808594,90.90995788574219,115.5199966430664,20.993616104125977
2015-08-13,106.86000061035156,173.5364532470703,90.61688232421875,112.72000122070312,21.02703285217285
2015-08-14,106.8499984741211,174.16848754882812,90.8293228149414,111.91999816894531,21.08551025390625
2015-08-17,107.12999725341797,175.1415252685547,91.23963928222656,111.12000274658203,21.118925094604492
2015-08-18,107.11000061035156,174.6342010498047,90.52159118652344,112.4000015258789,21.169050216674805
2015-08-19,108.55000305175781,173.25372314453125,91.41555786132812,107.44000244140625,21.035385131835938
2015-08-20,110.44000244140625,169.6359100341797,92.33875274658203,106.95999908447266,20.91843032836914
2015-08-21,111.12999725341797,164.5294647216797,92.61724853515625,105.83999633789062,20.717933654785156
2015-08-24,110.52999877929688,157.60157775878906,92.58790588378906,99.91999816894531,20.37541961669922
2015-08-25,109.16000366210938,155.74703979492188,91.1004638671875,101.83999633789062,20.517438888549805
2015-08-26,107.66999816894531,161.7267303466797,89.34188842773438,102.16000366210938,20.7680606842041
2015-08-27,107.7300033569336,165.7270050048828,89.39318084716797,111.5999984741211,20.90172004699707
2015-08-28,108.69999694824219,165.7353057861328,89.65699005126953,119.04000091552734,20.968557357788086
2015-08-31,108.81999969482422,164.39634704589844,88.96823120117188,127.12000274658203,20.93514060974121
2015-09-01,109.19999694824219,159.48948669433594,89.60932922363281,118.4800033569336,20.809829711914062
2015-09-02,108.62000274658203,162.51681518554688,88.8382568359375,120.72000122070312,20.91843032836914
2015-09-03,107.83999633789062,162.63323974609375,89.27147674560547,122.72000122070312,21.018680572509766
2015-09-04,107.48999786376953,160.17147827148438,90.08662414550781,120.63999938964844,20.993616104125977
2015-09-08,107.5199966430664,164.19679260253906,88.75747680664062,120.16000366210938,20.91843032836914
2015-09-09,106.12999725341797,162.0011444091797,89.1833724975586,116.08000183105469,20.91843032836914
2015-09-10,106.37999725341797,162.88267517089844,88.58120727539062,119.44000244140625,20.83489227294922
2015-09-11,106.16000366210938,163.6229248046875,89.13928985595703,117.19999694824219,20.742996215820312
2015-09-14,106.22000122070312,163.0157470703125,89.27880096435547,115.12000274658203,20.751352310180664
2015-09-15,105.9000015258789,165.05337524414062,87.56790924072266,116.55999755859375,20.83489227294922
2015-09-16,107.30999755859375,166.48382568359375,87.23741149902344,122.87999725341797,20.776411056518555
2015-09-17,108.41000366210938,166.10960388183594,88.30218505859375,121.83999633789062,20.5592098236084
2015-09-18,109.20999908447266,163.39512634277344,89.6606674194336,116.95999908447266,20.7680606842041
2015-09-21,108.52999877929688,164.23947143554688,88.19938659667969,120.4000015258789,20.893369674682617
2015-09-22,107.79000091552734,162.1077117919922,89.42567443847656,119.36000061035156,20.985261917114258
2015-09-23,108.22000122070312,161.84854125976562,89.4183349609375,115.5199966430664,20.985261917114258
2015-09-24,110.48999786376953,161.2633056640625,90.02783203125,116.72000122070312,20.91843032836914
2015-09-25,109.80999755859375,161.2215576171875,89.24948120117188,117.76000213623047,20.951847076416016
2015-09-28,108.41999816894531,157.17530822753906,90.77689361572266,115.04000091552734,20.92678451538086
2015-09-29,107.9800033569336,157.2672882080078,91.0338363647461,116.87999725341797,20.893369674682617
2015-09-30,106.86000061035156,160.20159912109375,90.71810913085938,117.44000244140625,20.968557357788086
2015-10-01,106.7300033569336,160.61961364746094,91.10511779785156,116.63999938964844,20.960203170776367
2015-10-02,108.98999786376953,163.0189208984375,91.65704345703125,118.16000366210938,20.910078048706055
2015-10-05,108.7699966430664,165.9198760986328,90.41349029541016,120.0,20.91843032836914
2015-10-06,109.86000061035156,165.351318359375,90.80343627929688,125.91999816894531,20.776411056518555
2015-10-07,109.69999694824219,166.7056427001953,90.50174713134766,124.55999755859375,20.80147361755371
2015-10-08,109.13999938964844,168.21041870117188,89.74380493164062,128.32000732421875,20.751352310180664
2015-10-09,110.87000274658203,168.31076049804688,89.97935485839844,127.91999816894531,20.651100158691406
2015-10-12,111.30999755859375,168.46961975097656,90.66365814208984,122.4800033569336,20.634395599365234
2015-10-13,111.86000061035156,167.40786743164062,90.81819152832031,120.4800033569336,20.60097885131836
2015-10-14,113.80999755859375,166.60531616210938,91.6128921508789,120.4000015258789,20.425546646118164
2015-10-15,113.29000091552734,169.16348266601562,91.16400146484375,121.04000091552734,20.5592098236084
2015-10-16,112.48999786376953,169.9326171875,91.19349670410156,121.76000213623047,20.592622756958008
2015-10-19,112.0199966430664,170.01622009277344,90.94325256347656,118.63999938964844,20.651100158691406
2015-10-20,112.7300033569336,169.79881286621094,90.38401794433594,117.83999633789062,20.634395599365234
2015-10-21,111.7300033569336,168.74551391601562,91.28178405761719,115.44000244140625,20.659454345703125
2015-10-22,111.69000244140625,171.59622192382812,91.43627166748047,116.08000183105469,20.960203170776367
2015-10-23,111.5,173.4771728515625,90.65631103515625,114.16000366210938,21.135635375976562
2015-10-26,111.43000030517578,173.05091857910156,91.25968933105469,112.08000183105469,21.068803787231445
2015-10-27,111.68000030517578,172.7164306640625,91.48778533935547,110.55999755859375,21.08551025390625
2015-10-28,110.77999877929688,174.68109130859375,91.119873046875,117.5199966430664,21.260944366455078
2015-10-29,109.72000122070312,174.58078002929688,89.67027282714844,117.04000091552734,21.169050216674805
2015-10-30,109.30000305175781,173.82835388183594,90.34722900390625,118.4800033569336,21.09386444091797
2015-11-02,108.58999633789062,175.8849334716797,89.93203735351562,118.0,21.07715606689453
2015-11-03,106.9800033569336,176.3948516845703,89.1946029663086,122.23999786376953,21.135635375976562
2015-11-04,105.97000122070312,175.85980224609375,89.29784393310547,118.80000305175781,21.311067581176758
2015-11-05,105.63999938964844,175.6842041015625,89.06185913085938,115.83999633789062,21.327777862548828
2015-11-06,104.0999984741211,175.59230041503906,87.75656127929688,113.83999633789062,21.57839584350586
2015-11-09,104.4000015258789,173.95372009277344,87.2624740600586,112.63999938964844,21.5366268157959
2015-11-10,104.18000030517578,174.35494995117188,87.52055358886719,112.72000122070312,21.595108032226562
2015-11-11,103.83000183105469,173.66949462890625,87.33625030517578,110.08000183105469,21.5366268157959
2015-11-12,103.8499984741211,171.2450714111328,87.75656127929688,106.80000305175781,21.444732666015625
2015-11-13,103.55999755859375,169.32235717773438,88.25804138183594,104.4800033569336,21.519920349121094
2015-11-16,103.70999908447266,171.8971710205078,88.17688751220703,107.12000274658203,21.636877059936523
2015-11-17,102.33999633789062,171.7718048095703,88.32440948486328,104.08000183105469,21.670289993286133
2015-11-18,102.43000030517578,174.4971160888672,88.50875091552734,104.4000015258789,21.670289993286133
2015-11-19,103.55999755859375,174.34664916992188,89.09873962402344,103.68000030517578,21.519920349121094
2015-11-20,103.08999633789062,174.9820098876953,88.82585906982422,103.44000244140625,21.670289993286133
2015-11-23,102.26000213623047,174.78134155273438,89.09873962402344,104.16000366210938,21.703704833984375
2015-11-24,102.94000244140625,175.01547241210938,89.09133911132812,106.55999755859375,21.661937713623047
2015-11-25,102.45999908447266,174.99038696289062,89.29784393310547,107.12000274658203,21.703704833984375
2015-11-27,101.25,175.19102478027344,89.20941925048828,104.23999786376953,21.737125396728516
2015-11-30,101.91999816894531,174.46365356445312,89.56329345703125,103.44000244140625,21.787246704101562
2015-12-01,102.27999877929688,176.12728881835938,90.77307891845703,103.5999984741211,21.68699836730957
2015-12-02,100.69000244140625,174.32989501953125,90.80264282226562,99.83999633789062,21.737125396728516
2015-12-03,101.76000213623047,171.88882446289062,88.3343505859375,102.16000366210938,21.219175338745117
2015-12-04,104.0199966430664,175.2411651611328,89.11029052734375,99.68000030517578,21.369548797607422
2015-12-07,102.66999816894531,174.17947387695312,89.9749526977539,93.76000213623047,21.436376571655273
2015-12-08,102.83999633789062,173.0090789794922,90.01929473876953,93.44000244140625,21.369548797607422
2015-12-09,102.63999938964844,171.6631317138672,89.9232177734375,92.4800033569336,21.143985748291016
2015-12-10,102.55000305175781,172.106201171875,90.04148864746094,90.95999908447266,21.260944366455078
2015-12-11,103.11000061035156,168.77056884765625,91.46038818359375,88.55999755859375,21.177404403686523
2015-12-14,101.79000091552734,169.623291015625,90.27793884277344,89.27999877929688,21.219175338745117
2015-12-15,101.5199966430664,171.40390014648438,89.7458724975586,91.19999694824219,21.33613395690918
2015-12-16,102.75,173.91192626953125,89.55374908447266,87.91999816894531,21.33613395690918
2015-12-17,100.5,171.26182556152344,90.5661849975586,85.91999816894531,21.5366268157959
2015-12-18,102.04000091552734,168.21080017089844,91.06867980957031,85.27999877929688,21.41131591796875
2015-12-21,103.1500015258789,169.5984344482422,91.04656219482422,85.27999877929688,21.33613395690918
2015-12-22,102.61000061035156,171.13739013671875,90.38880157470703,86.16000366210938,21.302715301513672
2015-12-23,102.30999755859375,173.256591796875,89.7088851928711,90.08000183105469,21.33613395690918
2015-12-24,103.05000305175781,172.97068786621094,90.22285461425781,90.4000015258789,21.2860050201416
2015-12-28,102.2699966430664,172.57545471191406,90.48948669433594,87.44000244140625,21.260944366455078
2015-12-29,102.19999694824219,174.41717529296875,88.98614501953125,90.08000183105469,21.319419860839844
2015-12-30,101.41999816894531,173.18093872070312,88.8971939086914,87.44000244140625,21.319419860839844
2015-12-31,101.45999908447266,171.44845581054688,89.29714965820312,88.0,21.428024291992188
2016-01-04,102.88999938964844,169.05174255371094,89.94143676757812,87.83999633789062,21.461442947387695
2016-01-05,103.18000030517578,169.33767700195312,89.57858276367188,85.27999877929688,21.58675193786621
2016-01-06,104.66999816894531,167.20164489746094,90.78565979003906,80.87999725341797,21.528270721435547
2016-01-07,106.1500015258789,163.190185546875,90.9486083984375,79.19999694824219,21.311067581176758
2016-01-08,105.68000030517578,161.39891052246094,91.3559341430664,78.4000015258789,21.35283851623535
2016-01-11,104.73999786376953,161.5587158203125,90.35619354248047,74.0,21.453088760375977
2016-01-12,104.20999908447266,162.8622283935547,91.65955352783203,73.36000061035156,21.486499786376953
2016-01-13,104.72000122070312,158.80035400390625,92.56303405761719,72.72000122070312,21.453088760375977
2016-01-14,103.0199966430664,161.4073486328125,91.69660186767578,73.83999633789062,21.511566162109375
2016-01-15,104.08000183105469,157.94253540039062,93.12590026855469,70.31999969482422,21.461442947387695
2016-01-19,103.9800033569336,158.1527862548828,92.83704376220703,67.91999816894531,21.503211975097656
2016-01-20,105.37000274658203,156.12608337402344,93.81460571289062,65.91999816894531,21.511566162109375
2016-01-21,105.48999786376953,157.00062561035156,93.17770385742188,68.4800033569336,21.486499786376953
2016-01-22,105.0,160.22161865234375,92.82222747802734,74.16000366210938,21.60346031188965
2016-01-25,106.08000183105469,157.7996368408203,93.32579803466797,68.31999969482422,21.5366268157959
2016-01-26,107.29000091552734,159.95249938964844,93.37025451660156,71.76000213623047,21.494857788085938
2016-01-27,107.69000244140625,158.21163940429688,93.34801483154297,73.44000244140625,21.4781494140625
2016-01-28,106.54000091552734,159.03579711914062,93.48135375976562,77.5999984741211,21.37790298461914
2016-01-29,106.94999694824219,162.91268920898438,94.27375793457031,77.19999694824219,21.60346031188965
2016-02-01,108.05000305175781,162.85382080078125,93.985107421875,72.16000366210938,21.461442947387695
2016-02-02,108.08999633789062,159.91888427734375,95.72872161865234,68.55999755859375,21.444732666015625
2016-02-03,109.25,160.87753295898438,94.93485260009766,74.72000122070312,21.07715606689453
2016-02-04,110.56999969482422,161.1298370361328,95.39484405517578,72.95999908447266,20.93514060974121
2016-02-05,112.31999969482422,158.0602569580078,95.50615692138672,71.27999877929688,21.02703285217285
2016-02-08,113.83000183105469,155.9326171875,97.5614242553711,69.12000274658203,20.976909637451172
2016-02-09,113.58000183105469,155.9410400390625,97.665283203125,65.44000244140625,20.8265380859375
2016-02-10,114.45999908447266,155.80650329589844,98.52598571777344,63.68000030517578,20.78476333618164
2016-02-11,119.05999755859375,153.77975463867188,99.21599578857422,63.91999816894531,20.726289749145508
2016-02-12,118.36000061035156,156.9501953125,97.56878662109375,66.63999938964844,20.81818199157715
2016-02-16,114.7699966430664,159.59925842285156,96.53750610351562,66.4800033569336,21.001968383789062
2016-02-17,115.4800033569336,162.20623779296875,95.94391632080078,70.23999786376953,20.993616104125977
2016-02-18,118.29000091552734,161.54190063476562,97.12362670898438,69.27999877929688,21.001968383789062
2016-02-19,117.58000183105469,161.46617126464844,97.20523071289062,68.4000015258789,20.943490982055664
2016-02-22,115.48999786376953,163.80409240722656,97.15333557128906,71.27999877929688,21.102218627929688
2016-02-23,117.22000122070312,161.73532104492188,97.54654693603516,67.83999633789062,21.11057472229004
2016-02-24,117.61000061035156,162.475341796875,97.3536376953125,68.72000122070312,21.127283096313477
2016-02-25,117.91999816894531,164.44320678710938,97.70234680175781,70.4000015258789,21.11057472229004
2016-02-26,117.11000061035156,164.0648193359375,96.76008605957031,70.23999786376953,21.252592086791992
2016-02-29,118.63999938964844,162.77813720703125,97.18299102783203,72.0,21.294361114501953
2016-03-01,117.7699966430664,166.6045684814453,95.4717025756836,73.19999694824219,21.302715301513672
2016-03-02,118.68000030517578,167.3529815673828,95.86571502685547,74.4000015258789,21.2860050201416
2016-03-03,120.7300033569336,168.0089874267578,96.21515655517578,74.0,21.152341842651367
2016-03-04,120.54000091552734,168.5556640625,95.59809112548828,77.19999694824219,21.09386444091797
2016-03-07,121.13999938964844,168.69020080566406,95.56841278076172,80.87999725341797,21.052095413208008
2016-03-08,120.58000183105469,166.84841918945312,96.62395477294922,77.19999694824219,21.060449600219727
2016-03-09,119.58000183105469,167.672607421875,96.03672790527344,81.19999694824219,21.068803787231445
2016-03-10,121.5,167.8070831298828,95.6427001953125,80.31999969482422,20.859949111938477
2016-03-11,119.41000366210938,170.5150146484375,94.67635345458984,81.5199966430664,20.843246459960938
2016-03-14,117.87000274658203,170.29640197753906,94.97366333007812,79.04000091552734,20.92678451538086
2016-03-15,117.95999908447266,170.01889038085938,95.06290435791016,77.5999984741211,20.943490982055664
2016-03-16,120.58999633789062,171.00282287597656,95.34539794921875,81.44000244140625,20.717933654785156
2016-03-17,120.12999725341797,172.0876922607422,95.7393569946289,84.4000015258789,20.534143447875977
2016-03-18,119.80000305175781,172.763916015625,95.94007873535156,83.83999633789062,20.584270477294922
2016-03-21,118.95999908447266,173.00904846191406,95.20413970947266,84.72000122070312,20.651100158691406
2016-03-22,119.30999755859375,172.9160919189453,95.18180084228516,84.31999969482422,20.70958137512207
2016-03-23,116.61000061035156,171.77493286132812,96.25971984863281,80.87999725341797,20.81818199157715
2016-03-24,116.33000183105469,171.6987762451172,96.296875,80.4800033569336,20.8265380859375
2016-03-28,116.5999984741211,171.80027770996094,96.42326354980469,80.08000183105469,20.78476333618164
2016-03-29,118.76000213623047,173.38941955566406,97.43426513671875,78.4000015258789,20.60097885131836
2016-03-30,117.0999984741211,174.15020751953125,96.40840148925781,77.83999633789062,20.534143447875977
2016-03-31,117.63999938964844,173.7275390625,97.09229278564453,77.5999984741211,20.500730514526367
2016-04-01,116.93000030517578,174.9109649658203,97.34557342529297,74.63999938964844,20.49237632751465
2016-04-04,116.1500015258789,174.34458923339844,97.40519714355469,72.63999938964844,20.475669860839844
2016-04-05,117.66000366210938,172.60325622558594,98.47040557861328,73.04000091552734,20.49237632751465
2016-04-06,116.94000244140625,174.4883270263672,97.75529479980469,76.80000305175781,20.450605392456055
2016-04-07,118.61000061035156,172.40040588378906,98.96202850341797,76.08000183105469,20.475669860839844
2016-04-08,118.43000030517578,172.86532592773438,98.33633422851562,80.23999786376953,20.400480270385742
2016-04-11,120.02999877929688,172.45956420898438,98.20964050292969,82.23999786376953,20.350358963012695
2016-04-12,120.05000305175781,174.065673828125,97.53179931640625,85.12000274658203,20.350358963012695
2016-04-13,118.7699966430664,175.82391357421875,97.87445831298828,84.08000183105469,20.509082794189453
2016-04-14,117.11000061035156,175.83238220214844,97.40519714355469,83.83999633789062,20.5592098236084
2016-04-15,117.91999816894531,175.63795471191406,98.23948669433594,82.0,20.500730514526367
2016-04-18,117.73999786376953,176.87203979492188,97.81483459472656,81.36000061035156,20.458961486816406
2016-04-19,119.58000183105469,177.4299774169922,97.50946807861328,83.5199966430664,20.358713150024414
2016-04-20,118.97000122070312,177.59906005859375,96.43675994873047,86.08000183105469,20.475669860839844
2016-04-21,119.41999816894531,176.64389038085938,95.86323547363281,85.76000213623047,20.475669860839844
2016-04-22,117.88999938964844,176.64389038085938,95.61737823486328,86.08000183105469,20.592622756958008
2016-04-25,118.2300033569336,176.33958435058594,95.22259521484375,84.4000015258789,20.525794982910156
2016-04-26,118.69999694824219,176.6016082763672,94.79047393798828,86.4800033569336,20.467315673828125
2016-04-27,119.04000091552734,176.9650421142578,95.73649597167969,89.12000274658203,20.442251205444336
2016-04-28,121.29000091552734,175.3590545654297,96.13139343261719,89.76000213623047,20.275171279907227
2016-04-29,123.6500015258789,174.41224670410156,96.37718200683594,90.4000015258789,20.13315200805664
2016-05-02,123.23999786376953,175.79856872558594,95.4068603515625,88.4000015258789,20.057968139648438
2016-05-03,122.95999908447266,174.26853942871094,96.60858154296875,85.91999816894531,20.116445541381836
2016-05-04,122.20999908447266,173.29644775390625,97.13848876953125,86.31999969482422,20.191633224487305
2016-05-05,122.06999969482422,173.2626495361328,97.78788757324219,87.19999694824219,20.29188346862793
2016-05-06,123.18000030517578,173.89659118652344,97.369873046875,87.68000030517578,20.31694221496582
2016-05-09,120.6500015258789,174.0403594970703,97.67595672607422,85.44000244140625,20.37541961669922
2016-05-10,120.9800033569336,176.20425415039062,97.68340301513672,87.91999816894531,20.392127990722656
2016-05-11,122.12000274658203,174.55592346191406,98.23575592041016,90.72000122070312,20.29188346862793
2016-05-12,121.16000366210938,174.60665893554688,97.78788757324219,91.5999984741211,20.367063522338867
2016-05-13,121.70999908447266,173.0850830078125,98.73587799072266,90.95999908447266,20.458961486816406
2016-05-16,121.80000305175781,174.79261779785156,97.88491821289062,94.08000183105469,20.450605392456055
2016-05-17,122.22000122070312,173.16122436523438,98.04912567138672,95.36000061035156,20.450605392456055
2016-05-18,120.0999984741211,173.21194458007812,96.65333557128906,93.5999984741211,20.592622756958008
2016-05-19,119.87000274658203,172.6117401123047,97.07135772705078,94.31999969482422,20.626041412353516
2016-05-20,119.70999908447266,173.7022247314453,97.14598846435547,94.0,20.626041412353516
2016-05-23,119.37000274658203,173.46554565429688,97.36251831054688,93.27999877929688,20.617685317993164
2016-05-24,117.30000305175781,175.71400451660156,96.9295425415039,94.55999755859375,20.684518814086914
2016-05-25,116.9800033569336,176.90586853027344,96.56378173828125,96.23999786376953,20.626041412353516
2016-05-26,116.58000183105469,176.95660400390625,97.06385803222656,95.5999984741211,20.592622756958008
2016-05-27,115.62000274658203,177.71737670898438,96.92206573486328,95.83999633789062,20.70958137512207
2016-05-31,116.05999755859375,177.37925720214844,97.15349578857422,94.95999908447266,20.751352310180664
2016-06-01,115.94000244140625,177.74278259277344,97.54761505126953,95.44000244140625,20.634395599365234
2016-06-02,115.66999816894531,178.28378295898438,98.25066375732422,94.87999725341797,20.659454345703125
2016-06-03,118.87999725341797,177.75120544433594,99.64930725097656,94.55999755859375,20.333650588989258
2016-06-06,118.91999816894531,178.65565490722656,98.90892791748047,96.31999969482422,20.333650588989258
2016-06-07,118.81999969482422,178.9346160888672,99.14818572998047,97.76000213623047,20.300233840942383
2016-06-08,120.58000183105469,179.51792907714844,99.6792984008789,99.44000244140625,20.24175453186035
2016-06-09,121.25,179.2727813720703,100.3225326538086,98.0,20.333650588989258
2016-06-10,121.73999786376953,177.57374572753906,100.80867004394531,94.95999908447266,20.467315673828125
2016-06-13,122.63999938964844,176.20425415039062,101.2574462890625,94.08000183105469,20.417190551757812
2016-06-14,122.7699966430664,175.85775756835938,101.18268585205078,93.83999633789062,20.542499542236328
2016-06-15,123.68000030517578,175.61260986328125,101.57158660888672,91.76000213623047,20.49237632751465
2016-06-16,122.37999725341797,176.1366424560547,102.0652084350586,89.12000274658203,20.467315673828125
2016-06-17,123.94999694824219,175.48074340820312,101.42951965332031,93.27999877929688,20.37541961669922
2016-06-20,123.20999908447266,176.61085510253906,100.34491729736328,95.27999877929688,20.258464813232422
2016-06-21,120.83999633789062,177.11212158203125,99.8812255859375,95.12000274658203,20.358713150024414
2016-06-22,120.9000015258789,176.8232421875,100.0457992553711,93.91999816894531,20.26681900024414
2016-06-23,120.11000061035156,179.12594604492188,98.90142059326172,95.83999633789062,20.174922943115234
2016-06-24,126.0,172.6936798095703,101.55657958984375,91.19999694824219,20.70122718811035
2016-06-27,126.68000030517578,169.60081481933594,104.09220123291016,89.5199966430664,20.87666130065918
2016-06-28,125.31999969482422,172.65969848632812,104.30912017822266,91.76000213623047,20.776411056518555
2016-06-29,125.83999633789062,175.5996856689453,103.50875854492188,94.31999969482422,20.70958137512207
2016-06-30,126.47000122070312,177.995849609375,103.89022827148438,92.55999755859375,20.751352310180664
2016-07-01,128.41000366210938,178.36973571777344,105.33273315429688,94.23999786376953,20.684518814086914
2016-07-05,129.47000122070312,177.08660888671875,106.65152740478516,89.44000244140625,20.8265380859375
2016-07-06,130.22999572753906,178.1487274169922,106.82386779785156,90.63999938964844,20.7680606842041
2016-07-07,129.74000549316406,178.03831481933594,106.81636047363281,86.55999755859375,20.81818199157715
2016-07-08,130.52000427246094,180.68939208984375,107.60313415527344,86.63999938964844,20.8265380859375
2016-07-11,129.2899932861328,181.32669067382812,106.65892028808594,85.19999694824219,20.8850154876709
2016-07-12,127.1500015258789,182.6437225341797,104.90559387207031,89.5199966430664,20.86830711364746
2016-07-13,128.32000732421875,182.61827087402344,106.1419677734375,86.0,20.81818199157715
2016-07-14,127.33000183105469,183.63787841796875,104.59834289550781,86.95999908447266,20.7680606842041
2016-07-15,126.83999633789062,183.39146423339844,103.69914245605469,87.91999816894531,20.851598739624023
2016-07-18,127.04000091552734,183.88424682617188,103.60173034667969,86.55999755859375,20.86830711364746
2016-07-19,127.20999908447266,183.69737243652344,104.18623352050781,85.5999984741211,20.968557357788086
2016-07-20,125.38999938964844,184.46209716796875,103.61678314208984,85.83999633789062,20.985261917114258
2016-07-21,127.30000305175781,183.7653045654297,103.82650756835938,83.91999816894531,20.951847076416016
2016-07-22,126.3499984741211,184.58956909179688,104.00637817382812,83.36000061035156,21.060449600219727
2016-07-25,125.47000122070312,184.08816528320312,103.9314956665039,81.04000091552734,21.02703285217285
2016-07-26,126.0,184.17318725585938,104.09632110595703,80.63999938964844,21.001968383789062
2016-07-27,128.02999877929688,183.9777374267578,105.39263916015625,79.19999694824219,20.90172004699707
2016-07-28,127.66000366210938,184.19017028808594,105.1977767944336,77.36000061035156,20.893369674682617
2016-07-29,128.97999572753906,184.48753356933594,106.07452392578125,78.08000183105469,20.609333038330078
2016-08-01,129.22000122070312,184.33457946777344,104.92450714111328,75.27999877929688,20.66781234741211
2016-08-02,130.27000427246094,183.15353393554688,103.84347534179688,74.63999938964844,20.525794982910156
2016-08-03,129.64999389648438,183.6888885498047,103.90353393554688,77.5199966430664,20.64274787902832
2016-08-04,129.8699951171875,183.88424682617188,104.68425750732422,78.72000122070312,20.676164627075195
2016-08-05,127.55000305175781,185.38821411132812,103.5957260131836,78.87999725341797,20.78476333618164
2016-08-08,127.44000244140625,185.27777099609375,103.79092407226562,80.80000305175781,20.80147361755371
2016-08-09,127.95999908447266,185.38821411132812,104.81182861328125,80.55999755859375,20.759702682495117
2016-08-10,128.55999755859375,184.92941284179688,105.21720123291016,78.16000366210938,20.651100158691406
2016-08-11,127.66999816894531,185.78762817382812,104.27887725830078,81.68000030517578,20.70958137512207
2016-08-12,127.4000015258789,185.62619018554688,105.15715789794922,84.0,20.676164627075195
2016-08-15,127.83999633789062,186.16151428222656,104.16622161865234,86.08000183105469,20.64274787902832
2016-08-16,128.47000122070312,185.20135498046875,103.88845825195312,87.36000061035156,20.458961486816406
2016-08-17,128.5,185.54965209960938,104.51158905029297,87.91999816894531,20.475669860839844
2016-08-18,129.11000061035156,185.96604919433594,104.6767578125,90.4000015258789,20.32529640197754
2016-08-19,127.97000122070312,185.6941680908203,104.12872314453125,90.72000122070312,20.400480270385742
2016-08-22,127.77999877929688,185.6856231689453,105.00703430175781,87.76000213623047,20.425546646118164
2016-08-23,127.76000213623047,186.05953979492188,105.11962127685547,88.72000122070312,20.408838272094727
2016-08-24,126.33999633789062,185.10787963867188,104.87191772460938,86.55999755859375,20.467315673828125
2016-08-25,126.2300033569336,184.98037719726562,104.47406005859375,87.5999984741211,20.467315673828125
2016-08-26,126.05000305175781,184.6320343017578,103.86601257324219,87.5999984741211,20.617685317993164
2016-08-29,126.30000305175781,185.5412139892578,105.25479125976562,86.80000305175781,20.634395599365234
2016-08-30,125.02999877929688,185.23529052734375,104.84937286376953,85.83999633789062,20.742996215820312
2016-08-31,124.77999877929688,184.70851135253906,104.9995346069336,82.87999725341797,20.73464012145996
2016-09-01,125.29000091552734,184.71694946289062,105.1153793334961,80.4800033569336,20.659454345703125
2016-09-02,126.56999969482422,185.54965209960938,104.25798034667969,81.91999816894531,20.70958137512207
2016-09-06,128.7100067138672,186.11048889160156,105.0175552368164,83.12000274658203,20.467315673828125
2016-09-07,128.27000427246094,186.09349060058594,104.9423828125,84.16000366210938,20.500730514526367
2016-09-08,127.58999633789062,185.66867065429688,103.6262435913086,87.68000030517578,20.525794982910156
2016-09-09,126.75,181.2246551513672,101.91910552978516,84.72000122070312,20.584270477294922
2016-09-12,126.58999633789062,183.8247833251953,101.97174835205078,85.12000274658203,20.550857543945312
2016-09-13,125.75,181.18223571777344,100.81355285644531,82.95999908447266,20.634395599365234
2016-09-14,126.18000030517578,181.11427307128906,100.9640121459961,80.72000122070312,20.584270477294922
2016-09-15,125.37000274658203,182.92413330078125,100.52780151367188,81.12000274658203,20.575918197631836
2016-09-16,125.05999755859375,182.2169647216797,101.34000396728516,80.0,20.742996215820312
2016-09-19,125.31999969482422,182.25119018554688,101.00910949707031,79.83999633789062,20.692874908447266
2016-09-20,125.44000244140625,182.25965881347656,101.362548828125,80.55999755859375,20.726289749145508
2016-09-21,127.2699966430664,184.3092803955078,102.18231201171875,83.19999694824219,20.634395599365234
2016-09-22,127.56999969482422,185.47073364257812,102.99456024169922,84.23999786376953,20.609333038330078
2016-09-23,127.6500015258789,184.4544677734375,102.89678192138672,81.5199966430664,20.617685317993164
2016-09-26,127.55000305175781,182.96002197265625,103.55110931396484,83.44000244140625,20.575918197631836
2016-09-27,126.62000274658203,184.0957794189453,104.31066131591797,81.19999694824219,20.592622756958008
2016-09-28,126.22000122070312,185.00955200195312,104.08502960205078,85.19999694824219,20.609333038330078
2016-09-29,126.06999969482422,183.33575439453125,104.34820556640625,86.95999908447266,20.626041412353516
2016-09-30,125.63999938964844,184.71923828125,103.41567993164062,87.44000244140625,20.617685317993164
2016-10-03,125.31999969482422,184.27511596679688,103.07441711425781,88.80000305175781,20.659454345703125
2016-10-04,120.97000122070312,183.33575439453125,101.86894989013672,88.72000122070312,20.751352310180664
2016-10-05,120.77999877929688,184.1470489501953,101.3943099975586,90.80000305175781,20.776411056518555
2016-10-06,119.66000366210938,184.27511596679688,100.82923126220703,92.08000183105469,20.8850154876709
2016-10-07,119.73999786376953,183.64312744140625,100.8970718383789,90.63999938964844,20.851598739624023
2016-10-10,120.16000366210938,184.59963989257812,100.30184173583984,93.36000061035156,20.93514060974121
2016-10-11,119.55000305175781,182.2682342529297,100.07588195800781,92.63999938964844,21.09386444091797
2016-10-12,119.73999786376953,182.50741577148438,100.1738052368164,91.44000244140625,21.152341842651367
2016-10-13,120.02999877929688,181.90956115722656,100.55046081542969,91.91999816894531,21.07715606689453
2016-10-14,119.36000061035156,182.0034637451172,99.14158630371094,91.5199966430664,21.185758590698242
2016-10-17,119.68000030517578,181.3715362548828,99.77442169189453,90.95999908447266,21.135635375976562
2016-10-18,120.41999816894531,182.50741577148438,100.09842681884766,91.5999984741211,21.152341842651367
2016-10-19,121.11000061035156,182.99420166015625,100.18131256103516,93.27999877929688,21.16069793701172
2016-10-20,120.73999786376953,182.6525421142578,100.28679656982422,91.44000244140625,21.227527618408203
2016-10-21,120.83000183105469,182.7379608154297,100.43746185302734,91.83999633789062,21.302715301513672
2016-10-24,120.55999755859375,183.51502990722656,100.00047302246094,91.44000244140625,21.327777862548828
2016-10-25,121.47000122070312,182.9001922607422,100.26410675048828,89.91999816894531,21.319419860839844
2016-10-26,120.79000091552734,182.53297424316406,99.58612823486328,88.72000122070312,21.311067581176758
2016-10-27,121.01000213623047,182.04617309570312,98.50117492675781,89.68000030517578,21.35283851623535
2016-10-28,121.58000183105469,181.5081787109375,98.2826919555664,88.08000183105469,21.227527618408203
2016-10-31,121.94000244140625,181.5167236328125,98.88536834716797,84.23999786376953,21.235881805419922
2016-11-01,122.7300033569336,180.20155334472656,98.89297485351562,84.55999755859375,21.127283096313477
2016-11-02,123.63999938964844,179.116943359375,99.3232650756836,82.23999786376953,21.052095413208008
2016-11-03,124.30000305175781,178.29714965820312,98.5608901977539,80.63999938964844,20.993616104125977
2016-11-04,124.38999938964844,178.10069274902344,99.4439926147461,79.83999633789062,20.93514060974121
2016-11-07,122.1500015258789,182.02911376953125,98.59857940673828,81.27999877929688,21.11057472229004
2016-11-08,121.63999938964844,182.8489532470703,98.1985092163086,80.80000305175781,21.169050216674805
2016-11-09,121.55999755859375,184.78749084472656,94.03172302246094,82.23999786376953,21.302715301513672
2016-11-10,119.75,185.24867248535156,92.642822265625,80.31999969482422,21.344484329223633
2016-11-11,117.0999984741211,184.8216552734375,92.1219711303711,78.16000366210938,21.37790298461914
2016-11-14,116.11000061035156,184.9668426513672,91.57091522216797,78.95999908447266,21.58675193786621
2016-11-15,117.12000274658203,186.4100799560547,92.02379608154297,82.72000122070312,21.620166778564453
2016-11-16,116.7699966430664,186.05999755859375,92.85417175292969,81.83999633789062,21.67864418029785
2016-11-17,116.16999816894531,187.0164794921875,91.4879150390625,81.04000091552734,21.803955078125
2016-11-18,115.1500015258789,186.59800720214844,91.22373962402344,82.55999755859375,21.8791446685791
2016-11-21,115.58000183105469,188.00706481933594,91.45012664794922,86.16000366210938,21.795602798461914
2016-11-22,115.54000091552734,188.37428283691406,91.4199447631836,85.04000091552734,21.829017639160156
2016-11-23,113.25,188.47679138183594,91.0651626586914,85.36000061035156,21.962682723999023
2016-11-25,112.61000061035156,189.17706298828125,91.2010498046875,82.63999938964844,21.92091178894043
2016-11-28,113.80000305175781,188.2888946533203,91.87287902832031,83.5199966430664,21.86243438720703
2016-11-29,113.2699966430664,188.6561737060547,92.25788116455078,80.4800033569336,21.81230926513672
2016-11-30,111.75,188.2035675048828,90.76325225830078,87.44000244140625,21.929264068603516
2016-12-01,111.54000091552734,187.51177978515625,89.80488586425781,90.63999938964844,21.81230926513672
2016-12-02,112.13999938964844,187.60568237304688,90.46293640136719,91.83999633789062,21.762182235717773
2016-12-05,111.54000091552734,188.73300170898438,90.3646240234375,90.80000305175781,21.620166778564453
2016-12-06,111.43000030517578,189.3307647705078,90.29652404785156,90.31999969482422,21.703704833984375
2016-12-07,111.83000183105469,191.807373046875,91.06806182861328,88.72000122070312,21.636877059936523
2016-12-08,111.56999969482422,192.27706909179688,89.9939956665039,90.4800033569336,21.829017639160156
2016-12-09,110.4000015258789,193.43856811523438,88.87451934814453,91.5199966430664,21.92091178894043
2016-12-12,110.81999969482422,193.21649169921875,89.04096221923828,92.95999908447266,21.795602798461914
2016-12-13,110.44999694824219,194.5060272216797,89.35869598388672,93.83999633789062,21.820663452148438
2016-12-14,108.83000183105469,192.90045166015625,88.36023712158203,90.55999755859375,22.02951431274414
2016-12-15,107.33999633789062,193.6947021484375,88.80652618408203,90.87999725341797,22.271780014038086
2016-12-16,108.05000305175781,193.31585693359375,88.60225677490234,92.4000015258789,22.19659423828125
2016-12-19,108.58999633789062,193.73681640625,89.5552749633789,92.0,22.263425827026367
2016-12-20,107.79000091552734,194.4842071533203,89.1090316772461,92.95999908447266,22.305194854736328
2016-12-21,107.8499984741211,193.94293212890625,89.5023422241211,91.5199966430664,22.238365173339844
2016-12-22,107.58999633789062,193.6079559326172,89.34233856201172,91.68000030517578,22.263425827026367
2016-12-23,107.93000030517578,193.89146423339844,89.52435302734375,92.4800033569336,22.24671745300293
2016-12-27,108.55999755859375,194.37245178222656,89.23615264892578,93.83999633789062,22.238365173339844
2016-12-28,108.86000061035156,192.76611328125,89.88838195800781,94.0,22.296842575073242
2016-12-29,110.29000091552734,192.72312927246094,90.20684814453125,93.76000213623047,22.171531677246094
2016-12-30,109.61000061035156,192.0187530517578,90.34332275390625,93.76000213623047,22.104700088500977
2017-01-03,110.47000122070312,193.4876708984375,90.73014068603516,91.5199966430664,22.305194854736328
2017-01-04,110.86000061035156,194.63876342773438,91.0790023803711,92.63999938964844,22.13811492919922
2017-01-05,112.58000183105469,194.4842071533203,92.50469970703125,93.5999984741211,21.90420150756836
2017-01-06,111.75,195.17999267578125,91.65532684326172,93.44000244140625,22.062929153442383
2017-01-09,112.66999816894531,194.5356903076172,92.39093780517578,90.4800033569336,22.004453659057617
2017-01-10,113.1500015258789,194.5356903076172,92.33030700683594,88.55999755859375,22.012805938720703
2017-01-11,113.5,195.08546447753906,92.64122772216797,90.95999908447266,21.962682723999023
2017-01-12,113.91000366210938,194.5958251953125,92.43644714355469,92.31999969482422,21.8791446685791
2017-01-13,114.20999908447266,195.04254150390625,91.99661254882812,91.27999877929688,21.854082107543945
2017-01-17,115.8499984741211,194.35531616210938,92.95972442626953,91.44000244140625,21.653583526611328
2017-01-18,114.87000274658203,194.7847900390625,91.76905822753906,89.27999877929688,21.854082107543945
2017-01-19,114.7699966430664,194.06326293945312,91.13964080810547,89.36000061035156,21.820663452148438
2017-01-20,115.05000305175781,194.77621459960938,90.95762634277344,91.12000274658203,21.745479583740234
2017-01-23,115.79000091552734,194.26942443847656,91.86766815185547,90.55999755859375,21.628520965576172
2017-01-24,115.2699966430664,195.51498413085938,91.23822784423828,90.95999908447266,21.636877059936523
2017-01-25,114.31999969482422,197.207275390625,90.0931167602539,90.4800033569336,21.561689376831055
2017-01-26,113.26000213623047,197.00106811523438,90.39641571044922,92.23999786376953,21.703704833984375
2017-01-27,113.48999786376953,196.6918487548828,90.7225341796875,91.19999694824219,21.71206283569336
2017-01-30,113.97000122070312,195.47206115722656,90.44953918457031,90.23999786376953,21.670289993286133
2017-01-31,115.55000305175781,195.45484924316406,91.0790023803711,90.55999755859375,21.494857788085938
2017-02-01,115.19999694824219,195.5321807861328,90.51582336425781,91.83999633789062,21.511566162109375
2017-02-02,115.83999633789062,195.66099548339844,90.47782135009766,92.08000183105469,21.54498291015625
2017-02-03,116.12999725341797,197.00970458984375,90.43982696533203,92.31999969482422,21.5366268157959
2017-02-06,117.69999694824219,196.65748596191406,90.98703002929688,91.04000091552734,21.553335189819336
2017-02-07,117.45999908447266,196.66610717773438,91.65584564208984,89.5199966430664,21.661937713623047
2017-02-08,118.19000244140625,196.92379760742188,92.9022216796875,89.83999633789062,21.636877059936523
2017-02-09,117.29000091552734,198.09210205078125,91.83063507080078,90.80000305175781,21.720415115356445
2017-02-10,117.5999984741211,198.8738250732422,91.77738189697266,92.0,21.745479583740234
2017-02-13,116.80000305175781,199.95620727539062,91.48860168457031,90.55999755859375,21.795602798461914
2017-02-14,116.93000030517578,200.75503540039062,90.82738494873047,91.04000091552734,21.845722198486328
2017-02-15,117.44999694824219,201.80303955078125,90.40946197509766,90.87999725341797,21.803955078125
2017-02-16,118.08000183105469,201.63128662109375,90.90345001220703,91.27999877929688,21.67864418029785
2017-02-17,117.68000030517578,201.9490966796875,91.44302368164062,91.12000274658203,21.787246704101562
2017-02-21,117.75,203.1517791748047,91.28338623046875,92.31999969482422,21.887495040893555
2017-02-22,117.91000366210938,202.9713897705078,91.43546295166016,90.87999725341797,21.837371826171875
2017-02-23,118.94000244140625,203.1088409423828,91.70903778076172,92.23999786376953,21.787246704101562
2017-02-24,119.69999694824219,203.36651611328125,92.7274398803711,91.68000030517578,21.829017639160156
2017-02-27,119.12000274658203,203.68438720703125,92.18022155761719,91.76000213623047,21.829017639160156
2017-02-28,119.2300033569336,203.13458251953125,92.52220916748047,91.5999984741211,21.81230926513672
2017-03-01,119.05999755859375,205.9779510498047,90.97185516357422,91.19999694824219,21.962682723999023
2017-03-02,117.58000183105469,204.6808319091797,90.64446258544922,89.36000061035156,22.054576873779297
2017-03-03,117.51000213623047,204.8096466064453,90.88053131103516,90.31999969482422,21.86243438720703
2017-03-06,116.72000122070312,204.19970703125,90.44646453857422,90.23999786376953,21.937620162963867
2017-03-07,115.77999877929688,203.5898895263672,90.17232513427734,90.16000366210938,21.962682723999023
2017-03-08,115.05999755859375,203.21189880371094,89.68498229980469,85.36000061035156,22.037866592407227
2017-03-09,114.47000122070312,203.46958923339844,88.96923065185547,84.23999786376953,21.9960994720459
2017-03-10,114.72000122070312,204.18255615234375,89.28144836425781,82.31999969482422,21.845722198486328
2017-03-13,114.73999786376953,204.28565979003906,88.71796417236328,82.23999786376953,21.8791446685791
2017-03-14,114.12000274658203,203.50396728515625,89.14434814453125,81.5199966430664,21.954328536987305
2017-03-15,116.25,205.26498413085938,90.2332534790039,83.04000091552734,21.69535255432129
2017-03-16,116.7300033569336,204.86123657226562,89.7763900756836,82.87999725341797,21.620166778564453
2017-03-17,116.98999786376953,204.50137329101562,90.33987426757812,82.63999938964844,21.628520965576172
2017-03-20,117.51000213623047,204.27711486816406,90.72822570800781,82.16000366210938,21.636877059936523
2017-03-21,118.54000091552734,201.65428161621094,91.48206329345703,80.87999725341797,21.503211975097656
2017-03-22,118.83000183105469,202.1288299560547,91.84756469726562,80.95999908447266,21.486499786376953
2017-03-23,118.66999816894531,201.9130859375,91.7181396484375,80.08000183105469,21.511566162109375
2017-03-24,118.86000061035156,201.7664794921875,92.04553985595703,80.72000122070312,21.503211975097656
2017-03-27,119.52999877929688,201.55941772460938,92.46434020996094,80.31999969482422,21.38625717163086
2017-03-28,119.04000091552734,203.026123046875,91.84756469726562,81.19999694824219,21.503211975097656
2017-03-29,119.33000183105469,203.21592712402344,92.3957748413086,82.95999908447266,21.54498291015625
2017-03-30,118.47000122070312,203.86297607421875,91.64958953857422,84.55999755859375,21.68699836730957
2017-03-31,118.72000122070312,203.38851928710938,91.91612243652344,85.12000274658203,21.67864418029785
2017-04-03,119.3499984741211,203.0347442626953,92.84324645996094,84.4000015258789,21.67864418029785
2017-04-04,119.62000274658203,203.16415405273438,92.33961486816406,85.68000030517578,21.703704833984375
2017-04-05,119.62000274658203,202.5602569580078,92.62191772460938,85.44000244140625,21.69535255432129
2017-04-06,119.18000030517578,203.129638671875,92.48458099365234,86.87999725341797,21.745479583740234
2017-04-07,119.45999908447266,202.92257690429688,92.11067962646484,87.68000030517578,21.845722198486328
2017-04-10,119.45999908447266,203.04330444335938,92.53800964355469,89.12000274658203,21.803955078125
2017-04-11,121.19000244140625,202.80181884765625,93.41554260253906,89.36000061035156,21.737125396728516
2017-04-12,122.0199966430664,201.9130859375,93.92679595947266,88.87999725341797,21.628520965576172
2017-04-13,122.5999984741211,200.6017608642578,94.21672058105469,89.04000091552734,21.703704833984375
2017-04-17,122.23999786376953,202.37899780273438,93.92679595947266,88.4800033569336,21.645227432250977
2017-04-18,122.81999969482422,201.7750701904297,95.1553726196289,88.31999969482422,21.461442947387695
2017-04-19,121.7300033569336,201.4041748046875,94.6364517211914,84.95999908447266,21.5366268157959
2017-04-20,121.95999908447266,203.04330444335938,94.2701644897461,84.31999969482422,21.54498291015625
2017-04-21,122.30999755859375,202.39627075195312,94.2701644897461,82.55999755859375,21.561689376831055
2017-04-24,121.4800033569336,204.62222290039062,93.80470275878906,82.0,21.36119270324707
2017-04-25,120.25,205.81285095214844,92.67534637451172,82.87999725341797,21.302715301513672
2017-04-26,120.83999633789062,205.6834716796875,93.18660736083984,82.08000183105469,21.35283851623535
2017-04-27,120.38999938964844,205.85597229003906,93.15607452392578,81.91999816894531,21.38625717163086
2017-04-28,120.7699966430664,205.40736389160156,93.36212921142578,81.91999816894531,21.36119270324707
2017-05-01,119.66999816894531,205.92498779296875,92.58601379394531,81.19999694824219,21.37790298461914
2017-05-02,119.6500015258789,206.00265502929688,93.0600814819336,79.36000061035156,21.344484329223633
2017-05-03,117.9800033569336,205.75244140625,93.12125396728516,79.44000244140625,21.428024291992188
2017-05-04,116.79000091552734,205.99398803710938,92.66246032714844,75.68000030517578,21.294361114501953
2017-05-05,117.01000213623047,206.80503845214844,92.74654388427734,77.27999877929688,21.260944366455078
2017-05-08,116.75,206.77052307128906,92.24185180664062,77.36000061035156,21.37790298461914
2017-05-09,116.05000305175781,206.58071899414062,92.23426055908203,76.55999755859375,21.486499786376953
2017-05-10,116.04000091552734,206.95167541503906,92.12715148925781,78.87999725341797,21.494857788085938
2017-05-11,116.5,206.5290069580078,92.12715148925781,79.5199966430664,21.503211975097656
2017-05-12,116.83000183105469,206.183837890625,92.82302856445312,79.5999984741211,21.394609451293945
2017-05-15,117.13999938964844,207.32269287109375,92.5706787109375,81.36000061035156,21.33613395690918
2017-05-16,117.6500015258789,207.13287353515625,92.914794921875,80.87999725341797,21.177404403686523
2017-05-17,119.79000091552734,203.45745849609375,94.26825714111328,81.5199966430664,21.035385131835938
2017-05-18,118.80999755859375,204.27711486816406,94.37535095214844,82.08000183105469,21.11057472229004
2017-05-19,119.4000015258789,205.60577392578125,94.59705352783203,83.83999633789062,20.960203170776367
2017-05-22,119.9000015258789,206.64968872070312,94.33712005615234,84.31999969482422,20.92678451538086
2017-05-23,119.13999938964844,207.10702514648438,93.70240783691406,85.12000274658203,21.018680572509766
2017-05-24,119.61000061035156,207.59014892578125,94.23004150390625,84.80000305175781,20.951847076416016
2017-05-25,119.4800033569336,208.5823211669922,94.26063537597656,80.31999969482422,20.976909637451172
2017-05-26,120.54000091552734,208.53919982910156,94.42115783691406,82.23999786376953,21.02703285217285
2017-05-30,120.13999938964844,208.35800170898438,94.88763427734375,81.91999816894531,21.001968383789062
2017-05-31,120.62000274658203,208.3062286376953,95.12470245361328,79.68000030517578,20.951847076416016
2017-06-01,120.72000122070312,209.96275329589844,95.13463592529297,79.27999877929688,20.976909637451172
2017-06-02,121.61000061035156,210.66162109375,96.2611083984375,78.87999725341797,20.87666130065918
2017-06-05,121.7300033569336,210.50631713867188,95.66332244873047,78.4000015258789,20.893369674682617
2017-06-06,123.0999984741211,209.83334350585938,96.1844482421875,79.76000213623047,20.843246459960938
2017-06-07,122.44999694824219,210.22157287597656,95.72470092773438,75.68000030517578,20.86830711364746
2017-06-08,121.6500015258789,210.32510375976562,95.47181701660156,75.44000244140625,20.943490982055664
2017-06-09,120.54000091552734,210.00587463378906,95.32622528076172,75.91999816894531,21.010326385498047
2017-06-12,120.36000061035156,209.96275329589844,95.2955551147461,76.16000366210938,20.976909637451172
2017-06-13,120.4800033569336,210.98936462402344,95.31089782714844,76.80000305175781,20.951847076416016
2017-06-14,119.81999969482422,210.72203063964844,96.7821273803711,73.83999633789062,20.93514060974121
2017-06-15,119.31999969482422,210.3164825439453,96.62892150878906,73.44000244140625,21.060449600219727
2017-06-16,119.33999633789062,210.3624725341797,96.8204574584961,73.91999816894531,20.985261917114258
2017-06-19,118.43000030517578,212.1137237548828,96.6825180053711,72.95999908447266,21.07715606689453
2017-06-20,118.18000030517578,210.6831817626953,97.54845428466797,71.5999984741211,21.11057472229004
2017-06-21,118.5199966430664,210.63116455078125,97.74768829345703,69.68000030517578,21.068803787231445
2017-06-22,118.91999816894531,210.53582763671875,97.96223449707031,70.23999786376953,21.07715606689453
2017-06-23,119.43000030517578,210.78726196289062,97.91626739501953,70.87999725341797,21.010326385498047
2017-06-26,118.36000061035156,210.9259796142578,98.28410339355469,71.44000244140625,21.04374122619629
2017-06-27,118.80999755859375,209.22669982910156,97.23429107666016,72.80000305175781,20.809829711914062
2017-06-28,118.9000015258789,211.099365234375,96.91244506835938,73.5999984741211,20.742996215820312
2017-06-29,118.31999969482422,209.2440185546875,96.10015106201172,73.68000030517578,20.64274787902832
2017-06-30,118.0199966430664,209.63417053222656,95.87794494628906,76.0,20.676164627075195
2017-07-03,116.08999633789062,209.9896697998047,95.5692367553711,76.95999908447266,20.80147361755371
2017-07-05,116.5199966430664,210.47511291503906,95.59230041503906,74.0,20.809829711914062
2017-07-06,116.47000122070312,208.55047607421875,94.80138397216797,74.4800033569336,20.717933654785156
2017-07-07,115.27999877929688,209.90296936035156,94.23313903808594,72.80000305175781,20.751352310180664
2017-07-10,115.47000122070312,210.12835693359375,94.37136840820312,73.04000091552734,20.759702682495117
2017-07-11,115.62000274658203,209.97230529785156,94.53263854980469,74.16000366210938,20.684518814086914
2017-07-12,116.02999877929688,211.55015563964844,95.1853256225586,74.63999938964844,20.684518814086914
2017-07-13,115.81999969482422,211.9056396484375,94.58641815185547,75.76000213623047,20.692874908447266
2017-07-14,116.7699966430664,212.89393615722656,94.70159149169922,76.72000122070312,20.567562103271484
2017-07-17,117.29000091552734,212.8679656982422,94.96269226074219,75.5999984741211,20.567562103271484
2017-07-18,118.11000061035156,212.98072814941406,95.79193878173828,76.31999969482422,20.458961486816406
2017-07-19,118.08000183105469,214.1337432861328,95.8303451538086,77.5199966430664,20.509082794189453
2017-07-20,118.23999786376953,214.2291717529297,96.10675048828125,76.87999725341797,20.38377571105957
2017-07-21,119.26000213623047,214.0383758544922,96.51372528076172,74.72000122070312,20.31694221496582
2017-07-24,119.30999755859375,213.98641967773438,96.13746643066406,76.0,20.32529640197754
2017-07-25,118.91999816894531,214.506591796875,94.8858871459961,78.4800033569336,20.358713150024414
2017-07-26,119.87999725341797,214.5152130126953,95.03939056396484,79.68000030517578,20.24175453186035
2017-07-27,119.79000091552734,214.3157958984375,94.57103729248047,80.4800033569336,20.31694221496582
2017-07-28,120.69000244140625,214.06446838378906,95.13158416748047,81.36000061035156,20.191633224487305
2017-07-31,120.75,213.94308471679688,95.24676513671875,82.23999786376953,20.108091354370117
2017-08-01,120.6500015258789,214.41986083984375,95.91548919677734,80.72000122070312,20.141508102416992
2017-08-02,120.4000015258789,214.52394104003906,95.96932220458984,81.12000274658203,20.116445541381836
2017-08-03,120.58999633789062,214.1077880859375,96.96208190917969,80.16000366210938,20.06632423400879
2017-08-04,119.6500015258789,214.4979248046875,96.13865661621094,81.04000091552734,20.24175453186035
2017-08-07,119.51000213623047,214.896728515625,96.24639129638672,80.80000305175781,20.233402252197266
2017-08-08,119.86000061035156,214.36790466308594,95.90008544921875,80.4800033569336,20.26681900024414
2017-08-09,121.30999755859375,214.3592071533203,96.42335510253906,81.19999694824219,20.25010871887207
2017-08-10,122.20999908447266,211.3334503173828,97.24679565429688,79.27999877929688,20.216693878173828
2017-08-11,122.79000091552734,211.6455535888672,97.29296875,79.91999816894531,20.141508102416992
2017-08-14,121.91999816894531,213.74363708496094,96.79273986816406,77.76000213623047,20.225046157836914
2017-08-15,120.9800033569336,213.7176055908203,96.38487243652344,78.0,20.31694221496582
2017-08-16,121.87000274658203,214.09043884277344,96.73892211914062,76.55999755859375,20.25010871887207
2017-08-17,122.48999786376953,210.75259399414062,97.4623031616211,76.95999908447266,20.29188346862793
2017-08-18,122.30000305175781,210.42311096191406,97.43916320800781,79.76000213623047,20.225046157836914
2017-08-21,122.76000213623047,210.5878448486328,97.6777572631836,77.68000030517578,20.16657066345215
2017-08-22,122.20999908447266,212.7899932861328,97.3006820678711,78.16000366210938,20.25010871887207
2017-08-23,122.66999816894531,212.0270233154297,97.96247100830078,79.04000091552734,20.16657066345215
2017-08-24,122.29000091552734,211.53286743164062,97.6008071899414,77.68000030517578,20.208343505859375
2017-08-25,122.73999786376953,212.0270233154297,97.97784423828125,78.0,20.041259765625
2017-08-28,124.69000244140625,212.03565979003906,97.91631317138672,76.23999786376953,19.9827823638916
2017-08-29,124.41999816894531,212.27847290039062,98.23178100585938,75.68000030517578,20.007843017578125
2017-08-30,124.36000061035156,213.28416442871094,98.20101165771484,75.04000091552734,20.13315200805664
2017-08-31,125.81999969482422,214.5672607421875,98.4934310913086,77.04000091552734,20.074676513671875
2017-09-01,126.05999755859375,214.87071228027344,97.74005126953125,77.36000061035156,20.116445541381836
2017-09-05,127.45999908447266,213.32749938964844,99.29000854492188,79.36000061035156,20.007843017578125
2017-09-06,126.80999755859375,214.05575561523438,98.6808090209961,80.31999969482422,19.991134643554688
2017-09-07,128.1300048828125,214.02972412109375,99.69102478027344,80.23999786376953,19.849119186401367
2017-09-08,127.97000122070312,213.77825927734375,99.47509765625,77.83999633789062,19.798995971679688
2017-09-11,126.19000244140625,216.05850219726562,98.28760528564453,78.55999755859375,19.932659149169922
2017-09-12,126.55999755859375,216.78668212890625,97.7708969116211,78.95999908447266,19.924304962158203
2017-09-13,125.61000061035156,216.89076232910156,97.38531494140625,80.55999755859375,20.041259765625
2017-09-14,126.16000366210938,216.82142639160156,97.78633117675781,81.04000091552734,19.9827823638916
2017-09-15,125.52999877929688,217.11328125,97.82486724853516,81.5999984741211,19.91594886779785
2017-09-18,124.36000061035156,217.5750274658203,97.26194763183594,81.36000061035156,19.966075897216797
2017-09-19,124.62000274658203,217.7928466796875,97.02293395996094,80.87999725341797,19.907596588134766
2017-09-20,123.62000274658203,217.87130737304688,97.09231567382812,81.91999816894531,20.06632423400879
2017-09-21,122.68000030517578,217.28756713867188,97.03832244873047,82.0,20.007843017578125
2017-09-22,123.23999786376953,217.33108520507812,97.31594848632812,81.91999816894531,19.991134643554688
2017-09-25,124.52999877929688,216.88674926757812,97.92512512207031,84.4000015258789,20.108091354370117
2017-09-26,123.13999938964844,217.01744079589844,97.7477798461914,83.91999816894531,20.174922943115234
2017-09-27,121.9800033569336,217.86256408691406,96.27493286132812,84.16000366210938,20.275171279907227
2017-09-28,122.20999908447266,218.12396240234375,95.98960876464844,83.44000244140625,20.216693878173828
2017-09-29,121.58000183105469,218.8907012939453,96.2055435180664,83.44000244140625,20.19998550415039
2017-10-02,120.7699966430664,219.8403778076172,96.02934265136719,81.68000030517578,20.31694221496582
2017-10-03,120.83000183105469,220.31088256835938,96.12205505371094,81.44000244140625,20.3085880279541
2017-10-04,121.16999816894531,220.572265625,96.12975311279297,80.63999938964844,20.283527374267578
2017-10-05,120.5199966430664,221.879150390625,95.76663208007812,82.0,20.392127990722656
2017-10-06,121.08999633789062,221.62646484375,95.49615478515625,79.76000213623047,20.358713150024414
2017-10-09,122.08000183105469,221.2605743408203,95.79757690429688,80.0,20.32529640197754
2017-10-10,122.4000015258789,221.84429931640625,95.95207977294922,82.23999786376953,20.216693878173828
2017-10-11,122.79000091552734,222.1928253173828,96.13751220703125,82.87999725341797,20.158214569091797
2017-10-12,122.88999938964844,221.86172485351562,96.54701232910156,81.83999633789062,20.19998550415039
2017-10-13,123.81999969482422,222.13182067871094,97.24246215820312,82.95999908447266,20.19998550415039
2017-10-16,122.97000122070312,222.42803955078125,97.17293548583984,83.68000030517578,20.25010871887207
2017-10-17,122.12999725341797,222.5848846435547,97.29656219482422,83.91999816894531,20.300233840942383
2017-10-18,121.66999816894531,222.80274963378906,96.65522766113281,83.83999633789062,20.275171279907227
2017-10-19,122.38999938964844,222.86373901367188,96.8252182006836,82.80000305175781,20.225046157836914
2017-10-20,121.61000061035156,224.01376342773438,95.79757690429688,83.44000244140625,20.342004776000977
2017-10-23,121.80000305175781,223.1425018310547,95.96751403808594,83.36000061035156,20.367063522338867
2017-10-24,121.33000183105469,223.53460693359375,95.37255096435547,84.31999969482422,20.400480270385742
2017-10-25,121.3499984741211,222.42803955078125,94.91667938232422,83.83999633789062,20.350358963012695
2017-10-26,120.33000183105469,222.71556091308594,94.59990692138672,84.55999755859375,20.567562103271484
2017-10-27,120.9000015258789,224.53656005859375,95.22573852539062,86.72000122070312,20.617685317993164
2017-10-30,121.12999725341797,223.7001190185547,96.13751220703125,86.95999908447266,20.517438888549805
2017-10-31,120.66999816894531,224.048583984375,96.16841888427734,87.44000244140625,20.534143447875977
2017-11-01,121.11000061035156,224.34483337402344,96.59663391113281,87.19999694824219,20.575918197631836
2017-11-02,121.19000244140625,224.43202209472656,97.0224380493164,87.91999816894531,20.575918197631836
2017-11-03,120.62000274658203,225.18128967285156,97.2857666015625,89.44000244140625,20.626041412353516
2017-11-06,121.6500015258789,225.52975463867188,97.64969635009766,92.08000183105469,20.575918197631836
2017-11-07,121.20999908447266,225.3730010986328,98.06006622314453,91.91999816894531,20.609333038330078
2017-11-08,121.62999725341797,225.7563018798828,97.84329223632812,91.27999877929688,20.60097885131836
2017-11-09,122.12999725341797,224.9373321533203,97.56455993652344,91.68000030517578,20.517438888549805
2017-11-10,121.12999725341797,224.86761474609375,96.09329986572266,91.36000061035156,20.500730514526367
2017-11-13,121.30999755859375,225.07669067382812,96.29462432861328,91.04000091552734,20.517438888549805
2017-11-14,121.55999755859375,224.55401611328125,96.9450454711914,89.04000091552734,20.37541961669922
2017-11-15,121.41000366210938,223.43006896972656,97.9981918334961,88.72000122070312,20.367063522338867
2017-11-16,121.4000015258789,225.32940673828125,97.14635467529297,88.55999755859375,20.392127990722656
2017-11-17,122.86000061035156,224.66720581054688,97.86652374267578,90.80000305175781,20.333650588989258
2017-11-20,121.30999755859375,225.05059814453125,97.82777404785156,90.23999786376953,20.433900833129883
2017-11-21,121.51000213623047,226.5229949951172,98.1375503540039,91.19999694824219,20.408838272094727
2017-11-22,122.62999725341797,226.3226776123047,98.45497131347656,92.80000305175781,20.25010871887207
2017-11-24,122.31999969482422,226.8454132080078,98.18397521972656,94.31999969482422,20.158214569091797
2017-11-27,122.83000183105469,226.73220825195312,98.04457092285156,92.72000122070312,20.183279037475586
2017-11-28,122.80999755859375,229.03228759765625,98.17623138427734,92.63999938964844,20.26681900024414
2017-11-29,122.04000091552734,228.8928985595703,97.2083740234375,91.76000213623047,20.258464813232422
2017-11-30,121.0999984741211,230.89688110351562,96.88311767578125,91.76000213623047,20.208343505859375
2017-12-01,121.58999633789062,230.41763305664062,98.19053649902344,93.36000061035156,20.191633224487305
2017-12-04,121.18000030517578,230.1388702392578,98.23709106445312,91.91999816894531,20.258464813232422
2017-12-05,120.31999969482422,229.31112670898438,98.72589874267578,92.31999969482422,20.29188346862793
2017-12-06,120.06999969482422,229.35472106933594,99.06729125976562,89.5999984741211,20.342004776000977
2017-12-07,118.48999786376953,230.0778350830078,98.29141235351562,90.63999938964844,20.38377571105957
2017-12-08,118.4800033569336,231.33251953125,98.29916381835938,91.91999816894531,20.417190551757812
2017-12-11,118.01000213623047,232.029541015625,98.0973892211914,92.80000305175781,20.417190551757812
2017-12-12,118.1500015258789,232.4390106201172,98.05864715576172,91.5199966430664,20.450605392456055
2017-12-13,119.16999816894531,232.41293334960938,98.79573822021484,90.63999938964844,20.3085880279541
2017-12-14,118.93000030517578,231.46316528320312,99.21469116210938,91.44000244140625,20.32529640197754
2017-12-15,119.18000030517578,233.39064025878906,99.58712005615234,91.68000030517578,20.408838272094727
2017-12-18,119.7300033569336,234.8706817626953,98.67936706542969,91.5199966430664,20.377897262573242
2017-12-19,119.81999969482422,233.96859741210938,97.39913177490234,92.08000183105469,20.319364547729492
2017-12-20,120.13999938964844,233.84605407714844,96.32058715820312,92.87999725341797,20.294279098510742
2017-12-21,120.30999755859375,234.32760620117188,96.88198852539062,93.12000274658203,20.285917282104492
2017-12-22,120.94000244140625,234.2664337158203,97.01416015625,93.27999877929688,20.294279098510742
2017-12-26,121.7699966430664,233.9861602783203,97.3018569946289,95.5999984741211,20.27755355834961
2017-12-27,122.2300033569336,234.10006713867188,98.56924438476562,95.36000061035156,20.235746383666992
2017-12-28,122.8499984741211,234.58168029785156,98.4837417602539,95.76000213623047,20.17721176147461
2017-12-29,123.6500015258789,233.69711303710938,98.63924407958984,96.08000183105469,20.093591690063477
2018-01-02,125.1500015258789,235.36984252929688,97.57396697998047,96.55999755859375,20.009977340698242
2018-01-03,124.81999969482422,236.85861206054688,98.04053497314453,98.72000122070312,20.08523178100586
2018-01-04,125.45999908447266,237.85691833496094,98.02498626708984,98.95999908447266,20.01833724975586
2018-01-05,125.33000183105469,239.44203186035156,97.74506378173828,98.4800033569336,20.03506088256836
2018-01-08,125.30999755859375,239.8798370361328,97.68286895751953,99.04000091552734,20.12704086303711
2018-01-09,124.7300033569336,240.42279052734375,96.37657165527344,100.55999755859375,20.168851852416992
2018-01-10,125.02999877929688,240.05502319335938,96.25995635986328,101.44000244140625,20.11867904663086
2018-01-11,125.44000244140625,241.80645751953125,96.65650939941406,101.5999984741211,20.03506088256836
2018-01-12,126.95999908447266,243.3828125,96.81979370117188,102.95999908447266,19.826011657714844
2018-01-16,127.16999816894531,242.5508270263672,97.22413635253906,102.08000183105469,19.717308044433594
2018-01-17,126.13999938964844,244.86273193359375,97.09193420410156,102.23999786376953,19.767480850219727
2018-01-18,125.86000061035156,244.4511260986328,96.18994903564453,102.08000183105469,19.742395401000977
2018-01-19,126.41999816894531,245.56332397460938,95.6845932006836,101.76000213623047,19.775842666625977
2018-01-22,126.6500015258789,247.55995178222656,95.7778549194336,102.23999786376953,19.708948135375977
2018-01-23,127.27999877929688,248.08538818359375,96.18994903564453,103.76000213623047,19.658775329589844
2018-01-24,128.8300018310547,247.9890899658203,95.66900634765625,105.76000213623047,19.466453552246094
2018-01-25,127.97000122070312,248.09417724609375,96.45431518554688,104.4800033569336,19.491540908813477
2018-01-26,128.07000732421875,250.96652221679688,96.09667205810547,105.91999816894531,19.44972801208496
2018-01-29,127.3499984741211,249.30270385742188,95.4280014038086,104.87999725341797,19.49989891052246
2018-01-30,126.80000305175781,246.74559020996094,94.86813354492188,103.19999694824219,19.466453552246094
2018-01-31,127.6500015258789,246.86817932128906,95.4280014038086,103.83999633789062,19.44136619567871
2018-02-01,128.07000732421875,246.58792114257812,94.04498291015625,105.91999816894531,19.341022491455078
2018-02-02,126.38999938964844,241.21974182128906,93.17231750488281,104.31999969482422,19.458093643188477
2018-02-05,126.70999908447266,231.1313018798828,94.05278015136719,102.16000366210938,19.54170799255371
2018-02-06,125.37999725341797,235.6851043701172,93.4683837890625,101.5999984741211,19.583520889282227
2018-02-07,124.79000091552734,234.4065704345703,92.58016204833984,98.95999908447266,19.734033584594727
2018-02-08,124.9800033569336,225.61419677734375,92.47882843017578,96.72000122070312,19.734033584594727
2018-02-09,124.7699966430664,229.0032501220703,91.89447021484375,94.87999725341797,19.750757217407227
2018-02-12,125.37000274658203,232.36605834960938,92.2996597290039,95.12000274658203,19.683862686157227
2018-02-13,126.08000183105469,232.94412231445312,92.71260833740234,94.95999908447266,19.575153350830078
2018-02-14,128.22999572753906,236.087890625,91.68408966064453,97.44000244140625,19.424644470214844
2018-02-15,128.3800048828125,239.10047912597656,91.99575805664062,98.63999938964844,19.341022491455078
2018-02-16,127.95999908447266,239.17051696777344,92.49446868896484,99.04000091552734,19.47481346130371
2018-02-20,126.23999786376953,237.6729278564453,92.08926391601562,99.12000274658203,19.600242614746094
2018-02-21,125.66000366210938,236.4907684326172,90.95946502685547,98.31999969482422,19.675500869750977
2018-02-22,126.30000305175781,236.7971954345703,91.23222351074219,100.72000122070312,19.608604431152344
2018-02-23,126.13999938964844,240.57159423828125,92.04249572753906,102.16000366210938,19.650415420532227
2018-02-26,126.44999694824219,243.36526489257812,92.07369232177734,102.87999725341797,19.62532615661621
2018-02-27,125.12999725341797,240.32640075683594,91.9412612915039,101.19999694824219,19.750757217407227
2018-02-28,125.0,237.89193725585938,92.52557373046875,98.95999908447266,19.80929183959961
2018-03-01,124.72000122070312,234.43280029296875,93.15721893310547,98.80000305175781,19.742395401000977
2018-03-02,125.38999938964844,235.64134216308594,92.39990997314453,98.95999908447266,19.658775329589844
2018-03-05,125.18000030517578,238.36476135253906,92.15005493164062,100.72000122070312,19.658775329589844
2018-03-06,126.52999877929688,238.96900939941406,92.23591613769531,100.55999755859375,19.608604431152344
2018-03-07,125.72000122070312,238.8815155029297,92.13445281982422,98.80000305175781,19.591880798339844
2018-03-08,125.41999816894531,240.0374755859375,92.66535186767578,97.19999694824219,19.717308044433594
2018-03-09,125.54000091552734,244.21470642089844,92.0563735961914,99.76000213623047,19.692222595214844
2018-03-12,125.54000091552734,243.90821838378906,92.58723449707031,98.95999908447266,19.667137145996094
2018-03-13,125.77999877929688,242.33189392089844,93.05571746826172,97.91999816894531,19.616966247558594
2018-03-14,125.69999694824219,241.08827209472656,93.8754653930664,98.23999786376953,19.62532615661621
2018-03-15,124.9000015258789,240.8256072998047,93.8754653930664,98.72000122070312,19.700584411621094
2018-03-16,124.5999984741211,241.08673095703125,93.53974914550781,100.4000015258789,19.750757217407227
2018-03-19,124.87000274658203,237.82476806640625,93.24310302734375,100.4000015258789,19.667137145996094
2018-03-20,124.30999755859375,238.22926330566406,92.86834716796875,102.4800033569336,19.784204483032227
2018-03-21,126.4800033569336,237.77203369140625,92.9698257446289,105.44000244140625,19.62532615661621
2018-03-22,125.9800033569336,231.82835388183594,93.89109802246094,103.5999984741211,19.650415420532227
2018-03-23,127.61000061035156,226.88705444335938,93.8208236694336,106.23999786376953,19.583520889282227
2018-03-26,128.27999877929688,233.09445190429688,93.46175384521484,105.68000030517578,19.491540908813477
2018-03-27,127.48999786376953,229.12913513183594,94.46105194091797,104.63999938964844,19.583520889282227
2018-03-28,125.7300033569336,228.4521026611328,94.71089935302734,104.31999969482422,19.75911521911621
2018-03-29,125.79000091552734,231.3711700439453,95.17151641845703,104.72000122070312,19.742395401000977
2018-04-02,127.26000213623047,226.37713623046875,95.35932159423828,101.91999816894531,19.734033584594727
2018-04-03,126.30000305175781,229.27854919433594,94.62380981445312,102.4800033569336,19.767480850219727
2018-04-04,126.44999694824219,231.7316436767578,94.4282455444336,102.55999755859375,19.75911521911621
2018-04-05,125.80000305175781,233.5605010986328,93.72404479980469,102.63999938964844,19.834373474121094
2018-04-06,126.38999938964844,228.3554229736328,94.74899291992188,100.08000183105469,19.75911521911621
2018-04-09,126.81999969482422,229.4808349609375,94.905517578125,102.16000366210938,19.708948135375977
2018-04-10,127.12000274658203,233.12969970703125,94.7333755493164,106.0,19.658775329589844
2018-04-11,128.11000061035156,231.9075164794922,95.06977081298828,107.5999984741211,19.642051696777344
2018-04-12,126.62000274658203,233.81544494628906,94.37346649169922,108.16000366210938,19.683862686157227
2018-04-13,127.44999694824219,233.12969970703125,94.5925521850586,108.4000015258789,19.683862686157227
2018-04-16,127.62999725341797,235.04640197753906,94.62380981445312,107.04000091552734,19.616966247558594
2018-04-17,127.75,237.56101989746094,94.88203430175781,107.27999877929688,19.616966247558594
2018-04-18,127.8499984741211,237.73683166503906,94.12310791015625,111.04000091552734,19.658775329589844
2018-04-19,127.5999984741211,236.41807556152344,93.35631561279297,110.16000366210938,19.717308044433594
2018-04-20,126.62999725341797,234.4133758544922,92.68348693847656,110.0,19.834373474121094
2018-04-23,125.62000274658203,234.3782196044922,92.70692443847656,111.36000061035156,19.959802627563477
2018-04-24,126.2300033569336,231.22174072265625,92.28443908691406,109.44000244140625,19.934717178344727
2018-04-25,125.41000366210938,231.79324340820312,91.66634368896484,109.76000213623047,20.01833724975586
2018-04-26,124.97000122070312,234.14956665039062,92.30792236328125,110.16000366210938,20.110315322875977
2018-04-27,125.5,234.369384765625,93.01988220214844,109.83999633789062,20.093591690063477
2018-04-30,124.58999633789062,232.56692504882812,93.18419647216797,110.4000015258789,20.17721176147461
2018-05-01,123.70999908447266,232.98020935058594,92.84857177734375,108.87999725341797,20.311002731323242
2018-05-02,123.6500015258789,231.41517639160156,92.74664306640625,109.36000061035156,20.402982711791992
2018-05-03,124.27999877929688,230.90518188476562,93.16226196289062,110.55999755859375,20.319364547729492
2018-05-04,124.54000091552734,233.89459228515625,93.30337524414062,112.72000122070312,20.34444808959961
2018-05-07,124.56999969482422,234.6859130859375,93.15437316894531,112.80000305175781,20.38625717163086
2018-05-08,124.58999633789062,234.6859130859375,93.06817626953125,112.4800033569336,20.461517333984375
2018-05-09,124.33000183105469,236.95436096191406,92.51141357421875,114.95999908447266,20.461517333984375
2018-05-10,125.18000030517578,239.17005920410156,93.25630187988281,115.27999877929688,20.369535446166992
2018-05-11,125.0,239.89981079101562,93.49160766601562,114.0,20.336088180541992
2018-05-14,124.48999786376953,240.0141143798828,92.99755096435547,115.04000091552734,20.361173629760742
2018-05-15,122.4800033569336,238.36111450195312,91.93901062011719,115.19999694824219,20.486600875854492
2018-05-16,122.29000091552734,239.3634796142578,91.58619689941406,115.68000030517578,20.536773681640625
2018-05-17,122.36000061035156,239.1612548828125,91.12350463867188,115.91999816894531,20.561861038208008
2018-05-18,122.41000366210938,238.56332397460938,91.90763854980469,115.44000244140625,20.603666305541992
2018-05-21,122.4800033569336,240.3570098876953,91.95468139648438,117.36000061035156,20.586944580078125
2018-05-22,122.41000366210938,239.6887969970703,91.81353759765625,116.4800033569336,20.578580856323242
2018-05-23,122.54000091552734,240.3482666015625,92.48004913330078,116.08000183105469,20.662200927734375
2018-05-24,123.58999633789062,239.85580444335938,93.21710968017578,114.31999969482422,20.637115478515625
2018-05-25,123.20999908447266,239.28433227539062,93.79737091064453,109.44000244140625,20.737459182739258
2018-05-29,123.19000244140625,236.53228759765625,95.851806640625,108.08000183105469,20.879610061645508
2018-05-30,123.37000274658203,239.6887969970703,95.20879364013672,110.63999938964844,20.720735549926758
2018-05-31,123.0999984741211,238.22048950195312,95.05196380615234,108.4000015258789,20.704010009765625
2018-06-01,122.48999786376953,240.55921936035156,94.5498046875,106.0,20.737459182739258
2018-06-04,122.37000274658203,241.70217895507812,93.86597442626953,104.95999908447266,20.720735549926758
2018-06-05,122.8499984741211,241.8780975341797,94.0860595703125,105.76000213623047,20.695648193359375
2018-06-06,122.91999816894531,243.9002227783203,93.32366180419922,105.27999877929688,20.637115478515625
2018-06-07,122.86000061035156,243.87388610839844,94.22759246826172,106.80000305175781,20.595306396484375
2018-06-08,123.01000213623047,244.59490966796875,93.9446029663086,106.16000366210938,20.603666305541992
2018-06-11,123.2300033569336,244.9202880859375,93.77167510986328,106.87999725341797,20.620391845703125
2018-06-12,122.81999969482422,245.23675537109375,93.79525756835938,107.19999694824219,20.662200927734375
2018-06-13,123.19000244140625,244.4541778564453,93.74810791015625,107.76000213623047,20.628753662109375
2018-06-14,123.37999725341797,245.06968688964844,94.52620697021484,108.16000366210938,20.896333694458008
2018-06-15,121.33999633789062,244.757080078125,94.61262512207031,104.4000015258789,20.879610061645508
2018-06-18,121.11000061035156,244.25367736816406,94.52620697021484,106.31999969482422,20.879610061645508
2018-06-19,120.80000305175781,243.31747436523438,95.0763931274414,105.12000274658203,20.938142776489258
2018-06-20,120.26000213623047,243.73255920410156,94.24327850341797,106.23999786376953,20.954866409301758
2018-06-21,120.05000305175781,242.2046356201172,94.73838806152344,106.4800033569336,20.896333694458008
2018-06-22,120.33999633789062,242.64625549316406,94.7305679321289,112.16000366210938,20.821077346801758
2018-06-25,119.88999938964844,239.34310913085938,94.9427261352539,110.16000366210938,20.787630081176758
2018-06-26,119.26000213623047,239.87306213378906,95.0763931274414,114.16000366210938,20.896333694458008
2018-06-27,118.58000183105469,237.8858642578125,95.9723129272461,117.19999694824219,21.02176284790039
2018-06-28,118.22000122070312,239.2460479736328,95.99591064453125,118.87999725341797,21.02176284790039
2018-06-29,118.6500015258789,239.59046936035156,95.66582489013672,120.4800033569336,20.854524612426758
2018-07-02,117.45999908447266,240.10267639160156,95.59098815917969,119.68000030517578,20.954866409301758
2018-07-03,118.6500015258789,239.25479125976562,96.1030044555664,119.36000061035156,20.887971878051758
2018-07-05,119.05000305175781,241.2066650390625,96.3786849975586,118.23999786376953,20.821077346801758
2018-07-06,118.86000061035156,243.24685668945312,96.69377136230469,119.68000030517578,20.754182815551758
2018-07-09,119.1500015258789,245.43711853027344,96.07150268554688,120.23999786376953,20.762542724609375
2018-07-10,118.93000030517578,246.3203125,96.0636215209961,120.55999755859375,20.770906448364258
2018-07-11,117.63999938964844,244.5186004638672,96.43387603759766,114.4800033569336,20.913057327270508
2018-07-12,118.12999725341797,246.73533630371094,96.42598724365234,115.12000274658203,20.929780960083008
2018-07-13,117.61000061035156,246.92965698242188,96.67017364501953,115.76000213623047,20.904695510864258
2018-07-16,117.55000305175781,246.7088623046875,96.2684326171875,111.5199966430664,20.871248245239258
2018-07-17,116.27999877929688,247.7069091796875,96.08722686767578,111.5999984741211,20.963228225708008
2018-07-18,116.30999755859375,248.2280731201172,95.70128631591797,112.80000305175781,20.98831558227539
2018-07-19,115.80999755859375,247.29183959960938,96.30782318115234,113.04000091552734,21.030120849609375
2018-07-20,116.55999755859375,247.0092010498047,95.12620544433594,113.19999694824219,20.862886428833008
2018-07-23,116.0,247.46836853027344,93.95250701904297,112.72000122070312,20.896333694458008
2018-07-24,116.04000091552734,248.7136688232422,94.2755126953125,113.83999633789062,20.904695510864258
2018-07-25,116.68000030517578,250.8333740234375,94.12581634521484,115.36000061035156,20.804353713989258
2018-07-26,115.7699966430664,250.24163818359375,93.94461059570312,115.76000213623047,20.946504592895508
2018-07-27,115.83000183105469,248.54588317871094,94.10216522216797,114.55999755859375,20.92142105102539
2018-07-30,115.6500015258789,247.24765014648438,93.77916717529297,116.31999969482422,20.846160888671875
2018-07-31,115.98999786376953,248.46641540527344,94.29122924804688,114.23999786376953,20.887971878051758
2018-08-01,115.13999938964844,248.05137634277344,93.5230484008789,112.72000122070312,20.913057327270508
2018-08-02,114.5199966430664,249.4025421142578,93.65727233886719,114.87999725341797,21.030120849609375
2018-08-03,114.91999816894531,250.4712677001953,94.12310028076172,114.16000366210938,21.046850204467773
2018-08-06,114.33000183105469,251.3897705078125,94.1783447265625,114.4800033569336,21.08029556274414
2018-08-07,114.58999633789062,252.21994018554688,93.6888427734375,114.87999725341797,21.05521011352539
2018-08-08,114.91000366210938,252.114013671875,93.78359985351562,111.19999694824219,21.030120849609375
2018-08-09,114.73999786376953,251.76947021484375,94.57308959960938,111.04000091552734,21.155550003051758
2018-08-10,114.69000244140625,250.08265686035156,95.25995635986328,112.63999938964844,21.306066513061523
2018-08-13,112.95999908447266,249.1464385986328,95.06255340576172,112.08000183105469,21.31442642211914
2018-08-14,113.06999969482422,250.73626708984375,94.84937286376953,111.91999816894531,21.398046493530273
2018-08-15,111.19000244140625,248.86390686035156,95.40201568603516,108.08000183105469,21.398046493530273
2018-08-16,111.0999984741211,250.87754821777344,95.3941650390625,109.04000091552734,21.381322860717773
2018-08-17,112.12999725341797,251.76072692871094,95.5125961303711,109.5199966430664,21.27261734008789
2018-08-20,112.69000244140625,252.2994384765625,96.15204620361328,110.08000183105469,21.222444534301758
2018-08-21,113.0199966430664,252.8912353515625,95.82835388183594,110.63999938964844,21.097017288208008
2018-08-22,113.2699966430664,252.74102783203125,96.20733642578125,114.16000366210938,21.038484573364258
2018-08-23,112.19999694824219,252.4054412841797,96.35734558105469,114.16000366210938,21.172273635864258
2018-08-24,114.16000366210938,253.9245147705078,96.5467758178711,115.44000244140625,21.07193374633789
2018-08-27,114.58999633789062,255.92935180664062,95.99417877197266,116.0,20.98831558227539
2018-08-28,113.68000030517578,256.052978515625,95.41780090332031,115.44000244140625,20.98831558227539
2018-08-29,114.19999694824219,257.4308166503906,95.54411315917969,117.27999877929688,20.954866409301758
2018-08-30,113.63999938964844,256.3885803222656,95.74938201904297,118.0,20.971588134765625
2018-08-31,113.51000213623047,256.3974304199219,95.52838134765625,117.68000030517578,21.06357192993164
2018-09-04,112.93000030517578,255.9558563232422,94.9760513305664,116.63999938964844,21.155550003051758
2018-09-05,113.31999969482422,255.26693725585938,94.72283935546875,115.91999816894531,21.08029556274414
2018-09-06,113.54000091552734,254.4985809326172,95.07101440429688,114.4000015258789,21.08029556274414
2018-09-07,113.2300033569336,254.00405883789062,94.2638931274414,114.23999786376953,21.13882827758789
2018-09-10,113.1500015258789,254.445556640625,94.61209106445312,113.68000030517578,21.097017288208008
2018-09-11,113.22000122070312,255.28463745117188,93.89201354980469,116.80000305175781,21.113744735717773
2018-09-12,114.16999816894531,255.34640502929688,94.11357879638672,118.23999786376953,21.038484573364258
2018-09-13,113.76000213623047,256.85675048828125,94.25601959228516,115.91999816894531,20.979951858520508
2018-09-14,113.0199966430664,256.9008483886719,93.80500793457031,116.0,21.05521011352539
2018-09-17,113.61000061035156,255.54075622558594,93.80500793457031,115.76000213623047,20.954866409301758
2018-09-18,113.44000244140625,256.92742919921875,92.82380676269531,117.5199966430664,20.98831558227539
2018-09-19,113.87999725341797,257.2010803222656,92.2699203491211,119.5199966430664,20.979951858520508
2018-09-20,114.2699966430664,259.2853698730469,92.69721221923828,118.4000015258789,20.829437255859375
2018-09-21,113.48999786376953,259.0485534667969,92.65765380859375,119.68000030517578,20.896333694458008
2018-09-24,113.47000122070312,258.18792724609375,92.42030334472656,122.0,20.896333694458008
2018-09-25,113.6500015258789,257.9483947753906,92.32528686523438,122.16000366210938,20.913057327270508
2018-09-26,113.05000305175781,257.1765441894531,92.9741439819336,120.87999725341797,20.92142105102539
2018-09-27,112.05000305175781,257.8952331542969,93.03746795654297,122.08000183105469,21.07193374633789
2018-09-28,112.76000213623047,257.9219055175781,92.7921371459961,124.16000366210938,21.12210464477539
2018-10-01,112.56999969482422,258.81793212890625,92.11092376708984,127.5999984741211,21.155550003051758
2018-10-02,113.87000274658203,258.6670837402344,92.67398071289062,126.95999908447266,21.188997268676758
2018-10-03,113.41999816894531,258.8090515136719,91.0640869140625,128.63999938964844,21.255895614624023
2018-10-04,113.4800033569336,256.7862548828125,90.42181396484375,125.91999816894531,21.264257431030273
2018-10-05,113.80000305175781,255.34896850585938,89.64459228515625,125.5199966430664,21.23917007446289
2018-10-08,112.54000091552734,255.34896850585938,89.34321594238281,125.44000244140625,21.264257431030273
2018-10-09,112.5999984741211,254.9764404296875,90.24732208251953,126.55999755859375,21.255895614624023
2018-10-10,112.87999725341797,246.90293884277344,90.00142669677734,123.04000091552734,21.23080825805664
2018-10-11,115.77999877929688,241.46466064453125,91.09583282470703,119.5999984741211,21.113744735717773
2018-10-12,115.2300033569336,244.8181915283203,90.77863311767578,120.95999908447266,21.18063735961914
2018-10-15,116.0,243.44300842285156,90.73899841308594,121.04000091552734,21.13046646118164
2018-10-16,115.80000305175781,248.76608276367188,90.9451675415039,121.5199966430664,21.13882827758789
2018-10-17,115.79000091552734,248.8104248046875,90.4059066772461,118.55999755859375,21.24753189086914
2018-10-18,115.91999816894531,245.21739196777344,90.37419128417969,116.4800033569336,21.339513778686523
2018-10-19,116.01000213623047,245.08432006835938,90.17594146728516,117.76000213623047,21.29770278930664
2018-10-22,115.70999908447266,243.9842071533203,90.05695343017578,117.91999816894531,21.37295913696289
2018-10-23,116.38999938964844,242.74217224121094,90.34249877929688,112.31999969482422,21.339513778686523
2018-10-24,116.66000366210938,235.3874053955078,91.02447509765625,112.4000015258789,21.448217391967773
2018-10-25,116.4000015258789,239.6103973388672,90.64386749267578,113.68000030517578,21.506752014160156
2018-10-26,116.7699966430664,235.39622497558594,91.19098663330078,114.63999938964844,21.448217391967773
2018-10-29,116.30999755859375,234.09210205078125,90.9848403930664,112.87999725341797,21.506752014160156
2018-10-30,115.80000305175781,237.56100463867188,90.53278350830078,112.23999786376953,21.598731994628906
2018-10-31,115.1500015258789,240.09832763671875,90.0728759765625,110.31999969482422,21.590370178222656
2018-11-01,116.62999725341797,242.65341186523438,90.15628814697266,107.68000030517578,21.448217391967773
2018-11-02,116.6500015258789,241.21621704101562,89.0354232788086,106.4800033569336,21.498388290405273
2018-11-05,116.37000274658203,242.54698181152344,89.38519287109375,106.4000015258789,21.490028381347656
2018-11-06,116.04000091552734,244.081787109375,89.32955169677734,105.44000244140625,21.439855575561523
2018-11-07,116.02999877929688,249.30726623535156,89.44879150390625,104.4800033569336,21.398046493530273
2018-11-08,115.77999877929688,248.85479736328125,89.44084930419922,102.72000122070312,21.523473739624023
2018-11-09,114.4800033569336,246.42401123046875,90.1086196899414,101.5999984741211,21.565284729003906
2018-11-12,113.66000366210938,241.81936645507812,90.69685363769531,99.83999633789062,21.757606506347656
2018-11-13,113.69999694824219,241.36700439453125,90.6412124633789,93.5199966430664,21.68235206604004
2018-11-14,114.63999938964844,239.71688842773438,90.69685363769531,95.5999984741211,21.607093811035156
2018-11-15,114.7699966430664,242.21875,90.65711212158203,95.83999633789062,21.657262802124023
2018-11-16,115.62000274658203,242.8486328125,91.18179321289062,96.55999755859375,21.498388290405273
2018-11-19,115.66999816894531,238.740966796875,91.43618774414062,97.12000274658203,21.481664657592773
2018-11-20,115.66999816894531,234.3227996826172,91.46800231933594,90.16000366210938,21.590370178222656
2018-11-21,115.86000061035156,235.12120056152344,91.43618774414062,92.16000366210938,21.590370178222656
2018-11-23,115.7699966430664,233.5509033203125,91.5315933227539,86.63999938964844,21.632183074951172
2018-11-26,115.63999938964844,237.32142639160156,91.32490539550781,87.5199966430664,21.673986434936523
2018-11-27,114.94999694824219,238.11993408203125,91.42823791503906,87.5999984741211,21.732521057128906
2018-11-28,115.37999725341797,243.6027069091797,90.98307800292969,85.27999877929688,21.623817443847656
2018-11-29,115.73999786376953,243.0704345703125,91.34080505371094,86.95999908447266,21.590370178222656
2018-11-30,115.54000091552734,244.55197143554688,91.6826400756836,85.83999633789062,21.673986434936523
2018-12-03,116.41000366210938,247.79019165039062,92.33362579345703,90.16000366210938,21.68235206604004
2018-12-04,117.12000274658203,239.76113891601562,93.87944793701172,89.44000244140625,21.640539169311523
2018-12-06,117.13999938964844,239.39747619628906,94.17425537109375,87.5199966430664,21.632183074951172
2018-12-07,118.08999633789062,233.8348388671875,94.34954071044922,88.87999725341797,21.573644638061523
2018-12-10,117.68000030517578,234.27838134765625,94.73993682861328,86.0,21.715797424316406
2018-12-11,117.54000091552734,234.3316650390625,94.72401428222656,87.5999984741211,21.774333953857422
2018-12-12,117.79000091552734,235.51158142089844,94.30170440673828,86.55999755859375,21.690711975097656
2018-12-13,117.52999877929688,235.4317626953125,94.07862091064453,89.68000030517578,21.690711975097656
2018-12-14,117.05999755859375,231.08457946777344,94.40534210205078,86.55999755859375,21.774333953857422
2018-12-17,117.87000274658203,226.55105590820312,94.95507049560547,83.5999984741211,21.715797424316406
2018-12-18,118.1500015258789,226.30262756347656,95.52378845214844,78.31999969482422,21.707433700561523
2018-12-19,117.43000030517578,222.91363525390625,96.78575897216797,80.16000366210938,21.715797424316406
2018-12-20,119.23999786376953,219.2850341796875,96.434326171875,77.76000213623047,21.548561096191406
2018-12-21,118.72000122070312,214.79197692871094,96.41831970214844,76.55999755859375,21.690711975097656
2018-12-24,120.0199966430664,209.11647033691406,96.89752197265625,74.31999969482422,21.594362258911133
2018-12-26,119.66000366210938,219.68211364746094,95.85923767089844,79.19999694824219,21.704235076904297
2018-12-27,120.56999969482422,221.36871337890625,95.87519836425781,76.95999908447266,21.611265182495117
2018-12-28,121.05999755859375,221.0831298828125,96.68183898925781,76.23999786376953,21.552104949951172
2018-12-31,121.25,223.01959228515625,97.04927825927734,77.27999877929688,21.509843826293945
2019-01-02,121.33000183105469,223.2515869140625,97.56046295166016,78.80000305175781,21.670427322387695
2019-01-03,122.43000030517578,217.92417907714844,98.6706314086914,79.5999984741211,21.552104949951172
2019-01-04,121.44000244140625,225.22372436523438,97.52850341796875,81.44000244140625,21.51829719543457
2019-01-07,121.86000061035156,226.99951171875,97.2409896850586,82.31999969482422,21.42532730102539
2019-01-08,121.52999877929688,229.1322479248047,96.98538970947266,84.0,21.49294090270996
2019-01-09,122.30999755859375,230.20306396484375,96.83363342285156,88.4000015258789,21.290098190307617
2019-01-10,121.58999633789062,231.0150909423828,96.21065521240234,88.80000305175781,21.416872024536133
2019-01-11,121.80000305175781,231.1043701171875,96.58604431152344,87.19999694824219,21.43377685546875
2019-01-14,122.08999633789062,229.69444274902344,96.22659301757812,85.5199966430664,21.43377685546875
2019-01-15,121.87999725341797,232.32691955566406,95.87519836425781,88.0,21.509843826293945
2019-01-16,122.2699966430664,232.88916015625,95.97106170654297,88.4800033569336,21.535200119018555
2019-01-17,122.11000061035156,234.65599060058594,95.99503326416016,88.23999786376953,21.535200119018555
2019-01-18,121.0199966430664,237.77919006347656,95.49179077148438,90.4800033569336,21.602813720703125
2019-01-22,121.44999694824219,234.5667724609375,96.13874816894531,88.95999908447266,21.602813720703125
2019-01-23,121.27999877929688,235.05751037597656,96.09884643554688,88.4000015258789,21.552104949951172
2019-01-24,121.08999633789062,235.1824493408203,96.72980499267578,89.36000061035156,21.67888069152832
2019-01-25,122.86000061035156,237.17250061035156,96.26656341552734,90.0,21.501392364501953
2019-01-28,123.29000091552734,235.36984252929688,96.17071533203125,87.5999984741211,21.51829719543457
2019-01-29,123.9800033569336,235.05751037597656,96.65791320800781,89.27999877929688,21.52674674987793
2019-01-30,124.69000244140625,238.77867126464844,96.58604431152344,91.19999694824219,21.416872024536133
2019-01-31,124.75,240.8757781982422,97.41667175292969,90.80000305175781,21.459131240844727
2019-02-01,124.5,240.99169921875,96.82830810546875,93.04000091552734,21.459131240844727
2019-02-04,123.95999908447266,242.68724060058594,96.39608001708984,92.0,21.51829719543457
2019-02-05,124.27999877929688,243.7045440673828,96.83629608154297,90.31999969482422,21.57745933532715
2019-02-06,123.44000244140625,243.38327026367188,96.88432312011719,90.55999755859375,21.661975860595703
2019-02-07,123.73999786376953,241.06317138671875,97.52477264404297,88.55999755859375,21.71268653869629
2019-02-08,124.20999908447266,241.3576202392578,97.94100189208984,88.63999938964844,21.7380428314209
2019-02-11,123.5999984741211,241.49151611328125,97.55677795410156,88.08000183105469,21.822561264038086
2019-02-12,123.86000061035156,244.59693908691406,97.3086166381836,89.27999877929688,21.74649429321289
2019-02-13,123.37000274658203,245.39112854003906,96.94036102294922,90.72000122070312,21.864822387695312
2019-02-14,124.05999755859375,244.84669494628906,97.49275207519531,91.83999633789062,21.83946418762207
2019-02-15,124.80000305175781,247.51495361328125,97.64485931396484,93.68000030517578,21.797204971313477
2019-02-19,126.69999694824219,247.9432830810547,97.8929672241211,94.23999786376953,21.71268653869629
2019-02-20,126.4800033569336,248.44300842285156,97.61283111572266,95.44000244140625,21.729589462280273
2019-02-21,125.05000305175781,247.55950927734375,96.74027252197266,95.04000091552734,21.74649429321289
2019-02-22,125.5,249.09446716308594,97.31664276123047,95.5999984741211,21.7380428314209
2019-02-25,125.37000274658203,249.4335174560547,97.02842712402344,92.55999755859375,21.721141815185547
2019-02-26,125.58000183105469,249.25502014160156,97.50873565673828,93.04000091552734,21.636621475219727
2019-02-27,124.69000244140625,249.14796447753906,96.40400695800781,95.12000274658203,21.653526306152344
2019-02-28,123.98999786376953,248.68402099609375,96.07584381103516,95.5999984741211,21.670427322387695
2019-03-01,121.87999725341797,250.23663330078125,95.18782806396484,93.27999877929688,21.754947662353516
2019-03-04,121.55999755859375,249.32643127441406,95.93385314941406,94.4000015258789,21.780303955078125
2019-03-05,121.72000122070312,248.9874267578125,96.13444519042969,94.55999755859375,21.83946418762207
2019-03-06,121.61000061035156,247.47918701171875,96.48738861083984,94.0,21.83946418762207
2019-03-07,121.51000213623047,245.40899658203125,97.11309051513672,94.4800033569336,22.033855438232422
2019-03-08,122.83999633789062,244.91819763183594,97.52217864990234,93.83999633789062,21.96624183654785
2019-03-11,122.23999786376953,248.4697723388672,97.23341369628906,94.87999725341797,21.915531158447266
2019-03-12,122.9800033569336,249.40673828125,97.91525268554688,95.12000274658203,21.87327003479004
2019-03-13,123.83999633789062,251.05763244628906,97.73075866699219,97.5199966430664,21.7718505859375
2019-03-14,122.41000366210938,250.89700317382812,97.02482604980469,97.76000213623047,21.83946418762207
2019-03-15,122.97000122070312,252.1365509033203,97.66658020019531,97.5999984741211,21.80565643310547
2019-03-18,123.04000091552734,253.05084228515625,97.6104507446289,98.4800033569336,21.780303955078125
2019-03-19,123.37999725341797,253.113525390625,97.39384460449219,98.23999786376953,21.754947662353516
2019-03-20,124.18000030517578,252.35177612304688,98.41266632080078,100.0,21.628170013427734
2019-03-21,123.68000030517578,255.2019500732422,98.62920379638672,99.5199966430664,21.763397216796875
2019-03-22,123.97000122070312,250.29017639160156,100.16139221191406,97.83999633789062,21.80565643310547
2019-03-25,124.91999816894531,250.1020050048828,100.32183074951172,98.0,21.80565643310547
2019-03-26,124.30000305175781,251.9661865234375,100.24964141845703,99.76000213623047,21.87327003479004
2019-03-27,123.6500015258789,250.6487579345703,101.17212677001953,98.72000122070312,21.89862823486328
2019-03-28,121.9000015258789,251.59884643554688,101.52511596679688,98.80000305175781,21.974693298339844
2019-03-29,122.01000213623047,253.18527221679688,101.42888641357422,100.0,22.000049591064453
2019-04-01,121.52999877929688,256.1878662109375,99.98812103271484,102.55999755859375,21.98314666748047
2019-04-02,121.9800033569336,256.3133850097656,100.17308807373047,104.08000183105469,22.008502960205078
2019-04-03,121.80000305175781,256.7165832519531,99.30482482910156,103.91999816894531,21.974693298339844
2019-04-04,122.11000061035156,257.3977966308594,99.586181640625,103.36000061035156,22.000049591064453
2019-04-05,121.9800033569336,258.6436767578125,99.71479797363281,105.19999694824219,22.02540397644043
2019-04-08,122.51000213623047,258.8408203125,99.36109161376953,107.19999694824219,21.949337005615234
2019-04-09,123.1500015258789,257.5143127441406,99.67465209960938,106.63999938964844,21.95779037475586
2019-04-10,123.52999877929688,258.39276123046875,99.9157943725586,107.27999877929688,21.923982620239258
2019-04-11,121.94999694824219,258.3210144042969,99.32891082763672,106.16000366210938,21.991596221923828
2019-04-12,121.83000183105469,260.06878662109375,98.62145233154297,106.4000015258789,21.94088363647461
2019-04-15,121.5999984741211,259.8985595703125,98.87065887451172,105.91999816894531,21.932435989379883
2019-04-16,120.51000213623047,260.06878662109375,98.25161743164062,106.95999908447266,21.98314666748047
2019-04-17,120.27999877929688,259.43243408203125,98.29183959960938,106.23999786376953,21.96624183654785
2019-04-18,120.37000274658203,259.94329833984375,98.80634307861328,106.55999755859375,22.08456802368164
2019-04-22,120.37000274658203,260.1673583984375,98.33199310302734,109.36000061035156,22.033855438232422
2019-04-23,120.12000274658203,262.5066833496094,98.54106903076172,110.31999969482422,22.10992431640625
2019-04-24,120.47000122070312,261.9241638183594,99.344970703125,109.44000244140625,22.21979522705078
2019-04-25,120.56999969482422,261.7627868652344,99.20028686523438,108.23999786376953,22.262056350708008
2019-04-26,121.37000274658203,262.9818115234375,99.5379409790039,104.72000122070312,22.2367000579834
2019-04-29,120.83000183105469,263.39410400390625,98.90280151367188,105.83999633789062,22.185989379882812
2019-04-30,121.19999694824219,263.528564453125,99.40929412841797,106.31999969482422,22.11837387084961
2019-05-01,120.4000015258789,261.5477294921875,99.81939697265625,105.76000213623047,22.14373016357422
2019-05-02,119.94000244140625,260.98297119140625,99.34405517578125,102.55999755859375,22.194438934326172
2019-05-03,120.6500015258789,263.5374755859375,99.62606048583984,102.95999908447266,22.10992431640625
2019-05-06,120.80999755859375,262.4528503417969,99.89996337890625,104.55999755859375,22.1268253326416
2019-05-07,121.20999908447266,258.0700988769531,100.66537475585938,101.83999633789062,22.14373016357422
2019-05-08,120.91000366210938,257.7115478515625,100.23023986816406,103.12000274658203,22.152179718017578
2019-05-09,121.19999694824219,256.9316711425781,100.64112091064453,102.4800033569336,22.10992431640625
2019-05-10,121.43000030517578,258.2224426269531,100.50418853759766,102.72000122070312,22.101470947265625
2019-05-13,122.66999816894531,251.7332763671875,101.29371643066406,101.44000244140625,22.101470947265625
2019-05-14,122.45999908447266,254.00979614257812,100.99563598632812,102.95999908447266,22.152179718017578
2019-05-15,122.38999938964844,255.49766540527344,101.61600494384766,103.76000213623047,22.160633087158203
2019-05-16,121.51000213623047,257.8639831542969,101.27759552001953,105.12000274658203,22.21979522705078
2019-05-17,120.6500015258789,256.19683837890625,101.50318908691406,104.63999938964844,22.2705078125
2019-05-20,120.63999938964844,254.5027618408203,101.29371643066406,105.19999694824219,22.253602981567383
2019-05-21,120.36000061035156,256.79736328125,101.13256072998047,105.04000091552734,22.287410736083984
2019-05-22,120.23999786376953,256.0085754394531,101.71268463134766,101.91999816894531,22.30431365966797
2019-05-23,121.16999816894531,252.88047790527344,102.85669708251953,96.72000122070312,22.262056350708008
2019-05-24,121.30000305175781,253.45419311523438,102.94528198242188,97.83999633789062,22.185989379882812
2019-05-28,120.83000183105469,251.0968475341797,103.68644714355469,97.83999633789062,22.278959274291992
2019-05-29,120.87000274658203,249.4118194580078,104.00072479248047,97.91999816894531,22.329669952392578
2019-05-30,121.69000244140625,250.0930633544922,104.8949966430664,94.08000183105469,22.33812141418457
2019-05-31,123.33000183105469,246.72299194335938,106.20812225341797,88.80000305175781,22.24515151977539
2019-06-03,125.11000061035156,246.09556579589844,106.91856384277344,87.91999816894531,22.1268253326416
2019-06-04,125.1500015258789,251.43743896484375,105.69956970214844,89.27999877929688,22.101470947265625
2019-06-05,125.47000122070312,253.6154327392578,105.10218048095703,86.16000366210938,22.177536010742188
2019-06-06,125.87999725341797,255.2646026611328,105.44123840332031,88.4800033569336,22.101470947265625
2019-06-07,126.58999633789062,257.819091796875,106.35347747802734,89.83999633789062,22.008502960205078
2019-06-10,125.33000183105469,259.0022277832031,105.3524169921875,88.87999725341797,22.033855438232422
2019-06-11,125.18000030517578,258.9394226074219,105.4169692993164,88.87999725341797,22.042308807373047
2019-06-12,125.83000183105469,258.48236083984375,105.49773406982422,85.12000274658203,22.101470947265625
2019-06-13,126.5999984741211,259.54888916015625,105.86100006103516,87.04000091552734,22.11837387084961
2019-06-14,126.55999755859375,259.26214599609375,106.12741088867188,87.5199966430664,22.2367000579834
2019-06-17,126.4800033569336,259.3607177734375,106.31307983398438,86.4800033569336,22.24515151977539
2019-06-18,127.12000274658203,262.0765075683594,106.84593200683594,90.0,22.278959274291992
2019-06-19,127.88999938964844,262.6680603027344,106.99935150146484,90.63999938964844,22.177536010742188
2019-06-20,131.11000061035156,265.17767333984375,107.28182983398438,94.80000305175781,22.042308807373047
2019-06-21,131.97999572753906,264.792236328125,106.10319519042969,95.76000213623047,21.932435989379883
2019-06-24,133.94000244140625,264.4679870605469,106.89433288574219,96.08000183105469,21.89862823486328
2019-06-25,134.1999969482422,261.8741149902344,107.22531127929688,96.0,21.949337005615234
2019-06-26,132.97000122070312,261.61285400390625,106.53915405273438,98.31999969482422,21.96624183654785
2019-06-27,132.83999633789062,262.5405578613281,107.28990936279297,98.31999969482422,21.96624183654785
2019-06-28,133.1999969482422,263.89154052734375,107.21729278564453,96.31999969482422,21.949337005615234
2019-07-01,130.6199951171875,266.28717041015625,106.96651458740234,98.23999786376953,22.10992431640625
2019-07-02,133.41000366210938,266.9807434082031,107.79157257080078,93.5999984741211,22.093015670776367
2019-07-03,133.6300048828125,269.1153564453125,108.56001281738281,94.16000366210938,22.093015670776367
2019-07-05,132.13999938964844,268.80902099609375,107.12018585205078,95.5999984741211,22.211345672607422
2019-07-08,131.2899932861328,267.3320617675781,107.26580047607422,95.44000244140625,22.253602981567383
2019-07-09,131.75,267.66534423828125,107.22532653808594,96.31999969482422,22.2705078125
2019-07-10,133.8300018310547,268.9441833496094,106.6348648071289,100.23999786376953,22.177536010742188
2019-07-11,132.6999969482422,269.57476806640625,105.21126556396484,100.4000015258789,22.177536010742188
2019-07-12,133.52999877929688,270.7816162109375,105.33258819580078,100.16000366210938,22.135278701782227
2019-07-15,133.52999877929688,270.87164306640625,105.93923950195312,98.4000015258789,22.169084548950195
2019-07-16,132.39999389648438,269.9980163574219,105.6237564086914,96.55999755859375,22.2705078125
2019-07-17,134.5800018310547,268.1606140136719,106.76433563232422,94.0,22.228248596191406
2019-07-18,136.47999572753906,269.1423645019531,106.77239227294922,92.4800033569336,22.10992431640625
2019-07-19,134.47000122070312,267.6473388671875,106.52161407470703,93.36000061035156,22.21979522705078
2019-07-22,134.4499969482422,268.30474853515625,106.72386932373047,93.44000244140625,22.262056350708008
2019-07-23,133.69000244140625,270.2231140136719,106.14146423339844,94.4800033569336,22.363475799560547
2019-07-24,134.3699951171875,271.4930419921875,106.60249328613281,92.72000122070312,22.363475799560547
2019-07-25,133.4199981689453,270.1960754394531,106.09294891357422,92.80000305175781,22.405736923217773
2019-07-26,133.63999938964844,272.0064392089844,106.34366607666016,93.19999694824219,22.43954086303711
2019-07-29,134.52999877929688,271.5111083984375,106.37602233886719,94.55999755859375,22.45644760131836
2019-07-30,134.97999572753906,270.8445129394531,106.6348648071289,96.63999938964844,22.45644760131836
2019-07-31,133.2100067138672,267.8814697265625,107.49226379394531,96.31999969482422,22.5916748046875
2019-08-01,136.41000366210938,265.5487365722656,109.62712097167969,90.4800033569336,22.524059295654297
2019-08-02,135.88999938964844,263.54925537109375,110.6402587890625,91.83999633789062,22.473350524902344
2019-08-05,137.7899932861328,255.6235809326172,112.5530014038086,90.95999908447266,22.363475799560547
2019-08-06,138.91000366210938,259.20819091796875,113.45264434814453,89.12000274658203,22.388830184936523
2019-08-07,141.02000427246094,259.36126708984375,113.4931869506836,86.72000122070312,22.371929168701172
2019-08-08,141.72999572753906,264.4499206542969,113.7363510131836,87.68000030517578,22.388830184936523
2019-08-09,141.25999450683594,262.648681640625,113.5093994140625,90.23999786376953,22.363475799560547
2019-08-12,142.6300048828125,259.4513854980469,115.87605285644531,90.87999725341797,22.346572875976562
2019-08-13,141.77999877929688,263.4861755371094,115.4789047241211,94.95999908447266,22.447994232177734
2019-08-14,142.75,255.69561767578125,118.08048248291016,91.5199966430664,22.498706817626953
2019-08-15,143.6999969482422,256.3711242675781,119.39353942871094,90.80000305175781,22.515607833862305
2019-08-16,142.77999877929688,260.15374755859375,118.43718719482422,91.19999694824219,22.532514572143555
2019-08-19,141.11000061035156,263.2880554199219,116.74325561523438,93.27999877929688,22.583221435546875
2019-08-20,142.2100067138672,261.2706298828125,117.95086669921875,93.04000091552734,22.532514572143555
2019-08-21,141.75999450683594,263.3962097167969,117.16468048095703,92.87999725341797,22.55786895751953
2019-08-22,141.39999389648438,263.3151550292969,116.38665771484375,92.23999786376953,22.54096221923828
2019-08-23,144.1699981689453,256.5513000488281,118.2994155883789,89.5199966430664,22.414186477661133
2019-08-26,144.19000244140625,259.3883056640625,117.82119750976562,89.44000244140625,22.532514572143555
2019-08-27,145.57000732421875,258.3704833984375,119.6367416381836,91.36000061035156,22.515607833862305
2019-08-28,145.16000366210938,260.18988037109375,119.79072570800781,93.12000274658203,22.566320419311523
2019-08-29,144.1199951171875,263.51324462890625,119.33684539794922,94.23999786376953,22.6254825592041
2019-08-30,143.75,263.3962097167969,119.36930084228516,91.68000030517578,22.71000099182129
2019-09-03,145.75,261.85614013671875,119.52354431152344,89.76000213623047,22.760713577270508
2019-09-04,146.66000366210938,264.8282775878906,119.7021255493164,93.68000030517578,22.617029190063477
2019-09-05,143.13999938964844,268.23272705078125,117.53431701660156,93.5999984741211,22.6254825592041
2019-09-06,141.9199981689453,268.4397888183594,118.37056732177734,94.16000366210938,22.633935928344727
2019-09-09,141.38999938964844,268.5749206542969,116.2676773071289,96.63999938964844,22.5916748046875
2019-09-10,140.17999267578125,268.5118713378906,114.22976684570312,95.83999633789062,22.617029190063477
2019-09-11,141.02999877929688,270.4212646484375,114.02677917480469,93.44000244140625,22.684642791748047
2019-09-12,141.32000732421875,271.3580017089844,113.27978515625,91.76000213623047,22.617029190063477
2019-09-13,140.14999389648438,271.17779541015625,110.8602523803711,91.5199966430664,22.583221435546875
2019-09-16,141.32000732421875,270.3401794433594,112.27303314208984,102.63999938964844,22.684642791748047
2019-09-17,141.60000610351562,271.0246887207031,112.88196563720703,98.31999969482422,22.583221435546875
2019-09-18,140.7100067138672,271.18682861328125,113.36100769042969,96.80000305175781,22.667739868164062
2019-09-19,141.27999877929688,271.1688232421875,113.70203399658203,97.5199966430664,22.617029190063477
2019-09-20,142.9499969482422,269.8876037597656,115.20404052734375,97.5999984741211,22.676193237304688
2019-09-23,143.75,269.82421875,115.17974090576172,97.68000030517578,22.71000099182129
2019-09-24,144.50999450683594,267.7070007324219,116.56816101074219,95.19999694824219,22.6254825592041
2019-09-25,141.8300018310547,269.29046630859375,114.863037109375,94.4000015258789,22.80297088623047
2019-09-26,141.7899932861328,268.7294616699219,115.60191345214844,94.4000015258789,22.86213493347168
2019-09-27,141.05999755859375,267.2817687988281,115.88607788085938,93.27999877929688,22.828327178955078
2019-09-30,138.8699951171875,268.5213317871094,116.1702651977539,90.72000122070312,22.90439224243164
2019-10-01,139.6300048828125,265.32733154296875,116.51997375488281,89.5199966430664,22.828327178955078
2019-10-02,141.25999450683594,260.64044189453125,116.80464935302734,87.83999633789062,22.811420440673828
2019-10-03,141.89999389648438,262.77581787109375,117.87020111083984,87.44000244140625,22.80297088623047
2019-10-04,141.89999389648438,266.33172607421875,118.74042510986328,88.31999969482422,22.78606605529785
2019-10-07,140.69000244140625,265.18255615234375,117.75628662109375,88.31999969482422,22.828327178955078
2019-10-08,141.9199981689453,261.065673828125,118.07343292236328,87.12000274658203,22.86213493347168
2019-10-09,142.0500030517578,263.5448303222656,117.40652465820312,87.91999816894531,22.84522819519043
2019-10-10,140.80999755859375,265.32733154296875,115.65782928466797,89.5199966430664,22.752260208129883
2019-10-11,140.02999877929688,268.0779724121094,114.22637176513672,91.36000061035156,22.667739868164062
2019-10-14,140.58999633789062,267.7793273925781,115.05595397949219,89.44000244140625,22.7353572845459
2019-10-15,139.61000061035156,270.4305114746094,113.66517639160156,88.4800033569336,22.667739868164062
2019-10-16,140.41000366210938,269.9961242675781,113.80340576171875,89.12000274658203,22.608579635620117
2019-10-17,140.61000061035156,270.79241943359375,113.52689361572266,90.23999786376953,22.524059295654297
2019-10-18,140.4600067138672,269.60711669921875,113.52689361572266,89.76000213623047,22.43954086303711
2019-10-21,139.7899932861328,271.434814453125,112.67285919189453,89.68000030517578,22.45644760131836
2019-10-22,140.1999969482422,270.5481262207031,113.3316421508789,90.72000122070312,22.507156372070312
2019-10-23,140.52999877929688,271.33526611328125,113.4455795288086,93.19999694824219,22.498706817626953
2019-10-24,141.52999877929688,271.7786560058594,113.2177963256836,93.83999633789062,22.566320419311523
2019-10-25,141.86000061035156,272.89154052734375,112.66475677490234,94.63999938964844,22.5916748046875
2019-10-28,140.63999938964844,274.4297790527344,111.639892578125,93.19999694824219,22.574771881103516
2019-10-29,140.25,274.3484191894531,111.71312713623047,92.63999938964844,22.566320419311523
2019-10-30,141.02000427246094,275.1898193359375,113.34799194335938,91.76000213623047,22.515607833862305
2019-10-31,142.42999267578125,274.4569091796875,114.87706756591797,90.4000015258789,22.473350524902344
2019-11-01,142.55999755859375,276.99945068359375,114.5234375,93.5199966430664,22.46489906311035
2019-11-04,142.14999389648438,278.11236572265625,113.01612091064453,94.4800033569336,22.549415588378906
2019-11-05,139.85000610351562,277.8047790527344,111.74508666992188,95.44000244140625,22.633935928344727
2019-11-06,140.4499969482422,277.86810302734375,112.42134094238281,94.4800033569336,22.633935928344727
2019-11-07,138.27000427246094,278.8452453613281,110.38442993164062,95.04000091552734,22.684642791748047
2019-11-08,137.38999938964844,279.53289794921875,109.91996765136719,95.91999816894531,22.7353572845459
2019-11-11,137.05999755859375,278.9991149902344,109.99331665039062,95.12000274658203,22.701549530029297
2019-11-12,137.42999267578125,279.5871887207031,110.49846649169922,94.95999908447266,22.7353572845459
2019-11-13,137.97999572753906,279.6777038574219,111.21549987792969,95.68000030517578,22.726903915405273
2019-11-14,138.55999755859375,280.08477783203125,112.36428833007812,95.27999877929688,22.71000099182129
2019-11-15,138.2100067138672,282.1117248535156,112.24205780029297,96.63999938964844,22.659290313720703
2019-11-18,138.6199951171875,282.3197021484375,112.44580078125,95.19999694824219,22.617029190063477
2019-11-19,138.69000244140625,282.23834228515625,113.38277435302734,92.55999755859375,22.642385482788086
2019-11-20,138.75999450683594,281.1887512207031,114.55604553222656,95.19999694824219,22.642385482788086
2019-11-21,138.0,280.7362365722656,113.83906555175781,97.5999984741211,22.676193237304688
2019-11-22,137.74000549316406,281.36065673828125,113.98568725585938,96.87999725341797,22.743804931640625
2019-11-25,137.0800018310547,283.541259765625,114.3197250366211,96.87999725341797,22.760713577270508
2019-11-26,137.74000549316406,284.18359375,114.98782348632812,97.5199966430664,22.7353572845459
2019-11-27,137.00999450683594,285.450439453125,114.65382385253906,97.12000274658203,22.769163131713867
2019-11-29,137.86000061035156,284.3917541503906,114.40937042236328,92.95999908447266,22.743804931640625
2019-12-02,137.7899932861328,281.97589111328125,112.88396453857422,93.36000061035156,22.650835037231445
2019-12-03,139.11000061035156,280.08477783203125,115.25083923339844,94.08000183105469,22.6254825592041
2019-12-04,138.9199981689453,281.8130187988281,114.0999984741211,97.5199966430664,22.600128173828125
2019-12-05,139.0,282.3197021484375,113.54500579833984,97.5199966430664,22.549415588378906
2019-12-06,137.6199951171875,284.8984680175781,112.9166030883789,98.55999755859375,22.633935928344727
2019-12-09,137.5800018310547,284.0025634765625,113.16144561767578,98.63999938964844,22.608579635620117
2019-12-10,137.97000122070312,283.6859436035156,113.16957092285156,99.12000274658203,22.583221435546875
2019-12-11,138.9199981689453,284.4913024902344,114.05921936035156,98.4000015258789,22.498706817626953
2019-12-12,138.42999267578125,286.9433288574219,112.18204498291016,98.95999908447266,22.532514572143555
2019-12-13,139.0500030517578,287.1152038574219,113.47969818115234,99.91999816894531,22.532514572143555
2019-12-16,139.0399932861328,289.0877685546875,112.45954132080078,100.72000122070312,22.490253448486328
2019-12-17,139.00999450683594,289.15106201171875,112.30445861816406,101.76000213623047,22.532514572143555
2019-12-18,139.02000427246094,289.1691589355469,111.38223266601562,101.91999816894531,22.574771881103516
2019-12-19,139.3800048828125,290.35443115234375,111.5604476928711,102.23999786376953,22.574771881103516
2019-12-20,139.52000427246094,291.6274108886719,111.70753479003906,101.04000091552734,22.650835037231445
2019-12-23,139.9499969482422,292.0730285644531,111.54408264160156,101.5999984741211,22.63876724243164
2019-12-24,141.27000427246094,292.0821228027344,111.86283111572266,102.16000366210938,22.63876724243164
2019-12-26,142.3800048828125,293.6368408203125,112.13262939453125,103.12000274658203,22.604284286499023
2019-12-27,142.3300018310547,293.5641784667969,112.25529479980469,103.27999877929688,22.49220848083496
2019-12-30,142.6300048828125,291.9457092285156,111.84654998779297,103.12000274658203,22.449106216430664
2019-12-31,142.89999389648438,292.6548767089844,110.7511215209961,102.4800033569336,22.388757705688477
2020-01-02,143.9499969482422,295.3918151855469,112.0018310546875,102.4800033569336,22.46634864807129
2020-01-03,145.86000061035156,293.15496826171875,113.7266845703125,105.44000244140625,22.49220848083496
2020-01-06,147.38999938964844,294.27337646484375,113.08090209960938,105.27999877929688,22.440486907958984
2020-01-07,147.97000122070312,293.44598388671875,112.52496337890625,105.04000091552734,22.51807403564453
2020-01-08,146.86000061035156,295.0099792480469,111.7811050415039,101.27999877929688,22.57842254638672
2020-01-09,146.02999877929688,297.01019287109375,112.1735610961914,99.91999816894531,22.621524810791016
2020-01-10,146.91000366210938,296.1555480957031,113.17084503173828,99.27999877929688,22.604284286499023
2020-01-13,145.82000732421875,298.1923522949219,112.82749938964844,97.5999984741211,22.604284286499023
2020-01-14,145.69000244140625,297.7376708984375,113.40789031982422,98.23999786376953,22.612905502319336
2020-01-15,146.5399932861328,298.41046142578125,114.15998840332031,97.44000244140625,22.57842254638672
2020-01-16,146.30999755859375,300.8928527832031,113.80032348632812,98.31999969482422,22.612905502319336
2020-01-17,146.5800018310547,301.829345703125,112.82749938964844,98.63999938964844,22.690494537353516
2020-01-21,146.74000549316406,301.2384033203125,114.01280212402344,97.91999816894531,22.673254013061523
2020-01-22,146.7899932861328,301.2747497558594,114.41337585449219,95.19999694824219,22.656009674072266
2020-01-23,147.1199951171875,301.62017822265625,115.21452331542969,93.27999877929688,22.716358184814453
2020-01-24,147.97999572753906,298.9378662109375,116.14643859863281,91.44000244140625,22.750839233398438
2020-01-27,148.99000549316406,294.14605712890625,117.95301818847656,88.80000305175781,22.78532600402832
2020-01-28,147.66000366210938,297.22845458984375,117.02931213378906,90.0,22.78532600402832
2020-01-29,148.4600067138672,296.9829406738281,118.17374420166016,89.27999877929688,22.81981086730957
2020-01-30,148.47000122070312,297.94677734375,118.19010925292969,88.63999938964844,22.750839233398438
2020-01-31,149.3300018310547,292.53668212890625,119.26918029785156,86.72000122070312,22.656009674072266
2020-02-03,148.36000061035156,294.70977783203125,119.17254638671875,83.91999816894531,22.768083572387695
2020-02-04,146.42999267578125,299.20159912109375,117.56765747070312,83.5199966430664,22.802568435668945
2020-02-05,146.61000061035156,302.6567077636719,116.28202056884766,85.5999984741211,22.888776779174805
2020-02-06,147.39999389648438,303.6751403808594,116.80610656738281,85.91999816894531,22.931882858276367
2020-02-07,147.7899932861328,302.05670166015625,118.26361083984375,84.63999938964844,22.983610153198242
2020-02-10,148.1699981689453,304.31158447265625,118.59117126464844,83.36000061035156,23.01809310913086
2020-02-11,147.66000366210938,304.8390197753906,117.9934310913086,84.0,22.99222755432129
2020-02-12,147.5399932861328,306.8030090332031,117.39561462402344,86.4800033569336,23.05257797241211
2020-02-13,148.3800048828125,306.4756164550781,117.84603881835938,86.72000122070312,23.078441619873047
2020-02-14,149.0,306.96673583984375,118.36189270019531,87.5999984741211,23.0698184967041
2020-02-18,150.91000366210938,306.1756286621094,119.17254638671875,87.5999984741211,23.156028747558594
2020-02-19,151.7899932861328,307.6395263671875,119.16434478759766,89.44000244140625,23.19913101196289
2020-02-20,152.41000366210938,306.3757019042969,120.09783935546875,90.23999786376953,23.26810073852539
2020-02-21,154.6999969482422,303.22052001953125,121.21959686279297,89.27999877929688,23.130165100097656
2020-02-24,156.08999633789062,293.16412353515625,123.02925109863281,85.91999816894531,23.138784408569336
2020-02-25,153.3000030517578,284.2806396484375,123.68433380126953,83.19999694824219,23.0698184967041
2020-02-26,153.97000122070312,283.2349548339844,123.02925109863281,81.5199966430664,23.087060928344727
2020-02-27,154.0,270.5143737792969,124.36389923095703,78.23999786376953,22.949125289916992
2020-02-28,148.3800048828125,269.3778381347656,127.17252349853516,75.5999984741211,22.87153434753418
2020-03-02,149.1999969482422,281.0436096191406,126.23687744140625,79.36000061035156,22.750839233398438
2020-03-03,153.88999938964844,272.9967346191406,128.1967315673828,79.12000274658203,22.656009674072266
2020-03-04,154.16000366210938,284.47149658203125,126.8354263305664,78.87999725341797,22.733598709106445
2020-03-05,157.49000549316406,275.0152282714844,129.99269104003906,76.87999725341797,22.56117820739746
2020-03-06,157.5500030517578,270.4688720703125,136.75787353515625,69.83999633789062,22.43186378479004
2020-03-09,157.80999755859375,249.3468780517578,140.46458435058594,52.15999984741211,22.190475463867188
2020-03-10,154.47999572753906,262.24920654296875,133.26449584960938,57.91999816894531,22.51807403564453
2020-03-11,153.92999267578125,249.46495056152344,128.3607635498047,55.52000045776367,22.55255889892578
2020-03-12,147.7899932861328,225.59683227539062,129.1561737060547,52.31999969482422,22.793947219848633
2020-03-13,143.27999877929688,244.88233947753906,126.23687744140625,55.68000030517578,23.656047821044922
2020-03-16,141.63999938964844,218.08636474609375,134.41268920898438,48.400001525878906,22.897397994995117
2020-03-17,143.55999755859375,229.86129760742188,125.4496078491211,45.68000030517578,23.30258560180664
2020-03-18,140.6999969482422,218.22276306152344,118.3726806640625,37.68000030517578,23.656047821044922
2020-03-19,138.0399932861328,218.6864471435547,121.59544372558594,42.959999084472656,24.216413497924805
2020-03-20,140.11000061035156,209.2623291015625,130.7388458251953,39.52000045776367,24.147445678710938
2020-03-23,146.3000030517578,203.91192626953125,136.12655639648438,39.040000915527344,24.112960815429688
2020-03-24,153.39999389648438,222.38697814941406,133.5925750732422,39.84000015258789,23.837087631225586
2020-03-25,151.3000030517578,225.71617126464844,133.2891845703125,40.63999938964844,23.612943649291992
2020-03-26,153.24000549316406,238.8957061767578,133.9452362060547,38.63999938964844,23.233617782592773
2020-03-27,152.25,231.78001403808594,137.5206298828125,35.7599983215332,23.043956756591797
2020-03-30,152.9199981689453,239.3072509765625,136.38894653320312,33.84000015258789,23.147409439086914
2020-03-31,148.0500030517578,235.740234375,135.28192138671875,33.68000030517578,23.130165100097656
2020-04-01,149.4499969482422,225.13079833984375,137.17721557617188,35.040000915527344,23.276723861694336
2020-04-02,151.89999389648438,230.32579040527344,138.04774475097656,40.880001068115234,23.397415161132812
2020-04-03,152.64999389648438,226.99664306640625,138.37625122070312,47.20000076293945,23.5267333984375
2020-04-06,156.8800048828125,242.24305725097656,138.01492309570312,43.84000015258789,23.535350799560547
2020-04-07,156.0399932861328,242.4900665283203,136.5696258544922,40.720001220703125,23.319828033447266
2020-04-08,154.64999389648438,250.63006591796875,135.57591247558594,42.959999084472656,23.406038284301758
2020-04-09,158.69000244140625,254.4439697265625,135.8221893310547,39.84000015258789,23.233617782592773
2020-04-13,161.41000366210938,252.1209259033203,134.58224487304688,39.439998626708984,23.19913101196289
2020-04-14,162.67999267578125,259.5566101074219,134.54942321777344,37.279998779296875,23.0698184967041
2020-04-15,161.85000610351562,254.0415496826172,138.11343383789062,35.439998626708984,23.242238998413086
2020-04-16,161.7100067138672,255.2672119140625,139.6819610595703,34.880001068115234,23.34568977355957
2020-04-17,158.57000732421875,262.1632995605469,137.80958557128906,33.68000030517578,23.28534507751465
2020-04-20,159.6999969482422,257.5445556640625,138.91827392578125,30.0,23.362932205200195
2020-04-21,158.61000061035156,249.72462463378906,140.66754150390625,22.479999542236328,23.397415161132812
2020-04-22,161.72999572753906,255.2672119140625,139.23033142089844,20.079999923706055,23.466384887695312
2020-04-23,163.33999633789062,255.24879455566406,139.96942138671875,21.1200008392334,23.475004196166992
2020-04-24,162.63999938964844,258.8066101074219,140.29786682128906,20.559999465942383,23.423280715942383
2020-04-27,161.55999755859375,262.5382995605469,137.6864471435547,17.520000457763672,23.362932205200195
2020-04-28,160.83999633789062,261.3310241699219,139.27139282226562,17.040000915527344,23.33707046508789
2020-04-29,161.72999572753906,268.1722106933594,138.54873657226562,18.0,23.242238998413086
2020-04-30,158.8000030517578,265.6753845214844,136.93087768554688,19.1200008392334,23.09568214416504
2020-05-01,159.77999877929688,258.64208984375,138.1034698486328,18.860000610351562,23.121543884277344
2020-05-04,160.33999633789062,259.3554382324219,137.453857421875,19.670000076293945,23.250858306884766
2020-05-05,161.02000427246094,261.7517395019531,136.57398986816406,21.510000228881836,23.26810073852539
2020-05-06,158.9499969482422,259.9773254394531,134.37033081054688,20.850000381469727,23.380176544189453
2020-05-07,161.38999938964844,263.1144714355469,136.61514282226562,20.469999313354492,23.311208724975586
2020-05-08,160.4199981689453,267.4680480957031,134.83895874023438,21.469999313354492,23.30258560180664
2020-05-11,159.4199981689453,267.5229187011719,133.78640747070312,21.170000076293945,23.3887939453125
2020-05-12,160.0399932861328,262.19085693359375,135.15966796875,20.969999313354492,23.34568977355957
2020-05-13,161.5800018310547,257.5536804199219,136.1053009033203,20.600000381469727,23.3887939453125
2020-05-14,163.00999450683594,260.6359558105469,137.4373779296875,21.450000762939453,23.41465950012207
2020-05-15,163.92999267578125,261.8340148925781,137.08389282226562,22.389999389648438,23.431901931762695
2020-05-18,162.69000244140625,269.8094482421875,134.07427978515625,24.309999465942383,23.242238998413086
2020-05-19,164.25999450683594,267.0382385253906,134.57589721679688,24.440000534057617,23.22499656677246
2020-05-20,164.64999389648438,271.5745849609375,134.9788055419922,25.34000015258789,23.147409439086914
2020-05-21,162.25,269.69964599609375,135.31591796875,26.600000381469727,23.19913101196289
2020-05-22,163.2100067138672,270.21185302734375,136.12997436523438,25.56999969482422,23.26810073852539
2020-05-26,160.88999938964844,273.5409851074219,134.3045196533203,25.65999984741211,23.09568214416504
2020-05-27,161.17999267578125,277.61102294921875,134.05780029296875,25.0,23.087060928344727
2020-05-28,161.72000122070312,277.09881591796875,133.56448364257812,25.030000686645508,22.966365814208984
2020-05-29,162.91000366210938,278.3335876464844,134.51828002929688,25.8799991607666,22.931882858276367
2020-06-01,163.66000366210938,279.4585266113281,133.61265563964844,26.219999313354492,22.802568435668945
2020-06-02,162.60000610351562,281.7725524902344,133.12686157226562,27.06999969482422,22.776704788208008
2020-06-03,159.60000610351562,285.52239990234375,131.3566436767578,27.1200008392334,22.63876724243164
2020-06-04,161.27999877929688,284.7724304199219,129.4547119140625,27.5,22.55255889892578
2020-06-05,158.00999450683594,292.07098388671875,128.53256225585938,28.8700008392334,22.595661163330078
2020-06-08,159.72000122070312,295.6014404296875,129.0265655517578,28.3700008392334,22.535314559936523
2020-06-09,161.25999450683594,293.3971862792969,130.4921417236328,28.420000076293945,22.46634864807129
2020-06-10,163.57000732421875,291.760009765625,132.42698669433594,28.43000030517578,22.35427474975586
2020-06-11,162.38999938964844,274.9404296875,134.93003845214844,26.360000610351562,22.57842254638672
2020-06-12,162.6199951171875,278.23291015625,133.629150390625,26.43000030517578,22.63876724243164
2020-06-15,162.3300018310547,280.8304443359375,133.70321655273438,26.979999542236328,22.54393768310547
2020-06-16,162.25,286.2358093261719,131.65306091308594,27.639999389648438,22.612905502319336
2020-06-17,162.55999755859375,285.0467529296875,132.19656372070312,27.280000686645508,22.63014793395996
2020-06-18,162.24000549316406,285.15655517578125,133.59617614746094,27.889999389648438,22.716358184814453
2020-06-19,164.02999877929688,283.5270080566406,133.70321655273438,28.229999542236328,22.742219924926758
2020-06-22,165.08999633789062,285.3458251953125,133.7196502685547,28.979999542236328,22.621524810791016
2020-06-23,166.47999572753906,286.659423828125,132.80577087402344,28.719999313354492,22.54393768310547
2020-06-24,165.89999389648438,279.3471374511719,134.2300567626953,27.25,22.647390365600586
2020-06-25,165.8000030517578,282.34173583984375,134.61720275878906,27.940000534057617,22.68187141418457
2020-06-26,166.5399932861328,275.6358642578125,136.05792236328125,27.360000610351562,22.716358184814453
2020-06-29,166.6300048828125,279.68695068359375,135.62986755371094,28.270000457763672,22.724979400634766
2020-06-30,167.3699951171875,283.26971435546875,134.97108459472656,28.059999465942383,22.690494537353516
2020-07-01,166.6199951171875,285.25396728515625,134.70899963378906,28.350000381469727,22.63876724243164
2020-07-02,166.97999572753906,286.82476806640625,134.84910583496094,28.75,22.656009674072266
2020-07-06,167.97999572753906,291.2525634765625,134.29689025878906,28.959999084472656,22.535314559936523
2020-07-07,169.0399932861328,288.2486877441406,136.18450927734375,28.790000915527344,22.5870418548584
2020-07-08,170.08999633789062,290.45343017578125,135.64048767089844,29.18000030517578,22.46634864807129
2020-07-09,169.6300048828125,288.7998046875,137.80020141601562,28.40999984741211,22.54393768310547
2020-07-10,169.19000244140625,291.74859619140625,137.10777282714844,29.030000686645508,22.50945472717285
2020-07-13,169.39999389648438,289.2223205566406,137.5611572265625,28.5,22.47496795654297
2020-07-14,170.19000244140625,292.9704284667969,137.75892639160156,28.8799991607666,22.43186378479004
2020-07-15,170.33999633789062,295.6619567871094,137.1160125732422,29.290000915527344,22.371517181396484
2020-07-16,168.72999572753906,294.6883239746094,137.7671661376953,29.15999984741211,22.449106216430664
2020-07-17,170.1199951171875,295.54266357421875,137.4787139892578,29.100000381469727,22.35427474975586
2020-07-20,170.94000244140625,297.9310607910156,137.8166961669922,29.1200008392334,22.319791793823242
2020-07-21,173.0,298.5649108886719,137.89910888671875,29.719999313354492,22.181854248046875
2020-07-22,175.6300048828125,300.2643127441406,138.311279296875,29.75,22.121505737304688
2020-07-23,177.17999267578125,296.681640625,139.9269256591797,29.40999984741211,22.07840347290039
2020-07-24,178.6999969482422,294.77099609375,139.9186553955078,29.440000534057617,21.983572006225586
2020-07-27,182.22999572753906,296.92059326171875,139.3993377685547,29.719999313354492,21.819772720336914
2020-07-28,183.75,295.0373840332031,140.36375427246094,29.350000381469727,21.85425567626953
2020-07-29,185.1300048828125,298.6658935546875,140.12469482421875,29.56999969482422,21.750802993774414
2020-07-30,183.75999450683594,297.6003723144531,141.04795837402344,28.93000030517578,21.664594650268555
2020-07-31,185.42999267578125,299.9520568847656,140.9573211669922,29.06999969482422,21.793909072875977
2020-08-03,185.63999938964844,302.0373840332031,140.2476348876953,29.34000015258789,21.793909072875977
2020-08-04,189.58999633789062,303.2040100097656,141.58447265625,29.780000686645508,21.716320037841797
2020-08-05,191.35000610351562,305.087158203125,140.3466339111328,30.229999542236328,21.62148666381836
2020-08-06,193.88999938964844,307.12652587890625,141.130615234375,30.18000030517578,21.62148666381836
2020-08-07,190.80999755859375,307.3470764160156,140.18984985351562,29.850000381469727,21.750802993774414
2020-08-10,190.14999389648438,308.265625,139.56265258789062,30.15999984741211,21.785287857055664
2020-08-11,179.94000244140625,305.7210388183594,137.9039764404297,29.81999969482422,21.819772720336914
2020-08-12,179.10000610351562,309.9834899902344,136.64950561523438,30.559999465942383,21.750802993774414
2020-08-13,183.3300018310547,309.42315673828125,135.18898010253906,30.399999618530273,21.7421817779541
2020-08-14,182.5399932861328,309.432373046875,134.6608123779297,30.329999923706055,21.707700729370117
2020-08-17,186.5,310.415283203125,134.99913024902344,30.770000457763672,21.612869262695312
2020-08-18,188.17999267578125,311.0859069824219,135.9646453857422,30.600000381469727,21.492172241210938
2020-08-19,182.24000549316406,309.7906494140625,135.1147003173828,30.65999984741211,21.664594650268555
2020-08-20,183.5,310.75518798828125,136.3359832763672,30.520000457763672,21.604246139526367
2020-08-21,182.02999877929688,311.8575134277344,137.15301513671875,30.18000030517578,21.707700729370117
2020-08-24,181.0,315.0176086425781,136.93016052246094,30.350000381469727,21.7421817779541
2020-08-25,181.22000122070312,316.1199645996094,135.88214111328125,30.920000076293945,21.664594650268555
2020-08-26,183.36000061035156,319.289306640625,135.36219787597656,30.93000030517578,21.63873291015625
2020-08-27,181.24000549316406,319.9873046875,133.059814453125,30.670000076293945,21.664594650268555
2020-08-28,184.38999938964844,322.0542907714844,132.96083068847656,30.719999313354492,21.492172241210938
2020-08-31,184.8300018310547,320.8876953125,133.8438262939453,30.579999923706055,21.466312408447266
2020-09-01,185.0500030517578,323.9100036621094,135.3747100830078,30.610000610351562,21.509416580200195
2020-09-02,182.6199951171875,328.59503173828125,136.6634979248047,29.860000610351562,21.587005615234375
2020-09-03,181.13999938964844,317.2865905761719,137.05186462402344,29.639999389648438,21.595624923706055
2020-09-04,181.63999938964844,314.6961364746094,134.44944763183594,28.510000228881836,21.630109786987305
2020-09-08,181.2899932861328,306.09771728515625,135.2755889892578,26.75,21.7421817779541
2020-09-09,183.0500030517578,312.14227294921875,134.91209411621094,27.40999984741211,21.707700729370117
2020-09-10,182.4600067138672,306.722412109375,135.59779357910156,26.790000915527344,21.750802993774414
2020-09-11,182.4499969482422,306.8785095214844,135.8869171142578,27.040000915527344,21.707700729370117
2020-09-14,183.88999938964844,310.9205017089844,135.878662109375,26.940000534057617,21.655975341796875
2020-09-15,183.4499969482422,312.4913330078125,135.54812622070312,27.520000457763672,21.673215866088867
2020-09-16,183.97000122070312,311.25128173828125,135.1433563232422,28.700000762939453,21.699079513549805
2020-09-17,182.9600067138672,308.51373291015625,135.55645751953125,29.229999542236328,21.62148666381836
2020-09-18,183.1999969482422,304.96185302734375,135.13516235351562,29.059999465942383,21.64735221862793
2020-09-21,179.52000427246094,301.5677795410156,135.82086181640625,28.290000915527344,21.802534103393555
2020-09-22,178.64999389648438,304.6390380859375,135.71343994140625,28.170000076293945,21.880117416381836
2020-09-23,174.7899932861328,297.5742492675781,135.89524841308594,28.030000686645508,22.00081443786621
2020-09-24,175.44000244140625,298.36737060546875,136.4156494140625,28.5,21.966331481933594
2020-09-25,174.94000244140625,303.1910400390625,136.4156494140625,28.350000381469727,22.026676177978516
2020-09-28,176.6999969482422,308.2268981933594,136.0273895263672,28.690000534057617,21.957706451416016
2020-09-29,178.19000244140625,306.5481872558594,136.18434143066406,27.700000762939453,21.85425567626953
2020-09-30,177.1199951171875,308.87255859375,134.87893676757812,28.290000915527344,21.85425567626953
2020-10-01,178.6999969482422,310.8554992675781,135.10150146484375,27.510000228881836,21.819772720336914
2020-10-02,178.5399932861328,307.9040832519531,134.59695434570312,26.350000381469727,21.87150001525879
2020-10-05,179.41000366210938,313.3641052246094,131.96713256835938,27.93000030517578,21.776668548583984
2020-10-06,177.3000030517578,308.9093933105469,132.6782989501953,28.389999389648438,21.83701515197754
2020-10-07,177.22000122070312,314.2864685058594,131.71075439453125,28.389999389648438,21.81114959716797
2020-10-08,177.85000610351562,317.0718078613281,132.42196655273438,29.139999389648438,21.802534103393555
2020-10-09,181.0800018310547,319.90338134765625,132.3970947265625,28.690000534057617,21.673215866088867
2020-10-12,180.55999755859375,325.0498046875,132.81887817382812,28.06999969482422,21.64735221862793
2020-10-13,177.72000122070312,322.928466796875,133.76998901367188,28.459999084472656,21.776668548583984
2020-10-14,178.27000427246094,320.8994140625,134.07595825195312,28.979999542236328,21.72494125366211
2020-10-15,178.9199981689453,320.5028076171875,133.8444366455078,28.940000534057617,21.828392028808594
2020-10-16,178.3000030517578,320.3091735839844,133.47230529785156,28.719999313354492,21.802534103393555
2020-10-19,178.38999938964844,315.4393615722656,132.9678497314453,28.59000015258789,21.733562469482422
2020-10-20,179.25,316.7028503417969,131.7024383544922,29.049999237060547,21.664594650268555
2020-10-21,180.60000610351562,316.1033935546875,131.24761962890625,28.100000381469727,21.552520751953125
2020-10-22,178.8300018310547,317.83734130859375,129.88299560546875,28.510000228881836,21.63873291015625
2020-10-23,178.63999938964844,318.91644287109375,130.67694091796875,27.8799991607666,21.587005615234375
2020-10-26,178.5500030517578,313.0228271484375,131.89260864257812,27.110000610351562,21.664594650268555
2020-10-27,179.02000427246094,311.94384765625,132.7775421142578,27.690000534057617,21.62148666381836
2020-10-28,176.1300048828125,301.281982421875,132.90159606933594,26.309999465942383,21.759424209594727
2020-10-29,175.39999389648438,304.3439025878906,131.6114959716797,25.600000381469727,21.84563446044922
2020-10-30,176.1999969482422,301.1711730957031,130.31304931640625,25.25,21.87150001525879
2020-11-02,177.91000366210938,304.54693603515625,131.28916931152344,26.260000228881836,21.897361755371094
2020-11-03,178.9199981689453,309.9238586425781,130.52748107910156,26.719999313354492,21.776668548583984
2020-11-04,178.82000732421875,316.85040283203125,133.3589630126953,27.440000534057617,21.7421817779541
2020-11-05,182.92999267578125,323.0299072265625,133.5906524658203,27.15999984741211,21.5352783203125
2020-11-06,183.19000244140625,322.9561767578125,131.97634887695312,26.469999313354492,21.457687377929688
2020-11-09,175.0800018310547,327.0143737792969,129.2028350830078,28.06999969482422,21.595624923706055
2020-11-10,175.66000366210938,326.5347595214844,128.4576873779297,28.90999984741211,21.595624923706055
2020-11-11,174.89999389648438,328.9604187011719,128.9213409423828,29.040000915527344,21.62148666381836
2020-11-12,175.9600067138672,325.7691955566406,131.11532592773438,28.65999984741211,21.62148666381836
2020-11-13,177.16000366210938,330.279296875,130.9414825439453,28.1299991607666,21.578384399414062
2020-11-16,177.14999389648438,334.40203857421875,130.62681579589844,28.809999465942383,21.526657104492188
2020-11-17,176.5,332.6036071777344,131.47952270507812,28.8700008392334,21.492172241210938
2020-11-18,175.49000549316406,328.6007080078125,131.8604278564453,29.0,21.500795364379883
2020-11-19,175.16000366210938,329.9842224121094,132.5391845703125,29.09000015258789,21.466312408447266
2020-11-20,175.69000244140625,327.7245178222656,133.71495056152344,29.270000457763672,21.492172241210938
2020-11-23,172.22999572753906,329.68896484375,133.1022491455078,29.520000457763672,21.526657104492188
2020-11-24,169.58999633789062,335.0015563964844,131.77764892578125,30.799999237060547,21.423206329345703
2020-11-25,169.50999450683594,334.4850158691406,131.37193298339844,31.3700008392334,21.38871955871582
2020-11-27,167.7899932861328,335.4165954589844,132.6468963623047,31.219999313354492,21.345617294311523
2020-11-30,166.6699981689453,333.9316101074219,132.48130798339844,30.969999313354492,21.3973445892334
2020-12-01,170.17999267578125,337.5840759277344,130.52796936035156,30.6200008392334,21.20768165588379
2020-12-02,171.4600067138672,338.29412841796875,129.49205017089844,30.969999313354492,21.18181610107422
2020-12-03,172.80999755859375,338.201904296875,130.53628540039062,31.25,21.069746017456055
2020-12-04,172.32000732421875,341.116455078125,128.62181091308594,31.559999465942383,21.095609664916992
2020-12-07,174.88999938964844,340.41552734375,129.78208923339844,31.399999618530273,21.13009262084961
2020-12-08,175.5,341.4116516113281,130.39532470703125,31.40999984741211,21.155956268310547
2020-12-09,172.5,338.3494567871094,129.96446228027344,31.34000015258789,21.164575576782227
2020-12-10,172.1699981689453,338.2388916015625,131.1164093017578,32.11000061035156,21.10422706604004
2020-12-11,172.49000549316406,337.84222412109375,131.5804901123047,31.940000534057617,21.155956268310547
2020-12-14,171.5399932861328,336.32965087890625,131.21588134765625,32.16999816894531,21.095609664916992
2020-12-15,173.94000244140625,340.8766784667969,130.77659606933594,32.540000915527344,21.026641845703125
2020-12-16,174.89999389648438,341.4116516113281,130.428466796875,32.7400016784668,21.000778198242188
2020-12-17,176.74000549316406,343.3207092285156,130.0833740234375,33.15999984741211,20.888700485229492
2020-12-18,176.44000244140625,341.9499206542969,129.69345092773438,33.47999954223633,20.914566040039062
2020-12-21,175.8800048828125,340.7272644042969,130.20785522460938,32.63999938964844,20.957670211791992
2020-12-22,174.49000549316406,340.1530456542969,130.87979125976562,32.09000015258789,21.069746017456055
2020-12-23,175.64999389648438,340.45867919921875,129.9755859375,32.75,20.974912643432617
2020-12-24,176.35000610351562,341.783203125,130.48983764648438,32.91999816894531,20.992155075073242
2020-12-28,175.7100067138672,344.7193603515625,130.54795837402344,32.59000015258789,20.992155075073242
2020-12-29,176.35000610351562,344.061767578125,130.38206481933594,32.779998779296875,20.923187255859375
2020-12-30,177.6999969482422,344.5526428222656,130.6641387939453,32.90999984741211,20.836978912353516
2020-12-31,178.36000061035156,346.30328369140625,130.85491943359375,33.0099983215332,20.89732551574707
2021-01-04,182.3300018310547,341.5887145996094,130.69732666015625,32.380001068115234,20.914566040039062
2021-01-05,182.8699951171875,343.9413757324219,129.72666931152344,33.939998626708984,20.793872833251953
2021-01-06,179.89999389648438,345.99761962890625,127.06361389160156,34.11000061035156,20.768009185791016
2021-01-07,179.47999572753906,351.1382141113281,125.94363403320312,34.529998779296875,20.888700485229492
2021-01-08,173.33999633789062,353.1390075683594,125.53716278076172,35.43000030517578,20.923187255859375
2021-01-11,173.0,350.7585144042969,125.32971954345703,35.2599983215332,21.052501678466797
2021-01-12,174.1199951171875,350.8326110839844,125.23016357421875,35.900001525878906,20.9404296875
2021-01-13,173.3699951171875,351.77740478515625,126.6405029296875,35.79999923706055,21.009397506713867
2021-01-14,173.27999877929688,350.5454406738281,125.45416259765625,36.2400016784668,20.966293334960938
2021-01-15,171.1300048828125,347.9890441894531,125.95198059082031,35.34000015258789,21.10422706604004
2021-01-19,172.5800018310547,350.7214660644531,126.35840606689453,35.75,21.043882369995117
2021-01-20,175.38999938964844,355.5749206542969,126.48287200927734,35.790000915527344,21.035259246826172
2021-01-21,175.27999877929688,355.8992004394531,125.59521484375,35.7599983215332,20.9404296875
2021-01-22,173.89999389648438,354.63946533203125,126.00170135498047,35.22999954223633,20.98353385925293
2021-01-25,174.0500030517578,356.03802490234375,127.48668670654297,35.59000015258789,21.009397506713867
2021-01-26,173.6199951171875,355.4822998046875,127.24615478515625,35.45000076293945,20.949050903320312
2021-01-27,172.52000427246094,346.7941589355469,127.56967163085938,35.5,21.078365325927734
2021-01-28,172.67999267578125,349.77667236328125,126.864501953125,35.25,21.026641845703125
2021-01-29,172.61000061035156,342.7743225097656,126.10130310058594,35.18000030517578,21.052501678466797
2021-02-01,174.22999572753906,348.47998046875,126.24746704101562,36.119998931884766,21.155956268310547
2021-02-02,172.11000061035156,353.4075622558594,125.43347930908203,36.81999969482422,21.18181610107422
2021-02-03,171.85000610351562,353.6853942871094,124.32047271728516,37.439998626708984,21.17319679260254
2021-02-04,168.14999389648438,357.705322265625,123.98827362060547,37.810001373291016,21.268028259277344
2021-02-05,169.80999755859375,359.1131896972656,122.95002746582031,38.189998626708984,21.1473331451416
2021-02-08,171.52000427246094,361.7066345214844,123.48995971679688,38.939998626708984,21.138713836669922
2021-02-09,172.0800018310547,361.4658508300781,123.5813217163086,39.16999816894531,21.026641845703125
2021-02-10,172.7100067138672,361.3083190917969,124.40362548828125,39.279998779296875,21.018016815185547
2021-02-11,171.2100067138672,361.8918762207031,123.72254180908203,38.970001220703125,21.009397506713867
2021-02-12,170.69000244140625,363.6795654296875,122.18594360351562,39.939998626708984,21.026641845703125
2021-02-16,168.24000549316406,363.3646545410156,120.3254165649414,40.45000076293945,21.026641845703125
2021-02-17,166.3300018310547,363.4480285644531,121.0895767211914,40.88999938964844,21.112850189208984
2021-02-18,166.32000732421875,361.9012451171875,120.59947967529297,40.27000045776367,21.043882369995117
2021-02-19,167.00999450683594,361.2620544433594,118.9964828491211,39.68000030517578,20.992155075073242
2021-02-22,169.50999450683594,358.4832763671875,118.09123229980469,41.279998779296875,20.93181037902832
2021-02-23,169.1199951171875,358.918701171875,117.75067901611328,41.619998931884766,20.949050903320312
2021-02-24,169.0,362.8737487792969,116.97822570800781,42.5,20.914566040039062
2021-02-25,165.82000732421875,354.1300048828125,115.06792449951172,42.459999084472656,20.98353385925293
2021-02-26,161.80999755859375,352.3052673339844,118.87189483642578,41.310001373291016,21.138713836669922
2021-03-01,161.52999877929688,360.8452453613281,117.30191802978516,40.599998474121094,21.155956268310547
2021-03-02,162.41000366210938,358.02947998046875,117.31025695800781,40.06999969482422,21.078365325927734
2021-03-03,160.6199951171875,353.2871398925781,116.03788757324219,41.13999938964844,21.138713836669922
2021-03-04,159.0399932861328,348.9153747558594,115.28955078125,43.06999969482422,21.276649475097656
2021-03-05,159.13999938964844,355.3341064453125,115.51406860351562,44.439998626708984,21.354238510131836
2021-03-08,157.49000549316406,353.5649108886719,114.61593627929688,43.5,21.474931716918945
2021-03-09,160.83999633789062,358.6130065917969,116.20423126220703,43.11000061035156,21.354238510131836
2021-03-10,161.66000366210938,360.8452453613281,116.43707275390625,43.7400016784668,21.319753646850586
2021-03-11,161.52000427246094,364.5038757324219,115.59720611572266,44.599998474121094,21.21630096435547
2021-03-12,161.49000549316406,364.99481201171875,113.14405059814453,44.349998474121094,21.28527069091797
2021-03-15,162.1999969482422,367.1715087890625,113.80931091308594,44.2599983215332,21.3283748626709
2021-03-16,162.35000610351562,366.7083435058594,113.35195922851562,43.83000183105469,21.3283748626709
2021-03-17,163.50999450683594,367.9587707519531,112.50373840332031,43.81999969482422,21.22492218017578
2021-03-18,162.55999755859375,362.6050720214844,111.36450958251953,40.470001220703125,21.354238510131836
2021-03-19,163.24000549316406,361.93426513671875,112.0546875,41.77000045776367,21.36285972595215
2021-03-22,163.0,364.8242492675781,113.31036376953125,41.709999084472656,21.319753646850586
2021-03-23,161.80999755859375,361.9527893066406,114.33318328857422,39.369998931884766,21.44906997680664
2021-03-24,162.3699951171875,360.11279296875,114.94853210449219,41.45000076293945,21.500795364379883
2021-03-25,161.77999877929688,362.138671875,114.04216003417969,39.88999938964844,21.561141967773438
2021-03-26,162.24000549316406,367.9745178222656,113.6430435180664,41.529998779296875,21.5352783203125
2021-03-29,160.30999755859375,367.7885437011719,112.67833709716797,41.91999816894531,21.587005615234375
2021-03-30,157.57000732421875,366.8128967285156,113.26875305175781,41.16999816894531,21.673215866088867
2021-03-31,159.9600067138672,368.2996826171875,112.63677978515625,40.529998779296875,21.655975341796875
2021-04-01,161.97999572753906,372.27703857421875,114.5062026977539,41.84000015258789,21.561141967773438
2021-04-05,161.9199981689453,377.62030029296875,114.00657653808594,40.279998779296875,21.492172241210938
2021-04-06,163.22000122070312,377.3973388671875,114.78099822998047,40.70000076293945,21.440448760986328
2021-04-07,162.75999450683594,377.8341064453125,113.9815673828125,40.86000061035156,21.466312408447266
2021-04-08,164.50999450683594,379.6275939941406,114.92256164550781,40.81999969482422,21.37148094177246
2021-04-09,163.27000427246094,382.3875427246094,114.5062026977539,40.63999938964844,21.38871955871582
2021-04-12,162.27999877929688,382.5269470214844,114.45626068115234,40.900001525878906,21.380102157592773
2021-04-13,163.42999267578125,383.6606750488281,115.31394958496094,41.400001525878906,21.302513122558594
2021-04-14,162.72000122070312,382.350341796875,114.94760131835938,43.040000915527344,21.276649475097656
2021-04-15,165.35000610351562,386.457763671875,116.87117004394531,43.27000045776367,21.276649475097656
2021-04-16,166.35000610351562,387.7494201660156,115.96345520019531,43.18000030517578,21.25078582763672
2021-04-19,165.88999938964844,385.8444519042969,115.63035583496094,43.31999969482422,21.13009262084961
2021-04-20,166.47999572753906,383.0195007324219,116.16329956054688,42.7400016784668,21.164575576782227
2021-04-21,168.1300048828125,386.6436767578125,116.39644622802734,41.77000045776367,21.138713836669922
2021-04-22,167.0399932861328,383.1123962402344,116.9044189453125,42.09000015258789,21.199060440063477
2021-04-23,166.39999389648438,387.2662048339844,116.62960815429688,42.459999084472656,21.078365325927734
2021-04-26,166.83999633789062,388.0746765136719,116.46311950683594,42.33000183105469,21.078365325927734
2021-04-27,166.4199981689453,387.9910888671875,115.44722747802734,43.11000061035156,21.086984634399414
2021-04-28,166.91000366210938,387.8795166015625,115.52215576171875,43.529998779296875,21.009397506713867
2021-04-29,166.22000122070312,390.35137939453125,115.18072509765625,44.2599983215332,21.018016815185547
2021-04-30,165.66000366210938,387.7865905761719,115.44722747802734,43.27000045776367,21.190439224243164
2021-05-03,167.80999755859375,388.623046875,115.51642608642578,43.97999954223633,21.095609664916992
2021-05-04,166.5800018310547,386.22552490234375,116.30028533935547,44.869998931884766,21.190439224243164
2021-05-05,167.27000427246094,386.34625244140625,116.49207305908203,44.65999984741211,21.18181610107422
2021-05-06,170.05999755859375,389.4314880371094,116.68392944335938,44.40999984741211,21.078365325927734
2021-05-07,171.58999633789062,392.2657470703125,116.10847473144531,44.43000030517578,20.923187255859375
2021-05-10,172.11000061035156,388.38134765625,114.93265533447266,44.47999954223633,20.923187255859375
2021-05-11,172.13999938964844,384.9151611328125,114.28219604492188,44.869998931884766,20.905946731567383
2021-05-12,170.42999267578125,376.7375793457031,113.081298828125,45.220001220703125,21.061124801635742
2021-05-13,171.1300048828125,381.2631530761719,113.25643157958984,43.810001373291016,21.026641845703125
2021-05-14,172.69000244140625,387.1175537109375,114.31554412841797,44.709999084472656,20.9404296875
2021-05-17,174.6999969482422,386.132568359375,114.07367706298828,45.38999938964844,20.914566040039062
2021-05-18,175.0399932861328,382.80572509765625,113.78179168701172,44.84000015258789,20.819734573364258
2021-05-19,175.16000366210938,381.8021240234375,113.50662231445312,43.43000030517578,20.914566040039062
2021-05-20,175.9600067138672,385.909423828125,114.4406509399414,42.47999954223633,20.811113357543945
2021-05-21,176.0399932861328,385.59356689453125,114.80757141113281,43.70000076293945,20.880083084106445
2021-05-24,176.35000610351562,389.5244140625,115.23287200927734,45.02000045776367,20.82835578918457
2021-05-25,177.9499969482422,388.6601257324219,116.30028533935547,44.91999816894531,20.802494049072266
2021-05-26,177.63999938964844,389.4314880371094,116.10015869140625,45.20000076293945,20.880083084106445
2021-05-27,177.7100067138672,389.635986328125,115.63317108154297,45.54999923706055,20.86284065246582
2021-05-28,178.3800048828125,390.33282470703125,115.4496841430664,45.41999816894531,20.880083084106445
2021-06-01,177.89999389648438,389.98895263671875,115.42377471923828,46.33000183105469,20.845598220825195
2021-06-02,178.77000427246094,390.6023254394531,115.69105529785156,46.900001525878906,20.845598220825195
2021-06-03,175.27000427246094,389.15264892578125,115.25679016113281,46.970001220703125,20.974912643432617
2021-06-04,177.16000366210938,392.7117614746094,116.83512878417969,47.2599983215332,20.89732551574707
2021-06-07,177.8699951171875,392.3307800292969,116.47600555419922,47.27000045776367,20.86284065246582
2021-06-08,177.32000732421875,392.4144592285156,117.29449462890625,47.880001068115234,20.888700485229492
2021-06-09,176.97999572753906,391.8290100097656,118.33002471923828,47.58000183105469,20.905946731567383
2021-06-10,177.74000549316406,393.6502685546875,119.03985595703125,47.83000183105469,20.888700485229492
2021-06-11,175.74000549316406,394.3008117675781,118.84786224365234,48.06999969482422,20.992155075073242
2021-06-14,174.7100067138672,395.18365478515625,117.93753814697266,48.31999969482422,20.974912643432617
2021-06-15,174.0500030517578,394.4588928222656,117.7956314086914,48.97999954223633,20.992155075073242
2021-06-16,171.11000061035156,392.25640869140625,117.69537353515625,48.75,21.164575576782227
2021-06-17,165.85000610351562,392.1263427734375,119.45748901367188,48.040000915527344,21.3283748626709
2021-06-18,164.92999267578125,386.83642578125,121.7040023803711,48.36000061035156,21.3973445892334
2021-06-21,166.9499969482422,392.37432861328125,119.6662826538086,49.36000061035156,21.29388999938965
2021-06-22,166.25,394.4720458984375,119.95860290527344,49.41999816894531,21.25940704345703
2021-06-23,166.13999938964844,393.99652099609375,119.64956665039062,49.720001220703125,21.29388999938965
2021-06-24,166.0399932861328,396.32745361328125,119.84162902832031,49.84000015258789,21.276649475097656
2021-06-25,166.58999633789062,397.7351379394531,118.59727478027344,50.25,21.28527069091797
2021-06-28,166.5800018310547,398.5369567871094,119.81666564941406,49.540000915527344,21.29388999938965
2021-06-29,164.8300018310547,398.7514343261719,120.01705932617188,49.88999938964844,21.345617294311523
2021-06-30,165.6300048828125,399.0870056152344,120.55150604248047,49.880001068115234,21.405963897705078
2021-07-01,166.1999969482422,401.2966613769531,120.55825805664062,50.619998931884766,21.466312408447266
2021-07-02,167.2899932861328,404.3639221191406,121.28572845458984,50.93000030517578,21.380102157592773
2021-07-06,168.1199951171875,403.6273498535156,122.70728302001953,49.900001525878906,21.457687377929688
2021-07-07,168.75999450683594,405.0538635253906,123.79436492919922,48.65999984741211,21.492172241210938
2021-07-08,168.64999389648438,401.7533874511719,124.2793960571289,49.52000045776367,21.405963897705078
2021-07-09,169.2100067138672,406.0420837402344,122.53164672851562,50.40999984741211,21.354238510131836
2021-07-12,169.0,407.4964904785156,122.37287139892578,50.310001373291016,21.380102157592773
2021-07-13,169.22000122070312,406.10736083984375,121.4362564086914,51.150001525878906,21.509416580200195
2021-07-14,171.0399932861328,406.71337890625,122.81598663330078,49.70000076293945,21.405963897705078
2021-07-15,171.07000732421875,405.32427978515625,124.17079162597656,49.040000915527344,21.466312408447266
2021-07-16,169.41000366210938,402.1449890136719,123.93653106689453,49.13999938964844,21.492172241210938
2021-07-19,169.61000061035156,396.2061462402344,126.65428161621094,45.84000015258789,21.526657104492188
2021-07-20,169.38999938964844,401.8839111328125,125.4333724975586,46.5099983215332,21.552520751953125
2021-07-21,168.75999450683594,405.13775634765625,123.84454345703125,48.27000045776367,21.500795364379883
2021-07-22,169.08999633789062,405.98614501953125,125.0152587890625,49.16999816894531,21.526657104492188
2021-07-23,168.55999755859375,410.1629333496094,124.17903137207031,49.470001220703125,21.5352783203125
2021-07-26,168.16000366210938,411.1697692871094,123.81114959716797,49.66999816894531,21.466312408447266
2021-07-27,168.44000244140625,409.2958679199219,125.1323013305664,49.470001220703125,21.431827545166016
2021-07-28,169.2899932861328,409.1280517578125,125.14073944091797,49.720001220703125,21.37148094177246
2021-07-29,171.1699981689453,410.8247985839844,124.44666290283203,50.63999938964844,21.29388999938965
2021-07-30,169.82000732421875,408.8297119140625,125.03199768066406,50.65999984741211,21.354238510131836
2021-08-02,169.61000061035156,407.9719543457031,126.14720916748047,49.18000030517578,21.3283748626709
2021-08-03,169.49000549316406,411.291015625,126.2142105102539,48.849998474121094,21.33699607849121
2021-08-04,169.52999877929688,409.2679138183594,126.47371673583984,47.20000076293945,21.37148094177246
2021-08-05,168.86000061035156,411.85980224609375,125.82907104492188,48.099998474121094,21.37148094177246
2021-08-06,164.63999938964844,412.5403747558594,123.72760009765625,47.56999969482422,21.492172241210938
2021-08-09,161.72000122070312,412.2047424316406,123.28382110595703,46.599998474121094,21.5352783203125
2021-08-10,161.77000427246094,412.7174072265625,122.71451568603516,47.68000030517578,21.552520751953125
2021-08-11,164.0,413.74298095703125,122.63914489746094,48.29999923706055,21.509416580200195
2021-08-12,164.0399932861328,414.9830322265625,122.43820190429688,48.099998474121094,21.5352783203125
2021-08-13,166.38999938964844,415.7382507324219,124.37226104736328,47.43000030517578,21.431827545166016
2021-08-16,167.22000122070312,416.7171325683594,124.67369079589844,47.040000915527344,21.44906997680664
2021-08-17,166.97000122070312,413.9854431152344,124.62342834472656,46.58000183105469,21.578384399414062
2021-08-18,167.10000610351562,409.454345703125,125.0420913696289,45.400001525878906,21.578384399414062
2021-08-19,166.61000061035156,410.0882873535156,125.96300506591797,44.77000045776367,21.681835174560547
2021-08-20,166.6999969482422,413.35137939453125,126.04676055908203,43.43000030517578,21.655975341796875
2021-08-23,168.72999572753906,416.987548828125,125.96300506591797,45.849998474121094,21.526657104492188
2021-08-24,168.64999389648438,417.6494140625,124.98344421386719,47.369998931884766,21.509416580200195
2021-08-25,167.47999572753906,418.5258483886719,123.94526672363281,47.810001373291016,21.492172241210938
2021-08-26,167.6699981689453,416.05517578125,124.28855895996094,47.47999954223633,21.552520751953125
2021-08-27,170.19000244140625,419.7751159667969,125.13410949707031,48.150001525878906,21.457687377929688
2021-08-30,169.35000610351562,421.62103271484375,125.46067810058594,48.400001525878906,21.457687377929688
2021-08-31,169.69000244140625,420.9964294433594,124.606689453125,48.040000915527344,21.457687377929688
2021-09-01,169.6999969482422,421.22021484375,124.81539916992188,47.93000030517578,21.41458511352539
2021-09-02,169.25,422.5161437988281,125.3603515625,48.95000076293945,21.36285972595215
2021-09-03,171.05999755859375,422.41357421875,124.22021484375,48.65999984741211,21.319753646850586
2021-09-07,167.7100067138672,420.9031982421875,123.17230987548828,48.040000915527344,21.423206329345703
2021-09-08,167.2899932861328,420.3904113769531,124.01063537597656,48.59000015258789,21.457687377929688
2021-09-09,168.02999877929688,418.591064453125,125.51114654541016,47.75,21.405963897705078
2021-09-10,167.17999267578125,415.29071044921875,124.4046401977539,48.79999923706055,21.440448760986328
2021-09-13,167.74000549316406,416.3535461425781,125.15917205810547,49.47999954223633,21.440448760986328
2021-09-14,168.82000732421875,414.10675048828125,126.67646026611328,49.310001373291016,21.440448760986328
2021-09-15,167.8300018310547,417.5655212402344,126.23212432861328,50.689998626708984,21.3973445892334
2021-09-16,164.02999877929688,416.903564453125,125.65373992919922,50.70000076293945,21.492172241210938
2021-09-17,163.77000427246094,412.8424987792969,125.0501708984375,50.31999969482422,21.56976318359375
2021-09-20,164.94000244140625,405.9587097167969,126.60104370117188,49.599998474121094,21.578384399414062
2021-09-21,166.0399932861328,405.5752258300781,126.49198150634766,49.58000183105469,21.561141967773438
2021-09-22,165.4199981689453,409.531494140625,127.24652099609375,50.47999954223633,21.62148666381836
2021-09-23,163.50999450683594,414.5073547363281,124.3711166381836,51.380001068115234,21.5352783203125
2021-09-24,163.3000030517578,415.1901550292969,123.15562438964844,51.81999969482422,21.595624923706055
2021-09-27,163.63999938964844,414.0022888183594,122.7028579711914,52.90999984741211,21.62148666381836
2021-09-28,162.0500030517578,405.65936279296875,120.79156494140625,52.400001525878906,21.699079513549805
2021-09-29,161.32000732421875,406.34222412109375,121.00114440917969,52.31999969482422,21.85425567626953
2021-09-30,164.22000122070312,401.375732421875,120.9843978881836,52.560001373291016,21.819772720336914
2021-10-01,164.58999633789062,406.1457214355469,122.00248718261719,53.2599983215332,21.776668548583984
2021-10-04,165.36000061035156,400.9080505371094,121.69197082519531,54.4900016784668,21.707700729370117
2021-10-05,164.58999633789062,405.07952880859375,120.51685333251953,55.630001068115234,21.750802993774414
2021-10-06,165.02999877929688,406.76300048828125,121.19671630859375,54.15999984741211,21.81114959716797
2021-10-07,164.16000366210938,410.27972412109375,119.92925262451172,55.36000061035156,21.802534103393555
2021-10-08,164.22999572753906,409.531494140625,119.08992767333984,55.470001220703125,21.785287857055664
2021-10-11,163.9199981689453,406.566650390625,118.78773498535156,56.18000030517578,21.84563446044922
2021-10-12,164.66000366210938,405.5657958984375,120.81900787353516,56.11000061035156,21.87150001525879
2021-10-13,167.58999633789062,407.02496337890625,121.99408721923828,56.15999984741211,21.750802993774414
2021-10-14,168.0,413.8713684082031,122.44744110107422,56.810001373291016,21.750802993774414
2021-10-15,165.3300018310547,417.0233154296875,121.7339096069336,57.150001525878906,21.72494125366211
2021-10-18,164.9199981689453,418.25787353515625,122.30472564697266,56.959999084472656,21.733562469482422
2021-10-19,165.4499969482422,421.48468017578125,120.6175537109375,57.41999816894531,21.681835174560547
2021-10-20,166.89999389648438,423.1402587890625,119.80332946777344,58.119998931884766,21.64735221862793
2021-10-21,166.75,424.24383544921875,119.6606674194336,57.40999984741211,21.699079513549805
2021-10-22,167.77000427246094,423.8042297363281,120.9784927368164,58.029998779296875,21.655975341796875
2021-10-25,168.92999267578125,426.0770568847656,120.79380798339844,57.83000183105469,21.69045639038086
2021-10-26,167.67999267578125,426.4605712890625,121.79266357421875,58.45000076293945,21.733562469482422
2021-10-27,168.1199951171875,424.5711975097656,124.00859069824219,56.900001525878906,21.72494125366211
2021-10-28,168.0800018310547,428.66778564453125,123.58894348144531,57.400001525878906,21.595624923706055
2021-10-29,166.64999389648438,429.5376892089844,123.96662902832031,57.150001525878906,21.768047332763672
2021-11-01,167.52000427246094,430.27655029296875,123.07413482666016,57.529998779296875,21.699079513549805
2021-11-02,167.16000366210938,432.01617431640625,123.62037658691406,57.529998779296875,21.750802993774414
2021-11-03,165.77000427246094,434.65374755859375,122.34293365478516,55.34000015258789,21.699079513549805
2021-11-04,167.64999389648438,436.7020568847656,123.62873077392578,54.91999816894531,21.81114959716797
2021-11-05,169.83999633789062,438.2172546386719,125.4777603149414,56.54999923706055,21.793909072875977
2021-11-08,170.4499969482422,438.5914001464844,125.2424087524414,57.09000015258789,21.750802993774414
2021-11-09,171.2899932861328,437.1416320800781,126.87288665771484,57.970001220703125,21.72494125366211
2021-11-10,173.14999389648438,433.62493896484375,124.55323791503906,56.31999969482422,21.957706451416016
2021-11-11,174.1199951171875,433.76513671875,124.36836242675781,56.220001220703125,22.009435653686523
2021-11-12,174.4499969482422,437.0387878417969,123.82205200195312,55.97999954223633,21.983572006225586
2021-11-15,174.17999267578125,437.1884460449219,122.26726531982422,56.06999969482422,22.104265213012695
2021-11-16,172.9199981689453,438.9187316894531,121.95629119873047,56.20000076293945,22.190475463867188
2021-11-17,174.5,437.85247802734375,122.92281341552734,55.0,22.147371292114258
2021-11-18,173.94000244140625,439.3396301269531,123.38508605957031,55.54999923706055,22.087024688720703
2021-11-19,172.61000061035156,438.5540466308594,124.6877212524414,53.779998779296875,22.1990966796875
2021-11-22,168.74000549316406,437.3194274902344,123.22537231445312,54.45000076293945,22.311168670654297
2021-11-23,167.27999877929688,437.8992614746094,121.44363403320312,56.20000076293945,22.30255126953125
2021-11-24,167.1199951171875,439.06842041015625,123.3934097290039,55.880001068115234,22.388757705688477
2021-11-26,166.85000610351562,429.2757263183594,126.51150512695312,49.630001068115234,22.216339111328125
2021-11-29,166.6199951171875,434.5415344238281,125.49456787109375,50.16999816894531,22.259443283081055
2021-11-30,165.5,426.0863952636719,127.40230560302734,47.90999984741211,22.155994415283203
2021-12-01,166.16000366210938,421.35382080078125,128.1883087158203,47.040000915527344,22.216339111328125
2021-12-02,165.24000549316406,427.8074035644531,128.34814453125,48.290000915527344,22.224960327148438
2021-12-03,166.6300048828125,424.0848693847656,129.87966918945312,48.0,22.216339111328125
2021-12-06,166.22000122070312,429.107421875,128.09571838378906,50.5099983215332,22.250822067260742
2021-12-07,166.80999755859375,437.98345947265625,127.06076049804688,51.59000015258789,22.259443283081055
2021-12-08,166.89999389648438,439.1431884765625,124.86450958251953,52.41999816894531,22.155994415283203
2021-12-09,165.8800048828125,436.1783447265625,125.56298065185547,51.02000045776367,22.233579635620117
2021-12-10,166.5800018310547,440.2842102050781,125.26002502441406,52.029998779296875,22.1990966796875
2021-12-13,167.0,436.3841247558594,127.11116790771484,51.439998626708984,22.268064498901367
2021-12-14,165.44000244140625,433.3817443847656,126.80827331542969,50.91999816894531,22.311168670654297
2021-12-15,166.14999389648438,440.1533508300781,125.58814239501953,51.619998931884766,22.276687622070312
2021-12-16,168.16000366210938,436.2718200683594,125.63697814941406,51.869998931884766,22.181854248046875
2021-12-17,167.8000030517578,431.62860107421875,127.0606689453125,50.779998779296875,22.337034225463867
2021-12-20,167.08999633789062,427.0389404296875,126.1087875366211,49.900001525878906,22.311168670654297
2021-12-21,167.02000427246094,434.6227722167969,125.62852478027344,51.56999969482422,22.285306930541992
2021-12-22,168.58999633789062,438.9684143066406,126.20986938476562,52.47999954223633,22.1990966796875
2021-12-23,168.97000122070312,441.6996765136719,125.1147689819336,53.130001068115234,22.181854248046875
2021-12-27,169.3699951171875,447.9506530761719,125.41801452636719,54.52000045776367,22.190475463867188
2021-12-28,168.63999938964844,447.5846252441406,124.92095947265625,54.66999816894531,22.216339111328125
2021-12-29,168.58999633789062,448.1571960449219,123.55625915527344,55.08000183105469,22.155994415283203
2021-12-30,169.8000030517578,446.9181823730469,124.59246063232422,55.099998474121094,22.190475463867188
2021-12-31,170.9600067138672,445.79193115234375,124.83673095703125,54.36000061035156,22.095643997192383
2022-01-03,168.3300018310547,448.37310791015625,121.55977630615234,54.83000183105469,22.233579635620117
2022-01-04,169.57000732421875,448.222900390625,121.05429077148438,55.59000015258789,22.250822067260742
2022-01-05,169.05999755859375,439.61602783203125,120.39727783203125,55.43000030517578,22.224960327148438
2022-01-06,166.99000549316406,439.2030029296875,120.70893859863281,56.88999938964844,22.24220085144043
2022-01-07,167.75,437.4667053222656,119.84122467041016,56.66999816894531,22.121505737304688
2022-01-10,168.25999450683594,436.92230224609375,120.13611602783203,56.15999984741211,22.173234939575195
2022-01-11,170.2899932861328,440.90185546875,120.93637084960938,58.15999984741211,22.07840347290039
2022-01-12,170.74000549316406,442.0939025878906,120.47305297851562,58.90999984741211,21.93184471130371
2022-01-13,170.16000366210938,436.00244140625,121.54290008544922,58.27000045776367,21.92322540283203
2022-01-14,169.6699981689453,436.1807556152344,119.70647430419922,59.970001220703125,21.983572006225586
2022-01-18,169.38999938964844,428.4562072753906,118.02163696289062,60.970001220703125,22.121505737304688
2022-01-19,172.0800018310547,424.0072937011719,118.8387680053711,61.04999923706055,22.069782257080078
2022-01-20,171.64999389648438,419.3143615722656,119.57169342041016,60.65999984741211,22.138748168945312
2022-01-21,171.08999633789062,411.0828857421875,120.99531555175781,60.779998779296875,22.07840347290039
2022-01-24,172.02999877929688,412.82867431640625,120.0013427734375,60.11000061035156,22.147371292114258
2022-01-25,172.5800018310547,407.78851318359375,119.80756378173828,60.970001220703125,22.155994415283203
2022-01-26,169.7899932861328,406.7654724121094,118.35861206054688,61.68000030517578,22.276687622070312
2022-01-27,167.60000610351562,404.75689697265625,120.53205871582031,61.86000061035156,22.46634864807129
2022-01-28,167.10000610351562,414.80914306640625,120.57416534423828,61.970001220703125,22.457725524902344
2022-01-31,168.08999633789062,422.2802734375,119.9508056640625,62.47999954223633,22.30255126953125
2022-02-01,168.22999572753906,425.13360595703125,119.55258178710938,62.529998779296875,22.24220085144043
2022-02-02,168.83999633789062,429.2634582519531,119.95751190185547,62.52000045776367,22.155994415283203
2022-02-03,168.60000610351562,419.1736145019531,119.02112579345703,63.5099983215332,22.04391860961914
2022-02-04,168.86000061035156,421.1446838378906,117.26646423339844,64.91000366210938,22.026676177978516
2022-02-07,170.11000061035156,419.7930603027344,117.34244537353516,64.68000030517578,22.035297393798828
2022-02-08,170.6300048828125,423.24700927734375,116.55786895751953,63.619998931884766,22.069782257080078
2022-02-09,171.2100067138672,429.4416809082031,116.7771987915039,64.16999816894531,22.04391860961914
2022-02-10,170.55999755859375,421.72650146484375,114.92129516601562,63.959999084472656,22.07840347290039
2022-02-11,173.80999755859375,413.41064453125,116.62533569335938,65.73999786376953,22.173234939575195
2022-02-14,174.74000549316406,412.0590515136719,115.1744155883789,66.36000061035156,22.233579635620117
2022-02-15,173.0800018310547,418.70428466796875,113.86685180664062,64.27999877929688,22.147371292114258
2022-02-16,174.86000061035156,419.1736145019531,114.54173278808594,63.540000915527344,22.104265213012695
2022-02-17,177.25,410.2193908691406,115.39373779296875,64.16999816894531,22.112886428833008
2022-02-18,177.1199951171875,407.5632629394531,116.60850524902344,64.73999786376953,22.173234939575195
2022-02-22,177.49000549316406,403.18939208984375,116.91217803955078,65.54000091552734,22.181854248046875
2022-02-23,178.2899932861328,396.03741455078125,115.30087280273438,66.23999786376953,22.207717895507812
2022-02-24,177.13999938964844,401.997314453125,115.37688446044922,66.33999633789062,22.388757705688477
2022-02-25,176.5500030517578,410.8670959472656,115.46121978759766,65.80000305175781,22.276687622070312
2022-02-28,178.3800048828125,409.8158874511719,117.99198913574219,67.4800033569336,22.311168670654297
2022-03-01,181.6199951171875,403.57421875,119.35618591308594,71.81999969482422,22.483591079711914
2022-03-02,179.72999572753906,410.9984436035156,115.2762451171875,75.41999816894531,22.46634864807129
2022-03-03,180.8000030517578,408.9523620605469,116.45035552978516,74.52999877929688,22.55255889892578
2022-03-04,183.67999267578125,405.6297912597656,118.46077728271484,79.45999908447266,22.724979400634766
2022-03-07,186.41000366210938,393.6720886230469,117.55699157714844,82.37000274658203,22.888776779174805
2022-03-08,191.50999450683594,390.6874694824219,116.37434387207031,85.43000030517578,22.845670700073242
2022-03-09,185.82000732421875,401.16204833984375,115.23400115966797,75.47000122070312,22.621524810791016
2022-03-10,186.39999389648438,399.3505859375,113.57837677001953,74.05999755859375,22.733598709106445
2022-03-11,185.08999633789062,394.2728271484375,113.95856475830078,76.4000015258789,22.854293823242188
2022-03-14,182.3000030517578,391.391357421875,111.2977294921875,72.83999633789062,22.845670700073242
2022-03-15,178.88999938964844,399.9981689453125,111.10346984863281,68.62999725341797,22.81981086730957
2022-03-16,180.00999450683594,408.86785888671875,112.19309997558594,68.27999877929688,22.656009674072266
2022-03-17,180.88999938964844,413.9831848144531,111.35681915283203,73.68000030517578,22.604284286499023
2022-03-18,179.3000030517578,418.5173645019531,112.7167739868164,74.63999938964844,22.63014793395996
2022-03-21,180.6699981689453,418.39501953125,110.1067123413086,79.54000091552734,22.716358184814453
2022-03-22,179.36000061035156,423.2908630371094,108.69605255126953,78.55999755859375,22.70773696899414
2022-03-23,181.80999755859375,417.839599609375,111.07806396484375,81.94999694824219,22.733598709106445
2022-03-24,183.1300048828125,424.1381530761719,110.20803833007812,79.75,22.759462356567383
2022-03-25,182.3800048828125,426.20953369140625,108.67915344238281,80.73999786376953,22.768083572387695
2022-03-28,179.05999755859375,429.24114990234375,109.60831451416016,74.52999877929688,22.837051391601562
2022-03-29,179.13999938964844,434.55133056640625,110.43614196777344,76.1500015258789,22.699115753173828
2022-03-30,180.5800018310547,431.86798095703125,111.2977294921875,77.91000366210938,22.57842254638672
2022-03-31,180.64999389648438,425.22100830078125,111.5680160522461,74.12000274658203,22.673254013061523
2022-04-01,179.5,426.42608642578125,111.99272155761719,74.16999816894531,22.70773696899414
2022-04-04,180.3699951171875,430.07916259765625,111.21438598632812,76.86000061035156,22.811187744140625
2022-04-05,179.24000549316406,424.64666748046875,108.7018051147461,74.80000305175781,22.931882858276367
2022-04-06,179.66000366210938,420.400390625,107.82195281982422,73.05000305175781,22.949125289916992
2022-04-07,180.33999633789062,422.51885986328125,107.00982666015625,73.11000061035156,22.99222755432129
2022-04-08,181.47000122070312,421.3890380859375,105.85079193115234,74.11000061035156,22.99222755432129
2022-04-11,182.3699951171875,414.1865234375,104.17571258544922,72.30000305175781,23.043956756591797
2022-04-12,183.77000427246094,412.6518859863281,104.03189849853516,75.9800033569336,23.121543884277344
2022-04-13,184.64999389648438,417.3782653808594,104.24340057373047,78.41999816894531,23.026714324951172
2022-04-14,184.0399932861328,412.18115234375,102.15377807617188,79.56999969482422,23.130165100097656
2022-04-18,184.61000061035156,412.3506164550781,101.64619445800781,80.41000366210938,23.22499656677246
2022-04-19,181.82000732421875,419.0069885253906,100.88477325439453,76.86000061035156,23.276723861694336
2022-04-20,182.7100067138672,418.6962890625,102.9151840209961,77.23999786376953,23.112924575805664
2022-04-21,182.05999755859375,412.435302734375,102.15377807617188,78.12000274658203,23.1818904876709
2022-04-22,180.2899932861328,401.11846923828125,101.51082611083984,76.30999755859375,23.319828033447266
2022-04-25,177.0500030517578,403.44390869140625,102.52603912353516,74.6500015258789,23.431901931762695
2022-04-26,177.32000732421875,391.75982666015625,103.55816650390625,76.45999908447266,23.578458786010742
2022-04-27,175.97999572753906,392.8614196777344,102.22993469238281,76.37000274658203,23.72501564025879
2022-04-28,176.92999267578125,402.7849426269531,102.3822250366211,78.08000183105469,23.862951278686523
2022-04-29,176.91000366210938,387.8996887207031,101.05401611328125,77.16000366210938,23.768117904663086
2022-05-02,173.6300048828125,390.2347106933594,99.30235290527344,78.37999725341797,23.888813018798828
2022-05-03,174.08999633789062,392.0234680175781,99.9718246459961,76.69000244140625,23.8457088470459
2022-05-04,175.8000030517578,403.96185302734375,100.52266693115234,80.22000122070312,23.64742660522461
2022-05-05,175.1300048828125,389.6038513183594,97.76852416992188,80.4800033569336,23.8457088470459
2022-05-06,175.4199981689453,387.2783508300781,96.32786560058594,82.12999725341797,23.888813018798828
2022-05-09,172.8800048828125,374.8787536621094,97.17529296875,76.56999969482422,23.89743423461914
2022-05-10,171.4199981689453,375.7449035644531,98.05660247802734,74.52999877929688,23.94916343688965
2022-05-11,172.82000732421875,369.77581787109375,99.94640350341797,78.18000030517578,23.97502326965332
2022-05-12,170.1699981689453,369.3897705078125,99.75996398925781,79.2300033569336,24.181928634643555
2022-05-13,168.7899932861328,378.2210388183594,98.28543853759766,81.27999877929688,24.112960815429688
2022-05-16,170.39999389648438,376.68646240234375,98.18374633789062,83.11000061035156,24.018131256103516
2022-05-17,169.3300018310547,384.43499755859375,96.99735260009766,81.11000061035156,23.819847106933594
2022-05-18,169.4199981689453,368.93780517578125,99.06507873535156,79.29000091552734,23.940540313720703
2022-05-19,171.91000366210938,366.67822265625,99.30235290527344,80.58000183105469,23.690532684326172
2022-05-20,172.02999877929688,366.83831787109375,100.4294662475586,81.6500015258789,23.74225616455078
2022-05-23,172.8300018310547,373.70184326171875,98.77696990966797,81.97000122070312,23.5267333984375
2022-05-24,174.1300048828125,370.84906005859375,100.72603607177734,82.0,23.457761764526367
2022-05-25,173.0800018310547,374.12554931640625,101.12433624267578,82.4800033569336,23.543975830078125
2022-05-26,172.75999450683594,381.6011047363281,100.666748046875,84.58999633789062,23.466384887695312
2022-05-27,172.85000610351562,390.9690246582031,100.91246032714844,85.45999908447266,23.41465950012207
2022-05-31,171.13999938964844,388.7753601074219,98.77696990966797,85.47000122070312,23.457761764526367
2022-06-01,172.22999572753906,385.6307067871094,98.66401672363281,85.54000091552734,23.638803482055664
2022-06-02,174.35000610351562,392.9744567871094,98.71499633789062,87.25,23.431901931762695
2022-06-03,172.5800018310547,386.525146484375,98.50272369384766,89.47000122070312,23.535350799560547
2022-06-06,171.82000732421875,387.7019958496094,96.68598937988281,88.38999938964844,23.587080001831055
2022-06-07,172.94000244140625,391.4209899902344,97.73020935058594,90.04000091552734,23.561216354370117
2022-06-08,172.77999877929688,387.16534423828125,96.86424255371094,91.98999786376953,23.630184173583984
2022-06-09,172.22999572753906,377.9573974609375,97.18688201904297,91.08000183105469,23.80260467529297
2022-06-10,174.5399932861328,366.9983215332031,96.58411407470703,90.12999725341797,23.992265701293945
2022-06-13,169.92999267578125,353.0640869140625,93.55340576171875,90.36000061035156,24.225034713745117
2022-06-14,168.57000732421875,352.0001525878906,92.37339782714844,88.44999694824219,24.27676010131836
2022-06-15,170.77000427246094,357.0183410644531,94.09675598144531,86.93000030517578,24.087099075317383
2022-06-16,172.69000244140625,345.2025146484375,94.84378814697266,87.66000366210938,23.854331970214844
2022-06-17,171.27000427246094,345.9466857910156,95.14942932128906,83.33999633789062,24.095718383789062
2022-06-21,170.6300048828125,354.65545654296875,93.53641510009766,84.05000305175781,24.00950813293457
2022-06-22,171.30999755859375,354.0124206542969,96.10872650146484,80.87999725341797,23.97502326965332
2022-06-23,170.25999450683594,357.482666015625,96.89823150634766,78.9800033569336,24.000886917114258
2022-06-24,170.08999633789062,368.848388671875,95.55687713623047,81.2699966430664,23.94916343688965
2022-06-27,169.89999389648438,367.439453125,94.74193572998047,82.93000030517578,23.906055450439453
2022-06-28,169.6199951171875,359.931640625,95.18339538574219,84.72000122070312,24.04399299621582
2022-06-29,169.49000549316406,359.6385803222656,96.6690444946289,82.94999694824219,24.181928634643555
2022-06-30,168.4600067138672,356.7167663574219,97.51798248291016,80.3499984741211,24.104337692260742
2022-07-01,168.32000732421875,360.4895935058594,98.5191421508789,81.66999816894531,24.181928634643555
2022-07-05,164.75,361.17041015625,99.29322814941406,74.77999877929688,24.526769638061523
2022-07-06,162.13999938964844,362.3902282714844,97.62600708007812,73.66999816894531,24.638839721679688
2022-07-07,162.22999572753906,367.8177795410156,96.76686096191406,76.55000305175781,24.647462844848633
2022-07-08,162.3000030517578,367.51519775390625,95.69508361816406,78.54000091552734,24.63022232055664
2022-07-11,161.42999267578125,363.3168640136719,97.34529113769531,78.2300033569336,24.914714813232422
2022-07-12,160.8300018310547,360.10186767578125,97.9237289428711,72.80999755859375,24.906091690063477
2022-07-13,161.60000610351562,358.2106628417969,99.0465316772461,73.19000244140625,24.854368209838867
2022-07-14,159.3300018310547,357.3408508300781,98.23843383789062,72.8499984741211,25.02678871154785
2022-07-15,159.00999450683594,364.1678466796875,98.79133605957031,73.73999786376953,24.880229949951172
2022-07-18,159.16000366210938,361.1609802246094,97.7621078491211,76.80999755859375,24.742294311523438
2022-07-19,159.5399932861328,370.919189453125,97.23470306396484,78.05000305175781,24.58711814880371
2022-07-20,158.0399932861328,373.2831726074219,97.48987579345703,77.63999938964844,24.656084060668945
2022-07-21,160.27000427246094,377.0843811035156,99.17412567138672,75.48999786376953,24.58711814880371
2022-07-22,160.6699981689453,373.5857849121094,100.84136199951172,74.52999877929688,24.552631378173828
2022-07-25,160.22999572753906,374.0396423339844,99.85462951660156,76.22000122070312,24.51814842224121
2022-07-26,160.0399932861328,369.6143493652344,99.93121337890625,75.16000366210938,24.707809448242188
2022-07-27,161.6699981689453,379.2119140625,99.36975860595703,77.87000274658203,24.500905990600586
2022-07-28,163.63999938964844,383.9681701660156,100.16084289550781,77.12999725341797,24.483665466308594
2022-07-29,164.10000610351562,389.56591796875,99.88866424560547,78.05000305175781,24.38883399963379
2022-08-01,165.02999877929688,388.4123229980469,102.29431915283203,75.12999725341797,24.294002532958984
2022-08-02,164.0500030517578,385.8498840332031,100.12980651855469,75.93000030517578,24.44917869567871
2022-08-03,164.4499969482422,391.8919982910156,101.70633697509766,73.52999877929688,24.51814842224121
2022-08-04,167.1699981689453,391.62725830078125,101.67222595214844,71.52999877929688,24.36297035217285
2022-08-05,165.2899932861328,390.96533203125,99.25206756591797,71.54000091552734,24.569873809814453
2022-08-08,166.69000244140625,390.511474609375,100.85413360595703,73.54000091552734,24.535388946533203
2022-08-09,167.1999969482422,388.96075439453125,100.46217346191406,73.44999694824219,24.5095272064209
2022-08-10,166.77999877929688,397.1304931640625,99.80596923828125,74.31999969482422,24.24227523803711
2022-08-11,166.33999633789062,397.1304931640625,97.4795913696289,76.27999877929688,24.259517669677734
2022-08-12,167.8699951171875,403.85345458984375,98.46807861328125,74.9800033569336,24.35434913635254
2022-08-15,165.7100067138672,405.5176696777344,98.3829116821289,72.87999725341797,24.569873809814453
2022-08-16,165.4199981689453,406.3119812011719,98.79188537597656,71.23999786376953,24.561254501342773
2022-08-17,164.35000610351562,403.4278869628906,97.76080322265625,72.05000305175781,24.59573745727539
2022-08-18,163.9199981689453,404.6004638671875,97.90563201904297,74.20999908447266,24.785398483276367
2022-08-19,162.72000122070312,399.1634521484375,96.32914733886719,74.05999755859375,24.94057846069336
2022-08-22,161.63999938964844,390.8518981933594,96.00533294677734,74.68000030517578,25.14748191833496
2022-08-23,162.77000427246094,389.9062805175781,95.47696685791016,76.83000183105469,25.044029235839844
2022-08-24,163.25,391.1545104980469,94.77819061279297,78.04000091552734,25.06127166748047
2022-08-25,163.75,396.6766357421875,96.09904479980469,76.5,25.018165588378906
2022-08-26,161.75999450683594,383.2494812011719,96.82339477539062,75.8499984741211,25.11299705505371
2022-08-29,161.86000061035156,380.7153625488281,96.0223388671875,78.69000244140625,25.121618270874023
2022-08-30,160.50999450683594,376.5359191894531,96.26097106933594,75.47000122070312,25.11299705505371
2022-08-31,159.27000427246094,373.6708984375,95.34062194824219,73.11000061035156,25.09575653076172
2022-09-01,157.8699951171875,374.84332275390625,93.5950927734375,70.94999694824219,25.319902420043945
2022-09-02,159.25999450683594,370.8908386230469,94.12458038330078,71.43000030517578,25.328521728515625
2022-09-06,158.3300018310547,369.4914855957031,91.79324340820312,71.41999816894531,25.475078582763672
2022-09-07,159.94000244140625,376.1293029785156,93.24498748779297,67.62000274658203,25.29404067993164
2022-09-08,158.97999572753906,378.5878601074219,92.28854370117188,68.08999633789062,25.345762252807617
2022-09-09,159.82000732421875,384.4692077636719,92.49347686767578,71.0999984741211,25.164724349975586
2022-09-12,160.6300048828125,388.6014404296875,91.73342895507812,72.37000274658203,25.035409927368164
2022-09-13,158.5399932861328,371.7041015625,91.94695281982422,72.01000213623047,25.3802490234375
2022-09-14,157.92999267578125,373.1224060058594,92.2629165649414,72.7300033569336,25.328521728515625
2022-09-15,154.97999572753906,368.88623046875,92.20315551757812,69.76000213623047,25.345762252807617
2022-09-16,155.83999633789062,366.07208251953125,91.4345703125,69.9000015258789,25.345762252807617
2022-09-19,155.9600067138672,368.910888671875,91.64803314208984,70.05000305175781,25.328521728515625
2022-09-20,155.07000732421875,364.6763610839844,90.73429107666016,69.22000122070312,25.449216842651367
2022-09-21,155.7899932861328,358.31500244140625,92.2543716430664,68.68000030517578,25.6992244720459
2022-09-22,155.6999969482422,355.3052673339844,89.89741516113281,68.97000122070312,25.73371124267578
2022-09-23,153.00999450683594,349.3521728515625,90.26463317871094,65.31999969482422,26.138896942138672
2022-09-26,151.22999572753906,345.8961486816406,88.53962707519531,63.20000076293945,26.432010650634766
2022-09-27,151.5399932861328,345.0130920410156,86.20825958251953,64.41999816894531,26.44063377380371
2022-09-28,154.69000244140625,351.8017578125,89.09468078613281,67.12999725341797,26.095794677734375
2022-09-29,154.66000366210938,344.4529724121094,88.63358306884766,66.7699966430664,25.992338180541992
2022-09-30,154.6699981689453,339.1264953613281,87.4892349243164,65.27999877929688,25.992338180541992
2022-10-03,158.42999267578125,348.079833984375,88.87940979003906,67.88999938964844,25.871646881103516
2022-10-04,160.6999969482422,358.8656311035156,88.63114166259766,70.27999877929688,25.518184661865234
2022-10-05,159.80999755859375,358.0301513671875,87.78368377685547,71.94000244140625,25.759572982788086
2022-10-06,159.6300048828125,354.3367919921875,87.2957534790039,72.98999786376953,26.018203735351562
2022-10-07,157.8800048828125,344.4529724121094,86.44830322265625,75.0999984741211,26.121654510498047
2022-10-10,155.47999572753906,341.82293701171875,85.10440063476562,73.77999877929688,26.23373031616211
2022-10-11,155.16000366210938,339.65826416015625,85.48102569580078,71.75,26.2509708404541
2022-10-12,155.99000549316406,338.5378112792969,85.90045928955078,70.93000030517578,26.2509708404541
2022-10-13,154.91000366210938,347.4721984863281,85.0787124633789,72.5199966430664,26.078550338745117
2022-10-14,152.97999572753906,339.55377197265625,84.37679290771484,70.16999816894531,26.25959014892578
2022-10-17,153.4199981689453,348.2793273925781,83.96589660644531,70.12999725341797,25.992338180541992
2022-10-18,153.75,352.37139892578125,84.16277313232422,68.69999694824219,25.97509765625
2022-10-19,151.69000244140625,349.8743591308594,82.6304931640625,70.04000091552734,26.164762496948242
2022-10-20,151.4499969482422,346.94049072265625,81.21810150146484,70.18000030517578,26.182003021240234
2022-10-21,154.14999389648438,355.3717346191406,79.75431060791016,70.56999969482422,25.957855224609375
2022-10-24,153.64999389648438,359.72021484375,79.09519958496094,70.37999725341797,25.983718872070312
2022-10-25,154.0,365.4643859863281,81.39786529541016,70.61000061035156,25.6992244720459
2022-10-26,154.97999572753906,362.7109680175781,82.5705795288086,72.97000122070312,25.431976318359375
2022-10-27,154.74000549316406,360.77410888671875,83.4351577758789,73.62000274658203,25.630258560180664
2022-10-28,153.16000366210938,369.3571472167969,82.86164093017578,72.81999969482422,25.673364639282227
2022-10-31,151.91000366210938,366.6891784667969,82.27096557617188,71.52999877929688,25.888887405395508
2022-11-01,153.4600067138672,365.0846252441406,83.03987121582031,73.12000274658203,25.880268096923828
2022-11-02,152.38999938964844,355.92236328125,82.67948913574219,74.08000183105469,25.992338180541992
2022-11-03,151.80999755859375,352.257568359375,82.23322296142578,73.29000091552734,26.207866668701172
2022-11-04,156.47000122070312,357.32757568359375,80.85167694091797,76.81999969482422,25.716468811035156
2022-11-07,155.85000610351562,360.74566650390625,80.0450439453125,76.55999755859375,25.56991195678711
2022-11-08,159.4499969482422,362.6920471191406,80.92030334472656,74.47000122070312,25.457839965820312
2022-11-09,158.64999389648438,355.2198181152344,81.18634033203125,71.66999816894531,25.64750099182129
2022-11-10,163.47999572753906,374.74053955078125,84.30989837646484,72.23999786376953,25.06127166748047
2022-11-11,164.55999755859375,378.3675842285156,84.00096893310547,74.37999725341797,24.699188232421875
2022-11-14,164.9199981689453,375.14886474609375,83.7950210571289,71.91000366210938,24.811262130737305
2022-11-15,165.5,378.3485107421875,85.15083312988281,73.25,24.725053787231445
2022-11-16,165.1199951171875,375.4621887207031,87.01292419433594,72.04000091552734,24.67332649230957
2022-11-17,163.9199981689453,374.3133239746094,86.09475708007812,70.13999938964844,24.768156051635742
2022-11-18,162.7899932861328,376.01287841796875,85.50267028808594,69.02999877929688,24.837125778198242
2022-11-21,161.8800048828125,374.6455993652344,85.86305236816406,69.02999877929688,25.052648544311523
2022-11-22,162.07000732421875,379.6872253417969,87.08161926269531,69.9800033569336,24.897470474243164
2022-11-23,163.0800018310547,382.079833984375,88.60044860839844,67.41000366210938,24.638839721679688
2022-11-25,163.22000122070312,381.9944152832031,88.30012512207031,66.95999908447266,24.638839721679688
2022-11-28,161.92999267578125,375.8988952636719,88.54895782470703,66.87999725341797,24.819887161254883
2022-11-29,162.72999572753906,375.2533264160156,87.5106430053711,68.33999633789062,24.86298942565918
2022-11-30,164.80999755859375,387.07403564453125,88.15423583984375,70.2300033569336,24.664705276489258
2022-12-01,167.83999633789062,386.7891845703125,90.97039794921875,70.44999694824219,24.36297035217285
2022-12-02,167.25999450683594,386.3428955078125,92.11441802978516,69.83999633789062,24.337106704711914
2022-12-05,164.38999938964844,379.3929138183594,90.82418823242188,67.72000122070312,24.535388946533203
2022-12-06,164.83999633789062,373.924072265625,91.99398803710938,65.2300033569336,24.552631378173828
2022-12-07,166.3300018310547,373.28790283203125,94.16157531738281,63.650001525878906,24.475040435791016
2022-12-08,166.47000122070312,376.2121887207031,93.90353393554688,62.709999084472656,24.39745330810547
2022-12-09,167.05999755859375,373.40179443359375,91.46070098876953,62.849998474121094,24.44917869567871
2022-12-12,165.67999267578125,378.7852478027344,91.7531509399414,64.41000366210938,24.46642303466797
2022-12-13,168.50999450683594,381.6526184082031,92.63912963867188,65.86000061035156,24.250896453857422
2022-12-14,168.10000610351562,379.2124938964844,93.0347671508789,67.36000061035156,24.138822555541992
2022-12-15,165.35000610351562,369.9363098144531,93.39775848388672,66.1500015258789,24.36297035217285
2022-12-16,166.7899932861328,365.5688171386719,92.35448455810547,64.9000015258789,24.40607452392578
2022-12-19,166.32000732421875,362.4689025878906,90.80242919921875,66.06999969482422,24.412160873413086
2022-12-20,169.0800018310547,362.96490478515625,89.19007873535156,66.22000122070312,24.246919631958008
2022-12-21,168.8000030517578,368.39215087890625,89.41424560546875,68.05999755859375,24.30780029296875
2022-12-22,166.75999450683594,363.1365661621094,89.39700317382812,67.69999694824219,24.342586517333984
2022-12-23,167.25999450683594,365.22540283203125,88.0864028930664,69.31999969482422,24.333890914916992
2022-12-27,168.6699981689453,363.7851867675781,86.34466552734375,69.52999877929688,24.325193405151367
2022-12-28,167.91000366210938,359.2641296386719,85.83594512939453,68.58000183105469,24.412160873413086
2022-12-29,168.85000610351562,365.73101806640625,86.81028747558594,68.52999877929688,24.26431655883789
2022-12-30,169.63999938964844,364.767578125,85.84455871582031,70.11000061035156,24.18604278564453
2023-01-03,171.05999755859375,363.23193359375,87.48280334472656,67.63999938964844,24.446949005126953
2023-01-04,172.6699981689453,366.0362243652344,88.68132781982422,64.30000305175781,24.359981536865234
2023-01-05,170.52000427246094,361.85845947265625,89.05207824707031,64.77999877929688,24.58609962463379
2023-01-06,173.7100067138672,370.15667724609375,90.69033813476562,64.83000183105469,24.26431655883789
2023-01-09,174.10000610351562,369.94683837890625,91.17321014404297,65.87999725341797,24.116466522216797
2023-01-10,174.74000549316406,372.5411682128906,89.664306640625,65.9000015258789,24.133859634399414
2023-01-11,174.6199951171875,377.2530822753906,91.12145233154297,68.05000305175781,24.133859634399414
2023-01-12,176.63999938964844,378.6265869140625,92.91493225097656,68.61000061035156,23.899045944213867
2023-01-13,178.75999450683594,380.0954284667969,92.04408264160156,70.05000305175781,23.890348434448242
2023-01-17,177.58999633789062,379.39910888671875,91.44910430908203,70.86000061035156,23.959922790527344
2023-01-18,177.0800018310547,373.4091796875,93.66505432128906,69.51000213623047,23.959922790527344
2023-01-19,179.88999938964844,370.69085693359375,93.07875061035156,70.58999633789062,23.899045944213867
2023-01-20,179.2899932861328,377.5964660644531,91.56983947753906,71.55000305175781,23.864259719848633
2023-01-23,179.6300048828125,382.1270751953125,91.13871765136719,71.5,23.899045944213867
2023-01-24,180.27999877929688,381.71697998046875,92.44929504394531,70.22000122070312,23.872955322265625
2023-01-25,181.11000061035156,381.8599548339844,92.67351531982422,70.51000213623047,23.79468536376953
2023-01-26,179.47000122070312,386.0567321777344,92.24240112304688,70.93000030517578,23.855562210083008
2023-01-27,179.22000122070312,386.94384765625,92.00956726074219,69.5,23.890348434448242
2023-01-30,178.75999450683594,382.0888671875,91.67329406738281,68.0999984741211,23.977317810058594
2023-01-31,179.41000366210938,387.70684814453125,92.40621185302734,69.31999969482422,23.92513656616211
2023-02-01,181.6699981689453,391.8273620605469,93.51704406738281,67.36000061035156,23.699018478393555
2023-02-02,177.89999389648438,397.5311584472656,93.6380386352539,66.56999969482422,23.855562210083008
2023-02-03,173.4600067138672,393.30584716796875,92.23761749267578,64.4000015258789,24.168651580810547
2023-02-06,173.82000732421875,390.90216064453125,91.55474090576172,65.5,24.30780029296875
2023-02-07,173.97999572753906,396.01470947265625,90.8199234008789,67.76000213623047,24.26431655883789
2023-02-08,174.41000366210938,391.68426513671875,91.25215148925781,68.68000030517578,24.2904052734375
2023-02-09,173.02999877929688,388.28863525390625,90.38768005371094,67.91999816894531,24.255617141723633
2023-02-10,173.36000061035156,389.19482421875,89.37627410888672,69.87000274658203,24.333890914916992
2023-02-13,172.47999572753906,393.7635498046875,90.12834930419922,69.5,24.26431655883789
2023-02-14,172.61000061035156,393.5824279785156,89.9208984375,69.4000015258789,24.246919631958008
2023-02-15,170.88999938964844,394.8604736328125,89.08238983154297,69.0199966430664,24.412160873413086
2023-02-16,170.75,389.42376708984375,87.82029724121094,68.44999694824219,24.446949005126953
2023-02-17,171.25999450683594,388.45086669921875,88.50318908691406,67.0199966430664,24.429555892944336
2023-02-21,170.6199951171875,380.6581726074219,86.78291320800781,66.69000244140625,24.507827758789062
2023-02-22,169.66000366210938,380.13360595703125,87.57820892333984,64.91999816894531,24.58609962463379
2023-02-23,169.57000732421875,382.15570068359375,88.43403625488281,66.37999725341797,24.594797134399414
2023-02-24,168.35000610351562,378.07330322265625,87.28429412841797,67.0999984741211,24.77743148803711
2023-02-27,169.00999450683594,379.3609924316406,87.52635955810547,66.25,24.64698028564453
2023-02-28,169.77999877929688,377.9588623046875,87.92400360107422,67.20999908447266,24.716552734375
2023-03-01,170.75999450683594,376.5090637207031,86.97940063476562,68.06999969482422,24.58609962463379
2023-03-02,170.66000366210938,379.4372863769531,86.2081527709961,68.30000305175781,24.716552734375
2023-03-03,172.49000549316406,385.5226745605469,88.296630859375,69.86000061035156,24.620887756347656
2023-03-06,171.6199951171875,385.7896728515625,87.61202239990234,70.48999786376953,24.58609962463379
2023-03-07,168.6199951171875,379.87603759765625,88.14933776855469,67.8499984741211,24.890491485595703
2023-03-08,168.5399932861328,380.4960632324219,88.23596954345703,67.0999984741211,24.881793975830078
2023-03-09,170.1999969482422,373.4759826660156,88.45263671875,66.23999786376953,24.812219619750977
2023-03-10,173.8699951171875,368.0868835449219,91.50298309326172,67.13999938964844,24.655675888061523
2023-03-13,177.86000061035156,367.5622863769531,91.71098327636719,65.25,24.429555892944336
2023-03-14,176.8300018310547,373.6381530761719,90.203125,62.93000030517578,24.429555892944336
2023-03-15,178.2100067138672,371.3012390136719,91.9449691772461,60.02000045776367,24.690462112426758
2023-03-16,178.57000732421875,377.81573486328125,91.2256851196289,60.04999923706055,24.664371490478516
2023-03-17,183.77000427246094,373.39813232421875,92.59490203857422,58.65999984741211,24.525222778320312
2023-03-20,183.83999633789062,376.9885559082031,91.78030395507812,59.790000915527344,24.386070251464844
2023-03-21,180.3699951171875,381.9385986328125,90.99173736572266,61.22999954223633,24.377376556396484
2023-03-22,183.44000244140625,375.427978515625,92.20496368408203,61.61000061035156,24.194740295410156
2023-03-23,185.74000549316406,376.44281005859375,92.20496368408203,60.9900016784668,24.22952651977539
2023-03-24,183.64999389648438,378.9130859375,92.59490203857422,60.959999084472656,24.377376556396484
2023-03-27,181.9499969482422,379.62158203125,90.41976928710938,64.1500015258789,24.299102783203125
2023-03-28,183.44000244140625,378.7694396972656,90.58441162109375,64.55000305175781,24.212133407592773
2023-03-29,182.52999877929688,384.2748107910156,90.40243530273438,64.1500015258789,24.273012161254883
2023-03-30,184.17999267578125,386.52490234375,90.81839752197266,65.31999969482422,24.15995216369629
2023-03-31,183.22000122070312,391.9727783203125,92.17896270751953,66.44000244140625,24.246919631958008
2023-04-03,184.5399932861328,393.4664001464844,92.61248016357422,70.2699966430664,24.133859634399414
2023-04-04,187.97999572753906,391.28338623046875,93.07292938232422,70.2699966430664,24.03819465637207
2023-04-05,187.8300018310547,390.2589416503906,94.04597473144531,70.23999786376953,24.107770919799805
2023-04-06,186.49000549316406,391.78131103515625,94.28921508789062,70.26000213623047,24.125164031982422
2023-04-10,185.11000061035156,392.1833801269531,92.76885223388672,69.76000213623047,24.26431655883789
2023-04-11,186.27999877929688,392.2887268066406,92.95999908447266,71.06999969482422,24.17734718322754
2023-04-12,187.19000244140625,390.6897277832031,92.86441040039062,72.43000030517578,24.046892166137695
2023-04-13,189.72000122070312,395.8791809082031,92.1346435546875,71.80000305175781,23.9338321685791
2023-04-14,186.36000061035156,394.912109375,91.29191589355469,72.08999633789062,24.07298469543457
2023-04-17,185.52999877929688,396.3292236328125,90.20594024658203,70.83999633789062,24.194740295410156
2023-04-18,186.25,396.58770751953125,90.52738189697266,70.7300033569336,24.107770919799805
2023-04-19,185.36000061035156,396.5207214355469,90.44051361083984,69.30000305175781,24.15995216369629
2023-04-20,186.08999633789062,394.35687255859375,91.21371459960938,67.5999984741211,24.15995216369629
2023-04-21,184.25,394.6632385253906,90.7011489868164,68.20999908447266,24.133859634399414
2023-04-24,184.80999755859375,395.07489013671875,91.57862091064453,69.25,24.05558967590332
2023-04-25,185.75,388.8036193847656,92.92523956298828,67.62000274658203,24.168651580810547
2023-04-26,184.74000549316406,387.15679931640625,91.93480682373047,65.36000061035156,24.090377807617188
2023-04-27,184.75,394.8642883300781,91.02259063720703,65.80999755859375,24.09907341003418
2023-04-28,184.8000030517578,398.23455810546875,92.49085235595703,67.5,24.133859634399414
2023-05-01,183.97000122070312,397.8324279785156,89.82390594482422,66.55000305175781,24.255617141723633
2023-05-02,187.52000427246094,393.3610534667969,92.06230163574219,63.04999923706055,24.194740295410156
2023-05-03,189.11000061035156,390.6610412597656,92.57621002197266,60.310001373291016,24.064287185668945
2023-05-04,190.44000244140625,387.8940124511719,91.66167449951172,60.70000076293945,24.090377807617188
2023-05-05,187.4600067138672,395.07489013671875,91.35684967041016,63.029998779296875,24.05558967590332
2023-05-08,187.69000244140625,395.18017578125,90.07649230957031,64.26000213623047,24.090377807617188
2023-05-09,189.02000427246094,393.4472351074219,89.7542495727539,64.87000274658203,24.168651580810547
2023-05-10,188.75,395.2856140136719,90.62519073486328,64.38999938964844,24.125164031982422
2023-05-11,187.1300048828125,394.59625244140625,91.58328247070312,63.25,24.281709671020508
2023-05-12,186.80999755859375,394.0791320800781,90.8167953491211,62.06999969482422,24.43825340270996
2023-05-15,187.2100067138672,395.43878173828125,89.87616729736328,62.9900016784668,24.36867904663086
2023-05-16,184.8699951171875,392.796142578125,89.60617065429688,62.540000915527344,24.429555892944336
2023-05-17,184.22999572753906,397.56427001953125,89.3448715209961,64.5999984741211,24.473039627075195
2023-05-18,181.83999633789062,401.3941650390625,88.68290710449219,64.04000091552734,24.655675888061523
2023-05-19,183.63999938964844,400.81011962890625,88.05581665039062,63.900001525878906,24.58609962463379
2023-05-22,183.2100067138672,400.9728698730469,87.74223327636719,63.90999984741211,24.603492736816406
2023-05-23,183.42999267578125,396.4728088378906,87.99484252929688,64.87000274658203,24.67306900024414
2023-05-24,181.9499969482422,393.6004333496094,87.55936431884766,65.66000366210938,24.76003646850586
2023-05-25,180.1999969482422,397.00897216796875,87.34162902832031,64.08999633789062,24.873096466064453
2023-05-26,180.9199981689453,402.15057373046875,88.0470962524414,64.80000305175781,24.86440086364746
2023-05-30,182.0399932861328,402.3037414550781,88.92681884765625,62.29999923706055,24.83831024169922
2023-05-31,182.32000732421875,400.0729064941406,89.70194244384766,60.630001068115234,24.881793975830078
2023-06-01,183.75999450683594,403.8739318847656,90.05392456054688,62.54999923706055,24.58609962463379
2023-06-02,181.0500030517578,409.7144470214844,89.06709289550781,64.1500015258789,24.847007751464844
2023-06-05,182.13999938964844,408.9293212890625,88.90116119384766,64.02999877929688,24.80352210998535
2023-06-06,182.33999633789062,409.81976318359375,89.4251480102539,63.790000915527344,24.881793975830078
2023-06-07,180.14999389648438,408.4026794433594,88.09772491455078,64.70999908447266,24.890491485595703
2023-06-08,182.52999877929688,410.87298583984375,89.12820434570312,63.459999084472656,24.690462112426758
2023-06-09,182.0399932861328,411.6101989746094,89.00597381591797,62.93000030517578,24.768733978271484
2023-06-12,181.8800048828125,415.34429931640625,89.26792907714844,60.2400016784668,24.77743148803711
2023-06-13,180.5399932861328,418.0825500488281,88.38593292236328,62.13999938964844,24.69915771484375
2023-06-14,180.63999938964844,418.5804443359375,89.0932846069336,61.83000183105469,24.577404022216797
2023-06-15,181.91000366210938,423.7698669433594,89.9491195678711,63.40999984741211,24.43825340270996
2023-06-16,181.6300048828125,422.3264465332031,89.59980773925781,64.3499984741211,24.481735229492188
2023-06-20,179.75,420.13531494140625,90.2198257446289,63.91999816894531,24.551313400268555
2023-06-21,179.49000549316406,417.9826965332031,90.43815612792969,65.04000091552734,24.43825340270996
2023-06-22,177.7100067138672,419.491455078125,89.3465347290039,62.52000045776367,24.525222778320312
2023-06-23,178.1999969482422,416.320068359375,90.23731994628906,62.41999816894531,24.655675888061523
2023-06-26,178.50999450683594,414.6191101074219,90.3333740234375,62.72999954223633,24.62958335876465
2023-06-27,177.69000244140625,419.1647644042969,90.09756469726562,61.29999923706055,24.568706512451172
2023-06-28,177.27999877929688,419.3760986328125,90.48179626464844,62.52000045776367,24.681764602661133
2023-06-29,177.08999633789062,421.0290832519531,88.8487319946289,62.959999084472656,24.7861270904541
2023-06-30,178.27000427246094,425.9975280761719,89.89672088623047,63.54999923706055,24.681764602661133
2023-07-03,178.47000122070312,426.4876708984375,89.38709259033203,63.38999938964844,24.707857131958008
2023-07-05,177.83999633789062,425.8533020019531,88.5376968383789,64.62999725341797,24.8209171295166
2023-07-06,177.30999755859375,422.5185852050781,87.28551483154297,64.44000244140625,24.76003646850586
2023-07-07,178.63999938964844,421.451904296875,86.76010131835938,65.8499984741211,24.551313400268555
2023-07-10,178.77999877929688,422.5185852050781,86.87393951416016,65.54000091552734,24.490434646606445
2023-07-11,179.4499969482422,425.20947265625,87.32051086425781,67.02999877929688,24.429555892944336
2023-07-12,181.8800048828125,428.63067626953125,88.29252624511719,67.87000274658203,24.142559051513672
2023-07-13,182.00999450683594,432.03265380859375,89.22073364257812,69.08999633789062,23.977317810058594
2023-07-14,181.42999267578125,431.7635803222656,88.6952896118164,67.47000122070312,24.020803451538086
2023-07-17,181.55999755859375,433.2627258300781,88.73910522460938,66.58000183105469,23.994712829589844
2023-07-18,183.63999938964844,436.48211669921875,89.14191436767578,67.95999908447266,24.01210594177246
2023-07-19,183.6699981689453,437.4527282714844,90.14888763427734,67.69000244140625,24.107770919799805
2023-07-20,182.74000549316406,434.55047607421875,89.0543212890625,68.05000305175781,24.246919631958008
2023-07-21,182.17999267578125,434.55047607421875,89.08059692382812,68.98999786376953,24.31649398803711
2023-07-24,181.39999389648438,436.49176025390625,88.7566146850586,70.69000244140625,24.40346336364746
2023-07-25,182.41000366210938,437.68341064453125,88.59024047851562,71.16000366210938,24.377376556396484
2023-07-26,183.3000030517578,437.75067138671875,88.67781066894531,70.66000366210938,24.30780029296875
2023-07-27,180.4199981689453,434.848388671875,86.95275115966797,71.43000030517578,24.533918380737305
2023-07-28,181.86000061035156,439.1057434082031,87.39932250976562,72.08999633789062,24.499130249023438
2023-07-31,182.35000610351562,439.9418029785156,87.60951232910156,73.16999816894531,24.542613983154297
2023-08-01,180.4600067138672,438.682861328125,86.17385864257812,72.95999908447266,24.655675888061523
2023-08-02,179.60000610351562,432.5804443359375,85.25187683105469,71.4800033569336,24.742645263671875
2023-08-03,179.5399932861328,431.3406982421875,83.28498840332031,73.13999938964844,24.725250244140625
2023-08-04,180.19000244140625,429.3898620605469,84.76017761230469,73.79000091552734,24.603492736816406
2023-08-07,179.77999877929688,433.1377868652344,83.92601013183594,73.81999969482422,24.620887756347656
2023-08-08,178.63999938964844,431.25421142578125,84.90062713623047,74.05999755859375,24.73394775390625
2023-08-09,177.7899932861328,428.3711853027344,85.33966064453125,75.0999984741211,24.751340866088867
2023-08-10,177.60000610351562,428.52490234375,83.93477630615234,74.19999694824219,24.794824600219727
2023-08-11,177.60000610351562,428.27508544921875,83.74162292480469,74.25,24.847007751464844
2023-08-14,177.05999755859375,430.63916015625,83.55721282958984,73.80999755859375,24.933977127075195
2023-08-15,176.58999633789062,425.6227111816406,83.04792022705078,72.62000274658203,24.942672729492188
2023-08-16,175.57000732421875,422.49945068359375,82.39812469482422,71.37000274658203,25.01224708557129
2023-08-17,175.3000030517578,419.280029296875,82.04692077636719,71.9800033569336,25.003551483154297
2023-08-18,175.3300018310547,419.4818115234375,82.336669921875,72.79000091552734,25.020946502685547
2023-08-21,175.80999755859375,422.2110900878906,81.23908996582031,72.58000183105469,24.994853973388672
2023-08-22,176.10000610351562,421.0675354003906,81.86255645751953,72.27999877929688,25.081823348999023
2023-08-23,177.88999938964844,425.7572326660156,83.89088439941406,71.36000061035156,24.994853973388672
2023-08-24,177.85000610351562,419.8566589355469,83.33769226074219,71.41000366210938,25.194881439208984
2023-08-25,177.6199951171875,422.8165588378906,83.60987091064453,72.44999694824219,25.22966766357422
2023-08-28,178.1300048828125,425.4977722167969,83.69769287109375,72.41000366210938,25.18618392944336
2023-08-29,179.8699951171875,431.6482849121094,84.56697082519531,73.31999969482422,25.047033309936523
2023-08-30,180.32000732421875,433.4261169433594,84.47917938232422,73.66000366210938,25.003551483154297
2023-08-31,180.02000427246094,432.7919006347656,84.85674285888672,75.05999755859375,25.125307083129883
2023-09-01,180.11000061035156,433.59906005859375,83.53482055664062,76.91999816894531,25.281850814819336
2023-09-05,178.63999938964844,431.72509765625,82.36344909667969,77.76000213623047,25.412303924560547
2023-09-06,177.8300018310547,428.8228454589844,82.5660400390625,78.5199966430664,25.42099952697754
2023-09-07,178.02000427246094,427.50634765625,82.7950210571289,77.94999694824219,25.48187828063965
2023-09-08,178.0800018310547,428.1501770019531,83.112060546875,78.30000305175781,25.507970809936523
2023-09-11,178.41000366210938,430.9659118652344,82.51319885253906,78.37000274658203,25.386213302612305
2023-09-12,177.49000549316406,428.601806640625,82.9887466430664,79.69999694824219,25.429697036743164
2023-09-13,177.0800018310547,429.1015930175781,82.97114562988281,79.68000030517578,25.447092056274414
2023-09-14,177.1699981689453,432.8014831542969,82.37228393554688,81.12000274658203,25.603635787963867
2023-09-15,178.33999633789062,427.5869140625,81.87028503417969,81.29000091552734,25.58624267578125
2023-09-18,179.38999938964844,427.8376770019531,82.3370590209961,81.44999694824219,25.542757034301758
2023-09-19,179.22000122070312,426.95037841796875,81.72936248779297,81.5,25.560152053833008
2023-09-20,179.35000610351562,423.02532958984375,81.98477172851562,80.13999938964844,25.603635787963867
2023-09-21,178.0500030517578,416.0334167480469,79.87989807128906,80.41000366210938,25.621028900146484
2023-09-22,178.6199951171875,415.09796142578125,80.52279663085938,80.62999725341797,25.681909561157227
2023-09-25,177.6999969482422,416.843505859375,78.54119873046875,80.38999938964844,25.77757453918457
2023-09-26,176.27999877929688,410.7195129394531,78.2682113647461,80.87999725341797,25.855844497680664
2023-09-27,174.10000610351562,410.88348388671875,77.86308288574219,82.9000015258789,25.977602005004883
2023-09-28,173.22999572753906,413.26556396484375,78.10087585449219,81.56999969482422,25.838451385498047
2023-09-29,171.4499969482422,412.2625732421875,78.10967254638672,80.86000061035156,25.855844497680664
2023-10-02,169.64999389648438,412.0986328125,76.80209350585938,79.38999938964844,26.055871963500977
2023-10-03,169.16000366210938,406.582275390625,75.14994812011719,79.93000030517578,26.08196258544922
2023-10-04,169.13999938964844,409.5429992675781,76.21017456054688,75.58999633789062,26.003692626953125
2023-10-05,168.8300018310547,409.388671875,75.83023071289062,73.98999786376953,25.916723251342773
2023-10-06,169.6999969482422,414.2492980957031,74.91143798828125,74.16000366210938,25.86454200744629
2023-10-09,172.82000732421875,416.9013977050781,76.66958618164062,77.12999725341797,25.855844497680664
2023-10-10,172.52999877929688,419.0713195800781,76.56356048583984,76.70999908447266,25.794965744018555
2023-10-11,173.7899932861328,420.7878723144531,78.16268157958984,75.66999816894531,25.794965744018555
2023-10-12,173.25999450683594,418.2225036621094,76.04229736328125,75.41999816894531,26.012388229370117
2023-10-13,178.8300018310547,416.1394958496094,77.40287780761719,78.98999786376953,26.02978515625
2023-10-16,177.9600067138672,420.51788330078125,76.15715789794922,78.38999938964844,25.916723251342773
2023-10-17,178.2899932861328,420.49853515625,75.31782531738281,78.80000305175781,25.925418853759766
2023-10-18,180.8699951171875,414.8953552246094,74.65520477294922,79.83999633789062,26.021085739135742
2023-10-19,183.08999633789062,411.24993896484375,73.12674713134766,81.68000030517578,25.942813873291016
2023-10-20,183.58999633789062,406.1965026855469,73.5419921875,80.69999694824219,25.95151138305664
2023-10-23,182.97000122070312,405.49249267578125,74.42548370361328,78.88999938964844,25.82105827331543
2023-10-24,182.9499969482422,408.5496826171875,75.40618896484375,76.93000030517578,25.96890640258789
2023-10-25,183.72000122070312,402.6860656738281,73.72754669189453,78.45999908447266,26.038480758666992
2023-10-26,184.00999450683594,397.8640441894531,74.85842895507812,76.88999938964844,26.09935760498047
2023-10-27,186.14999389648438,396.0606689453125,74.54036712646484,78.36000061035156,26.064571380615234
2023-10-30,185.10000610351562,400.7958068847656,74.20462799072266,76.05000305175781,25.960208892822266
2023-10-31,184.08999633789062,403.3129577636719,73.8424072265625,75.0199966430664,26.11675262451172
2023-11-01,183.50999450683594,407.6141662597656,75.44343566894531,74.75,26.125450134277344
2023-11-02,184.1199951171875,415.4258117675781,77.16331481933594,76.18000030517578,25.994993209838867
2023-11-03,184.7899932861328,419.2159118652344,77.68638610839844,74.8499984741211,25.751483917236328
2023-11-06,183.35000610351562,420.1803283691406,76.93284606933594,74.91000366210938,25.77757453918457
2023-11-07,182.58999633789062,421.37615966796875,78.06759643554688,71.80000305175781,25.86454200744629
2023-11-08,180.77000427246094,421.6847839355469,79.39739227294922,70.19000244140625,25.855844497680664
2023-11-09,181.49000549316406,418.39617919921875,77.57115173339844,70.25,25.96890640258789
2023-11-10,179.50999450683594,424.9251708984375,78.0054931640625,71.79000091552734,25.95151138305664
2023-11-13,180.50999450683594,424.5201110839844,77.82820892333984,72.91999816894531,25.916723251342773
2023-11-14,182.1199951171875,432.75616455078125,79.59241485595703,72.69000244140625,25.507970809936523
2023-11-15,181.63999938964844,433.6722717285156,78.47537994384766,71.33999633789062,25.603635787963867
2023-11-16,183.69000244140625,434.2027587890625,79.45056915283203,68.05000305175781,25.621028900146484
2023-11-17,183.6699981689453,434.7427978515625,79.82290649414062,70.75,25.48187828063965
2023-11-20,183.3699951171875,438.0893249511719,80.31051635742188,72.30000305175781,25.403608322143555
2023-11-21,185.35000610351562,437.1345520019531,80.27503967285156,72.52999877929688,25.429697036743164
2023-11-22,184.55999755859375,438.82220458984375,80.55874633789062,71.61000061035156,25.516666412353516
2023-11-24,185.52000427246094,439.0921936035156,79.61014556884766,70.81999969482422,25.403608322143555
2023-11-27,186.77000427246094,438.3014221191406,80.93994903564453,69.95999908447266,25.351425170898438
2023-11-28,189.25999450683594,438.73541259765625,81.0995101928711,71.26000213623047,25.264455795288086
2023-11-29,189.5399932861328,438.4267578125,82.1189956665039,72.5199966430664,25.29054832458496
2023-11-30,188.75,440.1531066894531,81.17042541503906,70.13999938964844,25.473182678222656
2023-12-01,192.00999450683594,442.7569885253906,82.69920349121094,69.23999786376953,25.39491081237793
2023-12-04,187.86000061035156,440.43280029296875,82.37018585205078,68.47000122070312,25.507970809936523
2023-12-05,187.14999389648438,440.34600830078125,84.13990783691406,67.58000183105469,25.603635787963867
2023-12-06,187.83999633789062,438.57147216796875,85.26049041748047,64.76000213623047,25.664514541625977
2023-12-07,188.14999389648438,441.9179382324219,84.7713623046875,65.11000061035156,25.52536392211914
2023-12-08,185.63999938964844,443.81781005859375,84.07765197753906,66.52999877929688,25.621028900146484
2023-12-11,183.58999633789062,445.5440979003906,83.89979553222656,66.80000305175781,25.65581703186035
2023-12-12,183.49000549316406,447.5789489746094,84.14879608154297,64.25,25.58624267578125
2023-12-13,187.6300048828125,453.75115966796875,86.12310791015625,65.33000183105469,25.368820190429688
2023-12-14,188.72999572753906,455.20745849609375,88.36344146728516,67.16000366210938,25.134002685546875
2023-12-15,187.0,454.4579162597656,88.46157836914062,67.1500015258789,25.299243927001953
2023-12-18,187.85000610351562,457.0142517089844,87.75674438476562,68.08999633789062,25.295543670654297
2023-12-19,189.1300048828125,459.7933349609375,88.22962188720703,69.36000061035156,25.18451690673828
2023-12-20,188.10000610351562,453.42181396484375,88.82740020751953,68.79000091552734,25.295543670654297
2023-12-21,189.42999267578125,457.7211608886719,88.26532745361328,69.02999877929688,25.129003524780273
2023-12-22,190.27000427246094,458.6409912109375,87.86383056640625,68.69000244140625,25.1197509765625
2023-12-26,191.72000122070312,460.57763671875,88.1136245727539,70.20999908447266,25.064237594604492
2023-12-27,192.58999633789062,461.4103698730469,89.67499542236328,68.91999816894531,24.934709548950195
2023-12-28,191.47000122070312,461.584716796875,89.02366638183594,67.18000030517578,25.01797866821289
2023-12-29,191.1699981689453,460.2484130859375,88.2206802368164,66.6500015258789,25.064237594604492
2024-01-02,190.72000122070312,457.6726989746094,87.712158203125,65.7699966430664,25.27703857421875
2024-01-03,189.1300048828125,453.93499755859375,88.07794952392578,68.19000244140625,25.360309600830078
2024-01-04,189.32000732421875,452.472900390625,86.73963928222656,67.56999969482422,25.360309600830078
2024-01-05,189.35000610351562,453.09259033203125,85.909912109375,69.02999877929688,25.360309600830078
2024-01-08,187.8699951171875,459.5609130859375,86.75748443603516,66.4000015258789,25.314048767089844
2024-01-09,187.92999267578125,458.86370849609375,86.20433807373047,67.38999938964844,25.39731788635254
2024-01-10,187.5,461.4588317871094,85.80284118652344,66.55999755859375,25.351057052612305
2024-01-11,187.8699951171875,461.2554931640625,86.28462219238281,67.6500015258789,25.36956024169922
2024-01-12,189.7100067138672,461.5750427246094,86.11509704589844,68.0199966430664,25.39731788635254
2024-01-16,187.91000366210938,459.88043212890625,84.59837341308594,67.25,25.61937141418457
2024-01-17,185.83999633789062,457.3241271972656,84.46452331542969,67.94000244140625,25.637874603271484
2024-01-18,187.3699951171875,461.3909912109375,83.67939758300781,69.05999755859375,25.665632247924805
2024-01-19,187.92999267578125,467.1427917480469,83.94703674316406,68.81999969482422,25.628623962402344
2024-01-22,187.22000122070312,468.1305236816406,84.44670867919922,69.69000244140625,25.637874603271484
2024-01-23,187.9499969482422,469.49578857421875,83.77753448486328,69.66000366210938,25.702640533447266
2024-01-24,186.39999389648438,470.00897216796875,83.28684997558594,70.54000091552734,25.628623962402344
2024-01-25,187.13999938964844,472.5653381347656,83.8310775756836,72.2300033569336,25.702640533447266
2024-01-26,187.00999450683594,471.96502685546875,83.67045593261719,73.0999984741211,25.702640533447266
2024-01-29,188.3300018310547,475.7026672363281,84.6340560913086,72.05000305175781,25.702640533447266
2024-01-30,188.58999633789062,475.3347473144531,85.4013671875,72.80999755859375,25.68413734436035
2024-01-31,188.4499969482422,467.5785217285156,86.24002075195312,70.91999816894531,25.7489013671875
2024-02-01,190.41000366210938,473.6982727050781,87.93169403076172,69.06999969482422,25.61937141418457
2024-02-02,188.61000061035156,478.68511962890625,85.9894027709961,67.51000213623047,25.850677490234375
2024-02-05,187.57000732421875,476.9421081542969,84.25293731689453,68.18000030517578,25.989459991455078
2024-02-06,188.5500030517578,478.32684326171875,85.07642364501953,68.80999755859375,25.915441513061523
2024-02-07,188.5,482.3162841796875,84.66468048095703,69.41999816894531,25.887685775756836
2024-02-08,188.3300018310547,482.529296875,84.17240142822266,71.5199966430664,25.915441513061523
2024-02-09,187.60000610351562,485.3180236816406,84.00233459472656,71.66999816894531,25.896936416625977
2024-02-12,187.11000061035156,485.1050109863281,84.10079193115234,72.11000061035156,25.924694061279297
2024-02-13,184.52999877929688,478.42364501953125,82.65972900390625,72.6500015258789,26.12824249267578
2024-02-14,184.4199981689453,482.7713623046875,83.0804214477539,71.55000305175781,26.081981658935547
2024-02-15,185.66000366210938,486.10235595703125,83.51005554199219,72.83999633789062,25.980207443237305
2024-02-16,186.33999633789062,483.6816101074219,83.02671813964844,73.41000366210938,25.989459991455078
2024-02-20,187.47000122070312,481.0187683105469,83.09829711914062,72.41999816894531,25.952449798583984
2024-02-21,187.47999572753906,481.4544372558594,82.50757598876953,73.19999694824219,25.924694061279297
2024-02-22,187.55999755859375,491.4184265136719,82.91036224365234,73.5999984741211,25.924694061279297
2024-02-23,188.6199951171875,491.75732421875,84.02023315429688,71.91999816894531,25.943199157714844
2024-02-26,188.1999969482422,489.95623779296875,83.76962280273438,72.79000091552734,25.896936416625977
2024-02-27,188.0,490.8663635253906,83.17887878417969,73.8499984741211,25.915441513061523
2024-02-28,188.33999633789062,490.21771240234375,83.70698547363281,73.62000274658203,25.933948516845703
2024-02-29,189.30999755859375,491.97998046875,84.2977294921875,73.36000061035156,25.989459991455078
2024-03-01,192.88999938964844,496.5988464355469,84.82298278808594,74.95999908447266,25.943199157714844
2024-03-04,196.00999450683594,496.0663146972656,84.48178100585938,74.01000213623047,25.943199157714844
2024-03-05,197.19000244140625,491.1085205078125,85.68495178222656,73.44999694824219,25.915441513061523
2024-03-06,198.80999755859375,493.5970764160156,86.18775177001953,74.33999633789062,25.822919845581055
2024-03-07,199.94000244140625,498.4967346191406,86.10697174072266,74.2300033569336,25.693389892578125
2024-03-08,201.6300048828125,495.5046081542969,85.95430755615234,73.36000061035156,25.702640533447266
2024-03-11,202.0,495.0785827636719,85.90941619873047,73.62000274658203,25.730396270751953
2024-03-12,199.7899932861328,500.4043884277344,85.19109344482422,73.3499984741211,25.7489013671875
2024-03-13,201.19000244140625,499.6200256347656,84.77806854248047,75.08999633789062,25.721145629882812
2024-03-14,200.35000610351562,498.63232421875,83.47615814208984,76.30000305175781,25.85993003845215
2024-03-15,199.7100067138672,495.20843505859375,83.44921875,76.33000183105469,25.887685775756836
2024-03-18,200.02999877929688,498.1515197753906,83.19782257080078,77.9800033569336,25.943199157714844
2024-03-19,199.8000030517578,500.9197692871094,83.4312515258789,78.43000030517578,26.007963180541992
2024-03-20,202.17999267578125,505.55291748046875,83.40433502197266,77.25,25.887685775756836
2024-03-21,201.97000122070312,507.2236022949219,83.5838851928711,76.81999969482422,26.0634765625
2024-03-22,200.35000610351562,506.2620849609375,84.38302612304688,76.68000030517578,26.202259063720703
2024-03-25,200.99000549316406,504.86346435546875,83.96100616455078,77.76000213623047,26.137495040893555
2024-03-26,201.63999938964844,503.9308776855469,84.1944351196289,77.29000091552734,26.1560001373291
2024-03-27,203.10000610351562,508.1658630371094,85.02949523925781,77.51000213623047,26.174503326416016
2024-03-28,205.72000122070312,508.06866455078125,84.9576644897461,78.7300033569336,26.24852180480957
2024-04-01,207.82000732421875,507.18475341796875,83.37397766113281,79.66999816894531,26.350296020507812
2024-04-02,210.88999938964844,503.9601745605469,82.91451263427734,80.79000091552734,26.31328773498535
2024-04-03,212.74000549316406,504.5137023925781,82.8965072631836,81.25,26.193008422851562
2024-04-04,211.52000427246094,498.3554992675781,83.4910659790039,82.2699966430664,26.193008422851562
2024-04-05,215.13999938964844,503.56170654296875,82.32897186279297,82.4000015258789,26.220766067504883
2024-04-08,216.47999572753906,503.8433837890625,82.3199462890625,82.19999694824219,26.18375587463379
2024-04-09,217.6699981689453,504.4262390136719,83.08568572998047,81.1500015258789,26.174503326416016
2024-04-10,215.61000061035156,499.37530517578125,81.27497863769531,82.08999633789062,26.452070236206055
2024-04-11,219.8000030517578,503.1441955566406,80.9056167602539,81.55000305175781,26.4705753326416
2024-04-12,216.88999938964844,496.1991882324219,81.33804321289062,81.52999877929688,26.68337631225586
2024-04-15,220.9499969482422,489.98272705078125,80.07682800292969,81.6500015258789,26.72963523864746
2024-04-16,221.22000122070312,489.0890808105469,79.54533386230469,81.33000183105469,26.766645431518555
2024-04-17,219.58999633789062,486.194580078125,80.42815399169922,78.91000366210938,26.68337631225586
2024-04-18,220.33999633789062,485.1941223144531,80.02279663085938,78.77999877929688,26.738889694213867
2024-04-19,221.02999877929688,480.9591369628906,80.31104278564453,78.8499984741211,26.738889694213867
2024-04-22,215.57000732421875,485.3883972167969,80.1759262084961,78.77999877929688,26.748140335083008
2024-04-23,215.0399932861328,491.1482849121094,80.20294952392578,79.9800033569336,26.637115478515625
2024-04-24,214.63999938964844,490.9151916503906,79.63542938232422,79.63999938964844,26.664871215820312
2024-04-25,215.9199981689453,489.05023193359375,79.0768814086914,80.44000244140625,26.609357833862305
2024-04-26,216.6199951171875,493.6834716796875,79.49128723144531,80.38999938964844,26.72963523864746
2024-04-29,216.17999267578125,495.4318542480469,80.15790557861328,79.5,26.646366119384766
2024-04-30,211.8699951171875,487.58355712890625,79.47327423095703,78.37999725341797,26.81290626525879
2024-05-01,213.7899932861328,486.00030517578125,80.05904388427734,75.93000030517578,26.7851505279541
2024-05-02,213.1300048828125,490.54608154296875,80.402587890625,75.93000030517578,26.581600189208984
2024-05-03,212.9600067138672,496.62652587890625,81.21619415283203,75.12999725341797,26.50758171081543
2024-05-06,215.1999969482422,501.75506591796875,81.53257751464844,75.66000366210938,26.53533935546875
2024-05-07,214.2100067138672,502.308837890625,82.02979278564453,75.5,26.609357833862305
2024-05-08,213.5800018310547,502.3572998046875,81.53257751464844,76.11000061035156,26.646366119384766
2024-05-09,216.9499969482422,505.25189208984375,81.93035888671875,76.5199966430664,26.553844451904297
2024-05-10,218.7100067138672,505.9027099609375,81.46929168701172,75.30000305175781,26.590852737426758
2024-05-13,216.25999450683594,505.9707336425781,81.67723083496094,76.12999725341797,26.581600189208984
2024-05-14,218.08999633789062,508.29217529296875,82.13827514648438,75.20999908447266,26.52608871459961
2024-05-15,220.88999938964844,514.5863647460938,83.25923919677734,75.87999725341797,26.359548568725586
2024-05-16,220.02999877929688,513.5275268554688,83.17790222167969,76.25,26.424312591552734
2024-05-17,223.66000366210938,514.2656860351562,82.61741638183594,76.97000122070312,26.424312591552734
2024-05-20,224.55999755859375,514.8582763671875,82.37333679199219,76.7300033569336,26.461322784423828
2024-05-21,224.22999572753906,516.1209716796875,82.79821014404297,76.16000366210938,26.461322784423828
2024-05-22,220.11000061035156,514.6349487304688,82.89765930175781,74.87000274658203,26.544593811035156
2024-05-23,215.72000122070312,510.87579345703125,82.36429595947266,74.44999694824219,26.600107192993164
2024-05-24,215.9199981689453,514.256103515625,82.60836029052734,75.3499984741211,26.516836166381836
2024-05-28,218.19000244140625,514.615478515625,81.42410278320312,77.66000366210938,26.479827880859375
2024-05-29,216.16000366210938,511.0118408203125,80.4387435913086,76.56999969482422,26.62786293029785
2024-05-30,216.57000732421875,507.62188720703125,81.21619415283203,75.52999877929688,26.544593811035156
2024-05-31,215.3000030517578,512.2454223632812,81.76764678955078,74.81999969482422,26.52608871459961
2024-06-03,217.22000122070312,512.6630859375,83.09017944335938,71.83000183105469,26.387304306030273
2024-06-04,215.27000427246094,513.236083984375,84.0607681274414,71.08999633789062,26.396556854248047
2024-06-05,217.82000732421875,519.3360595703125,84.67762756347656,71.88999938964844,26.43356704711914
2024-06-06,219.42999267578125,519.326171875,84.55059051513672,73.26000213623047,26.396556854248047
2024-06-07,211.60000610351562,518.6950073242188,82.99949645996094,73.0199966430664,26.618610382080078
2024-06-10,213.5399932861328,520.2976684570312,82.44613647460938,75.45999908447266,26.68337631225586
2024-06-11,214.14999389648438,521.5505981445312,83.29882049560547,75.51000213623047,26.72038459777832
2024-06-12,214.72000122070312,525.834228515625,83.9247055053711,75.9800033569336,26.600107192993164
2024-06-13,212.97000122070312,526.8928833007812,85.15836334228516,75.73999786376953,26.701879501342773
2024-06-14,215.72999572753906,527.2135009765625,85.87498474121094,76.08000183105469,26.822158813476562
2024-06-17,214.61000061035156,531.4095458984375,85.02230072021484,77.79000091552734,26.75739288330078
2024-06-18,215.47000122070312,532.759765625,85.80241394042969,78.66999816894531,26.748140335083008
2024-06-20,218.16000366210938,531.3123779296875,85.2309341430664,79.41000366210938,26.859169006347656
2024-06-21,214.77999877929688,530.6001586914062,85.2309341430664,78.6500015258789,26.923933029174805
2024-06-24,215.6300048828125,528.8753662109375,85.57564544677734,79.69999694824219,26.831411361694336
2024-06-25,214.55999755859375,530.911865234375,85.72077941894531,78.9000015258789,26.859169006347656
2024-06-26,212.5800018310547,531.5745849609375,84.4961929321289,78.75,26.988697052001953
2024-06-27,214.99000549316406,532.4125366210938,84.83183288574219,79.91999816894531,26.951688766479492
2024-06-28,215.00999450683594,530.3174438476562,83.25345611572266,79.58999633789062,26.951688766479492
2024-07-01,215.57000732421875,531.4088745117188,81.81660461425781,81.54000091552734,26.960941314697266
2024-07-02,215.55999755859375,534.9851684570312,82.45361328125,81.11000061035156,26.923933029174805
2024-07-03,217.99000549316406,537.37255859375,83.53646850585938,81.2699966430664,26.81290626525879
2024-07-05,220.92999267578125,540.4713745117188,84.22805786132812,81.30999755859375,26.72038459777832
2024-07-08,218.19000244140625,541.094970703125,84.41004943847656,80.41999816894531,26.766645431518555
2024-07-09,218.55999755859375,541.6212158203125,84.03695678710938,79.7699966430664,26.803653717041016
2024-07-10,219.36000061035156,546.9806518554688,84.30084991455078,80.4800033569336,26.775897979736328
2024-07-11,223.25,542.2642822265625,85.11984252929688,80.94000244140625,26.637115478515625
2024-07-12,223.11000061035156,545.6846923828125,85.48384094238281,80.25,26.544593811035156
2024-07-15,223.8300018310547,547.1853637695312,84.50104522705078,80.12000274658203,26.590852737426758
2024-07-16,228.2899932861328,550.43017578125,85.6931381225586,79.05999755859375,26.590852737426758
2024-07-17,227.22999572753906,542.712646484375,85.71134185791016,80.62000274658203,26.4705753326416
2024-07-18,225.77999877929688,538.5418701171875,85.05614471435547,79.9000015258789,26.590852737426758
2024-07-19,221.72999572753906,534.965576171875,84.5556411743164,78.0,26.664871215820312
2024-07-22,221.8000030517578,540.4810791015625,84.30996704101562,77.62000274658203,26.646366119384766
2024-07-23,222.5800018310547,539.6333618164062,84.19164276123047,76.62000274658203,26.692628860473633
2024-07-24,221.8000030517578,527.4037475585938,83.28167724609375,76.80999755859375,26.68337631225586
2024-07-25,218.3300018310547,524.6558837890625,83.96414184570312,77.45999908447266,26.68337631225586
2024-07-26,220.6300048828125,530.5318603515625,84.61935424804688,76.11000061035156,26.664871215820312
2024-07-29,220.32000732421875,530.84375,85.07433319091797,75.19000244140625,26.738889694213867
2024-07-30,222.52000427246094,528.154296875,85.40192413330078,74.45999908447266,26.75739288330078
2024-07-31,226.5500030517578,536.7392578125,86.27549743652344,77.73999786376953,26.609357833862305
2024-08-01,225.77000427246094,529.138427734375,87.01961517333984,76.29000091552734,26.701879501342773
2024-08-02,225.33999633789062,519.2867431640625,89.73128509521484,73.38999938964844,26.43356704711914
2024-08-05,222.47999572753906,504.1631774902344,90.2060546875,73.22000122070312,26.28553009033203
2024-08-06,220.6999969482422,508.81134033203125,88.18828582763672,72.44999694824219,26.368799209594727
2024-08-07,220.5500030517578,505.410400390625,87.56742858886719,74.69000244140625,26.424312591552734
2024-08-08,224.00999450683594,517.09423828125,87.02874755859375,75.36000061035156,26.461322784423828
2024-08-09,224.55999755859375,519.3743896484375,87.88699340820312,76.22000122070312,26.43356704711914
2024-08-12,228.41000366210938,519.6472778320312,88.20655059814453,78.62999725341797,26.43356704711914
2024-08-13,228.05999755859375,528.1932983398438,88.81827545166016,77.63999938964844,26.294782638549805
2024-08-14,226.1999969482422,529.8594360351562,89.37521362304688,76.58999633789062,26.322540283203125
2024-08-15,226.91000366210938,538.94140625,88.65392303466797,77.41000366210938,26.41506004333496
2024-08-16,231.99000549316406,540.149658203125,88.96435546875,76.31999969482422,26.28553009033203
2024-08-19,231.61000061035156,545.3143920898438,89.37521362304688,74.37999725341797,26.146747589111328
2024-08-20,232.4600067138672,544.4276123046875,90.08736419677734,73.83000183105469,26.05422592163086
2024-08-21,232.14999389648438,546.2985229492188,90.14214324951172,72.5999984741211,25.97095489501953
2024-08-22,229.3699951171875,542.010986328125,89.24739074707031,73.58000183105469,26.09123420715332
2024-08-23,232.02000427246094,547.7699584960938,89.83172607421875,75.55000305175781,25.869178771972656
2024-08-26,232.75999450683594,546.4641723632812,89.60345458984375,77.83000183105469,25.924694061279297
2024-08-27,233.38999938964844,547.2145385742188,89.44824981689453,76.48999786376953,25.84142303466797
2024-08-28,231.75,544.0377807617188,89.33870697021484,75.4800033569336,25.989459991455078
2024-08-29,232.9499969482422,544.0865478515625,89.0465316772461,76.7699966430664,26.081981658935547
2024-08-30,231.2899932861328,549.2803955078125,88.09696197509766,74.33999633789062,26.1560001373291
2024-09-03,230.2899932861328,537.9766845703125,89.537841796875,71.08999633789062,26.202259063720703
2024-09-04,230.42999267578125,536.8756713867188,90.69198608398438,69.61000061035156,26.072731018066406
2024-09-05,232.35000610351562,535.5698852539062,91.2049331665039,69.88999938964844,26.03571891784668
2024-09-06,230.6300048828125,526.5560913085938,91.19578552246094,68.93000030517578,26.072731018066406
2024-09-09,231.60000610351562,532.4515991210938,91.58965301513672,69.2699966430664,26.18375587463379
2024-09-10,232.6199951171875,534.770751953125,92.23082733154297,66.95999908447266,26.193008422851562
2024-09-11,232.25,540.2568969726562,92.15756225585938,67.8499984741211,26.220766067504883
2024-09-12,236.3300018310547,544.8077392578125,91.72705841064453,69.88999938964844,26.109737396240234
2024-09-13,238.67999267578125,547.6530151367188,91.97435760498047,69.83999633789062,26.072731018066406
2024-09-16,238.66000366210938,548.4619140625,92.81708526611328,70.87999725341797,25.989459991455078
2024-09-17,237.33999633789062,548.68603515625,92.36824035644531,71.72000122070312,26.072731018066406
2024-09-18,235.50999450683594,547.0587158203125,91.2232437133789,70.66000366210938,26.100486755371094
2024-09-19,239.1699981689453,556.3938598632812,90.92098999023438,72.75,25.989459991455078
2024-09-20,242.2100067138672,555.4320068359375,90.57293701171875,72.91999816894531,26.03571891784668
2024-09-23,242.67999267578125,556.8199462890625,90.38053131103516,72.25,26.072731018066406
2024-09-24,246.07000732421875,558.4132690429688,90.36222076416016,73.29000091552734,25.924694061279297
2024-09-25,245.72999572753906,557.181640625,89.6111068725586,71.4800033569336,26.100486755371094
2024-09-26,246.97999572753906,559.3906860351562,89.82178497314453,69.01000213623047,25.980207443237305
2024-09-27,245.02000427246094,558.5795288085938,90.28895568847656,70.2699966430664,25.97095489501953
2024-09-30,243.05999755859375,560.8178100585938,89.85845184326172,69.91999816894531,26.072731018066406
2024-10-01,245.61000061035156,555.793701171875,90.50720977783203,72.11000061035156,26.18375587463379
2024-10-02,245.66000366210938,556.0283203125,89.74447631835938,72.76000213623047,26.294782638549805
2024-10-03,245.49000549316406,555.0117797851562,88.8990478515625,75.7300033569336,26.378053665161133
2024-10-04,245.0,560.0553588867188,87.80549621582031,76.3499984741211,26.52608871459961
2024-10-07,244.1699981689453,554.9921875,87.14385223388672,79.19999694824219,26.544593811035156
2024-10-08,242.3699951171875,560.2411499023438,87.29088592529297,75.79000091552734,26.544593811035156
2024-10-09,241.0500030517578,564.12158203125,86.79467010498047,75.25,26.664871215820312
2024-10-10,242.82000732421875,563.1343994140625,86.45465087890625,77.7699966430664,26.65561866760254
2024-10-11,245.47000122070312,566.506591796875,86.10543823242188,77.48999786376953,26.674121856689453
2024-10-14,245.07000732421875,571.1397094726562,86.16974639892578,75.93000030517578,26.75739288330078
2024-10-15,245.9199981689453,566.7019653320312,87.21739196777344,72.76000213623047,26.775897979736328
2024-10-16,247.14999389648438,569.1651611328125,87.58495330810547,72.4000015258789,26.84991455078125
2024-10-17,248.6300048828125,569.2140502929688,86.19733428955078,72.62000274658203,26.933185577392578
2024-10-18,251.27000427246094,571.4035034179688,86.26168060302734,71.37999725341797,26.859169006347656
2024-10-21,251.22000122070312,570.4652099609375,84.75459289550781,72.26000213623047,26.979446411132812
2024-10-22,253.92999267578125,570.1621704101562,84.83729553222656,73.9800033569336,27.0072021484375
2024-10-23,250.8699951171875,564.9523315429688,84.6075439453125,73.55000305175781,27.09972381591797
2024-10-24,252.8000030517578,566.1742553710938,85.14974975585938,73.05999755859375,26.99795150756836
2024-10-25,253.32000732421875,565.9786376953125,84.671875,74.2300033569336,27.090473175048828
2024-10-28,253.3300018310547,567.7283325195312,84.4421615600586,70.43000030517578,27.090473175048828
2024-10-29,256.0899963378906,568.6470947265625,84.57079315185547,69.66000366210938,27.09972381591797
2024-10-30,257.5,566.9268798828125,84.81892395019531,71.36000061035156,27.034957885742188
2024-10-31,253.50999450683594,555.813232421875,84.9567642211914,73.08000183105469,27.016454696655273
2024-11-01,252.47000122070312,558.1591186523438,83.75900268554688,72.0199966430664,27.127479553222656
2024-11-04,252.8300018310547,556.9569091796875,85.0591049194336,74.29000091552734,27.025707244873047
2024-11-05,253.39999389648438,563.6915893554688,85.51091003417969,74.7300033569336,26.91468048095703
2024-11-06,245.6999969482422,577.7080688476562,83.16889190673828,74.54000091552734,27.349533081054688
2024-11-07,249.64999389648438,582.1749267578125,84.2108383178711,74.66000366210938,27.127479553222656
2024-11-08,247.9600067138672,584.6968383789062,85.2804183959961,73.12999725341797,27.31252670288086
2024-11-11,242.13999938964844,585.25390625,84.86548614501953,70.94000244140625,27.46981430053711
2024-11-12,240.0500030517578,583.4358520507812,83.59306335449219,70.69000244140625,27.590091705322266
2024-11-13,237.6300048828125,583.7192993164062,82.80009460449219,70.7300033569336,27.747379302978516
2024-11-14,237.00999450683594,579.9658813476562,83.2795639038086,71.29000091552734,27.858407974243164
2024-11-15,236.58999633789062,572.5374145507812,83.05826568603516,69.75,27.830650329589844
2024-11-18,241.08999633789062,574.88330078125,83.2057876586914,72.06999969482422,27.69186782836914
2024-11-19,243.25,576.9847412109375,83.62992095947266,72.30999755859375,27.682613372802734
2024-11-20,244.6199951171875,577.1802368164062,83.36253356933594,72.0199966430664,27.821395874023438
2024-11-21,246.66000366210938,580.2786254882812,83.2979965209961,73.19999694824219,27.91391944885254
2024-11-22,249.83999633789062,582.0772705078125,83.3440933227539,74.25,28.061954498291016
2024-11-25,242.47999572753906,584.0516967773438,85.50169372558594,72.0999984741211,27.867658615112305
2024-11-26,242.9499969482422,587.1012573242188,85.16976928710938,71.61000061035156,27.904666900634766
2024-11-27,243.49000549316406,585.322265625,85.75989532470703,71.72000122070312,27.66411018371582
2024-11-29,245.58999633789062,588.9584350585938,86.64502716064453,71.61000061035156,27.617849349975586
2024-12-02,243.44000244140625,590.0140991210938,86.85321807861328,71.04000091552734,27.78438949584961
2024-12-03,243.92999267578125,590.2877197265625,86.10376739501953,73.04000091552734,27.775136947631836
2024-12-04,244.6699981689453,593.9530639648438,87.02899932861328,71.87999725341797,27.76588249206543
2024-12-05,242.86000061035156,592.9756469726562,87.2048110961914,71.47000122070312,27.617849349975586
2024-12-06,242.9499969482422,594.0997314453125,87.33436584472656,70.23999786376953,27.69186782836914
2024-12-09,245.36000061035156,591.0404052734375,86.52938079833984,71.16999816894531,27.738126754760742
2024-12-10,248.58999633789062,589.2027587890625,86.12227630615234,71.4000015258789,27.802892684936523
2024-12-11,250.9600067138672,593.7576293945312,85.30802917480469,73.33000183105469,27.895414352416992
2024-12-12,247.27999877929688,590.6981811523438,84.27177429199219,73.20999908447266,27.98793601989746
2024-12-13,244.2899932861328,590.5810546875,83.41128540039062,74.20999908447266,27.997190475463867
2024-12-16,244.8800048828125,593.1028442382812,83.66110229492188,73.69999694824219,27.950927734375
2024-12-17,243.94000244140625,590.6590576171875,83.86466217041016,73.30000305175781,27.97868537902832
2024-12-18,239.25999450683594,573.0554809570312,82.81599426269531,72.94000244140625,28.302513122558594
2024-12-19,239.60000610351562,572.87939453125,81.56204986572266,72.61000061035156,28.3580265045166
2024-12-20,242.10000610351562,579.7603149414062,82.0264663696289,73.0999984741211,28.219242095947266
2024-12-23,240.9600067138672,583.2320556640625,81.27410125732422,73.05999755859375,28.322710037231445
2024-12-24,241.44000244140625,589.714599609375,81.61778259277344,73.6500015258789,28.400068283081055
2024-12-26,243.07000732421875,589.7540283203125,81.57135772705078,73.12999725341797,28.34204864501953
2024-12-27,241.39999389648438,583.5459594726562,80.90257263183594,73.8499984741211,28.293699264526367
2024-12-30,240.6300048828125,576.88671875,81.55276489257812,74.81999969482422,28.322710037231445
2024-12-31,242.1300048828125,574.7879638671875,81.11619567871094,75.55000305175781,28.448415756225586
2025-01-02,245.4199981689453,573.3756713867188,81.33911895751953,76.93000030517578,28.690160751342773
2025-01-03,243.49000549316406,580.544921875,81.07905578613281,77.91999816894531,28.603132247924805
2025-01-06,243.19000244140625,583.88916015625,80.71678924560547,77.30000305175781,28.41940689086914
2025-01-07,244.55999755859375,577.2887573242188,79.80653381347656,78.16999816894531,28.525774002075195
2025-01-08,245.86000061035156,578.1322021484375,79.90869903564453,77.30000305175781,28.63214111328125
2025-01-10,248.2100067138672,569.3056640625,79.3792495727539,80.63999938964844,28.77718734741211
2025-01-13,245.74000549316406,570.1882934570312,79.35139465332031,82.2300033569336,28.864215850830078
2025-01-14,247.02999877929688,570.9729614257812,79.22134399414062,81.66999816894531,28.680490493774414
2025-01-15,248.8800048828125,581.35888671875,80.58676147460938,84.33999633789062,28.63214111328125
2025-01-16,250.60000610351562,580.2408447265625,80.84683227539062,82.94000244140625,28.63214111328125
2025-01-17,249.27000427246094,586.06640625,80.9861831665039,82.5199966430664,28.738508224487305
2025-01-21,253.1300048828125,591.430908203125,81.71066284179688,81.11000061035156,28.371057510375977
2025-01-22,254.42999267578125,594.7557373046875,81.28338623046875,80.43000030517578,28.41940689086914
2025-01-23,254.07000732421875,598.0018920898438,80.65178680419922,79.20999908447266,28.40973663330078
2025-01-24,255.64999389648438,596.2561645507812,81.0140151977539,79.5999984741211,28.235681533813477
2025-01-27,252.99000549316406,587.8218383789062,81.97073364257812,77.93000030517578,28.245349884033203
2025-01-28,255.17999267578125,592.8727416992188,81.91500854492188,78.86000061035156,28.361387252807617
2025-01-29,254.1999969482422,590.2149047851562,81.74781799316406,77.77999877929688,28.41940689086914
2025-01-30,258.04998779296875,593.3826293945312,82.05433654785156,77.75,28.41940689086914
2025-01-31,258.55999755859375,590.2246704101562,81.51560974121094,78.0199966430664,28.535444259643555
2025-02-03,259.94000244140625,586.252685546875,82.1792984008789,77.81999969482422,28.661149978637695
2025-02-04,262.5,590.1854858398438,82.43098449707031,77.51000213623047,28.400068283081055
2025-02-05,264.1300048828125,592.5784301757812,83.79195404052734,76.08999633789062,28.35171890258789
2025-02-06,263.42999267578125,594.637939453125,83.7546615600586,75.44999694824219,28.332378387451172
2025-02-07,263.8999938964844,589.1949462890625,83.21400451660156,75.86000061035156,28.458086013793945
2025-02-10,268.3699951171875,593.1962890625,82.96233367919922,77.4000015258789,28.545114517211914
2025-02-11,267.3900146484375,593.6475219726562,82.43098449707031,78.2699966430664,28.448415756225586
2025-02-12,267.6700134277344,591.7350463867188,81.31238555908203,76.31999969482422,28.467756271362305
2025-02-13,270.30999755859375,597.9822387695312,82.6640396118164,76.38999938964844,28.235681533813477
2025-02-14,266.2900085449219,597.9529418945312,83.1021499633789,75.81999969482422,28.158323287963867
2025-02-18,270.70001220703125,599.7083740234375,82.12337493896484,76.95999908447266,28.21634292602539
2025-02-19,270.8500061035156,601.12060546875,82.22591400146484,77.44999694824219,28.245349884033203
2025-02-20,270.989990234375,598.6197509765625,82.53350830078125,77.76000213623047,28.022947311401367
2025-02-21,270.739990234375,588.380859375,83.53095245361328,75.3499984741211,28.119644165039062
2025-02-24,272.2099914550781,585.70361328125,83.77330780029297,75.97000122070312,28.13898468017578
2025-02-25,268.6199951171875,582.7906494140625,85.21814727783203,74.12999725341797,28.032615661621094
2025-02-26,269.0299987792969,583.0850219726562,85.72152709960938,73.8499984741211,28.090635299682617
2025-02-27,264.92999267578125,573.7777099609375,85.1156005859375,75.27999877929688,28.293699264526367
2025-02-28,263.2699890136719,582.7318725585938,86.15962982177734,75.22000122070312,28.41940689086914
2025-03-03,266.739990234375,572.5225830078125,86.56172943115234,73.31999969482422,28.14865493774414
2025-03-04,269.05999755859375,565.74560546875,85.49571228027344,73.30999755859375,27.897239685058594
2025-03-05,269.6199951171875,571.8261108398438,84.81309509277344,71.41999816894531,27.55879783630371
2025-03-06,268.25,561.675537109375,84.53256225585938,71.12999725341797,27.539459228515625
2025-03-07,268.3900146484375,564.8236694335938,84.26139831542969,72.08999633789062,27.452430725097656
2025-03-10,266.0400085449219,549.7792358398438,85.14038848876953,70.88999938964844,27.471771240234375
2025-03-11,269.1600036621094,545.2091064453125,84.53256225585938,71.44999694824219,27.317054748535156
2025-03-12,270.3299865722656,548.1021728515625,84.0276107788086,72.80000305175781,27.384742736816406
2025-03-13,275.1300048828125,540.7957153320312,84.76634216308594,71.62000274658203,27.481441497802734
2025-03-14,275.239990234375,551.96630859375,84.31748962402344,72.27999877929688,27.452430725097656
2025-03-17,276.7300109863281,556.2227172851562,84.73829650878906,72.70999908447266,27.346065521240234
2025-03-18,279.9599914550781,550.2108154296875,84.82244110107422,72.20999908447266,27.326725006103516
2025-03-19,281.1099853515625,556.2030639648438,85.26195526123047,72.41999816894531,27.394412994384766
2025-03-20,280.75,554.5947265625,85.31804656982422,73.7300033569336,27.471771240234375
2025-03-21,278.489990234375,554.7776489257812,84.81309509277344,73.79000091552734,27.55879783630371
2025-03-24,277.25,564.7128295898438,83.94345092773438,74.87999725341797,27.607147216796875
2025-03-25,278.4700012207031,566.0703735351562,83.9341049194336,74.81999969482422,27.57813835144043
2025-03-26,278.239990234375,559.3124389648438,83.38240051269531,75.41999816894531,27.70384407043457
2025-03-27,281.9700012207031,557.8270263671875,83.13928985595703,75.4800033569336,27.616817474365234
2025-03-28,284.05999755859375,546.5933837890625,84.28944396972656,74.7699966430664,27.56846809387207
2025-03-31,288.1400146484375,550.2625732421875,85.12166595458984,77.33000183105469,27.59747886657715
2025-04-01,287.57000732421875,551.8167114257812,85.85929107666016,77.08000183105469,27.62648582458496
2025-04-02,288.1600036621094,555.308837890625,85.80299377441406,77.73999786376953,27.51045036315918
2025-04-03,286.4200134277344,527.9428100585938,86.19715118408203,72.25,27.026962280273438
2025-04-04,279.7200012207031,497.0354309082031,87.13560485839844,67.91999816894531,27.326725006103516
2025-04-07,273.7099914550781,496.150146484375,84.50791931152344,65.9800033569336,27.442760467529297
2025-04-08,275.20001220703125,488.3790588378906,82.91255187988281,63.34000015258789,27.317054748535156
2025-04-09,285.3800048828125,539.6683349609375,83.4005355834961,67.58000183105469,27.35573387145996
2025-04-10,292.3500061035156,516.0205688476562,81.10133361816406,65.31999969482422,26.785219192504883
2025-04-11,297.92999267578125,525.227783203125,81.54241943359375,66.45999908447266,26.543476104736328
2025-04-14,296.2300109863281,530.3233032226562,82.12425231933594,66.66000366210938,26.45644760131836
2025-04-15,297.7799987792969,528.8378295898438,82.41514587402344,66.4800033569336,26.60149383544922
2025-04-16,307.4700012207031,517.0828857421875,82.875,67.75,26.37908935546875
2025-04-17,306.1199951171875,517.8206176757812,82.14302062988281,69.4800033569336,26.398427963256836
2025-04-21,315.5899963378906,505.4950866699219,80.70719146728516,68.62000274658203,26.147014617919922
2025-04-22,311.1099853515625,518.64697265625,81.15765380859375,69.37000274658203,26.29206085205078
2025-04-23,303.6499938964844,526.6837158203125,81.94595336914062,68.05000305175781,26.53380584716797
2025-04-24,308.07000732421875,537.769775390625,82.809326171875,68.45999908447266,26.417766571044922
2025-04-25,304.7300109863281,541.6553344726562,83.41932678222656,69.02999877929688,26.485454559326172
2025-04-28,309.07000732421875,541.86181640625,83.94485473632812,67.76000213623047,26.321069717407227
2025-04-29,306.05999755859375,545.2752685546875,84.64868927001953,65.8499984741211,26.408098220825195
2025-04-30,303.7699890136719,545.49169921875,83.963623046875,63.560001373291016,26.50479507446289
2025-05-01,297.4599914550781,549.3575439453125,83.53787231445312,64.5199966430664,26.65951156616211
2025-05-02,297.9800109863281,557.5122680664062,82.6336441040039,64.01000213623047,26.620832443237305
2025-05-05,306.8800048828125,554.3153076171875,82.17212677001953,62.369998931884766,26.57248306274414
2025-05-06,315.4800109863281,549.68212890625,82.44527435302734,64.5999984741211,26.408098220825195
2025-05-07,310.75,551.9938354492188,82.79379272460938,63.5099983215332,26.60149383544922
2025-05-08,304.6300048828125,555.8400268554688,81.8707046508789,65.5999984741211,26.823896408081055
2025-05-09,306.8399963378906,555.1318359375,81.9931640625,66.61000061035156,26.746540069580078
2025-05-12,298.19000244140625,573.4774169921875,81.23019409179688,67.5999984741211,27.123659133911133
2025-05-13,299.4599914550781,577.2646484375,80.9005355834961,69.58999633789062,26.891584396362305
2025-05-14,293.1600036621094,578.00244140625,80.3636474609375,68.7300033569336,26.949604034423828
2025-05-15,297.8399963378906,580.8255615234375,81.070068359375,67.58999633789062,26.881916046142578
2025-05-16,294.239990234375,584.5045776367188,81.2867202758789,68.0999984741211,26.959272384643555
2025-05-19,298.0299987792969,585.1439819335938,81.05125427246094,68.51000213623047,26.775548934936523
2025-05-20,303.5799865722656,583.176513671875,80.4672622680664,68.66000366210938,26.698190689086914
2025-05-21,305.82000732421875,573.3496704101562,79.0920639038086,67.58999633789062,26.5821533203125
2025-05-22,303.1099853515625,573.5758056640625,79.50650787353516,67.13999938964844,26.65951156616211
2025-05-23,309.75,569.6608276367188,79.63839721679688,67.98999786376953,26.46611785888672
2025-05-27,304.5,581.50439453125,80.74983978271484,67.27999877929688,26.611164093017578
2025-05-28,303.80999755859375,578.14013671875,80.40132141113281,67.88999938964844,26.698190689086914
2025-05-29,305.6099853515625,580.4223022460938,81.14543151855469,67.19000244140625,26.553142547607422
2025-05-30,303.6000061035156,579.7730102539062,81.26789093017578,67.1500015258789,26.543476104736328
2025-06-02,311.6700134277344,583.0388793945312,80.51155090332031,69.55000305175781,26.35974884033203
2025-06-03,308.9100036621094,586.3637084960938,80.36973571777344,69.88999938964844,26.53380584716797
2025-06-04,310.8999938964844,586.206298828125,81.67442321777344,69.33999633789062,26.417766571044922
2025-06-05,309.3299865722656,583.373291015625,81.73114013671875,69.93000030517578,26.398427963256836
2025-06-06,305.17999267578125,589.3639526367188,80.69117736816406,71.37999725341797,26.53380584716797
2025-06-09,306.6199951171875,589.8950805664062,80.77627563476562,72.05000305175781,26.46611785888672
2025-06-10,306.7099914550781,593.2396850585938,81.19224548339844,71.5999984741211,26.49512481689453
2025-06-11,308.3699951171875,591.5477294921875,81.43805694580078,74.81999969482422,26.398427963256836
2025-06-12,312.20001220703125,593.898681640625,82.4118423461914,75.05000305175781,26.205034255981445
2025-06-13,316.2900085449219,587.2588500976562,81.61768341064453,80.22000122070312,26.272722244262695
2025-06-16,311.7799987792969,592.84619140625,80.795166015625,78.58999633789062,26.30173110961914
2025-06-17,311.94000244140625,587.7802124023438,81.77839660644531,82.30000305175781,26.475786209106445
2025-06-18,310.260009765625,587.6917114257812,81.92021179199219,82.2699966430664,26.52413558959961
2025-06-20,310.1300048828125,586.3114013671875,81.76895904541016,83.12000274658203,26.49512481689453
2025-06-23,311.0799865722656,592.1027221679688,82.0336685180664,76.41000366210938,26.38875961303711
2025-06-24,306.19000244140625,598.6439208984375,82.62928771972656,73.0,26.253381729125977
2025-06-25,307.1199951171875,598.9793090820312,82.73326110839844,73.30999755859375,26.185693740844727
2025-06-26,306.7799987792969,603.6656494140625,83.14925384521484,73.58999633789062,26.07932472229004
2025-06-27,301.2200012207031,606.6647338867188,82.61983489990234,73.27999877929688,26.127676010131836
2025-06-30,304.8299865722656,609.5653686523438,83.43289184570312,73.11000061035156,25.992298126220703
2025-07-01,307.54998779296875,609.3681640625,83.63973999023438,73.93000030517578,25.982629776000977
2025-07-02,309.25,612.1304931640625,83.10834503173828,75.58999633789062,25.963289260864258
2025-07-03,307.1400146484375,616.9549560546875,82.52949523925781,75.19000244140625,26.0889949798584
2025-07-07,307.3699951171875,612.3574829101562,81.74187469482422,76.4800033569336,26.176023483276367
2025-07-08,304.1600036621094,612.0220336914062,81.63748931884766,76.95999908447266,26.195363998413086
2025-07-09,305.5199890136719,615.6920776367188,82.49153900146484,76.93000030517578,26.195363998413086
2025-07-10,306.20001220703125,617.4285888671875,82.54847717285156,75.38999938964844,26.243711471557617
2025-07-11,309.1400146484375,615.2579956054688,81.40974426269531,77.29000091552734,26.321069717407227
2025-07-14,308.010009765625,616.4320678710938,81.23892211914062,75.62000274658203,26.38875961303711
2025-07-15,306.7300109863281,613.7979125976562,80.66956329345703,75.26000213623047,26.53380584716797
2025-07-16,308.260009765625,615.8499755859375,80.78340911865234,75.19000244140625,26.43710708618164
2025-07-17,307.5899963378906,619.6187133789062,80.76446533203125,76.16000366210938,26.553142547607422
2025-07-18,308.3900146484375,619.1649780273438,80.88782501220703,75.93000030517578,26.51446533203125
2025-07-21,313.1300048828125,620.3389892578125,81.60901641845703,75.58999633789062,26.340410232543945
2025-07-22,316.1000061035156,620.427734375,82.10246276855469,75.3499984741211,26.205034255981445
2025-07-23,312.17999267578125,625.7060546875,81.64696502685547,75.27999877929688,26.166353225708008
2025-07-24,310.2699890136719,625.9132080078125,81.504638671875,76.08999633789062,26.234041213989258
2025-07-25,307.3999938964844,628.5571899414062,82.01705932617188,74.8499984741211,26.29206085205078
2025-07-28,305.4100036621094,628.3994140625,81.48564910888672,77.16999816894531,26.59182357788086
2025-07-29,306.25,626.741943359375,82.86161041259766,79.80000305175781,26.65951156616211
2025-07-30,300.9599914550781,625.9526977539062,82.43460845947266,81.04000091552734,26.920595169067383
2025-07-31,302.9599914550781,623.6046142578125,82.48204040527344,79.58999633789062,26.978612899780273
2025-08-01,309.1099853515625,613.3834228515625,83.65464782714844,77.45999908447266,26.65951156616211
2025-08-04,310.9100036621094,622.7066650390625,83.88326263427734,76.11000061035156,26.64984130859375
2025-08-05,311.1600036621094,619.5496215820312,84.14045715332031,75.0199966430664,26.64984130859375
2025-08-06,310.5,624.295166015625,83.65464782714844,73.79000091552734,26.49512481689453
2025-08-07,313.1199951171875,623.7722778320312,83.51177215576172,73.41999816894531,26.475786209106445
2025-08-08,313.04998779296875,628.63623046875,83.14979553222656,73.30000305175781,26.52413558959961
2025-08-11,308.54998779296875,627.39306640625,83.24504852294922,73.80000305175781,26.630502700805664
2025-08-12,308.2699890136719,634.0723266601562,82.8259048461914,72.94999694824219,26.49512481689453
2025-08-13,309.2099914550781,636.2427978515625,83.51177215576172,72.45999908447266,26.42743682861328
2025-08-14,307.25,636.302001953125,82.89258575439453,73.73999786376953,26.52413558959961
2025-08-15,307.42999267578125,634.8123168945312,82.30200958251953,72.80000305175781,26.43710708618164
2025-08-18,306.95001220703125,634.6741943359375,82.06385040283203,73.16999816894531,26.50479507446289
2025-08-19,305.2699890136719,631.2310180664062,82.54014587402344,72.30000305175781,26.57248306274414
2025-08-20,308.3599853515625,629.5537719726562,82.72113037109375,73.5199966430664,26.553142547607422
2025-08-21,307.2900085449219,627.028076171875,82.31151580810547,74.12999725341797,26.688520431518555
2025-08-22,310.5799865722656,636.6571655273438,82.92118072509766,74.63999938964844,26.42743682861328
2025-08-25,309.8299865722656,633.8551635742188,82.68302917480469,75.75,26.64017105102539
2025-08-26,312.0799865722656,636.5091552734375,82.63540649414062,74.05000305175781,26.57248306274414
2025-08-27,312.7099914550781,637.9595336914062,82.54014587402344,74.68000030517578,26.5821533203125
2025-08-28,315.0299987792969,640.2186889648438,83.08311462402344,75.23999786376953,26.485454559326172
2025-08-29,318.07000732421875,636.4006958007812,82.49251556396484,74.83999633789062,26.46611785888672
2025-09-02,325.5899963378906,631.6847534179688,81.87864685058594,76.76000213623047,26.64017105102539
2025-09-03,328.1400146484375,635.1082153320312,82.77745819091797,74.83000183105469,26.59182357788086
2025-09-04,326.69000244140625,640.4161376953125,83.4085464477539,74.18000030517578,26.630502700805664
2025-09-05,331.04998779296875,638.561279296875,84.68028259277344,72.62999725341797,26.49512481689453
2025-09-08,334.82000732421875,640.1300048828125,85.80858612060547,73.04000091552734,26.408098220825195
2025-09-09,334.05999755859375,641.60986328125,85.32093811035156,73.38999938964844,26.51446533203125
2025-09-10,335.260009765625,643.4646606445312,85.80858612060547,74.70999908447266,26.53380584716797
2025-09-11,334.760009765625,648.81201171875,86.3823013305664,73.0,26.44677734375
2025-09-12,335.4200134277344,648.594970703125,86.00939178466797,73.30999755859375,26.485454559326172
2025-09-15,338.9100036621094,652.0479736328125,86.21018981933594,74.2300033569336,26.398427963256836
2025-09-16,339.5899963378906,651.1502075195312,86.3918685913086,75.66999816894531,26.234041213989258
2025-09-17,336.9700012207031,650.3412475585938,86.17194366455078,74.97000122070312,26.321069717407227
2025-09-18,335.6199951171875,653.3798828125,85.28267669677734,74.69000244140625,26.44677734375
2025-09-19,339.17999267578125,656.615966796875,85.12012481689453,73.5199966430664,26.52413558959961
2025-09-22,345.04998779296875,659.7225341796875,84.81413269042969,73.44999694824219,26.42743682861328
2025-09-23,346.4599914550781,656.1312255859375,85.40699005126953,75.05000305175781,26.408098220825195
2025-09-24,343.32000732421875,654.043701171875,85.0818862915039,76.38999938964844,26.60149383544922
2025-09-25,344.75,651.0263061523438,85.0818862915039,76.98999786376953,26.785219192504883
2025-09-26,346.739990234375,654.756103515625,85.0053939819336,77.0199966430664,26.688520431518555
2025-09-29,352.4599914550781,656.59619140625,85.70341491699219,74.58999633789062,26.630502700805664
2025-09-30,355.4700012207031,659.0695190429688,85.45480346679688,73.75,26.60149383544922
2025-10-01,356.0299987792969,661.3153686523438,85.67549896240234,73.13999938964844,26.59182357788086
2025-10-02,354.7900085449219,662.0769653320312,85.92495727539062,71.54000091552734,26.630502700805664
2025-10-03,357.6400146484375,662.0672607421875,85.7618408203125,71.70999908447266,26.5821533203125
2025-10-06,364.3800048828125,664.4415283203125,85.0805892944336,72.87000274658203,26.707860946655273
2025-10-07,366.260009765625,661.9780883789062,85.56995391845703,73.19999694824219,26.862577438354492
2025-10-08,372.29998779296875,665.925537109375,85.6371078491211,73.52999877929688,26.920595169067383
2025-10-09,365.42999267578125,663.9963989257812,85.56995391845703,72.51000213623047,27.104320526123047
2025-10-10,369.1199951171875,646.050048828125,86.9516372680664,69.38999938964844,26.968942642211914
2025-10-13,378.0899963378906,655.9630126953125,86.9036636352539,70.27999877929688,27.065641403198242
2025-10-14,380.7900085449219,655.1616821289062,87.18193817138672,69.0,26.988283157348633
2025-10-15,387.3900146484375,658.0703125,86.99003601074219,68.98999786376953,26.910924911499023
2025-10-16,396.45001220703125,653.5886840820312,87.64249420166016,67.80999755859375,26.80455780029297
2025-10-17,388.989990234375,657.298583984375,87.50816345214844,67.9800033569336,26.833566665649414
2025-10-20,403.1499938964844,664.1348266601562,87.84400939941406,67.83000183105469,26.901254653930664
2025-10-21,377.239990234375,664.1249389648438,88.2757797241211,68.2699966430664,27.00762367248535
2025-10-22,377.2799987792969,660.6721801757812,88.3333511352539,70.62999725341797,26.978612899780273
2025-10-23,378.7900085449219,664.5899658203125,87.72886657714844,73.29000091552734,26.988283157348633
2025-10-24,377.5199890136719,670.0213623046875,87.76725006103516,73.18000030517578,26.988283157348633
2025-10-27,367.010009765625,677.926025390625,88.06468963623047,73.12000274658203,26.959272384643555
2025-10-28,364.3800048828125,679.7266235351562,88.29497528076172,71.38999938964844,26.9399356842041
2025-10-29,363.0,680.0531616210938,87.40262603759766,71.80000305175781,27.094650268554688
2025-10-30,370.1300048828125,672.5739135742188,86.8940658569336,71.70999908447266,27.201017379760742
2025-10-31,368.1199951171875,674.780029296875,86.635009765625,72.55999755859375,27.27837562561035
2025-11-03,368.7799987792969,676.0463256835938,86.4183349609375,72.73999786376953,27.297714233398438
2025-11-04,362.32000732421875,668.0327758789062,86.61093139648438,71.93000030517578,27.384742736816406
2025-11-05,366.510009765625,670.3478393554688,85.6672134399414,71.02999877929688,27.394412994384766
2025-11-06,366.07000732421875,663.1553955078125,86.43758392333984,70.87999725341797,27.249366760253906
2025-11-07,368.30999755859375,663.808349609375,86.25463104248047,71.26000213623047,27.230026245117188
2025-11-10,378.3800048828125,674.1665649414062,86.2353744506836,71.68000030517578,27.249366760253906
2025-11-11,379.8699951171875,675.7099609375,86.63018798828125,72.72000122070312,27.2106876373291
2025-11-12,385.989990234375,676.0859985351562,86.7842788696289,69.79000091552734,27.220355987548828
2025-11-13,382.8699951171875,664.8670043945312,86.0716552734375,69.8499984741211,27.14299964904785
2025-11-14,375.9599914550781,664.758056640625,85.58055114746094,71.37999725341797,27.181678771972656
2025-11-17,371.6499938964844,658.56494140625,85.79238891601562,71.30000305175781,27.249366760253906
2025-11-18,374.3500061035156,653.0346069335938,85.76351165771484,72.5,27.27837562561035
2025-11-19,374.9599914550781,655.5574340820312,85.59016418457031,70.87999725341797,27.452430725097656
2025-11-20,374.8500061035156,645.5652465820312,85.92720794677734,70.1500015258789,27.471771240234375
2025-11-21,374.2699890136719,651.9959106445312,86.18721771240234,69.30000305175781,27.452430725097656
2025-11-24,380.20001220703125,661.59228515625,86.67833709716797,70.41999816894531,27.452430725097656
2025-11-25,380.0799865722656,667.8152465820312,86.89983367919922,69.25,27.375072479248047
2025-11-26,383.1199951171875,672.4254150390625,87.2850341796875,70.04000091552734,27.297714233398438
2025-11-28,387.8800048828125,676.0958251953125,86.8709487915039,71.06999969482422,27.27837562561035
2025-12-01,389.75,673.0091552734375,85.78951263427734,71.05999755859375,27.268707275390625
2025-12-02,387.239990234375,674.2556762695312,85.82816314697266,70.19999694824219,27.259037017822266
2025-12-03,386.8800048828125,676.5905151367188,86.06977081298828,70.66000366210938,27.123659133911133
2025-12-04,387.1300048828125,677.085205078125,85.60588836669922,71.38999938964844,27.181678771972656
2025-12-05,386.44000244140625,678.3712768554688,85.20965576171875,71.91999816894531,27.152667999267578
2025-12-08,385.4200134277344,676.3333129882812,84.92938995361328,70.48999786376953,27.191349029541016
2025-12-09,387.3999938964844,675.7495727539062,85.01636505126953,69.86000061035156,27.230026245117188
2025-12-10,389.04998779296875,680.2312622070312,85.34495544433594,70.54000091552734,27.084980010986328
2025-12-11,393.239990234375,681.8140869140625,85.2289810180664,69.25,26.988283157348633
2025-12-12,395.44000244140625,674.4832153320312,84.40752410888672,68.80999755859375,27.026962280273438
2025-12-15,395.79998779296875,673.4641723632812,84.46549987792969,67.88999938964844,27.00762367248535
2025-12-16,395.8900146484375,671.6240844726562,84.92938995361328,66.16999816894531,26.978612899780273
2025-12-17,399.2900085449219,664.23388671875,84.85208892822266,67.9800033569336,27.036630630493164
2025-12-18,398.57000732421875,669.2496337890625,85.25798034667969,67.19000244140625,27.055971145629883
2025-12-19,399.0199890136719,675.3153686523438,84.93975830078125,68.02999877929688,27.14299964904785
2025-12-22,408.2300109863281,679.5225219726562,84.75542449951172,69.7300033569336,27.030000686645508
2025-12-23,413.6400146484375,682.6282348632812,84.89124298095703,70.30000305175781,26.940000534057617
2025-12-24,411.92999267578125,685.0294799804688,85.40544128417969,70.19999694824219,26.950000762939453
2025-12-26,416.739990234375,684.9600219726562,85.12408447265625,68.4800033569336,26.969999313354492
2025-12-29,398.6000061035156,682.51904296875,85.44425201416016,69.61000061035156,26.979999542236328
2025-12-30,398.8900146484375,681.685546875,85.24051666259766,69.73999786376953,27.049999237060547
2025-12-31,396.30999755859375,676.635009765625,84.56138610839844,69.16000366210938,27.030000686645508
2026-01-02,398.2799987792969,677.8753051757812,84.43525695800781,68.95999908447266,27.110000610351562
2026-01-05,408.760009765625,682.3900756835938,84.85243225097656,70.22000122070312,27.06999969482422
2026-01-06,413.17999267578125,686.4484252929688,84.67780303955078,68.51000213623047,27.15999984741211
2026-01-07,409.2300109863281,684.2356567382812,85.172607421875,67.79000091552734,27.200000762939453
2026-01-08,411.489990234375,684.1661987304688,84.74571990966797,70.54000091552734,27.270000457763672
2026-01-09,414.4700012207031,688.69091796875,85.30844116210938,70.77999877929688,27.329999923706055
2026-01-12,422.2300109863281,689.7723999023438,85.0561752319336,71.6500015258789,27.280000686645508
2026-01-13,421.6300048828125,688.3931884765625,85.20170593261719,73.4800033569336,27.350000381469727
2026-01-14,425.94000244140625,685.009521484375,85.6965103149414,72.61000061035156,27.329999923706055
2026-01-15,423.3299865722656,686.875,85.67709350585938,71.12999725341797,27.43000030517578
2026-01-16,421.2900085449219,686.299560546875,85.18230438232422,71.6500015258789,27.43000030517578
2026-01-20,437.2300109863281,672.3286743164062,84.06659698486328,71.86000061035156,27.209999084472656
2026-01-21,443.6000061035156,680.088134765625,84.7069091796875,73.33999633789062,27.270000457763672
2026-01-22,451.7900085449219,683.6402587890625,85.0755844116211,71.81999969482422,27.149999618530273
2026-01-23,458.0,683.8883056640625,85.30844116210938,73.94999694824219,26.90999984741211
2026-01-26,464.70001220703125,687.3612060546875,85.71590423583984,73.4800033569336,26.780000686645508
2026-01-27,476.1000061035156,690.099853515625,85.18230438232422,75.66000366210938,26.469999313354492
2026-01-28,494.55999755859375,690.0303955078125,84.9882583618164,76.62000274658203,26.6299991607666
2026-01-29,495.8999938964844,688.6610717773438,85.0076675415039,79.13999938964844,26.59000015258789
2026-01-30,444.95001220703125,686.6071166992188,84.53227233886719,79.5199966430664,26.850000381469727
2026-02-02,427.1300048828125,690.0203857421875,84.2907485961914,75.33000183105469,26.989999771118164
2026-02-03,454.2900085449219,684.18603515625,84.49527740478516,77.47000122070312,26.920000076293945
2026-02-04,453.9700012207031,680.8719482421875,84.281005859375,77.87999725341797,27.010000228881836
2026-02-05,441.8800048828125,672.3682861328125,85.19647979736328,76.69000244140625,27.09000015258789
2026-02-06,455.4599914550781,685.2676391601562,85.25491333007812,76.98999786376953,27.010000228881836
2026-02-09,467.0299987792969,688.5718383789062,85.23543548583984,78.0199966430664,26.790000915527344
2026-02-10,462.3999938964844,686.7559814453125,86.21907043457031,78.02999877929688,26.799999237060547
2026-02-11,467.6300048828125,686.5972290039062,85.76133728027344,78.88999938964844,26.829999923706055
2026-02-12,451.3900146484375,675.9900512695312,86.90080261230469,76.37999725341797,26.81999969482422
2026-02-13,462.6199951171875,676.4663696289062,87.37799835205078,76.22000122070312,26.81999969482422
2026-02-17,448.20001220703125,677.5578002929688,87.52408599853516,75.7300033569336,26.90999984741211
2026-02-18,458.2799987792969,680.9711303710938,87.1929702758789,79.4000015258789,27.079999923706055
2026-02-19,459.55999755859375,679.1751098632812,87.28062438964844,81.19000244140625,27.1200008392334
2026-02-20,468.6199951171875,684.0867919921875,87.07610321044922,80.8499984741211,27.09000015258789
