date,weight_SPY,weight_TLT,weight_GLD,weight_USO,weight_UUP,gross_return,net_return,turnover,regime,hmm_order
2023-06-02,0.0,0.32199446332927145,0.6000000000000001,8.007408801587655e-17,0.07800553667072843,-0.011549163818593625,-0.01181016105025826,0.5219944633292716,1,4
2023-06-05,0.0,0.3219944633292715,0.6000000000000001,8.007408801587657e-17,0.07800553667072845,0.0028758546870083605,0.0028758546870083605,3.469446951953615e-17,1,4
2023-06-06,0.0,0.3219944633292715,0.6,8.007408801587657e-17,0.07800553667072845,0.00280283155168131,0.00280283155168131,5.551115123125783e-17,1,4
2023-06-07,0.0,0.3219944633292715,0.6,8.007408801587657e-17,0.07800553667072845,-0.011958731090064829,-0.011958731090064829,0.0,1,4
2023-06-08,0.0,0.3219944633292715,0.6,8.007408801587657e-17,0.07800553667072845,0.01106623284814457,0.01106623284814457,0.0,1,4
2023-06-09,0.0,0.3219944633292715,0.6,8.007408801587657e-17,0.07800553667072845,-0.0018050084574557914,-0.0018050084574557914,0.0,1,4
2023-06-12,0.0,0.3219944633292715,0.6,8.007408801587657e-17,0.07800553667072845,0.00044774146744992413,0.00044774146744992413,0.0,1,4
2023-06-13,0.0,0.3219944633292715,0.6,8.007408801587657e-17,0.07800553667072845,-0.007848370495132507,-0.007848370495132507,0.0,1,4
2023-06-14,0.0,0.3219944633292715,0.6,8.007408801587657e-17,0.07800553667072845,0.00252474914922625,0.00252474914922625,0.0,1,4
2023-06-15,0.07800553667072854,0.3219944633292715,0.6,0.0,0.0,0.008278532401349521,0.008239529633014157,0.07800553667072854,1,4
2023-06-16,0.0711046378505271,0.3288953621494729,0.6,1.3053495582886964e-18,0.0,-0.0024429668214307684,-0.002446417270840869,0.006900898820201417,1,4
2023-06-20,0.0711046378505271,0.3288953621494729,0.6,1.3053495582886964e-18,0.0,-0.0043034423684775586,-0.0043034423684775586,0.0,1,4
2023-06-21,0.0711046378505271,0.3288953621494729,0.6,1.3053495582886964e-18,0.0,-0.00043624668766459795,-0.00043624668766459795,0.0,1,4
2023-06-22,0.0711046378505271,0.3288953621494729,0.6,1.3053495582886964e-18,0.0,-0.009663413754847642,-0.009663413754847642,0.0,1,4
2023-06-23,0.0711046378505271,0.3288953621494729,0.6,1.3053495582886964e-18,0.0,0.004395879067868627,0.004395879067868627,0.0,1,4
2023-06-26,0.0711046378505271,0.3288953621494729,0.6,1.3053495582886964e-18,0.0,0.0011033469080729153,0.0011033469080729153,0.0,1,4
2023-06-27,0.0711046378505271,0.3288953621494729,0.6,1.3053495582886964e-18,0.0,-0.0028351293520049703,-0.0028351293520049703,0.0,1,4
2023-06-28,0.0711046378505271,0.3288953621494729,0.6,1.3053495582886964e-18,0.0,5.401619245539108e-05,5.401619245539108e-05,0.0,1,4
2023-06-29,0.0711046378505271,0.3288953621494729,0.6,1.3053495582886964e-18,0.0,-0.006298878472417241,-0.006298878472417241,0.0,1,4
2023-06-30,0.0711046378505271,0.3288953621494729,0.6,1.3053495582886964e-18,0.0,0.00871646755973229,0.00871646755973229,0.0,1,4
2023-07-03,0.6000000000000001,0.32889536214947274,1.0755285551056205e-16,0.07110463785052716,2.355667448964208e-17,-0.0013531958102387734,-0.0016531958102387733,0.6000000000000001,4,4
2023-07-05,0.6000000000000001,0.3288953621494728,1.0755285551056206e-16,0.07110463785052717,2.3556674489642082e-17,-0.0026268580141097122,-0.0026268580141097122,3.469446951953615e-17,4,4
2023-07-06,0.6,0.3288953621494728,1.0755285551056206e-16,0.07110463785052717,2.3556674489642082e-17,-0.009558973126622405,-0.009558973126622405,5.551115123125783e-17,4,4
2023-07-07,0.6,0.3288953621494728,1.0755285551056206e-16,0.07110463785052717,2.3556674489642082e-17,-0.0019387026322782654,-0.0019387026322782654,0.0,4,4
2023-07-10,0.6,0.3288953621494728,1.0755285551056206e-16,0.07110463785052717,2.3556674489642082e-17,0.0016153904153245737,0.0016153904153245737,0.0,4,4
2023-07-11,0.6,0.3288953621494728,1.0755285551056206e-16,0.07110463785052717,2.3556674489642082e-17,0.0071283867845644885,0.0071283867845644885,0.0,4,4
2023-07-12,0.6,0.3288953621494728,1.0755285551056206e-16,0.07110463785052717,2.3556674489642082e-17,0.009379747015167809,0.009379747015167809,0.0,4,4
2023-07-13,0.6,0.3288953621494728,1.0755285551056206e-16,0.07110463785052717,2.3556674489642082e-17,0.009497880318224565,0.009497880318224565,0.0,4,4
2023-07-14,0.6,0.3288953621494728,1.0755285551056206e-16,0.07110463785052717,2.3556674489642082e-17,-0.003977868623517972,-0.003977868623517972,0.0,4,4
2023-07-17,0.6,0.3288953621494728,1.0755285551056206e-16,0.07110463785052717,2.3556674489642082e-17,0.0013078174596107468,0.0013078174596107468,0.0,4,4
2023-07-18,0.6,0.3288953621494728,1.0755285551056206e-16,0.07110463785052717,2.3556674489642082e-17,0.00742506238159712,0.00742506238159712,0.0,4,4
2023-07-19,0.6,0.3288953621494728,1.0755285551056206e-16,0.07110463785052717,2.3556674489642082e-17,0.004767037427474687,0.004767037427474687,0.0,4,4
2023-07-20,0.6,0.3288953621494728,1.0755285551056206e-16,0.07110463785052717,2.3556674489642082e-17,-0.007595870018092047,-0.007595870018092047,0.0,4,4
2023-07-21,0.6,0.3288953621494728,1.0755285551056206e-16,0.07110463785052717,2.3556674489642082e-17,0.0010792305430581777,0.0010792305430581777,0.0,4,4
2023-07-24,0.6,0.3288953621494728,1.0755285551056206e-16,0.07110463785052717,2.3556674489642082e-17,0.0032363372843090907,0.0032363372843090907,0.0,4,4
2023-07-25,0.6,0.3288953621494728,1.0755285551056206e-16,0.07110463785052717,2.3556674489642082e-17,0.0014942822594001149,0.0014942822594001149,0.0,4,4
2023-07-26,0.6,0.3288953621494728,1.0755285551056206e-16,0.07110463785052717,2.3556674489642082e-17,-8.229794827230283e-05,-8.229794827230283e-05,0.0,4,4
2023-07-27,0.6,0.3288953621494728,1.0755285551056206e-16,0.07110463785052717,2.3556674489642082e-17,-0.009601191064803904,-0.009601191064803904,0.0,4,4
2023-07-28,0.6,0.3288953621494728,1.0755285551056206e-16,0.07110463785052717,2.3556674489642082e-17,0.00822038912977684,0.00822038912977684,0.0,4,4
2023-07-31,0.6,0.3288953621494728,1.0755285551056206e-16,0.07110463785052717,2.3556674489642082e-17,0.002998615389803661,0.002998615389803661,0.0,4,4
2023-08-01,0.6,0.3288953621494728,1.0755285551056206e-16,0.07110463785052717,2.3556674489642082e-17,-0.007310632742626201,-0.007310632742626201,0.0,4,4
2023-08-02,0.6,0.3288953621494728,1.0755285551056206e-16,0.07110463785052717,2.3556674489642082e-17,-0.013307703358077851,-0.013307703358077851,0.0,4,4
2023-08-03,0.6,0.3288953621494728,1.0755285551056206e-16,0.07110463785052717,2.3556674489642082e-17,-0.007656388691497381,-0.007656388691497381,0.0,4,4
2023-08-04,0.6,0.3288953621494728,1.0755285551056206e-16,0.07110463785052717,2.3556674489642082e-17,0.0037438512607927145,0.0037438512607927145,0.0,4,4
2023-08-07,0.6,0.3288953621494728,1.0755285551056206e-16,0.07110463785052717,2.3556674489642082e-17,0.0020291761747157433,0.0020291761747157433,0.0,4,4
2023-08-08,0.6,0.3288953621494728,1.0755285551056206e-16,0.07110463785052717,2.3556674489642082e-17,0.001441365038945455,0.001441365038945455,0.0,4,4
2023-08-09,0.6,0.3288953621494728,1.0755285551056206e-16,0.07110463785052717,2.3556674489642082e-17,-0.0013118620468687255,-0.0013118620468687255,0.0,4,4
2023-08-10,0.6,0.3288953621494728,1.0755285551056206e-16,0.07110463785052717,2.3556674489642082e-17,-0.00605117999661108,-0.00605117999661108,0.0,4,4
2023-08-11,0.6,0.3288953621494728,1.0755285551056206e-16,0.07110463785052717,2.3556674489642082e-17,-0.0010587290079754215,-0.0010587290079754215,0.0,4,4
2023-08-14,0.47143143693236206,0.3288953621494728,0.19967320091816518,0.0,0.0,0.0012709023864423074,0.001171065785983225,0.19967320091816507,3,4
2023-08-15,0.374834438448177,0.3288953621494728,0.2962701994023502,0.0,0.0,-0.007157492111663665,-0.0072057906109057575,0.09659699848418506,3,4
2023-08-16,0.374834438448177,0.3288953621494728,0.2962701994023502,0.0,0.0,-0.0070352272379806055,-0.0070352272379806055,0.0,3,4
2023-08-17,0.374834438448177,0.3288953621494728,0.2962701994023502,0.0,0.0,-0.004713686800527709,-0.004713686800527709,0.0,3,4
2023-08-18,0.374834438448177,0.3288953621494728,0.2962701994023502,0.0,0.0,0.0013925883417596218,0.0013925883417596218,0.0,3,4
2023-08-21,0.374834438448177,0.3288953621494728,0.2962701994023502,0.0,0.0,-0.0011344245489204557,-0.0011344245489204557,0.0,3,4
2023-08-22,0.374834438448177,0.3288953621494728,0.2962701994023502,0.0,0.0,0.001997574686074316,0.001997574686074316,0.0,3,4
2023-08-23,0.374834438448177,0.3288953621494728,0.2962701994023502,0.0,0.0,0.015335368198931994,0.015335368198931994,0.0,3,4
2023-08-24,0.374834438448177,0.3288953621494728,0.2962701994023502,0.0,0.0,-0.007430239140268061,-0.007430239140268061,0.0,3,4
2023-08-25,0.374834438448177,0.3288953621494728,0.2962701994023502,0.0,0.0,0.0033335040043680434,0.0033335040043680434,0.0,3,4
2023-08-28,0.374834438448177,0.3288953621494728,0.2962701994023502,0.0,0.0,0.00357310443935465,0.00357310443935465,0.0,3,4
2023-08-29,0.3748344384481769,0.0,1.1588556250409126e-16,0.25999691332197533,0.3651686482298477,0.006668119743024773,0.0063555369622488615,0.625165561551823,2,4
2023-08-30,0.3748344384481769,0.0,1.1588556250409126e-16,0.25999691332197533,0.3651686482298477,0.002115570712276791,0.002115570712276791,0.0,2,4
2023-08-31,0.3748344384481769,0.0,1.1588556250409126e-16,0.25999691332197533,0.3651686482298477,0.0061712624396157365,0.0061712624396157365,0.0,2,4
2023-09-01,0.6,0.20361402563511855,0.0,0.15056982357419918,0.04581615079068227,0.0019636532210791677,0.0017492634274856968,0.42877958718694165,4,2
2023-09-05,0.6,0.20361402563511855,0.0,0.15056982357419918,0.04581615079068227,-0.0035676103803388053,-0.0035676103803388053,0.0,4,2
2023-09-06,0.6,0.20361402563511855,0.0,0.15056982357419918,0.04581615079068227,-0.002045353853986293,-0.002045353853986293,0.0,4,2
2023-09-07,0.6,0.20361402563511855,0.0,0.15056982357419918,0.04581615079068227,-0.002260641051008442,-0.002260641051008442,0.0,4,2
2023-09-08,0.6,0.20361402563511855,0.0,0.15056982357419918,0.04581615079068227,0.002406280610850195,0.002406280610850195,0.0,4,2
2023-09-11,0.6,0.20361402563511855,0.0,0.15056982357419918,0.04581615079068227,0.0023946856468003716,0.0023946856468003716,0.0,4,2
2023-09-12,0.6,0.20361402563511855,0.0,0.15056982357419918,0.04581615079068227,0.0005158833232786794,0.0005158833232786794,0.0,4,2
2023-09-13,0.6,0.2066099667649799,5.3140854635602215e-20,0.14757388244433794,0.04581615079068227,0.0006501457151945624,0.0006486477446296317,0.0029959411298612904,4,2
2023-09-14,0.6,0.2066099667649799,5.3140854635602215e-20,0.14757388244433794,0.04581615079068227,0.006631046629691743,0.006631046629691743,0.0,4,2
2023-09-15,0.6,0.2066099667649799,5.3140854635602215e-20,0.14757388244433794,0.04581615079068227,-0.008210044426625504,-0.008210044426625504,0.0,4,2
2023-09-18,0.6000000000000001,0.20834724166844432,4.267020946268652e-20,0.14583660754087335,0.045816150790682277,0.0017489139015871517,0.0017480452641354194,0.0017372749034645675,4,2
2023-09-19,0.6000000000000001,0.20834724166844434,4.2670209462686524e-20,0.14583660754087338,0.04581615079068228,-0.0026613429575128907,-0.0026613429575128907,3.122502256758253e-17,4,2
2023-09-20,0.6000000000000001,0.20834724166844437,4.267020946268653e-20,0.1458366075408734,0.04581615079068229,-0.007220483951455702,-0.007220483951455702,3.122502256758253e-17,4,2
2023-09-21,0.6,0.20834724166844437,4.267020946268653e-20,0.1458366075408734,0.04581615079068229,-0.014743641137918973,-0.014743641137918973,5.551115123125783e-17,4,2
2023-09-22,0.1685044165734606,0.20834724166844437,0.5773321909674127,0.0,0.04581615079068228,0.003255044042509353,0.0029663779470256468,0.5773321909674128,1,2
2023-09-25,0.18383419455088815,0.20834724166844432,0.5773321909674126,3.2766373276248183e-20,0.030486372813254836,-0.007214240305293807,-0.0072219051942825204,0.01532977797742758,1,2
2023-09-26,0.16116638551830076,0.20834724166844434,0.6000000000000001,2.6465649509424994e-19,0.03048637281325484,-0.007793932474154044,-0.007805266378670338,0.022667809032587444,1,2
2023-09-27,0.1611663855183008,0.20834724166844437,0.6000000000000001,2.6465649509425e-19,0.030486372813254843,-0.008290521278299422,-0.008290521278299422,2.949029909160572e-17,1,2
2023-09-28,0.1538590362339842,0.21565459095276096,0.6,0.0,0.030486372813254843,-0.001611016540399297,-0.0016146702150414553,0.007307349284316644,1,2
2023-09-29,0.1538590362339842,0.21565459095276096,0.6,0.0,0.030486372813254843,-0.00649381234007515,-0.00649381234007515,0.0,1,2
2023-10-02,0.1538590362339842,0.21565459095276096,0.6,0.0,0.030486372813254843,-0.009734678276611545,-0.009734678276611545,0.0,1,2
2023-10-03,0.1538590362339842,0.21565459095276096,0.6,0.0,0.030486372813254843,-0.008401079021286114,-0.008401079021286114,0.0,1,2
2023-10-04,0.1538590362339842,0.21565459095276096,0.6,0.0,0.030486372813254843,0.004000443672228767,0.004000443672228767,0.0,1,2
2023-10-05,0.1538590362339842,0.21565459095276096,0.6,0.0,0.030486372813254843,-0.0023347525914652794,-0.0023347525914652794,0.0,1,2
2023-10-06,0.1538590362339842,0.21565459095276096,0.6,0.0,0.030486372813254843,0.0022442528306367547,0.0022442528306367547,0.0,1,2
2023-10-09,0.1538590362339842,0.21565459095276096,0.6,0.0,0.030486372813254843,0.017067396699305265,0.017067396699305265,0.0,1,2
2023-10-10,0.1538590362339842,0.21565459095276096,0.6,0.0,0.030486372813254843,-0.0005760480465262424,-0.0005760480465262424,0.0,1,2
2023-10-11,0.1538590362339842,0.21565459095276096,0.6,0.0,0.030486372813254843,0.009516250440329796,0.009516250440329796,0.0,1,2
2023-10-12,0.1538590362339842,0.21565459095276096,0.6,0.0,0.030486372813254843,-0.008361081080554786,-0.008361081080554786,0.0,1,2
2023-10-13,0.1538590362339842,0.21565459095276096,0.6,0.0,0.030486372813254843,0.022401613178802147,0.022401613178802147,0.0,1,2
2023-10-16,0.1538590362339842,0.21565459095276096,0.6,0.0,0.030486372813254843,-0.004903296786378648,-0.004903296786378648,0.0,1,2
2023-10-17,0.1538590362339842,0.21565459095276096,0.6,0.0,0.030486372813254843,-0.0012610281329628532,-0.0012610281329628532,0.0,1,2
2023-10-18,0.1538590362339842,0.21565459095276096,0.6,0.0,0.030486372813254843,0.004847546523437326,0.004847546523437326,0.0,1,2
2023-10-19,0.1538590362339842,0.21565459095276096,0.6,0.0,0.030486372813254843,0.0015056298770509255,0.0015056298770509255,0.0,1,2
2023-10-20,0.1538590362339842,0.21565459095276096,0.6,0.0,0.030486372813254843,0.000982719826549857,0.000982719826549857,0.0,1,2
2023-10-23,0.1538590362339842,0.21565459095276096,0.6,0.0,0.030486372813254843,0.0001445991816475434,0.0001445991816475434,0.0,1,2
2023-10-24,0.1538590362339842,0.21565459095276096,0.6,0.0,0.030486372813254843,0.004110657412243309,0.004110657412243309,0.0,1,2
2023-10-25,0.1538590362339842,0.21565459095276096,0.6,0.0,0.030486372813254843,-0.004402014193001181,-0.004402014193001181,0.0,1,2
2023-10-26,0.1538590362339842,0.21565459095276096,0.6,0.0,0.030486372813254843,0.002483794302328508,0.002483794302328508,0.0,1,2
2023-10-27,0.1538590362339842,0.21565459095276096,0.6,0.0,0.030486372813254843,0.00532357569603374,0.00532357569603374,0.0,1,2
2023-10-30,0.1538590362339842,0.21565459095276096,0.6,0.0,0.030486372813254843,-0.002638255676475213,-0.002638255676475213,0.0,1,2
2023-10-31,0.1538590362339842,0.21565459095276096,0.6,0.0,0.030486372813254843,-0.003176498200218849,-0.003176498200218849,0.0,1,2
2023-11-01,0.1538590362339842,0.21565459095276096,0.6,0.0,0.030486372813254843,0.004436382976571564,0.004436382976571564,0.0,1,2
2023-11-02,0.1538590362339842,0.21565459095276096,0.6,0.0,0.030486372813254843,0.009707077251734881,0.009707077251734881,0.0,1,2
2023-11-03,0.1538590362339842,0.21565459095276096,0.6,0.0,0.030486372813254843,0.004763359245180393,0.004763359245180393,0.0,1,2
2023-11-06,0.1538590362339842,0.21565459095276096,0.6,0.0,0.030486372813254843,-0.00638249170052233,-0.00638249170052233,0.0,1,2
2023-11-07,0.1538590362339842,0.21565459095276096,0.6,0.0,0.030486372813254843,0.0012345371246766648,0.0012345371246766648,0.0,1,2
2023-11-08,0.1538590362339842,0.21565459095276096,0.6,0.0,0.030486372813254843,-0.002204709326450329,-0.002204709326450329,0.0,1,2
2023-11-09,0.1538590362339842,0.21565459095276096,0.6,0.0,0.030486372813254843,-0.0036371420699227424,-0.0036371420699227424,0.0,1,2
2023-11-10,0.1538590362339842,0.21565459095276096,0.6,0.0,0.030486372813254843,-0.0029578245352534873,-0.0029578245352534873,0.0,1,2
2023-11-13,0.1538590362339842,0.21565459095276096,0.6,0.0,0.030486372813254843,0.0026647776682083347,0.0026647776682083347,0.0,1,2
2023-11-14,0.16738747554397118,0.2156545909527609,0.5864715606900129,7.342000199248898e-21,0.030486372813254836,0.012885927561392608,0.012879163341737615,0.013528439309987043,1,2
2023-11-15,0.1673874755439712,0.21565459095276093,0.586471560690013,7.3420001992489e-21,0.03048637281325484,-0.004103615880414003,-0.004103615880414003,8.500145032286355e-17,1,2
2023-11-16,0.1673874755439712,0.21565459095276093,0.586471560690013,7.3420001992489e-21,0.03048637281325484,0.009524301827066222,0.009524301827066222,0.0,1,2
2023-11-17,0.1673874755439712,0.21565459095276093,0.586471560690013,7.3420001992489e-21,0.03048637281325484,0.0009893891700334223,0.0009893891700334223,0.0,1,2
2023-11-20,0.1673874755439712,0.21565459095276093,0.586471560690013,7.3420001992489e-21,0.03048637281325484,0.0015542858319290472,0.0015542858319290472,0.0,1,2
2023-11-21,0.1673874755439712,0.21565459095276093,0.586471560690013,7.3420001992489e-21,0.03048637281325484,0.005903901406627266,0.005903901406627266,0.0,1,2
2023-11-22,0.1673874755439712,0.21565459095276093,0.586471560690013,7.3420001992489e-21,0.03048637281325484,-0.0009870284232156648,-0.0009870284232156648,0.0,1,2
2023-11-24,0.1673874755439712,0.21565459095276093,0.586471560690013,7.3420001992489e-21,0.03048637281325484,0.0004791071113696148,0.0004791071113696148,0.0,1,2
2023-11-27,0.1673874755439712,0.21565459095276093,0.586471560690013,7.3420001992489e-21,0.03048637281325484,0.0071897448878353865,0.0071897448878353865,0.0,1,2
2023-11-28,0.1673874755439712,0.21565459095276093,0.586471560690013,7.3420001992489e-21,0.03048637281325484,0.008305039838638279,0.008305039838638279,0.0,1,2
2023-11-29,0.1673874755439712,0.21565459095276093,0.586471560690013,7.3420001992489e-21,0.03048637281325484,0.003492326296469666,0.003492326296469666,0.0,1,2
2023-11-30,0.1673874755439712,0.21565459095276093,0.586471560690013,7.3420001992489e-21,0.03048637281325484,-0.004056186080378277,-0.004056186080378277,0.0,1,2
2023-12-01,0.1673874755439712,0.21565459095276093,0.586471560690013,7.3420001992489e-21,0.03048637281325484,0.015087480612612504,0.015087480612612504,0.0,1,2
2023-12-04,0.1673874755439712,0.21565459095276093,0.586471560690013,7.3420001992489e-21,0.03048637281325484,-0.014276587342212356,-0.014276587342212356,0.0,1,2
2023-12-05,0.1673874755439712,0.21565459095276093,0.586471560690013,7.3420001992489e-21,0.03048637281325484,0.0024981479811498133,0.0024981479811498133,0.0,1,2
2023-12-06,0.1673874755439712,0.21565459095276093,0.586471560690013,7.3420001992489e-21,0.03048637281325484,0.004432305042835432,0.004432305042835432,0.0,1,2
2023-12-07,0.1673874755439712,0.21565459095276093,0.586471560690013,7.3420001992489e-21,0.03048637281325484,0.0008426239416163598,0.0008426239416163598,0.0,1,2
2023-12-08,0.1673874755439712,0.21565459095276093,0.586471560690013,7.3420001992489e-21,0.03048637281325484,-0.008754646310642163,-0.008754646310642163,0.0,1,2
2023-12-11,0.1673874755439712,0.21565459095276093,0.586471560690013,7.3420001992489e-21,0.03048637281325484,-0.006240066127888978,-0.006240066127888978,0.0,1,2
2023-12-12,0.1673874755439712,0.21565459095276093,0.586471560690013,7.3420001992489e-21,0.03048637281325484,0.0010024134136453612,0.0010024134136453612,0.0,1,2
2023-12-13,0.1673874755439712,0.21565459095276093,0.586471560690013,7.3420001992489e-21,0.03048637281325484,0.02034125253657985,0.02034125253657985,0.0,1,2
2023-12-14,0.1673874755439712,0.21565459095276093,0.586471560690013,7.3420001992489e-21,0.03048637281325484,0.009303114460838348,0.009303114460838348,0.0,1,2
2023-12-15,0.1673874755439712,0.21565459095276093,0.586471560690013,7.3420001992489e-21,0.03048637281325484,-0.005211580774269343,-0.005211580774269343,0.0,1,2
2023-12-18,0.1673874755439712,0.21565459095276093,0.586471560690013,7.3420001992489e-21,0.03048637281325484,0.0018846303181546333,0.0018846303181546333,0.0,1,2
2023-12-19,0.1673874755439712,0.21565459095276093,0.586471560690013,7.3420001992489e-21,0.03048637281325484,0.006042303330868063,0.006042303330868063,0.0,1,2
2023-12-20,0.1673874755439712,0.21565459095276093,0.586471560690013,7.3420001992489e-21,0.03048637281325484,-0.0039179469986521075,-0.0039179469986521075,0.0,1,2
2023-12-21,0.1673874755439712,0.21565459095276093,0.586471560690013,7.3420001992489e-21,0.03048637281325484,0.0041685831179171145,0.0041685831179171145,0.0,1,2
2023-12-22,0.1673874755439712,0.21565459095276093,0.586471560690013,7.3420001992489e-21,0.03048637281325484,0.00194485523148202,0.00194485523148202,0.0,1,2
2023-12-26,0.1673874755439712,0.21565459095276093,0.586471560690013,7.3420001992489e-21,0.03048637281325484,0.005721874946670022,0.005721874946670022,0.0,1,2
2023-12-27,0.1673874755439712,0.21565459095276093,0.586471560690013,7.3420001992489e-21,0.03048637281325484,0.006627799415166436,0.006627799415166436,0.0,1,2
2023-12-28,0.1673874755439712,0.21565459095276093,0.586471560690013,7.3420001992489e-21,0.03048637281325484,-0.004811877831152412,-0.004811877831152412,0.0,1,2
2023-12-29,0.1673874755439712,0.21565459095276093,0.586471560690013,7.3420001992489e-21,0.03048637281325484,-0.003292316753004787,-0.003292316753004787,0.0,1,2
2024-01-02,0.1673874755439712,0.21565459095276093,0.586471560690013,7.3420001992489e-21,0.03048637281325484,-0.003301502182345907,-0.003301502182345907,0.0,1,2
2024-01-03,0.1673874755439712,0.21565459095276093,0.586471560690013,7.3420001992489e-21,0.03048637281325484,-0.005256524759594981,-0.005256524759594981,0.0,1,2
2024-01-04,0.1673874755439712,0.21565459095276093,0.586471560690013,7.3420001992489e-21,0.03048637281325484,-0.003226755811088046,-0.003226755811088046,0.0,1,2
2024-01-05,0.1673874755439712,0.21565459095276093,0.586471560690013,7.3420001992489e-21,0.03048637281325484,-0.0017407143992629538,-0.0017407143992629538,0.0,1,2
2024-01-08,0.3250216174196219,0.21565459095276093,0.4288374188143623,0.0,0.03048637281325484,0.0033600790284795193,0.003281261957541694,0.1576341418756507,4,2
2024-01-09,0.28864270610720394,0.25203350226517895,0.4288374188143623,0.0,0.03048637281325484,-0.0018075768671647785,-0.0018257663228209875,0.03637891131241798,1,2
2024-01-10,0.6,0.25203350226517895,0.14796649773482115,0.0,0.0,0.0018809247247296413,0.0017252460777832433,0.31135729389279604,4,2
2024-01-11,0.6,0.25203350226517895,0.14796649773482115,0.0,0.0,0.0014427599391599749,0.0014427599391599749,0.0,4,2
2024-01-12,0.6,0.25203350226517895,0.14796649773482115,0.0,0.0,0.0013696879542557802,0.0013696879542557802,0.0,4,2
2024-01-16,0.6,0.25203350226517895,0.14796649773482115,0.0,0.0,-0.008045755168211727,-0.008045755168211727,0.0,4,2
2024-01-17,0.6,0.25203350226517895,0.14796649773482115,0.0,0.0,-0.005363932419555612,-0.005363932419555612,0.0,4,2
2024-01-18,0.6,0.25203350226517895,0.14796649773482115,0.0,0.0,0.004211099097771754,0.004211099097771754,0.0,4,2
2024-01-19,0.6,0.25203350226517895,0.14796649773482115,0.0,0.0,0.008728062785984769,0.008728062785984769,0.0,4,2
2024-01-22,0.6,0.25203350226517895,0.14796649773482115,0.0,0.0,0.002209796582679003,0.002209796582679003,0.0,4,2
2024-01-23,0.6,0.25203350226517895,0.14796649773482115,0.0,0.0,0.00032962405537860897,0.00032962405537860897,0.0,4,2
2024-01-24,0.6,0.25203350226517895,0.14796649773482115,0.0,0.0,-0.002040590636512244,-0.002040590636512244,0.0,4,2
2024-01-25,0.6,0.25203350226517895,0.14796649773482115,0.0,0.0,0.00549769033134166,0.00549769033134166,0.0,4,2
2024-01-26,0.6,0.25203350226517895,0.14796649773482115,0.0,0.0,-0.0013478860516390931,-0.0013478860516390931,0.0,4,2
2024-01-29,0.6,0.25203350226517895,0.14796649773482115,0.0,0.0,0.008698581216866542,0.008698581216866542,0.0,4,2
2024-01-30,0.6,0.25203350226517895,0.14796649773482115,0.0,0.0,0.0020252087010980565,0.0020252087010980565,0.0,4,2
2024-01-31,0.6,0.25203350226517895,0.14796649773482115,0.0,0.0,-0.007425275760157406,-0.007425275760157406,0.0,4,2
2024-02-01,0.6,0.25203350226517895,0.14796649773482115,0.0,0.0,0.014335715091007287,0.014335715091007287,0.0,4,2
2024-02-02,0.6,0.25203350226517895,0.14796649773482115,0.0,0.0,-0.000649363080128364,-0.000649363080128364,0.0,4,2
2024-02-05,0.6,0.25203350226517895,0.14796649773482115,0.0,0.0,-0.008090185820763155,-0.008090185820763155,0.0,4,2
2024-02-06,0.6,0.25203350226517895,0.14796649773482115,0.0,0.0,0.004978465956120734,0.004978465956120734,0.0,4,2
2024-02-07,0.6,0.25203350226517895,0.14796649773482115,0.0,0.0,0.003745241289323194,0.003745241289323194,0.0,4,2
2024-02-08,0.6,0.25203350226517895,0.14796649773482115,0.0,0.0,-0.0013338936898074775,-0.0013338936898074775,0.0,4,2
2024-02-09,0.6,0.25203350226517895,0.14796649773482115,0.0,0.0,0.0023848724070448754,0.0023848724070448754,0.0,4,2
2024-02-12,0.6,0.25203350226517895,0.14796649773482115,0.0,0.0,-0.0003544290885492407,-0.0003544290885492407,0.0,4,2
2024-02-13,0.6,0.25203350226517895,0.14796649773482115,0.0,0.0,-0.014622663964163483,-0.014622663964163483,0.0,4,2
2024-02-14,0.6,0.25203350226517895,0.14796649773482115,0.0,0.0,0.006647060093206595,0.006647060093206595,0.0,4,2
2024-02-15,0.6,0.25203350226517895,0.14796649773482115,0.0,0.0,0.006438080772967813,0.006438080772967813,0.0,4,2
2024-02-16,0.6,0.25203350226517895,0.14796649773482115,0.0,0.0,-0.003904721421289343,-0.003904721421289343,0.0,4,2
2024-02-20,0.6,0.25203350226517895,0.14796649773482115,0.0,0.0,-0.0021886335016959957,-0.0021886335016959957,0.0,4,2
2024-02-21,0.6,0.25203350226517895,0.14796649773482115,0.0,0.0,-0.001240310108094173,-0.001240310108094173,0.0,4,2
2024-02-22,0.6,0.25203350226517895,0.14796649773482115,0.0,0.0,0.013710881063154766,0.013710881063154766,0.0,4,2
2024-02-23,0.6,0.25203350226517895,0.14796649773482115,0.0,0.0,0.00462383359170228,0.00462383359170228,0.0,4,2
2024-02-26,0.6,0.25203350226517895,0.14796649773482115,0.0,0.0,-0.003278756162779943,-0.003278756162779943,0.0,4,2
2024-02-27,0.6,0.25203350226517895,0.14796649773482115,0.0,0.0,-0.0008200444568687912,-0.0008200444568687912,0.0,4,2
2024-02-28,0.6,0.25203350226517895,0.14796649773482115,0.0,0.0,0.0010749040668910392,0.0010749040668910392,0.0,4,2
2024-02-29,0.6,0.25203350226517895,0.14796649773482115,0.0,0.0,0.004697660005923596,0.004697660005923596,0.0,4,2
2024-03-01,0.6,0.25203350226517895,0.14796649773482115,0.0,0.0,0.010001559363305138,0.010001559363305138,0.0,4,2
2024-03-04,0.6,0.25203350226517895,0.14796649773482115,0.0,0.0,0.00073613410559936,0.00073613410559936,0.0,4,2
2024-03-05,0.6,0.25203350226517895,0.14796649773482115,0.0,0.0,-0.001516345466433857,-0.001516345466433857,0.0,4,2
2024-03-06,0.6,0.25203350226517895,0.14796649773482115,0.0,0.0,0.0057348720776227175,0.0057348720776227175,0.0,4,2
2024-03-07,0.6,0.25203350226517895,0.14796649773482115,0.0,0.0,0.006560658032345269,0.006560658032345269,0.0,4,2
2024-03-08,0.6,0.25203350226517895,0.14796649773482115,0.0,0.0,-0.002797530735190389,-0.002797530735190389,0.0,4,2
2024-03-11,0.6,0.25203350226517895,0.14796649773482115,0.0,0.0,-0.00037597657043573416,-0.00037597657043573416,0.0,4,2
2024-03-12,0.6,0.25203350226517895,0.14796649773482115,0.0,0.0,0.0027282988162188613,0.0027282988162188613,0.0,4,2
2024-03-13,0.6,0.25203350226517895,0.14796649773482115,0.0,0.0,-0.0011255268160457286,-0.0011255268160457286,0.0,4,2
2024-03-14,0.6,0.25203350226517895,0.14796649773482115,0.0,0.0,-0.005674323901167018,-0.005674323901167018,0.0,4,2
2024-03-15,0.6,0.25203350226517895,0.14796649773482115,0.0,0.0,-0.004673937779779978,-0.004673937779779978,0.0,4,2
2024-03-18,0.6,0.25203350226517895,0.14796649773482115,0.0,0.0,0.003043690925236575,0.003043690925236575,0.0,4,2
2024-03-19,0.6,0.25203350226517895,0.14796649773482115,0.0,0.0,0.003871226017145347,0.003871226017145347,0.0,4,2
2024-03-20,0.6,0.25203350226517895,0.14796649773482115,0.0,0.0,0.007230814573970605,0.007230814573970605,0.0,4,2
2024-03-21,0.6,0.25203350226517895,0.14796649773482115,0.0,0.0,0.0023716873780924522,0.0023716873780924522,0.0,4,2
2024-03-22,0.6,0.25203350226517895,0.14796649773482115,0.0,0.0,8.545505262337562e-05,8.545505262337562e-05,0.0,4,2
2024-03-25,0.6,0.25203350226517895,0.14796649773482115,0.0,0.0,-0.0024454002985828567,-0.0024454002985828567,0.0,4,2
2024-03-26,0.6,0.25203350226517895,0.14796649773482115,0.0,0.0,7.089974541493673e-05,7.089974541493673e-05,0.0,4,2
2024-03-27,0.6,0.25203350226517895,0.14796649773482115,0.0,0.0,0.008613443183128792,0.008613443183128792,0.0,4,2
2024-03-28,0.6,0.25203350226517895,0.14796649773482115,0.0,0.0,0.0015810961239237401,0.0015810961239237401,0.0,4,2
2024-04-01,0.6,0.25203350226517895,0.14796649773482115,0.0,0.0,-0.004231524509435648,-0.004231524509435648,0.0,4,2
2024-04-02,0.6,0.25203350226517895,0.14796649773482115,0.0,0.0,-0.0030177946530513117,-0.0030177946530513117,0.0,4,2
2024-04-03,0.6,0.25203350226517895,0.14796649773482115,0.0,0.0,0.0019023007980174182,0.0019023007980174182,0.0,4,2
2024-04-04,0.6,0.25203350226517895,0.14796649773482115,0.0,0.0,-0.006364613544352754,-0.006364613544352754,0.0,4,2
2024-04-05,0.6,0.25203350226517895,0.14796649773482115,0.0,0.0,0.005292392373697547,0.005292392373697547,0.0,4,2
2024-04-08,0.6,0.25203350226517895,0.14796649773482115,0.0,0.0,0.001229599118353075,0.001229599118353075,0.0,4,2
2024-04-09,0.6,0.25203350226517895,0.14796649773482115,0.0,0.0,0.0038518844254390346,0.0038518844254390346,0.0,4,2
2024-04-10,0.6,0.25203350226517895,0.14796649773482115,0.0,0.0,-0.012900898180965174,-0.012900898180965174,0.0,4,2
2024-04-11,0.583538159263544,0.26849534300163486,0.14796649773482115,7.34636075339253e-20,0.0,0.0060593520114593236,0.006051121091091095,0.01646184073645593,4,2
2024-04-12,0.37393830673546136,0.30505434216784766,0.32100735109669104,0.0,0.0,-0.007781008925731445,-0.007885808851995487,0.20959985252808266,1,2
2024-04-15,0.3028621535126815,0.30505434216784766,0.3637656639886731,5.0038759875652056e-20,0.02831784033079783,-0.0016659519196111938,-0.0017014899962225836,0.07107615322277988,1,2
2024-04-16,0.24975058591013247,0.30505434216784766,0.39457053265738123,6.0424296854595465e-19,0.05062453926463868,-0.0019279745276094037,-0.0019545303114106784,0.053111567602548995,1,2
2024-04-17,0.24975058591013247,0.30505434216784766,0.39457053265738123,6.0424296854595465e-19,0.05062453926463868,-0.0011572523855145674,-0.0011572523855145674,0.0,1,2
2024-04-18,0.24811280127566304,0.3050543421678477,0.39457053265738135,2.3079369460504566e-19,0.05226232389910806,-0.0005916539068327784,-0.0005924727991500131,0.0016377846344694839,1,2
2024-04-19,0.248112801275663,0.30505434216784766,0.39457053265738123,2.307936946050456e-19,0.052262323899108044,0.00016879618003384507,0.000168796180033845,1.1796119636642288e-16,1,2
2024-04-22,0.24811280127566304,0.3050543421678477,0.39457053265738135,2.3079369460504566e-19,0.05226232389910806,-0.007957096079847455,-0.007957096079847455,1.1796119636642288e-16,1,2
2024-04-23,0.248112801275663,0.30505434216784766,0.39457053265738123,2.307936946050456e-19,0.052262323899108044,0.0018600187257749375,0.0018600187257749375,1.1796119636642288e-16,1,2
2024-04-24,0.24811280127566304,0.3050543421678477,0.39457053265738135,2.3079369460504566e-19,0.05226232389910806,-0.0029558113717955783,-0.0029558113717955783,1.1796119636642288e-16,1,2
2024-04-25,0.248112801275663,0.30505434216784766,0.39457053265738123,2.307936946050456e-19,0.052262323899108044,-0.0008379565569550914,-0.0008379565569550915,1.1796119636642288e-16,1,2
2024-04-26,0.24811280127566304,0.3050543421678477,0.39457053265738135,2.3079369460504566e-19,0.05226232389910806,0.005464660746530527,0.005464660746530527,1.1796119636642288e-16,1,2
2024-04-29,0.248112801275663,0.30505434216784766,0.39457053265738123,2.307936946050456e-19,0.052262323899108044,0.0024726271648843594,0.0024726271648843594,1.1796119636642288e-16,1,2
2024-04-30,0.2962173130153176,0.3050543421678477,0.34646602091772666,6.085655026838353e-19,0.05226232389910806,-0.013878834257317998,-0.013902886513187825,0.04810451173965464,4,2
2024-05-01,0.5847267476663852,0.3050543421678477,0.11021891016576715,4.637201648089077e-19,3.752475072320429e-17,0.0013485797351005693,0.0012043250177750356,0.28850943465106754,4,2
2024-05-02,0.6,0.3050543421678477,0.09494565783215238,0.0,0.0,0.006627989276222213,0.006620352650055405,0.015273252333614788,4,2
2024-05-03,0.6,0.3050543421678477,0.09494565783215238,0.0,0.0,0.010448314727447379,0.010448314727447379,0.0,4,2
2024-05-06,0.6,0.3050543421678477,0.09494565783215238,0.0,0.0,0.008383085714148473,0.008383085714148473,0.0,4,2
2024-05-07,0.6,0.3050543421678477,0.09494565783215238,0.0,0.0,0.0020857531084186942,0.0020857531084186942,0.0,4,2
2024-05-08,0.6,0.3050543421678477,0.09494565783215238,0.0,0.0,-0.0020704100223889257,-0.0020704100223889257,0.0,4,2
2024-05-09,0.6,0.3050543421678477,0.09494565783215238,0.0,0.0,0.006443621683250639,0.006443621683250639,0.0,4,2
2024-05-10,0.6,0.3050543421678477,0.09494565783215238,0.0,0.0,-0.0001735972156824482,-0.0001735972156824482,0.0,4,2
2024-05-13,0.6,0.3050543421678477,0.09494565783215238,0.0,0.0,-0.00020430591519757972,-0.00020430591519757972,0.0,4,2
2024-05-14,0.6,0.3050543421678477,0.09494565783215238,0.0,0.0,0.005278234678449026,0.005278234678449026,0.0,4,2
2024-05-15,0.6,0.3050543421678477,0.09494565783215238,0.0,0.0,0.01281195446526693,0.01281195446526693,0.0,4,2
2024-05-16,0.6,0.3050543421678477,0.09494565783215238,0.0,0.0,-0.001902256519410521,-0.001902256519410521,0.0,4,2
2024-05-17,0.6,0.3050543421678477,0.09494565783215238,0.0,0.0,0.000373271382637496,0.000373271382637496,0.0,4,2
2024-05-20,0.6,0.3050543421678477,0.09494565783215238,0.0,0.0,0.0001722047541165123,0.0001722047541165123,0.0,4,2
2024-05-21,0.6,0.3050543421678477,0.09494565783215238,0.0,0.0,0.0029054185106029097,0.0029054185106029097,0.0,4,2
2024-05-22,0.6,0.3050543421678477,0.09494565783215238,0.0,0.0,-0.0031056556767154186,-0.0031056556767154186,0.0,4,2
2024-05-23,0.6,0.3050543421678477,0.09494565783215238,0.0,0.0,-0.00823907426332778,-0.00823907426332778,0.0,4,2
2024-05-24,0.6,0.3050543421678477,0.09494565783215238,0.0,0.0,0.00496198939064864,0.00496198939064864,0.0,4,2
2024-05-28,0.6,0.3050543421678477,0.09494565783215238,0.0,0.0,-0.0029557250736284013,-0.0029557250736284013,0.0,4,2
2024-05-29,0.6,0.3050543421678477,0.09494565783215238,0.0,0.0,-0.00877654186525644,-0.00877654186525644,0.0,4,2
2024-05-30,0.6,0.3050543421678477,0.09494565783215238,0.0,0.0,-0.0008518061621024479,-0.0008518061621024479,0.0,4,2
2024-05-31,0.6,0.3050543421678477,0.09494565783215238,0.0,0.0,0.00697945704479388,0.00697945704479388,0.0,4,2
2024-06-03,0.6,0.3050543421678477,0.09494565783215238,0.0,0.0,0.006269953283834286,0.006269953283834286,0.0,4,2
2024-06-04,0.6,0.3050543421678477,0.09494565783215238,0.0,0.0,0.0033816656513447133,0.0033816656513447133,0.0,4,4
2024-06-05,0.6,0.3050543421678477,0.09494565783215238,0.0,0.0,0.010494448020409781,0.010494448020409781,0.0,4,4
2024-06-06,0.6,0.3050543421678477,0.09494565783215238,0.0,0.0,0.00023269800037600103,0.00023269800037600103,0.0,4,4
2024-06-07,0.6,0.3050543421678477,0.09494565783215238,0.0,0.0,-0.009713456761177724,-0.009713456761177724,0.0,4,4
2024-06-10,0.6,0.3050543421678477,0.09494565783215238,0.0,0.0,0.0006905499555138906,0.0006905499555138906,0.0,4,4
2024-06-11,0.6,0.3050543421678477,0.09494565783215238,0.0,0.0,0.004871052274040168,0.004871052274040168,0.0,4,4
2024-06-12,0.6,0.3050543421678477,0.09494565783215238,0.0,0.0,0.007472770978719864,0.007472770978719864,0.0,4,4
2024-06-13,0.6,0.3050543421678477,0.09494565783215238,0.0,0.0,0.0049183208468550794,0.0049183208468550794,0.0,4,4
2024-06-14,0.6,0.3050543421678477,0.09494565783215238,0.0,0.0,0.00416263805423521,0.00416263805423521,0.0,4,4
2024-06-17,0.6,0.3050543421678477,0.09494565783215238,0.0,0.0,0.0012534255533369005,0.0012534255533369005,0.0,4,4
2024-06-18,0.6,0.3050543421678477,0.09494565783215238,0.0,0.0,0.004703963448857387,0.004703963448857387,0.0,4,4
2024-06-20,0.6,0.3050543421678477,0.09494565783215238,0.0,0.0,-0.0024765184920093543,-0.0024765184920093543,0.0,4,4
2024-06-21,0.6,0.3050543421678477,0.09494565783215238,0.0,0.0,-0.0022753100330131977,-0.0022753100330131977,0.0,4,4
2024-06-24,0.6,0.3050543421678477,0.09494565783215238,0.0,0.0,-0.0003408593065158134,-0.0003408593065158134,0.0,4,4
2024-06-25,0.6,0.3050543421678477,0.09494565783215238,0.0,0.0,0.0023565940591723927,0.0023565940591723927,0.0,4,4
2024-06-26,0.6,0.3050543421678477,0.09494565783215238,0.0,0.0,-0.004485147468245019,-0.004485147468245019,0.0,4,4
2024-06-27,0.6,0.3050543421678477,0.09494565783215238,0.0,0.0,0.0032339583784867557,0.0032339583784867557,0.0,4,4
2024-06-28,0.6,0.3050543421678477,0.09494565783215238,0.0,0.0,-0.00802805358744791,-0.00802805358744791,0.0,4,4
2024-07-01,0.6,0.3050543421678477,0.09494565783215238,0.0,0.0,-0.0037827232264327606,-0.0037827232264327606,0.0,4,4
2024-07-02,0.6,0.3050543421678477,0.09494565783215238,0.0,0.0,0.006408587815712508,0.006408587815712508,0.0,4,4
2024-07-03,0.6,0.3050543421678477,0.09494565783215238,0.0,0.0,0.007754092333983262,0.007754092333983262,0.0,4,4
2024-07-05,0.6,0.3050543421678477,0.09494565783215238,0.0,0.0,0.0072659884096227985,0.0072659884096227985,0.0,4,4
2024-07-08,0.6,0.3050543421678477,0.09494565783215238,0.0,0.0,0.00017388819274565676,0.00017388819274565676,0.0,4,4
2024-07-09,0.6,0.3050543421678477,0.09494565783215238,0.0,0.0,-0.0006038036346053639,-0.0006038036346053639,0.0,4,4
2024-07-10,0.6,0.3050543421678477,0.09378033238627835,0.0011653254458740378,0.0,0.007248676612751739,0.007248093950028802,0.0011653254458740324,4,4
2024-07-11,0.6,0.3050543421678477,0.09378033238627835,0.0011653254458740378,0.0,-0.0005401880462858515,-0.0005401880462858515,0.0,4,4
2024-07-12,0.6,0.3050543421678477,0.09378033238627835,0.0011653254458740378,0.0,0.005020348349478784,0.005020348349478784,0.0,4,4
2024-07-15,0.6,0.3050543421678477,0.09378033238627835,0.0011653254458740378,0.0,-0.001556372591139609,-0.001556372591139609,0.0,4,4
2024-07-16,0.6000000000000001,0.30505434216784777,0.0810411548926449,0.013904502939507414,0.0,0.009292387071997733,0.009286017483250917,0.012739177493633493,4,4
2024-07-17,0.5999999999999999,0.3050543421678477,0.08104115489264489,0.01390450293950741,0.0,-0.008449668946807149,-0.008449668946807149,1.474514954580286e-16,4,4
2024-07-18,0.6,0.30505434216784777,0.0810411548926449,0.013904502939507412,0.0,-0.007584255190536541,-0.007584255190536541,9.107298248878237e-17,4,4
2024-07-19,0.5999999999999999,0.3050543421678477,0.08104115489264489,0.013904502939507409,0.0,-0.007563825498391612,-0.007563825498391612,9.194034422677078e-17,4,4
2024-07-22,0.6,0.30505434216784777,0.0810411548926449,0.01390450293950741,0.0,0.005257529549231627,0.005257529549231627,9.107298248878237e-17,4,4
2024-07-23,0.5999999999999999,0.3050543421678477,0.08104115489264489,0.013904502939507407,0.0,-0.0012633363253670518,-0.0012633363253670518,9.194034422677078e-17,4,4
2024-07-24,0.6,0.30505434216784777,0.0810411548926449,0.013904502939507409,0.0,-0.0171443182247785,-0.0171443182247785,9.107298248878237e-17,4,4
2024-07-25,0.5999999999999999,0.3050543421678477,0.08104115489264489,0.013904502939507405,0.0,-0.0017764883348625237,-0.0017764883348625237,9.194034422677078e-17,4,4
2024-07-26,0.6,0.30505434216784777,0.0810411548926449,0.013904502939507407,0.0,0.009711689311751514,0.009711689311751514,9.107298248878237e-17,4,4
2024-07-29,0.5999999999999999,0.3050543421678477,0.08104115489264489,0.013904502939507403,0.0,0.0017109947415349966,0.0017109947415349966,9.194034422677078e-17,4,4
2024-07-30,0.6,0.2981003338302235,0.08104115489264489,0.02085851127713176,1.730681285918155e-19,-0.0012852238206868352,-0.0012887008248556474,0.006954008337624344,4,4
2024-07-31,0.6,0.2981003338302235,0.08104115489264489,0.02085851127713176,1.730681285918155e-19,0.015188586889226429,0.015188586889226429,0.0,4,4
2024-08-01,0.6,0.2981003338302235,0.08104115489264489,0.02085851127713176,1.730681285918155e-19,-0.0065936573992953895,-0.0065936573992953895,0.0,4,4
2024-08-02,0.6,0.2981003338302235,0.08104115489264489,0.02085851127713176,1.730681285918155e-19,-0.0028289736079652114,-0.0028289736079652114,0.0,4,4
2024-08-05,0.45789445739837564,0.2981003338302235,0.2440052087714009,0.0,0.0,-0.01485523834555877,-0.01493672037249815,0.16296405387875607,3,4
2024-08-06,0.39523911734245043,0.2981003338302235,0.3066605488273261,0.0,1.929285475092253e-19,-0.005477612286504888,-0.00550893995653285,0.0626553400559252,3,4
2024-08-07,0.39523911734245043,0.2981003338302235,0.3066605488273261,0.0,1.929285475092253e-19,-0.004948894186748477,-0.004948894186748477,0.0,3,4
2024-08-08,0.39523911734245043,0.2981003338302235,0.3066605488273261,0.0,1.929285475092253e-19,0.012114047077945648,0.012114047077945648,0.0,3,4
2024-08-09,0.39523911734245043,0.2981003338302235,0.3066605488273261,0.0,1.929285475092253e-19,0.005435514282865928,0.005435514282865928,0.0,3,4
2024-08-12,0.39523911734245043,0.2981003338302235,0.3066605488273261,0.0,1.929285475092253e-19,0.0065491510955004795,0.0065491510955004795,0.0,3,4
2024-08-13,0.39523911734245043,0.2981003338302235,0.3066605488273261,0.0,1.929285475092253e-19,0.008097481295041389,0.008097481295041389,0.0,3,4
2024-08-14,0.39523911734245043,0.2981003338302235,0.3066605488273261,0.0,1.929285475092253e-19,0.0006149474752648763,0.0006149474752648763,0.0,3,4
2024-08-15,0.4201199364429202,0.2981003338302235,0.28177972972685633,0.0,2.769124072625856e-20,0.005679682420178389,0.005667242010628154,0.02488081910046977,4,4
2024-08-16,0.5999999999999999,0.27062183610395446,0.11108708684218399,0.018291077053861616,0.0,0.004522187701103951,0.0044231021307984805,0.19817114061094132,4,4
2024-08-19,0.6000000000000001,0.2706218361039545,0.0963689324087357,0.033009231487309866,1.8173313272426993e-19,0.005989871329405041,0.005982512252188317,0.014718154433448408,4,4
2024-08-20,0.6,0.2706218361039545,0.0963689324087357,0.033009231487309866,1.8173313272426993e-19,0.0012902226351103453,0.0012902226351103453,5.551115123125783e-17,4,4
2024-08-21,0.6,0.2706218361039545,0.0963689324087357,0.033009231487309866,1.8173313272426993e-19,0.001547988419338122,0.001547988419338122,0.0,4,4
2024-08-22,0.6,0.2706218361039545,0.0963689324087357,0.033009231487309866,1.8173313272426993e-19,-0.008103639545165423,-0.008103639545165423,0.0,4,4
2024-08-23,0.6,0.2706218361039545,0.0963689324087357,0.033009231487309866,1.8173313272426993e-19,0.010144144014824321,0.010144144014824321,0.0,4,4
2024-08-26,0.6,0.2706218361039545,0.09429584975349681,0.03508231414254877,8.83445253761791e-20,-0.0007584916607199005,-0.00075952820204752,0.0020730826552388983,4,4
2024-08-27,0.6,0.2706218361039545,0.09429584975349681,0.03508231414254877,8.83445253761791e-20,6.3393523853472016e-06,6.3393523853472016e-06,0.0,4,4
2024-08-28,0.6,0.2706218361039545,0.09429584975349681,0.03508231414254877,8.83445253761791e-20,-0.004940451970534041,-0.004940451970534041,0.0,4,4
2024-08-29,0.6,0.2706218361039545,0.09429584975349681,0.03508231414254877,8.83445253761791e-20,0.00025657324001689423,0.00025657324001689423,0.0,4,4
2024-08-30,0.6,0.2706218361039545,0.09429584975349681,0.03508231414254877,8.83445253761791e-20,0.0010593410298013316,0.0010593410298013316,0.0,4,4
2024-09-03,0.6,0.2706218361039545,0.09429584975349681,0.03508231414254877,8.83445253761791e-20,-0.009862715920181724,-0.009862715920181724,0.0,4,4
2024-09-04,0.6,0.2706218361039545,0.09429584975349681,0.03508231414254877,8.83445253761791e-20,0.001587330586301166,0.001587330586301166,0.0,4,4
2024-09-05,0.6,0.2706218361039545,0.09429584975349681,0.03508231414254877,8.83445253761791e-20,0.0009981168731925752,0.0009981168731925752,0.0,4,4
2024-09-06,0.6,0.2706218361039545,0.09429584975349681,0.03508231414254877,8.83445253761791e-20,-0.011305236899389505,-0.011305236899389505,0.0,4,4
2024-09-09,0.6,0.2706218361039545,0.09429584975349681,0.03508231414254877,8.83445253761791e-20,0.008456246078811689,0.008456246078811689,0.0,4,4
2024-09-10,0.6,0.2706218361039545,0.09429584975349681,0.03508231414254877,8.83445253761791e-20,0.0037532308315021837,0.0037532308315021837,0.0,4,4
2024-09-11,0.6,0.2706218361039545,0.09429584975349681,0.03508231414254877,8.83445253761791e-20,0.006256664704026778,0.006256664704026778,0.0,4,4
2024-09-12,0.6,0.2706218361039545,0.09429584975349681,0.03508231414254877,8.83445253761791e-20,0.006501225786259559,0.006501225786259559,0.0,4,4
2024-09-13,0.6,0.2706218361039545,0.09429584975349681,0.03508231414254877,8.83445253761791e-20,0.004775673042068685,0.004775673042068685,0.0,4,4
2024-09-16,0.6,0.2706218361039545,0.09429584975349681,0.03508231414254877,8.83445253761791e-20,0.00388034700289918,0.00388034700289918,0.0,4,4
2024-09-17,0.6,0.2706218361039545,0.09429584975349681,0.03508231414254877,8.83445253761791e-20,-0.0011692707709946978,-0.0011692707709946978,0.0,4,4
2024-09-18,0.6,0.2706218361039545,0.09429584975349681,0.03508231414254877,8.83445253761791e-20,-0.006379706565083688,-0.006379706565083688,0.0,4,4
2024-09-19,0.6,0.2706218361039545,0.09429584975349681,0.03508231414254877,8.83445253761791e-20,0.011844985566210975,0.011844985566210975,0.0,4,4
2024-09-20,0.6,0.2706218361039545,0.09429584975349681,0.03508231414254877,8.83445253761791e-20,-0.0007926577348337985,-0.0007926577348337985,0.0,4,4
2024-09-23,0.6,0.2706218361039545,0.09429584975349681,0.03508231414254877,8.83445253761791e-20,0.0007850528324393261,0.0007850528324393261,0.0,4,4
2024-09-24,0.6,0.2706218361039545,0.09429584975349681,0.03508231414254877,8.83445253761791e-20,0.003484271972325257,0.003484271972325257,0.0,4,4
2024-09-25,0.6,0.2706218361039545,0.09429584975349681,0.03508231414254877,8.83445253761791e-20,-0.004569530495201127,-0.004569530495201127,0.0,4,4
2024-09-26,0.6,0.2706218361039545,0.09429584975349681,0.03508231414254877,8.83445253761791e-20,0.0022824434649319856,0.0022824434649319856,0.0,4,4
2024-09-27,0.6,0.2706218361039545,0.09429584975349681,0.03508231414254877,8.83445253761791e-20,0.00042970542410362034,0.00042970542410362034,0.0,4,4
2024-09-30,0.6,0.2706218361039545,0.09429584975349681,0.03508231414254877,8.83445253761791e-20,0.00018486918030706685,0.00018486918030706685,0.0,4,4
2024-10-01,0.6,0.2706218361039545,0.09429584975349681,0.03508231414254877,8.83445253761791e-20,-0.0013331813563685242,-0.0013331813563685242,0.0,4,4
2024-10-02,0.6,0.2706218361039545,0.09429584975349681,0.03508231414254877,8.83445253761791e-20,-0.001691907059291397,-0.001691907059291397,0.0,4,4
2024-10-03,0.6,0.2706218361039545,0.09429584975349681,0.03508231414254877,8.83445253761791e-20,-0.0022795181987023093,-0.0022795181987023093,0.0,4,4
2024-10-04,0.6,0.2706218361039545,0.09429584975349681,0.03508231414254877,8.83445253761791e-20,0.0022224680315289145,0.0022224680315289145,0.0,4,4
2024-10-07,0.6,0.2706218361039545,0.09429584975349681,0.03508231414254877,8.83445253761791e-20,-0.0064734136270928715,-0.0064734136270928715,0.0,4,4
2024-10-08,0.6,0.2706218361039545,0.09429584975349681,0.03508231414254877,8.83445253761791e-20,0.003925612413015901,0.003925612413015901,0.0,4,4
2024-10-09,0.6,4.75151586793719e-17,1.1120727060590068e-17,0.21001814384260634,0.1899818561573937,0.0035202801990673726,0.003337821356138647,0.36491768585745127,2,4
2024-10-10,0.6,4.75151586793719e-17,1.1120727060590068e-17,0.21001814384260634,0.1899818561573937,0.0059172658981019215,0.0059172658981019215,0.0,2,4
2024-10-11,0.6,4.75151586793719e-17,1.1120727060590068e-17,0.21001814384260634,0.1899818561573937,0.002968692601318855,0.002968692601318855,0.0,2,4
2024-10-14,0.6,4.75151586793719e-17,1.1120727060590068e-17,0.21001814384260634,0.1899818561573937,0.0012721227332862374,0.0012721227332862374,0.0,2,4
2024-10-15,0.6,4.75151586793719e-17,1.1120727060590068e-17,0.21001814384260634,0.1899818561573937,-0.013298636862144997,-0.013298636862144997,0.0,2,4
2024-10-16,0.6,4.75151586793719e-17,1.1120727060590068e-17,0.21001814384260634,0.1899818561573937,0.002093969815390142,0.002093969815390142,0.0,2,4
2024-10-17,0.6,4.75151586793719e-17,1.1120727060590068e-17,0.21001814384260634,0.1899818561573937,0.0012789185070957456,0.0012789185070957456,0.0,2,4
2024-10-18,0.6,4.75151586793719e-17,1.1120727060590068e-17,0.21001814384260634,0.1899818561573937,-0.0018003444768246546,-0.0018003444768246546,0.0,2,4
2024-10-21,0.6,4.75151586793719e-17,1.1120727060590068e-17,0.21001814384260634,0.1899818561573937,0.0024547005151769235,0.0024547005151769235,0.0,2,4
2024-10-22,0.6,4.75151586793719e-17,1.1120727060590068e-17,0.21001814384260634,0.1899818561573937,0.004875770801061454,0.004875770801061454,0.0,2,4
2024-10-23,0.39726010432829784,0.2608907032851856,0.3383975971699189,2.9832003690040925e-17,0.0034515952165977593,-0.00840253581790339,-0.008702179968130943,0.5992883004551044,3,4
2024-10-24,0.39726010432829784,0.2608907032851856,0.3383975971699189,2.9832003690040925e-17,0.0034515952165977593,0.005121556876017954,0.005121556876017954,0.0,3,4
2024-10-25,0.39726010432829784,0.2608907032851856,0.3383975971699189,2.9832003690040925e-17,0.0034515952165977593,-0.0008935138336286469,-0.0008935138336286469,0.0,3,4
2024-10-28,0.39726010432829784,0.2608907032851856,0.3383975971699189,2.9832003690040925e-17,0.0034515952165977593,0.0005336687326426388,0.0005336687326426388,0.0,3,4
2024-10-29,0.39726010432829784,0.2608907032851856,0.3383975971699189,2.9832003690040925e-17,0.0034515952165977593,0.004728281201691311,0.004728281201691311,0.0,3,4
2024-10-30,0.39726010432829784,0.2608907032851856,0.3383975971699189,2.9832003690040925e-17,0.0034515952165977593,0.0014186330548924238,0.0014186330548924238,0.0,3,4
2024-10-31,0.39726010432829784,0.2608907032851856,0.3383975971699189,2.9832003690040925e-17,0.0034515952165977593,-0.012609528765424446,-0.012609528765424446,0.0,3,4
2024-11-01,0.39726010432829784,0.2608907032851856,0.3383975971699189,2.9832003690040925e-17,0.0034515952165977593,-0.003375522046003102,-0.003375522046003102,0.0,3,4
2024-11-04,0.39726010432829784,0.2608907032851856,0.3383975971699189,2.9832003690040925e-17,0.0034515952165977593,0.0036634549869963735,0.0036634549869963735,0.0,3,4
2024-11-05,0.39726010432829784,0.2608907032851856,0.3383975971699189,2.9832003690040925e-17,0.0034515952165977593,0.006938121539866891,0.006938121539866891,0.0,3,4
2024-11-06,0.39726010432829784,0.0,2.402724431935074e-17,0.23342434442101126,0.369315551250691,0.015251512818494507,0.014951868668266954,0.5992883004551045,2,4
2024-11-07,0.39726010432829784,0.0,2.402724431935074e-17,0.23342434442101126,0.369315551250691,0.0004489116321384069,0.0004489116321384069,0.0,2,4
2024-11-08,0.39726010432829784,0.0,2.402724431935074e-17,0.23342434442101126,0.369315551250691,-0.0005434330806405919,-0.0005434330806405919,0.0,2,4
2024-11-11,0.39726010432829784,0.0,2.402724431935074e-17,0.23342434442101126,0.369315551250691,-0.004484960054959276,-0.004484960054959276,0.0,2,4
2024-11-12,0.39726010432829784,0.0,2.402724431935074e-17,0.23342434442101126,0.369315551250691,-0.00043961599624475387,-0.00043961599624475387,0.0,2,4
2024-11-13,0.39726010432829784,0.0,2.402724431935074e-17,0.23342434442101126,0.369315551250691,0.0024305058769350752,0.0024305058769350752,0.0,2,4
2024-11-14,0.39726010432829784,0.0,2.402724431935074e-17,0.23342434442101126,0.369315551250691,0.0007714442024793857,0.0007714442024793857,0.0,2,4
2024-11-15,0.39726010432829784,0.0,2.402724431935074e-17,0.23342434442101126,0.369315551250691,-0.010498681924248018,-0.010498681924248018,0.0,2,4
2024-11-18,0.39726010432829784,0.0,2.402724431935074e-17,0.23342434442101126,0.369315551250691,0.0075501333975929305,0.0075501333975929305,0.0,2,4
2024-11-19,0.39726010432829784,0.0,2.402724431935074e-17,0.23342434442101126,0.369315551250691,0.0021060483508426077,0.0021060483508426077,0.0,2,4
2024-11-20,0.39726010432829784,0.22672564626005653,0.3091787351315807,5.1767659066035407e-17,0.06683551428006498,0.0014860760974186554,0.0012181239067228368,0.5359043813916372,3,4
2024-11-21,0.39726010432829784,0.22672564626005653,0.3091787351315807,5.1767659066035407e-17,0.06683551428006498,0.004757692058922834,0.004757692058922834,0.0,3,4
2024-11-22,0.39726010432829784,0.22672564626005653,0.3091787351315807,5.1767659066035407e-17,0.06683551428006498,0.0056972698090699825,0.0056972698090699825,0.0,3,4
2024-11-25,0.3972601043282979,0.23282510642836035,0.315185054768697,0.0,0.05472973447464481,-0.002289065757813585,-0.002295118647716295,0.012105779805420219,3,4
2024-11-26,0.3817722857403977,0.24100950552525166,0.3348925096685574,1.3629102804372275e-19,0.04232569906579327,0.0017630968349807246,0.0017491509079823487,0.027891853996751717,3,4
2024-11-27,0.3817722857403977,0.24100950552525166,0.3348925096685574,1.3629102804372275e-19,0.04232569906579327,0.0008925878186360706,0.0008925878186360706,0.0,3,4
2024-11-29,0.3817722857403977,0.24100950552525166,0.3348925096685574,1.3629102804372275e-19,0.04232569906579327,0.007676653439109836,0.007676653439109836,0.0,3,4
2024-12-02,0.4819866796818522,0.24100950552525166,0.2770038147928961,8.307556846735075e-19,0.0,-0.0009819796387873832,-0.0010320868357581105,0.10021439394145454,4,4
2024-12-03,0.6,0.24100950552525166,0.12929578199921868,0.029694712475529652,3.2014161764069777e-19,-0.0007051602694425361,-0.0007790142858393748,0.14770803279367742,4,2
2024-12-04,0.6,0.24100950552525166,0.12929578199921868,0.029694712475529652,3.2014161764069777e-19,0.00623606817235273,0.00623606817235273,0.0,4,2
2024-12-05,0.6,0.24100950552525166,0.12929578199921868,0.029694712475529652,3.2014161764069777e-19,-0.0016263603667477531,-0.0016263603667477531,0.0,4,2
2024-12-06,0.6,0.24100950552525166,0.12929578199921868,0.029694712475529652,3.2014161764069777e-19,0.0010323181521232267,0.0010323181521232267,0.0,4,2
2024-12-09,0.6,0.24100950552525166,0.12929578199921868,0.029694712475529652,3.2014161764069777e-19,-0.003635411419171655,-0.003635411419171655,0.0,4,2
2024-12-10,0.6,0.24100950552525166,0.12929578199921868,0.029694712475529652,3.2014161764069777e-19,-0.0012013520366480899,-0.0012013520366480899,0.0,4,2
2024-12-11,0.6,0.24100950552525166,0.12929578199921868,0.029694712475529652,3.2014161764069777e-19,0.004395057660042521,0.004395057660042521,0.0,4,2
2024-12-12,0.6,0.24100950552525166,0.12929578199921868,0.029694712475529652,3.2014161764069777e-19,-0.007963759419082983,-0.007963759419082983,0.0,4,2
2024-12-13,0.6,0.24100950552525166,0.12929578199921868,0.029694712475529652,3.2014161764069777e-19,-0.0037376697968213627,-0.0037376697968213627,0.0,4,2
2024-12-16,0.6,0.24100950552525166,0.12929578199921868,0.029694712475529652,3.2014161764069777e-19,0.003392034292736479,0.003392034292736479,0.0,4,2
2024-12-17,0.6,0.24100950552525166,0.12929578199921868,0.029694712475529652,3.2014161764069777e-19,-0.0025432742399328287,-0.0025432742399328287,0.0,4,2
2024-12-18,0.6,0.24100950552525166,0.12929578199921868,0.029694712475529652,3.2014161764069777e-19,-0.02352200991090598,-0.02352200991090598,0.0,4,2
2024-12-19,0.6,0.24100950552525166,0.12929578199921868,0.029694712475529652,3.2014161764069777e-19,-0.003784176304714771,-0.003784176304714771,0.0,4,2
2024-12-20,0.6,0.24100950552525166,0.12929578199921868,0.029694712475529652,3.2014161764069777e-19,0.010128453603507642,0.010128453603507642,0.0,4,2
2024-12-23,0.6,0.24100950552525166,0.12929578199921868,0.029694712475529652,3.2014161764069777e-19,0.0007572709955612246,0.0007572709955612246,0.0,4,2
2024-12-24,0.6,0.24100950552525166,0.12929578199921868,0.029694712475529652,3.2014161764069777e-19,0.00818542885152892,0.00818542885152892,0.0,4,2
2024-12-26,0.6,0.24100950552525166,0.12929578199921868,0.029694712475529652,3.2014161764069777e-19,0.000566268404353324,0.000566268404353324,0.0,4,2
2024-12-27,0.6,0.24100950552525166,0.12929578199921868,0.029694712475529652,3.2014161764069777e-19,-0.0088878737911818,-0.0088878737911818,0.0,4,2
2024-12-30,0.6,0.24100950552525166,0.12929578199921868,0.029694712475529652,3.2014161764069777e-19,-0.0049324600045386816,-0.0049324600045386816,0.0,4,2
2024-12-31,0.6,0.24100950552525166,0.12929578199921868,0.029694712475529652,3.2014161764069777e-19,-0.0023773094220801852,-0.0023773094220801852,0.0,4,2
2025-01-02,0.6,0.24100950552525166,0.12929578199921868,0.029694712475529652,3.2014161764069777e-19,0.0014873395334879154,0.0014873395334879154,0.0,4,2
2025-01-03,0.6,0.24100950552525166,0.12929578199921868,0.029694712475529652,3.2014161764069777e-19,0.0060969259334096165,0.0060969259334096165,0.0,4,2
2025-01-06,0.6,0.24100950552525166,0.12929578199921868,0.029694712475529652,3.2014161764069777e-19,0.0019838831018160995,0.0019838831018160995,0.0,4,2
2025-01-07,0.6,0.24100950552525166,0.12929578199921868,0.029694712475529652,3.2014161764069777e-19,-0.008437836600739785,-0.008437836600739785,0.0,4,2
2025-01-08,0.6,0.24100950552525166,0.12929578199921868,0.029694712475529652,3.2014161764069777e-19,0.001541965056633071,0.001541965056633071,0.0,4,2
2025-01-10,0.6,0.24100950552525166,0.12929578199921868,0.029694712475529652,3.2014161764069777e-19,-0.00823834778317304,-0.00823834778317304,0.0,4,2
2025-01-13,0.6,0.24100950552525166,0.12929578199921868,0.029694712475529652,3.2014161764069777e-19,0.00014448872948611487,0.00014448872948611487,0.0,4,2
2025-01-14,0.6,0.24100950552525166,0.12929578199921868,0.029694712475529652,3.2014161764069777e-19,0.000907198481238958,0.000907198481238958,0.0,4,2
2025-01-15,0.6,0.24100950552525166,0.12929578199921868,0.029694712475529652,3.2014161764069777e-19,0.01700692700781442,0.01700692700781442,0.0,4,2
2025-01-16,0.6,0.24100950552525166,0.12929578199921868,0.029694712475529652,3.2014161764069777e-19,2.454190467924476e-05,2.454190467924476e-05,0.0,4,2
2025-01-17,0.6,0.24100950552525166,0.12929578199921868,0.029694712475529652,3.2014161764069777e-19,0.005602774544552624,0.005602774544552624,0.0,4,2
2025-01-21,0.6,0.24100950552525166,0.12929578199921868,0.029694712475529652,3.2014161764069777e-19,0.009142833456613297,0.009142833456613297,0.0,4,2
2025-01-22,0.6,0.24100950552525166,0.12929578199921868,0.029694712475529652,3.2014161764069777e-19,0.002527796175446141,0.002527796175446141,0.0,4,2
2025-01-23,0.6,0.24100950552525166,0.12929578199921868,0.029694712475529652,3.2014161764069777e-19,0.0007686918289239713,0.0007686918289239713,0.0,4,2
2025-01-24,0.6,0.24100950552525166,0.12929578199921868,0.029694712475529652,3.2014161764069777e-19,0.00028113422332870334,0.00028113422332870334,0.0,4,2
2025-01-27,0.6,0.24100950552525166,0.12929578199921868,0.029694712475529652,3.2014161764069777e-19,-0.007609420877221261,-0.007609420877221261,0.0,4,2
2025-01-28,0.6,0.24100950552525166,0.12929578199921868,0.029694712475529652,3.2014161764069777e-19,0.00646531151916988,0.00646531151916988,0.0,4,2
2025-01-29,0.6,0.24100950552525166,0.12929578199921868,0.029694712475529652,3.2014161764069777e-19,-0.004084917800599686,-0.004084917800599686,0.0,4,2
2025-01-30,0.6,0.24100950552525166,0.12929578199921868,0.029694712475529652,3.2014161764069777e-19,0.006070720929723223,0.006070720929723223,0.0,4,2
2025-01-31,0.6,0.24100950552525166,0.12929578199921868,0.029694712475529652,3.2014161764069777e-19,-0.0044168628298704524,-0.0044168628298704524,0.0,4,2
2025-02-03,0.6,0.24100950552525166,0.12929578199921868,0.029694712475529652,3.2014161764069777e-19,-0.001461536414665858,-0.001461536414665858,0.0,4,2
2025-02-04,0.6,0.24100950552525166,0.12929578199921868,0.029694712475529652,3.2014161764069777e-19,0.005918218455063205,0.005918218455063205,0.0,4,2
2025-02-05,0.6,0.24100950552525166,0.12929578199921868,0.029694712475529652,3.2014161764069777e-19,0.006670756083843411,0.006670756083843411,0.0,4,2
2025-02-06,0.6,0.24100950552525166,0.12929578199921868,0.029694712475529652,3.2014161764069777e-19,0.001385607497739847,0.001385607497739847,0.0,4,2
2025-02-07,0.6,0.24100950552525166,0.12929578199921868,0.029694712475529652,3.2014161764069777e-19,-0.0066558017801605415,-0.0066558017801605415,0.0,4,2
2025-02-10,0.6,0.24100950552525166,0.12929578199921868,0.029694712475529652,3.2014161764069777e-19,0.00613867991113712,0.00613867991113712,0.0,4,2
2025-02-11,0.6,0.24100950552525166,0.12929578199921868,0.029694712475529652,3.2014161764069777e-19,-0.001225547027066449,-0.001225547027066449,0.0,4,2
2025-02-12,0.6,0.24100950552525166,0.12929578199921868,0.029694712475529652,3.2014161764069777e-19,-0.005807883245864635,-0.005807883245864635,0.0,4,2
2025-02-13,0.6,0.24100950552525166,0.12929578199921868,0.029694712475529652,3.2014161764069777e-19,0.011643202859057664,0.011643202859057664,0.0,4,2
2025-02-14,0.6,0.24100950552525166,0.12929578199921868,0.029694712475529652,3.2014161764069777e-19,-0.0008965025303172651,-0.0008965025303172651,0.0,4,2
2025-02-18,0.6,0.24100950552525166,0.12929578199921868,0.029694712475529652,3.2014161764069777e-19,0.0015105710025486623,0.0015105710025486623,0.0,4,2
2025-02-19,0.6,0.24100950552525166,0.12929578199921868,0.029694712475529652,3.2014161764069777e-19,0.0019745481850083715,0.0019745481850083715,0.0,4,2
2025-02-20,0.6,0.24100950552525166,0.12929578199921868,0.029694712475529652,3.2014161764069777e-19,-0.0014089316948798212,-0.0014089316948798212,0.0,4,2
2025-02-21,0.6,0.24100950552525166,0.12929578199921868,0.029694712475529652,3.2014161764069777e-19,-0.008389426319898951,-0.008389426319898951,0.0,4,2
2025-02-24,0.6,0.24100950552525166,0.12929578199921868,0.029694712475529652,3.2014161764069777e-19,-0.0010844969611355326,-0.0010844969611355326,0.0,4,2
2025-02-25,0.6,0.24100950552525166,0.12929578199921868,0.029694712475529652,3.2014161764069777e-19,-0.0012517776743605443,-0.0012517776743605443,0.0,4,2
2025-02-26,0.6,0.24100950552525166,0.12929578199921868,0.029694712475529652,3.2014161764069777e-19,0.001811885244434325,0.001811885244434325,0.0,4,2
2025-02-27,0.6,0.24100950552525166,0.12929578199921868,0.029694712475529652,3.2014161764069777e-19,-0.012676365175350045,-0.012676365175350045,0.0,4,2
2025-02-28,0.6,0.24100950552525166,0.12929578199921868,0.029694712475529652,3.2014161764069777e-19,0.011485793614845282,0.011485793614845282,0.0,4,2
2025-03-03,0.6,0.24100950552525166,0.12929578199921868,0.029694712475529652,3.2014161764069777e-19,-0.00843294888106082,-0.00843294888106082,0.0,4,2
2025-03-04,0.6,0.24100950552525166,0.12929578199921868,0.029694712475529652,3.2014161764069777e-19,-0.008949770675294167,-0.008949770675294167,0.0,4,2
2025-03-05,0.6,0.24100950552525166,0.12929578199921868,0.029694712475529652,3.2014161764069777e-19,0.0040279368462422666,0.0040279368462422666,0.0,4,2
2025-03-06,0.6,0.24100950552525166,0.12929578199921868,0.029694712475529652,3.2014161764069777e-19,-0.01222542423787037,-0.01222542423787037,0.0,4,2
2025-03-07,0.6,0.24100950552525166,0.12929578199921868,0.029694712475529652,3.2014161764069777e-19,0.0030580839953574315,0.0030580839953574315,0.0,4,2
2025-03-10,0.6,0.24100950552525166,0.12929578199921868,0.029694712475529652,3.2014161764069777e-19,-0.015093635378600964,-0.015093635378600964,0.0,4,2
2025-03-11,0.6,0.24100950552525166,0.12929578199921868,0.029694712475529652,3.2014161764069777e-19,-0.004957294195391478,-0.004957294195391478,0.0,4,2
2025-03-12,0.4849749542149627,0.28355137099937006,0.23147367478566738,0.0,1.5838899442267355e-18,0.0018858301511107255,0.001813470271980442,0.14471975826056702,4,2
2025-03-13,0.31439313010081915,0.28355137099937006,0.29106417195124,1.0443070854660201e-18,0.1109913269485708,0.0038619447763083145,0.0037766538642512427,0.17058182411414347,1,2
2025-03-14,0.2667409308842228,0.28355137099937006,0.30730604756869406,0.0,0.1424016505477132,0.003980827567350978,0.00395700146774268,0.0476521992165964,1,2
2025-03-17,0.2667409308842228,0.28355137099937006,0.30730604756869406,0.0,0.1424016505477132,0.00458393843549624,0.00458393843549624,0.0,1,2
2025-03-18,0.2667409308842228,0.28355137099937006,0.30730604756869406,0.0,0.1424016505477132,0.0008846594131033158,0.0008846594131033158,0.0,1,2
2025-03-19,0.2667409308842228,0.28355137099937006,0.30730604756869406,0.0,0.1424016505477132,0.005989322781781256,0.005989322781781256,0.0,1,2
2025-03-20,0.2667409308842228,0.28355137099937006,0.30730604756869406,0.0,0.1424016505477132,-0.0005761859157312089,-0.0005761859157312089,0.0,1,2
2025-03-21,0.2667409308842228,0.28355137099937006,0.30730604756869406,0.0,0.1424016505477132,-0.0036128837065395117,-0.0036128837065395117,0.0,4,2
2025-03-24,0.596500437422257,0.1887740052566265,0.2147255573211165,0.0,1.754506797986143e-17,0.007790669694014223,0.007625789940745206,0.3297595065380342,4,2
2025-03-25,0.6,0.18671239986419894,0.21328760013580114,0.0,4.0706006803823846e-20,0.0023601280163891296,0.0023583782351002582,0.003499562577742957,4,2
2025-03-26,0.6,0.18671239986419894,0.21328760013580114,0.0,4.0706006803823846e-20,-0.008566442092257189,-0.008566442092257189,0.0,4,2
2025-03-27,0.6,0.18671239986419894,0.21328760013580114,0.0,4.0706006803823846e-20,0.0007214258994317082,0.0007214258994317082,0.0,4,2
2025-03-28,0.6,0.18671239986419894,0.21328760013580114,0.0,4.0706006803823846e-20,-0.007919026238990497,-0.007919026238990497,0.0,4,2
2025-03-31,0.6,0.18671239986419894,0.21328760013580114,0.0,4.0706006803823846e-20,0.008934679531515083,0.008934679531515083,0.0,4,2
2025-04-01,0.6,0.18671239986419894,0.21328760013580114,0.0,4.0706006803823846e-20,0.002890646044550233,0.002890646044550233,0.0,4,2
2025-04-02,0.6,0.18671239986419894,0.21328760013580114,0.0,4.0706006803823846e-20,0.004112218461988504,0.004112218461988504,0.0,4,2
2025-04-03,0.6,0.18671239986419894,0.21328760013580114,0.0,4.0706006803823846e-20,-0.029998621117396197,-0.029998621117396197,0.0,4,2
2025-04-04,0.26372280071549487,0.2464107328201724,0.3148713728956605,1.2715028939197013e-19,0.1749950935686723,-0.018181029581041105,-0.01834916818068336,0.33627719928450506,1,2
2025-04-07,0.26372280071549487,0.2464107328201724,0.3148713728956605,1.2715028939197013e-19,0.1749950935686723,-0.013922751603583262,-0.013922751603583262,0.0,1,2
2025-04-08,0.26372280071549487,0.2464107328201724,0.3148713728956605,1.2715028939197013e-19,0.1749950935686723,-0.00786994767798401,-0.00786994767798401,0.0,1,2
2025-04-09,0.26372280071549487,0.2464107328201724,0.3148713728956605,1.2715028939197013e-19,0.1749950935686723,0.04104153374295406,0.04104153374295406,0.0,1,2
2025-04-10,0.26372280071549487,0.2464107328201724,0.3148713728956605,1.2715028939197013e-19,0.1749950935686723,-0.014308493074818721,-0.014308493074818721,0.0,1,2
2025-04-11,0.26372280071549487,0.2464107328201724,0.3148713728956605,1.2715028939197013e-19,0.1749950935686723,0.010476159344330884,0.010476159344330884,0.0,1,2
2025-04-14,0.26372280071549487,0.2464107328201724,0.3148713728956605,1.2715028939197013e-19,0.1749950935686723,0.001946334572951273,0.001946334572951273,0.0,1,2
2025-04-15,0.26372280071549487,0.2464107328201724,0.3148713728956605,1.2715028939197013e-19,0.1749950935686723,0.002741037556870372,0.002741037556870372,0.0,1,2
2025-04-16,0.26372280071549487,0.2464107328201724,0.3148713728956605,1.2715028939197013e-19,0.1749950935686723,0.004296011591319321,0.004296011591319321,0.0,1,2
2025-04-17,0.26372280071549487,0.2464107328201724,0.3148713728956605,1.2715028939197013e-19,0.1749950935686723,-0.0030543363618058088,-0.0030543363618058088,0.0,1,2
2025-04-21,0.26372280071549487,0.2464107328201724,0.3148713728956605,1.2715028939197013e-19,0.1749950935686723,-0.002510370964687679,-0.002510370964687679,0.0,1,2
2025-04-22,0.26372280071549487,0.2464107328201724,0.3148713728956605,1.2715028939197013e-19,0.1749950935686723,0.004737768753792596,0.004737768753792596,0.0,1,2
2025-04-23,0.26372280071549487,0.2464107328201724,0.3148713728956605,1.2715028939197013e-19,0.1749950935686723,0.0005388009735323935,0.0005388009735323935,0.0,1,2
2025-04-24,0.26372280071549487,0.2464107328201724,0.3148713728956605,1.2715028939197013e-19,0.1749950935686723,0.011965257893968833,0.011965257893968833,0.0,1,2
2025-04-25,0.26372280071549487,0.2464107328201724,0.3148713728956605,1.2715028939197013e-19,0.1749950935686723,0.0007552643719387156,0.0007552643719387156,0.0,1,2
2025-04-28,0.26372280071549487,0.2464107328201724,0.3148713728956605,1.2715028939197013e-19,0.1749950935686723,0.005051184057130814,0.005051184057130814,0.0,1,2
2025-04-29,0.26372280071549487,0.2464107328201724,0.3148713728956605,1.2715028939197013e-19,0.1749950935686723,0.0012394446357848297,0.0012394446357848297,0.0,1,2
2025-04-30,0.26372280071549487,0.2464107328201724,0.3148713728956605,1.2715028939197013e-19,0.1749950935686723,-0.003604706755760399,-0.003604706755760399,0.0,1,2
2025-05-01,0.26372280071549487,0.2464107328201724,0.3148713728956605,1.2715028939197013e-19,0.1749950935686723,-0.0048995868786561045,-0.0048995868786561045,0.0,1,2
2025-05-02,0.26372280071549487,0.2464107328201724,0.3148713728956605,1.2715028939197013e-19,0.1749950935686723,0.0015441038723891833,0.0015441038723891833,0.0,1,2
2025-05-05,0.26372280071549487,0.2464107328201724,0.3148713728956605,1.2715028939197013e-19,0.1749950935686723,0.006198167571188688,0.006198167571188688,0.0,1,2
2025-05-06,0.26372280071549487,0.2464107328201724,0.3148713728956605,1.2715028939197013e-19,0.1749950935686723,0.006356183271230163,0.006356183271230163,0.0,1,2
2025-05-07,0.26372280071549487,0.2464107328201724,0.3148713728956605,1.2715028939197013e-19,0.1749950935686723,-0.0012885966397925609,-0.0012885966397925609,0.0,1,2
2025-05-08,0.26372280071549487,0.2464107328201724,0.3148713728956605,1.2715028939197013e-19,0.1749950935686723,-0.00564783202619849,-0.00564783202619849,0.0,1,2
2025-05-09,0.26372280071549487,0.2464107328201724,0.3148713728956605,1.2715028939197013e-19,0.1749950935686723,0.0018121939134231524,0.0018121939134231524,0.0,1,2
2025-05-12,0.26372280071549487,0.2464107328201724,0.3148713728956605,1.2715028939197013e-19,0.1749950935686723,1.3371896435266002e-05,1.3371896435266002e-05,0.0,1,2
2025-05-13,0.26372280071549487,0.2464107328201724,0.3148713728956605,1.2715028939197013e-19,0.1749950935686723,0.0005853508655822202,0.0005853508655822202,0.0,1,2
2025-05-14,0.26372280071549487,0.2464107328201724,0.3148713728956605,1.2715028939197013e-19,0.1749950935686723,-0.007544870665411593,-0.007544870665411593,0.0,1,2
2025-05-15,0.26372280071549487,0.2464107328201724,0.3148713728956605,1.2715028939197013e-19,0.1749950935686723,0.00804118413448288,0.00804118413448288,0.0,1,2
2025-05-16,0.26372280071549487,0.2464107328201724,0.3148713728956605,1.2715028939197013e-19,0.1749950935686723,-0.0009733336819391417,-0.0009733336819391417,0.0,1,2
2025-05-19,0.26372280071549487,0.2464107328201724,0.3148713728956605,1.2715028939197013e-19,0.1749950935686723,0.0024378956300947553,0.0024378956300947553,0.0,1,2
2025-05-20,0.26372280071549487,0.2464107328201724,0.3148713728956605,1.2715028939197013e-19,0.1749950935686723,0.0026958512998787178,0.0026958512998787178,0.0,1,2
2025-05-21,0.26372280071549487,0.2464107328201724,0.3148713728956605,1.2715028939197013e-19,0.1749950935686723,-0.007092310679086555,-0.007092310679086555,0.0,1,2
2025-05-22,0.26372280071549487,0.2464107328201724,0.3148713728956605,1.2715028939197013e-19,0.1749950935686723,-0.0008857551681294661,-0.0008857551681294661,0.0,1,2
2025-05-23,0.26372280071549487,0.2464107328201724,0.3148713728956605,1.2715028939197013e-19,0.1749950935686723,0.004236913418758516,0.004236913418758516,0.0,1,2
2025-05-27,0.26372280071549487,0.2464107328201724,0.3148713728956605,1.2715028939197013e-19,0.1749950935686723,0.004544129623896358,0.004544129623896358,0.0,1,2
2025-05-28,0.26372280071549487,0.2464107328201724,0.3148713728956605,1.2715028939197013e-19,0.1749950935686723,-0.0027304840231263264,-0.0027304840231263264,0.0,1,2
2025-05-29,0.26372280071549487,0.2464107328201724,0.3148713728956605,1.2715028939197013e-19,0.1749950935686723,0.004236340451061339,0.004236340451061339,0.0,1,2
2025-05-30,0.26372280071549487,0.2464107328201724,0.3148713728956605,1.2715028939197013e-19,0.1749950935686723,-0.002057743937770669,-0.002057743937770669,0.0,1,2
2025-06-02,0.26372280071549487,0.2464107328201724,0.3148713728956605,1.2715028939197013e-19,0.1749950935686723,0.006350610819588594,0.006350610819588594,0.0,1,2
2025-06-03,0.26372280071549487,0.2464107328201724,0.3148713728956605,1.2715028939197013e-19,0.1749950935686723,-0.0005629757394394226,-0.0005629757394394226,0.0,1,2
2025-06-04,0.26372280071549487,0.2464107328201724,0.3148713728956605,1.2715028939197013e-19,0.1749950935686723,0.00519242252326899,0.00519242252326899,0.0,1,2
2025-06-05,0.26372280071549487,0.2464107328201724,0.3148713728956605,1.2715028939197013e-19,0.1749950935686723,-0.0028215648417637194,-0.0028215648417637194,0.0,1,2
2025-06-06,0.26372280071549487,0.2464107328201724,0.3148713728956605,1.2715028939197013e-19,0.1749950935686723,-0.003754125586242691,-0.003754125586242691,0.0,1,2
2025-06-09,0.26372280071549487,0.2464107328201724,0.3148713728956605,1.2715028939197013e-19,0.1749950935686723,0.001536850228102013,0.001536850228102013,0.0,1,2
2025-06-10,0.26372280071549487,0.2464107328201724,0.3148713728956605,1.2715028939197013e-19,0.1749950935686723,0.0030484066907641187,0.0030484066907641187,0.0,1,2
2025-06-11,0.26372280071549487,0.2464107328201724,0.3148713728956605,1.2715028939197013e-19,0.1749950935686723,0.0010593726671651684,0.0010593726671651684,0.0,1,2
2025-06-12,0.26372280071549487,0.2464107328201724,0.3148713728956605,1.2715028939197013e-19,0.1749950935686723,0.006623282303821151,0.006623282303821151,0.0,1,2
2025-06-13,0.26372280071549487,0.2464107328201724,0.3148713728956605,1.2715028939197013e-19,0.1749950935686723,-0.0007459617139592683,-0.0007459617139592683,0.0,1,2
2025-06-16,0.26372280071549487,0.2464107328201724,0.3148713728956605,1.2715028939197013e-19,0.1749950935686723,-0.004270680712152251,-0.004270680712152251,0.0,1,2
2025-06-17,0.26372280071549487,0.2464107328201724,0.3148713728956605,1.2715028939197013e-19,0.1749950935686723,0.0020647598007780595,0.0020647598007780595,0.0,1,2
2025-06-18,0.26372280071549487,0.2464107328201724,0.3148713728956605,1.2715028939197013e-19,0.1749950935686723,-0.0009886060883304358,-0.0009886060883304358,0.0,1,2
2025-06-20,0.26372280071549487,0.2464107328201724,0.3148713728956605,1.2715028939197013e-19,0.1749950935686723,-0.0013977016390659895,-0.0013977016390659895,0.0,1,2
2025-06-23,0.26372280071549487,0.2464107328201724,0.3148713728956605,1.2715028939197013e-19,0.1749950935686723,0.0036646213872043223,0.0036646213872043223,0.0,1,2
2025-06-24,0.26372280071549487,0.2464107328201724,0.3148713728956605,1.2715028939197013e-19,0.1749950935686723,-0.0011447716318655913,-0.0011447716318655913,0.0,1,2
2025-06-25,0.26372280071549487,0.2464107328201724,0.3148713728956605,1.2715028939197013e-19,0.1749950935686723,0.0009629894357271114,0.0009629894357271114,0.0,1,2
2025-06-26,0.26372280071549487,0.2464107328201724,0.3148713728956605,1.2715028939197013e-19,0.1749950935686723,0.002242891560602703,0.002242891560602703,0.0,1,2
2025-06-27,0.26372280071549487,0.2464107328201724,0.3148713728956605,1.2715028939197013e-19,0.1749950935686723,-0.005640913851351936,-0.005640913851351936,0.0,1,2
2025-06-30,0.26372280071549487,0.2464107328201724,0.3148713728956605,1.2715028939197013e-19,0.1749950935686723,0.006552718123828275,0.006552718123828275,0.0,1,2
2025-07-01,0.26372280071549487,0.2464107328201724,0.3148713728956605,1.2715028939197013e-19,0.1749950935686723,0.0032700943746398277,0.0032700943746398277,0.0,1,2
2025-07-02,0.26372280071549487,0.2464107328201724,0.3148713728956605,1.2715028939197013e-19,0.1749950935686723,0.0012401640147685822,0.0012401640147685822,0.0,1,2
2025-07-03,0.26372280071549487,0.2464107328201724,0.3148713728956605,1.2715028939197013e-19,0.1749950935686723,-0.000938809497274155,-0.000938809497274155,0.0,1,2
2025-07-07,0.26372280071549487,0.2464107328201724,0.3148713728956605,1.2715028939197013e-19,0.1749950935686723,-0.003497328128850611,-0.003497328128850611,0.0,1,2
2025-07-08,0.26372280071549487,0.2464107328201724,0.3148713728956605,1.2715028939197013e-19,0.1749950935686723,-0.0036181706858953084,-0.0036181706858953084,0.0,1,2
2025-07-09,0.40198810842511784,0.20057534009861705,0.3148713728956605,0.0,0.08256517858060469,0.005916752633531003,0.005847619979676191,0.13826530770962298,4,2
2025-07-10,0.5188802764760817,0.16624835062825777,0.3148713728956605,1.414627233561978e-18,0.0,0.002279048214177855,0.0022206021301523727,0.11689216805096392,4,2
2025-07-11,0.5188802764760817,0.16624835062825777,0.3148713728956605,1.414627233561978e-18,0.0,-0.0010942308327711973,-0.0010942308327711973,0.0,4,2
2025-07-14,0.5188802764760817,0.16624835062825777,0.3148713728956605,1.414627233561978e-18,0.0,-0.0005096353756076614,-0.0005096353756076614,0.0,4,2
2025-07-15,0.5188802764760817,0.16624835062825777,0.3148713728956605,1.414627233561978e-18,0.0,-0.004690949781344513,-0.004690949781344513,0.0,4,2
2025-07-16,0.5188802764760817,0.16624835062825777,0.3148713728956605,1.414627233561978e-18,0.0,0.003539960735028177,0.003539960735028177,0.0,4,2
2025-07-17,0.5188802764760817,0.16624835062825777,0.3148713728956605,1.414627233561978e-18,0.0,0.0024519559686638323,0.0024519559686638323,0.0,4,2
2025-07-18,0.5188802764760817,0.16624835062825777,0.3148713728956605,1.414627233561978e-18,0.0,0.0006929179717300729,0.0006929179717300729,0.0,4,2
2025-07-21,0.5188802764760817,0.16624835062825777,0.3148713728956605,1.414627233561978e-18,0.0,0.007305730007344326,0.007305730007344326,0.0,4,2
2025-07-22,0.5188802764760817,0.16624835062825777,0.3148713728956605,1.414627233561978e-18,0.0,0.004065963840982626,0.004065963840982626,0.0,4,2
2025-07-23,0.5188802764760817,0.16624835062825777,0.3148713728956605,1.414627233561978e-18,0.0,-0.0004127089820493518,-0.0004127089820493518,0.0,4,2
2025-07-24,0.5188802764760817,0.16624835062825777,0.3148713728956605,1.414627233561978e-18,0.0,-0.0020444867342242954,-0.0020444867342242954,0.0,4,2
2025-07-25,0.5188802764760817,0.16624835062825777,0.3148713728956605,1.414627233561978e-18,0.0,0.0003245010510534419,0.0003245010510534419,0.0,4,2
2025-07-28,0.5188802764760817,0.16624835062825777,0.3148713728956605,1.414627233561978e-18,0.0,-0.0032457696929842645,-0.0032457696929842645,0.0,4,2
2025-07-29,0.5188802764760817,0.16624835062825777,0.3148713728956605,1.414627233561978e-18,0.0,0.0023046752255713263,0.0023046752255713263,0.0,4,2
2025-07-30,0.5188802764760817,0.16624835062825777,0.3148713728956605,1.414627233561978e-18,0.0,-0.006949057027763336,-0.006949057027763336,0.0,4,2
2025-07-31,0.5188802764760817,0.16624835062825777,0.3148713728956605,1.414627233561978e-18,0.0,0.00024167238173709374,0.00024167238173709374,0.0,4,2
2025-08-01,0.5188802764760817,0.16624835062825777,0.3148713728956605,1.414627233561978e-18,0.0,0.00025055678376701557,0.00025055678376701557,0.0,4,2
2025-08-04,0.5188802764760817,0.16624835062825777,0.3148713728956605,1.414627233561978e-18,0.0,0.010174721406495986,0.010174721406495986,0.0,4,2
2025-08-05,0.5188802764760817,0.16624835062825777,0.3148713728956605,1.414627233561978e-18,0.0,-0.001867737430684597,-0.001867737430684597,0.0,4,2
2025-08-06,0.5188802764760817,0.16624835062825777,0.3148713728956605,1.414627233561978e-18,0.0,0.002346691738637078,0.002346691738637078,0.0,4,2
2025-08-07,0.5188802764760817,0.16624835062825777,0.3148713728956605,1.414627233561978e-18,0.0,0.0019383450827190618,0.0019383450827190618,0.0,4,2
2025-08-08,0.5188802764760817,0.16624835062825777,0.3148713728956605,1.414627233561978e-18,0.0,0.0032550502928858243,0.0032550502928858243,0.0,4,2
2025-08-11,0.5188802764760817,0.16624835062825777,0.3148713728956605,1.414627233561978e-18,0.0,-0.005361849976550414,-0.005361849976550414,0.0,4,2
2025-08-12,0.5188802764760817,0.16624835062825777,0.3148713728956605,1.414627233561978e-18,0.0,0.004401221898244118,0.004401221898244118,0.0,4,2
2025-08-13,0.5188802764760817,0.16624835062825777,0.3148713728956605,1.414627233561978e-18,0.0,0.004112967645899152,0.004112967645899152,0.0,4,2
2025-08-14,0.5188802764760817,0.16624835062825777,0.3148713728956605,1.414627233561978e-18,0.0,-0.0031802193252326123,-0.0031802193252326123,0.0,4,2
2025-08-15,0.5188802764760817,0.16624835062825777,0.3148713728956605,1.414627233561978e-18,0.0,-0.0022147768553204463,-0.0022147768553204463,0.0,4,2
2025-08-18,0.5188802764760817,0.16624835062825777,0.3148713728956605,1.414627233561978e-18,0.0,-0.0010855731004796353,-0.0010855731004796353,0.0,4,2
2025-08-19,0.5188802764760817,0.16624835062825777,0.3148713728956605,1.414627233561978e-18,0.0,-0.0035734616197781073,-0.0035734616197781073,0.0,4,2
2025-08-20,0.5188802764760817,0.16624835062825777,0.3148713728956605,1.414627233561978e-18,0.0,0.0021729948526461097,0.0021729948526461097,0.0,4,2
2025-08-21,0.5188802764760817,0.16624835062825777,0.3148713728956605,1.414627233561978e-18,0.0,-0.003997478055960378,-0.003997478055960378,0.0,4,2
2025-08-22,0.5188802764760817,0.16624835062825777,0.3148713728956605,1.414627233561978e-18,0.0,0.01257081037851216,0.01257081037851216,0.0,4,2
2025-08-25,0.5188802764760817,0.16624835062825777,0.3148713728956605,1.414627233561978e-18,0.0,-0.0035214843267227488,-0.0035214843267227488,0.0,4,2
2025-08-26,0.5188802764760817,0.16624835062825777,0.3148713728956605,1.414627233561978e-18,0.0,0.004363441821141105,0.004363441821141105,0.0,4,2
2025-08-27,0.5188802764760817,0.16624835062825777,0.3148713728956605,1.414627233561978e-18,0.0,0.001626335765730508,0.001626335765730508,0.0,4,2
2025-08-28,0.5188802764760817,0.16624835062825777,0.3148713728956605,1.414627233561978e-18,0.0,0.00526713335138151,0.00526713335138151,0.0,4,2
2025-08-29,0.5188802764760817,0.16624835062825777,0.3148713728956605,1.414627233561978e-18,0.0,-0.0012376863139637348,-0.0012376863139637348,0.0,4,2
2025-09-02,0.5188802764760817,0.16624835062825777,0.3148713728956605,1.414627233561978e-18,0.0,0.0023621499803288485,0.0023621499803288485,0.0,4,2
2025-09-03,0.5188802764760817,0.16624835062825777,0.3148713728956605,1.414627233561978e-18,0.0,0.007103147809993094,0.007103147809993094,0.0,4,2
2025-09-04,0.5188802764760817,0.16624835062825777,0.3148713728956605,1.414627233561978e-18,0.0,0.004212629926644535,0.004212629926644535,0.0,4,2
2025-09-05,0.5188802764760817,0.16624835062825777,0.3148713728956605,1.414627233561978e-18,0.0,0.005234205187823138,0.005234205187823138,0.0,4,2
2025-09-08,0.5188802764760817,0.16624835062825777,0.3148713728956605,1.414627233561978e-18,0.0,0.007075625920843773,0.007075625920843773,0.0,4,2
2025-09-09,0.5188802764760817,0.16624835062825777,0.3148713728956605,1.414627233561978e-18,0.0,-0.000459961227577756,-0.000459961227577756,0.0,4,2
2025-09-10,0.5188802764760817,0.16624835062825777,0.3148713728956605,1.414627233561978e-18,0.0,0.0035812723773826515,0.0035812723773826515,0.0,4,2
2025-09-11,0.5188802764760817,0.16624835062825777,0.3148713728956605,1.414627233561978e-18,0.0,0.004953965654680969,0.004953965654680969,0.0,4,2
2025-09-12,0.5188802764760817,0.16624835062825777,0.3148713728956605,1.414627233561978e-18,0.0,-0.0002704730431819468,-0.0002704730431819468,0.0,4,2
2025-09-15,0.5188802764760817,0.16624835062825777,0.3148713728956605,1.414627233561978e-18,0.0,0.006426734617584007,0.006426734617584007,0.0,4,2
2025-09-16,0.5188802764760817,0.16624835062825777,0.3148713728956605,1.414627233561978e-18,0.0,0.0002676965369317741,0.0002676965369317741,0.0,4,2
2025-09-17,0.5188802764760817,0.16624835062825777,0.3148713728956605,1.414627233561978e-18,0.0,-0.003497133330839388,-0.003497133330839388,0.0,4,2
2025-09-18,0.5188802764760817,0.16624835062825777,0.3148713728956605,1.414627233561978e-18,0.0,-0.0005527012092667026,-0.0005527012092667026,0.0,4,2
2025-09-19,0.5188802764760817,0.16624835062825777,0.3148713728956605,1.414627233561978e-18,0.0,0.005592966184766401,0.005592966184766401,0.0,4,2
2025-09-22,0.5188802764760817,0.16624835062825777,0.3148713728956605,1.414627233561978e-18,0.0,0.007306580839566335,0.007306580839566335,0.0,4,2
2025-09-23,0.5188802764760817,0.16624835062825777,0.3148713728956605,1.414627233561978e-18,0.0,-0.0003758391196717228,-0.0003758391196717228,0.0,4,2
2025-09-24,0.5188802764760817,0.16624835062825777,0.3148713728956605,1.414627233561978e-18,0.0,-0.0051373747926943955,-0.0051373747926943955,0.0,4,2
2025-09-25,0.5188802764760817,0.16624835062825777,0.3148713728956605,1.414627233561978e-18,0.0,-0.001082327175770921,-0.001082327175770921,0.0,4,2
2025-09-26,0.5188802764760817,0.16624835062825777,0.3148713728956605,1.414627233561978e-18,0.0,0.004640777260032235,0.004640777260032235,0.0,4,2
2025-09-29,0.5188802764760817,0.16624835062825777,0.3148713728956605,1.414627233561978e-18,0.0,0.008017657261360896,0.008017657261360896,0.0,4,2
2025-09-30,0.5188802764760817,0.16624835062825777,0.3148713728956605,1.414627233561978e-18,0.0,0.004161310317912649,0.004161310317912649,0.0,4,2
2025-10-01,0.5188802764760817,0.16624835062825777,0.3148713728956605,1.414627233561978e-18,0.0,0.0026935322714160036,0.0026935322714160036,0.0,4,2
2025-10-02,0.5188802764760817,0.16624835062825777,0.3148713728956605,1.414627233561978e-18,0.0,-1.5019659303307437e-05,-1.5019659303307437e-05,0.0,4,2
2025-10-03,0.5188802764760817,0.16624835062825777,0.3148713728956605,1.414627233561978e-18,0.0,0.0022061374124436434,0.0022061374124436434,0.0,4,2
2025-10-06,0.5188802764760817,0.16624835062825777,0.3148713728956605,1.414627233561978e-18,0.0,0.006474163915761578,0.006474163915761578,0.0,4,2
2025-10-07,0.5188802764760817,0.16624835062825777,0.3148713728956605,1.414627233561978e-18,0.0,0.0006570239296672133,0.0006570239296672133,0.0,4,2
2025-10-08,0.5188802764760817,0.16624835062825777,0.3148713728956605,1.414627233561978e-18,0.0,0.008417139891890026,0.008417139891890026,0.0,4,2
2025-10-09,0.5188802764760817,0.16624835062825777,0.3148713728956605,1.414627233561978e-18,0.0,-0.007443799030555303,-0.007443799030555303,0.0,4,2
2025-10-10,0.5188802764760817,0.16624835062825777,0.3148713728956605,1.414627233561978e-18,0.0,-0.008160322905419036,-0.008160322905419036,0.0,4,2
2025-10-13,0.5188802764760817,0.16624835062825777,0.3148713728956605,1.414627233561978e-18,0.0,0.015521655644782325,0.015521655644782325,0.0,4,2
2025-10-14,0.5188802764760817,0.16624835062825777,0.3148713728956605,1.414627233561978e-18,0.0,0.0021470314898162017,0.0021470314898162017,0.0,4,2
2025-10-15,0.5188802764760817,0.16624835062825777,0.3148713728956605,1.414627233561978e-18,0.0,0.00739513776112197,0.00739513776112197,0.0,4,2
2025-10-16,0.5188802764760817,0.16624835062825777,0.3148713728956605,1.414627233561978e-18,0.0,0.005077201143268542,0.005077201143268542,0.0,4,2
2025-10-17,0.5188802764760817,0.16624835062825777,0.3148713728956605,1.414627233561978e-18,0.0,-0.0032344950241537562,-0.0032344950241537562,0.0,4,2
2025-10-20,0.3479680066367608,0.21964042261776218,0.3148713728956605,0.0,0.11752019784981659,0.016220385502051664,0.016134929367132005,0.17091226983932095,1,2
2025-10-21,0.2853558164817929,0.22245236112968078,0.3148713728956605,1.448711837687717e-19,0.17732044949286588,-0.018446151733659648,-0.01847745782873713,0.06261219015496788,1,2
2025-10-22,0.2853558164817929,0.22245236112968078,0.3148713728956605,1.448711837687717e-19,0.17732044949286588,-0.0014955534132839892,-0.0014955534132839892,0.0,1,2
2025-10-23,0.2853558164817929,0.22245236112968078,0.3148713728956605,1.448711837687717e-19,0.17732044949286588,0.0014936564786705282,0.0014936564786705282,0.0,1,2
2025-10-24,0.2853558164817929,0.22245236112968078,0.3148713728956605,1.448711837687717e-19,0.17732044949286588,0.0013737026395307691,0.0013737026395307691,0.0,1,2
2025-10-27,0.3080437715367855,0.20194912433008108,0.3148713728956605,5.9268671163945395e-19,0.17513573123747295,-0.00463554833080422,-0.004646892308331716,0.022687955054992617,4,2
2025-10-28,0.3080437715367855,0.20194912433008108,0.3148713728956605,5.9268671163945395e-19,0.17513573123747295,-0.0010357297400282162,-0.0010357297400282162,0.0,1,2
2025-10-29,0.44702040307883767,0.17527553474522858,0.3148713728956605,1.2245362282111783e-18,0.06283268928027336,-0.0023883251890628484,-0.0024578135048338745,0.13897663154205211,4,2
2025-10-30,0.46371869335454785,0.1720719563229735,0.3148713728956605,1.4475241794699952e-18,0.04933797742681818,0.0002771463713149131,0.00026879722617705797,0.016698290275710216,4,2
2025-10-31,0.46371869335454785,0.1720719563229735,0.3148713728956605,1.4475241794699952e-18,0.04933797742681818,-0.0005615583092628167,-0.0005615583092628167,0.0,4,2
2025-11-03,0.46371869335454785,0.1720719563229735,0.3148713728956605,1.4475241794699952e-18,0.04933797742681818,0.0010393755884359514,0.0010393755884359514,0.0,4,2
2025-11-04,0.46371869335454785,0.1720719563229735,0.3148713728956605,1.4475241794699952e-18,0.04933797742681818,-0.010471592630457527,-0.010471592630457527,0.0,4,2
2025-11-05,0.46371869335454785,0.1720719563229735,0.3148713728956605,1.4475241794699952e-18,0.04933797742681818,0.003390819228053555,0.003390819228053555,0.0,4,2
2025-11-06,0.46371869335454785,0.1720719563229735,0.3148713728956605,1.4475241794699952e-18,0.04933797742681818,-0.004067300484822459,-0.004067300484822459,0.0,4,2
2025-11-07,0.46371869335454785,0.1720719563229735,0.3148713728956605,1.4475241794699952e-18,0.04933797742681818,0.001984066193778571,0.001984066193778571,0.0,4,2
2025-11-10,0.46371869335454785,0.1720719563229735,0.3148713728956605,1.4475241794699952e-18,0.04933797742681818,0.015841534167632707,0.015841534167632707,0.0,4,2
2025-11-11,0.46371869335454785,0.1720719563229735,0.3148713728956605,1.4475241794699952e-18,0.04933797742681818,0.0030192829108500307,0.0030192829108500307,0.0,4,2
2025-11-12,0.46371869335454785,0.1720719563229735,0.3148713728956605,1.4475241794699952e-18,0.04933797742681818,0.0056544790577013355,0.0056544790577013355,0.0,4,2
2025-11-13,0.46371869335454785,0.1720719563229735,0.3148713728956605,1.4475241794699952e-18,0.04933797742681818,-0.011793269539226643,-0.011793269539226643,0.0,4,2
2025-11-14,0.46371869335454785,0.1720719563229735,0.3148713728956605,1.4475241794699952e-18,0.04933797742681818,-0.006670251230217211,-0.006670251230217211,0.0,4,2
2025-11-17,0.46371869335454785,0.1720719563229735,0.3148713728956605,1.4475241794699952e-18,0.04933797742681818,-0.007381050197031946,-0.007381050197031946,0.0,4,2
2025-11-18,0.46371869335454785,0.1720719563229735,0.3148713728956605,1.4475241794699952e-18,0.04933797742681818,-0.0016119780481547896,-0.0016119780481547896,0.0,4,2
2025-11-19,0.46371869335454785,0.1720719563229735,0.3148713728956605,1.4475241794699952e-18,0.04933797742681818,0.002271537167217447,0.002271537167217447,0.0,4,2
2025-11-20,0.46371869335454785,0.1720719563229735,0.3148713728956605,1.4475241794699952e-18,0.04933797742681818,-0.0064481304921455655,-0.0064481304921455655,0.0,4,2
2025-11-21,0.46371869335454785,0.1720719563229735,0.3148713728956605,1.4475241794699952e-18,0.04933797742681818,0.004617970285912896,0.004617970285912896,0.0,4,2
2025-11-24,0.46371869335454785,0.1720719563229735,0.3148713728956605,1.4475241794699952e-18,0.04933797742681818,0.012794636646883134,0.012794636646883134,0.0,4,2
2025-11-25,0.46371869335454785,0.1720719563229735,0.3148713728956605,1.4475241794699952e-18,0.04933797742681818,0.004563033793363109,0.004563033793363109,0.0,4,2
2025-11-26,0.46371869335454785,0.1720719563229735,0.3148713728956605,1.4475241794699952e-18,0.04933797742681818,0.0063429847573382245,0.0063429847573382245,0.0,4,2
2025-11-28,0.46371869335454785,0.1720719563229735,0.3148713728956605,1.4475241794699952e-18,0.04933797742681818,0.0055919859783056655,0.0055919859783056655,0.0,4,2
2025-12-01,0.46371869335454785,0.1720719563229735,0.3148713728956605,1.4475241794699952e-18,0.04933797742681818,-0.0027586313607841037,-0.0027586313607841037,0.0,4,2
2025-12-02,0.46371869335454785,0.1720719563229735,0.3148713728956605,1.4475241794699952e-18,0.04933797742681818,-0.00110887969011931,-0.00110887969011931,0.0,4,2
2025-12-03,0.46371869335454785,0.1720719563229735,0.3148713728956605,1.4475241794699952e-18,0.04933797742681818,0.0015524287565494383,0.0015524287565494383,0.0,4,2
2025-12-04,0.46371869335454785,0.1720719563229735,0.3148713728956605,1.4475241794699952e-18,0.04933797742681818,-0.000279345994288067,-0.000279345994288067,0.0,4,2
2025-12-05,0.46371869335454785,9.102659627641843e-18,9.71640016595919e-17,0.20723147702068706,0.329049829624765,0.0020680910901393406,0.0018246194255300237,0.48694332921863387,2,4
2025-12-08,0.46371869335454785,9.102659627641843e-18,9.71640016595919e-17,0.20723147702068706,0.329049829624765,-0.005044774541730183,-0.005044774541730183,0.0,2,4
2025-12-09,0.46371869335454785,9.102659627641843e-18,9.71640016595919e-17,0.20723147702068706,0.329049829624765,-0.0017843005692079654,-0.0017843005692079654,0.0,2,4
2025-12-10,0.46371869335454785,9.102659627641843e-18,9.71640016595919e-17,0.20723147702068706,0.329049829624765,0.0033398541186041688,0.0033398541186041688,0.0,2,4
2025-12-11,0.46371869335454785,9.102659627641843e-18,9.71640016595919e-17,0.20723147702068706,0.329049829624765,-0.0038854743160472932,-0.0038854743160472932,0.0,2,4
2025-12-12,0.46371869335454785,9.102659627641843e-18,9.71640016595919e-17,0.20723147702068706,0.329049829624765,-0.005831032235859029,-0.005831032235859029,0.0,2,4
2025-12-15,0.46371869335454785,9.102659627641843e-18,9.71640016595919e-17,0.20723147702068706,0.329049829624765,-0.003706764932536671,-0.003706764932536671,0.0,2,4
2025-12-16,0.46371869335454785,9.102659627641843e-18,9.71640016595919e-17,0.20723147702068706,0.329049829624765,-0.006870695537958405,-0.006870695537958405,0.0,2,4
2025-12-17,0.46371869335454785,9.102659627641843e-18,9.71640016595919e-17,0.20723147702068706,0.329049829624765,0.0012736898934467339,0.0012736898934467339,0.0,2,4
2025-12-18,0.46371869335454785,9.102659627641843e-18,9.71640016595919e-17,0.20723147702068706,0.329049829624765,0.0013287524969414943,0.0013287524969414943,0.0,2,4
2025-12-19,0.3835149224698235,0.23206686538468657,0.3497383460670231,0.0,0.03467986607846684,0.0031162046327160224,0.0028253020269901675,0.5818052114517096,3,4
2025-12-22,0.3835149224698235,0.23206686538468657,0.3497383460670231,0.0,0.03467986607846684,0.009813785155712006,0.009813785155712006,0.0,3,4
2025-12-23,0.3835149224698235,0.23206686538468657,0.3497383460670231,0.0,0.03467986607846684,0.006644091787783019,0.006644091787783019,0.0,3,4
2025-12-24,0.3835149224698235,0.23206686538468657,0.3497383460670231,0.0,0.03467986607846684,0.0013217581178220127,0.0013217581178220127,0.0,3,4
2025-12-26,0.3835149224698235,0.23206686538468657,0.3497383460670231,0.0,0.03467986607846684,0.003306137280661839,0.003306137280661839,0.0,3,4
2025-12-29,0.3835149224698235,0.23206686538468657,0.3497383460670231,0.0,0.03467986607846684,-0.015704535472894937,-0.015704535472894937,0.0,3,4
2025-12-30,0.3835149224698235,0.23206686538468657,0.3497383460670231,0.0,0.03467986607846684,-0.0006772610596905422,-0.0006772610596905422,0.0,3,4
2025-12-31,0.3835149224698235,0.23206686538468657,0.3497383460670231,0.0,0.03467986607846684,-0.006978095453969962,-0.006978095453969962,0.0,3,4
2026-01-02,0.3835149224698235,0.23206686538468657,0.3497383460670231,0.0,0.03467986607846684,0.002197993480285505,0.002197993480285505,0.0,3,4
2026-01-05,0.3835149224698235,0.23206686538468657,0.3497383460670231,0.0,0.03467986607846684,0.012852422871397502,0.012852422871397502,0.0,3,4
2026-01-06,0.4986901810300381,0.11689160682447196,0.3497383460670231,0.0,0.03467986607846684,0.006622345758985809,0.0065647581297057014,0.1151752585602146,4,4
2026-01-07,0.4986901810300381,0.11689160682447196,0.3497383460670231,0.0,0.03467986607846684,-0.00421689387733114,-0.00421689387733114,0.0,4,4
2026-01-08,0.4986901810300381,0.11689160682447196,0.3497383460670231,0.0,0.03467986607846684,0.001384197864519723,0.001384197864519723,0.0,4,4
2026-01-09,0.4986901810300381,0.11689160682447196,0.3497383460670231,0.0,0.03467986607846684,0.006683359141471635,0.006683359141471635,0.0,4,4
2026-01-12,0.4986901810300381,0.11689160682447196,0.3497383460670231,0.0,0.03467986607846684,0.006922065643475795,0.006922065643475795,0.0,4,4
2026-01-13,0.4986901810300381,0.11689160682447196,0.3497383460670231,0.0,0.03467986607846684,-0.0012051433199997317,-0.0012051433199997317,0.0,4,4
2026-01-14,0.4986901810300381,0.11689160682447196,0.3497383460670231,0.0,0.03467986607846684,0.001777368275503466,0.001777368275503466,0.0,4,4
2026-01-15,0.4986901810300381,0.11689160682447196,0.3497383460670231,0.0,0.03467986607846684,-0.0006845921203308286,-0.0006845921203308286,0.0,4,4
2026-01-16,0.4986901810300381,0.11689160682447196,0.3497383460670231,0.0,0.03467986607846684,-0.002778187725488908,-0.002778187725488908,0.0,4,4
2026-01-20,0.4986901810300381,0.11689160682447196,0.3497383460670231,0.0,0.03467986607846684,0.001271827552972744,0.001271827552972744,0.0,4,4
2026-01-21,0.4986901810300381,0.0,2.1327525329096042e-17,0.18641885399157682,0.31489096497838515,0.010289239411979123,0.010055924435533376,0.4666299528914951,2,4
2026-01-22,0.4986901810300381,0.0,2.1327525329096042e-17,0.18641885399157682,0.31489096497838515,-0.0026445871401117693,-0.0026445871401117693,0.0,2,4
2026-01-23,0.4986901810300381,0.0,2.1327525329096042e-17,0.18641885399157682,0.31489096497838515,0.002926082831874714,0.002926082831874714,0.0,2,4
2026-01-26,0.4986901810300381,0.0,2.1327525329096042e-17,0.18641885399157682,0.31489096497838515,-0.00017356564581723225,-0.00017356564581723225,0.0,2,4
2026-01-27,0.4986901810300381,0.0,2.1327525329096042e-17,0.18641885399157682,0.31489096497838515,0.003872458615615832,0.003872458615615832,0.0,2,4
2026-01-28,0.4986901810300381,0.0,2.1327525329096042e-17,0.18641885399157682,0.31489096497838515,0.004218532614246802,0.004218532614246802,0.0,2,4
2026-01-29,0.4986901810300381,0.0,2.1327525329096042e-17,0.18641885399157682,0.31489096497838515,0.004668634651541907,0.004668634651541907,0.0,2,4
2026-01-30,0.4986901810300381,0.0,2.1327525329096042e-17,0.18641885399157682,0.31489096497838515,0.0024867869539312386,0.0024867869539312386,0.0,2,4
2026-02-02,0.18940821597802496,0.07690999055537505,0.41879082848821464,7.475048146883564e-17,0.31489096497838515,-0.014408621039106853,-0.014656471448628647,0.49570081904358976,5,4
2026-02-03,0.18940821597802496,0.07690999055537505,0.41879082848821464,7.475048146883564e-17,0.31489096497838515,0.02439816634968022,0.02439816634968022,0.0,5,4
2026-02-04,0.1970109718061578,0.20383211427162312,0.4456576031433974,3.082418853613417e-20,0.1534993107788217,-0.001271927962166527,-0.0013526237892663088,0.16139165419956358,3,4
2026-02-05,0.1970109718061578,0.20383211427162312,0.4456576031433974,3.082418853613417e-20,0.1534993107788217,-0.011660464635091627,-0.011660464635091627,0.0,3,4
2026-02-06,0.1970109718061578,0.20383211427162312,0.4456576031433974,3.082418853613417e-20,0.1534993107788217,0.017162227371620126,0.017162227371620126,0.0,3,4
2026-02-09,0.1970109718061578,0.20383211427162312,0.4456576031433974,3.082418853613417e-20,0.1534993107788217,0.010974101853644185,0.010974101853644185,0.0,3,4
2026-02-10,0.1970109718061578,0.20383211427162312,0.4456576031433974,3.082418853613417e-20,0.1534993107788217,-0.0025281161436485036,-0.0025281161436485036,0.0,3,4
2026-02-11,0.1970109718061578,0.20383211427162312,0.4456576031433974,3.082418853613417e-20,0.1534993107788217,0.004084799295609367,0.004084799295609367,0.0,3,4
2026-02-12,0.1970109718061578,0.20383211427162312,0.4456576031433974,3.082418853613417e-20,0.1534993107788217,-0.015869534873155306,-0.015869534873155306,0.0,3,4
2026-02-13,0.1970109718061578,0.20383211427162312,0.4456576031433974,3.082418853613417e-20,0.1534993107788217,0.01234548135835931,0.01234548135835931,0.0,3,4
2026-02-17,0.1970109718061578,0.20383211427162312,0.4456576031433974,3.082418853613417e-20,0.1534993107788217,-0.01271751054808755,-0.01271751054808755,0.0,3,4
2026-02-18,0.1970109718061578,0.20383211427162312,0.4456576031433974,3.082418853613417e-20,0.1534993107788217,0.01121387418319395,0.01121387418319395,0.0,3,4
2026-02-19,0.1970109718061578,0.20383211427162312,0.4456576031433974,3.082418853613417e-20,0.1534993107788217,0.0011567890872214842,0.0011567890872214842,0.0,3,4
2026-02-20,0.1970109718061578,0.20383211427162312,0.4456576031433974,3.082418853613417e-20,0.1534993107788217,0.009563233921795087,0.009563233921795087,0.0,3,4
