date,gross,turnover,w_SPY,w_TLT,w_GLD,w_USO,w_UUP
2019-01-02,0.003940034527736592,0.2,0.2,0.39999999999999997,0.2,0.0,0.20000000000000004
2019-01-03,0.0005003718195112136,0.0,0.2,0.39999999999999997,0.2,0.0,0.20000000000000004
2019-01-04,0.00013812036479579105,0.0,0.2,0.39999999999999997,0.2,0.0,0.20000000000000004
2019-01-07,0.00022530661472208724,0.0,0.2,0.39999999999999997,0.2,0.0,0.20000000000000004
2019-01-08,0.0009172061224891786,0.0,0.2,0.39999999999999997,0.2,0.0,0.20000000000000004
2019-01-09,-0.00029511966226409853,0.0,0.2,0.39999999999999997,0.2,0.0,0.20000000000000004
2019-01-10,-0.0018543284718314677,0.0,0.2,0.39999999999999997,0.2,0.0,0.20000000000000004
2019-01-11,0.0021412883169591446,0.0,0.2,0.39999999999999997,0.2,0.0,0.20000000000000004
2019-01-14,-0.0022326118179884836,0.0,0.2,0.39999999999999997,0.2,0.0,0.20000000000000004
2019-01-15,0.0011972377195212272,0.0,0.2,0.39999999999999997,0.2,0.0,0.20000000000000004
2019-01-16,0.0017596959776122302,0.0,0.2,0.39999999999999997,0.2,0.0,0.20000000000000004
2019-01-17,0.0013555166689014134,0.0,0.2,0.39999999999999997,0.2,0.0,0.20000000000000004
2019-01-18,-0.0005923597704172277,0.0,0.2,0.39999999999999997,0.2,0.0,0.20000000000000004
2019-01-22,0.0007186115752136897,0.0,0.2,0.39999999999999997,0.2,0.0,0.20000000000000004
2019-01-23,-0.0004970087110182764,0.0,0.2,0.39999999999999997,0.2,0.0,0.20000000000000004
2019-01-24,0.003595724372879516,0.0,0.2,0.39999999999999997,0.2,0.0,0.20000000000000004
2019-01-25,0.0010627580304041657,0.0,0.2,0.39999999999999997,0.2,0.0,0.20000000000000004
2019-01-28,-0.0010611569142052525,0.0,0.2,0.39999999999999997,0.2,0.0,0.20000000000000004
2019-01-29,0.0029588405529284764,0.0,0.2,0.39999999999999997,0.2,0.0,0.20000000000000004
2019-01-30,0.0029932791107048157,0.0,0.2,0.39999999999999997,0.2,0.0,0.20000000000000004
2019-01-31,0.005687345487041062,0.0,0.2,0.39999999999999997,0.2,0.0,0.20000000000000004
2019-02-01,-0.002720416269551218,0.0,0.2,0.39999999999999997,0.2,0.0,0.20000000000000004
2019-02-04,-0.0006944497488831521,0.0,0.2,0.39999999999999997,0.2,0.0,0.20000000000000004
2019-02-05,0.003731235413115641,0.0,0.2,0.39999999999999997,0.2,0.0,0.20000000000000004
2019-02-06,-0.0006336764888343449,0.0,0.2,0.39999999999999997,0.2,0.0,0.20000000000000004
2019-02-07,0.00169190155847172,0.0,0.2,0.39999999999999997,0.2,0.0,0.20000000000000004
2019-02-08,0.0029446866101025208,0.0,0.2,0.39999999999999997,0.2,0.0,0.20000000000000004
2019-02-11,-0.0016628534593650765,0.0,0.2,0.39999999999999997,0.2,0.0,0.20000000000000004
2019-02-12,0.001277938838783044,0.0,0.2,0.39999999999999997,0.2,0.0,0.20000000000000004
2019-02-13,-0.0005673399846419567,0.0,0.2,0.39999999999999997,0.2,0.0,0.20000000000000004
2019-02-14,0.002722199050046692,0.0,0.2,0.39999999999999997,0.2,0.0,0.20000000000000004
2019-02-15,0.003609591608255092,0.0,0.2,0.39999999999999997,0.2,0.0,0.20000000000000004
2019-02-19,0.003631836507553077,0.0,0.2,0.39999999999999997,0.2,0.0,0.20000000000000004
2019-02-20,-0.0009331369956315559,0.0,0.2,0.39999999999999997,0.2,0.0,0.20000000000000004
2019-02-21,-0.006392453328460191,0.0,0.2,0.39999999999999997,0.2,0.0,0.20000000000000004
2019-02-22,0.004265217604243321,0.0,0.2,0.39999999999999997,0.2,0.0,0.20000000000000004
2019-02-25,-0.0012750887591578496,0.0,0.2,0.39999999999999997,0.2,0.0,0.20000000000000004
2019-02-26,0.001393727111964815,0.0,0.2,0.39999999999999997,0.2,0.0,0.20000000000000004
2019-02-27,-0.0058788756586363395,0.0,0.2,0.39999999999999997,0.2,0.0,0.20000000000000004
2019-02-28,-0.0027007280430869198,0.0,0.2,0.39999999999999997,0.2,0.0,0.20000000000000004
2019-03-01,-0.005071930986962281,0.0,0.2,0.39999999999999997,0.2,0.0,0.20000000000000004
2019-03-04,0.002115489075669807,0.0,0.2,0.39999999999999997,0.2,0.0,0.20000000000000004
2019-03-05,0.0013709359362492402,0.0,0.2,0.39999999999999997,0.2,0.0,0.20000000000000004
2019-03-06,7.629852560879762e-05,0.0,0.2,0.39999999999999997,0.2,0.0,0.20000000000000004
2019-03-07,0.0025366258554189165,0.0,0.2,0.39999999999999997,0.2,0.0,0.20000000000000004
2019-03-08,0.0028603983922812046,0.0,0.2,0.39999999999999997,0.2,0.0,0.20000000000000004
2019-03-11,0.00027721300329321976,0.0,0.2,0.39999999999999997,0.2,0.0,0.20000000000000004
2019-03-12,0.004384215777373112,0.0,0.2,0.39999999999999997,0.2,0.0,0.20000000000000004
2019-03-13,0.0010414214054485617,0.0,0.2,0.39999999999999997,0.2,0.0,0.20000000000000004
2019-03-14,-0.004705567107053099,0.0,0.2,0.39999999999999997,0.2,0.0,0.20000000000000004
2019-03-15,0.004239176111090615,0.0,0.2,0.39999999999999997,0.2,0.0,0.20000000000000004
2019-03-18,0.00037667036781108276,0.0,0.2,0.39999999999999997,0.2,0.0,0.20000000000000004
2019-03-19,-0.0005182701920196654,0.0,0.2,0.39999999999999997,0.2,0.0,0.20000000000000004
2019-03-20,0.0037137391779813672,0.0,0.2,0.39999999999999997,0.2,0.0,0.20000000000000004
2019-03-21,0.0035842001559877714,0.0,0.2,0.39999999999999997,0.2,0.0,0.20000000000000004
2019-03-22,0.003221915931143937,0.0,0.2,0.39999999999999997,0.2,0.0,0.20000000000000004
2019-03-25,0.002022981418745062,0.0,0.2,0.39999999999999997,0.2,0.0,0.20000000000000004
2019-03-26,0.000830425848186156,0.0,0.2,0.39999999999999997,0.2,0.0,0.20000000000000004
2019-03-27,0.0018210396727520888,0.0,0.2,0.39999999999999997,0.2,0.0,0.20000000000000004
2019-03-28,1.7833606097328227e-05,0.0,0.2,0.39999999999999997,0.2,0.0,0.20000000000000004
2019-03-29,0.0012931936254739985,0.0,0.2,0.39999999999999997,0.2,0.0,0.20000000000000004
2019-04-01,-0.004250507656768287,0.0,0.2,0.39999999999999997,0.2,0.0,0.20000000000000004
2019-04-02,0.0018091996159556255,0.0,0.2,0.39999999999999997,0.2,0.0,0.20000000000000004
2019-04-03,-0.0037548110912162033,0.0,0.2,0.39999999999999997,0.2,0.0,0.20000000000000004
2019-04-04,0.002403822506037878,0.0,0.2,0.39999999999999997,0.2,0.0,0.20000000000000004
2019-04-05,0.0015022368619929559,0.0,0.2,0.39999999999999997,0.2,0.0,0.20000000000000004
2019-04-08,-0.00108815539081315,0.0,0.2,0.39999999999999997,0.2,0.0,0.20000000000000004
2019-04-09,0.0013591846707528,0.0,0.2,0.39999999999999997,0.2,0.0,0.20000000000000004
2019-04-10,0.0019591647827031707,0.0,0.2,0.39999999999999997,0.2,0.0,0.20000000000000004
2019-04-11,-0.004346331444628348,0.0,0.2,0.39999999999999997,0.2,0.0,0.20000000000000004
2019-04-12,-0.0021537681400366935,0.0,0.2,0.39999999999999997,0.2,0.0,0.20000000000000004
2019-04-15,0.0004252662046214438,0.0,0.2,0.39999999999999997,0.2,0.0,0.20000000000000004
2019-04-16,-0.0037037853957378572,0.0,0.2,0.39999999999999997,0.2,0.0,0.20000000000000004
2019-04-17,-0.0008611355307897696,0.0,0.2,0.39999999999999997,0.2,0.0,0.20000000000000004
2019-04-18,0.0037146144099633456,0.0,0.2,0.39999999999999997,0.2,0.0,0.20000000000000004
2019-04-22,-0.002207188586774178,0.0,0.2,0.39999999999999997,0.2,0.0,0.20000000000000004
2019-04-23,0.0029238999328045747,0.0,0.2,0.39999999999999997,0.2,0.0,0.20000000000000004
2019-04-24,0.0043960102401738865,0.0,0.2,0.39999999999999997,0.2,0.0,0.20000000000000004
2019-04-25,-0.00015936985597184695,0.0,0.2,0.39999999999999997,0.2,0.0,0.20000000000000004
2019-04-26,0.0033921377494825714,0.0,0.2,0.39999999999999997,0.2,0.0,0.20000000000000004
2019-04-29,-0.0035847405663806953,0.0,0.2,0.39999999999999997,0.2,0.0,0.20000000000000004
2019-04-30,0.0021534334599852658,0.0,0.2,0.39999999999999997,0.2,0.0,0.20000000000000004
2019-05-01,-0.0009440045190688643,0.0,0.2,0.39999999999999997,0.2,0.0,0.20000000000000004
2019-05-02,-0.002642787443026662,0.0,0.2,0.39999999999999997,0.2,0.0,0.20000000000000004
2019-05-03,0.003515411662314882,0.0,0.2,0.39999999999999997,0.2,0.0,0.20000000000000004
2019-05-06,0.0006947011182139471,0.0,0.2,0.39999999999999997,0.2,0.0,0.20000000000000004
2019-05-07,0.0005398710382150227,0.0,0.2,0.39999999999999997,0.2,0.0,0.20000000000000004
2019-05-08,-0.002425591587669151,0.0,0.2,0.39999999999999997,0.2,0.0,0.20000000000000004
2019-05-09,0.0011327000059972558,0.0,0.2,0.39999999999999997,0.2,0.0,0.20000000000000004
2019-05-10,0.0007635950727375552,0.0,0.2,0.39999999999999997,0.2,0.0,0.20000000000000004
2019-05-13,0.0001585659071497319,0.0,0.2,0.39999999999999997,0.2,0.0,0.20000000000000004
2019-05-14,0.0007480744011485688,0.0,0.2,0.39999999999999997,0.2,0.0,0.20000000000000004
2019-05-15,0.003590516676037003,0.0,0.2,0.39999999999999997,0.2,0.0,0.20000000000000004
2019-05-16,-0.0003838726975027073,0.0,0.2,0.39999999999999997,0.2,0.0,0.20000000000000004
2019-05-17,-0.0013611101869835495,0.0,0.2,0.39999999999999997,0.2,0.0,0.20000000000000004
2019-05-20,-0.002316356535113884,0.0,0.2,0.39999999999999997,0.2,0.0,0.20000000000000004
2019-05-21,0.001006465609884244,0.0,0.2,0.39999999999999997,0.2,0.0,0.20000000000000004
2019-05-22,0.0016324568420138736,0.0,0.2,0.39999999999999997,0.2,0.0,0.20000000000000004
2019-05-23,0.0032232425512285223,0.0,0.2,0.39999999999999997,0.2,0.0,0.20000000000000004
2019-05-24,0.00032944736275359866,0.0,0.2,0.39999999999999997,0.2,0.0,0.20000000000000004
2019-05-28,0.0010828217312774725,0.0,0.2,0.39999999999999997,0.2,0.0,0.20000000000000004
2019-05-29,0.0003917255944496654,0.0,0.2,0.39999999999999997,0.2,0.0,0.20000000000000004
2019-05-30,0.00541828977555654,0.0,0.2,0.39999999999999997,0.2,0.0,0.20000000000000004
2019-05-31,0.004175321613798099,0.0,0.2,0.39999999999999997,0.2,0.0,0.20000000000000004
2019-06-03,0.0039897749415819025,0.0,0.2,0.39999999999999997,0.2,0.0,0.20000000000000004
2019-06-04,-0.00038438661202286773,0.0,0.2,0.39999999999999997,0.2,0.0,0.20000000000000004
2019-06-05,0.0006714392403044393,0.0,0.2,0.39999999999999997,0.2,0.0,0.20000000000000004
2019-06-06,0.002558492920768929,0.0,0.2,0.39999999999999997,0.2,0.0,0.20000000000000004
2019-06-07,0.005748871732399507,0.0,0.2,0.39999999999999997,0.2,0.0,0.20000000000000004
2019-06-10,-0.004607510195192587,0.0,0.2,0.39999999999999997,0.2,0.0,0.20000000000000004
2019-06-11,3.3953382272811094e-05,0.0,0.2,0.39999999999999997,0.2,0.0,0.20000000000000004
2019-06-12,0.001528744588620601,0.0,0.2,0.39999999999999997,0.2,0.0,0.20000000000000004
2019-06-13,0.00357939026717804,0.0,0.2,0.39999999999999997,0.2,0.0,0.20000000000000004
2019-06-14,0.0017924319609143422,0.0,0.2,0.39999999999999997,0.2,0.0,0.20000000000000004
2019-06-17,0.0007254371635550649,0.0,0.2,0.39999999999999997,0.2,0.0,0.20000000000000004
2019-06-18,0.005415032621966853,0.0,0.2,0.39999999999999997,0.2,0.0,0.20000000000000004
2019-06-19,0.0013267566642500839,0.0,0.2,0.39999999999999997,0.2,0.0,0.20000000000000004
2019-06-20,0.006782945189301736,0.0,0.2,0.39999999999999997,0.2,0.0,0.20000000000000004
2019-06-21,-0.004355041044262053,0.0,0.2,0.39999999999999997,0.2,0.0,0.20000000000000004
2019-06-24,0.005399480475127371,0.0,0.2,0.39999999999999997,0.2,0.0,0.20000000000000004
2019-06-25,0.0001282962836250288,0.0,0.2,0.39999999999999997,0.2,0.0,0.20000000000000004
2019-06-26,-0.004438259142328028,0.0,0.2,0.39999999999999997,0.2,0.0,0.20000000000000004
2019-06-27,0.003332380671738044,0.0,0.2,0.39999999999999997,0.2,0.0,0.20000000000000004
2019-06-28,0.0011465206944611729,0.0,0.2,0.39999999999999997,0.2,0.0,0.20000000000000004
2019-07-01,-0.0015305939806959713,0.0,0.2,0.39999999999999997,0.2,0.0,0.20000000000000004
2019-07-02,0.00772521188745443,0.0,0.2,0.39999999999999997,0.2,0.0,0.20000000000000004
2019-07-03,0.0047804667865304126,0.0,0.2,0.39999999999999997,0.2,0.0,0.20000000000000004
2019-07-05,-0.006691692571196794,0.0,0.2,0.39999999999999997,0.2,0.0,0.20000000000000004
2019-07-08,-0.0014611696648998862,0.0,0.2,0.39999999999999997,0.2,0.0,0.20000000000000004
2019-07-09,0.0009510881983548992,0.0,0.2,0.39999999999999997,0.2,0.0,0.20000000000000004
2019-07-10,0.0010754217438786236,0.0,0.2,0.39999999999999997,0.2,0.0,0.20000000000000004
2019-07-11,-0.00655987257701438,0.0,0.2,0.39999999999999997,0.2,0.0,0.20000000000000004
2019-07-12,0.0022264877995000986,0.0,0.2,0.39999999999999997,0.2,0.0,0.20000000000000004
2019-07-15,0.002675697177706881,0.0,0.2,0.39999999999999997,0.2,0.0,0.20000000000000004
2019-07-16,-0.0026137470981189683,0.0,0.2,0.39999999999999997,0.2,0.0,0.20000000000000004
2019-07-17,0.005871910521100875,0.0,0.2,0.39999999999999997,0.2,0.0,0.20000000000000004
2019-07-18,0.0025213559962943494,0.0,0.2,0.39999999999999997,0.2,0.0,0.20000000000000004
2019-07-19,-0.004002060294253628,0.0,0.2,0.39999999999999997,0.2,0.0,0.20000000000000004
2019-07-22,0.0016013795476847337,0.0,0.2,0.39999999999999997,0.2,0.0,0.20000000000000004
2019-07-23,-0.0009722403904462546,0.0,0.2,0.39999999999999997,0.2,0.0,0.20000000000000004
2019-07-24,0.0036945920791407794,0.0,0.2,0.39999999999999997,0.2,0.0,0.20000000000000004
2019-07-25,-0.0039034281874225528,0.0,0.2,0.39999999999999997,0.2,0.0,0.20000000000000004
2019-07-26,0.0029168417561654444,0.0,0.2,0.39999999999999997,0.2,0.0,0.20000000000000004
2019-07-29,0.0012401219748568782,0.0,0.2,0.39999999999999997,0.2,0.0,0.20000000000000004
2019-07-30,0.0011512762693564715,0.0,0.2,0.39999999999999997,0.2,0.0,0.20000000000000004
2019-07-31,-0.0003900418040854838,0.0,0.2,0.39999999999999997,0.2,0.0,0.20000000000000004
2019-08-01,0.010408461851827753,0.0,0.2,0.39999999999999997,0.2,0.0,0.20000000000000004
2019-08-02,0.0009780675729873728,0.0,0.2,0.39999999999999997,0.2,0.0,0.20000000000000004
2019-08-05,0.002719157849699249,0.0,0.2,0.39999999999999997,0.2,0.0,0.20000000000000004
2019-08-06,0.007854250123272167,0.0,0.2,0.39999999999999997,0.2,0.0,0.20000000000000004
2019-08-07,0.003148013472000799,0.0,0.2,0.39999999999999997,0.2,0.0,0.20000000000000004
2019-08-08,0.005939034617149597,0.0,0.2,0.39999999999999997,0.2,0.0,0.20000000000000004
2019-08-09,-0.0030501467588198274,0.0,0.2,0.39999999999999997,0.2,0.0,0.20000000000000004
2019-08-12,0.007693817063989927,0.0,0.2,0.39999999999999997,0.2,0.0,0.20000000000000004
2019-08-13,0.0014551154724829602,0.0,0.2,0.39999999999999997,0.2,0.0,0.20000000000000004
2019-08-14,0.004918133547576864,0.0,0.2,0.39999999999999997,0.2,0.0,0.20000000000000004
2019-08-15,0.00645760832337685,0.0,0.2,0.39999999999999997,0.2,0.0,0.20000000000000004
2019-08-16,-0.0013834018354506924,0.0,0.2,0.39999999999999997,0.2,0.0,0.20000000000000004
2019-08-19,-0.005200547195039861,0.0,0.2,0.39999999999999997,0.2,0.0,0.20000000000000004
2019-08-20,0.0037151884944942593,0.0,0.2,0.39999999999999997,0.2,0.0,0.20000000000000004
2019-08-21,-0.001446875429275262,0.0,0.2,0.39999999999999997,0.2,0.0,0.20000000000000004
2019-08-22,-0.003375512243927625,0.0,0.2,0.39999999999999997,0.2,0.0,0.20000000000000004
2019-08-23,0.004229466725324292,0.0,0.2,0.39999999999999997,0.2,0.0,0.20000000000000004
2019-08-26,0.0016782556409464804,0.0,0.2,0.39999999999999997,0.2,0.0,0.20000000000000004
2019-08-27,0.00714302261471802,0.0,0.2,0.39999999999999997,0.2,0.0,0.20000000000000004
2019-08-28,0.0018103597704694164,0.0,0.2,0.39999999999999997,0.2,0.0,0.20000000000000004
2019-08-29,0.0001304177516638031,0.0,0.2,0.39999999999999997,0.2,0.0,0.20000000000000004
2019-08-30,0.0002536134945993586,0.0,0.2,0.39999999999999997,0.2,0.0,0.20000000000000004
2019-09-03,0.0025766864018490045,0.0,0.2,0.39999999999999997,0.2,0.0,0.20000000000000004
2019-09-04,0.002853851082112202,0.0,0.2,0.39999999999999997,0.2,0.0,0.20000000000000004
2019-09-05,-0.009398419910580436,0.0,0.2,0.39999999999999997,0.2,0.0,0.20000000000000004
2019-09-06,0.0013704657570865694,0.0,0.2,0.39999999999999997,0.2,0.0,0.20000000000000004
2019-09-09,-0.008125774663013962,0.0,0.2,0.39999999999999997,0.2,0.0,0.20000000000000004
2019-09-10,-0.008545179542712056,0.0,0.2,0.39999999999999997,0.2,0.0,0.20000000000000004
2019-09-11,0.002522034405077234,0.0,0.2,0.39999999999999997,0.2,0.0,0.20000000000000004
2019-09-12,-0.0021124634285901054,0.0,0.2,0.39999999999999997,0.2,0.0,0.20000000000000004
2019-09-13,-0.010631176167298917,0.0,0.2,0.39999999999999997,0.2,0.0,0.20000000000000004
2019-09-16,0.007047617957774555,0.0,0.2,0.39999999999999997,0.2,0.0,0.20000000000000004
2019-09-17,0.002177952939194205,0.0,0.2,0.39999999999999997,0.2,0.0,0.20000000000000004
2019-09-18,0.0013085919455047225,0.0,0.2,0.39999999999999997,0.2,0.0,0.20000000000000004
2019-09-19,0.0015527891472306042,0.0,0.2,0.39999999999999997,0.2,0.0,0.20000000000000004
2019-09-20,0.007226327115261388,0.0,0.2,0.39999999999999997,0.2,0.0,0.20000000000000004
2019-09-23,0.0012861130221492266,0.0,0.2,0.39999999999999997,0.2,0.0,0.20000000000000004
2019-09-24,0.0035654755515882146,0.0,0.2,0.39999999999999997,0.2,0.0,0.20000000000000004
2019-09-25,-0.0068082470511968245,0.0,0.2,0.39999999999999997,0.2,0.0,0.20000000000000004
2019-09-26,0.002618912881252022,0.0,0.2,0.39999999999999997,0.2,0.0,0.20000000000000004
2019-09-27,-0.001419622607980653,0.0,0.2,0.39999999999999997,0.2,0.0,0.20000000000000004
2019-09-30,-0.0005302033754041261,0.0,0.2,0.39999999999999997,0.2,0.0,0.20000000000000004
2019-10-01,-0.000744463752582192,0.0,0.2,0.39999999999999997,0.2,0.0,0.20000000000000004
2019-10-02,-0.0003690457300846721,0.0,0.2,0.39999999999999997,0.2,0.0,0.20000000000000004
2019-10-03,0.00611961326193935,0.0,0.2,0.39999999999999997,0.2,0.0,0.20000000000000004
2019-10-04,0.005511311302384203,0.0,0.2,0.39999999999999997,0.2,0.0,0.20000000000000004
2019-10-07,-0.005512697541079215,0.0,0.2,0.39999999999999997,0.2,0.0,0.20000000000000004
2019-10-08,1.7065468547072804e-05,0.0,0.2,0.39999999999999997,0.2,0.0,0.20000000000000004
2019-10-09,-0.0003247340808792739,0.0,0.2,0.39999999999999997,0.2,0.0,0.20000000000000004
2019-10-10,-0.007164799131473476,0.0,0.2,0.39999999999999997,0.2,0.0,0.20000000000000004
2019-10-11,-0.004728105620515643,0.0,0.2,0.39999999999999997,0.2,0.0,0.20000000000000004
2019-10-14,0.004078662735777194,0.0,0.2,0.39999999999999997,0.2,0.0,0.20000000000000004
2019-10-15,-0.004843949059231112,0.0,0.2,0.39999999999999997,0.2,0.0,0.20000000000000004
2019-10-16,0.0007892647199220447,0.0,0.2,0.39999999999999997,0.2,0.0,0.20000000000000004
2019-10-17,-0.0008448454870547905,0.0,0.2,0.39999999999999997,0.2,0.0,0.20000000000000004
2019-10-18,-0.0018392526132744893,0.0,0.2,0.39999999999999997,0.2,0.0,0.20000000000000004
2019-10-21,-0.0024566171764270443,0.0,0.2,0.39999999999999997,0.2,0.0,0.20000000000000004
2019-10-22,0.002723629923687887,0.0,0.2,0.39999999999999997,0.2,0.0,0.20000000000000004
2019-10-23,0.001379698641832605,0.0,0.2,0.39999999999999997,0.2,0.0,0.20000000000000004
2019-10-24,0.0015479034247420477,0.0,0.2,0.39999999999999997,0.2,0.0,0.20000000000000004
2019-10-25,-0.0004438875157438899,0.0,0.2,0.39999999999999997,0.2,0.0,0.20000000000000004
2019-10-28,-0.004380916106300337,0.0,0.2,0.39999999999999997,0.2,0.0,0.20000000000000004
2019-10-29,-0.0004263800202222613,0.0,0.2,0.39999999999999997,0.2,0.0,0.20000000000000004
2019-10-30,0.007115768874879901,0.0,0.2,0.39999999999999997,0.2,0.0,0.20000000000000004
2019-10-31,0.0064877213651916,0.0,0.2,0.39999999999999997,0.2,0.0,0.20000000000000004
2019-11-01,0.0007287857040331638,0.0,0.2,0.39999999999999997,0.2,0.0,0.20000000000000004
2019-11-04,-0.004283876535011477,0.0,0.2,0.39999999999999997,0.2,0.0,0.20000000000000004
2019-11-05,-0.007206146187355933,0.0,0.2,0.39999999999999997,0.2,0.0,0.20000000000000004
2019-11-06,0.0033243412892047354,0.0,0.2,0.39999999999999997,0.2,0.0,0.20000000000000004
2019-11-07,-0.009200340529972139,0.0,0.2,0.39999999999999997,0.2,0.0,0.20000000000000004
2019-11-08,-0.002015609942038421,0.0,0.2,0.39999999999999997,0.2,0.0,0.20000000000000004
2019-11-11,-0.0008927822430269572,0.0,0.2,0.39999999999999997,0.2,0.0,0.20000000000000004
2019-11-12,0.0030963274544442585,0.0,0.2,0.39999999999999997,0.2,0.0,0.20000000000000004
2019-11-13,0.003386429888683229,0.0,0.2,0.39999999999999997,0.2,0.0,0.20000000000000004
2019-11-14,0.00511481493672572,0.0,0.2,0.39999999999999997,0.2,0.0,0.20000000000000004
2019-11-15,6.048226973736086e-05,0.0,0.2,0.39999999999999997,0.2,0.0,0.20000000000000004
2019-11-18,0.0010937970646896166,0.0,0.2,0.39999999999999997,0.2,0.0,0.20000000000000004
2019-11-19,0.003600659791253302,0.0,0.2,0.39999999999999997,0.2,0.0,0.20000000000000004
2019-11-20,0.00349632232164605,0.0,0.2,0.39999999999999997,0.2,0.0,0.20000000000000004
2019-11-21,-0.0036221514860212078,0.0,0.2,0.39999999999999997,0.2,0.0,0.20000000000000004
2019-11-22,0.0011795536496750358,0.0,0.2,0.39999999999999997,0.2,0.0,0.20000000000000004
2019-11-25,0.0019126061048142296,0.0,0.2,0.39999999999999997,0.2,0.0,0.20000000000000004
2019-11-26,0.0035308677723406845,0.0,0.2,0.39999999999999997,0.2,0.0,0.20000000000000004
2019-11-27,-0.001032890673740483,0.0,0.2,0.39999999999999997,0.2,0.0,0.20000000000000004
2019-11-29,-0.0005765520512011958,0.0,0.2,0.39999999999999997,0.2,0.0,0.20000000000000004
2019-12-02,-0.00795122188805537,0.0,0.2,0.39999999999999997,0.2,0.0,0.20000000000000004
2019-12-03,0.008737715065321328,0.0,0.2,0.39999999999999997,0.2,0.0,0.20000000000000004
2019-12-04,-0.0032574189950648857,0.0,0.2,0.39999999999999997,0.2,0.0,0.20000000000000004
2019-12-05,-0.0019196522881934186,0.0,0.2,0.39999999999999997,0.2,0.0,0.20000000000000004
2019-12-06,-0.001622889437764141,0.0,0.2,0.39999999999999997,0.2,0.0,0.20000000000000004
2019-12-09,-4.3766523181476644e-05,0.0,0.2,0.39999999999999997,0.2,0.0,0.20000000000000004
2019-12-10,0.00014836966330684652,0.0,0.2,0.39999999999999997,0.2,0.0,0.20000000000000004
2019-12-11,0.004340895214190254,0.0,0.2,0.39999999999999997,0.2,0.0,0.20000000000000004
2019-12-12,-0.0052642792061538875,0.0,0.2,0.39999999999999997,0.2,0.0,0.20000000000000004
2019-12-13,0.005642526850097162,0.0,0.2,0.39999999999999997,0.2,0.0,0.20000000000000004
2019-12-16,-0.002611361404341905,0.0,0.2,0.39999999999999997,0.2,0.0,0.20000000000000004
2019-12-17,-0.0001751492042826096,0.0,0.2,0.39999999999999997,0.2,0.0,0.20000000000000004
2019-12-18,-0.0028827376693713706,0.0,0.2,0.39999999999999997,0.2,0.0,0.20000000000000004
2019-12-19,0.001977702113376312,0.0,0.2,0.39999999999999997,0.2,0.0,0.20000000000000004
2019-12-20,0.0022789924946899024,0.0,0.2,0.39999999999999997,0.2,0.0,0.20000000000000004
2019-12-23,0.00023015510839610178,0.0,0.2,0.39999999999999997,0.2,0.0,0.20000000000000004
2019-12-24,0.0030356662480175434,0.0,0.2,0.39999999999999997,0.2,0.0,0.20000000000000004
2019-12-26,0.0032961461642362355,0.0,0.2,0.39999999999999997,0.2,0.0,0.20000000000000004
2019-12-27,-0.0006737909150684731,0.0,0.2,0.39999999999999997,0.2,0.0,0.20000000000000004
2019-12-30,-0.002520821114713856,0.0,0.2,0.39999999999999997,0.2,0.0,0.20000000000000004
2019-12-31,-0.00359085130142518,0.0,0.2,0.39999999999999997,0.2,0.0,0.20000000000000004
2020-01-02,0.008550297750141756,0.0,0.2,0.39999999999999997,0.2,0.0,0.20000000000000004
2020-01-03,0.007529509391623822,0.0,0.2,0.39999999999999997,0.2,0.0,0.20000000000000004
2020-01-06,0.00012965987482422853,0.0,0.2,0.39999999999999997,0.2,0.0,0.20000000000000004
2020-01-07,-0.0010503234883720623,0.0,0.2,0.39999999999999997,0.2,0.0,0.20000000000000004
2020-01-08,-0.002542596071165781,0.0,0.2,0.39999999999999997,0.2,0.0,0.20000000000000004
2020-01-09,0.002011874463496732,0.0,0.2,0.39999999999999997,0.2,0.0,0.20000000000000004
2020-01-10,0.004033531484951003,0.0,0.2,0.39999999999999997,0.2,0.0,0.20000000000000004
2020-01-13,-0.0013219484932303293,0.0,0.2,0.39999999999999997,0.2,0.0,0.20000000000000004
2020-01-14,0.0016506345652713026,0.0,0.2,0.39999999999999997,0.2,0.0,0.20000000000000004
2020-01-15,0.003966517634721955,0.0,0.2,0.39999999999999997,0.2,0.0,0.20000000000000004
2020-01-16,0.0003950781610150947,0.0,0.2,0.39999999999999997,0.2,0.0,0.20000000000000004
2020-01-17,-0.0017416091663969618,0.0,0.2,0.39999999999999997,0.2,0.0,0.20000000000000004
2020-01-21,0.003876956187873715,0.0,0.2,0.39999999999999997,0.2,0.0,0.20000000000000004
2020-01-22,0.0013455147607384975,0.0,0.2,0.39999999999999997,0.2,0.0,0.20000000000000004
2020-01-23,0.004012560432762901,0.0,0.2,0.39999999999999997,0.2,0.0,0.20000000000000004
2020-01-24,0.002929500103944305,0.0,0.2,0.39999999999999997,0.2,0.0,0.20000000000000004
2020-01-27,0.004684072588607879,0.0,0.2,0.39999999999999997,0.2,0.0,0.20000000000000004
2020-01-28,-0.0028219834400047047,0.0,0.2,0.39999999999999997,0.2,0.0,0.20000000000000004
2020-01-29,0.005132674209386323,0.0,0.2,0.39999999999999997,0.2,0.0,0.20000000000000004
2020-01-30,0.00011345388195178592,0.0,0.2,0.39999999999999997,0.2,0.0,0.20000000000000004
2020-01-31,0.00034524757347116327,0.0,0.2,0.39999999999999997,0.2,0.0,0.20000000000000004
2020-02-03,0.0008518190390884863,0.0,0.2,0.39999999999999997,0.2,0.0,0.20000000000000004
2020-02-04,-0.004637339728884515,0.0,0.2,0.39999999999999997,0.2,0.0,0.20000000000000004
2020-02-05,-0.0010625748809022445,0.0,0.2,0.39999999999999997,0.2,0.0,0.20000000000000004
2020-02-06,0.003930142173277539,0.0,0.2,0.39999999999999997,0.2,0.0,0.20000000000000004
2020-02-07,0.004905600857842507,0.0,0.2,0.39999999999999997,0.2,0.0,0.20000000000000004
2020-02-10,0.0034152342730477516,0.0,0.2,0.39999999999999997,0.2,0.0,0.20000000000000004
2020-02-11,-0.0025826276868254005,0.0,0.2,0.39999999999999997,0.2,0.0,0.20000000000000004
2020-02-12,-0.00037565337001366174,0.0,0.2,0.39999999999999997,0.2,0.0,0.20000000000000004
2020-02-13,0.0026843787336166655,0.0,0.2,0.39999999999999997,0.2,0.0,0.20000000000000004
2020-02-14,0.0028323934100559665,0.0,0.2,0.39999999999999997,0.2,0.0,0.20000000000000004
2020-02-18,0.005535290414407612,0.0,0.2,0.39999999999999997,0.2,0.0,0.20000000000000004
2020-02-19,0.0024672396437603887,0.0,0.2,0.39999999999999997,0.2,0.0,0.20000000000000004
2020-02-20,0.0037233632486021848,0.0,0.2,0.39999999999999997,0.2,0.0,0.20000000000000004
2020-02-21,0.0034958871587388524,0.0,0.2,0.39999999999999997,0.2,0.0,0.20000000000000004
2020-02-24,0.0012099871626598743,0.0,0.2,0.39999999999999997,0.2,0.0,0.20000000000000004
2020-02-25,-0.00810153179700619,0.0,0.2,0.39999999999999997,0.2,0.0,0.20000000000000004
2020-02-26,-0.0018306529281250095,0.0,0.2,0.39999999999999997,0.2,0.0,0.20000000000000004
2020-02-27,-0.005799015555149501,0.0,0.2,0.39999999999999997,0.2,0.0,0.20000000000000004
2020-02-28,0.00021839575894029226,0.0,0.2,0.39999999999999997,0.2,0.0,0.20000000000000004
2020-03-02,0.0057681932969894986,0.0,0.2,0.39999999999999997,0.2,0.0,0.20000000000000004
2020-03-03,0.005936890808030903,0.0,0.2,0.39999999999999997,0.2,0.0,0.20000000000000004
2020-03-04,0.0051948057530723174,0.0,0.2,0.39999999999999997,0.2,0.0,0.20000000000000004
2020-03-05,0.006112048230675791,0.0,0.2,0.39999999999999997,0.2,0.0,0.20000000000000004
2020-03-06,0.01644070637058246,0.0,0.2,0.39999999999999997,0.2,0.0,0.20000000000000004
2020-03-09,-0.006599268562075223,0.0,0.2,0.39999999999999997,0.2,0.0,0.20000000000000004
2020-03-10,-0.013925524778527413,0.06768581765762227,0.13231418234237777,0.39999999999999997,0.2,9.550229998275317e-20,0.26768581765762234
2020-03-11,-0.021471042181437323,0.0,0.13231418234237777,0.39999999999999997,0.2,9.550229998275317e-20,0.26768581765762234
2020-03-12,-0.015293297413412388,0.0,0.13231418234237777,0.39999999999999997,0.2,9.550229998275317e-20,0.26768581765762234
2020-03-13,0.00629097817113747,0.0,0.13231418234237777,0.39999999999999997,0.2,9.550229998275317e-20,0.26768581765762234
2020-03-16,0.0005540126361611129,0.0,0.13231418234237777,0.39999999999999997,0.2,9.550229998275317e-20,0.26768581765762234
2020-03-17,-0.012081394606124346,0.0,0.13231418234237777,0.39999999999999997,0.2,9.550229998275317e-20,0.26768581765762234
2020-03-18,-0.02918848943843064,0.0,0.13231418234237777,0.39999999999999997,0.2,9.550229998275317e-20,0.26768581765762234
2020-03-19,0.013731225240638386,0.0,0.13231418234237777,0.39999999999999997,0.2,9.550229998275317e-20,0.26768581765762234
2020-03-20,0.02661291148270013,0.0,0.13231418234237777,0.39999999999999997,0.2,9.550229998275317e-20,0.26768581765762234
2020-03-23,0.021554524460845544,0.0,0.13231418234237777,0.39999999999999997,0.2,9.550229998275317e-20,0.26768581765762234
2020-03-24,0.011185630036469474,0.0,0.13231418234237777,0.39999999999999997,0.2,9.550229998275317e-20,0.26768581765762234
2020-03-25,-0.004182647387699153,0.0,0.13231418234237777,0.39999999999999997,0.2,9.550229998275317e-20,0.26768581765762234
2020-03-26,0.007958867198558196,0.0,0.13231418234237777,0.39999999999999997,0.2,9.550229998275317e-20,0.26768581765762234
2020-03-27,0.003258826034263137,0.0,0.13231418234237777,0.39999999999999997,0.2,9.550229998275317e-20,0.26768581765762234
2020-03-30,0.0030871982239831126,0.0,0.13231418234237777,0.39999999999999997,0.2,9.550229998275317e-20,0.26768581765762234
2020-03-31,-0.01178765007864529,0.0,0.13231418234237777,0.39999999999999997,0.2,9.550229998275317e-20,0.26768581765762234
2020-04-01,0.003236585602718985,0.0,0.13231418234237777,0.39999999999999997,0.2,9.550229998275317e-20,0.26768581765762234
2020-04-02,0.01024740321911255,0.0006072931746258089,0.13170688916775197,0.39999999999999997,0.2,5.440179988678052e-19,0.26829311083224816
2020-04-03,0.0015185175990419398,0.0,0.13170688916775197,0.39999999999999997,0.2,5.440179988678052e-19,0.26829311083224816
2020-04-06,0.013442095279617804,0.0,0.13170688916775197,0.39999999999999997,0.2,5.440179988678052e-19,0.26829311083224816
2020-04-07,-0.007582282060659976,0.0,0.13170688916775197,0.39999999999999997,0.2,5.440179988678052e-19,0.26829311083224816
2020-04-08,0.0007209408599031398,0.0,0.13170688916775197,0.39999999999999997,0.2,5.440179988678052e-19,0.26829311083224816
2020-04-09,0.005979159840564525,0.0,0.13170688916775197,0.39999999999999997,0.2,5.440179988678052e-19,0.26829311083224816
2020-04-13,-0.001824309854014485,0.0,0.13170688916775197,0.39999999999999997,0.2,5.440179988678052e-19,0.26829311083224816
2020-04-14,0.0038649647340147837,0.0,0.13170688916775197,0.39999999999999997,0.2,5.440179988678052e-19,0.26829311083224816
2020-04-15,0.008781678317276324,0.0,0.13170688916775197,0.39999999999999997,0.2,5.440179988678052e-19,0.26829311083224816
2020-04-16,0.00619933039353144,0.0,0.13170688916775197,0.39999999999999997,0.2,5.440179988678052e-19,0.26829311083224816
2020-04-17,-0.006380727438919683,0.0,0.13170688916775197,0.39999999999999997,0.2,5.440179988678052e-19,0.26829311083224816
2020-04-20,0.0032168241006914717,0.0,0.13170688916775197,0.39999999999999997,0.2,5.440179988678052e-19,0.26829311083224816
2020-04-21,6.869194825212359e-05,0.0,0.13170688916775197,0.39999999999999997,0.2,5.440179988678052e-19,0.26829311083224816
2020-04-22,0.003561412704836952,0.0,0.13170688916775197,0.39999999999999997,0.2,5.440179988678052e-19,0.26829311083224816
2020-04-23,0.00420337518060317,0.0,0.13170688916775197,0.39999999999999997,0.2,5.440179988678052e-19,0.26829311083224816
2020-04-24,0.0013261867767467095,0.0,0.13170688916775197,0.39999999999999997,0.2,5.440179988678052e-19,0.26829311083224816
2020-04-27,-0.0075656264846164275,0.0,0.13170688916775197,0.39999999999999997,0.2,5.440179988678052e-19,0.26829311083224816
2020-04-28,0.002810556872644889,0.0,0.13170688916775197,0.39999999999999997,0.2,5.440179988678052e-19,0.26829311083224816
2020-04-29,0.0013887861245525765,0.0,0.13170688916775197,0.39999999999999997,0.2,5.440179988678052e-19,0.26829311083224816
2020-04-30,-0.011212204062844464,0.0,0.13170688916775197,0.39999999999999997,0.2,5.440179988678052e-19,0.26829311083224816
2020-05-01,0.0014733205001375618,0.0,0.13170688916775197,0.39999999999999997,0.2,5.440179988678052e-19,0.26829311083224816
2020-05-04,0.0006832040475108125,0.0,0.13170688916775197,0.39999999999999997,0.2,5.440179988678052e-19,0.26829311083224816
2020-05-05,-0.0002964059085236938,0.0,0.13170688916775197,0.39999999999999997,0.2,5.440179988678052e-19,0.26829311083224816
2020-05-06,-0.008625777821125558,0.0,0.13170688916775197,0.39999999999999997,0.2,5.440179988678052e-19,0.26829311083224816
2020-05-07,0.01055049891305956,0.0,0.13170688916775197,0.39999999999999997,0.2,5.440179988678052e-19,0.26829311083224816
2020-05-08,-0.004322587440792326,0.0,0.13170688916775197,0.39999999999999997,0.2,5.440179988678052e-19,0.26829311083224816
2020-05-11,-0.003349547751149963,0.0,0.13170688916775197,0.39999999999999997,0.2,5.440179988678052e-19,0.26829311083224816
2020-05-12,0.0017641139434789947,0.0,0.13170688916775197,0.39999999999999997,0.2,5.440179988678052e-19,0.26829311083224816
2020-05-13,0.0028890536910555296,0.0,0.13170688916775197,0.39999999999999997,0.2,5.440179988678052e-19,0.26829311083224816
2020-05-14,0.007557761550562843,0.0,0.13170688916775197,0.39999999999999997,0.2,5.440179988678052e-19,0.26829311083224816
2020-05-15,0.0009029575874587322,0.0,0.13170688916775197,0.39999999999999997,0.2,5.440179988678052e-19,0.26829311083224816
2020-05-18,-0.008454489422735339,0.0,0.13170688916775197,0.39999999999999997,0.2,5.440179988678052e-19,0.26829311083224816
2020-05-19,0.0018747819158584375,0.0,0.13170688916775197,0.39999999999999997,0.2,5.440179988678052e-19,0.26829311083224816
2020-05-20,0.0030135288771464385,0.0,0.13170688916775197,0.39999999999999997,0.2,5.440179988678052e-19,0.26829311083224816
2020-05-21,-0.002226071870488208,0.0,0.13170688916775197,0.39999999999999997,0.2,5.440179988678052e-19,0.26829311083224816
2020-05-22,0.004637510007418738,0.0,0.13170688916775197,0.39999999999999997,0.2,5.440179988678052e-19,0.26829311083224816
2020-05-26,-0.008572216429782271,0.0,0.13170688916775197,0.39999999999999997,0.2,5.440179988678052e-19,0.26829311083224816
2020-05-27,0.0014852085956829665,0.0,0.13170688916775197,0.39999999999999997,0.2,5.440179988678052e-19,0.26829311083224816
2020-05-28,-0.002447478754921782,0.0,0.13170688916775197,0.39999999999999997,0.2,5.440179988678052e-19,0.26829311083224816
2020-05-29,0.004512184808828523,0.0,0.13170688916775197,0.39999999999999997,0.2,5.440179988678052e-19,0.26829311083224816
2020-06-01,-0.00275279094121297,0.0,0.13170688916775197,0.39999999999999997,0.2,5.440179988678052e-19,0.26829311083224816
2020-06-02,-0.001963425889634648,0.0,0.13170688916775197,0.39999999999999997,0.2,5.440179988678052e-19,0.26829311083224816
2020-06-03,-0.008880967661948073,0.0,0.13170688916775197,0.39999999999999997,0.2,5.440179988678052e-19,0.26829311083224816
2020-06-04,-0.0050540117596909314,0.0,0.13170688916775197,0.39999999999999997,0.2,5.440179988678052e-19,0.26829311083224816
2020-06-05,-0.003016068687307642,0.0,0.13170688916775197,0.39999999999999997,0.2,5.440179988678052e-19,0.26829311083224816
2020-06-08,0.004577286511842889,0.0,0.13170688916775197,0.39999999999999997,0.2,5.440179988678052e-19,0.26829311083224816
2020-06-09,0.004668664572667514,0.0,0.13170688916775197,0.39999999999999997,0.2,5.440179988678052e-19,0.26829311083224816
2020-06-10,0.0067225511537096425,0.0,0.13170688916775197,0.39999999999999997,0.2,5.440179988678052e-19,0.26829311083224816
2020-06-11,0.0012151960949694281,0.0,0.13170688916775197,0.39999999999999997,0.2,5.440179988678052e-19,0.26829311083224816
2020-06-12,-0.001278936096723887,0.0,0.13170688916775197,0.39999999999999997,0.2,5.440179988678052e-19,0.26829311083224816
2020-06-15,-2.9181813716335392e-05,0.0,0.13170688916775197,0.39999999999999997,0.2,5.440179988678052e-19,0.26829311083224816
2020-06-16,-0.0028761735192597473,0.0,0.13170688916775197,0.39999999999999997,0.2,5.440179988678052e-19,0.26829311083224816
2020-06-17,0.0016908907959880025,0.0,0.13170688916775197,0.39999999999999997,0.2,5.440179988678052e-19,0.26829311083224816
2020-06-18,0.004914057870744327,0.0,0.13170688916775197,0.39999999999999997,0.2,5.440179988678052e-19,0.26829311083224816
2020-06-19,0.0020798821840292154,0.0,0.13170688916775197,0.39999999999999997,0.2,5.440179988678052e-19,0.26829311083224816
2020-06-22,0.0007626470471714731,0.0,0.13170688916775197,0.39999999999999997,0.2,5.440179988678052e-19,0.26829311083224816
2020-06-23,-0.0013636610199282435,0.0,0.13170688916775197,0.39999999999999997,0.2,5.440179988678052e-19,0.26829311083224816
2020-06-24,0.0014645675506712074,0.0,0.13170688916775197,0.39999999999999997,0.2,5.440179988678052e-19,0.26829311083224816
2020-06-25,0.0028535129218235124,0.0,0.13170688916775197,0.39999999999999997,0.2,5.440179988678052e-19,0.26829311083224816
2020-06-26,0.0024533374521157536,0.0,0.13170688916775197,0.39999999999999997,0.2,5.440179988678052e-19,0.26829311083224816
2020-06-29,0.0008871965231471415,0.0,0.13170688916775197,0.39999999999999997,0.2,5.440179988678052e-19,0.26829311083224816
2020-06-30,0.00022532062757785187,0.0,0.13170688916775197,0.39999999999999997,0.2,5.440179988678052e-19,0.26829311083224816
2020-07-01,-0.0013619746694839394,0.0,0.13170688916775197,0.39999999999999997,0.2,5.440179988678052e-19,0.26829311083224816
2020-07-02,0.0017777558566320617,0.0,0.13170688916775197,0.39999999999999997,0.2,5.440179988678052e-19,0.26829311083224816
2020-07-06,0.0001636447692198342,0.0,0.13170688916775197,0.39999999999999997,0.2,5.440179988678052e-19,0.26829311083224816
2020-07-07,0.006141737823713491,0.0,0.13170688916775197,0.39999999999999997,0.2,5.440179988678052e-19,0.26829311083224816
2020-07-08,-0.0007818058369483119,0.0,0.13170688916775197,0.39999999999999997,0.2,5.440179988678052e-19,0.26829311083224816
2020-07-09,0.006004782523397343,0.0,0.13170688916775197,0.39999999999999997,0.2,5.440179988678052e-19,0.26829311083224816
2020-07-10,-0.0015943129088525586,0.0,0.13170688916775197,0.39999999999999997,0.2,5.440179988678052e-19,0.26829311083224816
2020-07-13,1.942773737727331e-05,0.0,0.13170688916775197,0.39999999999999997,0.2,5.440179988678052e-19,0.26829311083224816
2020-07-14,0.0027000580412003465,0.0,0.13170688916775197,0.39999999999999997,0.2,5.440179988678052e-19,0.26829311083224816
2020-07-15,-0.0012022847265667263,0.0,0.13170688916775197,0.39999999999999997,0.2,5.440179988678052e-19,0.26829311083224816
2020-07-16,0.000506009027168886,0.0,0.13170688916775197,0.39999999999999997,0.2,5.440179988678052e-19,0.26829311083224816
2020-07-17,5.85840029210089e-05,0.0,0.13170688916775197,0.39999999999999997,0.2,5.440179988678052e-19,0.26829311083224816
2020-07-20,0.002597922664967235,0.0,0.13170688916775197,0.39999999999999997,0.2,5.440179988678052e-19,0.26829311083224816
2020-07-21,0.001271535635377131,0.0,0.13170688916775197,0.39999999999999997,0.2,5.440179988678052e-19,0.26829311083224816
2020-07-22,0.004255776550224111,0.0,0.13170688916775197,0.39999999999999997,0.2,5.440179988678052e-19,0.26829311083224816
2020-07-23,0.004343311948527377,0.0,0.13170688916775197,0.39999999999999997,0.2,5.440179988678052e-19,0.26829311083224816
2020-07-24,-0.00030844273147861664,0.0,0.13170688916775197,0.39999999999999997,0.2,5.440179988678052e-19,0.26829311083224816
2020-07-27,0.0014275421051083243,0.0,0.13170688916775197,0.39999999999999997,0.2,5.440179988678052e-19,0.26829311083224816
2020-07-28,0.004024226395975994,0.0,0.13170688916775197,0.39999999999999997,0.2,5.440179988678052e-19,0.26829311083224816
2020-07-29,0.0011705491895562473,0.0,0.13170688916775197,0.39999999999999997,0.2,5.440179988678052e-19,0.26829311083224816
2020-07-30,-0.00037774949108881364,0.0,0.13170688916775197,0.39999999999999997,0.2,5.440179988678052e-19,0.26829311083224816
2020-07-31,0.004202737675866118,0.0,0.13170688916775197,0.39999999999999997,0.2,5.440179988678052e-19,0.26829311083224816
2020-08-03,-0.0008717433385991881,0.0,0.13170688916775197,0.39999999999999997,0.2,5.440179988678052e-19,0.26829311083224816
2020-08-04,0.007621901220789861,0.0,0.13170688916775197,0.39999999999999997,0.2,5.440179988678052e-19,0.26829311083224816
2020-08-05,-0.0019940596456626157,0.0,0.13170688916775197,0.39999999999999997,0.2,5.440179988678052e-19,0.26829311083224816
2020-08-06,0.005769628357467284,0.0,0.13170688916775197,0.39999999999999997,0.2,5.440179988678052e-19,0.26829311083224816
2020-08-07,-0.004144210047122368,0.0,0.13170688916775197,0.39999999999999997,0.2,5.440179988678052e-19,0.26829311083224816
2020-08-10,-0.0016623669675226377,0.0,0.13170688916775197,0.39999999999999997,0.2,5.440179988678052e-19,0.26829311083224816
2020-08-11,-0.016155292372742384,0.0,0.13170688916775197,0.39999999999999997,0.2,5.440179988678052e-19,0.26829311083224816
2020-08-12,-0.0035840669691221804,0.0,0.13170688916775197,0.39999999999999997,0.2,5.440179988678052e-19,0.26829311083224816
2020-08-13,0.00010394962571713337,0.0,0.13170688916775197,0.39999999999999997,0.2,5.440179988678052e-19,0.26829311083224816
2020-08-14,-0.002846161552994432,0.0,0.13170688916775197,0.39999999999999997,0.2,5.440179988678052e-19,0.26829311083224816
2020-08-17,0.004590041549367551,0.0,0.13170688916775197,0.39999999999999997,0.2,5.440179988678052e-19,0.26829311083224816
2020-08-18,0.0034486631180492638,0.0,0.13170688916775197,0.39999999999999997,0.2,5.440179988678052e-19,0.26829311083224816
2020-08-19,-0.007209563281451217,0.0,0.13170688916775197,0.39999999999999997,0.2,5.440179988678052e-19,0.26829311083224816
2020-08-20,0.004661049302416162,0.0,0.13170688916775197,0.39999999999999997,0.2,5.440179988678052e-19,0.26829311083224816
2020-08-21,0.002546883172732547,0.0,0.13170688916775197,0.39999999999999997,0.2,5.440179988678052e-19,0.26829311083224816
2020-08-24,-2.0857249272965354e-05,0.0,0.13170688916775197,0.39999999999999997,0.2,5.440179988678052e-19,0.26829311083224816
2020-08-25,-0.0033148938009391446,0.0,0.13170688916775197,0.39999999999999997,0.2,5.440179988678052e-19,0.26829311083224816
2020-08-26,0.00183138929415236,0.0,0.13170688916775197,0.39999999999999997,0.2,5.440179988678052e-19,0.26829311083224816
2020-08-27,-0.008507431237907401,0.0,0.13170688916775197,0.39999999999999997,0.2,5.440179988678052e-19,0.26829311083224816
2020-08-28,0.00189398818325323,0.0,0.13170688916775197,0.39999999999999997,0.2,5.440179988678052e-19,0.26829311083224816
2020-08-31,0.002333754956977821,0.0,0.13170688916775197,0.39999999999999997,0.2,5.440179988678052e-19,0.26829311083224816
2020-09-01,0.006592415406027201,0.0,0.13170688916775197,0.39999999999999997,0.2,5.440179988678052e-19,0.26829311083224816
2020-09-02,0.004054531293227654,0.0,0.13170688916775197,0.39999999999999997,0.2,5.440179988678052e-19,0.26829311083224816
2020-09-03,-0.00490964306863314,0.0,0.13170688916775197,0.39999999999999997,0.2,5.440179988678052e-19,0.26829311083224816
2020-09-04,-0.007690248195777394,0.0,0.13170688916775197,0.39999999999999997,0.2,5.440179988678052e-19,0.26829311083224816
2020-09-08,-0.00013604629683861263,0.0,0.13170688916775197,0.39999999999999997,0.2,5.440179988678052e-19,0.26829311083224816
2020-09-09,0.003042170952093223,0.0,0.13170688916775197,0.39999999999999997,0.2,5.440179988678052e-19,0.26829311083224816
2020-09-10,-0.0003657701160785748,0.0,0.13170688916775197,0.39999999999999997,0.2,5.440179988678052e-19,0.26829311083224816
2020-09-11,0.0003772816271858766,0.0,0.13170688916775197,0.39999999999999997,0.2,5.440179988678052e-19,0.26829311083224816
2020-09-14,0.0026496778242226533,0.0,0.13170688916775197,0.39999999999999997,0.2,5.440179988678052e-19,0.26829311083224816
2020-09-15,-0.00057258245914829,0.0,0.13170688916775197,0.39999999999999997,0.2,5.440179988678052e-19,0.26829311083224816
2020-09-16,-0.0008300343127107463,0.0,0.13170688916775197,0.39999999999999997,0.2,5.440179988678052e-19,0.26829311083224816
2020-09-17,-0.0019930741059649647,0.0,0.13170688916775197,0.39999999999999997,0.2,5.440179988678052e-19,0.26829311083224816
2020-09-18,-0.00217618473484522,0.0,0.13170688916775197,0.39999999999999997,0.2,5.440179988678052e-19,0.26829311083224816
2020-09-21,-0.0015303270079381126,0.0,0.13170688916775197,0.39999999999999997,0.2,5.440179988678052e-19,0.26829311083224816
2020-09-22,0.0010104256571286537,0.0,0.13170688916775197,0.39999999999999997,0.2,5.440179988678052e-19,0.26829311083224816
2020-09-23,-0.005359830943461477,0.0,0.13170688916775197,0.39999999999999997,0.2,5.440179988678052e-19,0.26829311083224816
2020-09-24,0.0022060590964453454,0.0,0.13170688916775197,0.39999999999999997,0.2,5.440179988678052e-19,0.26829311083224816
2020-09-25,0.002296334079061958,0.0,0.13170688916775197,0.39999999999999997,0.2,5.440179988678052e-19,0.26829311083224816
2020-09-28,0.002221162206280279,0.0,0.13170688916775197,0.39999999999999997,0.2,5.440179988678052e-19,0.26829311083224816
2020-09-29,0.0001666624094165918,0.0,0.13170688916775197,0.39999999999999997,0.2,5.440179988678052e-19,0.26829311083224816
2020-09-30,-0.004036547362029786,0.0,0.13170688916775197,0.39999999999999997,0.2,5.440179988678052e-19,0.26829311083224816
2020-10-01,0.0028663663892183363,0.0,0.13170688916775197,0.39999999999999997,0.2,5.440179988678052e-19,0.26829311083224816
2020-10-02,-0.0022873647097939247,0.0,0.13170688916775197,0.39999999999999997,0.2,5.440179988678052e-19,0.26829311083224816
2020-10-05,-0.0056685514675998,0.0,0.13170688916775197,0.39999999999999997,0.2,5.440179988678052e-19,0.26829311083224816
2020-10-06,-0.0013254005560010022,0.0,0.13170688916775197,0.39999999999999997,0.2,5.440179988678052e-19,0.26829311083224816
2020-10-07,-0.001032422339985815,0.0,0.13170688916775197,0.39999999999999997,0.2,5.440179988678052e-19,0.26829311083224816
2020-10-08,0.003932172671191574,0.0,0.13170688916775197,0.39999999999999997,0.2,5.440179988678052e-19,0.26829311083224816
2020-10-09,0.00314199615853726,0.0,0.13170688916775197,0.39999999999999997,0.2,5.440179988678052e-19,0.26829311083224816
2020-10-12,0.00249862055530704,0.0,0.13170688916775197,0.39999999999999997,0.2,5.440179988678052e-19,0.26829311083224816
2020-10-13,0.00046179683069259066,0.0,0.13170688916775197,0.39999999999999997,0.2,5.440179988678052e-19,0.26829311083224816
2020-10-14,6.902256566023251e-05,0.0,0.13170688916775197,0.39999999999999997,0.2,5.440179988678052e-19,0.26829311083224816
2020-10-15,0.001153296845195659,0.0,0.13170688916775197,0.39999999999999997,0.2,5.440179988678052e-19,0.26829311083224816
2020-10-16,-0.0022025644762210432,0.0,0.13170688916775197,0.39999999999999997,0.2,5.440179988678052e-19,0.26829311083224816
2020-10-19,-0.004261980680808635,0.0,0.13170688916775197,0.39999999999999997,0.2,5.440179988678052e-19,0.26829311083224816
2020-10-20,-0.003166321191804298,0.0,0.13170688916775197,0.39999999999999997,0.2,5.440179988678052e-19,0.26829311083224816
2020-10-21,-0.001512281798107915,0.0,0.13170688916775197,0.39999999999999997,0.2,5.440179988678052e-19,0.26829311083224816
2020-10-22,-0.004323406320375634,0.0,0.13170688916775197,0.39999999999999997,0.2,5.440179988678052e-19,0.26829311083224816
2020-10-23,0.002038423839705965,0.0,0.13170688916775197,0.39999999999999997,0.2,5.440179988678052e-19,0.26829311083224816
2020-10-26,0.0021507340073203436,0.0,0.13170688916775197,0.39999999999999997,0.2,5.440179988678052e-19,0.26829311083224816
2020-10-27,0.0022224283600753734,0.0,0.13170688916775197,0.39999999999999997,0.2,5.440179988678052e-19,0.26829311083224816
2020-10-28,-0.005644935524780683,0.0,0.13170688916775197,0.39999999999999997,0.2,5.440179988678052e-19,0.26829311083224816
2020-10-29,-0.0023103153748029242,0.0,0.13170688916775197,0.39999999999999997,0.2,5.440179988678052e-19,0.26829311083224816
2020-10-30,-0.004089454642955316,0.0,0.13170688916775197,0.39999999999999997,0.2,5.440179988678052e-19,0.26829311083224816
2020-11-02,0.0067307295771658025,0.0,0.13170688916775197,0.39999999999999997,0.2,5.440179988678052e-19,0.26829311083224816
2020-11-03,-0.00033866493981962167,0.0,0.13170688916775197,0.39999999999999997,0.2,5.440179988678052e-19,0.26829311083224816
2020-11-04,0.01108392980336708,0.0,0.13170688916775197,0.39999999999999997,0.2,5.440179988678052e-19,0.26829311083224816
2020-11-05,0.005307249695481714,0.0,0.13170688916775197,0.39999999999999997,0.2,5.440179988678052e-19,0.26829311083224816
2020-11-06,-0.005546023473877492,0.0,0.13170688916775197,0.39999999999999997,0.2,5.440179988678052e-19,0.26829311083224816
2020-11-09,-0.013880606679336379,0.0,0.13170688916775197,0.39999999999999997,0.2,5.440179988678052e-19,0.26829311083224816
2020-11-10,-0.0018375192280765372,0.0,0.13170688916775197,0.39999999999999997,0.2,5.440179988678052e-19,0.26829311083224816
2020-11-11,0.0018781119626451132,0.0,0.13170688916775197,0.39999999999999997,0.2,5.440179988678052e-19,0.26829311083224816
2020-11-12,0.006741661118877716,0.0,0.13170688916775197,0.39999999999999997,0.2,5.440179988678052e-19,0.26829311083224816
2020-11-13,0.002122161877277869,0.0,0.13170688916775197,0.39999999999999997,0.2,5.440179988678052e-19,0.26829311083224816
2020-11-16,2.8352048551653734e-05,0.0,0.13170688916775197,0.39999999999999997,0.2,5.440179988678052e-19,0.26829311083224816
2020-11-17,0.0007391675903892783,0.0,0.13170688916775197,0.39999999999999997,0.2,5.440179988678052e-19,0.26829311083224816
2020-11-18,-0.0014630956650590785,0.0,0.13170688916775197,0.39999999999999997,0.2,5.440179988678052e-19,0.26829311083224816
2020-11-19,0.0018071637893805313,0.0,0.13170688916775197,0.39999999999999997,0.2,5.440179988678052e-19,0.26829311083224816
2020-11-20,0.0035748793740479345,0.0,0.13170688916775197,0.39999999999999997,0.2,5.440179988678052e-19,0.26829311083224816
2020-11-23,-0.004551659301986472,0.0,0.13170688916775197,0.39999999999999997,0.2,5.440179988678052e-19,0.26829311083224816
2020-11-24,-0.0062133865416415125,0.0,0.13170688916775197,0.39999999999999997,0.2,5.440179988678052e-19,0.26829311083224816
2020-11-25,-0.0019608379575254808,0.0,0.13170688916775197,0.39999999999999997,0.2,5.440179988678052e-19,0.26829311083224816
2020-11-27,0.0016787741974458334,0.0,0.13170688916775197,0.39999999999999997,0.2,5.440179988678052e-19,0.26829311083224816
2020-11-30,-0.0017672758185721992,0.0,0.13170688916775197,0.39999999999999997,0.2,5.440179988678052e-19,0.26829311083224816
2020-12-01,-0.002623325860454033,0.0,0.13170688916775197,0.39999999999999997,0.2,5.440179988678052e-19,0.26829311083224816
2020-12-02,-0.0017204396719538292,0.0,0.13170688916775197,0.39999999999999997,0.2,5.440179988678052e-19,0.26829311083224816
2020-12-03,0.0033449282325513337,0.0,0.13170688916775197,0.39999999999999997,0.2,5.440179988678052e-19,0.26829311083224816
2020-12-04,-0.004969217330536453,0.0,0.13170688916775197,0.39999999999999997,0.2,5.440179988678052e-19,0.26829311083224816
2020-12-07,0.006759075009311999,0.0,0.13170688916775197,0.39999999999999997,0.2,5.440179988678052e-19,0.26829311083224816
2020-12-08,0.0033014254435344893,0.0,0.13170688916775197,0.39999999999999997,0.2,5.440179988678052e-19,0.26829311083224816
2020-12-09,-0.005812514891361079,0.0,0.13170688916775197,0.39999999999999997,0.2,5.440179988678052e-19,0.26829311083224816
2020-12-10,0.0023547628852089992,0.0,0.13170688916775197,0.39999999999999997,0.2,5.440179988678052e-19,0.26829311083224816
2020-12-11,0.00229067954553255,0.0,0.13170688916775197,0.39999999999999997,0.2,5.440179988678052e-19,0.26829311083224816
2020-12-14,-0.00356489397619889,0.0,0.13170688916775197,0.39999999999999997,0.2,5.440179988678052e-19,0.26829311083224816
2020-12-15,0.0023625584196774337,0.0,0.13170688916775197,0.39999999999999997,0.2,5.440179988678052e-19,0.26829311083224816
2020-12-16,-8.42974117573655e-05,0.0,0.13170688916775197,0.39999999999999997,0.2,5.440179988678052e-19,0.26829311083224816
2020-12-17,0.00035036070766255494,0.0,0.13170688916775197,0.39999999999999997,0.2,5.440179988678052e-19,0.26829311083224816
2020-12-18,-0.001732134764817349,0.0,0.13170688916775197,0.39999999999999997,0.2,5.440179988678052e-19,0.26829311083224816
2020-12-21,0.0010337686684668966,0.0,0.13170688916775197,0.39999999999999997,0.2,5.440179988678052e-19,0.26829311083224816
2020-12-22,0.0016963676083576388,0.0,0.13170688916775197,0.39999999999999997,0.2,5.440179988678052e-19,0.26829311083224816
2020-12-23,-0.00252311889515566,0.0,0.13170688916775197,0.39999999999999997,0.2,5.440179988678052e-19,0.26829311083224816
2020-12-24,0.003112607899808065,0.0,0.13170688916775197,0.39999999999999997,0.2,5.440179988678052e-19,0.26829311083224816
2020-12-28,0.0005837875726916027,0.0,0.13170688916775197,0.39999999999999997,0.2,5.440179988678052e-19,0.26829311083224816
2020-12-29,-0.0009125259160296017,0.0,0.13170688916775197,0.39999999999999997,0.2,5.440179988678052e-19,0.26829311083224816
2020-12-30,0.0014788901804208701,0.0,0.13170688916775197,0.39999999999999997,0.2,5.440179988678052e-19,0.26829311083224816
2020-12-31,0.002773065371763114,0.0,0.13170688916775197,0.39999999999999997,0.2,5.440179988678052e-19,0.26829311083224816
2021-01-04,0.0023982279512269767,0.0,0.13170688916775197,0.39999999999999997,0.2,5.440179988678052e-19,0.26829311083224816
2021-01-05,-0.0030195171468481593,0.0,0.13170688916775197,0.39999999999999997,0.2,5.440179988678052e-19,0.26829311083224816
2021-01-06,-0.011005791751787054,0.0,0.13170688916775197,0.39999999999999997,0.2,5.440179988678052e-19,0.26829311083224816
2021-01-07,-0.0004766835771554364,0.0,0.13170688916775197,0.39999999999999997,0.2,5.440179988678052e-19,0.26829311083224816
2021-01-08,-0.0069395352248863475,0.0,0.13170688916775197,0.39999999999999997,0.2,5.440179988678052e-19,0.26829311083224816
2021-01-11,-0.0002829277291872207,0.0,0.13170688916775197,0.39999999999999997,0.2,5.440179988678052e-19,0.26829311083224816
2021-01-12,-0.0004233718612649392,0.0,0.13170688916775197,0.39999999999999997,0.2,5.440179988678052e-19,0.26829311083224816
2021-01-13,0.004881633512056458,0.0,0.13170688916775197,0.39999999999999997,0.2,5.440179988678052e-19,0.26829311083224816
2021-01-14,-0.004862630857904978,0.0,0.13170688916775197,0.39999999999999997,0.2,5.440179988678052e-19,0.26829311083224816
2021-01-15,-8.970867524970422e-05,0.0,0.13170688916775197,0.39999999999999997,0.2,5.440179988678052e-19,0.26829311083224816
2021-01-19,0.0032523649916705003,0.0,0.13170688916775197,0.39999999999999997,0.2,5.440179988678052e-19,0.26829311083224816
2021-01-20,0.0053631531494671494,0.0,0.13170688916775197,0.39999999999999997,0.2,5.440179988678052e-19,0.26829311083224816
2021-01-21,-0.004022020251794378,0.0,0.13170688916775197,0.39999999999999997,0.2,5.440179988678052e-19,0.26829311083224816
2021-01-22,-0.00019396473280363247,0.0,0.13170688916775197,0.39999999999999997,0.2,5.440179988678052e-19,0.26829311083224816
2021-01-25,0.005736789268100073,0.0,0.13170688916775197,0.39999999999999997,0.2,5.440179988678052e-19,0.26829311083224816
2021-01-26,-0.0022250196541125263,0.0,0.13170688916775197,0.39999999999999997,0.2,5.440179988678052e-19,0.26829311083224816
2021-01-27,-0.0018129970163062352,0.0,0.13170688916775197,0.39999999999999997,0.2,5.440179988678052e-19,0.26829311083224816
2021-01-28,-0.0015512607739218659,0.0,0.13170688916775197,0.39999999999999997,0.2,5.440179988678052e-19,0.26829311083224816
2021-01-29,-0.004794150324916171,0.0,0.13170688916775197,0.39999999999999997,0.2,5.440179988678052e-19,0.26829311083224816
2021-02-01,0.005851453508342493,0.0,0.13170688916775197,0.39999999999999997,0.2,5.440179988678052e-19,0.26829311083224816
2021-02-02,-0.0028222721735550642,0.0,0.13170688916775197,0.39999999999999997,0.2,5.440179988678052e-19,0.26829311083224816
2021-02-03,-0.003857070896443533,0.0,0.13170688916775197,0.39999999999999997,0.2,5.440179988678052e-19,0.26829311083224816
2021-02-04,-0.002676341197373075,0.0,0.13170688916775197,0.39999999999999997,0.2,5.440179988678052e-19,0.26829311083224816
2021-02-05,-0.0023792413839929757,0.0,0.13170688916775197,0.39999999999999997,0.2,5.440179988678052e-19,0.26829311083224816
2021-02-08,0.004612423856900113,0.0,0.13170688916775197,0.39999999999999997,0.2,5.440179988678052e-19,0.26829311083224816
2021-02-09,-0.0005611807388030684,0.0,0.13170688916775197,0.39999999999999997,0.2,5.440179988678052e-19,0.26829311083224816
2021-02-10,0.003226350471548689,0.0,0.13170688916775197,0.39999999999999997,0.2,5.440179988678052e-19,0.26829311083224816
2021-02-11,-0.0038242335611582707,0.0,0.13170688916775197,0.39999999999999997,0.2,5.440179988678052e-19,0.26829311083224816
2021-02-12,-0.004704506326715979,0.0,0.13170688916775197,0.39999999999999997,0.2,5.440179988678052e-19,0.26829311083224816
2021-02-16,-0.009075548406983307,0.0,0.13170688916775197,0.39999999999999997,0.2,5.440179988678052e-19,0.26829311083224816
2021-02-17,0.0013999521240390463,0.0,0.13170688916775197,0.39999999999999997,0.2,5.440179988678052e-19,0.26829311083224816
2021-02-18,-0.0030679142770986185,0.0,0.13170688916775197,0.39999999999999997,0.2,5.440179988678052e-19,0.26829311083224816
2021-02-19,-0.005379155301838284,0.0,0.13170688916775197,0.39999999999999997,0.2,5.440179988678052e-19,0.26829311083224816
2021-02-22,-0.0018334310611755377,0.0,0.13170688916775197,0.39999999999999997,0.2,5.440179988678052e-19,0.26829311083224816
2021-02-23,-0.0012327198429844726,0.0,0.13170688916775197,0.39999999999999997,0.2,5.440179988678052e-19,0.26829311083224816
2021-02-24,-0.0017562575993561188,0.0,0.13170688916775197,0.39999999999999997,0.2,5.440179988678052e-19,0.26829311083224816
2021-02-25,-0.012584328954505009,0.0,0.13170688916775197,0.39999999999999997,0.2,5.440179988678052e-19,0.26829311083224816
2021-02-26,0.00969227275141113,0.0,0.13170688916775197,0.39999999999999997,0.2,5.440179988678052e-19,0.26829311083224816
2021-03-01,-0.0022175503568850315,0.0,0.13170688916775197,0.39999999999999997,0.2,5.440179988678052e-19,0.26829311083224816
2021-03-02,-0.0008937026272078794,0.0,0.13170688916775197,0.39999999999999997,0.2,5.440179988678052e-19,0.26829311083224816
2021-03-03,-0.007519192477271551,0.0,0.13170688916775197,0.39999999999999997,0.2,5.440179988678052e-19,0.26829311083224816
2021-03-04,-0.00442613706326228,0.0,0.13170688916775197,0.39999999999999997,0.2,5.440179988678052e-19,0.26829311083224816
2021-03-05,0.004306022157044006,0.0,0.13170688916775197,0.39999999999999997,0.2,5.440179988678052e-19,0.26829311083224816
2021-03-08,-0.004323057399917719,0.0,0.13170688916775197,0.39999999999999997,0.2,5.440179988678052e-19,0.26829311083224816
2021-03-09,0.010169856603235522,0.0,0.13170688916775197,0.39999999999999997,0.2,5.440179988678052e-19,0.26829311083224816
2021-03-10,0.002207709901934003,0.0,0.13170688916775197,0.39999999999999997,0.2,5.440179988678052e-19,0.26829311083224816
2021-03-11,-0.003024913801996032,0.0,0.13170688916775197,0.39999999999999997,0.2,5.440179988678052e-19,0.26829311083224816
2021-03-12,-0.007476222786437686,0.0,0.13170688916775197,0.39999999999999997,0.2,5.440179988678052e-19,0.26829311083224816
2021-03-15,0.0045599709904615305,0.0,0.13170688916775197,0.39999999999999997,0.2,5.440179988678052e-19,0.26829311083224816
2021-03-16,-0.001588603887516734,0.0,0.13170688916775197,0.39999999999999997,0.2,5.440179988678052e-19,0.26829311083224816
2021-03-17,-0.0024164765893086044,0.0,0.13170688916775197,0.39999999999999997,0.2,5.440179988678052e-19,0.26829311083224816
2021-03-18,-0.005494140546423316,0.0,0.13170688916775197,0.39999999999999997,0.2,5.440179988678052e-19,0.26829311083224816
2021-03-19,0.0031802740350756866,0.0,0.13170688916775197,0.39999999999999997,0.2,5.440179988678052e-19,0.26829311083224816
2021-03-22,0.004698611367785413,0.0,0.13170688916775197,0.39999999999999997,0.2,5.440179988678052e-19,0.26829311083224816
2021-03-23,0.0027412673285581125,0.0,0.13170688916775197,0.39999999999999997,0.2,5.440179988678052e-19,0.26829311083224816
2021-03-24,0.002822458911664135,0.0,0.13170688916775197,0.39999999999999997,0.2,5.440179988678052e-19,0.26829311083224816
2021-03-25,-0.0023867778833820343,0.0,0.13170688916775197,0.39999999999999997,0.2,5.440179988678052e-19,0.26829311083224816
2021-03-26,0.0009694096498825452,0.0,0.13170688916775197,0.39999999999999997,0.2,5.440179988678052e-19,0.26829311083224816
2021-03-29,-0.005196898086759225,0.0,0.13170688916775197,0.39999999999999997,0.2,5.440179988678052e-19,0.26829311083224816
2021-03-30,-0.0006003543815203127,0.0,0.13170688916775197,0.39999999999999997,0.2,5.440179988678052e-19,0.26829311083224816
2021-03-31,0.0011222266112610483,0.0,0.13170688916775197,0.39999999999999997,0.2,5.440179988678052e-19,0.26829311083224816
2021-04-01,0.009411838544052115,0.0,0.13170688916775197,0.39999999999999997,0.2,5.440179988678052e-19,0.26829311083224816
2021-04-05,-0.0007872417360391772,0.0,0.13170688916775197,0.39999999999999997,0.2,5.440179988678052e-19,0.26829311083224816
2021-04-06,0.0035994031650956357,0.0,0.13170688916775197,0.39999999999999997,0.2,5.440179988678052e-19,0.26829311083224816
2021-04-07,-0.002873530345023738,0.0,0.13170688916775197,0.39999999999999997,0.2,5.440179988678052e-19,0.26829311083224816
2021-04-08,0.004892619467295944,0.0,0.13170688916775197,0.39999999999999997,0.2,5.440179988678052e-19,0.26829311083224816
2021-04-09,-0.0017827376471595806,0.0,0.13170688916775197,0.39999999999999997,0.2,5.440179988678052e-19,0.26829311083224816
2021-04-12,-0.0014472607318603502,0.0,0.13170688916775197,0.39999999999999997,0.2,5.440179988678052e-19,0.26829311083224816
2021-04-13,0.003831441313804477,0.0,0.13170688916775197,0.39999999999999997,0.2,5.440179988678052e-19,0.26829311083224816
2021-04-14,-0.0029152110823461932,0.0,0.13170688916775197,0.39999999999999997,0.2,5.440179988678052e-19,0.26829311083224816
2021-04-15,0.011341145737094183,0.0,0.13170688916775197,0.39999999999999997,0.2,5.440179988678052e-19,0.26829311083224816
2021-04-16,-0.001783094496143565,0.0,0.13170688916775197,0.39999999999999997,0.2,5.440179988678052e-19,0.26829311083224816
2021-04-19,-0.003872862861644194,0.0,0.13170688916775197,0.39999999999999997,0.2,5.440179988678052e-19,0.26829311083224816
2021-04-20,0.002028470356026879,0.0,0.13170688916775197,0.39999999999999997,0.2,5.440179988678052e-19,0.26829311083224816
2021-04-21,0.003703444418204942,0.0,0.13170688916775197,0.39999999999999997,0.2,5.440179988678052e-19,0.26829311083224816
2021-04-22,1.2054453785123685e-05,0.0,0.13170688916775197,0.39999999999999997,0.2,5.440179988678052e-19,0.26829311083224816
2021-04-23,-0.0018060780580239403,0.0,0.13170688916775197,0.39999999999999997,0.2,5.440179988678052e-19,0.26829311083224816
2021-04-26,0.0002328058313158098,0.0,0.13170688916775197,0.39999999999999997,0.2,5.440179988678052e-19,0.26829311083224816
2021-04-27,-0.003911278794292433,0.0,0.13170688916775197,0.39999999999999997,0.2,5.440179988678052e-19,0.26829311083224816
2021-04-28,-0.00017653906681636968,0.0,0.13170688916775197,0.39999999999999997,0.2,5.440179988678052e-19,0.26829311083224816
2021-04-29,-0.0010596067249104314,0.0,0.13170688916775197,0.39999999999999997,0.2,5.440179988678052e-19,0.26829311083224816
2021-04-30,0.0015872890823463673,0.0,0.13170688916775197,0.39999999999999997,0.2,5.440179988678052e-19,0.26829311083224816
2021-05-03,0.001918879501045168,0.0,0.13170688916775197,0.39999999999999997,0.2,5.440179988678052e-19,0.26829311083224816
2021-05-04,0.0016418421502156842,0.0,0.13170688916775197,0.39999999999999997,0.2,5.440179988678052e-19,0.26829311083224816
2021-05-05,0.001420054693498232,0.0,0.13170688916775197,0.39999999999999997,0.2,5.440179988678052e-19,0.26829311083224816
2021-05-06,0.003736135273715524,0.0,0.13170688916775197,0.39999999999999997,0.2,5.440179988678052e-19,0.26829311083224816
2021-05-07,-0.0011899403167913189,0.0,0.13170688916775197,0.39999999999999997,0.2,5.440179988678052e-19,0.26829311083224816
2021-05-10,-0.00474888414077583,0.0,0.13170688916775197,0.39999999999999997,0.2,5.440179988678052e-19,0.26829311083224816
2021-05-11,-0.003625448274137591,0.0,0.13170688916775197,0.39999999999999997,0.2,5.440179988678052e-19,0.26829311083224816
2021-05-12,-0.006996712694626437,0.0,0.13170688916775197,0.39999999999999997,0.2,5.440179988678052e-19,0.26829311083224816
2021-05-13,0.0025838220594190378,0.0,0.13170688916775197,0.39999999999999997,0.2,5.440179988678052e-19,0.26829311083224816
2021-05-14,0.006486111331606054,0.0,0.13170688916775197,0.39999999999999997,0.2,5.440179988678052e-19,0.26829311083224816
2021-05-17,0.0008150639487922915,0.0,0.13170688916775197,0.39999999999999997,0.2,5.440179988678052e-19,0.26829311083224816
2021-05-18,-0.002985527071675978,0.0,0.13170688916775197,0.39999999999999997,0.2,5.440179988678052e-19,0.26829311083224816
2021-05-19,4.6513346658183773e-05,0.0,0.13170688916775197,0.39999999999999997,0.2,5.440179988678052e-19,0.26829311083224816
2021-05-20,0.004294755321421828,0.0,0.13170688916775197,0.39999999999999997,0.2,5.440179988678052e-19,0.26829311083224816
2021-05-21,0.0021547440290232414,0.0,0.13170688916775197,0.39999999999999997,0.2,5.440179988678052e-19,0.26829311083224816
2021-05-24,0.0025119932916256873,0.0,0.13170688916775197,0.39999999999999997,0.2,5.440179988678052e-19,0.26829311083224816
2021-05-25,0.004894437822723533,0.0,0.13170688916775197,0.39999999999999997,0.2,5.440179988678052e-19,0.26829311083224816
2021-05-26,0.00022535322365177643,0.0,0.13170688916775197,0.39999999999999997,0.2,5.440179988678052e-19,0.26829311083224816
2021-05-27,-0.0016824837216599417,0.0,0.13170688916775197,0.39999999999999997,0.2,5.440179988678052e-19,0.26829311083224816
2021-05-28,0.0005765989162391124,0.0,0.13170688916775197,0.39999999999999997,0.2,5.440179988678052e-19,0.26829311083224816
2021-06-01,-0.0011870920886873741,0.0,0.13170688916775197,0.39999999999999997,0.2,5.440179988678052e-19,0.26829311083224816
2021-06-02,0.0021114955682920316,0.0,0.13170688916775197,0.39999999999999997,0.2,5.440179988678052e-19,0.26829311083224816
2021-06-03,-0.004241585573002532,0.0,0.13170688916775197,0.39999999999999997,0.2,5.440179988678052e-19,0.26829311083224816
2021-06-04,0.00784645083347303,0.0,0.13170688916775197,0.39999999999999997,0.2,5.440179988678052e-19,0.26829311083224816
2021-06-07,-0.0009984899494919859,0.0,0.13170688916775197,0.39999999999999997,0.2,5.440179988678052e-19,0.26829311083224816
2021-06-08,0.0025530714816535483,0.0,0.13170688916775197,0.39999999999999997,0.2,5.440179988678052e-19,0.26829311083224816
2021-06-09,0.0031728987180719647,0.0,0.13170688916775197,0.39999999999999997,0.2,5.440179988678052e-19,0.26829311083224816
2021-06-10,0.0036492210181795735,0.0,0.13170688916775197,0.39999999999999997,0.2,5.440179988678052e-19,0.26829311083224816
2021-06-11,-0.0013491973509996294,0.0,0.13170688916775197,0.39999999999999997,0.2,5.440179988678052e-19,0.26829311083224816
2021-06-14,-0.004161491061847944,0.0,0.13170688916775197,0.39999999999999997,0.2,5.440179988678052e-19,0.26829311083224816
2021-06-15,-0.00125783487269749,0.0,0.13170688916775197,0.39999999999999997,0.2,5.440179988678052e-19,0.26829311083224816
2021-06-16,-0.0022505383786560447,0.0,0.13170688916775197,0.39999999999999997,0.2,5.440179988678052e-19,0.26829311083224816
2021-06-17,0.0018733803885287899,0.0,0.13170688916775197,0.39999999999999997,0.2,5.440179988678052e-19,0.26829311083224816
2021-06-18,0.005503744614834925,0.0,0.13170688916775197,0.39999999999999997,0.2,5.440179988678052e-19,0.26829311083224816
2021-06-21,-0.003659445819437261,0.0,0.13170688916775197,0.39999999999999997,0.2,5.440179988678052e-19,0.26829311083224816
2021-06-22,0.0004082114588363348,0.0,0.13170688916775197,0.39999999999999997,0.2,5.440179988678052e-19,0.26829311083224816
2021-06-23,-0.0008864029119343115,0.0,0.13170688916775197,0.39999999999999997,0.2,5.440179988678052e-19,0.26829311083224816
2021-06-24,0.001083667051995019,0.0,0.13170688916775197,0.39999999999999997,0.2,5.440179988678052e-19,0.26829311083224816
2021-06-25,-0.002914323540731039,0.0,0.13170688916775197,0.39999999999999997,0.2,5.440179988678052e-19,0.26829311083224816
2021-06-28,0.0044748716472150524,0.0,0.13170688916775197,0.39999999999999997,0.2,5.440179988678052e-19,0.26829311083224816
2021-06-29,-0.0007094719990554357,0.0,0.13170688916775197,0.39999999999999997,0.2,5.440179988678052e-19,0.26829311083224816
2021-06-30,0.003621271796693619,0.0,0.13170688916775197,0.39999999999999997,0.2,5.440179988678052e-19,0.26829311083224816
2021-07-01,0.0021962891153210293,0.0,0.13170688916775197,0.39999999999999997,0.2,5.440179988678052e-19,0.26829311083224816
2021-07-02,0.00365454157830417,0.0,0.13170688916775197,0.39999999999999997,0.2,5.440179988678052e-19,0.26829311083224816
2021-07-06,0.006414258329475716,0.0,0.13170688916775197,0.39999999999999997,0.2,5.440179988678052e-19,0.26829311083224816
2021-07-07,0.005201678748341343,0.0,0.13170688916775197,0.39999999999999997,0.2,5.440179988678052e-19,0.26829311083224816
2021-07-08,-0.000712491301333257,0.0,0.13170688916775197,0.39999999999999997,0.2,5.440179988678052e-19,0.26829311083224816
2021-07-09,-0.004203453428200942,0.0,0.13170688916775197,0.39999999999999997,0.2,5.440179988678052e-19,0.26829311083224816
2021-07-12,3.017503725884628e-05,0.0,0.13170688916775197,0.39999999999999997,0.2,5.440179988678052e-19,0.26829311083224816
2021-07-13,-0.0016274041297976872,0.0,0.13170688916775197,0.39999999999999997,0.2,5.440179988678052e-19,0.26829311083224816
2021-07-14,0.005601888730436986,0.0,0.13170688916775197,0.39999999999999997,0.2,5.440179988678052e-19,0.26829311083224816
2021-07-15,0.004754114228668478,0.0,0.13170688916775197,0.39999999999999997,0.2,5.440179988678052e-19,0.26829311083224816
2021-07-16,-0.0034052504031227455,0.0,0.13170688916775197,0.39999999999999997,0.2,5.440179988678052e-19,0.26829311083224816
2021-07-19,0.0074929854720991815,0.0,0.13170688916775197,0.39999999999999997,0.2,5.440179988678052e-19,0.26829311083224816
2021-07-20,-0.0019055500843636155,0.0,0.13170688916775197,0.39999999999999997,0.2,5.440179988678052e-19,0.26829311083224816
2021-07-21,-0.00538807113312533,0.0,0.13170688916775197,0.39999999999999997,0.2,5.440179988678052e-19,0.26829311083224816
2021-07-22,0.00477084594414118,0.0,0.13170688916775197,0.39999999999999997,0.2,5.440179988678052e-19,0.26829311083224816
2021-07-23,-0.001840034607324,0.0,0.13170688916775197,0.39999999999999997,0.2,5.440179988678052e-19,0.26829311083224816
2021-07-26,-0.0021955004282884706,0.0,0.13170688916775197,0.39999999999999997,0.2,5.440179988678052e-19,0.26829311083224816
2021-07-27,0.0035700391565086174,0.0,0.13170688916775197,0.39999999999999997,0.2,5.440179988678052e-19,0.26829311083224816
2021-07-28,0.00022677707681246215,0.0,0.13170688916775197,0.39999999999999997,0.2,5.440179988678052e-19,0.26829311083224816
2021-07-29,-0.00042534250389836747,0.0,0.13170688916775197,0.39999999999999997,0.2,5.440179988678052e-19,0.26829311083224816
2021-07-30,0.00042478672176656657,0.0,0.13170688916775197,0.39999999999999997,0.2,5.440179988678052e-19,0.26829311083224816
2021-08-02,0.002719154257645875,0.0,0.13170688916775197,0.39999999999999997,0.2,5.440179988678052e-19,0.26829311083224816
2021-08-03,0.0012509099631287468,0.0,0.13170688916775197,0.39999999999999997,0.2,5.440179988678052e-19,0.26829311083224816
2021-08-04,0.0006553852459452344,0.0,0.13170688916775197,0.39999999999999997,0.2,5.440179988678052e-19,0.26829311083224816
2021-08-05,-0.0019951493471225172,0.0,0.13170688916775197,0.39999999999999997,0.2,5.440179988678052e-19,0.26829311083224816
2021-08-06,-0.009945852876813058,0.0,0.13170688916775197,0.39999999999999997,0.2,5.440179988678052e-19,0.26829311083224816
2021-08-09,-0.004550875260376601,0.0,0.13170688916775197,0.39999999999999997,0.2,5.440179988678052e-19,0.26829311083224816
2021-08-10,-0.0014066812402574306,0.0,0.13170688916775197,0.39999999999999997,0.2,5.440179988678052e-19,0.26829311083224816
2021-08-11,0.0023020238090277695,0.0,0.13170688916775197,0.39999999999999997,0.2,5.440179988678052e-19,0.26829311083224816
2021-08-12,0.00011070303006123304,0.0,0.13170688916775197,0.39999999999999997,0.2,5.440179988678052e-19,0.26829311083224816
2021-08-13,0.00813451402006891,0.0,0.13170688916775197,0.39999999999999997,0.2,5.440179988678052e-19,0.26829311083224816
2021-08-16,0.0024930625134006734,0.0,0.13170688916775197,0.39999999999999997,0.2,5.440179988678052e-19,0.26829311083224816
2021-08-17,0.00029387279235210833,0.0,0.13170688916775197,0.39999999999999997,0.2,5.440179988678052e-19,0.26829311083224816
2021-08-18,5.7951920055089286e-05,0.0,0.13170688916775197,0.39999999999999997,0.2,5.440179988678052e-19,0.26829311083224816
2021-08-19,0.003849613499840683,0.0,0.13170688916775197,0.39999999999999997,0.2,5.440179988678052e-19,0.26829311083224816
2021-08-20,0.0011020068197178374,0.0,0.13170688916775197,0.39999999999999997,0.2,5.440179988678052e-19,0.26829311083224816
2021-08-23,0.0017262117163976904,0.0,0.13170688916775197,0.39999999999999997,0.2,5.440179988678052e-19,0.26829311083224816
2021-08-24,-0.003211279985716352,0.0,0.13170688916775197,0.39999999999999997,0.2,5.440179988678052e-19,0.26829311083224816
2021-08-25,-0.00464880240339397,0.0,0.13170688916775197,0.39999999999999997,0.2,5.440179988678052e-19,0.26829311083224816
2021-08-26,0.0013106254244372787,0.0,0.13170688916775197,0.39999999999999997,0.2,5.440179988678052e-19,0.26829311083224816
2021-08-27,0.005724229671925455,0.0,0.13170688916775197,0.39999999999999997,0.2,5.440179988678052e-19,0.26829311083224816
2021-08-30,0.0006359389833706381,0.0,0.13170688916775197,0.39999999999999997,0.2,5.440179988678052e-19,0.26829311083224816
2021-08-31,-0.00251631323482747,0.0,0.13170688916775197,0.39999999999999997,0.2,5.440179988678052e-19,0.26829311083224816
2021-09-01,0.00021284620948780944,0.0,0.13170688916775197,0.39999999999999997,0.2,5.440179988678052e-19,0.26829311083224816
2021-09-02,0.0009732503289529374,0.0,0.13170688916775197,0.39999999999999997,0.2,5.440179988678052e-19,0.26829311083224816
2021-09-03,-0.0020724411309886847,0.0,0.13170688916775197,0.39999999999999997,0.2,5.440179988678052e-19,0.26829311083224816
2021-09-07,-0.006460144582627279,0.0,0.13170688916775197,0.39999999999999997,0.2,5.440179988678052e-19,0.26829311083224816
2021-09-08,0.0024929314375104388,0.0,0.13170688916775197,0.39999999999999997,0.2,5.440179988678052e-19,0.26829311083224816
2021-09-09,0.004514194963262264,0.0,0.13170688916775197,0.39999999999999997,0.2,5.440179988678052e-19,0.26829311083224816
2021-09-10,-0.005144347628916876,0.0,0.13170688916775197,0.39999999999999997,0.2,5.440179988678052e-19,0.26829311083224816
2021-09-13,0.0034330807151088786,0.0,0.13170688916775197,0.39999999999999997,0.2,5.440179988678052e-19,0.26829311083224816
2021-09-14,0.005426118351011465,0.0,0.13170688916775197,0.39999999999999997,0.2,5.440179988678052e-19,0.26829311083224816
2021-09-15,-0.002015227037766122,0.0,0.13170688916775197,0.39999999999999997,0.2,5.440179988678052e-19,0.26829311083224816
2021-09-16,-0.005380944151129589,0.0,0.13170688916775197,0.39999999999999997,0.2,5.440179988678052e-19,0.26829311083224816
2021-09-17,-0.0025527495449545966,0.0,0.13170688916775197,0.39999999999999997,0.2,5.440179988678052e-19,0.26829311083224816
2021-09-20,0.004300769096017059,0.0,0.13170688916775197,0.39999999999999997,0.2,5.440179988678052e-19,0.26829311083224816
2021-09-21,0.0006504241065149007,0.0,0.13170688916775197,0.39999999999999997,0.2,5.440179988678052e-19,0.26829311083224816
2021-09-22,0.0036748980397711523,0.0,0.13170688916775197,0.39999999999999997,0.2,5.440179988678052e-19,0.26829311083224816
2021-09-23,-0.010817596137469607,0.0,0.13170688916775197,0.39999999999999997,0.2,5.440179988678052e-19,0.26829311083224816
2021-09-24,-0.0031973257771199704,0.0,0.13170688916775197,0.39999999999999997,0.2,5.440179988678052e-19,0.26829311083224816
2021-09-27,-0.001109666020111473,0.0,0.13170688916775197,0.39999999999999997,0.2,5.440179988678052e-19,0.26829311083224816
2021-09-28,-0.009865245346277092,0.0,0.13170688916775197,0.39999999999999997,0.2,5.440179988678052e-19,0.26829311083224816
2021-09-29,0.0019334148343143785,0.0,0.13170688916775197,0.39999999999999997,0.2,5.440179988678052e-19,0.26829311083224816
2021-09-30,0.0015068629006573218,0.0,0.13170688916775197,0.39999999999999997,0.2,5.440179988678052e-19,0.26829311083224816
2021-10-01,0.004851841945841915,0.0,0.13170688916775197,0.39999999999999997,0.2,5.440179988678052e-19,0.26829311083224816
2021-10-04,-0.0026305972300928113,0.0,0.13170688916775197,0.39999999999999997,0.2,5.440179988678052e-19,0.26829311083224816
2021-10-05,-0.002890767112550593,0.0,0.13170688916775197,0.39999999999999997,0.2,5.440179988678052e-19,0.26829311083224816
2021-10-06,0.004082883938124948,0.0,0.13170688916775197,0.39999999999999997,0.2,5.440179988678052e-19,0.26829311083224816
2021-10-07,-0.004204797092132412,0.0,0.13170688916775197,0.39999999999999997,0.2,5.440179988678052e-19,0.26829311083224816
2021-10-08,-0.003166547329396692,0.0,0.13170688916775197,0.39999999999999997,0.2,5.440179988678052e-19,0.26829311083224816
2021-10-11,-0.001602839506756673,0.0,0.13170688916775197,0.39999999999999997,0.2,5.440179988678052e-19,0.26829311083224816
2021-10-12,0.007736332121409549,0.0,0.13170688916775197,0.39999999999999997,0.2,5.440179988678052e-19,0.26829311083224816
2021-10-13,0.006442516001852471,0.0,0.13170688916775197,0.39999999999999997,0.2,5.440179988678052e-19,0.26829311083224816
2021-10-14,0.00419116113178402,0.0,0.13170688916775197,0.39999999999999997,0.2,5.440179988678052e-19,0.26829311083224816
2021-10-15,-0.004825420329812435,0.0,0.13170688916775197,0.39999999999999997,0.2,5.440179988678052e-19,0.26829311083224816
2021-10-18,0.0018760105646830518,0.0,0.13170688916775197,0.39999999999999997,0.2,5.440179988678052e-19,0.26829311083224816
2021-10-19,-0.004497647533733803,0.0,0.13170688916775197,0.39999999999999997,0.2,5.440179988678052e-19,0.26829311083224816
2021-10-20,-0.0008567480266819961,0.0,0.13170688916775197,0.39999999999999997,0.2,5.440179988678052e-19,0.26829311083224816
2021-10-21,0.00032853619350672685,0.0,0.13170688916775197,0.39999999999999997,0.2,5.440179988678052e-19,0.26829311083224816
2021-10-22,0.0049591741257268545,0.0,0.13170688916775197,0.39999999999999997,0.2,5.440179988678052e-19,0.26829311083224816
2021-10-25,0.0019057095476988394,0.0,0.13170688916775197,0.39999999999999997,0.2,5.440179988678052e-19,0.26829311083224816
2021-10-26,0.0024794722874270734,0.0,0.13170688916775197,0.39999999999999997,0.2,5.440179988678052e-19,0.26829311083224816
2021-10-27,0.0071125804735770485,0.0,0.13170688916775197,0.39999999999999997,0.2,5.440179988678052e-19,0.26829311083224816
2021-10-28,-0.0017273727048977296,0.0,0.13170688916775197,0.39999999999999997,0.2,5.440179988678052e-19,0.26829311083224816
2021-10-29,0.001930176541952197,0.0,0.13170688916775197,0.39999999999999997,0.2,5.440179988678052e-19,0.26829311083224816
2021-11-01,-0.002459153042420085,0.0,0.13170688916775197,0.39999999999999997,0.2,5.440179988678052e-19,0.26829311083224816
2021-11-02,0.0025175443012817877,0.0,0.13170688916775197,0.39999999999999997,0.2,5.440179988678052e-19,0.26829311083224816
2021-11-03,-0.005630411035850446,0.0,0.13170688916775197,0.39999999999999997,0.2,5.440179988678052e-19,0.26829311083224816
2021-11-04,0.008478435405280354,0.0,0.13170688916775197,0.39999999999999997,0.2,5.440179988678052e-19,0.26829311083224816
2021-11-05,0.008840016553549056,0.0,0.13170688916775197,0.39999999999999997,0.2,5.440179988678052e-19,0.26829311083224816
2021-11-08,-0.0004501393589253893,0.0,0.13170688916775197,0.39999999999999997,0.2,5.440179988678052e-19,0.26829311083224816
2021-11-09,0.005438693360499261,0.0,0.13170688916775197,0.39999999999999997,0.2,5.440179988678052e-19,0.26829311083224816
2021-11-10,-0.003326548228366019,0.0,0.13170688916775197,0.39999999999999997,0.2,5.440179988678052e-19,0.26829311083224816
2021-11-11,0.0012013366219432507,0.0,0.13170688916775197,0.39999999999999997,0.2,5.440179988678052e-19,0.26829311083224816
2021-11-12,-0.0006992969171089494,0.0,0.13170688916775197,0.39999999999999997,0.2,5.440179988678052e-19,0.26829311083224816
2021-11-15,-0.0038141259932922486,0.0,0.13170688916775197,0.39999999999999997,0.2,5.440179988678052e-19,0.26829311083224816
2021-11-16,-0.0008964806085155073,0.0,0.13170688916775197,0.39999999999999997,0.2,5.440179988678052e-19,0.26829311083224816
2021-11-17,0.004156396391994819,0.0,0.13170688916775197,0.39999999999999997,0.2,5.440179988678052e-19,0.26829311083224816
2021-11-18,0.0005787385650661298,0.0,0.13170688916775197,0.39999999999999997,0.2,5.440179988678052e-19,0.26829311083224816
2021-11-19,0.003819569256404803,0.0,0.13170688916775197,0.39999999999999997,0.2,5.440179988678052e-19,0.26829311083224816
2021-11-22,-0.008191633610659062,0.0,0.13170688916775197,0.39999999999999997,0.2,5.440179988678052e-19,0.26829311083224816
2021-11-23,-0.007443151205972754,0.0,0.13170688916775197,0.39999999999999997,0.2,5.440179988678052e-19,0.26829311083224816
2021-11-24,0.007619379231964283,0.0,0.13170688916775197,0.39999999999999997,0.2,5.440179988678052e-19,0.26829311083224816
2021-11-26,0.004781047747448527,0.0,0.13170688916775197,0.39999999999999997,0.2,5.440179988678052e-19,0.26829311083224816
2021-11-29,-0.001354874231397156,0.0,0.13170688916775197,0.39999999999999997,0.2,5.440179988678052e-19,0.26829311083224816
2021-11-30,0.0009267610666903684,0.0,0.13170688916775197,0.39999999999999997,0.2,5.440179988678052e-19,0.26829311083224816
2021-12-01,0.0025332226791562355,0.0,0.13170688916775197,0.39999999999999997,0.2,5.440179988678052e-19,0.26829311083224816
2021-12-02,0.0015127647641214159,0.0,0.13170688916775197,0.39999999999999997,0.2,5.440179988678052e-19,0.26829311083224816
2021-12-03,0.005205322630906814,0.0,0.13170688916775197,0.39999999999999997,0.2,5.440179988678052e-19,0.26829311083224816
2021-12-06,-0.004010007518595736,0.0,0.13170688916775197,0.39999999999999997,0.2,5.440179988678052e-19,0.26829311083224816
2021-12-07,0.0003063651178142521,0.0,0.13170688916775197,0.39999999999999997,0.2,5.440179988678052e-19,0.26829311083224816
2021-12-08,-0.007704239986907256,0.0,0.13170688916775197,0.39999999999999997,0.2,5.440179988678052e-19,0.26829311083224816
2021-12-09,0.0010655484965034529,0.0,0.13170688916775197,0.39999999999999997,0.2,5.440179988678052e-19,0.26829311083224816
2021-12-10,0.0007025547852206018,0.0,0.13170688916775197,0.39999999999999997,0.2,5.440179988678052e-19,0.26829311083224816
2021-12-13,0.0060824754640900975,0.0,0.13170688916775197,0.39999999999999997,0.2,5.440179988678052e-19,0.26829311083224816
2021-12-14,-0.0032082521835657017,0.0,0.13170688916775197,0.39999999999999997,0.2,5.440179988678052e-19,0.26829311083224816
2021-12-15,-0.0013471468637257108,0.0,0.13170688916775197,0.39999999999999997,0.2,5.440179988678052e-19,0.26829311083224816
2021-12-16,0.00027144413962005556,0.0,0.13170688916775197,0.39999999999999997,0.2,5.440179988678052e-19,0.26829311083224816
2021-12-17,0.00457972537935131,0.0,0.13170688916775197,0.39999999999999997,0.2,5.440179988678052e-19,0.26829311083224816
2021-12-20,-0.005554034593738974,0.0,0.13170688916775197,0.39999999999999997,0.2,5.440179988678052e-19,0.26829311083224816
2021-12-21,0.00042090215053178616,0.0,0.13170688916775197,0.39999999999999997,0.2,5.440179988678052e-19,0.26829311083224816
2021-12-22,0.004010005431846458,0.0,0.13170688916775197,0.39999999999999997,0.2,5.440179988678052e-19,0.26829311083224816
2021-12-23,-0.002408832197813397,0.0,0.13170688916775197,0.39999999999999997,0.2,5.440179988678052e-19,0.26829311083224816
2021-12-27,0.0034111488349967633,0.0,0.13170688916775197,0.39999999999999997,0.2,5.440179988678052e-19,0.26829311083224816
2021-12-28,-0.0022422042774833447,0.0,0.13170688916775197,0.39999999999999997,0.2,5.440179988678052e-19,0.26829311083224816
2021-12-29,-0.004989366089917929,0.0,0.13170688916775197,0.39999999999999997,0.2,5.440179988678052e-19,0.26829311083224816
2021-12-30,0.004843445578937695,0.0,0.13170688916775197,0.39999999999999997,0.2,5.440179988678052e-19,0.26829311083224816
2021-12-31,0.0006720766701171633,0.0,0.13170688916775197,0.39999999999999997,0.2,5.440179988678052e-19,0.26829311083224816
2022-01-03,-0.011139259766022997,0.0,0.13170688916775197,0.39999999999999997,0.2,5.440179988678052e-19,0.26829311083224816
2022-01-04,-2.608629691164808e-05,0.0,0.13170688916775197,0.39999999999999997,0.2,5.440179988678052e-19,0.26829311083224816
2022-01-05,-0.0056133989050716985,0.0,0.13170688916775197,0.39999999999999997,0.2,5.440179988678052e-19,0.26829311083224816
2022-01-06,-0.001329001973829982,0.0,0.13170688916775197,0.39999999999999997,0.2,5.440179988678052e-19,0.26829311083224816
2022-01-07,-0.003941706840377598,0.0,0.13170688916775197,0.39999999999999997,0.2,5.440179988678052e-19,0.26829311083224816
2022-01-10,0.0020557926501088863,0.0,0.13170688916775197,0.39999999999999997,0.2,5.440179988678052e-19,0.26829311083224816
2022-01-11,0.0051295828597397,0.0,0.13170688916775197,0.39999999999999997,0.2,5.440179988678052e-19,0.26829311083224816
2022-01-12,-0.0024287783087460517,0.0,0.13170688916775197,0.39999999999999997,0.2,5.440179988678052e-19,0.26829311083224816
2022-01-13,0.0009525716868688575,0.0,0.13170688916775197,0.39999999999999997,0.2,5.440179988678052e-19,0.26829311083224816
2022-01-14,-0.005827269770938512,0.0,0.13170688916775197,0.39999999999999997,0.2,5.440179988678052e-19,0.26829311083224816
2022-01-18,-0.006609032841813371,0.0,0.13170688916775197,0.39999999999999997,0.2,5.440179988678052e-19,0.26829311083224816
2022-01-19,0.0039506324437796935,0.0,0.13170688916775197,0.39999999999999997,0.2,5.440179988678052e-19,0.26829311083224816
2022-01-20,0.0013478323965133423,0.0,0.13170688916775197,0.39999999999999997,0.2,5.440179988678052e-19,0.26829311083224816
2022-01-21,0.0007931060553534189,0.0,0.13170688916775197,0.39999999999999997,0.2,5.440179988678052e-19,0.26829311083224816
2022-01-24,-0.000789728963776897,0.0,0.13170688916775197,0.39999999999999997,0.2,5.440179988678052e-19,0.26829311083224816
2022-01-25,-0.0015100243212483348,0.0,0.13170688916775197,0.39999999999999997,0.2,5.440179988678052e-19,0.26829311083224816
2022-01-26,-0.0069398022090461035,0.0,0.13170688916775197,0.39999999999999997,0.2,5.440179988678052e-19,0.26829311083224816
2022-01-27,0.0063995075934737316,0.0,0.13170688916775197,0.39999999999999997,0.2,5.440179988678052e-19,0.26829311083224816
2022-01-28,0.0027110757639412556,0.0,0.13170688916775197,0.39999999999999997,0.2,5.440179988678052e-19,0.26829311083224816
2022-01-31,-0.00036469209891951343,0.0,0.13170688916775197,0.39999999999999997,0.2,5.440179988678052e-19,0.26829311083224816
2022-02-01,-0.0009974396566874756,0.0,0.13170688916775197,0.39999999999999997,0.2,5.440179988678052e-19,0.26829311083224816
2022-02-02,0.002319598123582001,0.0,0.13170688916775197,0.39999999999999997,0.2,5.440179988678052e-19,0.26829311083224816
2022-02-03,-0.007859603310807784,0.0,0.13170688916775197,0.39999999999999997,0.2,5.440179988678052e-19,0.26829311083224816
2022-02-04,-0.005179092432068632,0.0,0.13170688916775197,0.39999999999999997,0.2,5.440179988678052e-19,0.26829311083224816
2022-02-07,0.001421999685451598,0.0,0.13170688916775197,0.39999999999999997,0.2,5.440179988678052e-19,0.26829311083224816
2022-02-08,-0.0005595860689888896,0.0,0.13170688916775197,0.39999999999999997,0.2,5.440179988678052e-19,0.26829311083224816
2022-02-09,0.003045782934629243,0.0,0.13170688916775197,0.39999999999999997,0.2,5.440179988678052e-19,0.26829311083224816
2022-02-10,-0.009062871421969078,0.0,0.13170688916775197,0.39999999999999997,0.2,5.440179988678052e-19,0.26829311083224816
2022-02-11,0.008297432991180784,0.0,0.13170688916775197,0.39999999999999997,0.2,5.440179988678052e-19,0.26829311083224816
2022-02-14,-0.003606639156526377,0.0,0.13170688916775197,0.39999999999999997,0.2,5.440179988678052e-19,0.26829311083224816
2022-02-15,-0.005357385184557578,0.0,0.13170688916775197,0.39999999999999997,0.2,5.440179988678052e-19,0.26829311083224816
2022-02-16,0.004053068130602637,0.0,0.13170688916775197,0.39999999999999997,0.2,5.440179988678052e-19,0.26829311083224816
2022-02-17,0.003000136707352027,0.0,0.13170688916775197,0.39999999999999997,0.2,5.440179988678052e-19,0.26829311083224816
2022-02-18,0.003943583078020709,0.0,0.13170688916775197,0.39999999999999997,0.2,5.440179988678052e-19,0.26829311083224816
2022-02-22,0.00015033654956397966,0.0,0.13170688916775197,0.39999999999999997,0.2,5.440179988678052e-19,0.26829311083224816
2022-02-23,-0.00663488692242511,0.0,0.13170688916775197,0.39999999999999997,0.2,5.440179988678052e-19,0.26829311083224816
2022-02-24,0.0031428623825327595,0.0,0.13170688916775197,0.39999999999999997,0.2,5.440179988678052e-19,0.26829311083224816
2022-02-25,0.001189285158896372,0.0,0.13170688916775197,0.39999999999999997,0.2,5.440179988678052e-19,0.26829311083224816
2022-02-28,0.010918886842372461,0.0,0.13170688916775197,0.39999999999999997,0.2,5.440179988678052e-19,0.26829311083224816
2022-03-01,0.008324831158505205,0.0,0.13170688916775197,0.39999999999999997,0.2,5.440179988678052e-19,0.26829311083224816
2022-03-02,-0.01353727599411174,0.0,0.13170688916775197,0.39999999999999997,0.2,5.440179988678052e-19,0.26829311083224816
2022-03-03,0.005638602672431452,0.0,0.13170688916775197,0.39999999999999997,0.2,5.440179988678052e-19,0.26829311083224816
2022-03-04,0.011072617357465397,0.0,0.13170688916775197,0.39999999999999997,0.2,5.440179988678052e-19,0.26829311083224816
2022-03-07,-0.0020280176971189602,0.0,0.13170688916775197,0.39999999999999997,0.2,5.440179988678052e-19,0.26829311083224816
2022-03-08,-5.608950256704402e-05,0.0,0.13170688916775197,0.39999999999999997,0.2,5.440179988678052e-19,0.26829311083224816
2022-03-09,-0.00896296348115874,0.0,0.13170688916775197,0.39999999999999997,0.2,5.440179988678052e-19,0.26829311083224816
2022-03-10,-0.004388275973013212,0.0,0.13170688916775197,0.39999999999999997,0.2,5.440179988678052e-19,0.26829311083224816
2022-03-11,-0.0003168933613518143,0.0,0.13170688916775197,0.39999999999999997,0.2,5.440179988678052e-19,0.26829311083224816
2022-03-14,-0.013418185789057367,0.0,0.13170688916775197,0.39999999999999997,0.2,5.440179988678052e-19,0.26829311083224816
2022-03-15,-0.0018466693798951655,0.0,0.13170688916775197,0.39999999999999997,0.2,5.440179988678052e-19,0.26829311083224816
2022-03-16,0.006169795571939051,0.0,0.13170688916775197,0.39999999999999997,0.2,5.440179988678052e-19,0.26829311083224816
2022-03-17,-0.0009686027683810201,0.0,0.13170688916775197,0.39999999999999997,0.2,5.440179988678052e-19,0.26829311083224816
2022-03-18,0.004876572143629723,0.0,0.13170688916775197,0.39999999999999997,0.2,5.440179988678052e-19,0.26829311083224816
2022-03-21,-0.006750642969211677,0.0,0.13170688916775197,0.39999999999999997,0.2,5.440179988678052e-19,0.26829311083224816
2022-03-22,-0.005135510617058815,0.0,0.13170688916775197,0.39999999999999997,0.2,5.440179988678052e-19,0.26829311083224816
2022-03-23,0.010107100091396344,0.0,0.13170688916775197,0.39999999999999997,0.2,5.440179988678052e-19,0.26829311083224816
2022-03-24,0.0006096440767675835,0.0,0.13170688916775197,0.39999999999999997,0.2,5.440179988678052e-19,0.26829311083224816
2022-03-25,-0.005623326027082822,0.0,0.13170688916775197,0.39999999999999997,0.2,5.440179988678052e-19,0.26829311083224816
2022-03-28,0.0015285997992455246,0.0,0.13170688916775197,0.39999999999999997,0.2,5.440179988678052e-19,0.26829311083224816
2022-03-29,0.0031192655694703476,0.0,0.13170688916775197,0.39999999999999997,0.2,5.440179988678052e-19,0.26829311083224816
2022-03-30,0.0024885294035606386,0.0,0.13170688916775197,0.39999999999999997,0.2,5.440179988678052e-19,0.26829311083224816
2022-03-31,0.0001486462272683156,0.0,0.13170688916775197,0.39999999999999997,0.2,5.440179988678052e-19,0.26829311083224816
2022-04-01,0.0010308003271834467,0.0,0.13170688916775197,0.39999999999999997,0.2,5.440179988678052e-19,0.26829311083224816
2022-04-04,0.0005399767613996731,0.0,0.13170688916775197,0.39999999999999997,0.2,5.440179988678052e-19,0.26829311083224816
2022-04-05,-0.010533948389768951,0.0,0.13170688916775197,0.39999999999999997,0.2,5.440179988678052e-19,0.26829311083224816
2022-04-06,-0.0038843108615851823,0.0,0.13170688916775197,0.39999999999999997,0.2,5.440179988678052e-19,0.26829311083224816
2022-04-07,-0.0010882719047065955,0.0,0.13170688916775197,0.39999999999999997,0.2,5.440179988678052e-19,0.26829311083224816
2022-04-08,-0.0034314345632175335,0.0,0.13170688916775197,0.39999999999999997,0.2,5.440179988678052e-19,0.26829311083224816
2022-04-11,-0.006985626492064124,0.0,0.13170688916775197,0.39999999999999997,0.2,5.440179988678052e-19,0.26829311083224816
2022-04-12,0.0013984749479186982,0.0,0.13170688916775197,0.39999999999999997,0.2,5.440179988678052e-19,0.26829311083224816
2022-04-13,0.0021790910595414353,0.0,0.13170688916775197,0.39999999999999997,0.2,5.440179988678052e-19,0.26829311083224816
2022-04-14,-0.009113597709340822,0.0,0.13170688916775197,0.39999999999999997,0.2,5.440179988678052e-19,0.26829311083224816
2022-04-18,-0.0002139629272153704,0.0,0.13170688916775197,0.39999999999999997,0.2,5.440179988678052e-19,0.26829311083224816
2022-04-19,-0.003295311473811545,0.0,0.13170688916775197,0.39999999999999997,0.2,5.440179988678052e-19,0.26829311083224816
2022-04-20,0.007043752252677543,0.0,0.13170688916775197,0.39999999999999997,0.2,5.440179988678052e-19,0.26829311083224816
2022-04-21,-0.004839804590710506,0.0,0.13170688916775197,0.39999999999999997,0.2,5.440179988678052e-19,0.26829311083224816
2022-04-22,-0.0064795101151765315,0.0,0.13170688916775197,0.39999999999999997,0.2,5.440179988678052e-19,0.26829311083224816
2022-04-25,0.002459173036074788,0.0,0.13170688916775197,0.39999999999999997,0.2,5.440179988678052e-19,0.26829311083224816
2022-04-26,0.0021955124348070052,0.0,0.13170688916775197,0.39999999999999997,0.2,5.440179988678052e-19,0.26829311083224816
2022-04-27,-0.004603804760478496,0.0,0.13170688916775197,0.39999999999999997,0.2,5.440179988678052e-19,0.26829311083224816
2022-04-28,0.00656224005709183,0.0,0.13170688916775197,0.39999999999999997,0.2,5.440179988678052e-19,0.26829311083224816
2022-04-29,-0.011145369707979455,0.0,0.13170688916775197,0.39999999999999997,0.2,5.440179988678052e-19,0.26829311083224816
2022-05-02,-0.00848644133350254,0.0,0.13170688916775197,0.39999999999999997,0.2,5.440179988678052e-19,0.26829311083224816
2022-05-03,0.0033461716869525064,0.0,0.13170688916775197,0.39999999999999997,0.2,5.440179988678052e-19,0.26829311083224816
2022-05-04,0.005948485171155756,0.0,0.13170688916775197,0.39999999999999997,0.2,5.440179988678052e-19,0.26829311083224816
2022-05-05,-0.014153149916795994,0.0,0.13170688916775197,0.39999999999999997,0.2,5.440179988678052e-19,0.26829311083224816
2022-05-06,-0.005864155277988062,0.0,0.13170688916775197,0.39999999999999997,0.2,5.440179988678052e-19,0.26829311083224816
2022-05-09,-0.0034970415472247523,0.0,0.13170688916775197,0.39999999999999997,0.2,5.440179988678052e-19,0.26829311083224816
2022-05-10,0.0028237322257416357,0.0,0.13170688916775197,0.39999999999999997,0.2,5.440179988678052e-19,0.26829311083224816
2022-05-11,0.007539847923526522,0.0,0.13170688916775197,0.39999999999999997,0.2,5.440179988678052e-19,0.26829311083224816
2022-05-12,-0.0016350658329517096,0.0,0.13170688916775197,0.39999999999999997,0.2,5.440179988678052e-19,0.26829311083224816
2022-05-13,-0.005150577466826794,0.0,0.13170688916775197,0.39999999999999997,0.2,5.440179988678052e-19,0.26829311083224816
2022-05-16,-9.567149003769128e-05,0.0,0.13170688916775197,0.39999999999999997,0.2,5.440179988678052e-19,0.26829311083224816
2022-05-17,-0.005594897858941259,0.0,0.13170688916775197,0.39999999999999997,0.2,5.440179988678052e-19,0.26829311083224816
2022-05-18,0.004683338246028855,0.0,0.13170688916775197,0.39999999999999997,0.2,5.440179988678052e-19,0.26829311083224816
2022-05-19,0.0002891071760542528,0.0,0.13170688916775197,0.39999999999999997,0.2,5.440179988678052e-19,0.26829311083224816
2022-05-20,0.0053229978448556346,0.0,0.13170688916775197,0.39999999999999997,0.2,5.440179988678052e-19,0.26829311083224816
2022-05-23,-0.0056228745549208765,0.0,0.13170688916775197,0.39999999999999997,0.2,5.440179988678052e-19,0.26829311083224816
2022-05-24,0.007605201831597536,0.0,0.13170688916775197,0.39999999999999997,0.2,5.440179988678052e-19,0.26829311083224816
2022-05-25,0.0025254165052616376,0.0,0.13170688916775197,0.39999999999999997,0.2,5.440179988678052e-19,0.26829311083224816
2022-05-26,-0.0004322729014624954,0.0,0.13170688916775197,0.39999999999999997,0.2,5.440179988678052e-19,0.26829311083224816
2022-05-27,0.003722433484996597,0.0,0.13170688916775197,0.39999999999999997,0.2,5.440179988678052e-19,0.26829311083224816
2022-05-31,-0.010688432158456086,0.0,0.13170688916775197,0.39999999999999997,0.2,5.440179988678052e-19,0.26829311083224816
2022-06-01,0.0018216994044613184,0.0,0.13170688916775197,0.39999999999999997,0.2,5.440179988678052e-19,0.26829311083224816
2022-06-02,0.002828404738914269,0.0,0.13170688916775197,0.39999999999999997,0.2,5.440179988678052e-19,0.26829311083224816
2022-06-03,-0.003867577896854961,0.0,0.13170688916775197,0.39999999999999997,0.2,5.440179988678052e-19,0.26829311083224816
2022-06-06,-0.007267443997793074,0.0,0.13170688916775197,0.39999999999999997,0.2,5.440179988678052e-19,0.26829311083224816
2022-06-07,0.0065929284284210994,0.0,0.13170688916775197,0.39999999999999997,0.2,5.440179988678052e-19,0.26829311083224816
2022-06-08,-0.004375970756773887,0.0,0.13170688916775197,0.39999999999999997,0.2,5.440179988678052e-19,0.26829311083224816
2022-06-09,-0.0004790640986708362,0.0,0.13170688916775197,0.39999999999999997,0.2,5.440179988678052e-19,0.26829311083224816
2022-06-10,-0.001479535352910707,0.0,0.13170688916775197,0.39999999999999997,0.2,5.440179988678052e-19,0.26829311083224816
2022-06-13,-0.020231765352572047,0.0,0.13170688916775197,0.39999999999999997,0.2,5.440179988678052e-19,0.26829311083224816
2022-06-14,-0.00646995158417832,0.0,0.13170688916775197,0.39999999999999997,0.2,5.440179988678052e-19,0.26829311083224816
2022-06-15,0.009854375409746144,0.0,0.13170688916775197,0.39999999999999997,0.2,5.440179988678052e-19,0.26829311083224816
2022-06-16,-0.0015273902268806857,0.0,0.13170688916775197,0.39999999999999997,0.2,5.440179988678052e-19,0.26829311083224816
2022-06-17,0.0026433017773121415,0.0,0.13170688916775197,0.39999999999999997,0.2,5.440179988678052e-19,0.26829311083224816
2022-06-21,-0.005172681121042895,0.0,0.13170688916775197,0.39999999999999997,0.2,5.440179988678052e-19,0.26829311083224816
2022-06-22,0.01117314318307702,0.0,0.13170688916775197,0.39999999999999997,0.2,5.440179988678052e-19,0.26829311083224816
2022-06-23,0.0036405301967622726,0.0,0.13170688916775197,0.39999999999999997,0.2,5.440179988678052e-19,0.26829311083224816
2022-06-24,-0.002127590324970202,0.0,0.13170688916775197,0.39999999999999997,0.2,5.440179988678052e-19,0.26829311083224816
2022-06-27,-0.004620768373025224,0.0,0.13170688916775197,0.39999999999999997,0.2,5.440179988678052e-19,0.26829311083224816
2022-06-28,0.00039114419501858934,0.0,0.13170688916775197,0.39999999999999997,0.2,5.440179988678052e-19,0.26829311083224816
2022-06-29,0.007521947895598604,0.0,0.13170688916775197,0.39999999999999997,0.2,5.440179988678052e-19,0.26829311083224816
2022-06-30,0.00036646965943170056,0.0,0.13170688916775197,0.39999999999999997,0.2,5.440179988678052e-19,0.26829311083224816
2022-07-01,0.006196981205021526,0.0,0.13170688916775197,0.39999999999999997,0.2,5.440179988678052e-19,0.26829311083224816
2022-07-05,-0.004467701165484456,0.0939961795732171,0.13170688916775197,0.3481514717565891,0.15785234867019368,0.09399617957321701,0.26829311083224816
2022-07-06,-0.008070996552119498,0.0,0.13170688916775197,0.3481514717565891,0.15785234867019368,0.09399617957321701,0.26829311083224816
2022-07-07,0.002764856937423022,0.0,0.13170688916775197,0.3481514717565891,0.15785234867019368,0.09399617957321701,0.26829311083224816
2022-07-08,-0.0016404476034853868,0.0,0.13170688916775197,0.3481514717565891,0.15785234867019368,0.09399617957321701,0.26829311083224816
2022-07-11,0.0063808725904230135,0.0,0.13170688916775197,0.3481514717565891,0.15785234867019368,0.09399617957321701,0.26829311083224816
2022-07-12,-0.006288601514190709,0.0,0.13170688916775197,0.3481514717565891,0.15785234867019368,0.09399617957321701,0.26829311083224816
2022-07-13,0.0039893829132127585,0.0,0.13170688916775197,0.3481514717565891,0.15785234867019368,0.09399617957321701,0.26829311083224816
2022-07-14,-0.003953108490473664,0.0,0.13170688916775197,0.3481514717565891,0.15785234867019368,0.09399617957321701,0.26829311083224816
2022-07-15,0.0037358694681709726,0.0,0.13170688916775197,0.3481514717565891,0.15785234867019368,0.09399617957321701,0.26829311083224816
2022-07-18,-0.0021397678154778665,0.0,0.13170688916775197,0.3481514717565891,0.15785234867019368,0.09399617957321701,0.26829311083224816
2022-07-19,0.0018920595783758504,0.0,0.13170688916775197,0.3481514717565891,0.15785234867019368,0.09399617957321701,0.26829311083224816
2022-07-20,0.0005277104134496352,0.0,0.13170688916775197,0.3481514717565891,0.15785234867019368,0.09399617957321701,0.26829311083224816
2022-07-21,0.006229892855208924,0.0,0.13170688916775197,0.3481514717565891,0.15785234867019368,0.09399617957321701,0.26829311083224816
2022-07-22,0.0034531679879506163,0.0,0.13170688916775197,0.3481514717565891,0.15785234867019368,0.09399617957321701,0.26829311083224816
2022-07-25,-0.001924338234860463,0.0,0.13170688916775197,0.3481514717565891,0.15785234867019368,0.09399617957321701,0.26829311083224816
2022-07-26,-0.0007102229363933179,0.0,0.13170688916775197,0.3481514717565891,0.15785234867019368,0.09399617957321701,0.26829311083224816
2022-07-27,0.00421409716992765,0.0,0.13170688916775197,0.3481514717565891,0.15785234867019368,0.09399617957321701,0.26829311083224816
2022-07-28,0.005265008485391159,0.0,0.13170688916775197,0.3481514717565891,0.15785234867019368,0.09399617957321701,0.26829311083224816
2022-07-29,0.0014997949288148293,0.0,0.13170688916775197,0.3481514717565891,0.15785234867019368,0.09399617957321701,0.26829311083224816
2022-08-01,0.00432943715189516,0.0,0.13170688916775197,0.3481514717565891,0.15785234867019368,0.09399617957321701,0.26829311083224816
2022-08-02,-0.006458439203444035,0.0,0.13170688916775197,0.3481514717565891,0.15785234867019368,0.09399617957321701,0.26829311083224816
2022-08-03,0.0054472672877683235,0.005647876821175804,0.13170688916775197,0.3425035949354134,0.15785234867019368,0.09964405639439289,0.26829311083224816
2022-08-04,-0.002001322333370683,0.0,0.13170688916775197,0.3425035949354134,0.15785234867019368,0.09964405639439289,0.26829311083224816
2022-08-05,-0.00785820168021998,0.0,0.13170688916775197,0.3425035949354134,0.15785234867019368,0.09964405639439289,0.26829311083224816
2022-08-08,0.009121728613709891,0.0,0.13170688916775197,0.3425035949354134,0.15785234867019368,0.09964405639439289,0.26829311083224816
2022-08-09,-0.001775909374182171,0.0,0.13170688916775197,0.3425035949354134,0.15785234867019368,0.09964405639439289,0.26829311083224816
2022-08-10,-0.0016125288878951188,0.0,0.13170688916775197,0.3425035949354134,0.15785234867019368,0.09964405639439289,0.26829311083224816
2022-08-11,-0.0055811866898997885,0.0,0.13170688916775197,0.3425035949354134,0.15785234867019368,0.09964405639439289,0.26829311083224816
2022-08-12,0.006505310291090702,0.0,0.13170688916775197,0.3425035949354134,0.15785234867019368,0.09964405639439289,0.26829311083224816
2022-08-15,-0.0022011024840082544,0.0,0.13170688916775197,0.3425035949354134,0.15785234867019368,0.09964405639439289,0.26829311083224816
2022-08-16,-0.00093088484596545,0.0,0.13170688916775197,0.3425035949354134,0.15785234867019368,0.09964405639439289,0.26829311083224816
2022-08-17,-0.004020972894949891,0.0,0.13170688916775197,0.3425035949354134,0.15785234867019368,0.09964405639439289,0.26829311083224816
2022-08-18,0.005533294561292183,0.0,0.13170688916775197,0.3425035949354134,0.15785234867019368,0.09964405639439289,0.26829311083224816
2022-08-19,-0.006962117344009863,0.0,0.13170688916775197,0.3425035949354134,0.15785234867019368,0.09964405639439289,0.26829311083224816
2022-08-22,-0.001881587964401572,0.0,0.13170688916775197,0.3425035949354134,0.15785234867019368,0.09964405639439289,0.26829311083224816
2022-08-23,0.0006648964544037776,0.0,0.13170688916775197,0.3425035949354134,0.15785234867019368,0.09964405639439289,0.26829311083224816
2022-08-24,0.00013443610357284131,0.0,0.13170688916775197,0.3425035949354134,0.15785234867019368,0.09964405639439289,0.26829311083224816
2022-08-25,0.004688266542735516,0.0,0.13170688916775197,0.3425035949354134,0.15785234867019368,0.09964405639439289,0.26829311083224816
2022-08-26,-0.003624546764808459,0.0,0.13170688916775197,0.3425035949354134,0.15785234867019368,0.09964405639439289,0.26829311083224816
2022-08-29,0.00021607390760627898,0.0,0.13170688916775197,0.3425035949354134,0.15785234867019368,0.09964405639439289,0.26829311083224816
2022-08-30,-0.006080775366335094,0.0,0.13170688916775197,0.3425035949354134,0.15785234867019368,0.09964405639439289,0.26829311083224816
2022-08-31,-0.00879640066934744,0.0,0.13170688916775197,0.3425035949354134,0.15785234867019368,0.09964405639439289,0.26829311083224816
2022-09-01,-0.007826916364256503,0.003051570070490138,0.13170688916775197,0.3394520248649232,0.15785234867019368,0.10269562646488299,0.26829311083224816
2022-09-02,0.0027075378159260245,0.0,0.13170688916775197,0.3394520248649232,0.15785234867019368,0.10269562646488299,0.26829311083224816
2022-09-06,-0.008288430687708001,0.0,0.13170688916775197,0.3394520248649232,0.15785234867019368,0.10269562646488299,0.26829311083224816
2022-09-07,0.001969108686242635,0.0,0.13170688916775197,0.3394520248649232,0.15785234867019368,0.10269562646488299,0.26829311083224816
2022-09-08,-0.0023060503559534174,0.0,0.13170688916775197,0.3394520248649232,0.15785234867019368,0.10269562646488299,0.26829311083224816
2022-09-09,0.0062573334747185625,0.0,0.13170688916775197,0.3394520248649232,0.15785234867019368,0.10269562646488299,0.26829311083224816
2022-09-12,-0.00011809765228504472,0.0,0.13170688916775197,0.3394520248649232,0.15785234867019368,0.10269562646488299,0.26829311083224816
2022-09-13,-0.0038060498360383234,0.0,0.13170688916775197,0.3394520248649232,0.15785234867019368,0.10269562646488299,0.26829311083224816
2022-09-14,0.0015416886370203185,0.0,0.13170688916775197,0.3394520248649232,0.15785234867019368,0.10269562646488299,0.26829311083224816
2022-09-15,-0.008674784086505849,0.0,0.13170688916775197,0.3394520248649232,0.15785234867019368,0.10269562646488299,0.26829311083224816
2022-09-16,-0.002752322244193138,0.0,0.13170688916775197,0.3394520248649232,0.15785234867019368,0.10269562646488299,0.26829311083224816
2022-09-19,0.0019732832751663374,0.0,0.13170688916775197,0.3394520248649232,0.15785234867019368,0.10269562646488299,0.26829311083224816
2022-09-20,-0.005735311733932482,0.0,0.13170688916775197,0.3394520248649232,0.15785234867019368,0.10269562646488299,0.26829311083224816
2022-09-21,0.005956804803973814,0.0,0.13170688916775197,0.3394520248649232,0.15785234867019368,0.10269562646488299,0.26829311083224816
2022-09-22,-0.00907629445571039,0.0,0.13170688916775197,0.3394520248649232,0.15785234867019368,0.10269562646488299,0.26829311083224816
2022-09-23,-0.004757759851459994,0.0,0.13170688916775197,0.3394520248649232,0.15785234867019368,0.10269562646488299,0.26829311083224816
2022-09-26,-0.00995086425919569,0.0,0.13170688916775197,0.3394520248649232,0.15785234867019368,0.10269562646488299,0.26829311083224816
2022-09-27,-0.006880958941111708,0.0,0.13170688916775197,0.3394520248649232,0.15785234867019368,0.10269562646488299,0.26829311083224816
2022-09-28,0.018059359627096316,0.0,0.13170688916775197,0.3394520248649232,0.15785234867019368,0.10269562646488299,0.26829311083224816
2022-09-29,-0.006153000596626109,0.0,0.13170688916775197,0.3394520248649232,0.15785234867019368,0.10269562646488299,0.26829311083224816
2022-09-30,-0.008700816447334487,0.0,0.13170688916775197,0.3394520248649232,0.15785234867019368,0.10269562646488299,0.26829311083224816
2022-10-03,0.015608643202483511,0.0016656130907169164,0.13170688916775197,0.3377864117742063,0.15785234867019368,0.10436123955559994,0.26829311083224816
2022-10-04,0.005407800871009765,0.0,0.13170688916775197,0.3377864117742063,0.15785234867019368,0.10436123955559994,0.26829311083224816
2022-10-05,0.0005922620611557238,0.0,0.13170688916775197,0.3377864117742063,0.15785234867019368,0.10436123955559994,0.26829311083224816
2022-10-06,0.0008029349275326661,0.0,0.13170688916775197,0.3377864117742063,0.15785234867019368,0.10436123955559994,0.26829311083224816
2022-10-07,-0.004599848824039157,0.0,0.13170688916775197,0.3377864117742063,0.15785234867019368,0.10436123955559994,0.26829311083224816
2022-10-10,-0.00933955332166429,0.0,0.13170688916775197,0.3377864117742063,0.15785234867019368,0.10436123955559994,0.26829311083224816
2022-10-11,-0.0023591811822312667,0.0,0.13170688916775197,0.3377864117742063,0.15785234867019368,0.10436123955559994,0.26829311083224816
2022-10-12,0.0008746663026057467,0.0,0.13170688916775197,0.3377864117742063,0.15785234867019368,0.10436123955559994,0.26829311083224816
2022-10-13,-0.0002711471939145192,0.0,0.13170688916775197,0.3377864117742063,0.15785234867019368,0.10436123955559994,0.26829311083224816
2022-10-14,-0.009274200148681678,0.0,0.13170688916775197,0.3377864117742063,0.15785234867019368,0.10436123955559994,0.26829311083224816
2022-10-17,-0.0005964342441727795,0.0,0.13170688916775197,0.3377864117742063,0.15785234867019368,0.10436123955559994,0.26829311083224816
2022-10-18,0.0003730701975677834,0.0,0.13170688916775197,0.3377864117742063,0.15785234867019368,0.10436123955559994,0.26829311083224816
2022-10-19,-0.005203474542475422,0.0,0.13170688916775197,0.3377864117742063,0.15785234867019368,0.10436123955559994,0.26829311083224816
2022-10-20,-0.006742532847934056,0.0,0.13170688916775197,0.3377864117742063,0.15785234867019368,0.10436123955559994,0.26829311083224816
2022-10-21,-0.0017900209825680623,0.0,0.13170688916775197,0.3377864117742063,0.15785234867019368,0.10436123955559994,0.26829311083224816
2022-10-24,-0.0017056072300078138,0.0,0.13170688916775197,0.3377864117742063,0.15785234867019368,0.10436123955559994,0.26829311083224816
2022-10-25,0.009700095481155638,0.0,0.13170688916775197,0.3377864117742063,0.15785234867019368,0.10436123955559994,0.26829311083224816
2022-10-26,0.005576848786061173,0.0,0.13170688916775197,0.3377864117742063,0.15785234867019368,0.10436123955559994,0.26829311083224816
2022-10-27,0.005610534844945754,0.0,0.13170688916775197,0.3377864117742063,0.15785234867019368,0.10436123955559994,0.26829311083224816
2022-10-28,-0.0014831006774939039,0.0,0.13170688916775197,0.3377864117742063,0.15785234867019368,0.10436123955559994,0.26829311083224816
2022-10-31,-0.004244030684426959,0.0,0.13170688916775197,0.3377864117742063,0.15785234867019368,0.10436123955559994,0.26829311083224816
2022-11-01,0.0064590233588952455,0.002894129853184789,0.13170688916775197,0.33489228192102155,0.15785234867019368,0.10725536940878475,0.26829311083224816
2022-11-02,-0.0032894100570169888,0.0,0.13170688916775197,0.33489228192102155,0.15785234867019368,0.10725536940878475,0.26829311083224816
2022-11-03,-0.0026836240592793587,0.0,0.13170688916775197,0.33489228192102155,0.15785234867019368,0.10725536940878475,0.26829311083224816
2022-11-04,0.0012502561381201767,0.0,0.13170688916775197,0.33489228192102155,0.15785234867019368,0.10725536940878475,0.26829311083224816
2022-11-07,-0.004598724577147104,0.0,0.13170688916775197,0.33489228192102155,0.15785234867019368,0.10725536940878475,0.26829311083224816
2022-11-08,0.003914905567744125,0.0,0.13170688916775197,0.33489228192102155,0.15785234867019368,0.10725536940878475,0.26829311083224816
2022-11-09,-0.004438341456621694,0.0,0.13170688916775197,0.33489228192102155,0.15785234867019368,0.10725536940878475,0.26829311083224816
2022-11-10,0.019648744621733903,0.0,0.13170688916775197,0.33489228192102155,0.15785234867019368,0.10725536940878475,0.26829311083224816
2022-11-11,0.0003914705610277489,0.0,0.13170688916775197,0.33489228192102155,0.15785234867019368,0.10725536940878475,0.26829311083224816
2022-11-14,-0.003940468274801023,0.0,0.13170688916775197,0.33489228192102155,0.15785234867019368,0.10725536940878475,0.26829311083224816
2022-11-15,0.008163498461577507,0.0,0.13170688916775197,0.33489228192102155,0.15785234867019368,0.10725536940878475,0.26829311083224816
2022-11-16,0.0036232498790077705,0.0,0.13170688916775197,0.33489228192102155,0.15785234867019368,0.10725536940878475,0.26829311083224816
2022-11-17,-0.006881616803448582,0.0,0.13170688916775197,0.33489228192102155,0.15785234867019368,0.10725536940878475,0.26829311083224816
2022-11-18,-0.0037435497672780814,0.0,0.13170688916775197,0.33489228192102155,0.15785234867019368,0.10725536940878475,0.26829311083224816
2022-11-21,0.0023783165065163646,0.0,0.13170688916775197,0.33489228192102155,0.15785234867019368,0.10725536940878475,0.26829311083224816
2022-11-22,0.006524688176752347,0.0,0.13170688916775197,0.33489228192102155,0.15785234867019368,0.10725536940878475,0.26829311083224816
2022-11-23,0.0009287576938634366,0.0,0.13170688916775197,0.33489228192102155,0.15785234867019368,0.10725536940878475,0.26829311083224816
2022-11-25,-0.0017450945572033375,0.0,0.13170688916775197,0.33489228192102155,0.15785234867019368,0.10725536940878475,0.26829311083224816
2022-11-28,-0.0005622208446744502,0.0,0.13170688916775197,0.33489228192102155,0.15785234867019368,0.10725536940878475,0.26829311083224816
2022-11-29,-0.0005659267029277029,0.0,0.13170688916775197,0.33489228192102155,0.15785234867019368,0.10725536940878475,0.26829311083224816
2022-11-30,0.00945604420060515,0.0,0.13170688916775197,0.33489228192102155,0.15785234867019368,0.10725536940878475,0.26829311083224816
2022-12-01,0.01055739753140864,0.0,0.13170688916775197,0.33489228192102155,0.15785234867019368,0.10725536940878475,0.26829311083224816
2022-12-02,0.002300559358893555,0.0,0.13170688916775197,0.33489228192102155,0.15785234867019368,0.10725536940878475,0.26829311083224816
2022-12-05,-0.010838510291318318,0.0,0.13170688916775197,0.33489228192102155,0.15785234867019368,0.10725536940878475,0.26829311083224816
2022-12-06,-0.0009081915041921546,0.0,0.13170688916775197,0.33489228192102155,0.15785234867019368,0.10725536940878475,0.26829311083224816
2022-12-07,0.005647791364707645,0.0,0.13170688916775197,0.33489228192102155,0.15785234867019368,0.10725536940878475,0.26829311083224816
2022-12-08,-0.0021875875456222136,0.0,0.13170688916775197,0.33489228192102155,0.15785234867019368,0.10725536940878475,0.26829311083224816
2022-12-09,-0.008328151250574702,0.0,0.13170688916775197,0.33489228192102155,0.15785234867019368,0.10725536940878475,0.26829311083224816
2022-12-12,0.004517175181835812,0.0,0.13170688916775197,0.33489228192102155,0.15785234867019368,0.10725536940878475,0.26829311083224816
2022-12-13,0.006978180314989075,0.0,0.13170688916775197,0.33489228192102155,0.15785234867019368,0.10725536940878475,0.26829311083224816
2022-12-14,0.0014070064819090176,0.0,0.13170688916775197,0.33489228192102155,0.15785234867019368,0.10725536940878475,0.26829311083224816
2022-12-15,-0.003932825461753683,0.0,0.13170688916775197,0.33489228192102155,0.15785234867019368,0.10725536940878475,0.26829311083224816
2022-12-16,-0.005473138048461745,0.0,0.13170688916775197,0.33489228192102155,0.15785234867019368,0.10725536940878475,0.26829311083224816
2022-12-19,-0.005189164990942315,0.0,0.13170688916775197,0.33489228192102155,0.15785234867019368,0.10725536940878475,0.26829311083224816
2022-12-20,-0.004719390536978295,0.0,0.13170688916775197,0.33489228192102155,0.15785234867019368,0.10725536940878475,0.26829311083224816
2022-12-21,0.006203508232315314,0.0,0.13170688916775197,0.33489228192102155,0.15785234867019368,0.10725536940878475,0.26829311083224816
2022-12-22,-0.004034625162173795,0.0,0.13170688916775197,0.33489228192102155,0.15785234867019368,0.10725536940878475,0.26829311083224816
2022-12-23,-0.0012080844305602367,0.0,0.13170688916775197,0.33489228192102155,0.15785234867019368,0.10725536940878475,0.26829311083224816
2022-12-27,-0.005581487912493946,0.0,0.13170688916775197,0.33489228192102155,0.15785234867019368,0.10725536940878475,0.26829311083224816
2022-12-28,-0.004827421846799211,0.0,0.13170688916775197,0.33489228192102155,0.15785234867019368,0.10725536940878475,0.26829311083224816
2022-12-29,0.005352872897261595,0.0,0.13170688916775197,0.33489228192102155,0.15785234867019368,0.10725536940878475,0.26829311083224816
2022-12-30,-0.0017265956206168028,0.0,0.13170688916775197,0.33489228192102155,0.15785234867019368,0.10725536940878475,0.26829311083224816
2023-01-03,0.006273443090375741,0.0,0.13170688916775197,0.33489228192102155,0.15785234867019368,0.10725536940878475,0.26829311083224816
2023-01-04,0.0008399934128989518,0.0,0.13170688916775197,0.33489228192102155,0.15785234867019368,0.10725536940878475,0.26829311083224816
2023-01-05,0.0012224007435639099,0.0,0.13170688916775197,0.33489228192102155,0.15785234867019368,0.10725536940878475,0.26829311083224816
2023-01-06,0.008705616683528553,0.0,0.13170688916775197,0.33489228192102155,0.15785234867019368,0.10725536940878475,0.26829311083224816
2023-01-09,0.002165164248475043,0.0,0.13170688916775197,0.33489228192102155,0.15785234867019368,0.10725536940878475,0.26829311083224816
2023-01-10,-0.0038124602853911445,0.0,0.13170688916775197,0.33489228192102155,0.15785234867019368,0.10725536940878475,0.26829311083224816
2023-01-11,0.010499026319163919,0.0,0.13170688916775197,0.33489228192102155,0.15785234867019368,0.10725536940878475,0.26829311083224816
2023-01-12,0.007169238163296761,0.0,0.13170688916775197,0.33489228192102155,0.15785234867019368,0.10725536940878475,0.26829311083224816
2023-01-13,0.0014201200433067182,0.0,0.13170688916775197,0.33489228192102155,0.15785234867019368,0.10725536940878475,0.26829311083224816
2023-01-17,-0.0014176597147843029,0.0,0.13170688916775197,0.33489228192102155,0.15785234867019368,0.10725536940878475,0.26829311083224816
2023-01-18,0.0035388636609625414,0.0,0.13170688916775197,0.33489228192102155,0.15785234867019368,0.10725536940878475,0.26829311083224816
2023-01-19,0.0004345866560222201,0.0,0.13170688916775197,0.33489228192102155,0.15785234867019368,0.10725536940878475,0.26829311083224816
2023-01-20,-0.0024337777354708013,0.0,0.13170688916775197,0.33489228192102155,0.15785234867019368,0.10725536940878475,0.26829311083224816
2023-01-23,0.000619061721473373,0.0,0.13170688916775197,0.33489228192102155,0.15785234867019368,0.10725536940878475,0.26829311083224816
2023-01-24,0.003032614942148344,0.0,0.13170688916775197,0.33489228192102155,0.15785234867019368,0.10725536940878475,0.26829311083224816
2023-01-25,0.0011516288817408856,0.0,0.13170688916775197,0.33489228192102155,0.15785234867019368,0.10725536940878475,0.26829311083224816
2023-01-26,-0.00021451571266360706,0.0,0.13170688916775197,0.33489228192102155,0.15785234867019368,0.10725536940878475,0.26829311083224816
2023-01-27,-0.0025336787338985996,0.0,0.13170688916775197,0.33489228192102155,0.15785234867019368,0.10725536940878475,0.26829311083224816
2023-01-30,-0.004465498757763866,0.0,0.13170688916775197,0.33489228192102155,0.15785234867019368,0.10725536940878475,0.26829311083224816
2023-01-31,0.006525525827411082,0.0,0.13170688916775197,0.33489228192102155,0.15785234867019368,0.10725536940878475,0.26829311083224816
2023-02-01,0.0018457431232849826,0.0,0.13170688916775197,0.33489228192102155,0.15785234867019368,0.10725536940878475,0.26829311083224816
2023-02-02,0.0012835710739551606,0.1028564122076131,0.13170688916775197,0.3708996095935495,0.15785234867019368,0.004398957201171595,0.33514219536733325
2023-02-03,-0.006625483347655447,0.00020024477795965116,0.13170688916775197,0.3710128392268263,0.15785234867019368,0.00419871242321195,0.3352292105120161
2023-02-06,-0.0012223252783146064,0.0,0.13170688916775197,0.3710128392268263,0.15785234867019368,0.00419871242321195,0.3352292105120161
2023-02-07,-0.0015646932908586599,0.0,0.13170688916775197,0.3710128392268263,0.15785234867019368,0.00419871242321195,0.3352292105120161
2023-02-08,0.0011330818492236519,0.0,0.13170688916775197,0.3710128392268263,0.15785234867019368,0.00419871242321195,0.3352292105120161
2023-02-09,-0.006432136761206249,0.0,0.13170688916775197,0.3710128392268263,0.15785234867019368,0.00419871242321195,0.3352292105120161
2023-02-10,-0.002340725144865008,0.0,0.13170688916775197,0.3710128392268263,0.15785234867019368,0.00419871242321195,0.3352292105120161
2023-02-13,0.002886068482863204,0.0,0.13170688916775197,0.3710128392268263,0.15785234867019368,0.00419871242321195,0.3352292105120161
2023-02-14,-0.0010419653234434916,0.0,0.13170688916775197,0.3710128392268263,0.15785234867019368,0.00419871242321195,0.3352292105120161
2023-02-15,-0.002343369328238704,0.0,0.13170688916775197,0.3710128392268263,0.15785234867019368,0.00419871242321195,0.3352292105120161
2023-02-16,-0.006756109127006015,0.0,0.13170688916775197,0.3710128392268263,0.15785234867019368,0.00419871242321195,0.3352292105120161
2023-02-17,0.0027012092037962646,0.0,0.13170688916775197,0.3710128392268263,0.15785234867019368,0.00419871242321195,0.3352292105120161
2023-02-21,-0.009390207415358547,0.0,0.13170688916775197,0.3710128392268263,0.15785234867019368,0.00419871242321195,0.3352292105120161
2023-02-22,0.0032895825054697707,0.0,0.13170688916775197,0.3710128392268263,0.15785234867019368,0.00419871242321195,0.3352292105120161
2023-02-23,0.004455481135900916,0.0,0.13170688916775197,0.3710128392268263,0.15785234867019368,0.00419871242321195,0.3352292105120161
2023-02-24,-0.004831382894616809,0.0,0.13170688916775197,0.3710128392268263,0.15785234867019368,0.00419871242321195,0.3352292105120161
2023-02-27,0.00027820443972761456,0.0,0.13170688916775197,0.3710128392268263,0.15785234867019368,0.00419871242321195,0.3352292105120161
2023-02-28,0.0029250513368045154,0.0,0.13170688916775197,0.3710128392268263,0.15785234867019368,0.00419871242321195,0.3352292105120161
2023-03-01,-0.005295605000701353,0.0,0.13170688916775197,0.3710128392268263,0.15785234867019368,0.00419871242321195,0.3352292105120161
2023-03-02,-0.0005649830775390953,0.0,0.13170688916775197,0.3710128392268263,0.15785234867019368,0.00419871242321195,0.3352292105120161
2023-03-03,0.011591525791170485,0.0,0.13170688916775197,0.3710128392268263,0.15785234867019368,0.00419871242321195,0.3352292105120161
2023-03-06,-0.0031051773370338446,0.05439209053657004,0.13170688916775197,0.3166207486902563,0.15785234867019368,0.058590802959782015,0.3352292105120161
2023-03-07,-0.000880416252846922,0.0,0.13170688916775197,0.3166207486902563,0.15785234867019368,0.058590802959782015,0.3352292105120161
2023-03-08,-0.00031354428499898954,0.0,0.13170688916775197,0.3166207486902563,0.15785234867019368,0.058590802959782015,0.3352292105120161
2023-03-09,-0.0017860610163133285,0.0,0.13170688916775197,0.3166207486902563,0.15785234867019368,0.058590802959782015,0.3352292105120161
2023-03-10,0.011103209153237132,0.0,0.13170688916775197,0.3166207486902563,0.15785234867019368,0.058590802959782015,0.3352292105120161
2023-03-13,-0.0005693158345229936,0.0,0.13170688916775197,0.3166207486902563,0.15785234867019368,0.058590802959782015,0.3352292105120161
2023-03-14,-0.006025917235847154,0.0,0.13170688916775197,0.3166207486902563,0.15785234867019368,0.058590802959782015,0.3352292105120161
2023-03-15,0.007393046262269229,0.0,0.13170688916775197,0.3166207486902563,0.15785234867019368,0.058590802959782015,0.3352292105120161
2023-03-16,-0.00017219511396161487,0.0,0.13170688916775197,0.3166207486902563,0.15785234867019368,0.058590802959782015,0.3352292105120161
2023-03-17,0.00456143012134805,0.0,0.13170688916775197,0.3166207486902563,0.15785234867019368,0.058590802959782015,0.3352292105120161
2023-03-20,-0.0022322720770851304,0.0,0.13170688916775197,0.3166207486902563,0.15785234867019368,0.058590802959782015,0.3352292105120161
2023-03-21,-0.0026788709392258168,0.0,0.13170688916775197,0.3166207486902563,0.15785234867019368,0.058590802959782015,0.3352292105120161
2023-03-22,0.00251532738582586,0.0,0.13170688916775197,0.3166207486902563,0.15785234867019368,0.058590802959782015,0.3352292105120161
2023-03-23,0.00222079560980566,0.0006726712847856357,0.13170688916775197,0.31594807740547065,0.15785234867019368,0.059263474244567634,0.3352292105120161
2023-03-24,0.0024406633221875727,0.0,0.13170688916775197,0.31594807740547065,0.15785234867019368,0.059263474244567634,0.3352292105120161
2023-03-27,-0.006611985920213613,0.0,0.13170688916775197,0.31594807740547065,0.15785234867019368,0.059263474244567634,0.3352292105120161
2023-03-28,0.0007420292940753504,0.0,0.13170688916775197,0.31594807740547065,0.15785234867019368,0.059263474244567634,0.3352292105120161
2023-03-29,0.0009722179363422084,0.0,0.13170688916775197,0.31594807740547065,0.15785234867019368,0.059263474244567634,0.3352292105120161
2023-03-30,0.0031712957900434896,0.0,0.13170688916775197,0.31594807740547065,0.15785234867019368,0.059263474244567634,0.3352292105120161
2023-03-31,0.00798971155969566,0.0,0.13170688916775197,0.31594807740547065,0.15785234867019368,0.059263474244567634,0.3352292105120161
2023-04-03,0.004978178269711717,0.0,0.13170688916775197,0.31594807740547065,0.15785234867019368,0.059263474244567634,0.3352292105120161
2023-04-04,0.002453788179871806,0.0,0.13170688916775197,0.31594807740547065,0.15785234867019368,0.059263474244567634,0.3352292105120161
2023-04-05,0.0037773323685282504,0.0,0.13170688916775197,0.31594807740547065,0.15785234867019368,0.059263474244567634,0.3352292105120161
2023-04-06,0.00046354984621889905,0.0,0.13170688916775197,0.31594807740547065,0.15785234867019368,0.059263474244567634,0.3352292105120161
2023-04-10,-0.004615578496331566,0.0,0.13170688916775197,0.31594807740547065,0.15785234867019368,0.059263474244567634,0.3352292105120161
2023-04-11,0.0015954345632198936,0.0,0.13170688916775197,0.31594807740547065,0.15785234867019368,0.059263474244567634,0.3352292105120161
2023-04-12,-0.0007653433466421082,0.0,0.13170688916775197,0.31594807740547065,0.15785234867019368,0.059263474244567634,0.3352292105120161
2023-04-13,-0.0006915375433478293,0.0,0.13170688916775197,0.31594807740547065,0.15785234867019368,0.059263474244567634,0.3352292105120161
2023-04-14,-0.0038188360847906215,0.0,0.13170688916775197,0.31594807740547065,0.15785234867019368,0.059263474244567634,0.3352292105120161
2023-04-17,-0.003320902367539253,0.0,0.13170688916775197,0.31594807740547065,0.15785234867019368,0.059263474244567634,0.3352292105120161
2023-04-18,0.0005273258830861738,0.0,0.13170688916775197,0.31594807740547065,0.15785234867019368,0.059263474244567634,0.3352292105120161
2023-04-19,-0.0015522940885697733,0.0,0.13170688916775197,0.31594807740547065,0.15785234867019368,0.059263474244567634,0.3352292105120161
2023-04-20,0.0011502572358277306,0.0,0.13170688916775197,0.31594807740547065,0.15785234867019368,0.059263474244567634,0.3352292105120161
2023-04-21,-0.0030611781239788492,0.0,0.13170688916775197,0.31594807740547065,0.15785234867019368,0.059263474244567634,0.3352292105120161
2023-04-24,0.0034901162519493166,0.0,0.13170688916775197,0.31594807740547065,0.15785234867019368,0.059263474244567634,0.3352292105120161
2023-04-25,0.0035387331717677455,0.0,0.13170688916775197,0.31594807740547065,0.15785234867019368,0.059263474244567634,0.3352292105120161
2023-04-26,-0.0078042824948190165,0.002010881164254054,0.13170688916775197,0.3179589585697247,0.15785234867019368,0.0572525930803136,0.3352292105120161
2023-04-27,-0.0008775535532325371,0.051665721153005315,0.13170688916775197,0.36962467972272994,0.15785234867019368,0.005586871927308188,0.3352292105120161
2023-04-28,0.007747219195097142,0.0009780356622015713,0.13170688916775197,0.3706027153849316,0.15785234867019368,0.004608836265106716,0.3352292105120161
2023-05-01,-0.009901788706648089,0.0,0.13170688916775197,0.3706027153849316,0.15785234867019368,0.004608836265106716,0.3352292105120161
2023-05-02,0.009717326883759946,0.0,0.13170688916775197,0.3706027153849316,0.15785234867019368,0.004608836265106716,0.3352292105120161
2023-05-03,0.0005477351017448187,0.0010670560722692785,0.13170688916775197,0.37166977145720087,0.15785234867019368,0.0035417801928374158,0.3352292105120161
2023-05-04,-0.0031079692772358384,0.0,0.13170688916775197,0.37166977145720087,0.15785234867019368,0.0035417801928374158,0.3352292105120161
2023-05-05,-0.0016159898959537025,0.0,0.13170688916775197,0.37166977145720087,0.15785234867019368,0.0035417801928374158,0.3352292105120161
2023-05-08,-0.0044262364794582,0.0,0.13170688916775197,0.37166977145720087,0.15785234867019368,0.0035417801928374158,0.3352292105120161
2023-05-09,0.0003342215569596494,0.0,0.13170688916775197,0.37166977145720087,0.15785234867019368,0.0035417801928374158,0.3352292105120161
2023-05-10,0.0033670610326809397,0.0,0.13170688916775197,0.37166977145720087,0.15785234867019368,0.0035417801928374158,0.3352292105120161
2023-05-11,0.0044573635898799875,0.0,0.13170688916775197,0.37166977145720087,0.15785234867019368,0.0035417801928374158,0.3352292105120161
2023-05-12,-0.00145801452736895,0.0,0.13170688916775197,0.37166977145720087,0.15785234867019368,0.0035417801928374158,0.3352292105120161
2023-05-15,-0.003959006501109615,0.0,0.13170688916775197,0.37166977145720087,0.15785234867019368,0.0035417801928374158,0.3352292105120161
2023-05-16,-0.003157607926667329,0.0,0.13170688916775197,0.37166977145720087,0.15785234867019368,0.0035417801928374158,0.3352292105120161
2023-05-17,0.0006818521961217643,0.0,0.13170688916775197,0.37166977145720087,0.15785234867019368,0.0035417801928374158,0.3352292105120161
2023-05-18,-0.0010617249427257798,0.0,0.13170688916775197,0.37166977145720087,0.15785234867019368,0.0035417801928374158,0.3352292105120161
2023-05-19,-0.0022109513464838087,0.0,0.13170688916775197,0.37166977145720087,0.15785234867019368,0.0035417801928374158,0.3352292105120161
2023-05-22,-0.0014020094422941872,0.0,0.13170688916775197,0.37166977145720087,0.15785234867019368,0.0035417801928374158,0.3352292105120161
2023-05-23,0.0007826422653229943,0.0,0.13170688916775197,0.37166977145720087,0.15785234867019368,0.0035417801928374158,0.3352292105120161
2023-05-24,-0.002842429488832896,0.0,0.13170688916775197,0.37166977145720087,0.15785234867019368,0.0035417801928374158,0.3352292105120161
2023-05-25,0.00014414780934812358,0.0,0.13170688916775197,0.37166977145720087,0.15785234867019368,0.0035417801928374158,0.3352292105120161
2023-05-26,0.005260480842197213,0.0,0.13170688916775197,0.37166977145720087,0.15785234867019368,0.0035417801928374158,0.3352292105120161
2023-05-30,0.004252491204134318,0.0,0.13170688916775197,0.37166977145720087,0.15785234867019368,0.0035417801928374158,0.3352292105120161
2023-05-31,0.003244040549641974,0.0,0.13170688916775197,0.37166977145720087,0.15785234867019368,0.0035417801928374158,0.3352292105120161
