date,gross,turnover,w_SPY,w_TLT,w_GLD,w_USO,w_UUP
2019-01-02,0.0031507249201329153,0.19999999999999996,0.26036509553981035,0.22370449652466648,0.3159304079355231,0.0,0.20000000000000004
2019-01-03,-0.0018951805503400715,0.0,0.26036509553981035,0.22370449652466648,0.3159304079355231,0.0,0.20000000000000004
2019-01-04,0.0032633050888976997,0.0,0.26036509553981035,0.22370449652466648,0.3159304079355231,0.0,0.20000000000000004
2019-01-07,0.0016219200730068438,0.0,0.26036509553981035,0.22370449652466648,0.3159304079355231,0.0,0.20000000000000004
2019-01-08,0.0016338085161231744,0.0,0.26036509553981035,0.22370449652466648,0.3159304079355231,0.0,0.20000000000000004
2019-01-09,0.0010069029762894647,0.0,0.26036509553981035,0.22370449652466648,0.3159304079355231,0.0,0.20000000000000004
2019-01-10,-0.001189645544673623,0.0,0.26036509553981035,0.22370449652466648,0.3159304079355231,0.0,0.20000000000000004
2019-01-11,0.0016769894624657751,0.0,0.26036509553981035,0.22370449652466648,0.3159304079355231,0.0,0.20000000000000004
2019-01-14,-0.0016687750611053755,0.0,0.26036509553981035,0.22370449652466648,0.3159304079355231,0.0,0.20000000000000004
2019-01-15,0.0023334498724188668,0.0,0.26036509553981035,0.22370449652466648,0.3159304079355231,0.0,0.20000000000000004
2019-01-16,0.002100469777307551,0.0,0.26036509553981035,0.22370449652466648,0.3159304079355231,0.0,0.20000000000000004
2019-01-17,0.0016177455277483,0.0,0.26036509553981035,0.22370449652466648,0.3159304079355231,0.0,0.20000000000000004
2019-01-18,0.00010044691402838642,0.0,0.26036509553981035,0.22370449652466648,0.3159304079355231,0.0,0.20000000000000004
2019-01-22,-0.0008794128060232939,0.0,0.26036509553981035,0.22370449652466648,0.3159304079355231,0.0,0.20000000000000004
2019-01-23,-0.00045982063777432657,0.0,0.26036509553981035,0.22370449652466648,0.3159304079355231,0.0,0.20000000000000004
2019-01-24,0.002288680673980639,0.0,0.26036509553981035,0.22370449652466648,0.3159304079355231,0.0,0.20000000000000004
2019-01-25,0.004112420408093028,0.0,0.26036509553981035,0.22370449652466648,0.3159304079355231,0.0,0.20000000000000004
2019-01-28,-0.0009386926662897308,0.0,0.26036509553981035,0.22370449652466648,0.3159304079355231,0.0,0.20000000000000004
2019-01-29,0.002634443306809015,0.0,0.26036509553981035,0.22370449652466648,0.3159304079355231,0.0,0.20000000000000004
2019-01-30,0.004743893872605104,0.0,0.26036509553981035,0.22370449652466648,0.3159304079355231,0.0,0.20000000000000004
2019-01-31,0.008741752995864417,0.5159304079355231,0.7762955034753335,0.22370449652466648,6.938893903907228e-18,0.0,4.341233859282223e-18
2019-02-01,-0.00169436350413942,0.2633383608845017,0.5129571425908318,0.23916462886525802,0.2478782285439102,0.0,4.4372669671804106e-18
2019-02-04,0.0014662703137058816,0.0,0.5129571425908318,0.23916462886525802,0.2478782285439102,0.0,4.4372669671804106e-18
2019-02-05,0.004281495189212887,0.24787822854391017,0.760835371134742,0.23916462886525802,0.0,2.7865858384972058e-19,2.708331715438534e-19
2019-02-06,-0.0008843869892883427,0.0,0.760835371134742,0.23916462886525802,0.0,2.7865858384972058e-19,2.708331715438534e-19
2019-02-07,-0.005671825589147623,0.0,0.760835371134742,0.23916462886525802,0.0,2.7865858384972058e-19,2.708331715438534e-19
2019-02-08,0.0019500681805859122,0.0,0.760835371134742,0.23916462886525802,0.0,2.7865858384972058e-19,2.708331715438534e-19
2019-02-11,-0.000516164186185627,0.0,0.760835371134742,0.23916462886525802,0.0,2.7865858384972058e-19,2.708331715438534e-19
2019-02-12,0.009175467205333321,0.0,0.760835371134742,0.23916462886525802,0.0,2.7865858384972058e-19,2.708331715438534e-19
2019-02-13,0.001565283367231613,0.0,0.760835371134742,0.23916462886525802,0.0,2.7865858384972058e-19,2.708331715438534e-19
2019-02-14,-0.0003251953248223486,0.0,0.760835371134742,0.23916462886525802,0.0,2.7865858384972058e-19,2.708331715438534e-19
2019-02-15,0.00866447568949571,0.0,0.760835371134742,0.23916462886525802,0.0,2.7865858384972058e-19,2.708331715438534e-19
2019-02-19,0.0019243390066311485,0.0,0.760835371134742,0.23916462886525802,0.0,2.7865858384972058e-19,2.708331715438534e-19
2019-02-20,0.00084904318943385,0.0,0.760835371134742,0.23916462886525802,0.0,2.7865858384972058e-19,2.708331715438534e-19
2019-02-21,-0.0048435267206040945,0.0,0.760835371134742,0.23916462886525802,0.0,2.7865858384972058e-19,2.708331715438534e-19
2019-02-22,0.006142374936283409,0.0,0.760835371134742,0.23916462886525802,0.0,2.7865858384972058e-19,2.708331715438534e-19
2019-02-25,0.0003272803681786461,0.0,0.760835371134742,0.23916462886525802,0.0,2.7865858384972058e-19,2.708331715438534e-19
2019-02-26,0.0006394468386289441,0.0,0.760835371134742,0.23916462886525802,0.0,2.7865858384972058e-19,2.708331715438534e-19
2019-02-27,-0.003036404917485587,0.0,0.760835371134742,0.23916462886525802,0.0,2.7865858384972058e-19,2.708331715438534e-19
2019-02-28,-0.0022308930768450367,0.0,0.760835371134742,0.23916462886525802,0.0,2.7865858384972058e-19,2.708331715438534e-19
2019-03-01,0.002539568128276604,0.0,0.760835371134742,0.23916462886525802,0.0,2.7865858384972058e-19,2.708331715438534e-19
2019-03-04,-0.0008930072492406508,0.0,0.760835371134742,0.23916462886525802,0.0,2.7865858384972058e-19,2.708331715438534e-19
2019-03-05,-0.0005344145556952594,0.0,0.760835371134742,0.23916462886525802,0.0,2.7865858384972058e-19,2.708331715438534e-19
2019-03-06,-0.0037306977774061935,0.0,0.760835371134742,0.23916462886525802,0.0,2.7865858384972058e-19,2.708331715438534e-19
2019-03-07,-0.004813534988513055,0.0,0.760835371134742,0.23916462886525802,0.0,2.7865858384972058e-19,2.708331715438534e-19
2019-03-08,-0.0005141325740298161,0.0,0.760835371134742,0.23916462886525802,0.0,2.7865858384972058e-19,2.708331715438534e-19
2019-03-11,0.010324752344146388,0.0,0.760835371134742,0.23916462886525802,0.0,2.7865858384972058e-19,2.708331715438534e-19
2019-03-12,0.004546185200110669,0.0,0.760835371134742,0.23916462886525802,0.0,2.7865858384972058e-19,2.708331715438534e-19
2019-03-13,0.004585546682287416,0.0,0.760835371134742,0.23916462886525802,0.0,2.7865858384972058e-19,2.708331715438534e-19
2019-03-14,-0.002214333596843828,0.0,0.760835371134742,0.23916462886525802,0.0,2.7865858384972058e-19,2.708331715438534e-19
2019-03-15,0.005340793731407672,0.0,0.760835371134742,0.23916462886525802,0.0,2.7865858384972058e-19,2.708331715438534e-19
2019-03-18,0.0026214735093462362,0.0,0.760835371134742,0.23916462886525802,0.0,2.7865858384972058e-19,2.708331715438534e-19
2019-03-19,-0.0003422610874841166,0.0,0.760835371134742,0.23916462886525802,0.0,2.7865858384972058e-19,2.708331715438534e-19
2019-03-20,0.00021211721814087727,0.0,0.760835371134742,0.23916462886525802,0.0,2.7865858384972058e-19,2.708331715438534e-19
2019-03-21,0.0091194494876974,0.0,0.760835371134742,0.23916462886525802,0.0,2.7865858384972058e-19,2.708331715438534e-19
2019-03-22,-0.010928122403030637,0.0,0.760835371134742,0.23916462886525802,0.0,2.7865858384972058e-19,2.708331715438534e-19
2019-03-25,-0.0001889119078181844,0.0,0.760835371134742,0.23916462886525802,0.0,2.7865858384972058e-19,2.708331715438534e-19
2019-03-26,0.0054989295744799944,0.0,0.760835371134742,0.23916462886525802,0.0,2.7865858384972058e-19,2.708331715438534e-19
2019-03-27,-0.001777333696687282,0.0,0.760835371134742,0.23916462886525802,0.0,2.7865858384972058e-19,2.708331715438534e-19
2019-03-28,0.003718404336243522,0.0,0.760835371134742,0.23916462886525802,0.0,2.7865858384972058e-19,2.708331715438534e-19
2019-03-29,0.004570664687990158,0.0,0.760835371134742,0.23916462886525802,0.0,2.7865858384972058e-19,2.708331715438534e-19
2019-04-01,0.005625698357181361,0.0,0.760835371134742,0.23916462886525802,0.0,2.7865858384972058e-19,2.708331715438534e-19
2019-04-02,0.0008151982579629039,0.0,0.760835371134742,0.23916462886525802,0.0,2.7865858384972058e-19,2.708331715438534e-19
2019-04-03,-0.0008761451124686842,0.0,0.760835371134742,0.23916462886525802,0.0,2.7865858384972058e-19,2.708331715438534e-19
2019-04-04,0.0026965404516352694,0.0,0.760835371134742,0.23916462886525802,0.0,2.7865858384972058e-19,2.708331715438534e-19
2019-04-05,0.0039915472598279975,0.0,0.760835371134742,0.23916462886525802,0.0,2.7865858384972058e-19,2.708331715438534e-19
2019-04-08,-0.0002684356021222475,0.0,0.760835371134742,0.23916462886525802,0.0,2.7865858384972058e-19,2.708331715438534e-19
2019-04-09,-0.0031443815792488315,0.0,0.760835371134742,0.23916462886525802,0.0,2.7865858384972058e-19,2.708331715438534e-19
2019-04-10,0.003174017410064007,0.0,0.760835371134742,0.23916462886525802,0.0,2.7865858384972058e-19,2.708331715438534e-19
2019-04-11,-0.0016160587159811993,0.0,0.760835371134742,0.23916462886525802,0.0,2.7865858384972058e-19,2.708331715438534e-19
2019-04-12,0.0034443083727407563,0.0,0.760835371134742,0.23916462886525802,0.0,2.7865858384972058e-19,2.708331715438534e-19
2019-04-15,0.00010634314454742195,0.0,0.760835371134742,0.23916462886525802,0.0,2.7865858384972058e-19,2.708331715438534e-19
2019-04-16,-0.000999111244987106,0.0,0.760835371134742,0.23916462886525802,0.0,2.7865858384972058e-19,2.708331715438534e-19
2019-04-17,-0.0017637504499081428,0.0,0.760835371134742,0.23916462886525802,0.0,2.7865858384972058e-19,2.708331715438534e-19
2019-04-18,0.0027501021236013105,0.0,0.760835371134742,0.23916462886525802,0.0,2.7865858384972058e-19,2.708331715438534e-19
2019-04-22,-0.0004923750164528999,0.0,0.760835371134742,0.23916462886525802,0.0,2.7865858384972058e-19,2.708331715438534e-19
2019-04-23,0.007349657183207651,0.0,0.760835371134742,0.23916462886525802,0.0,2.7865858384972058e-19,2.708331715438534e-19
2019-04-24,0.0002627703127201027,0.0,0.760835371134742,0.23916462886525802,0.0,2.7865858384972058e-19,2.708331715438534e-19
2019-04-25,-0.0008170807016822481,0.0,0.760835371134742,0.23916462886525802,0.0,2.7865858384972058e-19,2.708331715438534e-19
2019-04-26,0.0043572561837364986,0.0,0.760835371134742,0.23916462886525802,0.0,2.7865858384972058e-19,2.708331715438534e-19
2019-04-29,-0.00033327274090805335,0.0,0.760835371134742,0.23916462886525802,0.0,2.7865858384972058e-19,2.708331715438534e-19
2019-04-30,0.0016131895387560445,0.0,0.760835371134742,0.23916462886525802,0.0,2.7865858384972058e-19,2.708331715438534e-19
2019-05-01,-0.004732234905244508,0.0,0.760835371134742,0.23916462886525802,0.0,2.7865858384972058e-19,2.708331715438534e-19
2019-05-02,-0.002781773181823527,0.0,0.760835371134742,0.23916462886525802,0.0,2.7865858384972058e-19,2.708331715438534e-19
2019-05-03,0.008125975799551806,0.0,0.760835371134742,0.23916462886525802,0.0,2.7865858384972058e-19,2.708331715438534e-19
2019-05-06,-0.0024737864754434246,0.0,0.760835371134742,0.23916462886525802,0.0,2.7865858384972058e-19,2.708331715438534e-19
2019-05-07,-0.010872912251088966,0.0,0.760835371134742,0.23916462886525802,0.0,2.7865858384972058e-19,2.708331715438534e-19
2019-05-08,-0.0020908805825902207,0.0,0.760835371134742,0.23916462886525802,0.0,2.7865858384972058e-19,2.708331715438534e-19
2019-05-09,-0.001321985753335245,0.0,0.760835371134742,0.23916462886525802,0.0,2.7865858384972058e-19,2.708331715438534e-19
2019-05-10,0.0034968717277250043,0.0,0.760835371134742,0.23916462886525802,0.0,2.7865858384972058e-19,2.708331715438534e-19
2019-05-13,-0.01724110099586426,0.0,0.760835371134742,0.23916462886525802,0.0,2.7865858384972058e-19,2.708331715438534e-19
2019-05-14,0.0035970175911726786,0.23960150473207684,0.5212338664026651,0.2413796076313129,0.23738652596602194,3.356396285636316e-19,1.9572754206271643e-19
2019-05-15,0.004375794586341735,0.004152776272678224,0.5170810901299869,0.2417315501403363,0.2411873597296768,0.0,3.924463020981098e-19
2019-05-16,0.002249803360937366,0.0,0.5170810901299869,0.2417315501403363,0.2411873597296768,0.0,3.924463020981098e-19
2019-05-17,-0.004511616661738701,0.0,0.5170810901299869,0.2417315501403363,0.2411873597296768,0.0,3.924463020981098e-19
2019-05-20,-0.003938005722925369,0.0,0.5170810901299869,0.2417315501403363,0.2411873597296768,0.0,3.924463020981098e-19
2019-05-21,0.0037176410971559077,0.0,0.5170810901299869,0.2417315501403363,0.2411873597296768,0.0,3.924463020981098e-19
2019-05-22,-0.0007895617160837815,0.16747475536253542,0.6845558454925224,0.2417315501403363,0.07371260436714139,1.8588873353633e-18,2.0194144409946072e-18
2019-05-23,-0.006546197850268066,0.07371260436714136,0.7582684498596637,0.2417315501403363,0.0,0.0,0.0
2019-05-24,0.0019077463002362218,0.01654368668961239,0.7417247631700513,0.2462686290217606,0.012006607808188085,0.0,1.8682004758779048e-19
2019-05-28,-0.005237324347303711,0.01200660780818808,0.7537313709782394,0.2462686290217606,0.0,3.8615686521270114e-19,0.0
2019-05-29,-0.004311592701549316,0.0,0.7537313709782394,0.2462686290217606,0.0,3.8615686521270114e-19,0.0
2019-05-30,0.004176335233212366,0.0,0.7537313709782394,0.2462686290217606,0.0,3.8615686521270114e-19,0.0
2019-05-31,-0.007073825115598761,0.0,0.7537313709782394,0.2462686290217606,0.0,3.8615686521270114e-19,0.0
2019-06-03,0.003739299525274944,0.23614373774559488,0.5175876332326446,0.2462686290217606,0.23614373774559494,0.0,0.0
2019-06-04,0.008502772202996616,0.0,0.5175876332326446,0.2462686290217606,0.23614373774559494,0.0,0.0
2019-06-05,0.003695382119973137,0.0,0.5175876332326446,0.2462686290217606,0.23614373774559494,0.0,0.0
2019-06-06,0.004931787346098401,0.0,0.5175876332326446,0.2462686290217606,0.23614373774559494,0.0,0.0
2019-06-07,0.008642157753402513,0.0,0.5175876332326446,0.2462686290217606,0.23614373774559494,0.0,0.0
2019-06-10,-0.002293226054507529,0.0,0.5175876332326446,0.2462686290217606,0.23614373774559494,0.0,0.0
2019-06-11,-0.0002572429752812107,0.0,0.5175876332326446,0.2462686290217606,0.23614373774559494,0.0,0.0
2019-06-12,0.0005012527829438047,0.0,0.5175876332326446,0.2462686290217606,0.23614373774559494,0.0,0.0
2019-06-13,0.004428660760051946,0.0,0.5175876332326446,0.2462686290217606,0.23614373774559494,0.0,0.0
2019-06-14,-2.6668602267123634e-05,0.0,0.5175876332326446,0.2462686290217606,0.23614373774559494,0.0,0.0
2019-06-17,0.00047837387703117244,0.0,0.5175876332326446,0.2462686290217606,0.23614373774559494,0.0,0.0
2019-06-18,0.007848938383056699,0.0,0.5175876332326446,0.2462686290217606,0.23614373774559494,0.0,0.0
2019-06-19,0.002952281847321201,0.0,0.5175876332326446,0.2462686290217606,0.23614373774559494,0.0,0.0
2019-06-20,0.011540946563982796,0.0,0.5175876332326446,0.2462686290217606,0.23614373774559494,0.0,0.0
2019-06-21,-0.0018909486840381065,0.0,0.5175876332326446,0.2462686290217606,0.23614373774559494,0.0,0.0
2019-06-24,0.004709366091088756,0.0,0.5175876332326446,0.2462686290217606,0.23614373774559494,0.0,0.0
2019-06-25,-0.003855531053939568,0.0,0.5175876332326446,0.2462686290217606,0.23614373774559494,0.0,0.0
2019-06-26,-0.0042566505281056155,0.0,0.5175876332326446,0.2462686290217606,0.23614373774559494,0.0,0.0
2019-06-27,0.0033399313154467277,0.0,0.5175876332326446,0.2462686290217606,0.23614373774559494,0.0,0.0
2019-06-28,0.003136681401345526,0.0,0.5175876332326446,0.2462686290217606,0.23614373774559494,0.0,0.0
2019-07-01,-0.0004512693284352181,0.0,0.5175876332326446,0.2462686290217606,0.23614373774559494,0.0,0.0
2019-07-02,0.008291607395124603,0.0,0.5175876332326446,0.2462686290217606,0.23614373774559494,0.0,0.0
2019-07-03,0.006259363962177538,0.0037813935199315224,0.513806239712713,0.2462686290217606,0.23992513126552642,1.920830501725232e-20,0.0
2019-07-05,-0.006526339805600524,0.0,0.513806239712713,0.2462686290217606,0.23992513126552642,1.920830501725232e-20,0.0
2019-07-08,-0.004031665122545031,0.0,0.513806239712713,0.2462686290217606,0.23992513126552642,1.920830501725232e-20,0.0
2019-07-09,0.001388275020117172,0.0,0.513806239712713,0.2462686290217606,0.23992513126552642,1.920830501725232e-20,0.0
2019-07-10,0.004886518655098595,0.0,0.513806239712713,0.2462686290217606,0.23992513126552642,1.920830501725232e-20,0.0
2019-07-11,-0.004108864344049414,0.0,0.513806239712713,0.2462686290217606,0.23992513126552642,1.920830501725232e-20,0.0
2019-07-12,0.004084883963211386,0.0,0.513806239712713,0.2462686290217606,0.23992513126552642,1.920830501725232e-20,0.0
2019-07-15,0.0015891820651820613,0.0,0.513806239712713,0.2462686290217606,0.23992513126552642,1.920830501725232e-20,0.0
2019-07-16,-0.004420907921022756,0.0,0.513806239712713,0.2462686290217606,0.23992513126552642,1.920830501725232e-20,0.0
2019-07-17,0.003113201031626911,0.0,0.513806239712713,0.2462686290217606,0.23992513126552642,1.920830501725232e-20,0.0
2019-07-18,0.005286907581074986,0.0,0.513806239712713,0.2462686290217606,0.23992513126552642,1.920830501725232e-20,0.0
2019-07-19,-0.0069659658545256,0.0,0.513806239712713,0.2462686290217606,0.23992513126552642,1.920830501725232e-20,0.0
2019-07-22,0.0016939425033836628,0.0,0.513806239712713,0.2462686290217606,0.23992513126552642,1.920830501725232e-20,0.0
2019-07-23,0.0009735658782654118,0.0,0.513806239712713,0.2462686290217606,0.23992513126552642,1.920830501725232e-20,0.0
2019-07-24,0.004704676613045609,0.0,0.513806239712713,0.2462686290217606,0.23992513126552642,1.920830501725232e-20,0.0
2019-07-25,-0.005327936974898485,0.0,0.513806239712713,0.2462686290217606,0.23992513126552642,1.920830501725232e-20,0.0
2019-07-26,0.0044201966152120345,0.0,0.513806239712713,0.2462686290217606,0.23992513126552642,1.920830501725232e-20,0.0
2019-07-29,0.0007370996328938428,0.0,0.513806239712713,0.2462686290217606,0.23992513126552642,1.920830501725232e-20,0.0
2019-07-30,0.00014031730630855729,0.0,0.513806239712713,0.2462686290217606,0.23992513126552642,1.920830501725232e-20,0.0
2019-07-31,-0.006787053986811975,0.0,0.513806239712713,0.2462686290217606,0.23992513126552642,1.920830501725232e-20,0.0
2019-08-01,-0.0016725184441500635,0.2399251312655264,0.7537313709782394,0.2462686290217606,0.0,3.102660630737791e-19,0.0
2019-08-02,-0.0025283639620418442,0.2342975893235022,0.5194337816547372,0.2462686290217606,0.23429758932350217,0.0,0.0
2019-08-05,-0.008087456124059367,0.0,0.5194337816547372,0.2462686290217606,0.23429758932350217,0.0,0.0
2019-08-06,0.011156922450754506,0.0,0.5194337816547372,0.2462686290217606,0.23429758932350217,0.0,0.0
2019-08-07,0.003953666876843754,0.0,0.5194337816547372,0.2462686290217606,0.23429758932350217,0.0,0.0
2019-08-08,0.011898517771124727,0.0,0.5194337816547372,0.2462686290217606,0.23429758932350217,0.0,0.0
2019-08-09,-0.00480638250166706,0.0,0.5194337816547372,0.2462686290217606,0.23429758932350217,0.0,0.0
2019-08-12,0.0010837853103199471,0.0,0.5194337816547372,0.2462686290217606,0.23429758932350217,0.0,0.0
2019-08-13,0.005837487699914512,0.0,0.5194337816547372,0.2462686290217606,0.23429758932350217,0.0,0.0
2019-08-14,-0.008207165221439997,0.0,0.5194337816547372,0.2462686290217606,0.23429758932350217,0.0,0.0
2019-08-15,0.005670014975945704,0.0,0.5194337816547372,0.2462686290217606,0.23429758932350217,0.0,0.0
2019-08-16,0.0041913210144800175,0.0,0.5194337816547372,0.2462686290217606,0.23429758932350217,0.0,0.0
2019-08-19,-4.549552815264011e-06,0.0,0.5194337816547372,0.2462686290217606,0.23429758932350217,0.0,0.0
2019-08-20,0.00039375774731636917,0.0,0.5194337816547372,0.2462686290217606,0.23429758932350217,0.0,0.0
2019-08-21,0.0018429909870749347,0.0,0.5194337816547372,0.2462686290217606,0.23429758932350217,0.0,0.0
2019-08-22,-0.0023901727556611438,0.0,0.5194337816547372,0.2462686290217606,0.23429758932350217,0.0,0.0
2019-08-23,-0.004705691982537518,0.0,0.5194337816547372,0.2462686290217606,0.23429758932350217,0.0,0.0
2019-08-26,0.004781007136369525,0.0,0.5194337816547372,0.2462686290217606,0.23429758932350217,0.0,0.0
2019-08-27,0.0039990091175490785,0.0,0.5194337816547372,0.2462686290217606,0.23429758932350217,0.0,0.0
2019-08-28,0.00331481942376747,0.0,0.5194337816547372,0.2462686290217606,0.23429758932350217,0.0,0.0
2019-08-29,0.004022906981828184,0.0,0.5194337816547372,0.2462686290217606,0.23429758932350217,0.0,0.0
2019-08-30,-0.0007652266670916994,0.0,0.5194337816547372,0.2462686290217606,0.23429758932350217,0.0,0.0
2019-09-03,0.000540896007167946,0.0,0.5194337816547372,0.2462686290217606,0.23429758932350217,0.0,0.0
2019-09-04,0.007726523801459646,0.0,0.5194337816547372,0.2462686290217606,0.23429758932350217,0.0,0.0
2019-09-05,-0.003472342571689333,0.001804000562527372,0.5176297810922098,0.2462686290217606,0.23610158988602953,1.6553743268960052e-20,0.0
2019-09-06,0.0001394461403155349,0.0,0.5176297810922098,0.2462686290217606,0.23610158988602953,1.6553743268960052e-20,0.0
2019-09-09,-0.004996184526244304,0.0,0.5176297810922098,0.2462686290217606,0.23610158988602953,1.6553743268960052e-20,0.0
2019-09-10,-0.0064585930288600015,0.0,0.5176297810922098,0.2462686290217606,0.23610158988602953,1.6553743268960052e-20,0.0
2019-09-11,0.0046748970741602594,0.0,0.5176297810922098,0.2462686290217606,0.23610158988602953,1.6553743268960052e-20,0.0
2019-09-12,0.0006652596793118931,0.0,0.5176297810922098,0.2462686290217606,0.23610158988602953,1.6553743268960052e-20,0.0
2019-09-13,-0.0075585096183858926,0.0,0.5176297810922098,0.2462686290217606,0.23610158988602953,1.6553743268960052e-20,0.0
2019-09-16,0.003510584823299042,0.0,0.5176297810922098,0.2462686290217606,0.23610158988602953,1.6553743268960052e-20,0.0
2019-09-17,0.0008201186161572024,0.38458666834099675,0.13304311275121317,0.2688270609661692,0.2633835605710887,1.5272540182390246e-19,0.33474626571152905
2019-09-18,0.0008177780492078517,0.0,0.13304311275121317,0.2688270609661692,0.2633835605710887,1.5272540182390246e-19,0.33474626571152905
2019-09-19,0.0010158633503983992,0.04702189660469972,0.08602121614651341,0.2688270609661692,0.2633835605710887,0.0,0.38176816231622873
2019-09-20,0.00662806914122621,0.08564577183024377,0.17166698797675717,0.2688270609661692,0.2633835605710887,0.0,0.29612239048598493
2019-09-23,0.0017393993329463723,0.04581351064473557,0.21748049862149277,0.2688270609661692,0.2633835605710887,5.7160461768716e-19,0.2503088798412494
2019-09-24,0.0019688328326754596,0.0063377410523955124,0.22381823967388828,0.2688270609661692,0.2633835605710887,9.047333878807936e-20,0.24397113878885388
2019-09-25,-0.0055791411489164834,0.0,0.22381823967388828,0.2688270609661692,0.2633835605710887,9.047333878807936e-20,0.24397113878885388
2019-09-26,0.001821707190598068,0.0,0.22381823967388828,0.2688270609661692,0.2633835605710887,9.047333878807936e-20,0.24397113878885388
2019-09-27,-0.002261724479562948,0.0,0.22381823967388828,0.2688270609661692,0.2633835605710887,9.047333878807936e-20,0.24397113878885388
2019-09-30,-0.0015789541873722664,0.0,0.22381823967388828,0.2688270609661692,0.2633835605710887,9.047333878807936e-20,0.24397113878885388
2019-10-01,-0.0012217884157835705,0.0,0.22381823967388828,0.2688270609661692,0.2633835605710887,9.047333878807936e-20,0.24397113878885388
2019-10-02,-0.0004029080062828758,0.0,0.22381823967388828,0.2688270609661692,0.2633835605710887,9.047333878807936e-20,0.24397113878885388
2019-10-03,0.005389006111608655,0.0,0.22381823967388828,0.2688270609661692,0.2633835605710887,9.047333878807936e-20,0.24397113878885388
2019-10-04,0.004832587558752252,0.0,0.22381823967388828,0.2688270609661692,0.2633835605710887,9.047333878807936e-20,0.24397113878885388
2019-10-07,-0.0049872108907927015,0.0,0.22381823967388828,0.2688270609661692,0.2633835605710887,9.047333878807936e-20,0.24397113878885388
2019-10-08,-8.67302652271789e-05,0.0,0.22381823967388828,0.2688270609661692,0.2633835605710887,9.047333878807936e-20,0.24397113878885388
2019-10-09,0.0006678935571662939,0.0,0.22381823967388828,0.2688270609661692,0.2633835605710887,9.047333878807936e-20,0.24397113878885388
2019-10-10,-0.005782202824909467,0.0,0.22381823967388828,0.2688270609661692,0.2633835605710887,9.047333878807936e-20,0.24397113878885388
2019-10-11,-0.0033721493647475365,0.0,0.22381823967388828,0.2688270609661692,0.2633835605710887,9.047333878807936e-20,0.24397113878885388
2019-10-14,0.003484113906894822,0.0,0.22381823967388828,0.2688270609661692,0.2633835605710887,9.047333878807936e-20,0.24397113878885388
2019-10-15,-0.0008094696414100082,0.21636654857698207,0.4401847882508703,0.2688270609661692,0.2633835605710887,1.5571590180225532e-19,0.02760459021187181
2019-10-16,-0.0008475453919205414,0.2909881507829605,0.7311729390338308,0.2688270609661692,3.734225933542747e-17,0.0,0.0
2019-10-17,0.0015032578397332057,0.0,0.7311729390338308,0.2688270609661692,3.734225933542747e-17,0.0,0.0
2019-10-18,-0.0032004636088062478,0.0,0.7311729390338308,0.2688270609661692,3.734225933542747e-17,0.0,0.0
2019-10-21,0.0029343869862331136,0.0,0.7311729390338308,0.2688270609661692,3.734225933542747e-17,0.0,0.0
2019-10-22,-0.0008167059807783618,0.0,0.7311729390338308,0.2688270609661692,3.734225933542747e-17,0.0,0.0
2019-10-23,0.002397557827192288,0.0,0.7311729390338308,0.2688270609661692,3.734225933542747e-17,0.0,0.0
2019-10-24,0.0006550442571418589,0.0,0.7311729390338308,0.2688270609661692,3.734225933542747e-17,0.0,0.0
2019-10-25,0.00168087073591462,0.0,0.7311729390338308,0.2688270609661692,3.734225933542747e-17,0.0,0.0
2019-10-28,0.001676077573253323,0.0,0.7311729390338308,0.2688270609661692,3.734225933542747e-17,0.0,0.0
2019-10-29,-4.0422318273621434e-05,0.0,0.7311729390338308,0.2688270609661692,3.734225933542747e-17,0.0,0.0
2019-10-30,0.006176584230613117,0.0,0.7311729390338308,0.2688270609661692,3.734225933542747e-17,0.0,0.0
2019-10-31,0.001679178431138694,0.0,0.7311729390338308,0.2688270609661692,3.734225933542747e-17,0.0,0.0
2019-11-01,0.005945973694616881,0.0,0.7311729390338308,0.2688270609661692,3.734225933542747e-17,0.0,0.0
2019-11-04,-0.0006005343960836145,0.0,0.7311729390338308,0.2688270609661692,3.734225933542747e-17,0.0,0.0
2019-11-05,-0.00383202235366601,0.0,0.7311729390338308,0.2688270609661692,3.734225933542747e-17,0.0,0.0
2019-11-06,0.0017935430327921627,0.0,0.7311729390338308,0.2688270609661692,3.734225933542747e-17,0.0,0.0
2019-11-07,-0.0022995348985631915,0.0,0.7311729390338308,0.2688270609661692,3.734225933542747e-17,0.0,0.0
2019-11-08,0.0006719874103824522,0.0,0.7311729390338308,0.2688270609661692,3.734225933542747e-17,0.0,0.0
2019-11-11,-0.0012168268340478827,0.0,0.7311729390338308,0.2688270609661692,3.734225933542747e-17,0.0,0.0
2019-11-12,0.0027757665419106074,0.0,0.7311729390338308,0.2688270609661692,3.734225933542747e-17,0.0,0.0
2019-11-13,0.0019811543580904806,0.0,0.7311729390338308,0.2688270609661692,3.734225933542747e-17,0.0,0.0
2019-11-14,0.003841050246199779,0.0,0.7311729390338308,0.2688270609661692,3.734225933542747e-17,0.0,0.0
2019-11-15,0.004998997690867816,0.0,0.7311729390338308,0.2688270609661692,3.734225933542747e-17,0.0,0.0
2019-11-18,0.0010270101844532084,0.0,0.7311729390338308,0.2688270609661692,3.734225933542747e-17,0.0,0.0
2019-11-19,0.0020293348244399974,0.0,0.7311729390338308,0.2688270609661692,3.734225933542747e-17,0.0,0.0
2019-11-20,6.269577802168764e-05,0.0,0.7311729390338308,0.2688270609661692,3.734225933542747e-17,0.0,0.0
2019-11-21,-0.0028591971836973177,0.0,0.7311729390338308,0.2688270609661692,3.734225933542747e-17,0.0,0.0
2019-11-22,0.001972534256173889,0.0,0.7311729390338308,0.2688270609661692,3.734225933542747e-17,0.0,0.0
2019-11-25,0.006454544967345997,0.0,0.7311729390338308,0.2688270609661692,3.734225933542747e-17,0.0,0.0
2019-11-26,0.003227456392758164,0.0,0.7311729390338308,0.2688270609661692,3.734225933542747e-17,0.0,0.0
2019-11-27,0.0024786046928342194,0.0,0.7311729390338308,0.2688270609661692,3.734225933542747e-17,0.0,0.0
2019-11-29,-0.0011985282758391832,0.21047840833403136,0.5206945306997994,0.2688270609661692,0.21047840833403136,3.96002034752674e-18,0.0
2019-12-02,-0.009795436357793948,0.21047840833403136,0.7311729390338308,0.2688270609661692,5.204170427930421e-17,6.458899402723674e-19,2.433114204178278e-19
2019-12-03,0.0007328640340715483,0.0,0.7311729390338308,0.2688270609661692,5.204170427930421e-17,6.458899402723674e-19,2.433114204178278e-19
2019-12-04,0.0009072704722025114,0.1220755423707387,0.609097396663092,0.2688270609661692,0.12207554237073866,0.0,1.9857883215166673e-19
2019-12-05,-0.0002709479137933122,0.10537294173419218,0.5037244549289,0.2688270609661692,0.2274484841049309,0.0,0.0
2019-12-06,0.0008551978455034249,0.0,0.5037244549289,0.2688270609661692,0.2274484841049309,0.0,0.0
2019-12-09,-0.0010672219153520278,0.0,0.5037244549289,0.2688270609661692,0.2274484841049309,0.0,0.0
2019-12-10,0.00010247646516027621,0.0,0.5037244549289,0.2688270609661692,0.2274484841049309,0.0,0.0
2019-12-11,0.005109435231813332,0.0,0.5037244549289,0.2688270609661692,0.2274484841049309,0.0,0.0
2019-12-12,-0.0008850007409186103,0.0,0.5037244549289,0.2688270609661692,0.2274484841049309,0.0,0.0
2019-12-13,0.003547589077092733,0.2274484841049309,0.7311729390338308,0.2688270609661692,0.0,1.0409603957860337e-17,1.0476748553980073e-17
2019-12-16,0.002606675518107971,0.0,0.7311729390338308,0.2688270609661692,0.0,1.0409603957860337e-17,1.0476748553980073e-17
2019-12-17,-0.00021063042320410878,0.0,0.7311729390338308,0.2688270609661692,0.0,1.0409603957860337e-17,1.0476748553980073e-17
2019-12-18,-0.002161802628689488,0.0,0.7311729390338308,0.2688270609661692,0.0,1.0409603957860337e-17,1.0476748553980073e-17
2019-12-19,0.003427128180593829,0.0,0.7311729390338308,0.2688270609661692,0.0,1.0409603957860337e-17,1.0476748553980073e-17
2019-12-20,0.003560063720716606,0.0,0.7311729390338308,0.2688270609661692,0.0,1.0409603957860337e-17,1.0476748553980073e-17
2019-12-23,0.0007239080029504811,0.0,0.7311729390338308,0.2688270609661692,0.0,1.0409603957860337e-17,1.0476748553980073e-17
2019-12-24,0.0007909668916581602,0.0,0.7311729390338308,0.2688270609661692,0.0,1.0409603957860337e-17,1.0476748553980073e-17
2019-12-26,0.004540320768939924,0.0,0.7311729390338308,0.2688270609661692,0.0,1.0409603957860337e-17,1.0476748553980073e-17
2019-12-27,0.0001131448477517203,0.0,0.7311729390338308,0.2688270609661692,0.0,1.0409603957860337e-17,1.0476748553980073e-17
2019-12-30,-0.005009935841602386,0.0,0.7311729390338308,0.2688270609661692,0.0,1.0409603957860337e-17,1.0476748553980073e-17
2019-12-31,-0.0008568027105495138,0.0,0.7311729390338308,0.2688270609661692,0.0,1.0409603957860337e-17,1.0476748553980073e-17
2020-01-02,0.009873861456944901,0.0,0.7311729390338308,0.2688270609661692,0.0,1.0409603957860337e-17,1.0476748553980073e-17
2020-01-03,-0.0013967907713568137,0.0,0.7311729390338308,0.2688270609661692,0.0,1.0409603957860337e-17,1.0476748553980073e-17
2020-01-06,0.001262979459198945,0.0,0.7311729390338308,0.2688270609661692,0.0,1.0409603957860337e-17,1.0476748553980073e-17
2020-01-07,-0.003377431806576515,0.0,0.7311729390338308,0.2688270609661692,0.0,1.0409603957860337e-17,1.0476748553980073e-17
2020-01-08,0.002119862914956869,0.0,0.7311729390338308,0.2688270609661692,0.0,1.0409603957860337e-17,1.0476748553980073e-17
2020-01-09,0.005901300448528846,0.0,0.7311729390338308,0.2688270609661692,0.0,1.0409603957860337e-17,1.0476748553980073e-17
2020-01-10,0.0002860736319172286,0.0,0.7311729390338308,0.2688270609661692,0.0,1.0409603957860337e-17,1.0476748553980073e-17
2020-01-13,0.004213041724578476,0.0,0.7311729390338308,0.2688270609661692,0.0,1.0409603957860337e-17,1.0476748553980073e-17
2020-01-14,0.00026797449647749977,0.0,0.7311729390338308,0.2688270609661692,0.0,1.0409603957860337e-17,1.0476748553980073e-17
2020-01-15,0.003435020034952527,0.0,0.7311729390338308,0.2688270609661692,0.0,1.0409603957860337e-17,1.0476748553980073e-17
2020-01-16,0.005235469969137438,0.0,0.7311729390338308,0.2688270609661692,0.0,1.0409603957860337e-17,1.0476748553980073e-17
2020-01-17,-2.238484194486091e-05,0.0,0.7311729390338308,0.2688270609661692,0.0,1.0409603957860337e-17,1.0476748553980073e-17
2020-01-21,0.001392606072803451,0.0,0.7311729390338308,0.2688270609661692,0.0,1.0409603957860337e-17,1.0476748553980073e-17
2020-01-22,0.0010327206344428043,0.0,0.7311729390338308,0.2688270609661692,0.0,1.0409603957860337e-17,1.0476748553980073e-17
2020-01-23,0.002720716779116574,0.0,0.7311729390338308,0.2688270609661692,0.0,1.0409603957860337e-17,1.0476748553980073e-17
2020-01-24,-0.0043279163024256655,0.0,0.7311729390338308,0.2688270609661692,0.0,1.0409603957860337e-17,1.0476748553980073e-17
2020-01-27,-0.007538875060241759,0.0,0.7311729390338308,0.2688270609661692,0.0,1.0409603957860337e-17,1.0476748553980073e-17
2020-01-28,0.005556841855532589,0.0,0.7311729390338308,0.2688270609661692,0.0,1.0409603957860337e-17,1.0476748553980073e-17
2020-01-29,0.00202490864816683,0.0,0.7311729390338308,0.2688270609661692,0.0,1.0409603957860337e-17,1.0476748553980073e-17
2020-01-30,0.0024101968993780597,0.0,0.7311729390338308,0.2688270609661692,0.0,1.0409603957860337e-17,1.0476748553980073e-17
2020-01-31,-0.010822202850399323,0.0,0.7311729390338308,0.2688270609661692,0.0,1.0409603957860337e-17,1.0476748553980073e-17
2020-02-03,0.005213677344353216,0.0,0.7311729390338308,0.2688270609661692,0.0,1.0409603957860337e-17,1.0476748553980073e-17
2020-02-04,0.006207511179538916,0.046597125381995896,0.684575813651835,0.2688270609661692,0.04659712538199587,9.213638509523419e-21,0.0
2020-02-05,0.003339909528513102,0.16310471182452946,0.5214711018273055,0.26882706096616915,0.20970183720652524,0.0,0.0
2020-02-06,0.004118605221590069,0.011020784477530146,0.5104503173497754,0.2688270609661691,0.2207226216840554,0.0,0.0
2020-02-07,0.0012179709054928431,0.0,0.5104503173497754,0.2688270609661691,0.2207226216840554,0.0,0.0
2020-02-10,0.0062028607545318495,0.22072262168405543,0.7311729390338308,0.2688270609661691,1.0408340855860843e-17,4.793957139314044e-19,0.0
2020-02-11,-8.770572049809325e-05,0.0,0.7311729390338308,0.2688270609661691,1.0408340855860843e-17,4.793957139314044e-19,0.0
2020-02-12,0.003348716295646063,0.0,0.7311729390338308,0.2688270609661691,1.0408340855860843e-17,4.793957139314044e-19,0.0
2020-02-13,0.00025119527017338937,0.0,0.7311729390338308,0.2688270609661691,1.0408340855860843e-17,4.793957139314044e-19,0.0
2020-02-14,0.002348437378632143,0.0,0.7311729390338308,0.2688270609661691,1.0408340855860843e-17,4.793957139314044e-19,0.0
2020-02-18,-4.318021719347466e-05,0.0,0.7311729390338308,0.2688270609661691,1.0408340855860843e-17,4.793957139314044e-19,0.0
2020-02-19,0.0034774088176537823,0.0,0.7311729390338308,0.2688270609661691,1.0408340855860843e-17,4.793957139314044e-19,0.0
2020-02-20,-0.0008978531459411737,0.0,0.7311729390338308,0.2688270609661691,1.0408340855860843e-17,4.793957139314044e-19,0.0
2020-02-21,-0.005018974478559967,0.0,0.7311729390338308,0.2688270609661691,1.0408340855860843e-17,4.793957139314044e-19,0.0
2020-02-24,-0.020236316842105966,0.0,0.7311729390338308,0.2688270609661691,1.0408340855860843e-17,4.793957139314044e-19,0.0
2020-02-25,-0.017910332891850875,0.22645412243928237,0.5047188165945485,0.2688270609661691,0.22645412243928245,5.3455532522395134e-20,6.951727274816827e-20
2020-02-26,-0.0022906337777625217,0.0,0.5047188165945485,0.2688270609661691,0.22645412243928245,5.3455532522395134e-20,6.951727274816827e-20
2020-02-27,-0.019633487682079707,0.0016385230910034854,0.503080293503545,0.2688270609661691,0.22809264553028588,0.0,0.0
2020-02-28,-0.005135366404263259,0.02381409116184323,0.47926620234170175,0.2688270609661691,0.2519067366921291,3.401848144325861e-19,0.0
2020-03-02,-0.0006760791829829439,0.42906843912793236,0.05019776321376943,0.2688270609661691,0.2519067366921291,0.0,0.4290684391279324
2020-03-03,0.008866414766888972,0.0,0.05019776321376943,0.2688270609661691,0.2519067366921291,0.0,0.4290684391279324
2020-03-04,0.0011666901607018504,0.0,0.05019776321376943,0.2688270609661691,0.2519067366921291,0.0,0.4290684391279324
2020-03-05,0.007210357313247701,0.0,0.05019776321376943,0.2688270609661691,0.2519067366921291,0.0,0.4290684391279324
2020-03-06,0.010797342153976139,0.0,0.05019776321376943,0.2688270609661691,0.2519067366921291,0.0,0.4290684391279324
2020-03-09,-0.0008352868559567128,0.0,0.05019776321376943,0.2688270609661691,0.2519067366921291,0.0,0.4290684391279324
2020-03-10,-0.010163596013016864,0.0,0.05019776321376943,0.2688270609661691,0.2519067366921291,0.0,0.4290684391279324
2020-03-11,-0.012578880413903079,0.0,0.05019776321376943,0.2688270609661691,0.2519067366921291,0.0,0.4290684391279324
2020-03-12,-0.008592593137889275,0.0,0.05019776321376943,0.2688270609661691,0.2519067366921291,0.0,0.4290684391279324
2020-03-13,0.006755734958890539,0.0,0.05019776321376943,0.2688270609661691,0.2519067366921291,0.0,0.4290684391279324
2020-03-16,-0.004725663151558607,0.0,0.05019776321376943,0.2688270609661691,0.2519067366921291,0.0,0.4290684391279324
2020-03-17,-0.004208571258291427,0.0,0.05019776321376943,0.2688270609661691,0.2519067366921291,0.0,0.4290684391279324
2020-03-18,-0.01621707999254946,0.0,0.05019776321376943,0.2688270609661691,0.2519067366921291,0.0,0.4290684391279324
2020-03-19,0.012827002383249218,0.0,0.05019776321376943,0.2688270609661691,0.2519067366921291,0.0,0.4290684391279324
2020-03-20,0.020606832671921392,0.0,0.05019776321376943,0.2688270609661691,0.2519067366921291,0.0,0.4290684391279324
2020-03-23,0.020311219741515396,0.0,0.05019776321376943,0.2688270609661691,0.2519067366921291,0.0,0.4290684391279324
2020-03-24,0.006860093597340359,0.0,0.05019776321376943,0.2688270609661691,0.2519067366921291,0.0,0.4290684391279324
2020-03-25,-0.007342148303632065,0.0,0.05019776321376943,0.2688270609661691,0.2519067366921291,0.0,0.4290684391279324
2020-03-26,0.0005479451167236197,0.0005853063549478114,0.04961245685882161,0.2688270609661691,0.2519067366921291,0.0,0.4296537454828802
2020-03-27,0.0005632455571682486,0.0,0.04961245685882161,0.2688270609661691,0.2519067366921291,0.0,0.4296537454828802
2020-03-30,0.0024363980119196217,0.0,0.04961245685882161,0.2688270609661691,0.2519067366921291,0.0,0.4296537454828802
2020-03-31,-0.011263963552971615,0.0,0.04961245685882161,0.2688270609661691,0.2519067366921291,0.0,0.4296537454828802
2020-04-01,0.006637943325413894,0.0,0.04961245685882161,0.2688270609661691,0.2519067366921291,0.0,0.4296537454828802
2020-04-02,0.009208206468830683,0.0,0.04961245685882161,0.2688270609661691,0.2519067366921291,0.0,0.4296537454828802
2020-04-03,0.0035411028941297147,0.0,0.04961245685882161,0.2688270609661691,0.2519067366921291,0.0,0.4296537454828802
2020-04-06,0.009768140919356886,0.0,0.04961245685882161,0.2688270609661691,0.2519067366921291,0.0,0.4296537454828802
2020-04-07,-0.008047922691679556,0.0,0.04961245685882161,0.2688270609661691,0.2519067366921291,0.0,0.4296537454828802
2020-04-08,-0.0009462458268630362,0.0,0.04961245685882161,0.2688270609661691,0.2519067366921291,0.0,0.4296537454828802
2020-04-09,0.004658954696910651,0.0,0.04961245685882161,0.2688270609661691,0.2519067366921291,0.0,0.4296537454828802
2020-04-13,0.0007728874053323318,0.0,0.04961245685882161,0.2688270609661691,0.2519067366921291,0.0,0.4296537454828802
2020-04-14,0.000984761346902006,0.0,0.04961245685882161,0.2688270609661691,0.2519067366921291,0.0,0.4296537454828802
2020-04-15,0.007992608782103056,0.0,0.04961245685882161,0.2688270609661691,0.2519067366921291,0.0,0.4296537454828802
2020-04-16,0.004986862038741328,0.0,0.04961245685882161,0.2688270609661691,0.2519067366921291,0.0,0.4296537454828802
2020-04-17,-0.008265194638859143,0.0,0.04961245685882161,0.2688270609661691,0.2519067366921291,0.0,0.4296537454828802
2020-04-20,0.004515402375037172,0.0,0.04961245685882161,0.2688270609661691,0.2519067366921291,0.0,0.4296537454828802
2020-04-21,0.0007935065551734457,0.0,0.04961245685882161,0.2688270609661691,0.2519067366921291,0.0,0.4296537454828802
2020-04-22,0.0045762474691154,0.0,0.04961245685882161,0.2688270609661691,0.2519067366921291,0.0,0.4296537454828802
2020-04-23,0.004088973265540269,0.0,0.04961245685882161,0.2688270609661691,0.2519067366921291,0.0,0.4296537454828802
2020-04-24,-0.0007038804099792702,0.0,0.04961245685882161,0.2688270609661691,0.2519067366921291,0.0,0.4296537454828802
2020-04-27,-0.007068177288880661,0.0,0.04961245685882161,0.2688270609661691,0.2519067366921291,0.0,0.4296537454828802
2020-04-28,0.001268154569392322,0.0,0.04961245685882161,0.2688270609661691,0.2519067366921291,0.0,0.4296537454828802
2020-04-29,-0.00044814168050549916,0.0,0.04961245685882161,0.2688270609661691,0.2519067366921291,0.0,0.4296537454828802
2020-04-30,-0.010873982523600795,0.0,0.04961245685882161,0.2688270609661691,0.2519067366921291,0.0,0.4296537454828802
2020-05-01,0.0030243592625828967,0.0,0.04961245685882161,0.2688270609661691,0.2519067366921291,0.0,0.4296537454828802
2020-05-04,0.0021615673391666658,0.0011955322211242778,0.04841692463769734,0.2688270609661691,0.2519067366921291,1.0532834369601688e-19,0.4308492777040045
2020-05-05,0.00011439020856772236,0.0,0.04841692463769734,0.2688270609661691,0.2519067366921291,1.0532834369601688e-19,0.4308492777040045
2020-05-06,-0.00582894893408425,0.0,0.04841692463769734,0.2688270609661691,0.2519067366921291,1.0532834369601688e-19,0.4308492777040045
2020-05-07,0.007671335792851449,0.0,0.04841692463769734,0.2688270609661691,0.2519067366921291,1.0532834369601688e-19,0.4308492777040045
2020-05-08,-0.00441029970719667,0.0025355126240931246,0.04588141201360422,0.2688270609661691,0.2519067366921291,7.639989817486171e-20,0.4333847903280976
2020-05-11,-0.0020560283760010503,0.0,0.04588141201360422,0.2688270609661691,0.2519067366921291,7.639989817486171e-20,0.4333847903280976
2020-05-12,0.002025901755041048,0.0,0.04588141201360422,0.2688270609661691,0.2519067366921291,7.639989817486171e-20,0.4333847903280976
2020-05-13,0.004293541820129893,0.0,0.04588141201360422,0.2688270609661691,0.2519067366921291,7.639989817486171e-20,0.4333847903280976
2020-05-14,0.005888792919952131,0.0,0.04588141201360422,0.2688270609661691,0.2519067366921291,7.639989817486171e-20,0.4333847903280976
2020-05-15,0.0012603434424586595,0.0,0.04588141201360422,0.2688270609661691,0.2519067366921291,7.639989817486171e-20,0.4333847903280976
2020-05-18,-0.00991780078425333,0.0,0.04588141201360422,0.2688270609661691,0.2519067366921291,7.639989817486171e-20,0.4333847903280976
2020-05-19,0.002643968060724046,0.0,0.04588141201360422,0.2688270609661691,0.2519067366921291,7.639989817486171e-20,0.4333847903280976
2020-05-20,0.0007345611738390665,0.0,0.04588141201360422,0.2688270609661691,0.2519067366921291,7.639989817486171e-20,0.4333847903280976
2020-05-21,-0.0023488658815370798,0.0,0.04588141201360422,0.2688270609661691,0.2519067366921291,7.639989817486171e-20,0.4333847903280976
2020-05-22,0.004485351663692823,0.001899506024089035,0.04398190598951515,0.2688270609661691,0.2519067366921291,1.9971404446345952e-19,0.43528429635218663
2020-05-26,-0.009869311001947318,0.0,0.04398190598951515,0.2688270609661691,0.2519067366921291,1.9971404446345952e-19,0.43528429635218663
2020-05-27,0.00045213173270837784,0.0,0.04398190598951515,0.2688270609661691,0.2519067366921291,1.9971404446345952e-19,0.43528429635218663
2020-05-28,-0.0025020160408895484,0.0,0.04398190598951515,0.2688270609661691,0.2519067366921291,1.9971404446345952e-19,0.43528429635218663
2020-05-29,0.0037173799478970506,0.06741062669180077,0.11139253268131594,0.2688270609661691,0.2519067366921291,2.5050644813470775e-18,0.36787366966038587
2020-06-01,-0.0010687690719996057,0.12377775586528038,0.2221187637817934,0.2688270609661691,0.264958261456932,6.977307224105376e-20,0.2440959137951055
2020-06-02,-0.001094663486768252,0.0038740350026909565,0.22599268986649113,0.2688270609661691,0.26495837037492526,0.0,0.24022187879241455
2020-06-03,-0.006862866118757638,0.0028329766283015367,0.22859699896927588,0.26882706096616904,0.26518703790044196,9.804710025757879e-20,0.23738890216411299
2020-06-04,-0.002605377549538131,8.326672684688674e-17,0.2285969989692759,0.2688270609661691,0.265187037900442,9.80471002575788e-20,0.237388902164113
2020-06-05,-0.000979193975504826,0.0,0.2285969989692759,0.2688270609661691,0.265187037900442,9.80471002575788e-20,0.237388902164113
2020-06-08,0.006032310272183298,0.0,0.2285969989692759,0.2688270609661691,0.265187037900442,9.80471002575788e-20,0.237388902164113
2020-06-09,0.0031721809868560397,0.0023288591239739587,0.2307442101971456,0.2688270609661691,0.26536868579654627,1.2086574060579532e-19,0.23506004304013906
2020-06-10,0.005327152239621012,0.0,0.2307442101971456,0.2688270609661691,0.26536868579654627,1.2086574060579532e-19,0.23506004304013906
2020-06-11,-0.007778328917599483,0.0,0.2307442101971456,0.2688270609661691,0.26536868579654627,1.2086574060579532e-19,0.23506004304013906
2020-06-12,-0.000598854831694981,0.1907365922658289,0.04000761793131672,0.2688270609661691,0.26536868579654627,0.0,0.42579663530596795
2020-06-15,0.0001846663075477362,0.14188647063689824,0.18189408856821493,0.2688270609661691,0.26536868579654627,0.0,0.2839101646690697
2020-06-16,0.0009083614976806145,0.04890047163413072,0.23079445056435588,0.2688270609661691,0.26536879543453606,0.0,0.23500969303493902
2020-06-17,0.0008372649451496497,0.0,0.23079445056435588,0.2688270609661691,0.26536879543453606,0.0,0.23500969303493902
2020-06-18,0.0033079824763957715,0.0,0.23079445056435588,0.2688270609661691,0.26536879543453606,0.0,0.23500969303493902
2020-06-19,0.002091862210049025,0.0,0.23079445056435588,0.2688270609661691,0.26536879543453606,0.0,0.23500969303493902
2020-06-22,0.002014583943862224,0.0028432134018379907,0.2331730605147821,0.2688270609661691,0.2658333988859478,5.43696077382914e-19,0.232166479633101
2020-06-23,0.0006781169402625474,0.0,0.2331730605147821,0.2688270609661691,0.2658333988859478,5.43696077382914e-19,0.232166479633101
2020-06-24,-0.002925609564819071,0.0,0.2331730605147821,0.2688270609661691,0.2658333988859478,5.43696077382914e-19,0.232166479633101
2020-06-25,0.0034682181750612133,0.0,0.2331730605147821,0.2688270609661691,0.2658333988859478,5.43696077382914e-19,0.232166479633101
2020-06-26,-0.0011215384066455883,0.0,0.2331730605147821,0.2688270609661691,0.2658333988859478,5.43696077382914e-19,0.232166479633101
2020-06-29,0.0028130262769516146,0.0,0.2331730605147821,0.2688270609661691,0.2658333988859478,5.43696077382914e-19,0.232166479633101
2020-06-30,0.0025094099456198305,0.0,0.2331730605147821,0.2688270609661691,0.2658333988859478,5.43696077382914e-19,0.232166479633101
2020-07-01,-0.0006091606410906845,0.0,0.2331730605147821,0.2688270609661691,0.2658333988859478,5.43696077382914e-19,0.232166479633101
2020-07-02,0.002314793561404636,0.0,0.2331730605147821,0.2688270609661691,0.2658333988859478,5.43696077382914e-19,0.232166479633101
2020-07-06,0.0028538845229412677,0.0,0.2331730605147821,0.2688270609661691,0.2658333988859478,5.43696077382914e-19,0.232166479633101
2020-07-07,0.0035370626204898055,0.004689903573839832,0.23713179224536518,0.2688270609661691,0.26656457072920453,7.636861111559609e-21,0.22747657605926114
2020-07-08,0.0011801368750631374,0.0,0.23713179224536518,0.2688270609661691,0.26656457072920453,7.636861111559609e-21,0.22747657605926114
2020-07-09,0.0029950118466512414,0.0,0.23713179224536518,0.2688270609661691,0.26656457072920453,7.636861111559609e-21,0.22747657605926114
2020-07-10,3.1026900112318635e-05,0.0,0.23713179224536518,0.2688270609661691,0.26656457072920453,7.636861111559609e-21,0.22747657605926114
2020-07-13,-0.0011820624138922165,0.0,0.23713179224536518,0.2688270609661691,0.26656457072920453,7.636861111559609e-21,0.22747657605926114
2020-07-14,0.004266411531722962,0.0,0.23713179224536518,0.2688270609661691,0.26656457072920453,7.636861111559609e-21,0.22747657605926114
2020-07-15,0.0005469053115276163,0.0,0.23713179224536518,0.2688270609661691,0.26656457072920453,7.636861111559609e-21,0.22747657605926114
2020-07-16,-0.001234799708611485,0.0,0.23713179224536518,0.2688270609661691,0.26656457072920453,7.636861111559609e-21,0.22747657605926114
2020-07-17,0.001359650181332414,0.0,0.23713179224536518,0.2688270609661691,0.26656457072920453,7.636861111559609e-21,0.22747657605926114
2020-07-20,0.0035112379495690575,0.0,0.23713179224536518,0.2688270609661691,0.26656457072920453,7.636861111559609e-21,0.22747657605926114
2020-07-21,0.00250334149636998,0.00379601989623668,0.24092781214160183,0.26882706096616915,0.2665645707292046,1.2878725006711712e-19,0.22368055616302454
2020-07-22,0.005618696130678261,1.1102230246251565e-16,0.24092781214160178,0.2688270609661691,0.26656457072920453,1.287872500671171e-19,0.22368055616302449
2020-07-23,0.0021822328400682768,8.326672684688674e-17,0.2409278121416018,0.26882706096616915,0.2665645707292046,1.2878725006711712e-19,0.2236805561630245
2020-07-24,-0.0002607929083157036,0.009037608200955116,0.24996542034255692,0.26882706096616915,0.2665645707292046,1.0789274409363325e-19,0.2146429479620694
2020-07-27,0.005291203334251222,0.05424548846209097,0.3042109088046479,0.26882706096616915,0.2665645707292046,0.0,0.16039745949997844
2020-07-28,-0.0014661503898589483,0.3376484619592717,0.6418593707639195,0.26882706096616915,0.08931356826991133,3.4114059101359443e-18,0.0
2020-07-29,0.008534460453411802,0.08931356826991138,0.731172939033831,0.26882706096616915,6.938893903907228e-18,1.234433377470836e-19,1.6253223461110949e-19
2020-07-30,-0.0008372676834072358,0.0,0.731172939033831,0.26882706096616915,6.938893903907228e-18,1.234433377470836e-19,1.6253223461110949e-19
2020-07-31,0.005605094766486267,0.0,0.731172939033831,0.26882706096616915,6.938893903907228e-18,1.234433377470836e-19,1.6253223461110949e-19
2020-08-03,0.003729781896852799,0.0,0.731172939033831,0.26882706096616915,6.938893903907228e-18,1.234433377470836e-19,1.6253223461110949e-19
2020-08-04,0.005386625801984868,0.0,0.731172939033831,0.26882706096616915,6.938893903907228e-18,1.234433377470836e-19,1.6253223461110949e-19
2020-08-05,0.002190900067435043,0.0,0.731172939033831,0.26882706096616915,6.938893903907228e-18,1.234433377470836e-19,1.6253223461110949e-19
2020-08-06,0.006389233218565443,0.0,0.731172939033831,0.26882706096616915,6.938893903907228e-18,1.234433377470836e-19,1.6253223461110949e-19
2020-08-07,-0.00126691728418637,0.0,0.731172939033831,0.26882706096616915,6.938893903907228e-18,1.234433377470836e-19,1.6253223461110949e-19
2020-08-10,0.00098250085491355,0.0,0.731172939033831,0.26882706096616915,6.938893903907228e-18,1.234433377470836e-19,1.6253223461110949e-19
2020-08-11,-0.009230444583817509,0.0,0.731172939033831,0.26882706096616915,6.938893903907228e-18,1.234433377470836e-19,1.6253223461110949e-19
2020-08-12,-0.00421949394816593,0.6798933811129584,0.051279557920872604,0.26882706096616915,0.22553072836219318,1.0177789992680872e-19,0.4543626527507651
2020-08-13,0.002958559058953899,0.23341308208705458,0.24113798969615136,0.26882706096616915,0.269085378673969,8.97431997505409e-19,0.22094957066371052
2020-08-14,-0.0025530460018976403,0.0,0.24113798969615136,0.26882706096616915,0.269085378673969,8.97431997505409e-19,0.22094957066371052
2020-08-17,0.006313649214786733,0.0,0.24113798969615136,0.26882706096616915,0.269085378673969,8.97431997505409e-19,0.22094957066371052
2020-08-18,0.003672046855992461,0.0042893951401313385,0.24467006084560047,0.26882706096616915,0.2698427026646512,1.093240385292032e-19,0.2166601755235792
2020-08-19,-0.009478758503789063,0.0,0.24467006084560047,0.26882706096616915,0.2698427026646512,1.093240385292032e-19,0.2166601755235792
2020-08-20,0.0044538234690493965,0.0,0.24467006084560047,0.26882706096616915,0.2698427026646512,1.093240385292032e-19,0.2166601755235792
2020-08-21,0.0013547466198270382,0.0,0.24467006084560047,0.26882706096616915,0.2698427026646512,1.093240385292032e-19,0.2166601755235792
2020-08-24,0.0008597389072434376,0.0,0.24467006084560047,0.26882706096616915,0.2698427026646512,1.093240385292032e-19,0.2166601755235792
2020-08-25,-0.0016464963210682353,0.0,0.24467006084560047,0.26882706096616915,0.2698427026646512,1.093240385292032e-19,0.2166601755235792
2020-08-26,0.004352252223059955,0.0,0.24467006084560047,0.26882706096616915,0.2698427026646512,1.093240385292032e-19,0.2166601755235792
2020-08-27,-0.006898580375452185,0.0,0.24467006084560047,0.26882706096616915,0.2698427026646512,1.093240385292032e-19,0.2166601755235792
2020-08-28,0.004346078400568191,0.0,0.24467006084560047,0.26882706096616915,0.2698427026646512,1.093240385292032e-19,0.2166601755235792
2020-08-31,0.0012822285601884155,0.0,0.24467006084560047,0.26882706096616915,0.2698427026646512,1.093240385292032e-19,0.2166601755235792
2020-09-01,0.006148855910547202,0.0032066002055000514,0.24661326656318486,0.2688270609661692,0.27110609715256684,3.7099794770965075e-20,0.21345357531807915
2020-09-02,0.003336191866398478,0.0,0.24661326656318486,0.2688270609661692,0.27110609715256684,3.7099794770965075e-20,0.21345357531807915
2020-09-03,-0.009835012090551912,0.0,0.24661326656318486,0.2688270609661692,0.27110609715256684,3.7099794770965075e-20,0.21345357531807915
2020-09-04,-0.006028901305979431,0.0,0.24661326656318486,0.2688270609661692,0.27110609715256684,3.7099794770965075e-20,0.21345357531807915
2020-09-08,-0.004502788903981651,0.0,0.24661326656318486,0.2688270609661692,0.27110609715256684,3.7099794770965075e-20,0.21345357531807915
2020-09-09,0.006441001049758107,0.0,0.24661326656318486,0.2688270609661692,0.27110609715256684,3.7099794770965075e-20,0.21345357531807915
2020-09-10,-0.0033657071661058633,0.0,0.24661326656318486,0.2688270609661692,0.27110609715256684,3.7099794770965075e-20,0.21345357531807915
2020-09-11,0.00026084241470004585,0.0,0.24661326656318486,0.2688270609661692,0.27110609715256684,3.7099794770965075e-20,0.21345357531807915
2020-09-14,0.00486299744766778,0.0,0.24661326656318486,0.2688270609661692,0.27110609715256684,3.7099794770965075e-20,0.21345357531807915
2020-09-15,0.00011323866655803196,0.0,0.24661326656318486,0.2688270609661692,0.27110609715256684,3.7099794770965075e-20,0.21345357531807915
2020-09-16,-0.0007711555054237317,0.0029689301356822517,0.24923456916389392,0.2688270609661692,0.27145372468754003,6.229278895965877e-20,0.2104846451823969
2020-09-17,-0.0036132957573483198,0.0,0.24923456916389392,0.2688270609661692,0.27145372468754003,6.229278895965877e-20,0.2104846451823969
2020-09-18,-0.003097023689954787,0.0,0.24923456916389392,0.2688270609661692,0.27145372468754003,6.229278895965877e-20,0.2104846451823969
2020-09-21,-0.005353665712224719,0.0,0.24923456916389392,0.2688270609661692,0.27145372468754003,6.229278895965877e-20,0.2104846451823969
2020-09-22,0.0017591133324794273,0.0,0.24923456916389392,0.2688270609661692,0.27145372468754003,6.229278895965877e-20,0.2104846451823969
2020-09-23,-0.010123857301369346,0.0,0.24923456916389392,0.2688270609661692,0.27145372468754003,6.229278895965877e-20,0.2104846451823969
2020-09-24,0.00237331526393904,0.0,0.24923456916389392,0.2688270609661692,0.27145372468754003,6.229278895965877e-20,0.2104846451823969
2020-09-25,0.003833940244930854,0.0,0.24923456916389392,0.2688270609661692,0.27145372468754003,6.229278895965877e-20,0.2104846451823969
2020-09-28,0.005446452954185981,0.0,0.24923456916389392,0.2688270609661692,0.27145372468754003,6.229278895965877e-20,0.2104846451823969
2020-09-29,0.0002500984169166126,0.0,0.24923456916389392,0.2688270609661692,0.27145372468754003,6.229278895965877e-20,0.2104846451823969
2020-09-30,-0.0023171079691118417,0.0,0.24923456916389392,0.2688270609661692,0.27145372468754003,6.229278895965877e-20,0.2104846451823969
2020-10-01,0.00417257283903404,0.0046827687719546846,0.25309089303024535,0.26882706096616926,0.2722801695931433,4.29638485605666e-20,0.20580187641044226
2020-10-02,-0.003162832425879804,1.1102230246251565e-16,0.2530908930302453,0.2688270609661692,0.2722801695931432,4.296384856056659e-20,0.2058018764104422
2020-10-05,-0.0003299758800045672,9.71445146547012e-17,0.25309089303024535,0.26882706096616926,0.2722801695931433,4.2963848560566594e-20,0.20580187641044223
2020-10-06,-0.004781097991259315,0.0,0.25309089303024535,0.26882706096616926,0.2722801695931433,4.2963848560566594e-20,0.20580187641044223
2020-10-07,0.0020784376846224133,0.0,0.25309089303024535,0.26882706096616926,0.2722801695931433,4.2963848560566594e-20,0.20580187641044223
2020-10-08,0.0045812562057129455,0.0,0.25309089303024535,0.26882706096616926,0.2722801695931433,4.2963848560566594e-20,0.20580187641044223
2020-10-09,0.005934001347190218,0.0,0.25309089303024535,0.26882706096616926,0.2722801695931433,4.2963848560566594e-20,0.20580187641044223
2020-10-12,0.0039005016265141533,0.0,0.25309089303024535,0.26882706096616926,0.2722801695931433,4.2963848560566594e-20,0.20580187641044223
2020-10-13,-0.0027798933584914274,0.0,0.25309089303024535,0.26882706096616926,0.2722801695931433,4.2963848560566594e-20,0.20580187641044223
2020-10-14,-0.0006263025954292504,0.0026911371462335493,0.25516549585636633,0.2688270609661693,0.27289670391325577,1.7913828431537962e-19,0.20311073926420867
2020-10-15,0.0011826222946118214,0.0,0.25516549585636633,0.2688270609661693,0.27289670391325577,1.7913828431537962e-19,0.20311073926420867
2020-10-16,-0.0020878363667917394,0.0,0.25516549585636633,0.2688270609661693,0.27289670391325577,1.7913828431537962e-19,0.20311073926420867
2020-10-19,-0.005400218402518877,0.0,0.25516549585636633,0.2688270609661693,0.27289670391325577,1.7913828431537962e-19,0.20311073926420867
2020-10-20,-0.0008652061855372885,0.0,0.25516549585636633,0.2688270609661693,0.27289670391325577,1.7913828431537962e-19,0.20311073926420867
2020-10-21,-0.00040676212310750116,0.0,0.25516549585636633,0.2688270609661693,0.27289670391325577,1.7913828431537962e-19,0.20311073926420867
2020-10-22,-0.0032575147973137593,0.0,0.25516549585636633,0.2688270609661693,0.27289670391325577,1.7913828431537962e-19,0.20311073926420867
2020-10-23,0.0017341196040382449,0.0,0.25516549585636633,0.2688270609661693,0.27289670391325577,1.7913828431537962e-19,0.20311073926420867
2020-10-26,-0.0016220842938832348,0.0,0.25516549585636633,0.2688270609661693,0.27289670391325577,1.7913828431537962e-19,0.20311073926420867
2020-10-27,0.001238352569947875,0.0,0.25516549585636633,0.2688270609661693,0.27289670391325577,1.7913828431537962e-19,0.20311073926420867
2020-10-28,-0.011579801523102569,0.0,0.25516549585636633,0.2688270609661693,0.27289670391325577,1.7913828431537962e-19,0.20311073926420867
2020-10-29,-0.00034267719485048535,0.0,0.25516549585636633,0.2688270609661693,0.27289670391325577,1.7913828431537962e-19,0.20311073926420867
2020-10-30,-0.0038716376827862445,0.003961924556985547,0.2590328513766647,0.2688270609661693,0.2729912729499429,2.6733525960177105e-20,0.1991488147072231
2020-11-02,0.007801953257064911,0.0,0.2590328513766647,0.2688270609661693,0.2729912729499429,2.6733525960177105e-20,0.1991488147072231
2020-11-03,0.0034658286891826604,0.0,0.2590328513766647,0.2688270609661693,0.2729912729499429,2.6733525960177105e-20,0.1991488147072231
2020-11-04,0.011152786178332156,0.0,0.2590328513766647,0.2688270609661693,0.2729912729499429,2.6733525960177105e-20,0.1991488147072231
2020-11-05,0.009898203076259996,0.0,0.2590328513766647,0.2688270609661693,0.2729912729499429,2.6733525960177105e-20,0.1991488147072231
2020-11-06,-0.003637125348141189,0.0,0.2590328513766647,0.2688270609661693,0.2729912729499429,2.6733525960177105e-20,0.1991488147072231
2020-11-09,-0.01319990526385207,0.0,0.2590328513766647,0.2688270609661693,0.2729912729499429,2.6733525960177105e-20,0.1991488147072231
2020-11-10,-0.0010259473328523192,0.0,0.2590328513766647,0.2688270609661693,0.2729912729499429,2.6733525960177105e-20,0.1991488147072231
2020-11-11,0.001961848222090629,0.002811065826014536,0.2612010061815254,0.26882706096616926,0.2736341839710967,0.0,0.19633774888120856
2020-11-12,0.0036994177853678276,0.0,0.2612010061815254,0.26882706096616926,0.2736341839710967,0.0,0.19633774888120856
2020-11-13,0.004734465391522762,0.0,0.2612010061815254,0.26882706096616926,0.2736341839710967,0.0,0.19633774888120856
2020-11-16,0.0021283268447388135,0.0,0.2612010061815254,0.26882706096616926,0.2736341839710967,0.0,0.19633774888120856
2020-11-17,-0.0009684371915195215,0.0,0.2612010061815254,0.26882706096616926,0.2736341839710967,0.0,0.19633774888120856
2020-11-18,-0.0038518105708167114,0.0,0.2612010061815254,0.26882706096616926,0.2736341839710967,0.0,0.19633774888120856
2020-11-19,0.0016540935788096657,0.0,0.2612010061815254,0.26882706096616926,0.2736341839710967,0.0,0.19633774888120856
2020-11-20,0.0016605881472507513,0.0,0.2612010061815254,0.26882706096616926,0.2736341839710967,0.0,0.19633774888120856
2020-11-23,-0.004739984591568403,0.0,0.2612010061815254,0.26882706096616926,0.2736341839710967,0.0,0.19633774888120856
2020-11-24,-0.003604217877348981,0.0,0.2612010061815254,0.26882706096616926,0.2736341839710967,0.0,0.19633774888120856
2020-11-25,-0.001675373592400765,0.002663851962177735,0.26386465166126444,0.26882706096616926,0.27363439045353544,1.1931672669266715e-19,0.19367389691903086
2020-11-27,0.00017702750322815333,0.0,0.26386465166126444,0.26882706096616926,0.27363439045353544,1.1931672669266715e-19,0.19367389691903086
2020-11-30,-0.0028609622636124087,0.0,0.26386465166126444,0.26882706096616926,0.27363439045353544,1.1931672669266715e-19,0.19367389691903086
2020-12-01,0.0030189756189135646,0.0025564422404229237,0.26642101831673254,0.2688270609661693,0.27363446603849023,1.5206817124769855e-19,0.19111745467860797
2020-12-02,0.0002519169690691648,0.0,0.26642101831673254,0.2688270609661693,0.27363446603849023,1.5206817124769855e-19,0.19111745467860797
2020-12-03,0.0032385000353174816,0.0,0.26642101831673254,0.2688270609661693,0.27363446603849023,1.5206817124769855e-19,0.19111745467860797
2020-12-04,-0.00218798861338693,0.0,0.26642101831673254,0.2688270609661693,0.27363446603849023,1.5206817124769855e-19,0.19111745467860797
2020-12-07,0.006271009836658755,0.0,0.26642101831673254,0.2688270609661693,0.27363446603849023,1.5206817124769855e-19,0.19111745467860797
2020-12-08,0.0032381845551420745,0.0,0.26642101831673254,0.2688270609661693,0.27363446603849023,1.5206817124769855e-19,0.19111745467860797
2020-12-09,-0.00966955299330324,0.1911174546786079,0.4575384729953404,0.2688270609661693,0.27363446603849023,1.3382906120152287e-17,1.3877787807814457e-17
2020-12-10,0.002143831866457149,0.27363446603849023,0.7311729390338306,0.2688270609661694,2.775557561562892e-17,1.4239216879594149e-18,1.2025962463579054e-18
2020-12-11,9.402330177632197e-05,0.0,0.7311729390338306,0.2688270609661694,2.775557561562892e-17,1.4239216879594149e-18,1.2025962463579054e-18
2020-12-14,-0.004018495467630341,0.0,0.7311729390338306,0.2688270609661694,2.775557561562892e-17,1.4239216879594149e-18,1.2025962463579054e-18
2020-12-15,0.008985152805591909,0.0,0.7311729390338306,0.2688270609661694,2.775557561562892e-17,1.4239216879594149e-18,1.2025962463579054e-18
2020-12-16,0.0004318838740369718,0.0,0.7311729390338306,0.2688270609661694,2.775557561562892e-17,1.4239216879594149e-18,1.2025962463579054e-18
2020-12-17,0.0033771966986009577,0.0,0.7311729390338306,0.2688270609661694,2.775557561562892e-17,1.4239216879594149e-18,1.2025962463579054e-18
2020-12-18,-0.0037251850627049955,0.0,0.7311729390338306,0.2688270609661694,2.775557561562892e-17,1.4239216879594149e-18,1.2025962463579054e-18
2020-12-21,-0.0015480882575883397,0.0,0.7311729390338306,0.2688270609661694,2.775557561562892e-17,1.4239216879594149e-18,1.2025962463579054e-18
2020-12-22,0.0001550521043760056,0.0,0.7311729390338306,0.2688270609661694,2.775557561562892e-17,1.4239216879594149e-18,1.2025962463579054e-18
2020-12-23,-0.0012002656679632575,0.0,0.7311729390338306,0.2688270609661694,2.775557561562892e-17,1.4239216879594149e-18,1.2025962463579054e-18
2020-12-24,0.003908183774918581,0.0,0.7311729390338306,0.2688270609661694,2.775557561562892e-17,1.4239216879594149e-18,1.2025962463579054e-18
2020-12-28,0.0064010246449748755,0.0,0.7311729390338306,0.2688270609661694,2.775557561562892e-17,1.4239216879594149e-18,1.2025962463579054e-18
2020-12-29,-0.001736409928182062,0.0,0.7311729390338306,0.2688270609661694,2.775557561562892e-17,1.4239216879594149e-18,1.2025962463579054e-18
2020-12-30,0.0016247609928730972,0.0,0.7311729390338306,0.2688270609661694,2.775557561562892e-17,1.4239216879594149e-18,1.2025962463579054e-18
2020-12-31,0.004107533821084352,0.0,0.7311729390338306,0.2688270609661694,2.775557561562892e-17,1.4239216879594149e-18,1.2025962463579054e-18
2021-01-04,-0.010277937388241114,0.0,0.7311729390338306,0.2688270609661694,2.775557561562892e-17,1.4239216879594149e-18,1.2025962463579054e-18
2021-01-05,0.0030393735780153974,0.0,0.7311729390338306,0.2688270609661694,2.775557561562892e-17,1.4239216879594149e-18,1.2025962463579054e-18
2021-01-06,-0.0011472395475154787,0.0,0.7311729390338306,0.2688270609661694,2.775557561562892e-17,1.4239216879594149e-18,1.2025962463579054e-18
2021-01-07,0.008493735453256337,0.0,0.7311729390338306,0.2688270609661694,2.775557561562892e-17,1.4239216879594149e-18,1.2025962463579054e-18
2021-01-08,0.0032986257880769586,0.0,0.7311729390338306,0.2688270609661694,2.775557561562892e-17,1.4239216879594149e-18,1.2025962463579054e-18
2021-01-11,-0.004511192765810086,0.18031783590690043,0.5508551031269302,0.2688270609661694,0.18031783590690045,1.925696817548778e-18,2.0039038919054525e-18
2021-01-12,0.001070193543726036,0.0,0.5508551031269302,0.2688270609661694,0.18031783590690045,1.925696817548778e-18,2.0039038919054525e-18
2021-01-13,0.00466902278728887,0.13352701132025993,0.6843821144471901,0.26882706096616943,0.04679082458664056,0.0,0.0
2021-01-14,-0.005078962707609756,0.046790824586640536,0.7311729390338306,0.26882706096616943,0.0,1.4592292156796155e-18,9.801827372696571e-19
2021-01-15,-0.004265430340675648,0.0,0.7311729390338306,0.26882706096616943,0.0,1.4592292156796155e-18,9.801827372696571e-19
2021-01-19,0.006608653818492539,0.0,0.7311729390338306,0.26882706096616943,0.0,1.4592292156796155e-18,9.801827372696571e-19
2021-01-20,0.010383128356898304,0.0,0.7311729390338306,0.26882706096616943,0.0,1.4592292156796155e-18,9.801827372696571e-19
2021-01-21,-0.0012198087201206022,0.0,0.7311729390338306,0.26882706096616943,0.0,1.4592292156796155e-18,9.801827372696571e-19
2021-01-22,-0.001717994377315621,0.0,0.7311729390338306,0.26882706096616943,0.0,1.4592292156796155e-18,9.801827372696571e-19
2021-01-25,0.006051705459817821,0.0,0.7311729390338306,0.26882706096616943,0.0,1.4592292156796155e-18,9.801827372696571e-19
2021-01-26,-0.0016484596418515148,0.0,0.7311729390338306,0.26882706096616943,0.0,1.4592292156796155e-18,9.801827372696571e-19
2021-01-27,-0.017186703213505322,0.0,0.7311729390338306,0.26882706096616943,0.0,1.4592292156796155e-18,9.801827372696571e-19
2021-01-28,0.0038812924225134745,0.12002924781040868,0.6111436912234219,0.26882706096616943,0.12002924781040866,3.262749042688875e-20,0.0
2021-01-29,-0.013900660430733295,0.0,0.6111436912234219,0.26882706096616943,0.12002924781040866,3.262749042688875e-20,0.0
2021-02-01,0.010942430391535356,0.09207458485842333,0.5190691063649986,0.26882706096616943,0.21210383266883198,2.642697557794188e-18,0.0
2021-02-02,0.0028505358252598678,0.006655722144397873,0.5124133842206008,0.2688270609661695,0.21875955481322987,0.0,0.0
2021-02-03,-0.0023130081845578435,1.1102230246251565e-16,0.5124133842206007,0.26882706096616943,0.2187595548132298,0.0,0.0
2021-02-04,0.000395668335149788,9.71445146547012e-17,0.5124133842206008,0.2688270609661695,0.21875955481322984,0.0,0.0
2021-02-05,0.001925312264606494,0.0,0.5124133842206008,0.2688270609661695,0.21875955481322984,0.0,0.0
2021-02-08,0.0070840311369357156,0.0,0.5124133842206008,0.2688270609661695,0.21875955481322984,0.0,0.0
2021-02-09,0.0005720103989632214,0.0,0.5124133842206008,0.2688270609661695,0.21875955481322984,0.0,0.0
2021-02-10,0.0020623796453982483,0.07419439850453233,0.586607782725133,0.2688270609661695,0.14456515630869743,1.869550786131631e-19,2.6301528409674615e-19
2021-02-11,-0.00029083787634208024,0.14456515630869746,0.7311729390338305,0.2688270609661695,0.0,0.0,0.0
2021-02-12,0.00027312545380808,0.0,0.7311729390338305,0.2688270609661695,0.0,0.0,0.0
2021-02-16,-0.004726557505028292,0.0,0.7311729390338305,0.2688270609661695,0.0,0.0,0.0
2021-02-17,0.001875028952805916,0.0,0.7311729390338305,0.2688270609661695,0.0,0.0,0.0
2021-02-18,-0.004199817332635911,0.0,0.7311729390338305,0.2688270609661695,0.0,0.0,0.0
2021-02-19,-0.0048646228026572366,0.0,0.7311729390338305,0.2688270609661695,0.0,0.0,0.0
2021-02-22,-0.0076691493066258325,0.0,0.7311729390338305,0.2688270609661695,0.0,0.0,0.0
2021-02-23,0.00011285757412988063,0.0,0.7311729390338305,0.2688270609661695,0.0,0.0,0.0
2021-02-24,0.006293518309589048,0.0,0.7311729390338305,0.2688270609661695,0.0,0.0,0.0
2021-02-25,-0.02200827172108507,0.0,0.7311729390338305,0.2688270609661695,0.0,0.0,0.0
2021-02-26,0.0010440484810472685,0.21415598172040204,0.5170169573134284,0.2688270609661695,0.214155981720402,3.00703370906939e-18,3.2141961536303557e-18
2021-03-01,0.008446222108811314,0.006366960248126998,0.5106499970653015,0.2688270609661695,0.220522941968529,1.1096524709990088e-21,3.612047634528337e-18
2021-03-02,-0.0027642238427384594,0.0,0.5106499970653015,0.2688270609661695,0.220522941968529,1.1096524709990088e-21,3.612047634528337e-18
2021-03-03,-0.012110153164489216,0.0,0.5106499970653015,0.2688270609661695,0.220522941968529,1.1096524709990088e-21,3.612047634528337e-18
2021-03-04,-0.010222003852727778,0.0,0.5106499970653015,0.2688270609661695,0.220522941968529,1.1096524709990088e-21,3.612047634528337e-18
2021-03-05,0.010056228909648026,0.0,0.5106499970653015,0.2688270609661695,0.220522941968529,1.1096524709990088e-21,3.612047634528337e-18
2021-03-08,-0.006919086372976012,0.0,0.5106499970653015,0.2688270609661695,0.220522941968529,1.1096524709990088e-21,3.612047634528337e-18
2021-03-09,0.015706965026182518,0.0,0.5106499970653015,0.2688270609661695,0.220522941968529,1.1096524709990088e-21,3.612047634528337e-18
2021-03-10,0.004841558689247625,0.0,0.5106499970653015,0.2688270609661695,0.220522941968529,1.1096524709990088e-21,3.612047634528337e-18
2021-03-11,0.0030474703519524056,0.0,0.5106499970653015,0.2688270609661695,0.220522941968529,1.1096524709990088e-21,3.612047634528337e-18
2021-03-12,-0.005058117746493479,0.0,0.5106499970653015,0.2688270609661695,0.220522941968529,1.1096524709990088e-21,3.612047634528337e-18
2021-03-15,0.00559550118295076,0.0,0.5106499970653015,0.2688270609661695,0.220522941968529,1.1096524709990088e-21,3.612047634528337e-18
2021-03-16,-0.0015205091072086924,0.0,0.5106499970653015,0.2688270609661695,0.220522941968529,1.1096524709990088e-21,3.612047634528337e-18
2021-03-17,0.0013052303954568865,0.0,0.5106499970653015,0.2688270609661695,0.220522941968529,1.1096524709990088e-21,3.612047634528337e-18
2021-03-18,-0.01143324125279985,0.0,0.5106499970653015,0.2688270609661695,0.220522941968529,1.1096524709990088e-21,3.612047634528337e-18
2021-03-19,0.0016438359244196478,0.0,0.5106499970653015,0.2688270609661695,0.220522941968529,1.1096524709990088e-21,3.612047634528337e-18
2021-03-22,0.006765683319691433,0.0,0.5106499970653015,0.2688270609661695,0.220522941968529,1.1096524709990088e-21,3.612047634528337e-18
2021-03-23,-0.0032025585619919507,0.0,0.5106499970653015,0.2688270609661695,0.220522941968529,1.1096524709990088e-21,3.612047634528337e-18
2021-03-24,-0.00038586394183980316,0.0,0.5106499970653015,0.2688270609661695,0.220522941968529,1.1096524709990088e-21,3.612047634528337e-18
2021-03-25,-4.825929088396507e-05,0.0,0.5106499970653015,0.2688270609661695,0.220522941968529,1.1096524709990088e-21,3.612047634528337e-18
2021-03-26,0.00791531365944748,0.0,0.5106499970653015,0.2688270609661695,0.220522941968529,1.1096524709990088e-21,3.612047634528337e-18
2021-03-29,-0.005163475017812341,0.0,0.5106499970653015,0.2688270609661695,0.220522941968529,1.1096524709990088e-21,3.612047634528337e-18
2021-03-30,-0.0037151507909625064,0.0,0.5106499970653015,0.2688270609661695,0.220522941968529,1.1096524709990088e-21,3.612047634528337e-18
2021-03-31,0.003914757262471376,0.0,0.5106499970653015,0.2688270609661695,0.220522941968529,1.1096524709990088e-21,3.612047634528337e-18
2021-04-01,0.012761113501378124,0.0,0.5106499970653015,0.2688270609661695,0.220522941968529,1.1096524709990088e-21,3.612047634528337e-18
2021-04-05,0.009321489023565067,0.2205229419685291,0.7311729390338306,0.2688270609661695,0.0,0.0,0.0
2021-04-06,0.0013943709300726801,0.0,0.7311729390338306,0.2688270609661695,0.0,0.0,0.0
2021-04-07,-0.0010261390703350756,0.0,0.7311729390338306,0.2688270609661695,0.0,0.0,0.0
2021-04-08,0.005690049564496696,0.0,0.7311729390338306,0.2688270609661695,0.0,0.0,0.0
2021-04-09,0.004341787767068127,0.0,0.7311729390338306,0.2688270609661695,0.0,0.0,0.0
2021-04-12,0.0001493092564706519,0.0,0.7311729390338306,0.2688270609661695,0.0,0.0,0.0
2021-04-13,0.00418152136938211,0.0,0.7311729390338306,0.2688270609661695,0.0,0.0,0.0
2021-04-14,-0.0033512611338044154,0.0,0.7311729390338306,0.2688270609661695,0.0,0.0,0.0
2021-04-15,0.012353305122532882,0.0,0.7311729390338306,0.2688270609661695,0.0,0.0,0.0
2021-04-16,0.00035587122498195083,0.0,0.7311729390338306,0.2688270609661695,0.0,0.0,0.0
2021-04-19,-0.004364361085351371,0.0,0.7311729390338306,0.2688270609661695,0.0,0.0,0.0
2021-04-20,-0.004114233786162584,0.0,0.7311729390338306,0.2688270609661695,0.0,0.0,0.0
2021-04-21,0.007457997163274905,0.0,0.7311729390338306,0.2688270609661695,0.0,0.0,0.0
2021-04-22,-0.0055047188242752215,0.0,0.7311729390338306,0.2688270609661695,0.0,0.0,0.0
2021-04-23,0.007295635488390309,0.0,0.7311729390338306,0.2688270609661695,0.0,0.0,0.0
2021-04-26,0.0011426741198420046,0.0,0.7311729390338306,0.2688270609661695,0.0,0.0,0.0
2021-04-27,-0.002502429863650106,0.0,0.7311729390338306,0.2688270609661695,0.0,0.0,0.0
2021-04-28,-3.578318251922148e-05,0.0,0.7311729390338306,0.2688270609661695,0.0,0.0,0.0
2021-04-29,0.003865059282700773,0.0,0.7311729390338306,0.2688270609661695,0.0,0.0,0.0
2021-04-30,-0.004182138287054145,0.0,0.7311729390338306,0.2688270609661695,0.0,0.0,0.0
2021-05-03,0.0017382750738585233,0.0,0.7311729390338306,0.2688270609661695,0.0,0.0,0.0
2021-05-04,-0.0026866275546551495,0.0,0.7311729390338306,0.2688270609661695,0.0,0.0,0.0
2021-05-05,0.0006718678267412544,0.0,0.7311729390338306,0.2688270609661695,0.0,0.0,0.0
2021-05-06,0.006281653618594056,0.0,0.7311729390338306,0.2688270609661695,0.0,0.0,0.0
2021-05-07,0.003995647873001378,0.0,0.7311729390338306,0.2688270609661695,0.0,0.0,0.0
2021-05-10,-0.009962803273204802,0.0,0.7311729390338306,0.2688270609661695,0.0,0.0,0.0
2021-05-11,-0.008046920108594355,0.0,0.7311729390338306,0.2688270609661695,0.0,0.0,0.0
2021-05-12,-0.018358763092435313,0.0,0.7311729390338306,0.2688270609661695,0.0,0.0,0.0
2021-05-13,0.007564164532394047,0.20687861471510133,0.5242943243187292,0.2688270609661695,0.20687861471510127,2.7154982516535996e-18,2.6324118060193536e-18
2021-05-14,0.012450485053891732,0.0,0.5242943243187292,0.2688270609661695,0.20687861471510127,2.7154982516535996e-18,2.6324118060193536e-18
2021-05-17,0.0005051274678079798,0.0,0.5242943243187292,0.2688270609661695,0.20687861471510127,2.7154982516535996e-18,2.6324118060193536e-18
2021-05-18,-0.004802456375627675,0.0,0.5242943243187292,0.2688270609661695,0.20687861471510127,2.7154982516535996e-18,2.6324118060193536e-18
2021-05-19,-0.0018828321586888555,0.0,0.5242943243187292,0.2688270609661695,0.20687861471510127,2.7154982516535996e-18,2.6324118060193536e-18
2021-05-20,0.008786630563183311,0.0017058733651759582,0.5225884509535533,0.2688270609661695,0.20858448808027727,5.872955140189905e-20,1.5987046222540246e-19
2021-05-21,0.0005290068964479169,0.0,0.5225884509535533,0.2688270609661695,0.20858448808027727,5.872955140189905e-20,1.5987046222540246e-19
2021-05-24,0.006690596017009913,0.0,0.5225884509535533,0.2688270609661695,0.20858448808027727,5.872955140189905e-20,1.5987046222540246e-19
2021-05-25,0.003223084827080021,0.0,0.5225884509535533,0.2688270609661695,0.20858448808027727,5.872955140189905e-20,1.5987046222540246e-19
2021-05-26,0.00021121063129015202,0.0,0.5225884509535533,0.2688270609661695,0.20858448808027727,5.872955140189905e-20,1.5987046222540246e-19
2021-05-27,-0.0007246741933190856,0.0,0.5225884509535533,0.2688270609661695,0.20858448808027727,5.872955140189905e-20,1.5987046222540246e-19
2021-05-28,0.0012944402612273217,0.0,0.5225884509535533,0.2688270609661695,0.20858448808027727,5.872955140189905e-20,1.5987046222540246e-19
2021-06-01,-0.0010735325280903949,0.004681415455790802,0.5272698664093441,0.2688270609661695,0.20390307262448648,0.0,1.0747499396214776e-19
2021-06-02,0.0023053978514801813,0.043276107388560844,0.570545973797905,0.2688270609661695,0.1606269652359256,3.1905696613469043e-19,3.9120702988499886e-20
2021-06-03,-0.0037227519337224395,0.16062696523592557,0.7311729390338305,0.2688270609661695,0.0,5.519572489494425e-18,5.500556707665161e-18
2021-06-04,0.01036850802494479,0.0,0.7311729390338305,0.2688270609661695,0.0,5.519572489494425e-18,5.500556707665161e-18
2021-06-07,-0.0015356428352488142,0.0,0.7311729390338305,0.2688270609661695,0.0,5.519572489494425e-18,5.500556707665161e-18
2021-06-08,0.002045025828657103,0.0,0.7311729390338305,0.2688270609661695,0.0,5.519572489494425e-18,5.500556707665161e-18
2021-06-09,0.0012824814758767553,0.0,0.7311729390338305,0.2688270609661695,0.0,5.519572489494425e-18,5.500556707665161e-18
2021-06-10,0.0050111855009619555,0.0,0.7311729390338305,0.2688270609661695,0.0,5.519572489494425e-18,5.500556707665161e-18
2021-06-11,0.0007747520550108409,0.0,0.7311729390338305,0.2688270609661695,0.0,5.519572489494425e-18,5.500556707665161e-18
2021-06-14,-0.0004219982945267097,0.0,0.7311729390338305,0.2688270609661695,0.0,5.519572489494425e-18,5.500556707665161e-18
2021-06-15,-0.0016644246820126762,0.0,0.7311729390338305,0.2688270609661695,0.0,5.519572489494425e-18,5.500556707665161e-18
2021-06-16,-0.004311349860384297,0.0,0.7311729390338305,0.2688270609661695,0.0,5.519572489494425e-18,5.500556707665161e-18
2021-06-17,0.003782388675183509,0.0,0.7311729390338305,0.2688270609661695,0.0,5.519572489494425e-18,5.500556707665161e-18
2021-06-18,-0.004808217930291807,0.0,0.7311729390338305,0.2688270609661695,0.0,5.519572489494425e-18,5.500556707665161e-18
2021-06-21,0.005966345231763281,0.0,0.7311729390338305,0.2688270609661695,0.0,5.519572489494425e-18,5.500556707665161e-18
2021-06-22,0.004565696817203003,0.0,0.7311729390338305,0.2688270609661695,0.0,5.519572489494425e-18,5.500556707665161e-18
2021-06-23,-0.0015739581268411312,0.0,0.7311729390338305,0.2688270609661695,0.0,5.519572489494425e-18,5.500556707665161e-18
2021-06-24,0.0047572336159187704,0.0,0.7311729390338305,0.2688270609661695,0.0,5.519572489494425e-18,5.500556707665161e-18
2021-06-25,-0.00019432230927393657,0.0,0.7311729390338305,0.2688270609661695,0.0,5.519572489494425e-18,5.500556707665161e-18
2021-06-28,0.004238036922953617,0.0,0.7311729390338305,0.2688270609661695,0.0,5.519572489494425e-18,5.500556707665161e-18
2021-06-29,0.0008431036027555981,0.0,0.7311729390338305,0.2688270609661695,0.0,5.519572489494425e-18,5.500556707665161e-18
2021-06-30,0.0018124332739345957,0.0,0.7311729390338305,0.2688270609661695,0.0,5.519572489494425e-18,5.500556707665161e-18
2021-07-01,0.00406339836146622,0.0,0.7311729390338305,0.2688270609661695,0.0,5.519572489494425e-18,5.500556707665161e-18
2021-07-02,0.007210779981689141,0.0,0.7311729390338305,0.2688270609661695,0.0,5.519572489494425e-18,5.500556707665161e-18
2021-07-06,0.001818969603233821,0.0,0.7311729390338305,0.2688270609661695,0.0,5.519572489494425e-18,5.500556707665161e-18
2021-07-07,0.004965715128866142,0.0,0.7311729390338305,0.2688270609661695,0.0,5.519572489494425e-18,5.500556707665161e-18
2021-07-08,-0.004904497693285987,0.0,0.7311729390338305,0.2688270609661695,0.0,5.519572489494425e-18,5.500556707665161e-18
2021-07-09,0.00402470002670227,0.0,0.7311729390338305,0.2688270609661695,0.0,5.519572489494425e-18,5.500556707665161e-18
2021-07-12,0.00227065311043856,0.0,0.7311729390338305,0.2688270609661695,0.0,5.519572489494425e-18,5.500556707665161e-18
2021-07-13,-0.004550065164290992,0.0,0.7311729390338305,0.2688270609661695,0.0,5.519572489494425e-18,5.500556707665161e-18
2021-07-14,0.004145450592708596,0.0,0.7311729390338305,0.2688270609661695,0.0,5.519572489494425e-18,5.500556707665161e-18
2021-07-15,0.0004682126460375468,0.0,0.7311729390338305,0.2688270609661695,0.0,5.519572489494425e-18,5.500556707665161e-18
2021-07-16,-0.0062423580766739414,0.0,0.7311729390338305,0.2688270609661695,0.0,5.519572489494425e-18,5.500556707665161e-18
2021-07-19,-0.004902907103949651,0.0,0.7311729390338305,0.2688270609661695,0.0,5.519572489494425e-18,5.500556707665161e-18
2021-07-20,0.00509077455553652,0.17890101378540463,0.5522719252484259,0.26882706096616954,0.17890101378540463,0.0,0.0
2021-07-21,0.00040092371714319473,0.0,0.5522719252484259,0.26882706096616954,0.17890101378540463,0.0,0.0
2021-07-22,0.0040449415962760076,0.019038684193313074,0.5332332410551128,0.26882706096616954,0.19793969797871766,3.0981559181060446e-20,0.0
2021-07-23,0.0030672965760483338,0.0,0.5332332410551128,0.26882706096616954,0.19793969797871766,3.0981559181060446e-20,0.0
2021-07-26,4.282402714048789e-05,0.0,0.5332332410551128,0.26882706096616954,0.19793969797871766,3.0981559181060446e-20,0.0
2021-07-27,0.0007679530987048638,0.0,0.5332332410551128,0.26882706096616954,0.19793969797871766,3.0981559181060446e-20,0.0
2021-07-28,0.000798349764645702,0.0,0.5332332410551128,0.26882706096616954,0.19793969797871766,3.0981559181060446e-20,0.0
2021-07-29,0.002918592043195024,0.0,0.5332332410551128,0.26882706096616954,0.19793969797871766,3.0981559181060446e-20,0.0
2021-07-30,-0.0028862296454912695,0.0,0.5332332410551128,0.26882706096616954,0.19793969797871766,3.0981559181060446e-20,0.0
2021-08-02,0.0008637188781011687,0.19793969797871763,0.7311729390338304,0.2688270609661696,0.0,5.456323560171974e-19,6.995906871728455e-19
2021-08-03,0.006091250973279299,0.0,0.7311729390338304,0.2688270609661696,0.0,5.456323560171974e-19,6.995906871728455e-19
2021-08-04,-0.0030438415602140616,0.0,0.7311729390338304,0.2688270609661696,0.0,5.456323560171974e-19,6.995906871728455e-19
2021-08-05,0.0020334725875518133,0.11928009498358386,0.6118928440502466,0.2688270609661696,0.1192800949835839,4.249915346246434e-18,8.526564071945768e-19
2021-08-06,-0.006459509033503006,0.0,0.6118928440502466,0.2688270609661696,0.1192800949835839,4.249915346246434e-18,8.526564071945768e-19
2021-08-09,-0.004607377281593326,0.060857350810068024,0.5510354932401785,0.2688270609661696,0.1801374457936519,7.413479756760234e-19,7.480790437219094e-19
2021-08-10,-0.0005117309198668831,0.012153570014402065,0.5388819232257764,0.2688270609661696,0.19229101580805394,0.0,0.0
2021-08-11,0.003890918378584158,0.005860161382534382,0.5330217618432421,0.26882706096616965,0.19815117719058833,1.2743990948888233e-20,4.676832776434262e-20
2021-08-12,0.0012005537948963114,0.0017598344441187158,0.5312619273991234,0.26882706096616965,0.199911011634707,1.4005729678168836e-19,0.0
2021-08-13,0.008077167298510633,0.0,0.5312619273991234,0.26882706096616965,0.199911011634707,1.4005729678168836e-19,0.0
2021-08-16,0.0028996357276697307,0.0,0.5312619273991234,0.26882706096616965,0.199911011634707,1.4005729678168836e-19,0.0
2021-08-17,-0.0038898128754025815,0.0,0.5312619273991234,0.26882706096616965,0.199911011634707,1.4005729678168836e-19,0.0
2021-08-18,-0.007099630768542542,0.19991101163470698,0.7311729390338303,0.2688270609661697,0.0,0.0,1.6402806389064901e-19
2021-08-19,0.0031119110707275733,0.0,0.7311729390338303,0.2688270609661697,0.0,0.0,1.6402806389064901e-19
2021-08-20,0.005996726768530939,0.0,0.7311729390338303,0.2688270609661697,0.0,0.0,1.6402806389064901e-19
2021-08-23,0.006253352063148207,0.0,0.7311729390338303,0.2688270609661697,0.0,0.0,1.6402806389064901e-19
2021-08-24,-0.0009299966947082998,0.0,0.7311729390338303,0.2688270609661697,0.0,0.0,1.6402806389064901e-19
2021-08-25,-0.0006986561681944631,0.0,0.7311729390338303,0.2688270609661697,0.0,0.0,1.6402806389064901e-19
2021-08-26,-0.0035717413883875476,0.0,0.7311729390338303,0.2688270609661697,0.0,0.0,1.6402806389064901e-19
2021-08-27,0.008366265140685319,0.0,0.7311729390338303,0.2688270609661697,0.0,0.0,1.6402806389064901e-19
2021-08-30,0.003916826918509401,0.0,0.7311729390338303,0.2688270609661697,0.0,0.0,1.6402806389064901e-19
2021-08-31,-0.0029130419119840255,0.0,0.7311729390338303,0.2688270609661697,0.0,0.0,1.6402806389064901e-19
2021-09-01,0.0008389345522679809,0.0,0.7311729390338303,0.2688270609661697,0.0,0.0,1.6402806389064901e-19
2021-09-02,0.003423248551155636,0.0,0.7311729390338303,0.2688270609661697,0.0,0.0,1.6402806389064901e-19
2021-09-03,-0.002622447280516646,0.0,0.7311729390338303,0.2688270609661697,0.0,0.0,1.6402806389064901e-19
2021-09-07,-0.004882160382887083,0.0,0.7311729390338303,0.2688270609661697,0.0,0.0,1.6402806389064901e-19
2021-09-08,0.0009388803317661953,0.0,0.7311729390338303,0.2688270609661697,0.0,0.0,1.6402806389064901e-19
2021-09-09,0.00012321716172873773,0.0,0.7311729390338303,0.2688270609661697,0.0,0.0,1.6402806389064901e-19
2021-09-10,-0.008134864990023994,0.0,0.7311729390338303,0.2688270609661697,0.0,0.0,1.6402806389064901e-19
2021-09-13,0.0035017339358954956,0.0,0.7311729390338303,0.2688270609661697,0.0,0.0,1.6402806389064901e-19
2021-09-14,-0.0006867208098333966,0.0,0.7311729390338303,0.2688270609661697,0.0,0.0,1.6402806389064901e-19
2021-09-15,0.005164073653108154,0.0,0.7311729390338303,0.2688270609661697,0.0,0.0,1.6402806389064901e-19
2021-09-16,-0.0023908529948234126,0.0,0.7311729390338303,0.2688270609661697,0.0,0.0,1.6402806389064901e-19
2021-09-17,-0.008413661876832724,0.0,0.7311729390338303,0.2688270609661697,0.0,0.0,1.6402806389064901e-19
2021-09-20,-0.008857677409462519,0.0,0.7311729390338303,0.2688270609661697,0.0,0.0,1.6402806389064901e-19
2021-09-21,-0.000922278232305517,0.0,0.7311729390338303,0.2688270609661697,0.0,0.0,1.6402806389064901e-19
2021-09-22,0.008735964172895615,0.0,0.7311729390338303,0.2688270609661697,0.0,0.0,1.6402806389064901e-19
2021-09-23,0.0028091295300439285,0.0,0.7311729390338303,0.2688270609661697,0.0,0.0,1.6402806389064901e-19
2021-09-24,-0.0014228456610836022,0.0,0.7311729390338303,0.2688270609661697,0.0,0.0,1.6402806389064901e-19
2021-09-27,-0.0030802078535392403,0.0,0.7311729390338303,0.2688270609661697,0.0,0.0,1.6402806389064901e-19
2021-09-28,-0.01892192304331368,0.0,0.7311729390338303,0.2688270609661697,0.0,0.0,1.6402806389064901e-19
2021-09-29,0.0016972388378616943,0.0,0.7311729390338303,0.2688270609661697,0.0,0.0,1.6402806389064901e-19
2021-09-30,-0.008973919801960413,0.0,0.7311729390338303,0.2688270609661697,0.0,0.0,1.6402806389064901e-19
2021-10-01,0.010951523857824115,0.0,0.7311729390338303,0.2688270609661697,0.0,0.0,1.6402806389064901e-19
2021-10-04,-0.010113443440657094,0.0,0.7311729390338303,0.2688270609661697,0.0,0.0,1.6402806389064901e-19
2021-10-05,0.005011982901694345,0.0,0.7311729390338303,0.2688270609661697,0.0,0.0,1.6402806389064901e-19
2021-10-06,0.004555199208495651,0.0,0.7311729390338303,0.2688270609661697,0.0,0.0,1.6402806389064901e-19
2021-10-07,0.0035100851842337147,0.0,0.7311729390338303,0.2688270609661697,0.0,0.0,1.6402806389064901e-19
2021-10-08,-0.003214831521749728,0.0,0.7311729390338303,0.2688270609661697,0.0,0.0,1.6402806389064901e-19
2021-10-11,-0.005975551971142152,0.0,0.7311729390338303,0.2688270609661697,0.0,0.0,1.6402806389064901e-19
2021-10-12,0.002797003398495011,0.0,0.7311729390338303,0.2688270609661697,0.0,0.0,1.6402806389064901e-19
2021-10-13,0.005245253134964874,0.0,0.7311729390338303,0.2688270609661697,0.0,0.0,1.6402806389064901e-19
2021-10-14,0.013297783132264401,0.0,0.7311729390338303,0.2688270609661697,0.0,0.0,1.6402806389064901e-19
2021-10-15,0.0040019194638796695,0.0,0.7311729390338303,0.2688270609661697,0.0,0.0,1.6402806389064901e-19
2021-10-18,0.0034251111305593747,0.0,0.7311729390338303,0.2688270609661697,0.0,0.0,1.6402806389064901e-19
2021-10-19,0.0019324853391015613,0.0,0.7311729390338303,0.2688270609661697,0.0,0.0,1.6402806389064901e-19
2021-10-20,0.0010573174604558719,0.0,0.7311729390338303,0.2688270609661697,0.0,0.0,1.6402806389064901e-19
2021-10-21,0.0015868256364377621,0.0,0.7311729390338303,0.2688270609661697,0.0,0.0,1.6402806389064901e-19
2021-10-22,0.002202949059991531,0.0,0.7311729390338303,0.2688270609661697,0.0,0.0,1.6402806389064901e-19
2021-10-25,0.0035108310599842106,0.0,0.7311729390338303,0.2688270609661697,0.0,0.0,1.6402806389064901e-19
2021-10-26,0.002881089725379157,0.0,0.7311729390338303,0.2688270609661697,0.0,0.0,1.6402806389064901e-19
2021-10-27,0.001651749651828834,0.0,0.7311729390338303,0.2688270609661697,0.0,0.0,1.6402806389064901e-19
2021-10-28,0.006145201167517506,0.0,0.7311729390338303,0.2688270609661697,0.0,0.0,1.6402806389064901e-19
2021-10-29,0.00230531350965108,0.0,0.7311729390338303,0.2688270609661697,0.0,0.0,1.6402806389064901e-19
2021-11-01,-0.0006776995197916862,0.0,0.7311729390338303,0.2688270609661697,0.0,0.0,1.6402806389064901e-19
2021-11-02,0.004149298400307602,0.0,0.7311729390338303,0.2688270609661697,0.0,0.0,1.6402806389064901e-19
2021-11-03,0.0016860545456194851,0.0,0.7311729390338303,0.2688270609661697,0.0,0.0,1.6402806389064901e-19
2021-11-04,0.006270971264975556,0.0,0.7311729390338303,0.2688270609661697,0.0,0.0,1.6402806389064901e-19
2021-11-05,0.006557565599321353,0.0,0.7311729390338303,0.2688270609661697,0.0,0.0,1.6402806389064901e-19
2021-11-08,0.00012004437435436275,0.0,0.7311729390338303,0.2688270609661697,0.0,0.0,1.6402806389064901e-19
2021-11-09,0.0010828465735501307,0.0,0.7311729390338303,0.2688270609661697,0.0,0.0,1.6402806389064901e-19
2021-11-10,-0.010797132549074575,0.0,0.7311729390338303,0.2688270609661697,0.0,0.0,1.6402806389064901e-19
2021-11-11,0.0008012399721536358,0.18259226546653684,0.5485806735672935,0.2688270609661697,0.18259226546653687,5.52831182602971e-18,5.5676335050946865e-18
2021-11-12,0.0033053584428558956,0.0,0.5485806735672935,0.2688270609661697,0.18259226546653687,5.52831182602971e-18,5.5676335050946865e-18
2021-11-15,-0.00347031192011105,0.0,0.5485806735672935,0.2688270609661697,0.18259226546653687,5.52831182602971e-18,5.5676335050946865e-18
2021-11-16,0.00010293021444538733,0.005686153110730721,0.5428945204565627,0.2688270609661697,0.18827841857726757,2.5730383524372944e-19,2.664030287390509e-19
2021-11-17,0.0025319907265285747,0.0,0.5428945204565627,0.2688270609661697,0.18827841857726757,2.5730383524372944e-19,2.664030287390509e-19
2021-11-18,0.0022506804084855285,0.0,0.5428945204565627,0.2688270609661697,0.18827841857726757,2.5730383524372944e-19,2.664030287390509e-19
2021-11-19,0.0004277473884050373,0.0,0.5428945204565627,0.2688270609661697,0.18827841857726757,2.5730383524372944e-19,2.664030287390509e-19
2021-11-22,-0.00890247530527517,0.0,0.5428945204565627,0.2688270609661697,0.18827841857726757,2.5730383524372944e-19,2.664030287390509e-19
2021-11-23,-0.002917570744235391,0.18827841857726757,0.7311729390338303,0.2688270609661697,6.938893903907228e-18,0.0,0.0
2021-11-24,0.0062681925330575665,0.0,0.7311729390338303,0.2688270609661697,6.938893903907228e-18,0.0,0.0
2021-11-26,-0.009514464017967652,0.0,0.7311729390338303,0.2688270609661697,6.938893903907228e-18,0.0,0.0
2021-11-29,-0.0018746701250399143,0.717016587426599,0.014156351607231237,0.32846072173555524,0.2059546359499064,0.0,0.45142829070730717
2021-11-30,-0.0033428966401446054,0.3553847074469987,0.31575074487057675,0.3284607217355552,0.25974495013355947,1.5849003220871205e-19,0.09604358326030855
2021-12-01,-0.0005136533847233879,0.023892030747247453,0.3396427756178242,0.32846072173555524,0.2597449501335595,9.501249923008115e-20,0.0721515525130612
2021-12-02,0.004289287221296386,0.005883197106453804,0.3455259727242779,0.32846072173555524,0.2597449501335595,0.0,0.06626835540660728
2021-12-03,0.003072085080334625,0.0,0.3455259727242779,0.32846072173555524,0.2597449501335595,0.0,0.06626835540660728
2021-12-06,-0.0009556461803189816,0.0,0.3455259727242779,0.32846072173555524,0.2597449501335595,0.0,0.06626835540660728
2021-12-07,0.005440983021524374,0.0,0.3455259727242779,0.32846072173555524,0.2597449501335595,0.0,0.06626835540660728
2021-12-08,-0.004906007939662953,0.003341658828116774,0.34886763155239464,0.32846072173555524,0.2597449501335595,0.0,0.0629266965784905
2021-12-09,-0.0018850455427300706,0.0,0.34886763155239464,0.32846072173555524,0.2597449501335595,0.0,0.0629266965784905
2021-12-10,0.003489985118753287,0.0,0.34886763155239464,0.32846072173555524,0.2597449501335595,0.0,0.0629266965784905
2021-12-13,0.002614211494827332,0.0,0.34886763155239464,0.32846072173555524,0.2597449501335595,0.0,0.0629266965784905
2021-12-14,-0.005487497344499391,0.0,0.34886763155239464,0.32846072173555524,0.2597449501335595,0.0,0.0629266965784905
2021-12-15,0.0033081220781551756,0.0,0.34886763155239464,0.32846072173555524,0.2597449501335595,0.0,0.0629266965784905
2021-12-16,-7.439834059554796e-05,0.0,0.34886763155239464,0.32846072173555524,0.2597449501335595,0.0,0.0629266965784905
2021-12-17,-0.00010678008441333126,0.0,0.34886763155239464,0.32846072173555524,0.2597449501335595,0.0,0.0629266965784905
2021-12-20,-0.007342231283502907,0.0,0.34886763155239464,0.32846072173555524,0.2597449501335595,0.0,0.0629266965784905
2021-12-21,0.004762950042373809,0.0,0.34886763155239464,0.32846072173555524,0.2597449501335595,0.0,0.0629266965784905
2021-12-22,0.0072063327409073825,0.0,0.34886763155239464,0.32846072173555524,0.2597449501335595,0.0,0.0629266965784905
2021-12-23,-0.0001427462842510962,0.0,0.34886763155239464,0.32846072173555524,0.2597449501335595,0.0,0.0629266965784905
2021-12-27,0.006372649387539748,0.0,0.34886763155239464,0.32846072173555524,0.2597449501335595,0.0,0.0629266965784905
2021-12-28,-0.0026371779560910654,0.002111535048571856,0.3509791666009665,0.3284607217355553,0.2597449501335596,2.1052296408808907e-21,0.06081516152991876
2021-12-29,-0.0033814882573769086,9.020562075079397e-17,0.35097916660096645,0.32846072173555524,0.2597449501335595,2.1052296408808903e-21,0.06081516152991875
2021-12-30,0.0036271134316913155,0.026859334508573304,0.37783850110953976,0.32846072173555524,0.2597449501335595,0.0,0.03395582702134545
2021-12-31,-0.0010483399416204332,0.293700777154905,0.6715392782644448,0.3284607217355552,3.152149641815082e-17,0.0,2.0877338653974068e-17
2022-01-03,-0.004733793952115463,0.0,0.6715392782644448,0.3284607217355552,3.152149641815082e-17,0.0,2.0877338653974068e-17
2022-01-04,-0.001590817166948911,0.0,0.6715392782644448,0.3284607217355552,3.152149641815082e-17,0.0,2.0877338653974068e-17
2022-01-05,-0.014677737228347244,0.0,0.6715392782644448,0.3284607217355552,3.152149641815082e-17,0.0,2.0877338653974068e-17
2022-01-06,0.00021933466867257148,0.0,0.6715392782644448,0.3284607217355552,3.152149641815082e-17,0.0,2.0877338653974068e-17
2022-01-07,-0.005015924390140196,0.0,0.6715392782644448,0.3284607217355552,3.152149641815082e-17,0.0,2.0877338653974068e-17
2022-01-10,-2.7455454481720284e-05,0.0,0.6715392782644448,0.3284607217355552,3.152149641815082e-17,0.0,2.0877338653974068e-17
2022-01-11,0.008304433326235077,0.0,0.6715392782644448,0.3284607217355552,3.152149641815082e-17,0.0,2.0877338653974068e-17
2022-01-12,0.0005572495534823024,0.0,0.6715392782644448,0.3284607217355552,3.152149641815082e-17,0.0,2.0877338653974068e-17
2022-01-13,-0.0063360530936139355,0.0,0.6715392782644448,0.3284607217355552,3.152149641815082e-17,0.0,2.0877338653974068e-17
2022-01-14,-0.004688162261327463,0.0,0.6715392782644448,0.3284607217355552,3.152149641815082e-17,0.0,2.0877338653974068e-17
2022-01-18,-0.0165156317459288,0.0,0.6715392782644448,0.3284607217355552,3.152149641815082e-17,0.0,2.0877338653974068e-17
2022-01-19,-0.000943891593766013,0.1429698245821015,0.5285694536823433,0.3284607217355552,0.14296982458210153,0.0,0.0
2022-01-20,-0.004181749447044695,0.0,0.5285694536823433,0.3284607217355552,0.14296982458210153,0.0,0.0
2022-01-21,-0.006932013210800049,0.0,0.5285694536823433,0.3284607217355552,0.14296982458210153,0.0,0.0
2022-01-24,0.0003319409884501227,0.0,0.5285694536823433,0.3284607217355552,0.14296982458210153,0.0,0.0
2022-01-25,-0.006526529184661933,0.0,0.5285694536823433,0.3284607217355552,0.14296982458210153,0.0,0.0
2022-01-26,-0.007609768355777368,0.0,0.5285694536823433,0.3284607217355552,0.14296982458210153,0.0,0.0
2022-01-27,0.0015775116820281286,0.0,0.5285694536823433,0.3284607217355552,0.14296982458210153,0.0,0.0
2022-01-28,0.012262338473954217,0.019880578142506905,0.5086888755398364,0.32846072173555524,0.1628504027246084,3.2784000384780848e-19,1.0329330667884473e-19
2022-01-31,0.00842869410571534,9.71445146547012e-17,0.5086888755398363,0.3284607217355552,0.16285040272460838,3.278400038478084e-19,1.032933066788447e-19
2022-02-01,0.0024823731821840837,9.71445146547012e-17,0.5086888755398364,0.32846072173555524,0.1628504027246084,3.2784000384780843e-19,1.0329330667884471e-19
2022-02-02,0.006644534591797575,9.71445146547012e-17,0.5086888755398363,0.3284607217355552,0.16285040272460838,3.2784000384780833e-19,1.0329330667884469e-19
2022-02-03,-0.014752174201262125,9.71445146547012e-17,0.5086888755398364,0.32846072173555524,0.1628504027246084,3.278400038478084e-19,1.032933066788447e-19
2022-02-04,-0.002199188987670015,9.71445146547012e-17,0.5086888755398363,0.3284607217355552,0.16285040272460838,3.278400038478083e-19,1.0329330667884468e-19
2022-02-07,-0.00021425331653572973,9.71445146547012e-17,0.5086888755398364,0.32846072173555524,0.1628504027246084,3.2784000384780833e-19,1.0329330667884469e-19
2022-02-08,0.002487015545556913,9.71445146547012e-17,0.5086888755398363,0.3284607217355552,0.16285040272460838,3.2784000384780823e-19,1.0329330667884467e-19
2022-02-09,0.008616834784194288,9.71445146547012e-17,0.5086888755398364,0.32846072173555524,0.1628504027246084,3.278400038478083e-19,1.0329330667884468e-19
2022-02-10,-0.014977298503546363,9.71445146547012e-17,0.5086888755398363,0.3284607217355552,0.16285040272460838,3.278400038478082e-19,1.0329330667884465e-19
2022-02-11,-0.0020571587132901855,9.71445146547012e-17,0.5086888755398364,0.32846072173555524,0.1628504027246084,3.2784000384780823e-19,1.0329330667884467e-19
2022-02-14,-0.004878062336546057,9.71445146547012e-17,0.5086888755398363,0.3284607217355552,0.16285040272460838,3.2784000384780814e-19,1.0329330667884464e-19
2022-02-15,0.0029275357902366164,9.71445146547012e-17,0.5086888755398364,0.32846072173555524,0.1628504027246084,3.278400038478082e-19,1.0329330667884465e-19
2022-02-16,0.004191753499812174,9.71445146547012e-17,0.5086888755398363,0.3284607217355552,0.16285040272460838,3.278400038478081e-19,1.0329330667884463e-19
2022-02-17,-0.0061973466191915325,9.71445146547012e-17,0.5086888755398364,0.32846072173555524,0.1628504027246084,3.2784000384780814e-19,1.0329330667884464e-19
2022-02-18,4.4605014830308935e-05,9.71445146547012e-17,0.5086888755398363,0.3284607217355552,0.16285040272460838,3.2784000384780804e-19,1.0329330667884462e-19
2022-02-22,-0.0042635459227011365,9.71445146547012e-17,0.5086888755398364,0.32846072173555524,0.1628504027246084,3.278400038478081e-19,1.0329330667884463e-19
2022-02-23,-0.012816283355023505,9.71445146547012e-17,0.5086888755398363,0.3284607217355552,0.16285040272460838,3.27840003847808e-19,1.032933066788446e-19
2022-02-24,0.0068213026006127995,9.71445146547012e-17,0.5086888755398364,0.32846072173555524,0.1628504027246084,3.2784000384780804e-19,1.0329330667884462e-19
2022-02-25,0.010921541786221537,9.71445146547012e-17,0.5086888755398363,0.3284607217355552,0.16285040272460838,3.2784000384780795e-19,1.0329330667884459e-19
2022-02-28,0.007585973094681088,9.71445146547012e-17,0.5086888755398364,0.32846072173555524,0.1628504027246084,3.27840003847808e-19,1.032933066788446e-19
2022-03-01,-0.0009920375601899078,9.71445146547012e-17,0.5086888755398363,0.3284607217355552,0.16285040272460838,3.278400038478079e-19,1.0329330667884458e-19
2022-03-02,-0.0035644840361868137,9.71445146547012e-17,0.5086888755398364,0.32846072173555524,0.1628504027246084,3.2784000384780795e-19,1.0329330667884459e-19
2022-03-03,0.001929812111973595,0.013472427964320521,0.4952164475755159,0.32846072173555524,0.17632283068892893,0.0,3.481145499569299e-20
2022-03-04,0.004455851105686106,0.0,0.4952164475755159,0.32846072173555524,0.17632283068892893,0.0,3.481145499569299e-20
2022-03-07,0.00018202254089826845,0.40001628346031626,0.0952001641151996,0.3631212565869273,0.2422641129723733,0.0,0.2994144663254998
2022-03-08,0.0022318565440065767,0.09520016411519966,6.938893903907228e-18,0.3631212565869273,0.2422641129723733,4.5343796261318e-19,0.3946146304406995
2022-03-09,-0.014627832633286895,0.0,6.938893903907228e-18,0.3631212565869273,0.2422641129723733,4.5343796261318e-19,0.3946146304406995
2022-03-10,-0.0025059421624003373,0.0,6.938893903907228e-18,0.3631212565869273,0.2422641129723733,4.5343796261318e-19,0.3946146304406995
2022-03-11,0.0016079457304850524,0.0,6.938893903907228e-18,0.3631212565869273,0.2422641129723733,4.5343796261318e-19,0.3946146304406995
2022-03-14,-0.01227928252411668,0.0,6.938893903907228e-18,0.3631212565869273,0.2422641129723733,4.5343796261318e-19,0.3946146304406995
2022-03-15,-0.00561213153107837,0.0,6.938893903907228e-18,0.3631212565869273,0.2422641129723733,4.5343796261318e-19,0.3946146304406995
2022-03-16,0.0022454696095460776,0.0,6.938893903907228e-18,0.3631212565869273,0.2422641129723733,4.5343796261318e-19,0.3946146304406995
2022-03-17,-0.0024232766396366867,0.0,6.938893903907228e-18,0.3631212565869273,0.2422641129723733,4.5343796261318e-19,0.3946146304406995
2022-03-18,0.0027566992053809146,0.0,6.938893903907228e-18,0.3631212565869273,0.2422641129723733,4.5343796261318e-19,0.3946146304406995
2022-03-21,-0.005054022284649789,0.0,6.938893903907228e-18,0.3631212565869273,0.2422641129723733,4.5343796261318e-19,0.3946146304406995
2022-03-22,-0.0065585842624709964,0.0,6.938893903907228e-18,0.3631212565869273,0.2422641129723733,4.5343796261318e-19,0.3946146304406995
2022-03-23,0.011716263970397274,0.0,6.938893903907228e-18,0.3631212565869273,0.2422641129723733,4.5343796261318e-19,0.3946146304406995
2022-03-24,-0.0006362960653645176,0.0,6.938893903907228e-18,0.3631212565869273,0.2422641129723733,4.5343796261318e-19,0.3946146304406995
2022-03-25,-0.005880180320740544,0.0,6.938893903907228e-18,0.3631212565869273,0.2422641129723733,4.5343796261318e-19,0.3946146304406995
2022-03-28,-0.00011024616613280417,0.0,6.938893903907228e-18,0.3631212565869273,0.2422641129723733,4.5343796261318e-19,0.3946146304406995
2022-03-29,0.00046727952010081726,0.0,6.938893903907228e-18,0.3631212565869273,0.2422641129723733,4.5343796261318e-19,0.3946146304406995
2022-03-30,0.002682175757315406,0.0,6.938893903907228e-18,0.3631212565869273,0.2422641129723733,4.5343796261318e-19,0.3946146304406995
2022-03-31,0.0026331586333471968,0.0,6.938893903907228e-18,0.3631212565869273,0.2422641129723733,4.5343796261318e-19,0.3946146304406995
2022-04-01,0.0004402265168791848,0.0,6.938893903907228e-18,0.3631212565869273,0.2422641129723733,4.5343796261318e-19,0.3946146304406995
2022-04-04,0.00044831610053919853,0.0,6.938893903907228e-18,0.3631212565869273,0.2422641129723733,4.5343796261318e-19,0.3946146304406995
2022-04-05,-0.0076335397157156915,0.0,6.938893903907228e-18,0.3631212565869273,0.2422641129723733,4.5343796261318e-19,0.3946146304406995
2022-04-06,-0.0020747827050408294,0.0,6.938893903907228e-18,0.3631212565869273,0.2422641129723733,4.5343796261318e-19,0.3946146304406995
2022-04-07,-0.0010769732133123003,0.0,6.938893903907228e-18,0.3631212565869273,0.2422641129723733,4.5343796261318e-19,0.3946146304406995
2022-04-08,-0.0024149851655088633,0.0,6.938893903907228e-18,0.3631212565869273,0.2422641129723733,4.5343796261318e-19,0.3946146304406995
2022-04-11,-0.0036570353082288924,0.0,6.938893903907228e-18,0.3631212565869273,0.2422641129723733,4.5343796261318e-19,0.3946146304406995
2022-04-12,0.002687149572196338,0.0,6.938893903907228e-18,0.3631212565869273,0.2422641129723733,4.5343796261318e-19,0.3946146304406995
2022-04-13,0.00027988165679728914,0.0,6.938893903907228e-18,0.3631212565869273,0.2422641129723733,4.5343796261318e-19,0.3946146304406995
2022-04-14,-0.0063064565584718315,0.0,6.938893903907228e-18,0.3631212565869273,0.2422641129723733,4.5343796261318e-19,0.3946146304406995
2022-04-18,0.0005639371749034036,0.0,6.938893903907228e-18,0.3631212565869273,0.2422641129723733,4.5343796261318e-19,0.3946146304406995
2022-04-19,-0.00550252281036911,0.0,6.938893903907228e-18,0.3631212565869273,0.2422641129723733,4.5343796261318e-19,0.3946146304406995
2022-04-20,0.005717142503425469,0.0,6.938893903907228e-18,0.3631212565869273,0.2422641129723733,4.5343796261318e-19,0.3946146304406995
2022-04-21,-0.002370911079013643,0.0,6.938893903907228e-18,0.3631212565869273,0.2422641129723733,4.5343796261318e-19,0.3946146304406995
2022-04-22,-0.0022927383468354465,0.0,6.938893903907228e-18,0.3631212565869273,0.2422641129723733,4.5343796261318e-19,0.3946146304406995
2022-04-25,0.0011743582538092613,0.0,6.938893903907228e-18,0.3631212565869273,0.2422641129723733,4.5343796261318e-19,0.3946146304406995
2022-04-26,0.006493141888993217,0.0,6.938893903907228e-18,0.3631212565869273,0.2422641129723733,4.5343796261318e-19,0.3946146304406995
2022-04-27,-0.004035360695676696,0.0,6.938893903907228e-18,0.3631212565869273,0.2422641129723733,4.5343796261318e-19,0.3946146304406995
2022-04-28,0.004812818672122129,0.03389406638134673,0.033894066381346705,0.3631212565869273,0.2165021146510998,3.493165905260941e-20,0.3864825623806262
2022-04-29,-0.006724552022896278,0.024231364121850084,0.009662702259496602,0.3631212565869273,0.2165021146510998,0.0,0.4107139265024763
2022-05-02,-0.008167812548150698,0.0034197970396845838,0.006242905219812026,0.3631212565869273,0.2165021146510998,7.255688888238279e-19,0.4141337235421609
2022-05-03,0.0023030112755200727,0.0,0.006242905219812026,0.3631212565869273,0.2165021146510998,7.255688888238279e-19,0.4141337235421609
2022-05-04,0.0008738957323234705,0.0,0.006242905219812026,0.3631212565869273,0.2165021146510998,7.255688888238279e-19,0.4141337235421609
2022-05-05,-0.007523402994690187,0.0,0.006242905219812026,0.3631212565869273,0.2165021146510998,7.255688888238279e-19,0.4141337235421609
2022-05-06,-0.004280901075501969,0.0,0.006242905219812026,0.3631212565869273,0.2165021146510998,7.255688888238279e-19,0.4141337235421609
2022-05-09,9.22900388772123e-06,0.0,0.006242905219812026,0.3631212565869273,0.2165021146510998,7.255688888238279e-19,0.4141337235421609
2022-05-10,0.002375714565496795,0.0,0.006242905219812026,0.3631212565869273,0.2165021146510998,7.255688888238279e-19,0.4141337235421609
2022-05-11,0.009114472670121266,0.0,0.006242905219812026,0.3631212565869273,0.2165021146510998,7.255688888238279e-19,0.4141337235421609
2022-05-12,-0.00042971968624863415,0.0,0.006242905219812026,0.3631212565869273,0.2165021146510998,7.255688888238279e-19,0.4141337235421609
2022-05-13,-0.008154808961560492,0.0,0.006242905219812026,0.3631212565869273,0.2165021146510998,7.255688888238279e-19,0.4141337235421609
2022-05-16,3.539190246461049e-05,0.0,0.006242905219812026,0.3631212565869273,0.2165021146510998,7.255688888238279e-19,0.4141337235421609
2022-05-17,-0.009037726645274882,0.0,0.006242905219812026,0.3631212565869273,0.2165021146510998,7.255688888238279e-19,0.4141337235421609
2022-05-18,0.009702569090019979,0.0,0.006242905219812026,0.3631212565869273,0.2165021146510998,7.255688888238279e-19,0.4141337235421609
2022-05-19,-0.00031126755097156183,0.0,0.006242905219812026,0.3631212565869273,0.2165021146510998,7.255688888238279e-19,0.4141337235421609
2022-05-20,0.00517956568738271,0.0,0.006242905219812026,0.3631212565869273,0.2165021146510998,7.255688888238279e-19,0.4141337235421609
2022-05-23,-0.008610627383052578,0.0,0.006242905219812026,0.3631212565869273,0.2165021146510998,7.255688888238279e-19,0.4141337235421609
2022-05-24,0.007531860018997798,0.0,0.006242905219812026,0.3631212565869273,0.2165021146510998,7.255688888238279e-19,0.4141337235421609
2022-05-25,0.0017075988947679002,0.0,0.006242905219812026,0.3631212565869273,0.2165021146510998,7.255688888238279e-19,0.4141337235421609
2022-05-26,-0.0032834829250961255,0.0,0.006242905219812026,0.3631212565869273,0.2165021146510998,7.255688888238279e-19,0.4141337235421609
2022-05-27,0.0002395357691916657,0.0,0.006242905219812026,0.3631212565869273,0.2165021146510998,7.255688888238279e-19,0.4141337235421609
2022-05-31,-0.00909884153890813,0.0,0.006242905219812026,0.3631212565869273,0.2165021146510998,7.255688888238279e-19,0.4141337235421609
2022-06-01,0.004109367955748405,0.0,0.006242905219812026,0.3631212565869273,0.2165021146510998,7.255688888238279e-19,0.4141337235421609
2022-06-02,-0.0006532815949344571,0.0,0.006242905219812026,0.3631212565869273,0.2165021146510998,7.255688888238279e-19,0.4141337235421609
2022-06-03,-0.00125288199645158,0.0,0.006242905219812026,0.3631212565869273,0.2165021146510998,7.255688888238279e-19,0.4141337235421609
2022-06-06,-0.00672139248093028,0.0,0.006242905219812026,0.3631212565869273,0.2165021146510998,7.255688888238279e-19,0.4141337235421609
2022-06-07,0.004938783419904734,0.0,0.006242905219812026,0.3631212565869273,0.2165021146510998,7.255688888238279e-19,0.4141337235421609
2022-06-08,-0.008450659417188913,0.4606147190675879,0.4668576242873999,0.3631212565869273,0.17002111912567286,0.0,0.0
2022-06-09,-0.012124751471517798,0.08202842792821859,0.5488860522156185,0.3631212565869273,0.08799269119745426,0.0,0.0
2022-06-10,-0.014127139506241594,0.12547742628033037,0.4234086259352881,0.48859868286725766,0.08799269119745426,0.0,0.0
2022-06-13,-0.01593585455034839,0.4430628503354037,0.01698659803559619,0.4519578604315458,0.17337135973342702,7.293793058076684e-19,0.357684181799431
2022-06-14,-0.006375622083260107,0.0,0.01698659803559619,0.4519578604315458,0.17337135973342702,7.293793058076684e-19,0.357684181799431
2022-06-15,0.008115413593028219,0.0018710645732523024,0.016986598035596198,0.4500867958582935,0.17445381688732403,0.0,0.3584727892187863
2022-06-16,0.0015083366187050263,0.0,0.016986598035596198,0.4500867958582935,0.17445381688732403,0.0,0.3584727892187863
2022-06-17,0.0036800081463194633,0.0,0.016986598035596198,0.4500867958582935,0.17445381688732403,0.0,0.3584727892187863
2022-06-21,-0.00913689894609637,0.0,0.016986598035596198,0.4500867958582935,0.17445381688732403,0.0,0.3584727892187863
2022-06-22,0.012527233367070909,0.0,0.016986598035596198,0.4500867958582935,0.17445381688732403,0.0,0.3584727892187863
2022-06-23,0.003181283052681687,0.0,0.016986598035596198,0.4500867958582935,0.17445381688732403,0.0,0.3584727892187863
2022-06-24,-0.006637164856300181,0.0,0.016986598035596198,0.4500867958582935,0.17445381688732403,0.0,0.3584727892187863
2022-06-27,-0.004743498958875027,0.0,0.016986598035596198,0.4500867958582935,0.17445381688732403,0.0,0.3584727892187863
2022-06-28,0.0035310200097074746,0.0,0.016986598035596198,0.4500867958582935,0.17445381688732403,0.0,0.3584727892187863
2022-06-29,0.00893404368606231,0.0,0.016986598035596198,0.4500867958582935,0.17445381688732403,0.0,0.3584727892187863
2022-06-30,0.0016042415655772681,0.0,0.016986598035596198,0.4500867958582935,0.17445381688732403,0.0,0.3584727892187863
2022-07-01,0.005809364923927174,0.0,0.016986598035596198,0.4500867958582935,0.17445381688732403,0.0,0.3584727892187863
2022-07-05,0.0049791806854117835,0.003050925815416508,0.016986598035596198,0.447035870042877,0.17503689414190973,3.431885376387783e-20,0.3609406377796171
2022-07-06,-0.008572479540007078,0.0,0.016986598035596198,0.447035870042877,0.17503689414190973,3.431885376387783e-20,0.3609406377796171
2022-07-07,-0.0034561993072802174,0.0,0.016986598035596198,0.447035870042877,0.17503689414190973,3.431885376387783e-20,0.3609406377796171
2022-07-08,-0.005142224405095526,0.0,0.016986598035596198,0.447035870042877,0.17503689414190973,3.431885376387783e-20,0.3609406377796171
2022-07-11,0.010745607415161043,0.0,0.016986598035596198,0.447035870042877,0.17503689414190973,3.431885376387783e-20,0.3609406377796171
2022-07-12,0.001730540439471593,0.0,0.016986598035596198,0.447035870042877,0.17503689414190973,3.431885376387783e-20,0.3609406377796171
2022-07-13,0.005124986872358101,0.0,0.016986598035596198,0.447035870042877,0.17503689414190973,3.431885376387783e-20,0.3609406377796171
2022-07-14,-0.003643334077334196,0.0,0.016986598035596198,0.447035870042877,0.17503689414190973,3.431885376387783e-20,0.3609406377796171
2022-07-15,0.0003752715090216683,0.0,0.016986598035596198,0.447035870042877,0.17503689414190973,3.431885376387783e-20,0.3609406377796171
2022-07-18,-0.0066334865926331865,0.0,0.016986598035596198,0.447035870042877,0.17503689414190973,3.431885376387783e-20,0.3609406377796171
2022-07-19,-0.0037943419920395804,0.0020681208643816146,0.016986598035596198,0.4449677491784954,0.17572801213015526,0.0,0.3623176406557532
2022-07-20,0.0006400750034336498,0.0,0.016986598035596198,0.4449677491784954,0.17572801213015526,0.0,0.3623176406557532
2022-07-21,0.011827062424899348,0.19264608405227165,0.2096326820878678,0.4449677491784954,0.17572801213015526,1.3370496130706418e-19,0.16967155660348154
2022-07-22,0.003857671418020109,0.21571906496490678,0.4253517470527746,0.4449677491784954,0.12968050376873003,0.0,3.240678693933793e-17
2022-07-25,-0.003461565886097814,0.14951270351173732,0.5748644505645119,0.4251355494354881,1.595879956608255e-17,0.0,4.442297054243239e-19
2022-07-26,-0.0067829108935288035,0.024424664909754902,0.5992891154742668,0.4007108845257332,0.0,0.0,0.0
2022-07-27,0.013310039144741343,0.0,0.5992891154742668,0.4007108845257332,0.0,0.0,0.0
2022-07-28,0.010706634958568077,0.0,0.5992891154742668,0.4007108845257332,0.0,0.0,0.0
2022-07-29,0.007647944183371421,0.0,0.5992891154742668,0.4007108845257332,0.0,0.0,0.0
2022-08-01,0.007875831510989998,0.0,0.5992891154742668,0.4007108845257332,0.0,0.0,0.0
2022-08-02,-0.011747244591437616,0.3621243349752381,0.23716478049902864,0.48329193419787886,0.14132153461464506,0.0,0.1382217506884475
2022-08-03,0.00998652485815299,0.16078585514961075,0.07637892534941788,0.4832919341978789,0.15944916026273268,5.926308448545488e-19,0.28087998018997057
2022-08-04,0.000624279357748224,0.006168316364941931,0.07021060898447597,0.4832919341978789,0.1600295341056659,1.540670072750614e-19,0.2864679227119793
2022-08-05,-0.013906615329602048,0.2864679227119793,0.3566785316964552,0.4832919341978789,0.1600295341056659,2.4708638671690926e-19,0.0
2022-08-08,0.008486554849779554,0.02656508494191856,0.3832436166383737,0.4832919341978789,0.13346444916374728,0.0,6.064124724113827e-20
2022-08-09,-0.0039340501406213745,0.1799785999248304,0.5632222165632041,0.4367777834367958,2.293047291263379e-17,5.718505545764952e-19,8.869770422745255e-19
2022-08-10,0.010096077867685658,0.04064214032484932,0.6038643568880535,0.39613564311194654,0.0,0.0,0.0
2022-08-11,-0.009233527815553935,0.0,0.6038643568880535,0.39613564311194654,0.0,0.0,0.0
2022-08-12,0.014239722397950764,0.0,0.6038643568880535,0.39613564311194654,0.0,0.0,0.0
2022-08-15,0.002145802504360486,0.0,0.6038643568880535,0.39613564311194654,0.0,0.0,0.0
2022-08-16,0.002829544430406247,0.0,0.6038643568880535,0.39613564311194654,0.0,0.0,0.0
2022-08-17,-0.008420798236749134,0.0,0.6038643568880535,0.39613564311194654,0.0,0.0,0.0
2022-08-18,0.0023420117572366377,0.0,0.6038643568880535,0.39613564311194654,0.0,0.0,0.0
2022-08-19,-0.014493324602415304,0.0,0.6038643568880535,0.39613564311194654,0.0,0.0,0.0
2022-08-22,-0.013905550946453488,0.0,0.6038643568880535,0.39613564311194654,0.0,0.0,0.0
2022-08-23,-0.003641110452829525,0.0,0.6038643568880535,0.39613564311194654,0.0,0.0,0.0
2022-08-24,-0.0009660485447216258,0.0,0.6038643568880535,0.39613564311194654,0.0,0.0,0.0
2022-08-25,0.01404570944588333,0.0,0.6038643568880535,0.39613564311194654,0.0,0.0,0.0
2022-08-26,-0.017454389783635046,0.0,0.6038643568880535,0.39613564311194654,0.0,0.0,0.0
2022-08-29,-0.003259788922835404,0.5693245565369215,0.03453980035113207,0.39613564311194654,0.18376603277734926,0.0,0.38555852375957217
2022-08-30,-0.0009608761218825192,0.009819438465216157,0.024720361885915913,0.39613564311194654,0.18446183224865026,0.0,0.39468216275348733
2022-08-31,-0.005654816841317358,0.0025950313898787814,0.022125330496037116,0.39613564311194654,0.18464075411357195,0.0,0.3970982722784444
2022-09-01,-0.008147465962411702,0.3970982722784444,0.3699934468289436,0.39613564311194654,0.23387091005910984,0.0,0.0
2022-09-02,0.00039884476429148403,0.0,0.3699934468289436,0.39613564311194654,0.23387091005910984,0.0,0.0
2022-09-06,-0.012573384956344169,0.0,0.3699934468289436,0.39613564311194654,0.23387091005910984,0.0,0.0
2022-09-07,0.015290015453544543,0.0,0.3699934468289436,0.39613564311194654,0.23387091005910984,0.0,0.0
2022-09-08,-0.003048601890011956,0.0,0.3699934468289436,0.39613564311194654,0.23387091005910984,0.0,0.0
2022-09-09,0.007863197641659221,0.0,0.3699934468289436,0.39613564311194654,0.23387091005910984,0.0,0.0
2022-09-12,0.0019067792679138313,0.0,0.3699934468289436,0.39613564311194654,0.23387091005910984,0.0,0.0
2022-09-13,-0.018209124310576273,0.0,0.3699934468289436,0.39613564311194654,0.23387091005910984,0.0,0.0
2022-09-14,0.0018732008887483104,0.0,0.3699934468289436,0.39613564311194654,0.23387091005910984,0.0,0.0
2022-09-15,-0.008825746875076956,0.0,0.3699934468289436,0.39613564311194654,0.23387091005910984,0.0,0.0
2022-09-16,-0.0048269194045235,0.0,0.3699934468289436,0.39613564311194654,0.23387091005910984,0.0,0.0
2022-09-19,0.00397413331726053,0.0,0.3699934468289436,0.39613564311194654,0.23387091005910984,0.0,0.0
2022-09-20,-0.009531079108024308,0.0,0.3699934468289436,0.39613564311194654,0.23387091005910984,0.0,0.0
2022-09-21,0.0012682470758518605,0.0,0.3699934468289436,0.39613564311194654,0.23387091005910984,0.0,0.0
2022-09-22,-0.013363585210692816,0.0,0.3699934468289436,0.39613564311194654,0.23387091005910984,0.0,0.0
2022-09-23,-0.008621583953244048,0.0,0.3699934468289436,0.39613564311194654,0.23387091005910984,0.0,0.0
2022-09-26,-0.013951259929502973,0.0,0.3699934468289436,0.39613564311194654,0.23387091005910984,0.0,0.0
2022-09-27,-0.010611372954105655,0.06511576067885338,0.30487768615009025,0.3961356431119466,0.29021117314530426,4.1944138192580414e-20,0.008775497592658972
2022-09-28,0.018264973227385663,0.21136112637561602,0.09351655977447423,0.3961356431119466,0.29021117314530426,5.464117118947807e-19,0.220136623968275
2022-09-29,-0.00367564367253111,0.12144724853047334,0.010651181520933601,0.3961356431119466,0.25162930286837154,0.0,0.34158387249874833
2022-09-30,-0.005262951608044401,0.0,0.010651181520933601,0.3961356431119466,0.25162930286837154,0.0,0.34158387249874833
2022-10-03,0.01110663133491976,0.0,0.010651181520933601,0.3961356431119466,0.25162930286837154,0.0,0.34158387249874833
2022-10-04,-0.0018552058404971592,0.00038801941208633194,0.010263162108847264,0.3961356431119466,0.25162930286837154,0.0,0.34197189191083466
2022-10-05,-0.0019703146063709855,0.0,0.010263162108847264,0.3961356431119466,0.25162930286837154,0.0,0.34197189191083466
2022-10-06,0.0007803684260948759,0.013023690075701543,0.023286852184548817,0.38311195303624507,0.25162930286837154,0.0,0.34197189191083466
2022-10-07,-0.014517178292343039,0.2745400960373762,0.2978269482219249,0.3831119530362451,0.2516293028683716,1.2518801221303293e-18,0.06743179587345839
2022-10-10,-0.01176560342059748,0.0,0.2978269482219249,0.3831119530362451,0.2516293028683716,1.2518801221303293e-18,0.06743179587345839
2022-10-11,-0.0010316762062790746,0.05257560337612539,0.3504025515980503,0.3831119530362451,0.2516293028683716,0.0,0.014856192497332993
2022-10-12,0.0020273390088414197,0.012927771729243934,0.3633303233272942,0.3831119530362451,0.2516293028683716,6.172341688434421e-20,0.0019284207680890456
2022-10-13,0.004168907589537614,0.0,0.3633303233272942,0.3831119530362451,0.2516293028683716,6.172341688434421e-20,0.0019284207680890456
2022-10-14,-0.014562212970878074,0.0,0.3633303233272942,0.3831119530362451,0.2516293028683716,6.172341688434421e-20,0.0019284207680890456
2022-10-17,0.008174986349473449,0.0,0.3633303233272942,0.3831119530362451,0.2516293028683716,6.172341688434421e-20,0.0019284207680890456
2022-10-18,0.005707169937799426,0.0,0.3633303233272942,0.3831119530362451,0.2516293028683716,6.172341688434421e-20,0.0019284207680890456
2022-10-19,-0.012907030752245526,0.0,0.3633303233272942,0.3831119530362451,0.2516293028683716,6.172341688434421e-20,0.0019284207680890456
2022-10-20,-0.009992043047932353,0.0,0.3633303233272942,0.3831119530362451,0.2516293028683716,6.172341688434421e-20,0.0019284207680890456
2022-10-21,0.006394180565401557,0.0,0.3633303233272942,0.3831119530362451,0.2516293028683716,6.172341688434421e-20,0.0019284207680890456
2022-10-24,0.00046546305182864787,0.0,0.3633303233272942,0.3831119530362451,0.2516293028683716,6.172341688434421e-20,0.0019284207680890456
2022-10-25,0.017507281510924264,0.0,0.3633303233272942,0.3831119530362451,0.2516293028683716,6.172341688434421e-20,0.0019284207680890456
2022-10-26,0.004586477743188094,0.016048460288191457,0.3472818630391028,0.3831119530362451,0.2676777631565631,0.0,0.0019284207680890458
2022-10-27,0.001757541586695032,0.0,0.3472818630391028,0.3831119530362451,0.2676777631565631,0.0,0.0019284207680890458
2022-10-28,0.0029413177033633512,0.0019284207680890066,0.34921028380719177,0.3831119530362451,0.2676777631565631,0.0,0.0
2022-10-31,-0.0074380633309686335,0.0,0.34921028380719177,0.3831119530362451,0.2676777631565631,0.0,0.0
2022-11-01,0.006017426653688896,0.35052398806877855,0.011267314087730997,0.3831119530362451,0.2550967448072453,0.0,0.35052398806877855
2022-11-02,-0.002206212950509495,0.0,0.011267314087730997,0.3831119530362451,0.2550967448072453,0.0,0.35052398806877855
2022-11-03,-0.0002482409984621945,0.0,0.011267314087730997,0.3831119530362451,0.2550967448072453,0.0,0.35052398806877855
2022-11-04,-0.005016047353698951,0.0,0.011267314087730997,0.3831119530362451,0.2550967448072453,0.0,0.35052398806877855
2022-11-07,-0.006734000642065217,0.0018936846677186136,0.010684272852763103,0.3831119530362451,0.2537861013744946,0.0,0.35241767273649716
2022-11-08,0.008564407009595881,0.0,0.010684272852763103,0.3831119530362451,0.2537861013744946,0.0,0.35241767273649716
2022-11-09,0.002391617073327255,0.0,0.010684272852763103,0.3831119530362451,0.2537861013744946,0.0,0.35241767273649716
2022-11-10,0.01499805854480672,0.0,0.010684272852763103,0.3831119530362451,0.2537861013744946,0.0,0.35241767273649716
2022-11-11,-0.0047155045096593925,0.0,0.010684272852763103,0.3831119530362451,0.2537861013744946,0.0,0.35241767273649716
2022-11-14,0.0011241333046616577,0.0,0.010684272852763103,0.3831119530362451,0.2537861013744946,0.0,0.35241767273649716
2022-11-15,0.005957951116677901,0.0,0.010684272852763103,0.3831119530362451,0.2537861013744946,0.0,0.35241767273649716
2022-11-16,0.006976429623778923,0.0,0.010684272852763103,0.3831119530362451,0.2537861013744946,0.0,0.35241767273649716
2022-11-17,-0.004565207103078614,0.0,0.010684272852763103,0.3831119530362451,0.2537861013744946,0.0,0.35241767273649716
2022-11-18,-0.0033543702378362257,0.0,0.010684272852763103,0.3831119530362451,0.2537861013744946,0.0,0.35241767273649716
2022-11-21,0.0032253160424637432,0.0006987958607609368,0.010684272852763103,0.3831119530362451,0.25308730551373365,0.0,0.3531164685972581
2022-11-22,0.003690720312766327,0.0,0.010684272852763103,0.3831119530362451,0.25308730551373365,0.0,0.3531164685972581
2022-11-23,0.004658438702214638,0.0,0.010684272852763103,0.3831119530362451,0.25308730551373365,0.0,0.3531164685972581
2022-11-25,-0.001083731589552281,0.0,0.010684272852763103,0.3831119530362451,0.25308730551373365,0.0,0.3531164685972581
2022-11-28,0.0015035756371777976,0.0,0.010684272852763103,0.3831119530362451,0.25308730551373365,0.0,0.3531164685972581
2022-11-29,-0.0026470938384191857,0.0,0.010684272852763103,0.3831119530362451,0.25308730551373365,0.0,0.3531164685972581
2022-11-30,0.003572951883433447,0.0,0.010684272852763103,0.3831119530362451,0.25308730551373365,0.0,0.3531164685972581
2022-12-01,0.01256409461686843,0.0,0.010684272852763103,0.3831119530362451,0.25308730551373365,0.0,0.3531164685972581
2022-12-02,0.0035561317405711527,0.0,0.010684272852763103,0.3831119530362451,0.25308730551373365,0.0,0.3531164685972581
2022-12-05,-0.0070241226484050595,0.0,0.010684272852763103,0.3831119530362451,0.25308730551373365,0.0,0.3531164685972581
2022-12-06,0.0057190879329427026,0.001114124732287669,0.010684272852763103,0.3831119530362451,0.25197318078144604,0.0,0.3542305933295458
2022-12-07,0.010166985944596715,0.0,0.010684272852763103,0.3831119530362451,0.25197318078144604,0.0,0.3542305933295458
2022-12-08,-0.0018770290565901793,0.0,0.010684272852763103,0.3831119530362451,0.25197318078144604,0.0,0.3542305933295458
2022-12-09,-0.008402153555268736,0.0,0.010684272852763103,0.3831119530362451,0.25197318078144604,0.0,0.3542305933295458
2022-12-12,-0.00045253218252419504,0.0,0.010684272852763103,0.3831119530362451,0.25197318078144604,0.0,0.3542305933295458
2022-12-13,0.0049637938491246154,0.0,0.010684272852763103,0.3831119530362451,0.25197318078144604,0.0,0.3542305933295458
2022-12-14,-0.0006822488090503577,0.0,0.010684272852763103,0.3831119530362451,0.25197318078144604,0.0,0.3542305933295458
2022-12-15,0.0003445907647455955,0.006915463403600009,0.017599736256363123,0.3831119530362451,0.24505771737784604,0.0,0.3542305933295458
2022-12-16,-0.0017263684271382432,0.0,0.017599736256363123,0.3831119530362451,0.24505771737784604,0.0,0.3542305933295458
2022-12-19,-0.007189789214276479,0.0,0.017599736256363123,0.3831119530362451,0.24505771737784604,0.0,0.3542305933295458
2022-12-20,-0.0051098291587614265,0.0,0.017599736256363123,0.3831119530362451,0.24505771737784604,0.0,0.3542305933295458
2022-12-21,0.001709664474704762,0.0,0.017599736256363123,0.3831119530362451,0.24505771737784604,0.0,0.3542305933295458
2022-12-22,-0.0027796418268726196,0.0,0.017599736256363123,0.3831119530362451,0.24505771737784604,0.0,0.3542305933295458
2022-12-23,-0.00490713196828354,0.0,0.017599736256363123,0.3831119530362451,0.24505771737784604,0.0,0.3542305933295458
2022-12-27,-0.005705467249167897,0.0,0.017599736256363123,0.3831119530362451,0.24505771737784604,0.0,0.3542305933295458
2022-12-28,-0.0022979264235007324,0.0009831522038768609,0.016616584052486193,0.3831119530362451,0.24505771737784604,0.0,0.3552137455334226
2022-12-29,0.0038263173373641836,0.0017555334904304594,0.014861050562055724,0.3831119530362451,0.24505771737784604,3.335598576420728e-20,0.35696927902385306
2022-12-30,-0.004306107340372702,0.0,0.014861050562055724,0.3831119530362451,0.24505771737784604,3.335598576420728e-20,0.35696927902385306
2023-01-03,0.013150776381388422,0.0,0.014861050562055724,0.3831119530362451,0.24505771737784604,3.335598576420728e-20,0.35696927902385306
2023-01-04,0.006399990157146558,0.0,0.014861050562055724,0.3831119530362451,0.24505771737784604,3.335598576420728e-20,0.35696927902385306
2023-01-05,0.0016942509348541615,0.0,0.014861050562055724,0.3831119530362451,0.24505771737784604,3.335598576420728e-20,0.35696927902385306
2023-01-06,0.009501467353585742,0.08445994770193356,0.09932099826398935,0.3831119530362451,0.21857686050307873,0.0,0.2989901881966869
2023-01-09,0.0003003434953070119,0.06370951748575429,0.03561148077823502,0.3831119530362451,0.21857686050307873,5.785476648417155e-19,0.36269970568244114
2023-01-10,-0.002457584086935815,0.44845134675036746,0.4840628275286025,0.3831119530362451,0.13282521943515246,7.675886414767827e-20,0.0
2023-01-11,0.014028421687832623,0.1328252194351524,0.6168880469637549,0.3831119530362451,0.0,0.0,1.7100928250876308e-19
2023-01-12,0.009786493703487083,0.0,0.6168880469637549,0.3831119530362451,0.0,0.0,1.7100928250876308e-19
2023-01-13,-0.0013126641395325022,0.5479939247995121,0.0688941221642427,0.3831119530362451,0.17873886971930608,0.0,0.36925505508020606
2023-01-17,-0.0025671034859578007,0.029396215849907897,0.03949790631433486,0.3831119530362451,0.17973216480555868,0.0,0.3976579758438614
2023-01-18,0.008228296758249688,0.005386875092416709,0.034111031221918116,0.3831119530362451,0.1798699899893848,8.249695758203182e-20,0.40290702575245196
2023-01-19,-0.0007780762341567903,0.007229978161509857,0.026881053060408288,0.3831119530362451,0.18006155736989288,1.3933349012184457e-19,0.4099454365334538
2023-01-20,-0.006907181281503438,0.0,0.026881053060408288,0.3831119530362451,0.18006155736989288,1.3933349012184457e-19,0.4099454365334538
2023-01-23,-0.000542163462631563,0.0,0.026881053060408288,0.3831119530362451,0.18006155736989288,1.3933349012184457e-19,0.4099454365334538
2023-01-24,0.005689059331120228,0.25549551183283137,0.2823765648932396,0.3831119530362451,0.18006155736989288,6.966289981346974e-20,0.15444992470062238
2023-01-25,0.001160233730521826,0.3345114820705153,0.616888046963755,0.3831119530362451,2.7755575615628914e-17,0.0,0.0
2023-01-26,0.004997595634710651,0.0,0.616888046963755,0.3831119530362451,2.7755575615628914e-17,0.0,0.0
2023-01-27,0.0004505073040572933,0.0,0.616888046963755,0.3831119530362451,2.7755575615628914e-17,0.0,0.0
2023-01-30,-0.009140271488782149,0.0,0.616888046963755,0.3831119530362451,2.7755575615628914e-17,0.0,0.0
2023-01-31,0.012133249601709212,0.0,0.616888046963755,0.3831119530362451,2.7755575615628914e-17,0.0,0.0
2023-02-01,0.011161691179526844,0.0,0.616888046963755,0.3831119530362451,2.7755575615628914e-17,0.0,0.0
2023-02-02,0.005767258899380991,0.11282944813542609,0.5248284607386907,0.3623420911258832,0.11282944813542604,0.0,0.0
2023-02-03,-0.013813385265185572,0.0,0.5248284607386907,0.3623420911258832,0.11282944813542604,0.0,0.0
2023-02-06,-0.00565590044839045,0.0,0.5248284607386907,0.3623420911258832,0.11282944813542604,0.0,0.0
2023-02-07,0.004059847016671812,0.0,0.5248284607386907,0.3623420911258832,0.11282944813542604,0.0,0.0
2023-02-08,-0.0037357116079952983,0.0,0.5248284607386907,0.3623420911258832,0.11282944813542604,0.0,0.0
2023-02-09,-0.008875275821987275,0.0,0.5248284607386907,0.3623420911258832,0.11282944813542604,0.0,0.0
2023-02-10,-0.002614445312295819,0.0,0.5248284607386907,0.3623420911258832,0.11282944813542604,0.0,0.0
2023-02-13,0.00863717871930145,0.0,0.5248284607386907,0.3623420911258832,0.11282944813542604,0.0,0.0
2023-02-14,-0.0009903772308379423,0.0,0.5248284607386907,0.3623420911258832,0.11282944813542604,0.0,0.0
2023-02-15,-0.0027989033368396457,0.0,0.5248284607386907,0.3623420911258832,0.11282944813542604,0.0,0.0
2023-02-16,-0.012452182004722602,0.0,0.5248284607386907,0.3623420911258832,0.11282944813542604,0.0,0.0
2023-02-17,0.0018345037965464494,0.0018558917629091856,0.5248284607386907,0.36048619936297405,0.11468533989833524,0.0,0.0
2023-02-21,-0.017964068777974893,0.0,0.5248284607386907,0.36048619936297405,0.11468533989833524,0.0,0.0
2023-02-22,0.001935050036774668,0.0,0.5248284607386907,0.36048619936297405,0.11468533989833524,0.0,0.0
2023-02-23,0.0062536791019509085,0.0,0.5248284607386907,0.36048619936297405,0.11468533989833524,0.0,0.0
2023-02-24,-0.011118357037404155,0.0,0.5248284607386907,0.36048619936297405,0.11468533989833524,0.0,0.0
2023-02-27,0.0032368671178096735,0.0,0.5248284607386907,0.36048619936297405,0.11468533989833524,0.0,0.0
2023-02-28,0.00022045775326157559,0.0,0.5248284607386907,0.36048619936297405,0.11468533989833524,0.0,0.0
2023-03-01,-0.005224037611486087,0.0,0.5248284607386907,0.36048619936297405,0.11468533989833524,0.0,0.0
2023-03-02,0.0008181536083395574,0.0,0.5248284607386907,0.36048619936297405,0.11468533989833524,0.0,0.0
2023-03-03,0.018380078275862126,0.0,0.5248284607386907,0.36048619936297405,0.11468533989833524,0.0,0.0
2023-03-06,-0.0023521290677463503,0.11468533989833526,0.639513800637026,0.36048619936297405,0.0,5.737911304805582e-19,5.82384448763813e-19
2023-03-07,-0.0075920597068448925,0.0,0.639513800637026,0.36048619936297405,0.0,5.737911304805582e-19,5.82384448763813e-19
2023-03-08,0.0013980810355839193,0.0,0.639513800637026,0.36048619936297405,0.0,5.737911304805582e-19,5.82384448763813e-19
2023-03-09,-0.01091371975287304,0.0,0.639513800637026,0.36048619936297405,0.0,5.737911304805582e-19,5.82384448763813e-19
2023-03-10,0.0032036883367230467,0.0,0.639513800637026,0.36048619936297405,0.0,5.737911304805582e-19,5.82384448763813e-19
2023-03-13,-9.199471788460221e-05,0.0,0.639513800637026,0.36048619936297405,0.0,5.737911304805582e-19,5.82384448763813e-19
2023-03-14,0.0046443682097171285,0.0,0.639513800637026,0.36048619936297405,0.0,5.737911304805582e-19,5.82384448763813e-19
2023-03-15,0.002961246567477486,0.0,0.639513800637026,0.36048619936297405,0.0,5.737911304805582e-19,5.82384448763813e-19
2023-03-16,-0.0011462348476862262,0.5438200984731516,0.09569370216387443,0.36048619936297405,0.185111891756342,8.009562660462828e-19,0.3587082067168096
2023-03-17,0.007658460595472821,0.0,0.09569370216387443,0.36048619936297405,0.185111891756342,8.009562660462828e-19,0.3587082067168096
2023-03-20,-0.005061817027456428,0.05574227665044898,0.039951425513425454,0.36048619936297405,0.1861709826288272,2.0704190328135891e-19,0.41339139249477336
2023-03-21,-0.006391070347738961,0.01142016026481561,0.028531265248609803,0.36048619936297405,0.18633273704467035,0.0,0.4246497983437458
2023-03-22,0.0043212502702434045,0.0005894777103033731,0.02794178753830646,0.36048619936297405,0.18655589787318114,0.0,0.4250161152255384
2023-03-23,0.00302567212355866,0.0,0.02794178753830646,0.36048619936297405,0.18655589787318114,0.0,0.4250161152255384
2023-03-24,0.0022021501376255225,0.0,0.02794178753830646,0.36048619936297405,0.18655589787318114,0.0,0.4250161152255384
2023-03-27,-0.011245789295152598,0.05150431615290497,0.07944610369121144,0.36048619936297405,0.18655589787318114,5.498200027761427e-19,0.37351179907263343
2023-03-28,0.0006527921002167781,0.012104157402631918,0.06734194628857954,0.36048619936297405,0.18655589787318114,0.0,0.38561595647526536
2023-03-29,0.008571075102085053,0.5721718543484464,0.6395138006370259,0.3604861993629741,0.0,3.0462846269999277e-18,1.101566883062811e-16
2023-03-30,0.005403303000655451,0.0,0.6395138006370259,0.3604861993629741,0.0,3.0462846269999277e-18,1.101566883062811e-16
2023-03-31,0.014414130876564443,0.0,0.6395138006370259,0.3604861993629741,0.0,3.0462846269999277e-18,1.101566883062811e-16
2023-04-03,0.004132248717272186,0.0,0.6395138006370259,0.3604861993629741,0.0,3.0462846269999277e-18,1.101566883062811e-16
2023-04-04,-0.001755864461723671,0.0,0.6395138006370259,0.3604861993629741,0.0,3.0462846269999277e-18,1.101566883062811e-16
2023-04-05,0.0020944059443609806,0.0,0.6395138006370259,0.3604861993629741,0.0,3.0462846269999277e-18,1.101566883062811e-16
2023-04-06,0.0034270538731921377,0.0,0.6395138006370259,0.3604861993629741,0.0,3.0462846269999277e-18,1.101566883062811e-16
2023-04-10,-0.005156339192576333,0.0,0.6395138006370259,0.3604861993629741,0.0,3.0462846269999277e-18,1.101566883062811e-16
2023-04-11,0.0009145522762947088,0.0,0.6395138006370259,0.3604861993629741,0.0,3.0462846269999277e-18,1.101566883062811e-16
2023-04-12,-0.0029773873210470186,0.0,0.6395138006370259,0.3604861993629741,0.0,3.0462846269999277e-18,1.101566883062811e-16
2023-04-13,0.005661684007033594,0.0,0.6395138006370259,0.3604861993629741,0.0,3.0462846269999277e-18,1.101566883062811e-16
2023-04-14,-0.004859491192179069,0.0,0.6395138006370259,0.3604861993629741,0.0,3.0462846269999277e-18,1.101566883062811e-16
2023-04-17,-0.0019933634019266766,0.0,0.6395138006370259,0.3604861993629741,0.0,3.0462846269999277e-18,1.101566883062811e-16
2023-04-18,0.0017016513481750474,0.0,0.6395138006370259,0.3604861993629741,0.0,3.0462846269999277e-18,1.101566883062811e-16
2023-04-19,-0.00045393321442972615,0.0,0.6395138006370259,0.3604861993629741,0.0,3.0462846269999277e-18,1.101566883062811e-16
2023-04-20,-0.000407987425722347,0.0,0.6395138006370259,0.3604861993629741,0.0,3.0462846269999277e-18,1.101566883062811e-16
2023-04-21,-0.0015288910062564035,0.0,0.6395138006370259,0.3604861993629741,0.0,3.0462846269999277e-18,1.101566883062811e-16
2023-04-24,0.004154500609291879,0.0,0.6395138006370259,0.3604861993629741,0.0,3.0462846269999277e-18,1.101566883062811e-16
2023-04-25,-0.0048506298629755595,0.0,0.6395138006370259,0.3604861993629741,0.0,3.0462846269999277e-18,1.101566883062811e-16
2023-04-26,-0.00655093011003703,0.0,0.6395138006370259,0.3604861993629741,0.0,3.0462846269999277e-18,1.101566883062811e-16
2023-04-27,0.009154496464847088,0.0,0.6395138006370259,0.3604861993629741,0.0,3.0462846269999277e-18,1.101566883062811e-16
2023-04-28,0.011273326282412724,0.0,0.6395138006370259,0.3604861993629741,0.0,3.0462846269999277e-18,1.101566883062811e-16
2023-05-01,-0.011040282677757526,0.0,0.6395138006370259,0.3604861993629741,0.0,3.0462846269999277e-18,1.101566883062811e-16
2023-05-02,0.0017955377050377017,0.0,0.6395138006370259,0.3604861993629741,0.0,3.0462846269999277e-18,1.101566883062811e-16
2023-05-03,-0.002377294322242561,0.0,0.6395138006370259,0.3604861993629741,0.0,3.0462846269999277e-18,1.101566883062811e-16
2023-05-04,-0.006459093799947738,0.11512437495351147,0.5267526808444777,0.3581229442020109,0.1151243749535114,0.0,3.568774229770107e-19
2023-05-05,0.006759081399710791,0.0,0.5267526808444777,0.3581229442020109,0.1151243749535114,0.0,3.568774229770107e-19
2023-05-08,-0.0047374343155780945,0.0,0.5267526808444777,0.3581229442020109,0.1151243749535114,0.0,3.568774229770107e-19
2023-05-09,-0.0027752825858078133,0.0,0.5267526808444777,0.3581229442020109,0.1151243749535114,0.0,3.568774229770107e-19
2023-05-10,0.005771887980869061,0.0,0.5267526808444777,0.3581229442020109,0.1151243749535114,0.0,3.568774229770107e-19
2023-05-11,0.0018793655277420478,0.0,0.5267526808444777,0.3581229442020109,0.1151243749535114,0.0,3.568774229770107e-19
2023-05-12,-0.003884418995473759,0.0,0.5267526808444777,0.3581229442020109,0.1151243749535114,0.0,3.568774229770107e-19
2023-05-15,-0.0016453205004073102,0.0,0.5267526808444777,0.3581229442020109,0.1151243749535114,0.0,3.568774229770107e-19
2023-05-16,-0.006035004609678718,0.0,0.5267526808444777,0.3581229442020109,0.1151243749535114,0.0,3.568774229770107e-19
2023-05-17,0.004951352918461287,0.0,0.5267526808444777,0.3581229442020109,0.1151243749535114,0.0,3.568774229770107e-19
2023-05-18,0.0009275541367527564,0.0,0.5267526808444777,0.3581229442020109,0.1151243749535114,0.0,3.568774229770107e-19
2023-05-19,-0.0021591931440051713,0.0,0.5267526808444777,0.3581229442020109,0.1151243749535114,0.0,3.568774229770107e-19
2023-05-22,-0.0013310172168739351,0.0,0.5267526808444777,0.3581229442020109,0.1151243749535114,0.0,3.568774229770107e-19
2023-05-23,-0.004742403041109408,0.0,0.5267526808444777,0.3581229442020109,0.1151243749535114,0.0,3.568774229770107e-19
2023-05-24,-0.00651742223324749,0.0,0.5267526808444777,0.3581229442020109,0.1151243749535114,0.0,3.568774229770107e-19
2023-05-25,0.0025638039463333337,0.0,0.5267526808444777,0.3581229442020109,0.1151243749535114,0.0,3.568774229770107e-19
2023-05-26,0.010174474839265327,0.0,0.5267526808444777,0.3581229442020109,0.1151243749535114,0.0,3.568774229770107e-19
2023-05-30,0.004491494380093495,0.0,0.5267526808444777,0.3581229442020109,0.1151243749535114,0.0,3.568774229770107e-19
2023-05-31,0.0003587700204673765,0.0026387639431108834,0.5267526808444777,0.35548418025890005,0.11776313889662231,1.2674621036192623e-19,2.72769479943779e-20
