date,gross,turnover,w_SPY,w_TLT,w_GLD,w_USO,w_UUP
2019-01-02,0.0035399719197794733,0.401153125257335,0.601153125257335,0.19999999999999998,0.07456671977184004,0.07245217011377378,0.05182798485705124
2019-01-03,-0.014190852480941403,0.09643906145781828,0.6975921867151532,0.19999999999999993,0.04670111489124735,0.0038787135365482305,0.05182798485705123
2019-01-04,0.025917513430563654,0.16586620769387556,0.6975921867151532,0.08596177716317557,0.04670111489124735,0.1697449212304238,0.0
2019-01-07,0.0072424724338737,0.0,0.6975921867151532,0.08596177716317557,0.04670111489124735,0.1697449212304238,0.0
2019-01-08,0.009665873377669127,0.0,0.6975921867151532,0.08596177716317557,0.04670111489124735,0.1697449212304238,0.0
2019-01-09,0.0030422512474231078,0.21644603612167113,0.7385252226645256,0.26147477733547436,8.006993681333546e-17,0.0,2.20410210365758e-17
2019-01-10,0.000922906388019932,0.0,0.7385252226645256,0.26147477733547436,8.006993681333546e-17,0.0,2.20410210365758e-17
2019-01-11,0.00130562088972793,0.0,0.7385252226645256,0.26147477733547436,8.006993681333546e-17,0.0,2.20410210365758e-17
2019-01-14,-0.00547870881959142,0.0,0.7385252226645256,0.26147477733547436,8.006993681333546e-17,0.0,2.20410210365758e-17
2019-01-15,0.007509234627335908,0.0,0.7385252226645256,0.26147477733547436,8.006993681333546e-17,0.0,2.20410210365758e-17
2019-01-16,0.0020487035383616676,0.0,0.7385252226645256,0.26147477733547436,8.006993681333546e-17,0.0,2.20410210365758e-17
2019-01-17,0.005668185887978976,0.0,0.7385252226645256,0.26147477733547436,8.006993681333546e-17,0.0,2.20410210365758e-17
2019-01-18,0.008458794548032738,0.0,0.7385252226645256,0.26147477733547436,8.006993681333546e-17,0.0,2.20410210365758e-17
2019-01-22,-0.008206047163438063,0.0,0.7385252226645256,0.26147477733547436,8.006993681333546e-17,0.0,2.20410210365758e-17
2019-01-23,0.0014365477163025113,0.0,0.7385252226645256,0.26147477733547436,8.006993681333546e-17,0.0,2.20410210365758e-17
2019-01-24,0.0021093160567900006,0.0,0.7385252226645256,0.26147477733547436,8.006993681333546e-17,0.0,2.20410210365758e-17
2019-01-25,0.004996994226073442,0.0,0.7385252226645256,0.26147477733547436,8.006993681333546e-17,0.0,2.20410210365758e-17
2019-01-28,-0.005873587791216699,0.0,0.7385252226645256,0.26147477733547436,8.006993681333546e-17,0.0,2.20410210365758e-17
2019-01-29,0.00034461156497713743,0.0,0.7385252226645256,0.26147477733547436,8.006993681333546e-17,0.0,2.20410210365758e-17
2019-01-30,0.011497067613365834,0.0,0.7385252226645256,0.26147477733547436,8.006993681333546e-17,0.0,2.20410210365758e-17
2019-01-31,0.008734849755906604,0.0,0.7385252226645256,0.26147477733547436,8.006993681333546e-17,0.0,2.20410210365758e-17
2019-02-01,-0.001223805055637378,0.0,0.7385252226645256,0.26147477733547436,8.006993681333546e-17,0.0,2.20410210365758e-17
2019-02-04,0.004028842899946129,0.0,0.7385252226645256,0.26147477733547436,8.006993681333546e-17,0.0,2.20410210365758e-17
2019-02-05,0.004289859557578601,0.0,0.7385252226645256,0.26147477733547436,8.006993681333546e-17,0.0,2.20410210365758e-17
2019-02-06,-0.0008439107278112466,0.0,0.7385252226645256,0.26147477733547436,8.006993681333546e-17,0.0,2.20410210365758e-17
2019-02-07,-0.00531166946466934,0.0,0.7385252226645256,0.26147477733547436,8.006993681333546e-17,0.0,2.20410210365758e-17
2019-02-08,0.0020180354731713706,0.0,0.7385252226645256,0.26147477733547436,8.006993681333546e-17,0.0,2.20410210365758e-17
2019-02-11,-0.0006160640223123767,0.0,0.7385252226645256,0.26147477733547436,8.006993681333546e-17,0.0,2.20410210365758e-17
2019-02-12,0.008831821556971233,0.0,0.7385252226645256,0.26147477733547436,8.006993681333546e-17,0.0,2.20410210365758e-17
2019-02-13,0.0014084131191423913,0.0,0.7385252226645256,0.26147477733547436,8.006993681333546e-17,0.0,2.20410210365758e-17
2019-02-14,-0.00014856827526632185,0.0,0.7385252226645256,0.26147477733547436,8.006993681333546e-17,0.0,2.20410210365758e-17
2019-02-15,0.008456155112525975,0.0,0.7385252226645256,0.26147477733547436,8.006993681333546e-17,0.0,2.20410210365758e-17
2019-02-19,0.0019424191915130156,0.0,0.7385252226645256,0.26147477733547436,8.006993681333546e-17,0.0,2.20410210365758e-17
2019-02-20,0.0007402334805662785,0.0,0.7385252226645256,0.26147477733547436,8.006993681333546e-17,0.0,2.20410210365758e-17
2019-02-21,-0.004963618462090425,0.0,0.7385252226645256,0.26147477733547436,8.006993681333546e-17,0.0,2.20410210365758e-17
2019-02-22,0.006136965950952278,0.0,0.7385252226645256,0.26147477733547436,8.006993681333546e-17,0.0,2.20410210365758e-17
2019-02-25,0.00023083897790246563,0.0,0.7385252226645256,0.26147477733547436,8.006993681333546e-17,0.0,2.20410210365758e-17
2019-02-26,0.0007658515534173706,0.0,0.7385252226645256,0.26147477733547436,8.006993681333546e-17,0.0,2.20410210365758e-17
2019-02-27,-0.003279586274957045,0.0,0.7385252226645256,0.26147477733547436,8.006993681333546e-17,0.0,2.20410210365758e-17
2019-02-28,-0.002265293546194912,0.0,0.7385252226645256,0.26147477733547436,8.006993681333546e-17,0.0,2.20410210365758e-17
2019-03-01,0.00219406925807802,0.0,0.7385252226645256,0.26147477733547436,8.006993681333546e-17,0.0,2.20410210365758e-17
2019-03-04,-0.0006370035331372931,0.0,0.7385252226645256,0.26147477733547436,8.006993681333546e-17,0.0,2.20410210365758e-17
2019-03-05,-0.00045743065385010534,0.0,0.7385252226645256,0.26147477733547436,8.006993681333546e-17,0.0,2.20410210365758e-17
2019-03-06,-0.003513645779834702,0.0,0.7385252226645256,0.26147477733547436,8.006993681333546e-17,0.0,2.20410210365758e-17
2019-03-07,-0.00448223119646529,0.0,0.7385252226645256,0.26147477733547436,8.006993681333546e-17,0.0,2.20410210365758e-17
2019-03-08,-0.00037553268223079295,0.0,0.7385252226645256,0.26147477733547436,8.006993681333546e-17,0.0,2.20410210365758e-17
2019-03-11,0.00993517067326951,0.0,0.7385252226645256,0.26147477733547436,8.006993681333546e-17,0.0,2.20410210365758e-17
2019-03-12,0.004618502395848039,0.0,0.7385252226645256,0.26147477733547436,8.006993681333546e-17,0.0,2.20410210365758e-17
2019-03-13,0.004395832201488397,0.0,0.7385252226645256,0.26147477733547436,8.006993681333546e-17,0.0,2.20410210365758e-17
2019-03-14,-0.0023612108650446764,0.0,0.7385252226645256,0.26147477733547436,8.006993681333546e-17,0.0,2.20410210365758e-17
2019-03-15,0.005378137904455318,0.0,0.7385252226645256,0.26147477733547436,8.006993681333546e-17,0.0,2.20410210365758e-17
2019-03-18,0.002527751245584396,0.0,0.7385252226645256,0.26147477733547436,8.006993681333546e-17,0.0,2.20410210365758e-17
2019-03-19,-0.0003972956975538688,0.0,0.7385252226645256,0.26147477733547436,8.006993681333546e-17,0.0,2.20410210365758e-17
2019-03-20,0.0005126429326498148,0.0,0.7385252226645256,0.26147477733547436,8.006993681333546e-17,0.0,2.20410210365758e-17
2019-03-21,0.008916557720640272,0.0,0.7385252226645256,0.26147477733547436,8.006993681333546e-17,0.0,2.20410210365758e-17
2019-03-22,-0.0101521430875117,0.0,0.7385252226645256,0.26147477733547436,8.006993681333546e-17,0.0,2.20410210365758e-17
2019-03-25,-0.00013640244992269506,0.0,0.7385252226645256,0.26147477733547436,8.006993681333546e-17,0.0,2.20410210365758e-17
2019-03-26,0.005316582878846424,0.0,0.7385252226645256,0.26147477733547436,8.006993681333546e-17,0.0,2.20410210365758e-17
2019-03-27,-0.0014553876656866705,0.0,0.7385252226645256,0.26147477733547436,8.006993681333546e-17,0.0,2.20410210365758e-17
2019-03-28,0.003711677358301544,0.0,0.7385252226645256,0.26147477733547436,8.006993681333546e-17,0.0,2.20410210365758e-17
2019-03-29,0.004408844324737034,0.0,0.7385252226645256,0.26147477733547436,8.006993681333546e-17,0.0,2.20410210365758e-17
2019-04-01,0.005044207520155691,0.0,0.7385252226645256,0.26147477733547436,8.006993681333546e-17,0.0,2.20410210365758e-17
2019-04-02,0.0008455387636578456,0.0,0.7385252226645256,0.26147477733547436,8.006993681333546e-17,0.0,2.20410210365758e-17
2019-04-03,-0.0011046165887733882,0.0,0.7385252226645256,0.26147477733547436,8.006993681333546e-17,0.0,2.20410210365758e-17
2019-04-04,0.0027005496350798698,0.0,0.7385252226645256,0.26147477733547436,8.006993681333546e-17,0.0,2.20410210365758e-17
2019-04-05,0.003912373390004591,0.0,0.7385252226645256,0.26147477733547436,8.006993681333546e-17,0.0,2.20410210365758e-17
2019-04-08,-0.0003645789758219163,0.0,0.7385252226645256,0.26147477733547436,8.006993681333546e-17,0.0,2.20410210365758e-17
2019-04-09,-0.0029596408814979917,0.0,0.7385252226645256,0.26147477733547436,8.006993681333546e-17,0.0,2.20410210365758e-17
2019-04-10,0.0031518864796549924,0.0,0.7385252226645256,0.26147477733547436,8.006993681333546e-17,0.0,2.20410210365758e-17
2019-04-11,-0.0017409088887581753,0.0,0.7385252226645256,0.26147477733547436,8.006993681333546e-17,0.0,2.20410210365758e-17
2019-04-12,0.0031344588952787146,0.0,0.7385252226645256,0.26147477733547436,8.006993681333546e-17,0.0,2.20410210365758e-17
2019-04-15,0.0001773216817708329,0.0,0.7385252226645256,0.26147477733547436,8.006993681333546e-17,0.0,2.20410210365758e-17
2019-04-16,-0.001153410437025249,0.0,0.7385252226645256,0.26147477733547436,8.006993681333546e-17,0.0,2.20410210365758e-17
2019-04-17,-0.001700027275561235,0.0,0.7385252226645256,0.26147477733547436,8.006993681333546e-17,0.0,2.20410210365758e-17
2019-04-18,0.002822951149058243,0.0,0.7385252226645256,0.26147477733547436,8.006993681333546e-17,0.0,2.20410210365758e-17
2019-04-22,-0.0006187120847965386,0.0,0.7385252226645256,0.26147477733547436,8.006993681333546e-17,0.0,2.20410210365758e-17
2019-04-23,0.007196489290129306,0.0,0.7385252226645256,0.26147477733547436,8.006993681333546e-17,0.0,2.20410210365758e-17
2019-04-24,0.0004942850074031084,0.0,0.7385252226645256,0.26147477733547436,8.006993681333546e-17,0.0,2.20410210365758e-17
2019-04-25,-0.0008358269640314997,0.0,0.7385252226645256,0.26147477733547436,8.006993681333546e-17,0.0,2.20410210365758e-17
2019-04-26,0.0043292966414452475,0.0,0.7385252226645256,0.26147477733547436,8.006993681333546e-17,0.0,2.20410210365758e-17
2019-04-29,-0.0005106080463315444,0.0,0.7385252226645256,0.26147477733547436,8.006993681333546e-17,0.0,2.20410210365758e-17
2019-04-30,0.0017160532324834083,0.0,0.7385252226645256,0.26147477733547436,8.006993681333546e-17,0.0,2.20410210365758e-17
2019-05-01,-0.004472500540255545,0.0,0.7385252226645256,0.26147477733547436,8.006993681333546e-17,0.0,2.20410210365758e-17
2019-05-02,-0.002839840359916886,0.0,0.7385252226645256,0.26147477733547436,8.006993681333546e-17,0.0,2.20410210365758e-17
2019-05-03,0.007970935024907387,0.0,0.7385252226645256,0.26147477733547436,8.006993681333546e-17,0.0,2.20410210365758e-17
2019-05-06,-0.0023206284398738794,0.0,0.7385252226645256,0.26147477733547436,8.006993681333546e-17,0.0,2.20410210365758e-17
2019-05-07,-0.010329415306899965,0.0,0.7385252226645256,0.26147477733547436,8.006993681333546e-17,0.0,2.20410210365758e-17
2019-05-08,-0.0021563214307869253,0.0,0.7385252226645256,0.26147477733547436,8.006993681333546e-17,0.0,2.20410210365758e-17
2019-05-09,-0.001163014046998063,0.0,0.7385252226645256,0.26147477733547436,8.006993681333546e-17,0.0,2.20410210365758e-17
2019-05-10,0.00335443496187498,0.0,0.7385252226645256,0.26147477733547436,8.006993681333546e-17,0.0,2.20410210365758e-17
2019-05-13,-0.016505182632267506,0.0,0.7385252226645256,0.26147477733547436,8.006993681333546e-17,0.0,2.20410210365758e-17
2019-05-14,0.005909313848897785,0.0,0.7385252226645256,0.26147477733547436,8.006993681333546e-17,0.0,2.20410210365758e-17
2019-05-15,0.00593204876916012,0.0,0.7385252226645256,0.26147477733547436,8.006993681333546e-17,0.0,2.20410210365758e-17
2019-05-16,0.005969143468145183,0.0,0.7385252226645256,0.26147477733547436,8.006993681333546e-17,0.0,2.20410210365758e-17
2019-05-17,-0.0041922913895846795,0.0,0.7385252226645256,0.26147477733547436,8.006993681333546e-17,0.0,2.20410210365758e-17
2019-05-20,-0.005423032658352816,0.0,0.7385252226645256,0.26147477733547436,8.006993681333546e-17,0.0,2.20410210365758e-17
2019-05-21,0.006242556927273551,0.0,0.7385252226645256,0.26147477733547436,8.006993681333546e-17,0.0,2.20410210365758e-17
2019-05-22,-0.0007685896233062929,0.0,0.7385252226645256,0.26147477733547436,8.006993681333546e-17,0.0,2.20410210365758e-17
2019-05-23,-0.006082899092115231,0.0,0.7385252226645256,0.26147477733547436,8.006993681333546e-17,0.0,2.20410210365758e-17
2019-05-24,0.0019007016203684503,0.0,0.7385252226645256,0.26147477733547436,8.006993681333546e-17,0.0,2.20410210365758e-17
2019-05-28,-0.004986415642807745,0.0,0.7385252226645256,0.26147477733547436,8.006993681333546e-17,0.0,2.20410210365758e-17
2019-05-29,-0.004163458832376347,0.0,0.7385252226645256,0.26147477733547436,8.006993681333546e-17,0.0,2.20410210365758e-17
2019-05-30,0.0042655543592531805,0.0,0.7385252226645256,0.26147477733547436,8.006993681333546e-17,0.0,2.20410210365758e-17
2019-05-31,-0.006678560351082328,0.0,0.7385252226645256,0.26147477733547436,8.006993681333546e-17,0.0,2.20410210365758e-17
2019-06-03,0.006484469296487306,0.6964191926633964,0.04210603000112919,0.6785277592403004,0.1791604466046391,0.0,0.10020576415393137
2019-06-04,0.006424828612650601,0.49631869060307165,0.5384247206042009,0.46157527939579923,0.0,0.0,1.6004850522788334e-17
2019-06-05,0.0020552109067061364,0.0,0.5384247206042009,0.46157527939579923,0.0,0.0,1.6004850522788334e-17
2019-06-06,0.004990216595107418,0.0,0.5384247206042009,0.46157527939579923,0.0,0.0,1.6004850522788334e-17
2019-06-07,0.00938151553463783,0.0,0.5384247206042009,0.46157527939579923,0.0,0.0,1.6004850522788334e-17
2019-06-10,-0.0018737739226950766,0.0,0.5384247206042009,0.46157527939579923,0.0,0.0,1.6004850522788334e-17
2019-06-11,0.00015225775711438002,0.0,0.5384247206042009,0.46157527939579923,0.0,0.0,1.6004850522788334e-17
2019-06-12,-0.0005967557066713554,0.0,0.5384247206042009,0.46157527939579923,0.0,0.0,1.6004850522788334e-17
2019-06-13,0.0038109699461581666,0.0,0.5384247206042009,0.46157527939579923,0.0,0.0,1.6004850522788334e-17
2019-06-14,0.0005667666066580381,0.0,0.5384247206042009,0.46157527939579923,0.0,0.0,1.6004850522788334e-17
2019-06-17,0.00101223149725265,0.0,0.5384247206042009,0.46157527939579923,0.0,0.0,1.6004850522788334e-17
2019-06-18,0.007951357620791886,0.0,0.5384247206042009,0.46157527939579923,0.0,0.0,1.6004850522788334e-17
2019-06-19,0.001878092657866903,0.0,0.5384247206042009,0.46157527939579923,0.0,0.0,1.6004850522788334e-17
2019-06-20,0.006362837593812273,0.0,0.5384247206042009,0.46157527939579923,0.0,0.0,1.6004850522788334e-17
2019-06-21,-0.005853625788145115,0.0,0.5384247206042009,0.46157527939579923,0.0,0.0,1.6004850522788334e-17
2019-06-24,0.0027823218824542884,0.0,0.5384247206042009,0.46157527939579923,0.0,0.0,1.6004850522788334e-17
2019-06-25,-0.003851626803786798,0.0,0.5384247206042009,0.46157527939579923,0.0,0.0,1.6004850522788334e-17
2019-06-26,-0.0034908809966409018,0.0,0.5384247206042009,0.46157527939579923,0.0,0.0,1.6004850522788334e-17
2019-06-27,0.005161912727164444,0.0,0.5384247206042009,0.46157527939579923,0.0,0.0,1.6004850522788334e-17
2019-06-28,0.0024582228775009074,0.0,0.5384247206042009,0.46157527939579923,0.0,0.0,1.6004850522788334e-17
2019-07-01,0.0038082540259825877,0.0,0.5384247206042009,0.46157527939579923,0.0,0.0,1.6004850522788334e-17
2019-07-02,0.004962623041555784,0.0,0.5384247206042009,0.46157527939579923,0.0,0.0,1.6004850522788334e-17
2019-07-03,0.007595456345948118,0.0,0.5384247206042009,0.46157527939579923,0.0,0.0,1.6004850522788334e-17
2019-07-05,-0.006734745601190946,0.0,0.5384247206042009,0.46157527939579923,0.0,0.0,1.6004850522788334e-17
2019-07-08,-0.002330904916284984,0.0,0.5384247206042009,0.46157527939579923,0.0,0.0,1.6004850522788334e-17
2019-07-09,0.0004970899398583946,0.0,0.5384247206042009,0.46157527939579923,0.0,0.0,1.6004850522788334e-17
2019-07-10,3.0686827471968804e-05,0.0,0.5384247206042009,0.46157527939579923,0.0,0.0,1.6004850522788334e-17
2019-07-11,-0.004899705985702808,0.0,0.5384247206042009,0.46157527939579923,0.0,0.0,1.6004850522788334e-17
2019-07-12,0.002942709296364756,0.0,0.5384247206042009,0.46157527939579923,0.0,0.0,1.6004850522788334e-17
2019-07-15,0.0028374016444251324,0.0,0.5384247206042009,0.46157527939579923,0.0,0.0,1.6004850522788334e-17
2019-07-16,-0.0031111041594982687,0.0,0.5384247206042009,0.46157527939579923,0.0,0.0,1.6004850522788334e-17
2019-07-17,0.0011362988076715395,0.010447492228061248,0.5488722128322621,0.45112778716773794,5.31179951331919e-20,0.0,0.0
2019-07-18,0.0020434937738856985,0.0,0.5488722128322621,0.45112778716773794,5.31179951331919e-20,0.0,0.0
2019-07-19,-0.004108434153189802,0.0,0.5488722128322621,0.45112778716773794,5.31179951331919e-20,0.0,0.0
2019-07-22,0.0022047367981882842,0.0,0.5488722128322621,0.45112778716773794,5.31179951331919e-20,0.0,0.0
2019-07-23,0.001462549745556473,0.0,0.5488722128322621,0.45112778716773794,5.31179951331919e-20,0.0,0.0
2019-07-24,0.004538943179847337,0.0,0.5488722128322621,0.45112778716773794,5.31179951331919e-20,0.0,0.0
2019-07-25,-0.004778377140013596,0.0,0.5488722128322621,0.45112778716773794,5.31179951331919e-20,0.0,0.0
2019-07-26,0.004743643509729343,0.0,0.5488722128322621,0.45112778716773794,5.31179951331919e-20,0.0,0.0
2019-07-29,-0.0008622498681316164,0.0,0.5488722128322621,0.45112778716773794,5.31179951331919e-20,0.0,0.0
2019-07-30,-0.0002498339659168429,0.0,0.5488722128322621,0.45112778716773794,5.31179951331919e-20,0.0,0.0
2019-07-31,-0.002377371892726685,0.0,0.5488722128322621,0.45112778716773794,5.31179951331919e-20,0.0,0.0
2019-08-01,0.004180030195529023,0.0,0.5488722128322621,0.45112778716773794,5.31179951331919e-20,0.0,0.0
2019-08-02,3.6375276421469e-05,0.0,0.5488722128322621,0.45112778716773794,5.31179951331919e-20,0.0,0.0
2019-08-05,-0.008707073934378046,0.0,0.5488722128322621,0.45112778716773794,5.31179951331919e-20,0.0,0.0
2019-08-06,0.011302727810124626,0.0,0.5488722128322621,0.45112778716773794,5.31179951331919e-20,0.0,0.0
2019-08-07,0.0004853498337455784,0.0,0.5488722128322621,0.45112778716773794,5.31179951331919e-20,0.0,0.0
2019-08-08,0.011735402937759938,0.0,0.5488722128322621,0.45112778716773794,5.31179951331919e-20,0.0,0.0
2019-08-09,-0.0046387038359012095,0.0,0.5488722128322621,0.45112778716773794,5.31179951331919e-20,0.0,0.0
2019-08-12,0.002724369122774779,0.0,0.5488722128322621,0.45112778716773794,5.31179951331919e-20,0.0,0.0
2019-08-13,0.00698946782199513,0.0,0.5488722128322621,0.45112778716773794,5.31179951331919e-20,0.0,0.0
2019-08-14,-0.006164418920413889,0.0019015175229891434,0.5507737303552512,0.4492262696447488,0.0,1.3385752856443802e-20,0.0
2019-08-15,0.008660891165246369,0.5507737303552512,8.863971836300487e-18,0.6365079574953122,0.22186787202024671,6.675718712021819e-20,0.14162417048444112
2019-08-16,-0.0064125834814534165,0.0,8.863971836300487e-18,0.6365079574953122,0.22186787202024671,6.675718712021819e-20,0.14162417048444112
2019-08-19,-0.011379892333979954,0.0,8.863971836300487e-18,0.6365079574953122,0.22186787202024671,6.675718712021819e-20,0.14162417048444112
2019-08-20,0.007995691996495505,0.0,8.863971836300487e-18,0.6365079574953122,0.22186787202024671,6.675718712021819e-20,0.14162417048444112
2019-08-21,-0.004785283928135305,0.0,8.863971836300487e-18,0.6365079574953122,0.22186787202024671,6.675718712021819e-20,0.14162417048444112
2019-08-22,-0.004896260688966566,0.0,8.863971836300487e-18,0.6365079574953122,0.22186787202024671,6.675718712021819e-20,0.14162417048444112
2019-08-23,0.014010527029373342,0.0,8.863971836300487e-18,0.6365079574953122,0.22186787202024671,6.675718712021819e-20,0.14162417048444112
2019-08-26,-0.0017946021027026623,0.0,8.863971836300487e-18,0.6365079574953122,0.22186787202024671,6.675718712021819e-20,0.14162417048444112
2019-08-27,0.011825327762443532,0.0,8.863971836300487e-18,0.6365079574953122,0.22186787202024671,6.675718712021819e-20,0.14162417048444112
2019-08-28,0.0005133321723868278,0.0,8.863971836300487e-18,0.6365079574953122,0.22186787202024671,6.675718712021819e-20,0.14162417048444112
2019-08-29,-0.0036299837810831177,0.0,8.863971836300487e-18,0.6365079574953122,0.22186787202024671,6.675718712021819e-20,0.14162417048444112
2019-08-30,0.00013255586601791398,0.0,8.863971836300487e-18,0.6365079574953122,0.22186787202024671,6.675718712021819e-20,0.14162417048444112
2019-09-03,0.004225577349320744,0.0,8.863971836300487e-18,0.6365079574953122,0.22186787202024671,6.675718712021819e-20,0.14162417048444112
2019-09-04,0.0014422166036116447,0.0,8.863971836300487e-18,0.6365079574953122,0.22186787202024671,6.675718712021819e-20,0.14162417048444112
2019-09-05,-0.016799318950365995,0.0,8.863971836300487e-18,0.6365079574953122,0.22186787202024671,6.675718712021819e-20,0.14162417048444112
2019-09-06,0.0026906241903926235,0.0,8.863971836300487e-18,0.6365079574953122,0.22186787202024671,6.675718712021819e-20,0.14162417048444112
2019-09-09,-0.009762586168047068,0.3603343916672773,0.36033439166727727,0.5503545245137269,1.035423564731129e-17,0.0,0.08931108381899586
2019-09-10,-0.008046775873979327,0.18792072012389127,0.5482551117911685,0.45174488820883146,1.5932448878823299e-19,0.0,0.0
2019-09-11,0.003218502617435223,0.01379446070191545,0.562049572493084,0.43795042750691604,1.849281323131049e-19,0.0,4.9858647071597426e-20
2019-09-12,-0.0009220957265545222,0.0,0.562049572493084,0.43795042750691604,1.849281323131049e-19,0.0,4.9858647071597426e-20
2019-09-13,-0.009727395759057253,0.0,0.562049572493084,0.43795042750691604,1.849281323131049e-19,0.0,4.9858647071597426e-20
2019-09-16,0.0038450893249924742,0.0,0.562049572493084,0.43795042750691604,1.849281323131049e-19,0.0,4.9858647071597426e-20
2019-09-17,0.003531508357522158,0.5620495724930841,0.0,0.6462100678023164,0.2492846197447959,2.4515716295938378e-18,0.10450531245288781
2019-09-18,0.001704166539383814,0.16612294364413274,0.1661229436441327,0.5506664463990731,0.17870529750390637,1.2328996960676278e-19,0.10450531245288781
2019-09-19,0.001299728836856529,0.3895681666330664,0.5556911102771991,0.4443088897228009,1.1974939750453635e-17,0.0,0.0
2019-09-20,0.0032437993730127634,0.0,0.5556911102771991,0.4443088897228009,1.1974939750453635e-17,0.0,0.0
2019-09-23,-0.00022422464160167112,0.0,0.5556911102771991,0.4443088897228009,1.1974939750453635e-17,0.0,0.0
2019-09-24,0.0009955498091623717,0.0,0.5556911102771991,0.4443088897228009,1.1974939750453635e-17,0.0,0.0
2019-09-25,-0.003212347796601766,0.0,0.5556911102771991,0.4443088897228009,1.1974939750453635e-17,0.0,0.0
2019-09-26,0.0017004393514706774,0.0,0.5556911102771991,0.4443088897228009,1.1974939750453635e-17,0.0,0.0
2019-09-27,-0.001901437123711962,0.0,0.5556911102771991,0.4443088897228009,1.1974939750453635e-17,0.0,0.0
2019-09-30,0.0036666868172026664,0.0,0.5556911102771991,0.4443088897228009,1.1974939750453635e-17,0.0,0.0
2019-10-01,-0.005272311855478174,0.0,0.5556911102771991,0.4443088897228009,1.1974939750453635e-17,0.0,0.0
2019-10-02,-0.008730524439909178,0.0,0.5556911102771991,0.4443088897228009,1.1974939750453635e-17,0.0,0.0
2019-10-03,0.008605881143222333,0.0,0.5556911102771991,0.4443088897228009,1.1974939750453635e-17,0.0,0.0
2019-10-04,0.010799955184791972,0.0,0.5556911102771991,0.4443088897228009,1.1974939750453635e-17,0.0,0.0
2019-10-07,-0.0060801985908874295,0.0,0.5556911102771991,0.4443088897228009,1.1974939750453635e-17,0.0,0.0
2019-10-08,-0.007430311594451393,0.0,0.5556911102771991,0.4443088897228009,1.1974939750453635e-17,0.0,0.0
2019-10-09,-0.0034568767630589587,0.5556911102771991,6.86597167525245e-18,0.6349507207501707,0.24127340099439987,2.762223044643984e-19,0.12377587825542952
2019-10-10,-0.012067050876845363,0.0,6.86597167525245e-18,0.6349507207501707,0.24127340099439987,2.762223044643984e-19,0.12377587825542952
2019-10-11,-0.009654875358854386,0.0,6.86597167525245e-18,0.6349507207501707,0.24127340099439987,2.762223044643984e-19,0.12377587825542952
2019-10-14,0.005945506548500977,0.0,6.86597167525245e-18,0.6349507207501707,0.24127340099439987,2.762223044643984e-19,0.12377587825542952
2019-10-15,-0.00972512234988339,0.0,6.86597167525245e-18,0.6349507207501707,0.24127340099439987,2.762223044643984e-19,0.12377587825542952
2019-10-16,0.0018316907976331826,0.0,6.86597167525245e-18,0.6349507207501707,0.24127340099439987,2.762223044643984e-19,0.12377587825542952
2019-10-17,0.0005447683305555527,0.5529825440000474,0.5529825440000474,0.4470174559999526,1.5809784515312714e-17,2.586704008516874e-19,3.6598176620956437e-17
2019-10-18,-0.002420495089322998,0.0,0.5529825440000474,0.4470174559999526,1.5809784515312714e-17,2.586704008516874e-19,3.6598176620956437e-17
2019-10-21,0.00038593196650813866,0.0,0.5529825440000474,0.4470174559999526,1.5809784515312714e-17,2.586704008516874e-19,3.6598176620956437e-17
2019-10-22,0.0008072385364673478,0.0,0.5529825440000474,0.4470174559999526,1.5809784515312714e-17,2.586704008516874e-19,3.6598176620956437e-17
2019-10-23,0.002058268755131558,0.0,0.5529825440000474,0.4470174559999526,1.5809784515312714e-17,2.586704008516874e-19,3.6598176620956437e-17
2019-10-24,6.080784222080391e-06,0.0,0.5529825440000474,0.4470174559999526,1.5809784515312714e-17,2.586704008516874e-19,3.6598176620956437e-17
2019-10-25,8.079941131063344e-05,0.0,0.5529825440000474,0.4470174559999526,1.5809784515312714e-17,2.586704008516874e-19,3.6598176620956437e-17
2019-10-28,-0.0009492718614699833,0.0,0.5529825440000474,0.4470174559999526,1.5809784515312714e-17,2.586704008516874e-19,3.6598176620956437e-17
2019-10-29,0.00012929653728133568,0.0,0.5529825440000474,0.4470174559999526,1.5809784515312714e-17,2.586704008516874e-19,3.6598176620956437e-17
2019-10-30,0.008237817289482734,0.0,0.5529825440000474,0.4470174559999526,1.5809784515312714e-17,2.586704008516874e-19,3.6598176620956437e-17
2019-10-31,0.004557557092978309,0.0,0.5529825440000474,0.4470174559999526,1.5809784515312714e-17,2.586704008516874e-19,3.6598176620956437e-17
2019-11-01,0.0037467059209840272,0.0,0.5529825440000474,0.4470174559999526,1.5809784515312714e-17,2.586704008516874e-19,3.6598176620956437e-17
2019-11-04,-0.003661737524519193,0.0,0.5529825440000474,0.4470174559999526,1.5809784515312714e-17,2.586704008516874e-19,3.6598176620956437e-17
2019-11-05,-0.005638963182201741,0.0,0.5529825440000474,0.4470174559999526,1.5809784515312714e-17,2.586704008516874e-19,3.6598176620956437e-17
2019-11-06,0.0028312908032039836,0.0,0.5529825440000474,0.4470174559999526,1.5809784515312714e-17,2.586704008516874e-19,3.6598176620956437e-17
2019-11-07,-0.006064643033007771,0.00416273215293894,0.5571452761529864,0.4428547238470137,0.0,1.8345788274204894e-19,0.0
2019-11-08,-0.000489430014931094,0.0,0.5571452761529864,0.4428547238470137,0.0,1.8345788274204894e-19,0.0
2019-11-11,-0.0007683840247463144,0.0,0.5571452761529864,0.4428547238470137,0.0,1.8345788274204894e-19,0.0
2019-11-12,0.0032081822093287015,0.0,0.5571452761529864,0.4428547238470137,0.0,1.8345788274204894e-19,0.0
2019-11-13,0.0030540930812718104,0.0,0.5571452761529864,0.4428547238470137,0.0,1.8345788274204894e-19,0.0
2019-11-14,0.005385350950586786,0.0,0.5571452761529864,0.4428547238470137,0.0,1.8345788274204894e-19,0.0
2019-11-15,0.003550267660697883,0.0,0.5571452761529864,0.4428547238470137,0.0,1.8345788274204894e-19,0.0
2019-11-18,0.001214611066655007,0.0,0.5571452761529864,0.4428547238470137,0.0,1.8345788274204894e-19,0.0
2019-11-19,0.0035296015237892813,0.0,0.5571452761529864,0.4428547238470137,0.0,1.8345788274204894e-19,0.0
2019-11-20,0.002510688893428147,0.0,0.5571452761529864,0.4428547238470137,0.0,1.8345788274204894e-19,0.0
2019-11-21,-0.0036509042786763875,0.0037489907521501553,0.5608942669051366,0.43910573309486356,0.0,1.2183649489076504e-19,1.0966949894854933e-19
2019-11-22,0.0018131108369810306,0.0,0.5608942669051366,0.43910573309486356,0.0,1.2183649489076504e-19,1.0966949894854933e-19
2019-11-25,0.00563385591299806,0.0,0.5608942669051366,0.43910573309486356,0.0,1.2183649489076504e-19,1.0966949894854933e-19
2019-11-26,0.003836836698413051,0.0,0.5608942669051366,0.43910573309486356,0.0,1.2183649489076504e-19,1.0966949894854933e-19
2019-11-27,0.0012249288721001266,0.0,0.5608942669051366,0.43910573309486356,0.0,1.2183649489076504e-19,1.0966949894854933e-19
2019-11-29,-0.0030326363850285286,0.010249836203366086,0.5711441031085026,0.42885589689149745,0.0,3.3145612457834135e-22,2.2494343921305005e-19
2019-12-02,-0.010569661204684744,0.0,0.5711441031085026,0.42885589689149745,0.0,3.3145612457834135e-22,2.2494343921305005e-19
2019-12-03,0.005161497743017584,0.0,0.5711441031085026,0.42885589689149745,0.0,3.3145612457834135e-22,2.2494343921305005e-19
2019-12-04,-0.0007581540869318623,0.0,0.5711441031085026,0.42885589689149745,0.0,3.3145612457834135e-22,2.2494343921305005e-19
2019-12-05,-0.0010591099909513686,0.0,0.5711441031085026,0.42885589689149745,0.0,3.3145612457834135e-22,2.2494343921305005e-19
2019-12-06,0.0038160867469873316,0.1124930632922839,0.5395523925677513,0.34795454413996474,0.018757184295252145,0.09373587899703169,1.922219059375876e-19
2019-12-09,-0.0008715789721926227,0.0,0.5395523925677513,0.34795454413996474,0.018757184295252145,0.09373587899703169,1.922219059375876e-19
2019-12-10,-6.722512124601336e-05,0.0,0.5395523925677513,0.34795454413996474,0.018757184295252145,0.09373587899703169,1.922219059375876e-19
2019-12-11,0.0037153423043115447,0.0,0.5395523925677513,0.34795454413996474,0.018757184295252145,0.09373587899703169,1.922219059375876e-19
2019-12-12,-0.0006089117183606168,0.0,0.5395523925677513,0.34795454413996474,0.018757184295252145,0.09373587899703169,1.922219059375876e-19
2019-12-13,0.004415491101808871,0.11249306329228392,0.6520454558600354,0.34795454413996474,3.2775337947341265e-17,0.0,1.2603316053894327e-17
2019-12-16,0.00135170856137394,0.0,0.6520454558600354,0.34795454413996474,3.2775337947341265e-17,0.0,1.2603316053894327e-17
2019-12-17,-0.00033707225289019024,0.0,0.6520454558600354,0.34795454413996474,3.2775337947341265e-17,0.0,1.2603316053894327e-17
2019-12-18,-0.0028165369577129737,0.0,0.6520454558600354,0.34795454413996474,3.2775337947341265e-17,0.0,1.2603316053894327e-17
2019-12-19,0.003229399856062555,0.0,0.6520454558600354,0.34795454413996474,3.2775337947341265e-17,0.0,1.2603316053894327e-17
2019-12-20,0.00331747666233819,0.0,0.6520454558600354,0.34795454413996474,3.2775337947341265e-17,0.0,1.2603316053894327e-17
2019-12-23,0.0004872177003067031,0.0,0.6520454558600354,0.34795454413996474,3.2775337947341265e-17,0.0,1.2603316053894327e-17
2019-12-24,0.0010146178793296583,0.0,0.6520454558600354,0.34795454413996474,3.2775337947341265e-17,0.0,1.2603316053894327e-17
2019-12-26,0.004309979661933854,0.0,0.6520454558600354,0.34795454413996474,3.2775337947341265e-17,0.0,1.2603316053894327e-17
2019-12-27,0.00021928549927574203,0.0,0.6520454558600354,0.34795454413996474,3.2775337947341265e-17,0.0,1.2603316053894327e-17
2019-12-30,-0.004861812149363471,0.0,0.6520454558600354,0.34795454413996474,3.2775337947341265e-17,0.0,1.2603316053894327e-17
2019-12-31,-0.0018239888094783183,0.0,0.6520454558600354,0.34795454413996474,3.2775337947341265e-17,0.0,1.2603316053894327e-17
2020-01-02,0.010027437712801512,0.0,0.6520454558600354,0.34795454413996474,3.2775337947341265e-17,0.0,1.2603316053894327e-17
2020-01-03,0.0004209811872338421,0.0,0.6520454558600354,0.34795454413996474,3.2775337947341265e-17,0.0,1.2603316053894327e-17
2020-01-06,0.0005117868536871212,0.0,0.6520454558600354,0.34795454413996474,3.2775337947341265e-17,0.0,1.2603316053894327e-17
2020-01-07,-0.0035439671336046103,0.0,0.6520454558600354,0.34795454413996474,3.2775337947341265e-17,0.0,1.2603316053894327e-17
2020-01-08,0.0011750520593141471,0.0,0.6520454558600354,0.34795454413996474,3.2775337947341265e-17,0.0,1.2603316053894327e-17
2020-01-09,0.005642615135729307,0.0,0.6520454558600354,0.34795454413996474,3.2775337947341265e-17,0.0,1.2603316053894327e-17
2020-01-10,0.0012172487563898622,0.0,0.6520454558600354,0.34795454413996474,3.2775337947341265e-17,0.0,1.2603316053894327e-17
2020-01-13,0.003428781445978517,0.0,0.6520454558600354,0.34795454413996474,3.2775337947341265e-17,0.0,1.2603316053894327e-17
2020-01-14,0.000795663644899138,0.0,0.6520454558600354,0.34795454413996474,3.2775337947341265e-17,0.0,1.2603316053894327e-17
2020-01-15,0.0037809749872613225,0.0,0.6520454558600354,0.34795454413996474,3.2775337947341265e-17,0.0,1.2603316053894327e-17
2020-01-16,0.004327937226806927,0.0,0.6520454558600354,0.34795454413996474,3.2775337947341265e-17,0.0,1.2603316053894327e-17
2020-01-17,-0.0009450823463663643,0.0,0.6520454558600354,0.34795454413996474,3.2775337947341265e-17,0.0,1.2603316053894327e-17
2020-01-21,0.0023787965093620203,0.0,0.6520454558600354,0.34795454413996474,3.2775337947341265e-17,0.0,1.2603316053894327e-17
2020-01-22,0.001301180670962711,0.0,0.6520454558600354,0.34795454413996474,3.2775337947341265e-17,0.0,1.2603316053894327e-17
2020-01-23,0.0031840605928386725,0.0,0.6520454558600354,0.34795454413996474,3.2775337947341265e-17,0.0,1.2603316053894327e-17
2020-01-24,-0.0029842101652816115,0.0,0.6520454558600354,0.34795454413996474,3.2775337947341265e-17,0.0,1.2603316053894327e-17
2020-01-27,-0.005039730474201805,0.0,0.6520454558600354,0.34795454413996474,3.2775337947341265e-17,0.0,1.2603316053894327e-17
2020-01-28,0.004107995915808967,0.0,0.6520454558600354,0.34795454413996474,3.2775337947341265e-17,0.0,1.2603316053894327e-17
2020-01-29,0.002864058101752461,0.0,0.6520454558600354,0.34795454413996474,3.2775337947341265e-17,0.0,1.2603316053894327e-17
2020-01-30,0.0021643521805779845,0.0,0.6520454558600354,0.34795454413996474,3.2775337947341265e-17,0.0,1.2603316053894327e-17
2020-01-31,-0.008662981144853924,0.0,0.6520454558600354,0.34795454413996474,3.2775337947341265e-17,0.0,1.2603316053894327e-17
2020-02-03,0.004561771934929731,0.0,0.6520454558600354,0.34795454413996474,3.2775337947341265e-17,0.0,1.2603316053894327e-17
2020-02-04,0.00525227453502477,0.0,0.6520454558600354,0.34795454413996474,3.2775337947341265e-17,0.0,1.2603316053894327e-17
2020-02-05,0.003724680024615757,0.0,0.6520454558600354,0.34795454413996474,3.2775337947341265e-17,0.0,1.2603316053894327e-17
2020-02-06,0.0037623573411403677,0.0,0.6520454558600354,0.34795454413996474,3.2775337947341265e-17,0.0,1.2603316053894327e-17
2020-02-07,0.0008666891946732215,0.0,0.6520454558600354,0.34795454413996474,3.2775337947341265e-17,0.0,1.2603316053894327e-17
2020-02-10,0.0058313295608163635,0.0,0.6520454558600354,0.34795454413996474,3.2775337947341265e-17,0.0,1.2603316053894327e-17
2020-02-11,-0.0006236797666793008,0.0,0.6520454558600354,0.34795454413996474,3.2775337947341265e-17,0.0,1.2603316053894327e-17
2020-02-12,0.0024380196689425147,0.0,0.6520454558600354,0.34795454413996474,3.2775337947341265e-17,0.0,1.2603316053894327e-17
2020-02-13,0.0006392298030402627,0.0,0.6520454558600354,0.34795454413996474,3.2775337947341265e-17,0.0,1.2603316053894327e-17
2020-02-14,0.0025680066384499954,0.0,0.6520454558600354,0.34795454413996474,3.2775337947341265e-17,0.0,1.2603316053894327e-17
2020-02-18,0.0007026847091043101,0.0,0.6520454558600354,0.34795454413996474,3.2775337947341265e-17,0.0,1.2603316053894327e-17
2020-02-19,0.003093636057408738,0.0,0.6520454558600354,0.34795454413996474,3.2775337947341265e-17,0.0,1.2603316053894327e-17
2020-02-20,4.707204141469199e-05,0.0,0.6520454558600354,0.34795454413996474,3.2775337947341265e-17,0.0,1.2603316053894327e-17
2020-02-21,-0.0034650079204041275,0.0,0.6520454558600354,0.34795454413996474,3.2775337947341265e-17,0.0,1.2603316053894327e-17
2020-02-24,-0.01643075834153472,0.0,0.6520454558600354,0.34795454413996474,3.2775337947341265e-17,0.0,1.2603316053894327e-17
2020-02-25,-0.017905614127576897,0.0,0.6520454558600354,0.34795454413996474,3.2775337947341265e-17,0.0,1.2603316053894327e-17
2020-02-26,-0.004241363232381369,0.0,0.6520454558600354,0.34795454413996474,3.2775337947341265e-17,0.0,1.2603316053894327e-17
2020-02-27,-0.025509823987582145,0.0,0.6520454558600354,0.34795454413996474,3.2775337947341265e-17,0.0,1.2603316053894327e-17
2020-02-28,0.005118681881421956,0.0,0.6520454558600354,0.34795454413996474,3.2775337947341265e-17,0.0,1.2603316053894327e-17
2020-03-02,0.025677705033895402,0.0,0.6520454558600354,0.34795454413996474,3.2775337947341265e-17,0.0,1.2603316053894327e-17
2020-03-03,-0.013267377604926769,0.0,0.6520454558600354,0.34795454413996474,3.2775337947341265e-17,0.0,1.2603316053894327e-17
2020-03-04,0.023712278163213352,0.0,0.6520454558600354,0.34795454413996474,3.2775337947341265e-17,0.0,1.2603316053894327e-17
2020-03-05,-0.013013493268958797,0.0,0.6520454558600354,0.34795454413996474,3.2775337947341265e-17,0.0,1.2603316053894327e-17
2020-03-06,0.0044336663904651005,0.11324376979770662,0.5388016860623287,0.34795454413996474,0.060924069779789224,0.05231970001791736,0.0
2020-03-09,-0.04618465908548063,0.011608629577706055,0.5271930564846227,0.3479545441399647,0.06735202924652468,0.05750037012888792,0.0
2020-03-10,-0.008656405378392821,0.5424317012153144,0.06563724764803022,0.3245790218901307,0.1231694996839748,1.4003000638267557e-17,0.4866142307778643
2020-03-11,-0.014836559329384023,0.0,0.06563724764803022,0.3245790218901307,0.1231694996839748,1.4003000638267557e-17,0.4866142307778643
2020-03-12,-0.004104525861192957,0.0028477917123803653,0.06563724764803022,0.32173123017775035,0.12601729139635515,0.0,0.4866142307778643
2020-03-13,0.012897958260126472,0.0,0.06563724764803022,0.32173123017775035,0.12601729139635515,0.0,0.4866142307778643
2020-03-16,-0.0033932885023336273,0.0,0.06563724764803022,0.32173123017775035,0.12601729139635515,0.0,0.4866142307778643
2020-03-17,-0.007590959548185408,0.0,0.06563724764803022,0.32173123017775035,0.12601729139635515,0.0,0.4866142307778643
2020-03-18,-0.016602438286609712,0.0,0.06563724764803022,0.32173123017775035,0.12601729139635515,0.0,0.4866142307778643
2020-03-19,0.0179138715214179,0.002805773678491899,0.06563724764803022,0.31892545649925846,0.12882306507484706,1.3391426647326887e-19,0.4866142307778643
2020-03-20,0.021699026864228872,0.0,0.06563724764803022,0.31892545649925846,0.12882306507484706,1.3391426647326887e-19,0.4866142307778643
2020-03-23,0.016461037715979426,0.0,0.06563724764803022,0.31892545649925846,0.12882306507484706,1.3391426647326887e-19,0.4866142307778643
2020-03-24,0.0006947145630630501,0.0,0.06563724764803022,0.31892545649925846,0.12882306507484706,1.3391426647326887e-19,0.4866142307778643
2020-03-25,-0.006080930259948059,0.0,0.06563724764803022,0.31892545649925846,0.12882306507484706,1.3391426647326887e-19,0.4866142307778643
2020-03-26,-0.0007432835046629581,0.002498509877330829,0.06563724764803022,0.31642694662192766,0.13132157495217792,1.76458743110097e-19,0.4866142307778643
2020-03-27,0.0016705747842004526,0.0,0.06563724764803022,0.31642694662192766,0.13132157495217792,1.76458743110097e-19,0.4866142307778643
2020-03-30,0.0022901709381869554,0.0,0.06563724764803022,0.31642694662192766,0.13132157495217792,1.76458743110097e-19,0.4866142307778643
2020-03-31,-0.008091372142728051,0.0,0.06563724764803022,0.31642694662192766,0.13132157495217792,1.76458743110097e-19,0.4866142307778643
2020-04-01,0.0058042599610269065,0.0,0.06563724764803022,0.31642694662192766,0.13132157495217792,1.76458743110097e-19,0.4866142307778643
2020-04-02,0.008227086801689732,0.0028356814641363054,0.06563724764803022,0.31359126515779134,0.1341572564163142,1.7865337349486933e-19,0.4866142307778643
2020-04-03,0.003149441929774571,0.0,0.06563724764803022,0.31359126515779134,0.1341572564163142,1.7865337349486933e-19,0.4866142307778643
2020-04-06,0.007485534734663134,0.0,0.06563724764803022,0.31359126515779134,0.1341572564163142,1.7865337349486933e-19,0.4866142307778643
2020-04-07,-0.008391477464049437,0.0,0.06563724764803022,0.31359126515779134,0.1341572564163142,1.7865337349486933e-19,0.4866142307778643
2020-04-08,0.000525449297484976,0.0,0.06563724764803022,0.31359126515779134,0.1341572564163142,1.7865337349486933e-19,0.4866142307778643
2020-04-09,0.0014884884519482822,0.0,0.06563724764803022,0.31359126515779134,0.1341572564163142,1.7865337349486933e-19,0.4866142307778643
2020-04-13,-0.001884893061327714,0.0,0.06563724764803022,0.31359126515779134,0.1341572564163142,1.7865337349486933e-19,0.4866142307778643
2020-04-14,0.00020249293063086347,0.0,0.06563724764803022,0.31359126515779134,0.1341572564163142,1.7865337349486933e-19,0.4866142307778643
2020-04-15,0.00986431738983407,0.0,0.06563724764803022,0.31359126515779134,0.1341572564163142,1.7865337349486933e-19,0.4866142307778643
2020-04-16,0.005927937124096081,0.0,0.06563724764803022,0.31359126515779134,0.1341572564163142,1.7865337349486933e-19,0.4866142307778643
2020-04-17,-0.006293162876884395,0.0,0.06563724764803022,0.31359126515779134,0.1341572564163142,1.7865337349486933e-19,0.4866142307778643
2020-04-20,0.003943907710453168,0.0,0.06563724764803022,0.31359126515779134,0.1341572564163142,1.7865337349486933e-19,0.4866142307778643
2020-04-21,0.0017583573426075702,0.0,0.06563724764803022,0.31359126515779134,0.1341572564163142,1.7865337349486933e-19,0.4866142307778643
2020-04-22,0.002326227165532189,0.0,0.06563724764803022,0.31359126515779134,0.1341572564163142,1.7865337349486933e-19,0.4866142307778643
2020-04-23,0.0031741847014379694,0.0,0.06563724764803022,0.31359126515779134,0.1341572564163142,1.7865337349486933e-19,0.4866142307778643
2020-04-24,-7.323708438705971e-06,0.0016529703588092776,0.06563724764803022,0.311938294798982,0.13581022677512342,3.295306474176071e-20,0.4866142307778643
2020-04-27,-0.007015387419232931,0.0,0.06563724764803022,0.311938294798982,0.13581022677512342,3.295306474176071e-20,0.4866142307778643
2020-04-28,0.00214506786174734,0.0,0.06563724764803022,0.311938294798982,0.13581022677512342,3.295306474176071e-20,0.4866142307778643
2020-04-29,-0.001126213710578956,0.0,0.06563724764803022,0.311938294798982,0.13581022677512342,3.295306474176071e-20,0.4866142307778643
2020-04-30,-0.009782500630394502,0.0,0.06563724764803022,0.311938294798982,0.13581022677512342,3.295306474176071e-20,0.4866142307778643
2020-05-01,0.0023078698999877433,0.0036619819734120887,0.06563724764803024,0.30827631282557,0.13947220874853547,0.0,0.4866142307778644
2020-05-04,0.0019413219879512492,1.0408340855860843e-16,0.06563724764803022,0.30827631282556994,0.13947220874853544,0.0,0.4866142307778643
2020-05-05,-0.0004145101839957716,1.0408340855860843e-16,0.06563724764803024,0.30827631282557,0.13947220874853547,0.0,0.4866142307778644
2020-05-06,-0.00486819383070636,1.0408340855860843e-16,0.06563724764803022,0.30827631282556994,0.13947220874853544,0.0,0.4866142307778643
2020-05-07,0.006647726188187966,1.0408340855860843e-16,0.06563724764803024,0.30827631282557,0.13947220874853547,0.0,0.4866142307778644
2020-05-08,-0.003908218753877214,0.004579361566197718,0.06563724764803024,0.3036969512593722,0.1440515703147331,2.46633082807861e-19,0.4866142307778644
2020-05-11,-0.0014549162152763758,0.0,0.06563724764803024,0.3036969512593722,0.1440515703147331,2.46633082807861e-19,0.4866142307778644
2020-05-12,0.0014725134160667062,0.0,0.06563724764803024,0.3036969512593722,0.1440515703147331,2.46633082807861e-19,0.4866142307778644
2020-05-13,0.003248526619547049,0.0,0.06563724764803024,0.3036969512593722,0.1440515703147331,2.46633082807861e-19,0.4866142307778644
2020-05-14,0.005570837844416173,0.0,0.06563724764803024,0.3036969512593722,0.1440515703147331,2.46633082807861e-19,0.4866142307778644
2020-05-15,0.0007036602655721568,0.0014249034757002482,0.06563724764803024,0.30227204778367195,0.14547647379043335,3.041460166326457e-20,0.4866142307778644
2020-05-18,-0.009676106242232335,0.0,0.06563724764803024,0.30227204778367195,0.14547647379043335,3.041460166326457e-20,0.4866142307778644
2020-05-19,0.0014996225155319547,0.0,0.06563724764803024,0.30227204778367195,0.14547647379043335,3.041460166326457e-20,0.4866142307778644
2020-05-20,0.0007397797747437007,0.0,0.06563724764803024,0.30227204778367195,0.14547647379043335,3.041460166326457e-20,0.4866142307778644
2020-05-21,-0.0007314281300031384,0.0,0.06563724764803024,0.30227204778367195,0.14547647379043335,3.041460166326457e-20,0.4866142307778644
2020-05-22,0.004250342640038419,0.0021276199261826834,0.06563724764803024,0.30014442785748924,0.147604093716616,3.327346356104961e-19,0.4866142307778644
2020-05-26,-0.008920173936147328,0.0,0.06563724764803024,0.30014442785748924,0.147604093716616,3.327346356104961e-19,0.4866142307778644
2020-05-27,0.0005096538122416631,0.0,0.06563724764803024,0.30014442785748924,0.147604093716616,3.327346356104961e-19,0.4866142307778644
2020-05-28,-0.0032750091801744137,0.0,0.06563724764803024,0.30014442785748924,0.147604093716616,3.327346356104961e-19,0.4866142307778644
2020-05-29,0.0027913460088088106,0.0,0.06563724764803024,0.30014442785748924,0.147604093716616,3.327346356104961e-19,0.4866142307778644
2020-06-01,-0.003802897618379478,0.0015004912817805501,0.06563724764803024,0.2986439365757087,0.14910458499839657,0.0,0.4866142307778644
2020-06-02,-0.002059982392974829,0.0,0.06563724764803024,0.2986439365757087,0.14910458499839657,0.0,0.4866142307778644
2020-06-03,-0.008795612710389486,0.0,0.06563724764803024,0.2986439365757087,0.14910458499839657,0.0,0.4866142307778644
2020-06-04,-0.004780025303204595,0.0,0.06563724764803024,0.2986439365757087,0.14910458499839657,0.0,0.4866142307778644
2020-06-05,-0.0025382275125917257,0.0,0.06563724764803024,0.2986439365757087,0.14910458499839657,0.0,0.4866142307778644
2020-06-08,0.0022648465719557584,0.0013773205225217776,0.06563724764803024,0.29726661605318694,0.15048190552091836,6.582012301857935e-19,0.4866142307778644
2020-06-09,0.002848832499577103,0.0,0.06563724764803024,0.29726661605318694,0.15048190552091836,6.582012301857935e-19,0.4866142307778644
2020-06-10,0.003769531111754594,0.0,0.06563724764803024,0.29726661605318694,0.15048190552091836,6.582012301857935e-19,0.4866142307778644
2020-06-11,0.005628570041674733,0.0,0.06563724764803024,0.29726661605318694,0.15048190552091836,6.582012301857935e-19,0.4866142307778644
2020-06-12,-0.0005662958413960952,0.0,0.06563724764803024,0.29726661605318694,0.15048190552091836,6.582012301857935e-19,0.4866142307778644
2020-06-15,-0.0015319775706667095,0.001213488832794527,0.06563724764803024,0.2960531272203924,0.15169539435371288,1.3220372702704786e-18,0.4866142307778644
2020-06-16,-0.0018622773720857128,0.0,0.06563724764803024,0.2960531272203924,0.15169539435371288,1.3220372702704786e-18,0.4866142307778644
2020-06-17,0.0016104073552281849,0.0,0.06563724764803024,0.2960531272203924,0.15169539435371288,1.3220372702704786e-18,0.4866142307778644
2020-06-18,0.00471487103997623,0.0,0.06563724764803024,0.2960531272203924,0.15169539435371288,1.3220372702704786e-18,0.4866142307778644
2020-06-19,0.0020897631717163457,0.0,0.06563724764803024,0.2960531272203924,0.15169539435371288,1.3220372702704786e-18,0.4866142307778644
2020-06-22,-0.0011351416947027666,0.001518783983146144,0.06563724764803024,0.29453434323724625,0.15321417833685902,6.457824246176779e-19,0.4866142307778644
2020-06-23,-0.002089747561834397,0.0,0.06563724764803024,0.29453434323724625,0.15321417833685902,6.457824246176779e-19,0.4866142307778644
2020-06-24,0.0031836975868306306,0.0,0.06563724764803024,0.29453434323724625,0.15321417833685902,6.457824246176779e-19,0.4866142307778644
2020-06-25,0.002201659638941581,0.0,0.06563724764803024,0.29453434323724625,0.15321417833685902,6.457824246176779e-19,0.4866142307778644
2020-06-26,0.003016956828672452,0.0,0.06563724764803024,0.29453434323724625,0.15321417833685902,6.457824246176779e-19,0.4866142307778644
2020-06-29,0.006897365621601991,0.3593080636198988,0.34697513463657415,0.29453434323724625,0.15321417833685902,0.07797017663135498,0.12730616715796564
2020-06-30,0.0029221355850823226,0.0,0.34697513463657415,0.29453434323724625,0.15321417833685902,0.07797017663135498,0.12730616715796564
2020-07-01,0.001687614114762941,0.0,0.34697513463657415,0.29453434323724625,0.15321417833685902,0.07797017663135498,0.12730616715796564
2020-07-02,0.0014432873643286269,0.3451074741786725,0.07983783708925668,0.29453434323724625,0.1578387272846762,6.7288826742679426e-18,0.46778909238882094
2020-07-06,-0.0015204497477457773,0.0,0.07983783708925668,0.29453434323724625,0.1578387272846762,6.7288826742679426e-18,0.46778909238882094
2020-07-07,0.0053861892790044615,0.0,0.07983783708925668,0.29453434323724625,0.1578387272846762,6.7288826742679426e-18,0.46778909238882094
2020-07-08,-0.00208512004622751,0.0,0.07983783708925668,0.29453434323724625,0.1578387272846762,6.7288826742679426e-18,0.46778909238882094
2020-07-09,0.00542382004995314,0.0,0.07983783708925668,0.29453434323724625,0.1578387272846762,6.7288826742679426e-18,0.46778909238882094
2020-07-10,-0.0017897553835130382,0.0,0.07983783708925668,0.29453434323724625,0.1578387272846762,6.7288826742679426e-18,0.46778909238882094
2020-07-13,-0.00023816174220981636,0.0,0.07983783708925668,0.29453434323724625,0.1578387272846762,6.7288826742679426e-18,0.46778909238882094
2020-07-14,0.0012984853298815134,0.00045515516063142673,0.07983783708925668,0.2940791880766149,0.15829388244530768,4.928755799458648e-19,0.46778909238882094
2020-07-15,-0.0017579249372054403,0.0,0.07983783708925668,0.2940791880766149,0.15829388244530768,4.928755799458648e-19,0.46778909238882094
2020-07-16,0.0012598934956168626,0.0,0.07983783708925668,0.2940791880766149,0.15829388244530768,4.928755799458648e-19,0.46778909238882094
2020-07-17,-0.0010563214315841402,0.0,0.07983783708925668,0.2940791880766149,0.15829388244530768,4.928755799458648e-19,0.46778909238882094
2020-07-20,0.0014095827262837197,0.0,0.07983783708925668,0.2940791880766149,0.15829388244530768,4.928755799458648e-19,0.46778909238882094
2020-07-21,-0.0006111025258630572,0.002318117766499789,0.07983783708925668,0.29176107031011506,0.16061200021180744,0.0,0.46778909238882094
2020-07-22,0.0024954811945319118,0.0,0.07983783708925668,0.29176107031011506,0.16061200021180744,0.0,0.46778909238882094
2020-07-23,0.0029615196782259577,0.0,0.07983783708925668,0.29176107031011506,0.16061200021180744,0.0,0.46778909238882094
2020-07-24,-0.0011627885698925937,0.0,0.07983783708925668,0.29176107031011506,0.16061200021180744,0.0,0.46778909238882094
2020-07-27,-0.0008134764886897224,0.0,0.07983783708925668,0.29176107031011506,0.16061200021180744,0.0,0.46778909238882094
2020-07-28,0.0035948381799723547,0.00262692845116394,0.07983783708925668,0.28913414185895114,0.1632389286629714,0.0,0.46778909238882094
2020-07-29,-0.0004989897898037168,0.0,0.07983783708925668,0.28913414185895114,0.1632389286629714,0.0,0.46778909238882094
2020-07-30,-0.001441834122129391,0.0,0.07983783708925668,0.28913414185895114,0.1632389286629714,0.0,0.46778909238882094
2020-07-31,0.004720797792087625,0.0,0.07983783708925668,0.28913414185895114,0.1632389286629714,0.0,0.46778909238882094
2020-08-03,-0.0007157978062210556,0.0,0.07983783708925668,0.28913414185895114,0.1632389286629714,0.0,0.46778909238882094
2020-08-04,0.004903308515570233,0.0026346937428905486,0.07983783708925668,0.28649944811606054,0.1658736224058619,9.990099646995202e-19,0.46778909238882094
2020-08-05,-0.0025118874871863264,0.0,0.07983783708925668,0.28649944811606054,0.1658736224058619,9.990099646995202e-19,0.46778909238882094
2020-08-06,0.0043358934856300504,0.0,0.07983783708925668,0.28649944811606054,0.1658736224058619,9.990099646995202e-19,0.46778909238882094
2020-08-07,-0.0016895951737694146,0.0,0.07983783708925668,0.28649944811606054,0.1658736224058619,9.990099646995202e-19,0.46778909238882094
2020-08-10,-0.0008752599623370976,0.0,0.07983783708925668,0.28649944811606054,0.1658736224058619,9.990099646995202e-19,0.46778909238882094
2020-08-11,-0.012345558421497028,0.0027634738769301563,0.07983783708925668,0.2837359742391304,0.16863709628279205,5.050161759098184e-19,0.46778909238882094
2020-08-12,-0.003733796444763446,0.0,0.07983783708925668,0.2837359742391304,0.16863709628279205,5.050161759098184e-19,0.46778909238882094
2020-08-13,0.0006205485186117628,0.0,0.07983783708925668,0.2837359742391304,0.16863709628279205,5.050161759098184e-19,0.46778909238882094
2020-08-14,-0.0025747086616294736,0.0,0.07983783708925668,0.2837359742391304,0.16863709628279205,5.050161759098184e-19,0.46778909238882094
2020-08-17,0.0025812865360203283,0.0,0.07983783708925668,0.2837359742391304,0.16863709628279205,5.050161759098184e-19,0.46778909238882094
2020-08-18,0.0011136019478223712,0.002758992289835227,0.07983783708925668,0.28097698194929516,0.17139608857262728,1.637328359162706e-19,0.46778909238882094
2020-08-19,-0.00374619317315706,0.0,0.07983783708925668,0.28097698194929516,0.17139608857262728,1.637328359162706e-19,0.46778909238882094
2020-08-20,0.0026702437333420226,0.0,0.07983783708925668,0.28097698194929516,0.17139608857262728,1.637328359162706e-19,0.46778909238882094
2020-08-21,0.0028340660840302876,0.0,0.07983783708925668,0.28097698194929516,0.17139608857262728,1.637328359162706e-19,0.46778909238882094
2020-08-24,0.00012567913323888413,0.0,0.07983783708925668,0.28097698194929516,0.17139608857262728,1.637328359162706e-19,0.46778909238882094
2020-08-25,-0.0033111739995164216,0.0023603040366625,0.07983783708925668,0.27861667791263267,0.1737563926092898,5.884475219252056e-19,0.46778909238882094
2020-08-26,0.0012277756310724538,0.0,0.07983783708925668,0.27861667791263267,0.1737563926092898,5.884475219252056e-19,0.46778909238882094
2020-08-27,-0.006014349961403215,0.0,0.07983783708925668,0.27861667791263267,0.1737563926092898,5.884475219252056e-19,0.46778909238882094
2020-08-28,-0.0003946193530899207,0.0,0.07983783708925668,0.27861667791263267,0.1737563926092898,5.884475219252056e-19,0.46778909238882094
2020-08-31,0.0014128722050293315,0.0,0.07983783708925668,0.27861667791263267,0.1737563926092898,5.884475219252056e-19,0.46778909238882094
2020-09-01,0.00505818391605593,0.0026039906211281637,0.07983783708925668,0.2760126872915045,0.17636038323041797,0.0,0.46778909238882094
2020-09-02,0.003153971290265165,0.0,0.07983783708925668,0.2760126872915045,0.17636038323041797,0.0,0.46778909238882094
2020-09-03,-0.0032057019889576007,0.0,0.07983783708925668,0.2760126872915045,0.17636038323041797,0.0,0.46778909238882094
2020-09-04,-0.004659116776211556,0.0,0.07983783708925668,0.2760126872915045,0.17636038323041797,0.0,0.46778909238882094
2020-09-08,0.0015985118295322753,0.0,0.07983783708925668,0.2760126872915045,0.17636038323041797,0.0,0.46778909238882094
2020-09-09,0.00183409771760978,0.002332425359474838,0.07983783708925668,0.27368026193202966,0.17869280858989278,0.0,0.46778909238882094
2020-09-10,0.00035761666465564937,0.0,0.07983783708925668,0.27368026193202966,0.17869280858989278,0.0,0.46778909238882094
2020-09-11,-0.000312616677813288,0.0,0.07983783708925668,0.27368026193202966,0.17869280858989278,0.0,0.46778909238882094
2020-09-14,0.001330637792261592,0.0,0.07983783708925668,0.27368026193202966,0.17869280858989278,0.0,0.46778909238882094
2020-09-15,-0.0003175486889283273,0.0,0.07983783708925668,0.27368026193202966,0.17869280858989278,0.0,0.46778909238882094
2020-09-16,-5.570302210964917e-05,0.002339486866196075,0.07983783708925668,0.2713407750658336,0.18103229545608887,3.1525570519830244e-19,0.46778909238882094
2020-09-17,-0.0025393877991494607,0.0,0.07983783708925668,0.2713407750658336,0.18103229545608887,3.1525570519830244e-19,0.46778909238882094
2020-09-18,-0.0009653887336323908,0.0,0.07983783708925668,0.2713407750658336,0.18103229545608887,3.1525570519830244e-19,0.46778909238882094
2020-09-21,0.00020523330341196567,0.0,0.07983783708925668,0.2713407750658336,0.18103229545608887,3.1525570519830244e-19,0.46778909238882094
2020-09-22,0.0013857537516165873,0.0,0.07983783708925668,0.2713407750658336,0.18103229545608887,3.1525570519830244e-19,0.46778909238882094
2020-09-23,-0.0028669646386332063,0.0020899922391086623,0.07983783708925668,0.26925078282672493,0.18312228769519753,0.0,0.46778909238882094
2020-09-24,0.0011916737522045234,0.0,0.07983783708925668,0.26925078282672493,0.18312228769519753,0.0,0.46778909238882094
2020-09-25,0.002053918813675298,0.0,0.07983783708925668,0.26925078282672493,0.18312228769519753,0.0,0.46778909238882094
2020-09-28,0.0009373151748799545,0.0,0.07983783708925668,0.26925078282672493,0.18312228769519753,0.0,0.46778909238882094
2020-09-29,-0.0007839205960607852,0.0,0.07983783708925668,0.26925078282672493,0.18312228769519753,0.0,0.46778909238882094
2020-09-30,-0.0030681357928285568,0.0019686672232990393,0.07983783708925668,0.26728211560342585,0.18509095491849653,4.25973791401504e-19,0.46778909238882094
2020-10-01,0.0018803867618993584,0.0018964511790951907,0.07983783708925668,0.2653856644243307,0.18698740609759176,9.75353731712922e-20,0.46778909238882094
2020-10-02,-0.0008075778854152157,0.0,0.07983783708925668,0.2653856644243307,0.18698740609759176,9.75353731712922e-20,0.46778909238882094
2020-10-05,-0.004886570286407762,0.0,0.07983783708925668,0.2653856644243307,0.18698740609759176,9.75353731712922e-20,0.46778909238882094
2020-10-06,-0.0006076009337595912,0.0,0.07983783708925668,0.2653856644243307,0.18698740609759176,9.75353731712922e-20,0.46778909238882094
2020-10-07,-0.001170372504558479,0.001999765912680626,0.07983783708925668,0.26338589851165006,0.18898717201027238,0.0,0.46778909238882094
2020-10-08,0.0026168463911271254,0.0,0.07983783708925668,0.26338589851165006,0.18898717201027238,0.0,0.46778909238882094
2020-10-09,0.0024265194656678305,0.06823960059996437,0.13819734277561785,0.2633858985116501,0.19886726692387557,0.0,0.3995494917888566
2020-10-12,0.003996898428325715,0.20408024877865644,0.30131488924432237,0.2633858985116501,0.19886726692387557,0.04096270230995188,0.19546924301020016
2020-10-13,-0.0014714744174858978,0.0,0.30131488924432237,0.2633858985116501,0.19886726692387557,0.04096270230995188,0.19546924301020016
2020-10-14,-0.00039123026402996673,0.0,0.30131488924432237,0.2633858985116501,0.19886726692387557,0.04096270230995188,0.19546924301020016
2020-10-15,0.0007721353205603216,0.0,0.30131488924432237,0.2633858985116501,0.19886726692387557,0.04096270230995188,0.19546924301020016
2020-10-16,-0.002146407596964682,0.0,0.30131488924432237,0.2633858985116501,0.19886726692387557,0.04096270230995188,0.19546924301020016
2020-10-19,-0.006279892147105133,0.0,0.30131488924432237,0.2633858985116501,0.19886726692387557,0.04096270230995188,0.19546924301020016
2020-10-20,-0.00030214337691745075,0.0,0.30131488924432237,0.2633858985116501,0.19886726692387557,0.04096270230995188,0.19546924301020016
2020-10-21,-0.002332909863419682,0.0,0.30131488924432237,0.2633858985116501,0.19886726692387557,0.04096270230995188,0.19546924301020016
2020-10-22,-0.0016551453465065086,0.0,0.30131488924432237,0.2633858985116501,0.19886726692387557,0.04096270230995188,0.19546924301020016
2020-10-23,0.0010492887265677168,0.0,0.30131488924432237,0.2633858985116501,0.19886726692387557,0.04096270230995188,0.19546924301020016
2020-10-26,-0.003647040333019722,0.0,0.30131488924432237,0.2633858985116501,0.19886726692387557,0.04096270230995188,0.19546924301020016
2020-10-27,0.0017394742419812234,0.0,0.30131488924432237,0.2633858985116501,0.19886726692387557,0.04096270230995188,0.19546924301020016
2020-10-28,-0.014057355597757684,0.0,0.30131488924432237,0.2633858985116501,0.19886726692387557,0.04096270230995188,0.19546924301020016
2020-10-29,-0.0006497028800416678,0.0,0.30131488924432237,0.2633858985116501,0.19886726692387557,0.04096270230995188,0.19546924301020016
2020-10-30,-0.005161214381114262,0.0,0.30131488924432237,0.2633858985116501,0.19886726692387557,0.04096270230995188,0.19546924301020016
2020-11-02,0.009149916190824295,0.0,0.30131488924432237,0.2633858985116501,0.19886726692387557,0.04096270230995188,0.19546924301020016
2020-11-03,0.004560932907402912,0.0,0.30131488924432237,0.2633858985116501,0.19886726692387557,0.04096270230995188,0.19546924301020016
2020-11-04,0.013130761294725853,0.0,0.30131488924432237,0.2633858985116501,0.19886726692387557,0.04096270230995188,0.19546924301020016
2020-11-05,0.008626740030703938,0.0,0.30131488924432237,0.2633858985116501,0.19886726692387557,0.04096270230995188,0.19546924301020016
2020-11-06,-0.004713783547447971,0.0,0.30131488924432237,0.2633858985116501,0.19886726692387557,0.04096270230995188,0.19546924301020016
2020-11-09,-0.006820338939271254,0.0,0.30131488924432237,0.2633858985116501,0.19886726692387557,0.04096270230995188,0.19546924301020016
2020-11-10,-7.631933896178118e-05,0.0,0.30131488924432237,0.2633858985116501,0.19886726692387557,0.04096270230995188,0.19546924301020016
2020-11-11,0.002746839606852413,0.0,0.30131488924432237,0.2633858985116501,0.19886726692387557,0.04096270230995188,0.19546924301020016
2020-11-12,0.002228524765516308,0.0,0.30131488924432237,0.2633858985116501,0.19886726692387557,0.04096270230995188,0.19546924301020016
2020-11-13,0.004031366637197626,0.0,0.30131488924432237,0.2633858985116501,0.19886726692387557,0.04096270230995188,0.19546924301020016
2020-11-16,0.0036386457315231023,0.0,0.30131488924432237,0.2633858985116501,0.19886726692387557,0.04096270230995188,0.19546924301020016
2020-11-17,-0.0008586552624852638,0.0,0.30131488924432237,0.2633858985116501,0.19886726692387557,0.04096270230995188,0.19546924301020016
2020-11-18,-0.0037384008934571826,0.0,0.30131488924432237,0.2633858985116501,0.19886726692387557,0.04096270230995188,0.19546924301020016
2020-11-19,0.002064092203897246,0.0,0.30131488924432237,0.2633858985116501,0.19886726692387557,0.04096270230995188,0.19546924301020016
2020-11-20,0.001363811825948273,0.0,0.30131488924432237,0.2633858985116501,0.19886726692387557,0.04096270230995188,0.19546924301020016
2020-11-23,-0.002653679912380813,0.0,0.30131488924432237,0.2633858985116501,0.19886726692387557,0.04096270230995188,0.19546924301020016
2020-11-24,2.2709405816412473e-05,0.0,0.30131488924432237,0.2633858985116501,0.19886726692387557,0.04096270230995188,0.19546924301020016
2020-11-25,-0.0009259076792484775,0.0,0.30131488924432237,0.2633858985116501,0.19886726692387557,0.04096270230995188,0.19546924301020016
2020-11-27,0.0007876901903837513,0.0,0.30131488924432237,0.2633858985116501,0.19886726692387557,0.04096270230995188,0.19546924301020016
2020-11-30,-0.0028445694216885547,0.0,0.30131488924432237,0.2633858985116501,0.19886726692387557,0.04096270230995188,0.19546924301020016
2020-12-01,0.0014047975171913984,0.0,0.30131488924432237,0.2633858985116501,0.19886726692387557,0.04096270230995188,0.19546924301020016
2020-12-02,0.00026904179418671945,0.0,0.30131488924432237,0.2633858985116501,0.19886726692387557,0.04096270230995188,0.19546924301020016
2020-12-03,0.0029437499700488007,0.0,0.30131488924432237,0.2633858985116501,0.19886726692387557,0.04096270230995188,0.19546924301020016
2020-12-04,-0.0011837912619177232,0.0,0.30131488924432237,0.2633858985116501,0.19886726692387557,0.04096270230995188,0.19546924301020016
2020-12-07,0.004834587517419462,0.0,0.30131488924432237,0.2633858985116501,0.19886726692387557,0.04096270230995188,0.19546924301020016
2020-12-08,0.003072172054671577,0.0,0.30131488924432237,0.2633858985116501,0.19886726692387557,0.04096270230995188,0.19546924301020016
2020-12-09,-0.006983950093232477,0.0,0.30131488924432237,0.2633858985116501,0.19886726692387557,0.04096270230995188,0.19546924301020016
2020-12-10,0.0023046917386632696,0.0,0.30131488924432237,0.2633858985116501,0.19886726692387557,0.04096270230995188,0.19546924301020016
2020-12-11,0.0012107581031385523,0.0,0.30131488924432237,0.2633858985116501,0.19886726692387557,0.04096270230995188,0.19546924301020016
2020-12-14,-0.0034367634314208025,0.0,0.30131488924432237,0.2633858985116501,0.19886726692387557,0.04096270230995188,0.19546924301020016
2020-12-15,0.005806307514494917,0.0,0.30131488924432237,0.2633858985116501,0.19886726692387557,0.04096270230995188,0.19546924301020016
2020-12-16,0.0008806488122462539,0.0,0.30131488924432237,0.2633858985116501,0.19886726692387557,0.04096270230995188,0.19546924301020016
2020-12-17,0.0025624234472126973,0.0,0.30131488924432237,0.2633858985116501,0.19886726692387557,0.04096270230995188,0.19546924301020016
2020-12-18,-0.0016927904176858516,0.0,0.30131488924432237,0.2633858985116501,0.19886726692387557,0.04096270230995188,0.19546924301020016
2020-12-21,-0.0012887560567351054,0.0,0.30131488924432237,0.2633858985116501,0.19886726692387557,0.04096270230995188,0.19546924301020016
2020-12-22,-0.00036519410283189805,0.0,0.30131488924432237,0.2633858985116501,0.19886726692387557,0.04096270230995188,0.19546924301020016
2020-12-23,-0.0002641706841450481,0.0,0.30131488924432237,0.2633858985116501,0.19886726692387557,0.04096270230995188,0.19546924301020016
2020-12-24,0.0033801848423659574,0.0,0.30131488924432237,0.2633858985116501,0.19886726692387557,0.04096270230995188,0.19546924301020016
2020-12-28,0.001573481473273423,0.0,0.30131488924432237,0.2633858985116501,0.19886726692387557,0.04096270230995188,0.19546924301020016
2020-12-29,-0.00058852946967494,0.0,0.30131488924432237,0.2633858985116501,0.19886726692387557,0.04096270230995188,0.19546924301020016
2020-12-30,0.001879146816035225,0.0,0.30131488924432237,0.2633858985116501,0.19886726692387557,0.04096270230995188,0.19546924301020016
2020-12-31,0.0033447126467424115,0.0,0.30131488924432237,0.2633858985116501,0.19886726692387557,0.04096270230995188,0.19546924301020016
2021-01-04,-0.000613352984919514,0.0,0.30131488924432237,0.2633858985116501,0.19886726692387557,0.04096270230995188,0.19546924301020016
2021-01-05,0.0015536308628301332,0.0,0.30131488924432237,0.2633858985116501,0.19886726692387557,0.04096270230995188,0.19546924301020016
2021-01-06,-0.006873199146835582,0.0,0.30131488924432237,0.2633858985116501,0.19886726692387557,0.04096270230995188,0.19546924301020016
2021-01-07,0.0033312076874114967,0.0,0.30131488924432237,0.2633858985116501,0.19886726692387557,0.04096270230995188,0.19546924301020016
2021-01-08,-0.004546009981659356,0.0,0.30131488924432237,0.2633858985116501,0.19886726692387557,0.04096270230995188,0.19546924301020016
2021-01-11,-0.001844910622824398,0.0,0.30131488924432237,0.2633858985116501,0.19886726692387557,0.04096270230995188,0.19546924301020016
2021-01-12,0.0008448310085431058,0.0,0.30131488924432237,0.2633858985116501,0.19886726692387557,0.04096270230995188,0.19546924301020016
2021-01-13,0.0034507706244352246,0.0,0.30131488924432237,0.2633858985116501,0.19886726692387557,0.04096270230995188,0.19546924301020016
2021-01-14,-0.003523393442254468,0.0,0.30131488924432237,0.2633858985116501,0.19886726692387557,0.04096270230995188,0.19546924301020016
2021-01-15,-0.0033510271038791344,0.0,0.30131488924432237,0.2633858985116501,0.19886726692387557,0.04096270230995188,0.19546924301020016
2021-01-19,0.004817166887527608,0.0,0.30131488924432237,0.2633858985116501,0.19886726692387557,0.04096270230995188,0.19546924301020016
2021-01-20,0.007632934176052899,0.0,0.30131488924432237,0.2633858985116501,0.19886726692387557,0.04096270230995188,0.19546924301020016
2021-01-21,-0.002613911146218019,0.0,0.30131488924432237,0.2633858985116501,0.19886726692387557,0.04096270230995188,0.19546924301020016
2021-01-22,-0.001984547290183851,0.0,0.30131488924432237,0.2633858985116501,0.19886726692387557,0.04096270230995188,0.19546924301020016
2021-01-25,0.0051234430086338455,0.0,0.30131488924432237,0.2633858985116501,0.19886726692387557,0.04096270230995188,0.19546924301020016
2021-01-26,-0.0021811597535497675,0.0,0.30131488924432237,0.2633858985116501,0.19886726692387557,0.04096270230995188,0.19546924301020016
2021-01-27,-0.006690200714504477,0.0,0.30131488924432237,0.2633858985116501,0.19886726692387557,0.04096270230995188,0.19546924301020016
2021-01-28,0.0005517535271306832,0.0,0.30131488924432237,0.2633858985116501,0.19886726692387557,0.04096270230995188,0.19546924301020016
2021-01-29,-0.007538212642827656,0.0,0.30131488924432237,0.2633858985116501,0.19886726692387557,0.04096270230995188,0.19546924301020016
2021-02-01,0.009242332221627545,0.0,0.30131488924432237,0.2633858985116501,0.19886726692387557,0.04096270230995188,0.19546924301020016
2021-02-02,0.0011754674188079336,0.0,0.30131488924432237,0.2633858985116501,0.19886726692387557,0.04096270230995188,0.19546924301020016
2021-02-03,-0.0017904167653980997,0.0,0.30131488924432237,0.2633858985116501,0.19886726692387557,0.04096270230995188,0.19546924301020016
2021-02-04,-0.0002805188932532936,0.0,0.30131488924432237,0.2633858985116501,0.19886726692387557,0.04096270230995188,0.19546924301020016
2021-02-05,0.00024605067704606227,0.0,0.30131488924432237,0.2633858985116501,0.19886726692387557,0.04096270230995188,0.19546924301020016
2021-02-08,0.006060088975200318,0.0,0.30131488924432237,0.2633858985116501,0.19886726692387557,0.04096270230995188,0.19546924301020016
2021-02-09,-0.00015081669719756575,0.0,0.30131488924432237,0.2633858985116501,0.19886726692387557,0.04096270230995188,0.19546924301020016
2021-02-10,0.002384169759206244,0.0,0.30131488924432237,0.2633858985116501,0.19886726692387557,0.04096270230995188,0.19546924301020016
2021-02-11,-0.0030859375557251104,0.0,0.30131488924432237,0.2633858985116501,0.19886726692387557,0.04096270230995188,0.19546924301020016
2021-02-12,-0.001206697086474384,0.0,0.30131488924432237,0.2633858985116501,0.19886726692387557,0.04096270230995188,0.19546924301020016
2021-02-16,-0.006602867606037309,0.0,0.30131488924432237,0.2633858985116501,0.19886726692387557,0.04096270230995188,0.19546924301020016
2021-02-17,0.000731123235504845,0.0,0.30131488924432237,0.2633858985116501,0.19886726692387557,0.04096270230995188,0.19546924301020016
2021-02-18,-0.003619955841971127,0.0,0.30131488924432237,0.2633858985116501,0.19886726692387557,0.04096270230995188,0.19546924301020016
2021-02-19,-0.004288697801136881,0.0,0.30131488924432237,0.2633858985116501,0.19886726692387557,0.04096270230995188,0.19546924301020016
2021-02-22,-0.00025465220827700454,0.0,0.30131488924432237,0.2633858985116501,0.19886726692387557,0.04096270230995188,0.19546924301020016
2021-02-23,-0.0003527275619074183,0.0,0.30131488924432237,0.2633858985116501,0.19886726692387557,0.04096270230995188,0.19546924301020016
2021-02-24,0.0019956942362160867,0.0,0.30131488924432237,0.2633858985116501,0.19886726692387557,0.04096270230995188,0.19546924301020016
2021-02-25,-0.014697595167391731,0.0,0.30131488924432237,0.2633858985116501,0.19886726692387557,0.04096270230995188,0.19546924301020016
2021-02-26,0.002681466124131105,0.0,0.30131488924432237,0.2633858985116501,0.19886726692387557,0.04096270230995188,0.19546924301020016
2021-03-01,0.002936623673969189,0.0,0.30131488924432237,0.2633858985116501,0.19886726692387557,0.04096270230995188,0.19546924301020016
2021-03-02,-0.0025007259661063612,0.0,0.30131488924432237,0.2633858985116501,0.19886726692387557,0.04096270230995188,0.19546924301020016
2021-03-03,-0.007386197875667502,0.0,0.30131488924432237,0.2633858985116501,0.19886726692387557,0.04096270230995188,0.19546924301020016
2021-03-04,-0.004186292856672191,0.0,0.30131488924432237,0.2633858985116501,0.19886726692387557,0.04096270230995188,0.19546924301020016
2021-03-05,0.008196817525058638,0.0,0.30131488924432237,0.2633858985116501,0.19886726692387557,0.04096270230995188,0.19546924301020016
2021-03-08,-0.005371641889935037,0.0,0.30131488924432237,0.2633858985116501,0.19886726692387557,0.04096270230995188,0.19546924301020016
2021-03-09,0.01071627249804346,0.0,0.30131488924432237,0.2633858985116501,0.19886726692387557,0.04096270230995188,0.19546924301020016
2021-03-10,0.0037001710735968035,0.0,0.30131488924432237,0.2633858985116501,0.19886726692387557,0.04096270230995188,0.19546924301020016
2021-03-11,0.0008399005745764621,0.0,0.30131488924432237,0.2633858985116501,0.19886726692387557,0.04096270230995188,0.19546924301020016
2021-03-12,-0.004814753254312517,0.0,0.30131488924432237,0.2633858985116501,0.19886726692387557,0.04096270230995188,0.19546924301020016
2021-03-15,0.004532613174409569,0.0,0.30131488924432237,0.2633858985116501,0.19886726692387557,0.04096270230995188,0.19546924301020016
2021-03-16,-0.0016525699479362787,0.0,0.30131488924432237,0.2633858985116501,0.19886726692387557,0.04096270230995188,0.19546924301020016
2021-03-17,-0.0004800535518977114,0.0,0.30131488924432237,0.2633858985116501,0.19886726692387557,0.04096270230995188,0.19546924301020016
2021-03-18,-0.010147187354801527,0.0,0.30131488924432237,0.2633858985116501,0.19886726692387557,0.04096270230995188,0.19546924301020016
2021-03-19,0.0033015305966309274,0.0,0.30131488924432237,0.2633858985116501,0.19886726692387557,0.04096270230995188,0.19546924301020016
2021-03-22,0.004611783531533519,0.0,0.30131488924432237,0.2633858985116501,0.19886726692387557,0.04096270230995188,0.19546924301020016
2021-03-23,-0.002558383179415084,0.0,0.30131488924432237,0.2633858985116501,0.19886726692387557,0.04096270230995188,0.19546924301020016
2021-03-24,0.0032095956449328146,0.0,0.30131488924432237,0.2633858985116501,0.19886726692387557,0.04096270230995188,0.19546924301020016
2021-03-25,-0.0020973535357389156,0.0,0.30131488924432237,0.2633858985116501,0.19886726692387557,0.04096270230995188,0.19546924301020016
2021-03-26,0.005948982409033384,0.0,0.30131488924432237,0.2633858985116501,0.19886726692387557,0.04096270230995188,0.19546924301020016
2021-03-29,-0.003899686443659509,0.0,0.30131488924432237,0.2633858985116501,0.19886726692387557,0.04096270230995188,0.19546924301020016
2021-03-30,-0.0027704585735683763,0.0,0.30131488924432237,0.2633858985116501,0.19886726692387557,0.04096270230995188,0.19546924301020016
2021-03-31,0.0019758891618543582,0.0,0.30131488924432237,0.2633858985116501,0.19886726692387557,0.04096270230995188,0.19546924301020016
2021-04-01,0.010604688096054733,0.0,0.30131488924432237,0.2633858985116501,0.19886726692387557,0.04096270230995188,0.19546924301020016
2021-04-05,0.0009492947189572842,0.0,0.30131488924432237,0.2633858985116501,0.19886726692387557,0.04096270230995188,0.19546924301020016
2021-04-06,0.0031645560462550577,0.0,0.30131488924432237,0.2633858985116501,0.19886726692387557,0.04096270230995188,0.19546924301020016
2021-04-07,-0.0016493681985237537,0.0,0.30131488924432237,0.2633858985116501,0.19886726692387557,0.04096270230995188,0.19546924301020016
2021-04-08,0.004839299285593292,0.0,0.30131488924432237,0.2633858985116501,0.19886726692387557,0.04096270230995188,0.19546924301020016
2021-04-09,-0.00028554870001707485,0.0,0.30131488924432237,0.2633858985116501,0.19886726692387557,0.04096270230995188,0.19546924301020016
2021-04-12,-0.0010275680624797965,0.0,0.30131488924432237,0.2633858985116501,0.19886726692387557,0.04096270230995188,0.19546924301020016
2021-04-13,0.004067411775021945,0.0,0.30131488924432237,0.2633858985116501,0.19886726692387557,0.04096270230995188,0.19546924301020016
2021-04-14,-0.0013444489444146756,0.0,0.30131488924432237,0.2633858985116501,0.19886726692387557,0.04096270230995188,0.19546924301020016
2021-04-15,0.011077618045156248,0.0,0.30131488924432237,0.2633858985116501,0.19886726692387557,0.04096270230995188,0.19546924301020016
2021-04-16,-0.00015868774750634265,0.0,0.30131488924432237,0.2633858985116501,0.19886726692387557,0.04096270230995188,0.19546924301020016
2021-04-19,-0.003764166362207872,0.0,0.30131488924432237,0.2633858985116501,0.19886726692387557,0.04096270230995188,0.19546924301020016
2021-04-20,-0.0005142784963192001,0.0,0.30131488924432237,0.2633858985116501,0.19886726692387557,0.04096270230995188,0.19546924301020016
2021-04-21,0.0041821974660947335,0.0,0.30131488924432237,0.2633858985116501,0.19886726692387557,0.04096270230995188,0.19546924301020016
2021-04-22,-0.002019947440880044,0.0,0.30131488924432237,0.2633858985116501,0.19886726692387557,0.04096270230995188,0.19546924301020016
2021-04-23,0.0011330467963685524,0.0,0.30131488924432237,0.2633858985116501,0.19886726692387557,0.04096270230995188,0.19546924301020016
2021-04-26,0.000653494150539246,0.0,0.30131488924432237,0.2633858985116501,0.19886726692387557,0.04096270230995188,0.19546924301020016
2021-04-27,-0.002028267807513953,0.0,0.30131488924432237,0.2633858985116501,0.19886726692387557,0.04096270230995188,0.19546924301020016
2021-04-28,0.0003497116176344287,0.0,0.30131488924432237,0.2633858985116501,0.19886726692387557,0.04096270230995188,0.19546924301020016
2021-04-29,0.0022256721795331355,0.2764132852532568,0.4981009678467138,0.3430131051625154,2.0344579820181513e-18,0.0,0.15888592699077078
2021-04-30,-0.0011756688523083705,0.0,0.4981009678467138,0.3430131051625154,2.0344579820181513e-18,0.0,0.15888592699077078
2021-05-03,0.0005689731799679719,0.0,0.4981009678467138,0.3430131051625154,2.0344579820181513e-18,0.0,0.15888592699077078
2021-05-04,-3.1110525718180786e-05,0.0,0.4981009678467138,0.3430131051625154,2.0344579820181513e-18,0.0,0.15888592699077078
2021-05-05,0.000656695544449223,0.0,0.4981009678467138,0.3430131051625154,2.0344579820181513e-18,0.0,0.15888592699077078
2021-05-06,0.003766607412974956,0.0,0.4981009678467138,0.3430131051625154,2.0344579820181513e-18,0.0,0.15888592699077078
2021-05-07,0.0007637860632085901,0.0,0.4981009678467138,0.3430131051625154,2.0344579820181513e-18,0.0,0.15888592699077078
2021-05-10,-0.00840609025582954,0.0,0.4981009678467138,0.3430131051625154,2.0344579820181513e-18,0.0,0.15888592699077078
2021-05-11,-0.0065175981819696,0.0,0.4981009678467138,0.3430131051625154,2.0344579820181513e-18,0.0,0.15888592699077078
2021-05-12,-0.013007314331108681,0.0,0.4981009678467138,0.3430131051625154,2.0344579820181513e-18,0.0,0.15888592699077078
2021-05-13,0.0062545508234919875,0.0,0.4981009678467138,0.3430131051625154,2.0344579820181513e-18,0.0,0.15888592699077078
2021-05-14,0.010270326322532237,0.003373421223465124,0.5014743890701789,0.3430131051625154,0.0,3.054919288314675e-19,0.15551250576730566
2021-05-17,-0.0021937721478427416,0.0,0.5014743890701789,0.3430131051625154,0.0,3.054919288314675e-19,0.15551250576730566
2021-05-18,-0.005903418416536933,0.0,0.5014743890701789,0.3430131051625154,0.0,3.054919288314675e-19,0.15551250576730566
2021-05-19,-0.001435914488197516,0.0,0.5014743890701789,0.3430131051625154,0.0,3.054919288314675e-19,0.15551250576730566
2021-05-20,0.007448062887623675,0.0,0.5014743890701789,0.3430131051625154,0.0,3.054919288314675e-19,0.15551250576730566
2021-05-21,0.0012047084241392344,0.0,0.5014743890701789,0.3430131051625154,0.0,3.054919288314675e-19,0.15551250576730566
2021-05-24,0.005997589113354142,0.0,0.5014743890701789,0.3430131051625154,0.0,3.054919288314675e-19,0.15551250576730566
2021-05-25,0.0018715838974298412,0.0,0.5014743890701789,0.3430131051625154,0.0,3.054919288314675e-19,0.15551250576730566
2021-05-26,0.0009850427444818921,0.0,0.5014743890701789,0.3430131051625154,0.0,3.054919288314675e-19,0.15551250576730566
2021-05-27,-0.0012403528284673031,0.003277897009927283,0.5047522860801062,0.3430131051625154,0.0,0.0,0.1522346087573784
2021-05-28,0.0004842392184770199,0.0,0.5047522860801062,0.3430131051625154,0.0,0.0,0.1522346087573784
2021-06-01,-0.0007730776679785186,0.0,0.5047522860801062,0.3430131051625154,0.0,0.0,0.1522346087573784
2021-06-02,0.0015881688921395385,0.0,0.5047522860801062,0.3430131051625154,0.0,0.0,0.1522346087573784
2021-06-03,-0.002216508246520924,0.0,0.5047522860801062,0.3430131051625154,0.0,0.0,0.1522346087573784
2021-06-04,0.00875049883538432,0.0,0.5047522860801062,0.3430131051625154,0.0,0.0,0.1522346087573784
2021-06-07,-0.0017952337811473445,0.0,0.5047522860801062,0.3430131051625154,0.0,0.0,0.1522346087573784
2021-06-08,0.002706743547738088,0.0,0.5047522860801062,0.3430131051625154,0.0,0.0,0.1522346087573784
2021-06-09,0.0024009194902259133,0.0,0.5047522860801062,0.3430131051625154,0.0,0.0,0.1522346087573784
2021-06-10,0.004278198547942998,0.0,0.5047522860801062,0.3430131051625154,0.0,0.0,0.1522346087573784
2021-06-11,0.001023327625537212,0.00350245369285003,0.5082547397729563,0.3430131051625154,0.0,1.7309361442406492e-19,0.14873215506452842
2021-06-14,-0.0016115125555517297,0.0,0.5082547397729563,0.3430131051625154,0.0,1.7309361442406492e-19,0.14873215506452842
2021-06-15,-0.0012225934930197645,0.0,0.5082547397729563,0.3430131051625154,0.0,1.7309361442406492e-19,0.14873215506452842
2021-06-16,-0.001908192431147895,0.0,0.5082547397729563,0.3430131051625154,0.0,1.7309361442406492e-19,0.14873215506452842
2021-06-17,0.00611809060946155,0.0,0.5082547397729563,0.3430131051625154,0.0,1.7309361442406492e-19,0.14873215506452842
2021-06-18,7.512042232993461e-05,0.0,0.5082547397729563,0.3430131051625154,0.0,1.7309361442406492e-19,0.14873215506452842
2021-06-21,0.000813851590556908,0.0,0.5082547397729563,0.3430131051625154,0.0,1.7309361442406492e-19,0.14873215506452842
2021-06-22,0.0033142953914827413,0.0,0.5082547397729563,0.3430131051625154,0.0,1.7309361442406492e-19,0.14873215506452842
2021-06-23,-0.001255109007359645,0.0,0.5082547397729563,0.3430131051625154,0.0,1.7309361442406492e-19,0.14873215506452842
2021-06-24,0.003437085230853309,0.0,0.5082547397729563,0.3430131051625154,0.0,1.7309361442406492e-19,0.14873215506452842
2021-06-25,-0.0016873526466345211,0.0027862225899344117,0.5110409623628906,0.3430131051625154,0.0,8.609559894150657e-20,0.14594593247459392
2021-06-28,0.004616123409298621,0.0,0.5110409623628906,0.3430131051625154,0.0,8.609559894150657e-20,0.14594593247459392
2021-06-29,0.0012032463077918903,0.0,0.5110409623628906,0.3430131051625154,0.0,8.609559894150657e-20,0.14594593247459392
2021-06-30,0.002370143734859444,0.0,0.5110409623628906,0.3430131051625154,0.0,8.609559894150657e-20,0.14594593247459392
2021-07-01,0.0032601881507306144,0.0,0.5110409623628906,0.3430131051625154,0.0,8.609559894150657e-20,0.14594593247459392
2021-07-02,0.005389751515375985,0.0,0.5110409623628906,0.3430131051625154,0.0,8.609559894150657e-20,0.14594593247459392
2021-07-06,0.0036190818102517586,0.0,0.5110409623628906,0.3430131051625154,0.0,8.609559894150657e-20,0.14594593247459392
2021-07-07,0.005079493385013488,0.0,0.5110409623628906,0.3430131051625154,0.0,8.609559894150657e-20,0.14594593247459392
2021-07-08,-0.003405556865807534,0.0,0.5110409623628906,0.3430131051625154,0.0,8.609559894150657e-20,0.14594593247459392
2021-07-09,0.00027885566241695435,0.0,0.5110409623628906,0.3430131051625154,0.0,8.609559894150657e-20,0.14594593247459392
2021-07-12,0.0015709306453710304,0.003431312054194363,0.5144722744170851,0.3430131051625154,2.0149242402601999e-19,0.0,0.14251462042039964
2021-07-13,-0.0035171711551050186,0.0,0.5144722744170851,0.3430131051625154,2.0149242402601999e-19,0.0,0.14251462042039964
2021-07-14,0.00397951621718817,0.0,0.5144722744170851,0.3430131051625154,2.0149242402601999e-19,0.0,0.14251462042039964
2021-07-15,0.002428479663228674,0.0,0.5144722744170851,0.3430131051625154,2.0149242402601999e-19,0.0,0.14251462042039964
2021-07-16,-0.0045108732290072735,0.0,0.5144722744170851,0.3430131051625154,2.0149242402601999e-19,0.0,0.14251462042039964
2021-07-19,0.0001527725867842781,0.0,0.5144722744170851,0.3430131051625154,2.0149242402601999e-19,0.0,0.14251462042039964
2021-07-20,0.004237241699456731,0.0,0.5144722744170851,0.3430131051625154,2.0149242402601999e-19,0.0,0.14251462042039964
2021-07-21,-0.0005214659714243407,0.0,0.5144722744170851,0.3430131051625154,2.0149242402601999e-19,0.0,0.14251462042039964
2021-07-22,0.004491302267342205,0.0,0.5144722744170851,0.3430131051625154,2.0149242402601999e-19,0.0,0.14251462042039964
2021-07-23,0.0030555544857798307,0.0,0.5144722744170851,0.3430131051625154,2.0149242402601999e-19,0.0,0.14251462042039964
2021-07-26,-0.00019111171764107774,0.0032842774503071964,0.5177565518673922,0.3430131051625154,2.8291619533737378e-19,2.752959724617684e-19,0.13923034297009237
2021-07-27,0.0010768522794064508,0.0,0.5177565518673922,0.3430131051625154,2.8291619533737378e-19,2.752959724617684e-19,0.13923034297009237
2021-07-28,-0.0005811931674290758,0.0,0.5177565518673922,0.3430131051625154,2.8291619533737378e-19,2.752959724617684e-19,0.13923034297009237
2021-07-29,-0.0002607102676096761,0.0,0.5177565518673922,0.3430131051625154,2.8291619533737378e-19,2.752959724617684e-19,0.13923034297009237
2021-07-30,-0.0005064275868799655,0.0,0.5177565518673922,0.3430131051625154,2.8291619533737378e-19,2.752959724617684e-19,0.13923034297009237
2021-08-02,0.0018045474062348076,0.0,0.5177565518673922,0.3430131051625154,2.8291619533737378e-19,2.752959724617684e-19,0.13923034297009237
2021-08-03,0.004450680773224488,0.0,0.5177565518673922,0.3430131051625154,2.8291619533737378e-19,2.752959724617684e-19,0.13923034297009237
2021-08-04,-0.0016165100132788663,0.0,0.5177565518673922,0.3430131051625154,2.8291619533737378e-19,2.752959724617684e-19,0.13923034297009237
2021-08-05,0.0015305829441903456,0.0,0.5177565518673922,0.3430131051625154,2.8291619533737378e-19,2.752959724617684e-19,0.13923034297009237
2021-08-06,-0.0040868242179385485,0.0,0.5177565518673922,0.3430131051625154,2.8291619533737378e-19,2.752959724617684e-19,0.13923034297009237
2021-08-09,-0.001380694092790496,0.0029831930742973832,0.5207397449416896,0.3430131051625154,0.0,1.0436558858310127e-21,0.136247149895795
2021-08-10,-0.000827242006763389,0.0,0.5207397449416896,0.3430131051625154,0.0,1.0436558858310127e-21,0.136247149895795
2021-08-11,0.0008108354969782318,0.0,0.5207397449416896,0.3430131051625154,0.0,1.0436558858310127e-21,0.136247149895795
2021-08-12,0.0011625296020332664,0.0,0.5207397449416896,0.3430131051625154,0.0,1.0436558858310127e-21,0.136247149895795
2021-08-13,0.005711487167777321,0.0,0.5207397449416896,0.3430131051625154,0.0,1.0436558858310127e-21,0.136247149895795
2021-08-16,0.002167058327191976,0.0,0.5207397449416896,0.3430131051625154,0.0,1.0436558858310127e-21,0.136247149895795
2021-08-17,-0.0027304499937056137,0.0,0.5207397449416896,0.3430131051625154,0.0,1.0436558858310127e-21,0.136247149895795
2021-08-18,-0.004547203438220142,0.0,0.5207397449416896,0.3430131051625154,0.0,1.0436558858310127e-21,0.136247149895795
2021-08-19,0.003985667512429379,0.0,0.5207397449416896,0.3430131051625154,0.0,1.0436558858310127e-21,0.136247149895795
2021-08-20,0.004209126305566867,0.0,0.5207397449416896,0.3430131051625154,0.0,1.0436558858310127e-21,0.136247149895795
2021-08-23,0.003601001793336684,0.004176571949946556,0.5249163168916362,0.3430131051625154,0.0,0.0,0.13207057794584848
2021-08-24,-0.0019400660255864928,0.0,0.5249163168916362,0.3430131051625154,0.0,0.0,0.13207057794584848
2021-08-25,-0.0018535945441176223,0.0,0.5249163168916362,0.3430131051625154,0.0,0.0,0.13207057794584848
2021-08-26,-0.0017778334940431154,0.0,0.5249163168916362,0.3430131051625154,0.0,0.0,0.13207057794584848
2021-08-27,0.0064457015754552345,0.0,0.5249163168916362,0.3430131051625154,0.0,0.0,0.13207057794584848
2021-08-30,0.0032034421480404934,0.0,0.5249163168916362,0.3430131051625154,0.0,0.0,0.13207057794584848
2021-08-31,-0.0031124578476390712,0.0,0.5249163168916362,0.3430131051625154,0.0,0.0,0.13207057794584848
2021-09-01,0.0005882628310296357,0.0,0.5249163168916362,0.3430131051625154,0.0,0.0,0.13207057794584848
2021-09-02,0.0027935723072638396,0.0,0.5249163168916362,0.3430131051625154,0.0,0.0,0.13207057794584848
2021-09-03,-0.003513582065825054,0.0,0.5249163168916362,0.3430131051625154,0.0,0.0,0.13207057794584848
2021-09-07,-0.004164231094296381,0.004105255668342106,0.5290215725599783,0.34301310516251543,2.638259192365107e-19,0.0,0.1279653222775064
2021-09-08,0.001896043250993616,0.0,0.5290215725599783,0.34301310516251543,2.638259192365107e-19,0.0,0.1279653222775064
2021-09-09,0.0015776434248776484,0.0,0.5290215725599783,0.34301310516251543,2.638259192365107e-19,0.0,0.1279653222775064
2021-09-10,-0.006988888640705882,0.0,0.5290215725599783,0.34301310516251543,2.638259192365107e-19,0.0,0.1279653222775064
2021-09-13,0.0034343255423889656,0.0,0.5290215725599783,0.34301310516251543,2.638259192365107e-19,0.0,0.1279653222775064
2021-09-14,0.0013035093970648211,0.0,0.5290215725599783,0.34301310516251543,2.638259192365107e-19,0.0,0.1279653222775064
2021-09-15,0.002958150168205659,0.0,0.5290215725599783,0.34301310516251543,2.638259192365107e-19,0.0,0.1279653222775064
2021-09-16,-0.0018431909317772168,0.0,0.5290215725599783,0.34301310516251543,2.638259192365107e-19,0.0,0.1279653222775064
2021-09-17,-0.0063388692090352175,0.0,0.5290215725599783,0.34301310516251543,2.638259192365107e-19,0.0,0.1279653222775064
2021-09-20,-0.004515777347540929,0.0,0.5290215725599783,0.34301310516251543,2.638259192365107e-19,0.0,0.1279653222775064
2021-09-21,-0.0008974790336678555,0.0,0.5290215725599783,0.34301310516251543,2.638259192365107e-19,0.0,0.1279653222775064
2021-09-22,0.0075647104781878995,0.0,0.5290215725599783,0.34301310516251543,2.638259192365107e-19,0.0,0.1279653222775064
2021-09-23,-0.0018336446433754863,0.0,0.5290215725599783,0.34301310516251543,2.638259192365107e-19,0.0,0.1279653222775064
2021-09-24,-0.0021222820677433826,0.0,0.5290215725599783,0.34301310516251543,2.638259192365107e-19,0.0,0.1279653222775064
2021-09-27,-0.002621340837891603,0.0,0.5290215725599783,0.34301310516251543,2.638259192365107e-19,0.0,0.1279653222775064
2021-09-28,-0.015634278579135207,0.003780377054406446,0.5328019496143847,0.3430131051625155,1.683107800395551e-19,1.430615471640376e-19,0.12418494522309993
2021-09-29,0.0023801113285246483,0.0,0.5328019496143847,0.3430131051625155,1.683107800395551e-19,1.430615471640376e-19,0.12418494522309993
2021-09-30,-0.006755556926265271,0.0,0.5328019496143847,0.3430131051625155,1.683107800395551e-19,1.430615471640376e-19,0.12418494522309993
2021-10-01,0.008973019464552093,0.0,0.5328019496143847,0.3430131051625155,1.683107800395551e-19,1.430615471640376e-19,0.12418494522309993
2021-10-04,-0.008137359216812913,0.0,0.5328019496143847,0.3430131051625155,1.683107800395551e-19,1.430615471640376e-19,0.12418494522309993
2021-10-05,0.002478119500842593,0.0,0.5328019496143847,0.3430131051625155,1.683107800395551e-19,1.430615471640376e-19,0.12418494522309993
2021-10-06,0.0044938341673854704,0.0,0.5328019496143847,0.3430131051625155,1.683107800395551e-19,1.430615471640376e-19,0.12418494522309993
2021-10-07,0.0009701582767698063,0.0,0.5328019496143847,0.3430131051625155,1.683107800395551e-19,1.430615471640376e-19,0.12418494522309993
2021-10-08,-0.0034704848577431237,0.0,0.5328019496143847,0.3430131051625155,1.683107800395551e-19,1.430615471640376e-19,0.12418494522309993
2021-10-11,-0.0043836738792041065,0.0,0.5328019496143847,0.3430131051625155,1.683107800395551e-19,1.430615471640376e-19,0.12418494522309993
2021-10-12,0.004700957641131239,0.0,0.5328019496143847,0.3430131051625155,1.683107800395551e-19,1.430615471640376e-19,0.12418494522309993
2021-10-13,0.0045677626038283575,0.0,0.5328019496143847,0.3430131051625155,1.683107800395551e-19,1.430615471640376e-19,0.12418494522309993
2021-10-14,0.01023675346021201,0.0,0.5328019496143847,0.3430131051625155,1.683107800395551e-19,1.430615471640376e-19,0.12418494522309993
2021-10-15,0.001911216143205211,0.0,0.5328019496143847,0.3430131051625155,1.683107800395551e-19,1.430615471640376e-19,0.12418494522309993
2021-10-18,0.0032349953513607504,0.0,0.5328019496143847,0.3430131051625155,1.683107800395551e-19,1.430615471640376e-19,0.12418494522309993
2021-10-19,-0.0009168733231365344,0.0,0.5328019496143847,0.3430131051625155,1.683107800395551e-19,1.430615471640376e-19,0.12418494522309993
2021-10-20,-0.00042017234291669234,0.0,0.5328019496143847,0.3430131051625155,1.683107800395551e-19,1.430615471640376e-19,0.12418494522309993
2021-10-21,0.0012778659672675653,0.0,0.5328019496143847,0.3430131051625155,1.683107800395551e-19,1.430615471640376e-19,0.12418494522309993
2021-10-22,0.002978828065219263,0.0,0.5328019496143847,0.3430131051625155,1.683107800395551e-19,1.430615471640376e-19,0.12418494522309993
2021-10-25,0.0025314615928089396,0.0,0.5328019496143847,0.3430131051625155,1.683107800395551e-19,1.430615471640376e-19,0.12418494522309993
2021-10-26,0.0035627827562897986,0.0,0.5328019496143847,0.3430131051625155,1.683107800395551e-19,1.430615471640376e-19,0.12418494522309993
2021-10-27,0.0038311031517432883,0.0,0.5328019496143847,0.3430131051625155,1.683107800395551e-19,1.430615471640376e-19,0.12418494522309993
2021-10-28,0.003240916070585349,0.0,0.5328019496143847,0.3430131051625155,1.683107800395551e-19,1.430615471640376e-19,0.12418494522309993
2021-10-29,0.0031209762451570476,0.0,0.5328019496143847,0.3430131051625155,1.683107800395551e-19,1.430615471640376e-19,0.12418494522309993
2021-11-01,-0.0019464797246379652,0.0,0.5328019496143847,0.3430131051625155,1.683107800395551e-19,1.430615471640376e-19,0.12418494522309993
2021-11-02,0.0039725542979476315,0.0,0.5328019496143847,0.3430131051625155,1.683107800395551e-19,1.430615471640376e-19,0.12418494522309993
2021-11-03,-0.0005869736742374664,0.0,0.5328019496143847,0.3430131051625155,1.683107800395551e-19,1.430615471640376e-19,0.12418494522309993
2021-11-04,0.006757208082553903,0.0,0.5328019496143847,0.3430131051625155,1.683107800395551e-19,1.430615471640376e-19,0.12418494522309993
2021-11-05,0.006880678210451076,0.0,0.5328019496143847,0.3430131051625155,1.683107800395551e-19,1.430615471640376e-19,0.12418494522309993
2021-11-08,-0.00043409424291047266,0.0,0.5328019496143847,0.3430131051625155,1.683107800395551e-19,1.430615471640376e-19,0.12418494522309993
2021-11-09,0.0025567043808541554,0.0,0.5328019496143847,0.3430131051625155,1.683107800395551e-19,1.430615471640376e-19,0.12418494522309993
2021-11-10,-0.009227109086701598,0.0,0.5328019496143847,0.3430131051625155,1.683107800395551e-19,1.430615471640376e-19,0.12418494522309993
2021-11-11,-4.431229723943171e-05,0.0,0.5328019496143847,0.3430131051625155,1.683107800395551e-19,1.430615471640376e-19,0.12418494522309993
2021-11-12,0.0023684092201276706,0.0,0.5328019496143847,0.3430131051625155,1.683107800395551e-19,1.430615471640376e-19,0.12418494522309993
2021-11-15,-0.003442840268536317,0.0,0.5328019496143847,0.3430131051625155,1.683107800395551e-19,1.430615471640376e-19,0.12418494522309993
2021-11-16,0.001720623971684977,0.0,0.5328019496143847,0.3430131051625155,1.683107800395551e-19,1.430615471640376e-19,0.12418494522309993
2021-11-17,0.0011828848897005727,0.0,0.5328019496143847,0.3430131051625155,1.683107800395551e-19,1.430615471640376e-19,0.12418494522309993
2021-11-18,0.0027612294551285785,0.0,0.5328019496143847,0.3430131051625155,1.683107800395551e-19,1.430615471640376e-19,0.12418494522309993
2021-11-19,0.0032987774535192097,0.0,0.5328019496143847,0.3430131051625155,1.683107800395551e-19,1.430615471640376e-19,0.12418494522309993
2021-11-22,-0.004895888258987588,0.0,0.5328019496143847,0.3430131051625155,1.683107800395551e-19,1.430615471640376e-19,0.12418494522309993
2021-11-23,-0.004301221746948897,0.0,0.5328019496143847,0.3430131051625155,1.683107800395551e-19,1.430615471640376e-19,0.12418494522309993
2021-11-24,0.0074096265508142665,0.0,0.5328019496143847,0.3430131051625155,1.683107800395551e-19,1.430615471640376e-19,0.12418494522309993
2021-11-26,-0.004171843574428086,0.0,0.5328019496143847,0.3430131051625155,1.683107800395551e-19,1.430615471640376e-19,0.12418494522309993
2021-11-29,0.004291111038880939,0.15662311713611454,0.5274975349201149,0.31587934794377065,0.1096790142956913,0.04694410284042325,5.6785411145720604e-18
2021-11-30,-0.008313848291387416,0.0,0.5274975349201149,0.31587934794377065,0.1096790142956913,0.04694410284042325,5.6785411145720604e-18
2021-12-01,0.005399020213227145,0.574441637760538,0.0,0.6807977540228537,0.26060009768363984,1.0879057489178458e-16,0.05860214829350638
2021-12-02,-0.0005712799423865021,0.0,0.0,0.6807977540228537,0.26060009768363984,1.0879057489178458e-16,0.05860214829350638
2021-12-03,0.010293111063736723,0.0,0.0,0.6807977540228537,0.26060009768363984,1.0879057489178458e-16,0.05860214829350638
2021-12-06,-0.008578782686300447,0.09245906277525653,0.09245906277525652,0.6807977540228537,0.16814103490838342,1.8424363428454538e-19,0.05860214829350638
2021-12-07,-0.0027673350686950654,0.011741186810546332,0.10420024958580287,0.6807977540228537,0.1563998480978371,0.0,0.05860214829350638
2021-12-08,-0.008198372233889556,0.35166215627024905,0.4558624058560519,0.5441375941439481,1.9061281148615633e-17,0.0,0.0
2021-12-09,-3.3908148119544e-05,0.0,0.4558624058560519,0.5441375941439481,1.9061281148615633e-17,0.0,0.0
2021-12-10,0.0029782735569530904,0.0,0.4558624058560519,0.5441375941439481,1.9061281148615633e-17,0.0,0.0
2021-12-13,0.004003404782128313,0.0,0.4558624058560519,0.5441375941439481,1.9061281148615633e-17,0.0,0.0
2021-12-14,-0.004433024940341211,0.0,0.4558624058560519,0.5441375941439481,1.9061281148615633e-17,0.0,0.0
2021-12-15,-0.005543592710459435,0.4558624058560519,0.0,0.687116959377983,0.26576963816288457,2.578288347782465e-19,0.04711340245913246
2021-12-16,0.003281789413698287,0.0,0.0,0.687116959377983,0.26576963816288457,2.578288347782465e-19,0.04711340245913246
2021-12-17,0.007546890144898986,0.0,0.0,0.687116959377983,0.26576963816288457,2.578288347782465e-19,0.04711340245913246
2021-12-20,-0.006326669584352337,0.0,0.0,0.687116959377983,0.26576963816288457,2.578288347782465e-19,0.04711340245913246
2021-12-21,-0.002782700809411213,0.0,0.0,0.687116959377983,0.26576963816288457,2.578288347782465e-19,0.04711340245913246
2021-12-22,0.007177297136820857,0.4747217550124195,0.4747217550124195,0.5252782449875806,9.394737928480983e-18,0.0,0.0
2021-12-23,-0.0016040255784750875,0.0,0.4747217550124195,0.5252782449875806,9.394737928480983e-18,0.0,0.0
2021-12-27,0.007991445578360224,0.0,0.4747217550124195,0.5252782449875806,9.394737928480983e-18,0.0,0.0
2021-12-28,-0.0024696788883922394,0.0,0.4747217550124195,0.5252782449875806,9.394737928480983e-18,0.0,0.0
2021-12-29,-0.005131121772295785,0.0,0.4747217550124195,0.5252782449875806,9.394737928480983e-18,0.0,0.0
2021-12-30,0.0029737211652762917,0.01067650115243452,0.48539825616485394,0.514601743835146,5.210379629790166e-19,4.539020359055399e-19,2.8704860476130595e-19
2021-12-31,-0.00023597962821877852,0.004834616440528683,0.4902328726053827,0.5097671273946174,1.3509386131038587e-21,0.0,0.0
2022-01-03,-0.010542854207491091,0.0,0.4902328726053827,0.5097671273946174,1.3509386131038587e-21,0.0,0.0
2022-01-04,-0.0022840101707040632,0.0,0.4902328726053827,0.5097671273946174,1.3509386131038587e-21,0.0,0.0
2022-01-05,-0.012180279324905627,0.0,0.4902328726053827,0.5097671273946174,1.3509386131038587e-21,0.0,0.0
2022-01-06,0.0008411458483310132,0.005061863115318643,0.4952947357207013,0.5047052642792987,2.201177205568836e-20,0.0,0.0
2022-01-07,-0.0055861088640063745,0.0,0.4952947357207013,0.5047052642792987,2.201177205568836e-20,0.0,0.0
2022-01-10,0.0006255532002892071,0.0,0.4952947357207013,0.5047052642792987,2.201177205568836e-20,0.0,0.0
2022-01-11,0.007873178055411238,0.0,0.4952947357207013,0.5047052642792987,2.201177205568836e-20,0.0,0.0
2022-01-12,-0.0005944634705644376,0.0,0.4952947357207013,0.5047052642792987,2.201177205568836e-20,0.0,0.0
2022-01-13,-0.0024241771088775316,0.0036037222209095165,0.4988984579416108,0.5011015420583892,0.0,0.0,6.512260921823101e-20
2022-01-14,-0.0073672466803164785,0.0,0.4988984579416108,0.5011015420583892,0.0,0.0,6.512260921823101e-20
2022-01-18,-0.015888121488615688,0.0,0.4988984579416108,0.5011015420583892,0.0,0.0,6.512260921823101e-20
2022-01-19,-0.0017109455135146234,0.0,0.4988984579416108,0.5011015420583892,0.0,0.0,6.512260921823101e-20
2022-01-20,-0.0024313406961327475,0.0,0.4988984579416108,0.5011015420583892,0.0,0.0,6.512260921823101e-20
2022-01-21,-0.004015704606201442,0.005962899950442635,0.5048613578920534,0.49513864210794656,2.9045045222912996e-19,2.341004429733566e-19,1.7790731373506387e-19
2022-01-24,-0.001923501249708707,0.0,0.5048613578920534,0.49513864210794656,2.9045045222912996e-19,2.341004429733566e-19,1.7790731373506387e-19
2022-01-25,-0.006963327141746003,0.0,0.5048613578920534,0.49513864210794656,2.9045045222912996e-19,2.341004429733566e-19,1.7790731373506387e-19
2022-01-26,-0.007254775379481668,0.0,0.5048613578920534,0.49513864210794656,2.9045045222912996e-19,2.341004429733566e-19,1.7790731373506387e-19
2022-01-27,0.0065993806758651375,0.0,0.5048613578920534,0.49513864210794656,2.9045045222912996e-19,2.341004429733566e-19,1.7790731373506387e-19
2022-01-28,0.012786809231381441,0.003082196259215436,0.5079435541512689,0.49205644584873115,7.176001075875497e-20,3.0922867624677506e-20,0.0
2022-01-31,0.006604678801428289,0.0,0.5079435541512689,0.49205644584873115,7.176001075875497e-20,3.0922867624677506e-20,0.0
2022-02-01,0.0017985813045065956,0.0,0.5079435541512689,0.49205644584873115,7.176001075875497e-20,3.0922867624677506e-20,0.0
2022-02-02,0.006600906378750213,0.0,0.5079435541512689,0.49205644584873115,7.176001075875497e-20,3.0922867624677506e-20,0.0
2022-02-03,-0.015780204004907688,0.0,0.5079435541512689,0.49205644584873115,7.176001075875497e-20,3.0922867624677506e-20,0.0
2022-02-04,-0.0048656216675749785,0.0,0.5079435541512689,0.49205644584873115,7.176001075875497e-20,3.0922867624677506e-20,0.0
2022-02-07,-0.0013113752116802827,0.0,0.5079435541512689,0.49205644584873115,7.176001075875497e-20,3.0922867624677506e-20,0.0
2022-02-08,0.0008892349894124305,0.0,0.5079435541512689,0.49205644584873115,7.176001075875497e-20,3.0922867624677506e-20,0.0
2022-02-09,0.008360210768188998,0.0,0.5079435541512689,0.49205644584873115,7.176001075875497e-20,3.0922867624677506e-20,0.0
2022-02-10,-0.01694561279843368,0.0,0.5079435541512689,0.49205644584873115,7.176001075875497e-20,3.0922867624677506e-20,0.0
2022-02-11,-0.002814415398928141,0.002739452113490054,0.5106830062647589,0.48931699373524107,0.0,2.6349728252847976e-20,0.0
2022-02-14,-0.007757139376660988,0.0,0.5106830062647589,0.48931699373524107,0.0,2.6349728252847976e-20,0.0
2022-02-15,0.0026805637664982567,0.0,0.5106830062647589,0.48931699373524107,0.0,2.6349728252847976e-20,0.0
2022-02-16,0.0034725777975974526,0.0,0.5106830062647589,0.48931699373524107,0.0,2.6349728252847976e-20,0.0
2022-02-17,-0.0072692856078070255,0.0,0.5106830062647589,0.48931699373524107,0.0,2.6349728252847976e-20,0.0
2022-02-18,0.0017580296114498902,0.005085594311520503,0.5157686005762795,0.4842313994237206,1.87402749457713e-19,3.4300259464736237e-19,1.6188941457691573e-19
2022-02-22,-0.004316728218896365,0.003199090280955663,0.5189676908572352,0.48103230914276496,0.0,1.6929085896946463e-20,3.3459986919540507e-19
2022-02-23,-0.015835387765260025,0.0,0.5189676908572352,0.48103230914276496,0.0,1.6929085896946463e-20,3.3459986919540507e-19
2022-02-24,0.008126975490264799,0.0,0.5189676908572352,0.48103230914276496,0.0,1.6929085896946463e-20,3.3459986919540507e-19
2022-02-25,0.011802261726365419,0.0,0.5189676908572352,0.48103230914276496,0.0,1.6929085896946463e-20,3.3459986919540507e-19
2022-02-28,0.00892380792402488,0.011931440278784039,0.5308991311360192,0.4691008688639809,0.0,0.0,0.0
2022-03-01,-0.0026621790504477057,0.0,0.5308991311360192,0.4691008688639809,0.0,0.0,0.0
2022-03-02,-0.02638764856371286,0.5308991311360192,1.760081218996576e-17,0.6902067159285067,0.26524363778914994,0.0,0.044549646282343494
2022-03-03,0.008779942438653323,8.673617379884035e-17,1.7600812189965758e-17,0.6902067159285066,0.2652436377891499,0.0,0.04454964628234349
2022-03-04,0.016481562841524907,8.673617379884035e-17,1.760081218996576e-17,0.6902067159285067,0.26524363778914994,0.0,0.044549646282343494
2022-03-07,-0.012176998036155823,0.32300624667009986,0.32300624667009986,0.5502343047891535,0.08220980225840328,2.5261709616364623e-20,0.0445496462823435
2022-03-08,0.0003211431240911361,0.3230062466700998,1.2911253679093103e-17,0.6877516831487801,0.2676986705688764,0.0,0.0445496462823435
2022-03-09,-0.015129955314655158,0.0,1.2911253679093103e-17,0.6877516831487801,0.2676986705688764,0.0,0.0445496462823435
2022-03-10,-0.008825010581311209,0.0,1.2911253679093103e-17,0.6877516831487801,0.2676986705688764,0.0,0.0445496462823435
2022-03-11,0.0006573177401496451,0.0,1.2911253679093103e-17,0.6877516831487801,0.2676986705688764,0.0,0.0445496462823435
2022-03-14,-0.020110436675030235,0.0,1.2911253679093103e-17,0.6877516831487801,0.2676986705688764,0.0,0.0445496462823435
2022-03-15,-0.006258256952132441,0.0,1.2911253679093103e-17,0.6877516831487801,0.2676986705688764,0.0,0.0445496462823435
2022-03-16,0.00810124868208927,0.0,1.2911253679093103e-17,0.6877516831487801,0.2676986705688764,0.0,0.0445496462823435
2022-03-17,-0.0039194874946081315,0.0,1.2911253679093103e-17,0.6877516831487801,0.2676986705688764,0.0,0.0445496462823435
2022-03-18,0.006097168859739117,0.0,1.2911253679093103e-17,0.6877516831487801,0.2676986705688764,0.0,0.0445496462823435
2022-03-21,-0.013710384582066254,0.0,1.2911253679093103e-17,0.6877516831487801,0.2676986705688764,0.0,0.0445496462823435
2022-03-22,-0.010769233563579146,0.0,1.2911253679093103e-17,0.6877516831487801,0.2676986705688764,0.0,0.0445496462823435
2022-03-23,0.010898851768004366,0.2584157221262251,0.2584157221262251,0.5638939021748779,0.13314072941655353,1.2774440578544729e-18,0.0445496462823435
2022-03-24,0.0004959839144130177,0.0,0.2584157221262251,0.5638939021748779,0.13314072941655353,1.2774440578544729e-18,0.0445496462823435
2022-03-25,-0.004142571774733425,0.24007973356846096,0.49849545569468606,0.468937770950277,0.018771762609137137,0.0,0.0137950107458998
2022-03-28,0.00738408777315951,0.031191275146610613,0.5296867308412967,0.450109327281095,0.013799550615476603,9.269349338040994e-20,0.00640439126213175
2022-03-29,0.009919779384988298,0.0,0.5296867308412967,0.450109327281095,0.013799550615476603,9.269349338040994e-20,0.00640439126213175
2022-03-30,0.00031767349748865843,0.0,0.5296867308412967,0.450109327281095,0.013799550615476603,9.269349338040994e-20,0.00640439126213175
2022-03-31,-0.007027183716980976,0.0,0.5296867308412967,0.450109327281095,0.013799550615476603,9.269349338040994e-20,0.00640439126213175
2022-04-01,0.0031364578419738063,0.0,0.5296867308412967,0.450109327281095,0.013799550615476603,9.269349338040994e-20,0.00640439126213175
2022-04-04,0.0018019020685651655,0.019099811412474743,0.5487865422537714,0.43100951586862024,0.013799550615476603,9.618965946023692e-20,0.00640439126213175
2022-04-05,-0.016721965359944576,0.0,0.5487865422537714,0.43100951586862024,0.013799550615476603,9.618965946023692e-20,0.00640439126213175
2022-04-06,-0.0089391391914729,0.0,0.5487865422537714,0.43100951586862024,0.013799550615476603,9.618965946023692e-20,0.00640439126213175
2022-04-07,-0.000416721306590301,0.0,0.5487865422537714,0.43100951586862024,0.013799550615476603,9.618965946023692e-20,0.00640439126213175
2022-04-08,-0.006049305461582004,0.0,0.5487865422537714,0.43100951586862024,0.013799550615476603,9.618965946023692e-20,0.00640439126213175
2022-04-11,-0.016131374287092146,0.010652780541462709,0.5594393227952341,0.4203567353271575,0.013799550615476603,0.0,0.00640439126213175
2022-04-12,-0.002525627591461828,0.0,0.5594393227952341,0.4203567353271575,0.013799550615476603,0.0,0.00640439126213175
2022-04-13,0.007302053938342132,0.0,0.5594393227952341,0.4203567353271575,0.013799550615476603,0.0,0.00640439126213175
2022-04-14,-0.015409151546115215,0.0,0.5594393227952341,0.4203567353271575,0.013799550615476603,0.0,0.00640439126213175
2022-04-18,-0.0017896713923003153,0.0,0.5594393227952341,0.4203567353271575,0.013799550615476603,0.0,0.00640439126213175
2022-04-19,0.005687615911236501,0.0,0.5594393227952341,0.4203567353271575,0.013799550615476603,0.0,0.00640439126213175
2022-04-20,0.008067763700859133,0.0,0.5594393227952341,0.4203567353271575,0.013799550615476603,0.0,0.00640439126213175
2022-04-21,-0.011505534643856185,0.0,0.5594393227952341,0.4203567353271575,0.013799550615476603,0.0,0.00640439126213175
2022-04-22,-0.01809224648062073,0.0,0.5594393227952341,0.4203567353271575,0.013799550615476603,0.0,0.00640439126213175
2022-04-25,0.002141549828227336,0.5594393227952341,4.1742559334080965e-18,0.675117480718807,0.27096220441234803,6.177210082658749e-19,0.05392031486884513
2022-04-26,0.007546864072640656,9.020562075079397e-17,4.174255933408096e-18,0.6751174807188068,0.270962204412348,6.177210082658748e-19,0.05392031486884512
2022-04-27,-0.010371537627955828,8.673617379884035e-17,4.1742559334080965e-18,0.675117480718807,0.27096220441234803,6.177210082658749e-19,0.053920314868845125
2022-04-28,0.0027819427213166313,9.020562075079397e-17,4.174255933408096e-18,0.6751174807188068,0.270962204412348,6.177210082658748e-19,0.05392031486884511
2022-04-29,-0.009003223901055745,8.673617379884035e-17,4.1742559334080965e-18,0.675117480718807,0.27096220441234803,6.177210082658749e-19,0.05392031486884512
2022-05-02,-0.016452403181989244,9.020562075079397e-17,4.174255933408096e-18,0.6751174807188068,0.270962204412348,6.177210082658748e-19,0.053920314868845104
2022-05-03,0.005172031969281397,8.673617379884035e-17,4.1742559334080965e-18,0.675117480718807,0.27096220441234803,6.177210082658749e-19,0.05392031486884511
2022-05-04,0.005933059809117614,9.020562075079397e-17,4.174255933408096e-18,0.6751174807188068,0.270962204412348,6.177210082658748e-19,0.0539203148688451
2022-05-05,-0.01907757733510944,8.673617379884035e-17,4.1742559334080965e-18,0.675117480718807,0.27096220441234803,6.177210082658749e-19,0.053920314868845104
2022-05-06,-0.009401980667293993,9.020562075079397e-17,4.174255933408096e-18,0.6751174807188068,0.270962204412348,6.177210082658748e-19,0.05392031486884509
2022-05-09,0.002035289600059706,8.673617379884035e-17,4.1742559334080965e-18,0.675117480718807,0.27096220441234803,6.177210082658749e-19,0.0539203148688451
2022-05-10,0.003951213433981885,9.020562075079397e-17,4.174255933408096e-18,0.6751174807188068,0.270962204412348,6.177210082658748e-19,0.05392031486884508
2022-05-11,0.01528244236867783,8.673617379884035e-17,4.1742559334080965e-18,0.675117480718807,0.27096220441234803,6.177210082658749e-19,0.05392031486884509
2022-05-12,-0.004948940666417622,9.020562075079397e-17,4.174255933408096e-18,0.6751174807188068,0.270962204412348,6.177210082658748e-19,0.053920314868845076
2022-05-13,-0.012329900469033747,8.673617379884035e-17,4.1742559334080965e-18,0.675117480718807,0.27096220441234803,6.177210082658749e-19,0.05392031486884508
2022-05-16,0.0016739966628173584,9.020562075079397e-17,4.174255933408096e-18,0.6751174807188068,0.270962204412348,6.177210082658748e-19,0.05392031486884507
2022-05-17,-0.010304313022771251,8.673617379884035e-17,4.1742559334080965e-18,0.675117480718807,0.27096220441234803,6.177210082658749e-19,0.053920314868845076
2022-05-18,0.014808935108563435,0.0,4.1742559334080965e-18,0.675117480718807,0.27096220441234803,6.177210082658749e-19,0.053920314868845076
2022-05-19,0.005036310072270187,0.0,4.1742559334080965e-18,0.675117480718807,0.27096220441234803,6.177210082658749e-19,0.053920314868845076
2022-05-20,0.007969657247737547,0.0,4.1742559334080965e-18,0.675117480718807,0.27096220441234803,6.177210082658749e-19,0.053920314868845076
2022-05-23,-0.010337976857407869,0.0,4.1742559334080965e-18,0.675117480718807,0.27096220441234803,6.177210082658749e-19,0.053920314868845076
2022-05-24,0.015201476652562175,0.0,4.1742559334080965e-18,0.675117480718807,0.27096220441234803,6.177210082658749e-19,0.053920314868845076
2022-05-25,0.0012338837756239605,0.0,4.1742559334080965e-18,0.675117480718807,0.27096220441234803,6.177210082658749e-19,0.053920314868845076
2022-05-26,-0.0037335904496459296,0.0,4.1742559334080965e-18,0.675117480718807,0.27096220441234803,6.177210082658749e-19,0.053920314868845076
2022-05-27,0.0016701835474370614,0.0,4.1742559334080965e-18,0.675117480718807,0.27096220441234803,6.177210082658749e-19,0.053920314868845076
2022-05-31,-0.016868082358367238,0.0,4.1742559334080965e-18,0.675117480718807,0.27096220441234803,6.177210082658749e-19,0.053920314868845076
2022-06-01,0.0012040369299988383,0.023882549190804805,0.02388254919080482,0.6512349315280022,0.27096220441234803,7.663787755178249e-20,0.053920314868845076
2022-06-02,0.0064612214661680985,0.17962477578023262,0.20350732497103738,0.5158184299976415,0.22675393016247603,6.704784155064465e-19,0.053920314868845076
2022-06-03,-0.006513018736147022,0.0,0.20350732497103738,0.5158184299976415,0.22675393016247603,6.704784155064465e-19,0.053920314868845076
2022-06-06,-0.009773924981279854,0.0,0.20350732497103738,0.5158184299976415,0.22675393016247603,6.704784155064465e-19,0.053920314868845076
2022-06-07,0.009023178073804934,0.19329936418663118,0.3968066891576686,0.39600665528774176,0.15326634068574466,6.396432765634362e-19,0.053920314868845076
2022-06-08,-0.005775301530324848,0.3968066891576686,0.0,0.651103392190132,0.2666650258231022,0.0,0.08223158198676578
2022-06-09,0.0019198719043440585,0.0,0.0,0.651103392190132,0.2666650258231022,0.0,0.08223158198676578
2022-06-10,0.00019357160799199358,0.0,0.0,0.651103392190132,0.2666650258231022,0.0,0.08223158198676578
2022-06-13,-0.026676378566924418,0.0,0.0,0.651103392190132,0.2666650258231022,0.0,0.08223158198676578
2022-06-14,-0.010171093028818275,0.0,0.0,0.651103392190132,0.2666650258231022,0.0,0.08223158198676578
2022-06-15,0.01498506593365678,0.0,0.0,0.651103392190132,0.2666650258231022,0.0,0.08223158198676578
2022-06-16,0.0073726096875881665,0.0,0.0,0.651103392190132,0.2666650258231022,0.0,0.08223158198676578
2022-06-17,0.0007376083160973586,0.0,0.0,0.651103392190132,0.2666650258231022,0.0,0.08223158198676578
2022-06-21,-0.012328466274639894,0.0,0.0,0.651103392190132,0.2666650258231022,0.0,0.08223158198676578
2022-06-22,0.018850361906446598,0.0,0.0,0.651103392190132,0.2666650258231022,0.0,0.08223158198676578
2022-06-23,0.00380287422695829,0.0,0.0,0.651103392190132,0.2666650258231022,0.0,0.08223158198676578
2022-06-24,-0.00945664090294006,0.0,0.0,0.651103392190132,0.2666650258231022,0.0,0.08223158198676578
2022-06-27,-0.005998728828094848,0.0,0.0,0.651103392190132,0.2666650258231022,0.0,0.08223158198676578
2022-06-28,0.003068887549638874,0.0,0.0,0.651103392190132,0.2666650258231022,0.0,0.08223158198676578
2022-06-29,0.01042998969949214,0.0,0.0,0.651103392190132,0.2666650258231022,0.0,0.08223158198676578
2022-06-30,0.0038335386277187963,0.0,0.0,0.651103392190132,0.2666650258231022,0.0,0.08223158198676578
2022-07-01,0.006727582135735694,0.0,0.0,0.651103392190132,0.2666650258231022,0.0,0.08223158198676578
2022-07-05,0.0005133666923110205,0.522193893732185,0.5150923063033087,0.31952853897475886,0.13047673636697574,0.007101587428876309,0.02780083092608043
2022-07-06,-0.004769065098525197,0.4649743486195422,0.11696509273252417,0.25978299135487753,0.17881795870801068,0.0,0.44443395720458767
2022-07-07,-0.0002795957869578447,0.0,0.11696509273252417,0.25978299135487753,0.17881795870801068,0.0,0.44443395720458767
2022-07-08,-0.0032072525422548524,0.0,0.11696509273252417,0.25978299135487753,0.17881795870801068,0.0,0.44443395720458767
2022-07-11,0.00432147020837715,0.13045473599135526,0.2474198287238794,0.25978299135487753,0.17881795870801068,0.0,0.3139792212132324
2022-07-12,-0.0018025986164456698,0.045108390374685337,0.29252821909856475,0.25978299135487753,0.17881795870801068,0.0,0.26887083083854707
2022-07-13,0.002014527181854248,0.08642131499268094,0.20610690410588378,0.25978299135487753,0.17881795870801068,0.0,0.355292145831228
2022-07-14,-0.0033201124413762837,0.06972538444251386,0.27583228854839764,0.25978299135487753,0.17881795870801068,0.0,0.2855667613887141
2022-07-15,0.009568390176912434,0.19831628399520393,0.47414857254360154,0.2597829913548776,0.1574475355463415,0.0,0.1086209005551794
2022-07-18,-0.007053280655954236,0.010655291274181418,0.4835321112401917,0.25978299135487753,0.15548443633929632,0.0012717525775912133,0.09992870848804315
2022-07-19,0.011428106414886289,0.0,0.4835321112401917,0.25978299135487753,0.15548443633929632,0.0012717525775912133,0.09992870848804315
2022-07-20,0.002575193956565477,0.0,0.4835321112401917,0.25978299135487753,0.15548443633929632,0.0012717525775912133,0.09992870848804315
2022-07-21,0.01128018975216281,0.0063000394816195085,0.48839469403634667,0.25978299135487753,0.15321872316491775,0.002709209263055804,0.09589438218080228
2022-07-22,4.936710946517632e-05,0.0,0.48839469403634667,0.25978299135487753,0.15321872316491775,0.002709209263055804,0.09589438218080228
2022-07-25,-0.0024414839503622042,0.0,0.48839469403634667,0.25978299135487753,0.15321872316491775,0.002709209263055804,0.09589438218080228
2022-07-26,-0.005056566374593188,0.0,0.48839469403634667,0.25978299135487753,0.15321872316491775,0.002709209263055804,0.09589438218080228
2022-07-27,0.012077492182456864,0.0,0.48839469403634667,0.25978299135487753,0.15321872316491775,0.002709209263055804,0.09589438218080228
2022-07-28,0.009967611077991005,0.0,0.48839469403634667,0.25978299135487753,0.15321872316491775,0.002709209263055804,0.09589438218080228
2022-07-29,0.006505813589929206,0.0,0.48839469403634667,0.25978299135487753,0.15321872316491775,0.002709209263055804,0.09589438218080228
2022-08-01,0.005204299530684006,0.0,0.48839469403634667,0.25978299135487753,0.15321872316491775,0.002709209263055804,0.09589438218080228
2022-08-02,-0.008987453087693286,0.0,0.48839469403634667,0.25978299135487753,0.15321872316491775,0.002709209263055804,0.09589438218080228
2022-08-03,0.012296600400323302,0.0,0.48839469403634667,0.25978299135487753,0.15321872316491775,0.002709209263055804,0.09589438218080228
2022-08-04,0.001436560354211704,0.0,0.48839469403634667,0.25978299135487753,0.15321872316491775,0.002709209263055804,0.09589438218080228
2022-08-05,-0.00791757796303199,0.0,0.48839469403634667,0.25978299135487753,0.15321872316491775,0.002709209263055804,0.09589438218080228
2022-08-08,0.004865211339653076,0.0,0.48839469403634667,0.25978299135487753,0.15321872316491775,0.002709209263055804,0.09589438218080228
2022-08-09,-0.002584651971279839,0.0,0.48839469403634667,0.25978299135487753,0.15321872316491775,0.002709209263055804,0.09589438218080228
2022-08-10,0.007162966100798926,0.0,0.48839469403634667,0.25978299135487753,0.15321872316491775,0.002709209263055804,0.09589438218080228
2022-08-11,-0.0063198541701319074,0.0,0.48839469403634667,0.25978299135487753,0.15321872316491775,0.002709209263055804,0.09589438218080228
2022-08-12,0.012640269129846554,0.0,0.48839469403634667,0.25978299135487753,0.15321872316491775,0.002709209263055804,0.09589438218080228
2022-08-15,0.0005891770120881624,0.0,0.48839469403634667,0.25978299135487753,0.15321872316491775,0.002709209263055804,0.09589438218080228
2022-08-16,0.0016738020871327449,0.0,0.48839469403634667,0.25978299135487753,0.15321872316491775,0.002709209263055804,0.09589438218080228
2022-08-17,-0.007003702478333873,0.0,0.48839469403634667,0.25978299135487753,0.15321872316491775,0.002709209263055804,0.09589438218080228
2022-08-18,0.002224184416600841,0.0,0.48839469403634667,0.25978299135487753,0.15321872316491775,0.002709209263055804,0.09589438218080228
2022-08-19,-0.011272827896732025,0.0,0.48839469403634667,0.25978299135487753,0.15321872316491775,0.002709209263055804,0.09589438218080228
2022-08-22,-0.011241570288923267,0.0,0.48839469403634667,0.25978299135487753,0.15321872316491775,0.002709209263055804,0.09589438218080228
2022-08-23,-0.0018566924333177396,0.0,0.48839469403634667,0.25978299135487753,0.15321872316491775,0.002709209263055804,0.09589438218080228
2022-08-24,0.0002227476072217524,0.0,0.48839469403634667,0.25978299135487753,0.15321872316491775,0.002709209263055804,0.09589438218080228
2022-08-25,0.010766192288399756,0.0,0.48839469403634667,0.25978299135487753,0.15321872316491775,0.002709209263055804,0.09589438218080228
2022-08-26,-0.01609515981995117,0.0,0.48839469403634667,0.25978299135487753,0.15321872316491775,0.002709209263055804,0.09589438218080228
2022-08-29,-0.005149554984292088,0.0,0.48839469403634667,0.25978299135487753,0.15321872316491775,0.002709209263055804,0.09589438218080228
2022-08-30,-0.006137629923476019,0.0,0.48839469403634667,0.25978299135487753,0.15321872316491775,0.002709209263055804,0.09589438218080228
2022-08-31,-0.007534136679807438,0.0,0.48839469403634667,0.25978299135487753,0.15321872316491775,0.002709209263055804,0.09589438218080228
2022-09-01,-0.0037941842677842097,0.0,0.48839469403634667,0.25978299135487753,0.15321872316491775,0.002709209263055804,0.09589438218080228
2022-09-02,-0.00228014353827724,0.0,0.48839469403634667,0.25978299135487753,0.15321872316491775,0.002709209263055804,0.09589438218080228
2022-09-06,-0.008617384871601897,0.0,0.48839469403634667,0.25978299135487753,0.15321872316491775,0.002709209263055804,0.09589438218080228
2022-09-07,0.013614854478271113,0.0,0.48839469403634667,0.25978299135487753,0.15321872316491775,0.002709209263055804,0.09589438218080228
2022-09-08,-0.0001770485242217094,0.0,0.48839469403634667,0.25978299135487753,0.15321872316491775,0.002709209263055804,0.09589438218080228
2022-09-09,0.008408445659375648,0.0,0.48839469403634667,0.25978299135487753,0.15321872316491775,0.002709209263055804,0.09589438218080228
2022-09-12,0.00344665334917131,0.0,0.48839469403634667,0.25978299135487753,0.15321872316491775,0.002709209263055804,0.09589438218080228
2022-09-13,-0.021318110883673917,0.0,0.48839469403634667,0.25978299135487753,0.15321872316491775,0.002709209263055804,0.09589438218080228
2022-09-14,0.0005021691097599039,0.24685249517715213,0.24425140812225038,0.25978299135487753,0.17225727750315883,8.102795059717722e-19,0.32370832301971336
2022-09-15,-0.007699063520606387,0.1511301436608084,0.3953815517830587,0.25978299135487753,0.16924879770461734,6.389507450420535e-19,0.17558665915744642
2022-09-16,-0.0043184568828013295,0.008874119997947766,0.40425567178100646,0.25978299135487753,0.16777657433296345,7.0897557439538625e-19,0.16818476253115253
2022-09-19,0.0037562007836251373,0.0,0.40425567178100646,0.25978299135487753,0.16777657433296345,7.0897557439538625e-19,0.16818476253115253
2022-09-20,-0.00738629925164818,0.0,0.40425567178100646,0.25978299135487753,0.16777657433296345,7.0897557439538625e-19,0.16818476253115253
2022-09-21,-0.0002684107638688711,0.0,0.40425567178100646,0.25978299135487753,0.16777657433296345,7.0897557439538625e-19,0.16818476253115253
2022-09-22,-0.009903903223777438,0.0,0.40425567178100646,0.25978299135487753,0.16777657433296345,7.0897557439538625e-19,0.16818476253115253
2022-09-23,-0.005962599429302616,0.0,0.40425567178100646,0.25978299135487753,0.16777657433296345,7.0897557439538625e-19,0.16818476253115253
2022-09-26,-0.004447650775197931,0.24197584155729923,0.16227983022370726,0.25978299135487753,0.19076928321550357,0.0,0.38716789520591166
2022-09-27,-0.005576359329672915,0.10201869824289644,0.09502221400687554,0.22502190932881283,0.21439389910439338,9.633580874130233e-19,0.4655619775599183
2022-09-28,0.007578618711512042,0.006448403811548834,0.09229805611684701,0.22129766340729254,0.21594486979671876,0.0,0.47045941067914177
2022-09-29,-0.00497688837623605,0.00019523141974953084,0.09211587816083826,0.22128460994355176,0.2160329437002977,0.0,0.47056656819531234
2022-09-30,-0.004267486413755151,0.0,0.09211587816083826,0.22128460994355176,0.2160329437002977,0.0,0.47056656819531234
2022-10-03,0.012021267217537901,0.2855354508315203,0.0,0.5064354526637528,0.21641755181161693,3.1486084229033188e-19,0.27714699552463024
2022-10-04,-0.0021001990415328384,0.0,0.0,0.5064354526637528,0.21641755181161693,3.1486084229033188e-19,0.27714699552463024
2022-10-05,-0.003419263048432714,0.0,0.0,0.5064354526637528,0.21641755181161693,3.1486084229033188e-19,0.27714699552463024
2022-10-06,-0.0002760766875400248,0.0,0.0,0.5064354526637528,0.21641755181161693,3.1486084229033188e-19,0.27714699552463024
2022-10-07,-0.006186968666496511,0.0,0.0,0.5064354526637528,0.21641755181161693,3.1486084229033188e-19,0.27714699552463024
2022-10-10,-0.009973670483592822,0.0,0.0,0.5064354526637528,0.21641755181161693,3.1486084229033188e-19,0.27714699552463024
2022-10-11,0.0019779344098776177,0.0,0.0,0.5064354526637528,0.21641755181161693,3.1486084229033188e-19,0.27714699552463024
2022-10-12,0.003642638195006412,0.0,0.0,0.5064354526637528,0.21641755181161693,3.1486084229033188e-19,0.27714699552463024
2022-10-13,-0.008163416246247035,0.0,0.0,0.5064354526637528,0.21641755181161693,3.1486084229033188e-19,0.27714699552463024
2022-10-14,-0.0049505556399065415,0.0,0.0,0.5064354526637528,0.21641755181161693,3.1486084229033188e-19,0.27714699552463024
2022-10-17,-0.004664377090153557,0.0,0.0,0.5064354526637528,0.21641755181161693,3.1486084229033188e-19,0.27714699552463024
2022-10-18,0.001469127536213644,0.0,0.0,0.5064354526637528,0.21641755181161693,3.1486084229033188e-19,0.27714699552463024
2022-10-19,-0.010096208478276743,0.0,0.0,0.5064354526637528,0.21641755181161693,3.1486084229033188e-19,0.27714699552463024
2022-10-20,-0.008816231566932729,0.0,0.0,0.5064354526637528,0.21641755181161693,3.1486084229033188e-19,0.27714699552463024
2022-10-21,-0.007641946509214757,0.0,0.0,0.5064354526637528,0.21641755181161693,3.1486084229033188e-19,0.27714699552463024
2022-10-24,-0.004611147991847708,0.0,0.0,0.5064354526637528,0.21641755181161693,3.1486084229033188e-19,0.27714699552463024
2022-10-25,0.012202164005794077,0.0,0.0,0.5064354526637528,0.21641755181161693,3.1486084229033188e-19,0.27714699552463024
2022-10-26,0.0057914343660061054,0.0,0.0,0.5064354526637528,0.21641755181161693,3.1486084229033188e-19,0.27714699552463024
2022-10-27,0.007128442262624338,0.0,0.0,0.5064354526637528,0.21641755181161693,3.1486084229033188e-19,0.27714699552463024
2022-10-28,-0.005224791737856355,0.0,0.0,0.5064354526637528,0.21641755181161693,3.1486084229033188e-19,0.27714699552463024
2022-10-31,-0.0030497780563254985,0.0,0.0,0.5064354526637528,0.21641755181161693,3.1486084229033188e-19,0.27714699552463024
2022-11-01,0.006849082540491816,0.0,0.0,0.5064354526637528,0.21641755181161693,3.1486084229033188e-19,0.27714699552463024
2022-11-02,-0.002506707111964959,0.0,0.0,0.5064354526637528,0.21641755181161693,3.1486084229033188e-19,0.27714699552463024
2022-11-03,-0.0012590975048548593,0.0,0.0,0.5064354526637528,0.21641755181161693,3.1486084229033188e-19,0.27714699552463024
2022-11-04,-0.007061581356861258,0.0,0.0,0.5064354526637528,0.21641755181161693,3.1486084229033188e-19,0.27714699552463024
2022-11-07,-0.007489532394525438,0.0,0.0,0.5064354526637528,0.21641755181161693,3.1486084229033188e-19,0.27714699552463024
2022-11-08,0.009321981805869446,0.0,0.0,0.5064354526637528,0.21641755181161693,3.1486084229033188e-19,0.27714699552463024
2022-11-09,0.0026439004355285193,0.0,0.0,0.5064354526637528,0.21641755181161693,3.1486084229033188e-19,0.27714699552463024
2022-11-10,0.019738468451454005,0.0,0.0,0.5064354526637528,0.21641755181161693,3.1486084229033188e-19,0.27714699552463024
2022-11-11,-0.004430162680068175,0.0,0.0,0.5064354526637528,0.21641755181161693,3.1486084229033188e-19,0.27714699552463024
2022-11-14,0.0004893724376334776,0.0,0.0,0.5064354526637528,0.21641755181161693,3.1486084229033188e-19,0.27714699552463024
2022-11-15,0.007992324457093561,0.0,0.0,0.5064354526637528,0.21641755181161693,3.1486084229033188e-19,0.27714699552463024
2022-11-16,0.009998069572345343,0.0,0.0,0.5064354526637528,0.21641755181161693,3.1486084229033188e-19,0.27714699552463024
2022-11-17,-0.005851556292060955,0.0,0.0,0.5064354526637528,0.21641755181161693,3.1486084229033188e-19,0.27714699552463024
2022-11-18,-0.004202990785024545,0.0,0.0,0.5064354526637528,0.21641755181161693,3.1486084229033188e-19,0.27714699552463024
2022-11-21,0.0033297198597776302,0.0,0.0,0.5064354526637528,0.21641755181161693,3.1486084229033188e-19,0.27714699552463024
2022-11-22,0.005724667072637773,0.0,0.0,0.5064354526637528,0.21641755181161693,3.1486084229033188e-19,0.27714699552463024
2022-11-23,0.007302689713794857,0.0,0.0,0.5064354526637528,0.21641755181161693,3.1486084229033188e-19,0.27714699552463024
2022-11-25,-0.001530844968250101,0.0,0.0,0.5064354526637528,0.21641755181161693,3.1486084229033188e-19,0.27714699552463024
2022-11-28,0.0017531870094179996,0.0,0.0,0.5064354526637528,0.21641755181161693,3.1486084229033188e-19,0.27714699552463024
2022-11-29,-0.004387914651240306,0.0,0.0,0.5064354526637528,0.21641755181161693,3.1486084229033188e-19,0.27714699552463024
2022-11-30,0.004280519735222659,0.0,0.0,0.5064354526637528,0.21641755181161693,3.1486084229033188e-19,0.27714699552463024
2022-12-01,0.016766835616925713,0.0,0.0,0.5064354526637528,0.21641755181161693,3.1486084229033188e-19,0.27714699552463024
2022-12-02,0.0053267118400051,0.0,0.0,0.5064354526637528,0.21641755181161693,3.1486084229033188e-19,0.27714699552463024
2022-12-05,-0.008549026955024321,0.0,0.0,0.5064354526637528,0.21641755181161693,3.1486084229033188e-19,0.27714699552463024
2022-12-06,0.007309983859173098,0.0,0.0,0.5064354526637528,0.21641755181161693,3.1486084229033188e-19,0.27714699552463024
2022-12-07,0.013013152926184695,0.0,0.0,0.5064354526637528,0.21641755181161693,3.1486084229033188e-19,0.27714699552463024
2022-12-08,-0.0020842533141640323,0.0,0.0,0.5064354526637528,0.21641755181161693,3.1486084229033188e-19,0.27714699552463024
2022-12-09,-0.011819952586208361,0.0,0.0,0.5064354526637528,0.21641755181161693,3.1486084229033188e-19,0.27714699552463024
2022-12-12,2.710238898967249e-05,0.0,0.0,0.5064354526637528,0.21641755181161693,3.1486084229033188e-19,0.27714699552463024
2022-12-13,0.006145445256184736,0.0,0.0,0.5064354526637528,0.21641755181161693,3.1486084229033188e-19,0.27714699552463024
2022-12-14,0.00035548862563343313,0.0,0.0,0.5064354526637528,0.21641755181161693,3.1486084229033188e-19,0.27714699552463024
2022-12-15,0.001009030405201399,0.0,0.0,0.5064354526637528,0.21641755181161693,3.1486084229033188e-19,0.27714699552463024
2022-12-16,-0.003281935285058931,0.0,0.0,0.5064354526637528,0.21641755181161693,3.1486084229033188e-19,0.27714699552463024
2022-12-19,-0.009051571033443446,0.0,0.0,0.5064354526637528,0.21641755181161693,3.1486084229033188e-19,0.27714699552463024
2022-12-20,-0.007277234237431188,0.0,0.0,0.5064354526637528,0.21641755181161693,3.1486084229033188e-19,0.27714699552463024
2022-12-21,0.0016103425038939767,0.0,0.0,0.5064354526637528,0.21641755181161693,3.1486084229033188e-19,0.27714699552463024
2022-12-22,-0.002316526063723193,0.0,0.0,0.5064354526637528,0.21641755181161693,3.1486084229033188e-19,0.27714699552463024
2022-12-23,-0.006874684059821143,0.0,0.0,0.5064354526637528,0.21641755181161693,3.1486084229033188e-19,0.27714699552463024
2022-12-27,-0.008288432978189233,0.0,0.0,0.5064354526637528,0.21641755181161693,3.1486084229033188e-19,0.27714699552463024
2022-12-28,-0.0029680658972817612,0.0,0.0,0.5064354526637528,0.21641755181161693,3.1486084229033188e-19,0.27714699552463024
2022-12-29,0.00528176740525368,0.0,0.0,0.5064354526637528,0.21641755181161693,3.1486084229033188e-19,0.27714699552463024
2022-12-30,-0.0055153830708716154,0.0,0.0,0.5064354526637528,0.21641755181161693,3.1486084229033188e-19,0.27714699552463024
2023-01-03,0.014466009892021308,0.0,0.0,0.5064354526637528,0.21641755181161693,3.1486084229033188e-19,0.27714699552463024
2023-01-04,0.007989204141690171,0.0,0.0,0.5064354526637528,0.21641755181161693,3.1486084229033188e-19,0.27714699552463024
2023-01-05,-0.0038924783802308212,0.3934168582040835,0.3934168582040835,0.28009423782317977,0.16581448263550885,1.7100166214958454e-17,0.16067442133722792
2023-01-06,0.015244934975043749,0.008162392392239745,0.4015792505963232,0.275961307393534,0.16289785453362737,1.7049857774983703e-17,0.15956158747651536
2023-01-09,0.0006351438437730675,0.0,0.4015792505963232,0.275961307393534,0.16289785453362737,1.7049857774983703e-17,0.15956158747651536
2023-01-10,-0.001037063458229325,0.0,0.4015792505963232,0.275961307393534,0.16289785453362737,1.7049857774983703e-17,0.15956158747651536
2023-01-11,0.009451992707697435,0.0,0.4015792505963232,0.275961307393534,0.16289785453362737,1.7049857774983703e-17,0.15956158747651536
2023-01-12,0.011309803894683588,0.38273405094029744,0.018845199656025692,0.508676905888882,0.27356546519142255,9.87734357102261e-19,0.1989124292636696
2023-01-13,-0.0014836064761646547,9.8879238130678e-17,0.018845199656025696,0.5086769058888821,0.2735654651914226,9.877343571022611e-19,0.19891242926366962
2023-01-17,-0.004533868185335522,1.1275702593849246e-16,0.018845199656025692,0.508676905888882,0.27356546519142255,9.87734357102261e-19,0.19891242926366956
2023-01-18,0.01124287111832737,9.8879238130678e-17,0.018845199656025696,0.5086769058888821,0.2735654651914226,9.877343571022611e-19,0.1989124292636696
2023-01-19,0.0005143957697609498,0.0,0.018845199656025696,0.5086769058888821,0.2735654651914226,9.877343571022611e-19,0.1989124292636696
2023-01-20,-0.009097135008651995,0.0,0.018845199656025696,0.5086769058888821,0.2735654651914226,9.877343571022611e-19,0.1989124292636696
2023-01-23,-0.0013600495377627734,0.0,0.018845199656025696,0.5086769058888821,0.2735654651914226,9.877343571022611e-19,0.1989124292636696
2023-01-24,0.008067311914618196,0.0,0.018845199656025696,0.5086769058888821,0.2735654651914226,9.877343571022611e-19,0.1989124292636696
2023-01-25,0.0018480985483320341,0.0,0.018845199656025696,0.5086769058888821,0.2735654651914226,9.877343571022611e-19,0.1989124292636696
2023-01-26,-0.004127539403318817,0.0,0.018845199656025696,0.5086769058888821,0.2735654651914226,9.877343571022611e-19,0.1989124292636696
2023-01-27,-0.0013316933866328398,0.0,0.018845199656025696,0.5086769058888821,0.2735654651914226,9.877343571022611e-19,0.1989124292636696
2023-01-30,-0.002073596815497152,0.0,0.018845199656025696,0.5086769058888821,0.2735654651914226,9.877343571022611e-19,0.1989124292636696
2023-01-31,0.004905756263498943,0.0,0.018845199656025696,0.5086769058888821,0.2735654651914226,9.877343571022611e-19,0.1989124292636696
2023-02-01,0.00788130307358395,0.0,0.018845199656025696,0.5086769058888821,0.2735654651914226,9.877343571022611e-19,0.1989124292636696
2023-02-02,-0.0034306321055870793,0.0,0.018845199656025696,0.5086769058888821,0.2735654651914226,9.877343571022611e-19,0.1989124292636696
2023-02-03,-0.010927454541674354,0.39239730027273556,0.4112424999287613,0.2760923234438106,0.17149223004675726,2.8697351077368975e-18,0.14117294658067098
2023-02-06,-0.0033886355068041773,1.1102230246251565e-16,0.41124249992876116,0.27609232344381057,0.17149223004675723,2.8697351077368967e-18,0.14117294658067095
2023-02-07,0.003067966955878321,8.326672684688674e-17,0.4112424999287612,0.2760923234438106,0.17149223004675726,2.869735107736897e-18,0.14117294658067098
2023-02-08,-0.002607342179879742,0.0,0.4112424999287612,0.2760923234438106,0.17149223004675726,2.869735107736897e-18,0.14117294658067098
2023-02-09,-0.007739831896096375,0.0,0.4112424999287612,0.2760923234438106,0.17149223004675726,2.869735107736897e-18,0.14117294658067098
2023-02-10,-0.004182493679654876,0.3847160942325518,0.02652640569620935,0.4873238954740413,0.27294413417148417,2.895143915006027e-19,0.21320556465826523
2023-02-13,0.0024169806825366956,0.0,0.02652640569620935,0.4873238954740413,0.27294413417148417,2.895143915006027e-19,0.21320556465826523
2023-02-14,-0.0010810227538897536,0.0,0.02652640569620935,0.4873238954740413,0.27294413417148417,2.895143915006027e-19,0.21320556465826523
2023-02-15,-0.00572495289706123,0.0,0.02652640569620935,0.4873238954740413,0.27294413417148417,2.895143915006027e-19,0.21320556465826523
2023-02-16,-0.007189273330239579,0.0,0.02652640569620935,0.4873238954740413,0.27294413417148417,2.895143915006027e-19,0.21320556465826523
2023-02-17,0.0015784804107704564,0.38908476703305367,0.41561117272926296,0.27864170053134973,0.18052063854892075,1.045611139452464e-17,0.12522648819046658
2023-02-21,-0.01402702143813687,0.0,0.41561117272926296,0.27864170053134973,0.18052063854892075,1.045611139452464e-17,0.12522648819046658
2023-02-22,0.0013650384895967358,0.0,0.41561117272926296,0.27864170053134973,0.18052063854892075,1.045611139452464e-17,0.12522648819046658
2023-02-23,0.004882285909516584,0.0,0.41561117272926296,0.27864170053134973,0.18052063854892075,1.045611139452464e-17,0.12522648819046658
2023-02-24,-0.008431332540631688,0.0,0.41561117272926296,0.27864170053134973,0.18052063854892075,1.045611139452464e-17,0.12522648819046658
2023-02-27,0.0012538179521954975,0.3882580629882404,0.027353109741022636,0.4729935099558429,0.2699476665339285,0.0,0.22970571376920604
2023-02-28,0.003926051977772164,0.0,0.027353109741022636,0.4729935099558429,0.2699476665339285,0.0,0.22970571376920604
2023-03-01,-0.004840682695857116,0.0,0.027353109741022636,0.4729935099558429,0.2699476665339285,0.0,0.22970571376920604
2023-03-02,-0.0029205683504669676,0.0,0.027353109741022636,0.4729935099558429,0.2699476665339285,0.0,0.22970571376920604
2023-03-03,0.01390302465221639,0.0,0.027353109741022636,0.4729935099558429,0.2699476665339285,0.0,0.22970571376920604
2023-03-06,-0.005334547762918022,0.0,0.027353109741022636,0.4729935099558429,0.2699476665339285,0.0,0.22970571376920604
2023-03-07,-0.002409302856605209,0.1717619429121946,0.19911505265321724,0.34219996566694577,0.2389270623575268,0.0,0.2197579193223102
2023-03-08,0.0004711508081794356,0.0,0.19911505265321724,0.34219996566694577,0.2389270623575268,0.0,0.2197579193223102
2023-03-09,-0.002442497881004137,0.06721047134882185,0.2663255240020391,0.3214560485968413,0.2241468880702668,8.663493560073737e-20,0.18807153933085285
2023-03-10,0.010889333852335167,0.0,0.2663255240020391,0.3214560485968413,0.2241468880702668,8.663493560073737e-20,0.18807153933085285
2023-03-13,0.004858842617031773,0.23923987039928146,0.0270856536027576,0.4602052315143518,0.2663020460560257,0.0,0.24640706882686494
2023-03-14,-0.008660866856897051,0.0,0.0270856536027576,0.4602052315143518,0.2663020460560257,0.0,0.24640706882686494
2023-03-15,0.013427137237130191,0.0,0.0270856536027576,0.4602052315143518,0.2663020460560257,0.0,0.24640706882686494
2023-03-16,-0.002847385222800691,0.0,0.0270856536027576,0.4602052315143518,0.2663020460560257,0.0,0.24640706882686494
2023-03-17,0.012955196125635976,0.0,0.0270856536027576,0.4602052315143518,0.2663020460560257,0.0,0.24640706882686494
2023-03-20,-0.005084836558880625,0.0,0.0270856536027576,0.4602052315143518,0.2663020460560257,0.0,0.24640706882686494
2023-03-21,-0.008712713215644697,0.0,0.0270856536027576,0.4602052315143518,0.2663020460560257,0.0,0.24640706882686494
2023-03-22,0.008360908750921194,0.0,0.0270856536027576,0.4602052315143518,0.2663020460560257,0.0,0.24640706882686494
2023-03-23,0.0037664322258446265,0.0,0.0270856536027576,0.4602052315143518,0.2663020460560257,0.0,0.24640706882686494
2023-03-24,0.0006310328983613546,0.0,0.0270856536027576,0.4602052315143518,0.2663020460560257,0.0,0.24640706882686494
2023-03-27,-0.01401624305988982,0.0,0.0270856536027576,0.4602052315143518,0.2663020460560257,0.0,0.24640706882686494
2023-03-28,0.002076024854264561,0.0,0.0270856536027576,0.4602052315143518,0.2663020460560257,0.0,0.24640706882686494
2023-03-29,-0.0012323255983025766,0.0,0.0270856536027576,0.4602052315143518,0.2663020460560257,0.0,0.24640706882686494
2023-03-30,0.0035356382629400185,0.0,0.0270856536027576,0.4602052315143518,0.2663020460560257,0.0,0.24640706882686494
2023-03-31,0.006775116604220313,0.0,0.0270856536027576,0.4602052315143518,0.2663020460560257,0.0,0.24640706882686494
2023-04-03,0.0030371422017370776,0.0,0.0270856536027576,0.4602052315143518,0.2663020460560257,0.0,0.24640706882686494
2023-04-04,0.002218949516272334,0.3955231251121911,0.42075178127779483,0.2771602922069491,0.19312019776226388,0.001856997437153835,0.10711073131583836
2023-04-05,0.0019511511202184376,0.0,0.42075178127779483,0.2771602922069491,0.19312019776226388,0.001856997437153835,0.10711073131583836
2023-04-06,0.0010582358021481064,0.0,0.42075178127779483,0.2771602922069491,0.19312019776226388,0.001856997437153835,0.10711073131583836
2023-04-10,-0.004861734606480664,0.0,0.42075178127779483,0.2771602922069491,0.19312019776226388,0.001856997437153835,0.10711073131583836
2023-04-11,0.001654043676074316,0.008907243864643106,0.4261993512074721,0.2771602922069491,0.19312019776226388,0.005316671372119719,0.0982034874511953
2023-04-12,-0.001506941723637749,0.0,0.4261993512074721,0.2771602922069491,0.19312019776226388,0.005316671372119719,0.0982034874511953
2023-04-13,0.005585267143748747,0.0,0.4261993512074721,0.2771602922069491,0.19312019776226388,0.005316671372119719,0.0982034874511953
2023-04-14,-0.006404025730702678,0.0,0.4261993512074721,0.2771602922069491,0.19312019776226388,0.005316671372119719,0.0982034874511953
2023-04-17,-0.0022232199916924324,0.0,0.4261993512074721,0.2771602922069491,0.19312019776226388,0.005316671372119719,0.0982034874511953
2023-04-18,0.0016896774288516062,0.010881604599734827,0.4323907000890227,0.27716029220694904,0.19312019776226383,0.010006927090303848,0.08732188285146048
2023-04-19,-0.0012751289911964833,7.719519468096792e-17,0.43239070008902275,0.2771602922069491,0.19312019776226386,0.01000692709030385,0.08732188285146049
2023-04-20,0.0005250020956833919,0.0,0.43239070008902275,0.2771602922069491,0.19312019776226386,0.01000692709030385,0.08732188285146049
2023-04-21,-0.0031350750184950737,0.0,0.43239070008902275,0.2771602922069491,0.19312019776226386,0.01000692709030385,0.08732188285146049
2023-04-24,0.003588674699093807,0.0,0.43239070008902275,0.2771602922069491,0.19312019776226386,0.01000692709030385,0.08732188285146049
2023-04-25,-0.0018739141518791707,0.010211862153814963,0.4383149723387579,0.2771602922069491,0.19312019776226386,0.014294516994383711,0.07711002069764555
2023-04-26,-0.006588165271974208,0.0,0.4383149723387579,0.2771602922069491,0.19312019776226386,0.014294516994383711,0.07711002069764555
2023-04-27,0.006112537667661651,0.0,0.4383149723387579,0.2771602922069491,0.19312019776226386,0.014294516994383711,0.07711002069764555
2023-04-28,0.0087425910681884,0.0,0.4383149723387579,0.2771602922069491,0.19312019776226386,0.014294516994383711,0.07711002069764555
2023-05-01,-0.00911396294033392,0.0,0.4383149723387579,0.2771602922069491,0.19312019776226386,0.014294516994383711,0.07711002069764555
2023-05-02,0.014178603539224064,0.42348110375989717,0.029128385573244316,0.41413444455593396,0.2560312901146726,1.6314456319031984e-17,0.300705879756149
2023-05-03,0.002661401220305142,0.0,0.029128385573244316,0.41413444455593396,0.2560312901146726,1.6314456319031984e-17,0.300705879756149
2023-05-04,-0.002170754617055831,0.0,0.029128385573244316,0.41413444455593396,0.2560312901146726,1.6314456319031984e-17,0.300705879756149
2023-05-05,-0.005278587921137798,0.0,0.029128385573244316,0.41413444455593396,0.2560312901146726,1.6314456319031984e-17,0.300705879756149
2023-05-08,-0.005047297587599884,0.0,0.029128385573244316,0.41413444455593396,0.2560312901146726,1.6314456319031984e-17,0.300705879756149
2023-05-09,0.0011721103427592614,0.012307722722274404,0.041436108295518734,0.4018267218336596,0.2560312901146726,1.2610066110293727e-19,0.300705879756149
2023-05-10,0.0031859865439741986,0.0,0.041436108295518734,0.4018267218336596,0.2560312901146726,1.2610066110293727e-19,0.300705879756149
2023-05-11,0.003929653783746668,0.0,0.041436108295518734,0.4018267218336596,0.2560312901146726,1.2610066110293727e-19,0.300705879756149
2023-05-12,-0.0018461871271541436,0.013930452153761454,0.02750565614175731,0.4043750478428807,0.2560312901146726,0.0,0.31208800590068936
2023-05-15,-0.004445076491215307,0.001085455432692341,0.026420200709064968,0.40498620311021405,0.2560312901146726,0.0,0.31256230606604835
2023-05-16,-0.003954238679205672,0.03850669072386358,0.0649268914329286,0.3664795123863505,0.2560312901146726,6.564633171471499e-20,0.31256230606604835
2023-05-17,2.4234880480120168e-05,0.05484454891856295,0.11977144035149155,0.3522876696356231,0.2560312901146726,6.220090988004178e-19,0.27190959989821284
2023-05-18,-0.002090296616603725,0.10850254217731568,0.2282739825288072,0.32649764020715455,0.2541110998035661,8.971165897870494e-20,0.19111727746047216
2023-05-19,-0.0006465151625503645,0.07138770962625028,0.2996616921550575,0.31283323922304096,0.24331152869370226,1.9416765833315987e-19,0.14419353992819933
2023-05-22,-0.0013572255083424505,0.09860748600362076,0.39745463498096384,0.2939057548260034,0.2262605493972505,0.0008145431777144344,0.08156451761806789
2023-05-23,-0.0034091898777482412,0.04074222979809768,0.42887083354328115,0.2832904955473745,0.21463729656616432,0.010140574413494786,0.06306079992968525
2023-05-24,-0.0058950914166216025,0.0,0.42887083354328115,0.2832904955473745,0.21463729656616432,0.010140574413494786,0.06306079992968525
2023-05-25,0.000990603501308247,0.0,0.42887083354328115,0.2832904955473745,0.21463729656616432,0.010140574413494786,0.06306079992968525
2023-05-26,0.008790297623249265,0.0,0.42887083354328115,0.2832904955473745,0.21463729656616432,0.010140574413494786,0.06306079992968525
2023-05-30,0.0038651685261073664,0.0,0.42887083354328115,0.2832904955473745,0.21463729656616432,0.010140574413494786,0.06306079992968525
2023-05-31,0.00024408337071293255,0.002226443858121055,0.43109727740140225,0.2832904955473745,0.2124108527080433,0.010140574413494786,0.06306079992968525
