date,gross,turnover,w_SPY,w_TLT,w_GLD,w_USO,w_UUP
2019-01-02,0.0021522757901968497,0.6,0.0,0.3239239671667319,0.6760760328332681,6.576045333849831e-17,1.4189176285734668e-17
2019-01-03,0.00981544415318903,0.0,0.0,0.3239239671667319,0.6760760328332681,6.576045333849831e-17,1.4189176285734668e-17
2019-01-04,-0.009216380870110862,0.0,0.0,0.3239239671667319,0.6760760328332681,6.576045333849831e-17,1.4189176285734668e-17
2019-01-07,0.0013832705077873391,0.0,0.0,0.3239239671667319,0.6760760328332681,6.576045333849831e-17,1.4189176285734668e-17
2019-01-08,-0.002682282279973467,0.0,0.0,0.3239239671667319,0.6760760328332681,6.576045333849831e-17,1.4189176285734668e-17
2019-01-09,0.0037898796075085594,0.005314961946009817,1.1572730200731393e-19,0.32923892911274166,0.6707610708872583,0.0,1.5253515911399318e-19
2019-01-10,-0.00606671883376422,0.0,1.1572730200731393e-19,0.32923892911274166,0.6707610708872583,0.0,1.5253515911399318e-19
2019-01-11,0.0024431242291632505,0.0,1.1572730200731393e-19,0.32923892911274166,0.6707610708872583,0.0,1.5253515911399318e-19
2019-01-14,0.0003717289027329628,0.0,1.1572730200731393e-19,0.32923892911274166,0.6707610708872583,0.0,1.5253515911399318e-19
2019-01-15,-0.0023560281111132935,0.0,1.1572730200731393e-19,0.32923892911274166,0.6707610708872583,0.0,1.5253515911399318e-19
2019-01-16,0.0024654916852518563,0.0045684763086401015,0.0,0.33380740542138176,0.6661925945786182,0.0,3.5612501195929243e-19
2019-01-17,-0.0007883662099275943,0.0,0.0,0.33380740542138176,0.6661925945786182,0.0,3.5612501195929243e-19
2019-01-18,-0.007696653879166266,0.0,0.0,0.33380740542138176,0.6661925945786182,0.0,3.5612501195929243e-19
2019-01-22,0.00462861875281142,0.0,0.0,0.33380740542138176,0.6661925945786182,0.0,3.5612501195929243e-19
2019-01-23,-0.0010710395449329323,0.0,0.0,0.33380740542138176,0.6661925945786182,0.0,3.5612501195929243e-19
2019-01-24,0.0011480016265902218,0.0,0.0,0.33380740542138176,0.6661925945786182,0.0,3.5612501195929243e-19
2019-01-25,0.008139299651291542,0.0,0.0,0.33380740542138176,0.6661925945786182,0.0,3.5612501195929243e-19
2019-01-28,0.001999265187662194,0.0,0.0,0.33380740542138176,0.6661925945786182,0.0,3.5612501195929243e-19
2019-01-29,0.00541945864125155,0.0,0.0,0.33380740542138176,0.6661925945786182,0.0,3.5612501195929243e-19
2019-01-30,0.003566901457684175,0.0,0.0,0.33380740542138176,0.6661925945786182,0.0,3.5612501195929243e-19
2019-01-31,0.003191254751211767,0.0,0.0,0.33380740542138176,0.6661925945786182,0.0,3.5612501195929243e-19
2019-02-01,-0.0033511387798134465,0.0,0.0,0.33380740542138176,0.6661925945786182,0.0,3.5612501195929243e-19
2019-02-04,-0.004379584737785517,0.0,0.0,0.33380740542138176,0.6661925945786182,0.0,3.5612501195929243e-19
2019-02-05,0.0032441722571370556,0.0,0.0,0.33380740542138176,0.6661925945786182,0.0,3.5612501195929243e-19
2019-02-06,-0.0043371749926855675,0.0,0.0,0.33380740542138176,0.6661925945786182,0.0,3.5612501195929243e-19
2019-02-07,0.003825662519748094,0.0,0.0,0.33380740542138176,0.6661925945786182,0.0,3.5612501195929243e-19
2019-02-08,0.0039550649286412805,0.0,0.0,0.33380740542138176,0.6661925945786182,0.0,3.5612501195929243e-19
2019-02-11,-0.0045812314648343185,0.0,0.0,0.33380740542138176,0.6661925945786182,0.0,3.5612501195929243e-19
2019-02-12,0.0005522606337163805,0.0,0.0,0.33380740542138176,0.6661925945786182,0.0,3.5612501195929243e-19
2019-02-13,-0.0038987631124922767,0.0,0.0,0.33380740542138176,0.6661925945786182,0.0,3.5612501195929243e-19
2019-02-14,0.005570893036381807,0.009711122139745875,0.007350373394427743,0.3361681541666999,0.6564814724388723,1.1867067383150022e-19,0.0
2019-02-15,0.0045204346247628615,0.0,0.007350373394427743,0.3361681541666999,0.6564814724388723,1.1867067383150022e-19,0.0
2019-02-19,0.010861374059207776,0.0,0.007350373394427743,0.3361681541666999,0.6564814724388723,1.1867067383150022e-19,0.0
2019-02-20,-0.0020870549584137955,0.0,0.007350373394427743,0.3361681541666999,0.6564814724388723,1.1867067383150022e-19,0.0
2019-02-21,-0.010353747533554952,0.015089670433711969,0.01922888741487692,0.33937931057996273,0.6413918020051604,0.0,2.431675642810747e-19
2019-02-22,0.004503720775538171,0.021117228335520426,0.03823071027443656,0.3414947160559235,0.62027457366964,3.7818076933004934e-19,0.0
2019-02-25,-0.001477802552937361,0.08381397429538173,0.10426511508390708,0.3592742855418347,0.5364605993742583,1.85258049193699e-19,0.0
2019-02-26,0.0025380588134515276,0.05347375460436727,0.14654094973627832,0.3704722054938307,0.48298684476989096,1.1848229587408115e-19,0.0
2019-02-27,-0.006363858298736352,0.29624757403644697,0.3828841617519687,0.4303765675145873,0.18673927073344404,9.39849712452229e-20,6.37976833167964e-20
2019-02-28,-0.0026310692675575974,0.17226064560278895,0.5220554397103007,0.46346593515904433,0.014478625130655119,1.8401793846560078e-19,0.0
2019-03-01,0.0031460784364781644,0.2779445602896996,0.8000000000000003,0.19999999999999984,1.3128062181974399e-17,0.0,0.0
2019-03-04,-0.0013424121710725171,6.938893903907228e-17,0.8000000000000002,0.19999999999999987,1.31280621819744e-17,0.0,0.0
2019-03-05,-0.000669556907992464,1.3877787807814457e-17,0.8000000000000002,0.1999999999999999,1.3128062181974402e-17,0.0,0.0
2019-03-06,-0.004111724418295593,5.551115123125783e-17,0.8,0.1999999999999999,1.3128062181974402e-17,0.0,0.0
2019-03-07,-0.005395126369427673,0.0,0.8,0.1999999999999999,1.3128062181974402e-17,0.0,0.0
2019-03-08,0.008279093155651632,0.7677111070178553,0.032288892982144844,0.33394395347597006,0.6337671535418851,0.0,0.0
2019-03-11,-0.003573739045011965,0.0022081665343517305,0.034497059516496564,0.3337419793626838,0.6317609611208196,2.1582029419717413e-19,0.0
2019-03-12,0.0062949143466400435,0.0,0.034497059516496564,0.3337419793626838,0.6317609611208196,2.1582029419717413e-19,0.0
2019-03-13,0.004010804580699031,0.001848243654167834,0.035653883074977695,0.33443339945837053,0.6299127174666518,7.815950637956638e-21,4.465834294021503e-20
2019-03-14,-0.009742102022528195,0.002980280217844026,0.032673602857133666,0.3350285189195848,0.6322978782232815,7.320362566682097e-20,0.0
2019-03-15,0.005275237436269452,0.7673263971428662,0.7999999999999998,0.20000000000000004,4.6752622757288726e-17,2.9455966628487117e-19,0.0
2019-03-18,0.0027859994281918426,6.938893903907228e-17,0.7999999999999999,0.20000000000000007,4.675262275728873e-17,2.945596662848712e-19,0.0
2019-03-19,-0.0002456498936588725,0.0,0.7999999999999999,0.20000000000000007,4.675262275728873e-17,2.945596662848712e-19,0.0
2019-03-20,-0.0003154444020303949,0.0,0.7999999999999999,0.20000000000000007,4.675262275728873e-17,2.945596662848712e-19,0.0
2019-03-21,0.009475618375018646,0.0,0.7999999999999999,0.20000000000000007,4.675262275728873e-17,2.945596662848712e-19,0.0
2019-03-22,-0.012290324987203814,0.0,0.7999999999999999,0.20000000000000007,4.675262275728873e-17,2.945596662848712e-19,0.0
2019-03-25,0.0035359523324385795,0.5823268299188415,0.21767317008115833,0.3787066948305752,0.4036201350882664,0.0,0.0
2019-03-26,0.005819032359489638,0.5823268299188415,0.7999999999999998,0.20000000000000007,0.0,4.963369262302145e-18,0.0
2019-03-27,-0.0023424978790599115,6.938893903907228e-17,0.7999999999999999,0.2000000000000001,0.0,4.963369262302146e-18,0.0
2019-03-28,0.0037302132937156785,0.0,0.7999999999999999,0.2000000000000001,0.0,4.963369262302146e-18,0.0
2019-03-29,0.004854734266375549,0.0,0.7999999999999999,0.2000000000000001,0.0,4.963369262302146e-18,0.0
2019-04-01,0.006646483711929727,0.0,0.7999999999999999,0.2000000000000001,0.0,4.963369262302146e-18,0.0
2019-04-02,0.000761936638179739,0.0,0.7999999999999999,0.2000000000000001,0.0,4.963369262302146e-18,0.0
2019-04-03,-0.000475072004967104,0.0,0.7999999999999999,0.2000000000000001,0.0,4.963369262302146e-18,0.0
2019-04-04,0.0026895024804684644,0.0,0.7999999999999999,0.2000000000000001,0.0,4.963369262302146e-18,0.0
2019-04-05,0.0041305340187731245,0.0,0.7999999999999999,0.2000000000000001,0.0,4.963369262302146e-18,0.0
2019-04-08,-9.965951558799113e-05,0.0,0.7999999999999999,0.2000000000000001,0.0,4.963369262302146e-18,0.0
2019-04-09,-0.00346868694518485,0.0,0.7999999999999999,0.2000000000000001,0.0,4.963369262302146e-18,0.0
2019-04-10,0.003212867428344657,0.0,0.7999999999999999,0.2000000000000001,0.0,4.963369262302146e-18,0.0
2019-04-11,-0.001396888920356521,0.0,0.7999999999999999,0.2000000000000001,0.0,4.963369262302146e-18,0.0
2019-04-12,0.003988237509075065,0.0,0.7999999999999999,0.2000000000000001,0.0,4.963369262302146e-18,0.0
2019-04-15,-1.8257015396149997e-05,0.0,0.7999999999999999,0.2000000000000001,0.0,4.963369262302146e-18,0.0
2019-04-16,-0.0007282448005772719,0.0,0.7999999999999999,0.2000000000000001,0.0,4.963369262302146e-18,0.0
2019-04-17,-0.0018756140924448324,0.0,0.7999999999999999,0.2000000000000001,0.0,4.963369262302146e-18,0.0
2019-04-18,0.002622218391719145,0.0,0.7999999999999999,0.2000000000000001,0.0,4.963369262302146e-18,0.0
2019-04-22,-0.0002705950314290999,0.0,0.7999999999999999,0.2000000000000001,0.0,4.963369262302146e-18,0.0
2019-04-23,0.007618537674724557,0.0,0.7999999999999999,0.2000000000000001,0.0,4.963369262302146e-18,0.0
2019-04-24,-0.00014364505050430318,0.0,0.7999999999999999,0.2000000000000001,0.0,4.963369262302146e-18,0.0
2019-04-25,-0.000784172341233669,0.0,0.7999999999999999,0.2000000000000001,0.0,4.963369262302146e-18,0.0
2019-04-26,0.004406338111565944,0.0,0.7999999999999999,0.2000000000000001,0.0,4.963369262302146e-18,0.0
2019-04-29,-2.1967263452805268e-05,0.0,0.7999999999999999,0.2000000000000001,0.0,4.963369262302146e-18,0.0
2019-04-30,0.0014326161824684384,0.0,0.7999999999999999,0.2000000000000001,0.0,4.963369262302146e-18,0.0
2019-05-01,-0.005188188841271701,0.0,0.7999999999999999,0.2000000000000001,0.0,4.963369262302146e-18,0.0
2019-05-02,-0.002679838428573667,0.0,0.7999999999999999,0.2000000000000001,0.0,4.963369262302146e-18,0.0
2019-05-03,0.008398144064412838,0.0,0.7999999999999999,0.2000000000000001,0.0,4.963369262302146e-18,0.0
2019-05-06,-0.0027426496624733503,0.0,0.7999999999999999,0.2000000000000001,0.0,4.963369262302146e-18,0.0
2019-05-07,-0.011827000751978154,0.0,0.7999999999999999,0.2000000000000001,0.0,4.963369262302146e-18,0.0
2019-05-08,-0.0019760016280340412,0.0,0.7999999999999999,0.2000000000000001,0.0,4.963369262302146e-18,0.0
2019-05-09,-0.0016010546213476745,0.0,0.7999999999999999,0.2000000000000001,0.0,4.963369262302146e-18,0.0
2019-05-10,0.0037469141278789527,0.0,0.7999999999999999,0.2000000000000001,0.0,4.963369262302146e-18,0.0
2019-05-13,-0.018532978081481664,0.0,0.7999999999999999,0.2000000000000001,0.0,4.963369262302146e-18,0.0
2019-05-14,0.00664615755070812,0.0,0.7999999999999999,0.2000000000000001,0.0,4.963369262302146e-18,0.0
2019-05-15,0.0059145281366967065,0.0,0.7999999999999999,0.2000000000000001,0.0,4.963369262302146e-18,0.0
2019-05-16,0.006743226428106807,0.0,0.7999999999999999,0.2000000000000001,0.0,4.963369262302146e-18,0.0
2019-05-17,-0.004726672412607336,0.0,0.7999999999999999,0.2000000000000001,0.0,4.963369262302146e-18,0.0
2019-05-20,-0.00570266279542726,0.0,0.7999999999999999,0.2000000000000001,0.0,4.963369262302146e-18,0.0
2019-05-21,0.006894619407782687,0.0,0.7999999999999999,0.2000000000000001,0.0,4.963369262302146e-18,0.0
2019-05-22,-0.0013100537775331041,0.0,0.7999999999999999,0.2000000000000001,0.0,4.963369262302146e-18,0.0
2019-05-23,-0.007525479259771959,0.0,0.7999999999999999,0.2000000000000001,0.0,4.963369262302146e-18,0.0
2019-05-24,0.0019872258340674076,0.0,0.7999999999999999,0.2000000000000001,0.0,4.963369262302146e-18,0.0
2019-05-28,-0.006000778808430106,0.0,0.7999999999999999,0.2000000000000001,0.0,4.963369262302146e-18,0.0
2019-05-29,-0.004762328213062172,0.0,0.7999999999999999,0.2000000000000001,0.0,4.963369262302146e-18,0.0
2019-05-30,0.003904863026098271,0.0,0.7999999999999999,0.2000000000000001,0.0,4.963369262302146e-18,0.0
2019-05-31,-0.008276520129318362,0.0,0.7999999999999999,0.2000000000000001,0.0,4.963369262302146e-18,0.0
2019-06-03,-0.0006966019478668697,0.0,0.7999999999999999,0.2000000000000001,0.0,4.963369262302146e-18,0.0
2019-06-04,0.015084970081973511,0.0,0.7999999999999999,0.2000000000000001,0.0,4.963369262302146e-18,0.0
2019-06-05,0.005799382613889835,0.0,0.7999999999999999,0.2000000000000001,0.0,4.963369262302146e-18,0.0
2019-06-06,0.0058473089453817025,0.0,0.7999999999999999,0.2000000000000001,0.0,4.963369262302146e-18,0.0
2019-06-07,0.009736103245011396,0.0,0.7999999999999999,0.2000000000000001,0.0,4.963369262302146e-18,0.0
2019-06-10,0.0017886971949054406,0.0,0.7999999999999999,0.2000000000000001,0.0,4.963369262302146e-18,0.0
2019-06-11,-7.144568262131828e-05,0.0,0.7999999999999999,0.2000000000000001,0.0,4.963369262302146e-18,0.0
2019-06-12,-0.0012588749116196228,0.0,0.7999999999999999,0.2000000000000001,0.0,4.963369262302146e-18,0.0
2019-06-13,0.003989563856360512,0.0,0.7999999999999999,0.2000000000000001,0.0,4.963369262302146e-18,0.0
2019-06-14,-0.00038049816824239327,0.0,0.7999999999999999,0.2000000000000001,0.0,4.963369262302146e-18,0.0
2019-06-17,0.0006540591456041689,0.0,0.7999999999999999,0.2000000000000001,0.0,4.963369262302146e-18,0.0
2019-06-18,0.009379293886842444,0.0,0.7999999999999999,0.2000000000000001,0.0,4.963369262302146e-18,0.0
2019-06-19,0.00209291950631032,0.0,0.7999999999999999,0.2000000000000001,0.0,4.963369262302146e-18,0.0
2019-06-20,0.008171451012845355,0.0,0.7999999999999999,0.2000000000000001,0.0,4.963369262302146e-18,0.0
2019-06-21,-0.0033600717842072535,0.0,0.7999999999999999,0.2000000000000001,0.0,4.963369262302146e-18,0.0
2019-06-24,0.0005116270714077505,0.0,0.7999999999999999,0.2000000000000001,0.0,4.963369262302146e-18,0.0
2019-06-25,-0.007227046661193758,0.0,0.7999999999999999,0.2000000000000001,0.0,4.963369262302146e-18,0.0
2019-06-26,-0.0020779688439648727,0.0,0.7999999999999999,0.2000000000000001,0.0,4.963369262302146e-18,0.0
2019-06-27,0.004246226449379398,0.0,0.7999999999999999,0.2000000000000001,0.0,4.963369262302146e-18,0.0
2019-06-28,0.003981279302074081,0.0,0.7999999999999999,0.2000000000000001,0.0,4.963369262302146e-18,0.0
2019-07-01,0.006794673831463349,0.0,0.7999999999999999,0.2000000000000001,0.0,4.963369262302146e-18,0.0
2019-07-02,0.0036263315310968384,0.0,0.7999999999999999,0.2000000000000001,0.0,4.963369262302146e-18,0.0
2019-07-03,0.007822094721404183,0.0,0.7999999999999999,0.2000000000000001,0.0,4.963369262302146e-18,0.0
2019-07-05,-0.0035632360155576593,0.0,0.7999999999999999,0.2000000000000001,0.0,4.963369262302146e-18,0.0
2019-07-08,-0.004123692980870652,0.0,0.7999999999999999,0.2000000000000001,0.0,4.963369262302146e-18,0.0
2019-07-09,0.0009218940136765052,0.0,0.7999999999999999,0.2000000000000001,0.0,4.963369262302146e-18,0.0
2019-07-10,0.00272085551921104,0.0,0.7999999999999999,0.2000000000000001,0.0,4.963369262302146e-18,0.0
2019-07-11,-0.0007943105429696353,0.0,0.7999999999999999,0.2000000000000001,0.0,4.963369262302146e-18,0.0
2019-07-12,0.0038121136506534367,0.0,0.7999999999999999,0.2000000000000001,0.0,4.963369262302146e-18,0.0
2019-07-15,0.0014178539875395306,0.0,0.7999999999999999,0.2000000000000001,0.0,4.963369262302146e-18,0.0
2019-07-16,-0.0031757864426769315,0.0,0.7999999999999999,0.2000000000000001,0.0,4.963369262302146e-18,0.0
2019-07-17,-0.0032844930261066705,0.0,0.7999999999999999,0.2000000000000001,0.0,4.963369262302146e-18,0.0
2019-07-18,0.0029439355810015216,0.0,0.7999999999999999,0.2000000000000001,0.0,4.963369262302146e-18,0.0
2019-07-19,-0.004913564583582786,0.0,0.7999999999999999,0.2000000000000001,0.0,4.963369262302146e-18,0.0
2019-07-22,0.0023447476608297714,0.0,0.7999999999999999,0.2000000000000001,0.0,4.963369262302146e-18,0.0
2019-07-23,0.004628535585311265,0.0,0.7999999999999999,0.2000000000000001,0.0,4.963369262302146e-18,0.0
2019-07-24,0.004628349580667823,0.0,0.7999999999999999,0.2000000000000001,0.0,4.963369262302146e-18,0.0
2019-07-25,-0.004777701346224994,0.0,0.7999999999999999,0.2000000000000001,0.0,4.963369262302146e-18,0.0
2019-07-26,0.00583278503736575,0.0,0.7999999999999999,0.2000000000000001,0.0,4.963369262302146e-18,0.0
2019-07-29,-0.0013959685767735317,0.0,0.7999999999999999,0.2000000000000001,0.0,4.963369262302146e-18,0.0
2019-07-30,-0.001477449490561566,0.0,0.7999999999999999,0.2000000000000001,0.0,4.963369262302146e-18,0.0
2019-07-31,-0.007143909983842045,0.0,0.7999999999999999,0.2000000000000001,0.0,4.963369262302146e-18,0.0
2019-08-01,-0.0029943504983858983,0.0,0.7999999999999999,0.2000000000000001,0.0,4.963369262302146e-18,0.0
2019-08-02,0.0011840638038396242,0.6466217350431478,0.15337826495685214,0.42641603424654856,0.4202057007965993,0.0,0.0
2019-08-05,-0.012277339663714935,0.47087837903291785,0.62425664398977,0.3757433560102301,0.0,2.212556997442719e-19,5.866506524489858e-19
2019-08-06,0.008641105308274683,0.5278770454754578,0.0963795985143122,0.40939688852894757,0.49422351295674033,5.158837530977103e-18,5.272703419243741e-18
2019-08-07,0.007769207078156314,0.016727533809397843,0.07965206470491432,0.4218912999639331,0.4984566353311526,0.0,0.0
2019-08-08,0.004996376915963478,0.0018087320045357194,0.08110227558551243,0.42224982108787074,0.4966479033266169,7.3069603448193e-20,2.108179182713918e-20
2019-08-09,-0.003041944775349066,0.0,0.08110227558551243,0.42224982108787074,0.4966479033266169,7.3069603448193e-20,2.108179182713918e-20
2019-08-12,0.01257657576411214,0.003013623487969422,0.0838377454451205,0.42252797471623205,0.49363427983864744,0.0,0.0
2019-08-13,-0.003181109425507719,0.004548471931538796,0.0792892735135817,0.42368348033331144,0.49702724615310684,0.0,0.0
2019-08-14,0.011334847969995508,0.015483662146265703,0.06380561136731602,0.4345215781871832,0.5016728104455008,2.1410255362197254e-20,2.0601364536577154e-19
2019-08-15,0.008339068810203958,0.0,0.06380561136731602,0.4345215781871832,0.5016728104455008,2.1410255362197254e-20,2.0601364536577154e-19
2019-08-16,-0.005750952209798628,0.0,0.06380561136731602,0.4345215781871832,0.5016728104455008,2.1410255362197254e-20,2.0601364536577154e-19
2019-08-19,-0.011313678448397122,0.0,0.06380561136731602,0.4345215781871832,0.5016728104455008,2.1410255362197254e-20,2.0601364536577154e-19
2019-08-20,0.007916585798933258,0.0,0.06380561136731602,0.4345215781871832,0.5016728104455008,2.1410255362197254e-20,2.0601364536577154e-19
2019-08-21,-0.004178898668097107,0.017959813031643204,0.05041043436818136,0.4524813912188264,0.4971081744129923,3.273456456379609e-19,0.0
2019-08-22,-0.004282589623919834,0.0,0.05041043436818136,0.4524813912188264,0.4971081744129923,3.273456456379609e-19,0.0
2019-08-23,0.015879675959512687,0.0,0.05041043436818136,0.4524813912188264,0.4971081744129923,3.273456456379609e-19,0.0
2019-08-26,-0.0012027013104761375,0.0,0.05041043436818136,0.4524813912188264,0.4971081744129923,3.273456456379609e-19,0.0
2019-08-27,0.01153231443764351,0.0,0.05041043436818136,0.4524813912188264,0.4971081744129923,3.273456456379609e-19,0.0
2019-08-28,0.00673383212064638,0.7964796873894703,0.7999999999999999,0.15310987824234834,2.121629281249341e-18,0.0468901217576517,8.698273683266469e-17
2019-08-29,0.01038823074993084,0.011767147990324514,0.8,0.1413427302520239,0.0,0.05865726974797609,0.0
2019-08-30,-0.001935285439012582,0.0009117205746160852,0.8,0.14043100967740782,1.4881328005665795e-20,0.05956899032259218,0.0
2019-09-03,-0.0057436340218137375,0.0,0.8,0.14043100967740782,1.4881328005665795e-20,0.05956899032259218,0.0
2019-09-04,0.01179396011611738,0.002313305542365085,0.8,0.1427443152197729,7.64877779339235e-20,0.05725568478022709,0.0
2019-09-05,-0.019903288772193304,0.8239545236475886,0.03330116113263848,0.4872556420566891,0.47944319681067255,0.0,0.0
2019-09-06,-0.0005938537298649394,0.0,0.03330116113263848,0.4872556420566891,0.47944319681067255,0.0,0.0
2019-09-09,-0.010429960313792432,0.0,0.03330116113263848,0.4872556420566891,0.47944319681067255,0.0,0.0
2019-09-10,-0.01265135605252371,0.0,0.03330116113263848,0.4872556420566891,0.47944319681067255,0.0,0.0
2019-09-11,0.0022935539016574694,0.0037947600477724573,0.03709592118041093,0.4857959442431906,0.47710813457639856,0.0,5.185779312321339e-20
2019-09-12,-0.002207494588761707,0.013921685729886156,0.026579913868420974,0.4997176299730767,0.4737024561585023,0.0,1.3768687868253971e-19
2019-09-13,-0.01461294225716048,0.0,0.026579913868420974,0.4997176299730767,0.4737024561585023,0.0,1.3768687868253971e-19
2019-09-16,0.010095861197601058,0.011756229637179141,0.03833614350560005,0.4973311056456837,0.4643327508487161,3.033404669918294e-19,0.0
2019-09-17,0.003716412287086207,0.013685522249480036,0.024650621256120088,0.5000998907720001,0.4752494879718798,7.195675705159126e-20,5.508026977670902e-20
2019-09-18,-0.000850045935533002,0.0,0.024650621256120088,0.5000998907720001,0.4752494879718798,7.195675705159126e-20,5.508026977670902e-20
2019-09-19,0.0034465433754733658,0.011877244780792455,0.017134124412344468,0.5119771355527926,0.470888740034863,0.0,1.1167225012786744e-19
2019-09-20,0.012248408066534622,0.0,0.017134124412344468,0.5119771355527926,0.470888740034863,0.0,1.1167225012786744e-19
2019-09-23,0.0025232603538349026,0.0,0.017134124412344468,0.5119771355527926,0.470888740034863,0.0,1.1167225012786744e-19
2019-09-24,0.008526670495239802,0.0,0.017134124412344468,0.5119771355527926,0.470888740034863,0.0,1.1167225012786744e-19
2019-09-25,-0.016120510482883637,0.0,0.017134124412344468,0.5119771355527926,0.470888740034863,0.0,1.1167225012786744e-19
2019-09-26,0.0032179658884210717,0.011745391310483792,0.009225961233496742,0.5237225268632764,0.4670515119032269,4.1100046493012824e-20,1.5731579825764135e-19
2019-09-27,-0.0011669058816367306,0.0,0.009225961233496742,0.5237225268632764,0.4670515119032269,4.1100046493012824e-20,1.5731579825764135e-19
2019-09-30,-0.005924015806848919,0.0,0.009225961233496742,0.5237225268632764,0.4670515119032269,4.1100046493012824e-20,1.5731579825764135e-19
2019-10-01,0.004022913084891048,0.0,0.009225961233496742,0.5237225268632764,0.4670515119032269,4.1100046493012824e-20,1.5731579825764135e-19
2019-10-02,0.006652332131615037,0.00925031033284706,0.009287338461050898,0.5144722165304293,0.4762404450085198,0.0,0.0
2019-10-03,0.00837874526093847,0.7907126615389491,0.8,0.20000000000000004,0.0,8.132639436360197e-18,0.0
2019-10-04,0.010537594513547566,0.20050986442088087,0.5994901355791191,0.32849351930904586,0.07201634511183498,1.7308994070014337e-19,1.5043501667552714e-19
2019-10-07,-0.007207709648327841,0.3114375060598789,0.28805262951924027,0.44369447880209156,0.2682528916786682,1.904106255274542e-18,1.4207264791746102e-18
2019-10-08,0.001887274508274346,0.1270290160976097,0.1610236134216306,0.48727721466405277,0.3516991719143167,3.4581398470971753e-19,6.182695295030286e-19
2019-10-09,-0.002439732422978413,0.14414051656722085,0.01688309685440971,0.5332846735586897,0.4498322295869006,0.0,0.0
2019-10-10,-0.012095719584959749,0.01634728697014604,0.0005358098842636674,0.5473900563748718,0.4520741337408645,0.0,0.0
2019-10-11,-0.009273511594690791,0.0,0.0005358098842636674,0.5473900563748718,0.4520741337408645,0.0,0.0
2019-10-14,0.005782787845323846,0.0,0.0005358098842636674,0.5473900563748718,0.4520741337408645,0.0,0.0
2019-10-15,-0.0097626818397753,0.0,0.0005358098842636674,0.5473900563748718,0.4520741337408645,0.0,0.0
2019-10-16,0.0032553329403586344,0.0,0.0005358098842636674,0.5473900563748718,0.4520741337408645,0.0,0.0
2019-10-17,0.002865195392168821,0.8655917593596211,0.8,0.13387243075611513,0.0,0.0661275692438848,0.0
2019-10-18,-0.0039892703718313865,0.02553066174640172,0.8,0.10834176900971347,0.0,0.09165823099028658,0.0
2019-10-21,0.004540846847970437,0.002152806814127023,0.8,0.10618896219558639,0.0,0.09381103780441355,0.0
2019-10-22,-0.0009045565704098679,0.0,0.8,0.10618896219558639,0.0,0.09381103780441355,0.0
2019-10-23,0.004998792552651768,0.0,0.8,0.10618896219558639,0.0,0.09381103780441355,0.0
2019-10-24,0.001900997516420891,0.8938110378044134,5.681219383824043e-17,0.5715744968400941,0.42842550315990585,0.0,1.5731326174836387e-17
2019-10-25,-0.0017930444269766987,0.0,5.681219383824043e-17,0.5715744968400941,0.42842550315990585,0.0,1.5731326174836387e-17
2019-10-28,-0.00888384934896129,0.0,5.681219383824043e-17,0.5715744968400941,0.42842550315990585,0.0,1.5731326174836387e-17
2019-10-29,-0.0008053605452309613,0.013116731014181664,0.013116731014181721,0.5643556777819355,0.4225275912038828,0.0,0.0
2019-10-30,0.009182887971954757,0.22844217143739376,0.2415589024515755,0.4678382239455073,0.29060287360291726,0.0,0.0
2019-10-31,0.008637091560124622,0.007129801524237964,0.23607703462704432,0.4661902902458005,0.29773267512715523,1.2655380976250858e-19,0.0
2019-11-01,0.003412545186191807,0.23645400512160922,0.4725310397486535,0.3624039485814008,0.1650650116699457,9.87693257340204e-20,6.776013212328304e-20
2019-11-04,-0.0013107783879825006,0.1780468961048297,0.6505779358534832,0.2838617589091058,0.06556030523741099,6.892497511383863e-19,7.373483788760124e-19
2019-11-05,-0.001454176904998254,0.22789528355093683,0.8,0.12152678059557996,0.0,0.07847321940442005,0.0
2019-11-06,-0.0003459526540378427,0.029448188665910077,0.8,0.09207859192966988,0.0,0.10792140807033013,0.0
2019-11-07,0.0019176030306726675,0.005531595525670924,0.8,0.08654699640399896,0.0,0.11345300359600105,0.0
2019-11-08,0.0026591834705322654,0.0,0.8,0.08654699640399896,0.0,0.11345300359600105,0.0
2019-11-11,-0.002416115098545929,0.0,0.8,0.08654699640399896,0.0,0.11345300359600105,0.0
2019-11-12,0.001892867656414436,0.0,0.8,0.08654699640399896,0.0,0.11345300359600105,0.0
2019-11-13,0.0016808249091496636,0.0,0.8,0.08654699640399896,0.0,0.11345300359600105,0.0
2019-11-14,0.001584082957394956,0.0,0.8,0.08654699640399896,0.0,0.11345300359600105,0.0
2019-11-15,0.007314775039608198,0.0,0.8,0.08654699640399896,0.0,0.11345300359600105,0.0
2019-11-18,-0.000943653883676852,0.0,0.8,0.08654699640399896,0.0,0.11345300359600105,0.0
2019-11-19,-0.002655554433665434,0.0,0.8,0.08654699640399896,0.0,0.11345300359600105,0.0
2019-11-20,0.0011564393889723183,0.0,0.8,0.08654699640399896,0.0,0.11345300359600105,0.0
2019-11-21,0.0010310507436983368,0.0,0.8,0.08654699640399896,0.0,0.11345300359600105,0.0
2019-11-22,0.001053899311253928,0.0,0.8,0.08654699640399896,0.0,0.11345300359600105,0.0
2019-11-25,0.0064537927769682205,0.0,0.8,0.08654699640399896,0.0,0.11345300359600105,0.0
2019-11-26,0.003067592542532863,0.0,0.8,0.08654699640399896,0.0,0.11345300359600105,0.0
2019-11-27,0.0028495394019022757,0.0,0.8,0.08654699640399896,0.0,0.11345300359600105,0.0
2019-11-29,-0.008193468499549503,0.004478385681756902,0.8,0.08206861072224206,3.327355693539675e-20,0.11793138927775795,2.3628015821096536e-19
2019-12-02,-0.007382632237581097,0.0,0.8,0.08206861072224206,3.327355693539675e-20,0.11793138927775795,2.3628015821096536e-19
2019-12-03,-0.0027350617781012184,0.0,0.8,0.08206861072224206,3.327355693539675e-20,0.11793138927775795,2.3628015821096536e-19
2019-12-04,0.00842894864985408,0.0,0.8,0.08206861072224206,3.327355693539675e-20,0.11793138927775795,2.3628015821096536e-19
2019-12-05,0.0010391641601743104,0.0,0.8,0.08206861072224206,3.327355693539675e-20,0.11793138927775795,2.3628015821096536e-19
2019-12-06,0.008176325987665229,0.0040425280868099794,0.8,0.07802608263543208,1.924545690170496e-20,0.12197391736456793,1.5755169786083526e-19
2019-12-09,-0.0022475211959367847,0.0,0.8,0.07802608263543208,1.924545690170496e-20,0.12197391736456793,1.5755169786083526e-19
2019-12-10,-0.0004996840459936605,0.04316667927860156,0.8000000000000003,0.12119276191403344,9.304396360936985e-20,0.0788072380859664,5.8850436472423205e-19
2019-12-11,0.00384336772741256,0.07880723808596655,0.8,0.19999999999999996,2.9531876356404276e-19,6.127037575219523e-17,1.9081958235744878e-17
2019-12-12,0.00360360976515799,0.0,0.8,0.19999999999999996,2.9531876356404276e-19,6.127037575219523e-17,1.9081958235744878e-17
2019-12-13,0.002792666221318374,0.0,0.8,0.19999999999999996,2.9531876356404276e-19,6.127037575219523e-17,1.9081958235744878e-17
2019-12-16,0.003698277118173344,0.0,0.8,0.19999999999999996,2.9531876356404276e-19,6.127037575219523e-17,1.9081958235744878e-17
2019-12-17,-0.000100648162029903,0.0,0.8,0.19999999999999996,2.9531876356404276e-19,6.127037575219523e-17,1.9081958235744878e-17
2019-12-18,-0.001592298358202759,0.0,0.8,0.19999999999999996,2.9531876356404276e-19,6.127037575219523e-17,1.9081958235744878e-17
2019-12-19,0.0035991172152679335,0.0,0.8,0.19999999999999996,2.9531876356404276e-19,6.127037575219523e-17,1.9081958235744878e-17
2019-12-20,0.0037710720023770065,0.0,0.8,0.19999999999999996,2.9531876356404276e-19,6.127037575219523e-17,1.9081958235744878e-17
2019-12-23,0.0009297871392094152,0.0,0.8,0.19999999999999996,2.9531876356404276e-19,6.127037575219523e-17,1.9081958235744878e-17
2019-12-24,0.0005964296772013269,0.0,0.8,0.19999999999999996,2.9531876356404276e-19,6.127037575219523e-17,1.9081958235744878e-17
2019-12-26,0.004740677216270629,0.0,0.8,0.19999999999999996,2.9531876356404276e-19,6.127037575219523e-17,1.9081958235744878e-17
2019-12-27,2.082105833727251e-05,0.0,0.8,0.19999999999999996,2.9531876356404276e-19,6.127037575219523e-17,1.9081958235744878e-17
2019-12-30,-0.005138777528300165,0.0,0.8,0.19999999999999996,2.9531876356404276e-19,6.127037575219523e-17,1.9081958235744878e-17
2019-12-31,-1.5520087539844067e-05,0.0,0.8,0.19999999999999996,2.9531876356404276e-19,6.127037575219523e-17,1.9081958235744878e-17
2020-01-02,0.00974027699424207,0.0,0.8,0.19999999999999996,2.9531876356404276e-19,6.127037575219523e-17,1.9081958235744878e-17
2020-01-03,-0.0029779342173288812,0.0,0.8,0.19999999999999996,2.9531876356404276e-19,6.127037575219523e-17,1.9081958235744878e-17
2020-01-06,0.0019163855474898966,0.0,0.8,0.19999999999999996,2.9531876356404276e-19,6.127037575219523e-17,1.9081958235744878e-17
2020-01-07,-0.0032325752201334936,0.0,0.8,0.19999999999999996,2.9531876356404276e-19,6.127037575219523e-17,1.9081958235744878e-17
2020-01-08,0.0029416829925649405,0.0,0.8,0.19999999999999996,2.9531876356404276e-19,6.127037575219523e-17,1.9081958235744878e-17
2020-01-09,0.006126311393916816,0.0,0.8,0.19999999999999996,2.9531876356404276e-19,6.127037575219523e-17,1.9081958235744878e-17
2020-01-10,-0.000523885746185205,0.0,0.8,0.19999999999999996,2.9531876356404276e-19,6.127037575219523e-17,1.9081958235744878e-17
2020-01-13,0.0048952109007417855,0.0,0.8,0.19999999999999996,2.9531876356404276e-19,6.127037575219523e-17,1.9081958235744878e-17
2020-01-14,-0.00019102270314061962,0.0,0.8,0.19999999999999996,2.9531876356404276e-19,6.127037575219523e-17,1.9081958235744878e-17
2020-01-15,0.003134099777678489,0.0,0.8,0.19999999999999996,2.9531876356404276e-19,6.127037575219523e-17,1.9081958235744878e-17
2020-01-16,0.0060248646128162175,0.0,0.8,0.19999999999999996,2.9531876356404276e-19,6.127037575219523e-17,1.9081958235744878e-17
2020-01-17,0.0007802004905200341,0.0,0.8,0.19999999999999996,2.9531876356404276e-19,6.127037575219523e-17,1.9081958235744878e-17
2020-01-21,0.0005347930023158467,0.0,0.8,0.19999999999999996,2.9531876356404276e-19,6.127037575219523e-17,1.9081958235744878e-17
2020-01-22,0.0007992073902523859,0.0,0.8,0.19999999999999996,2.9531876356404276e-19,6.127037575219523e-17,1.9081958235744878e-17
2020-01-23,0.0023176887585575996,0.0,0.8,0.19999999999999996,2.9531876356404276e-19,6.127037575219523e-17,1.9081958235744878e-17
2020-01-24,-0.005496705457752384,0.0,0.8,0.19999999999999996,2.9531876356404276e-19,6.127037575219523e-17,1.9081958235744878e-17
2020-01-27,-0.009712693433926715,0.0,0.8,0.19999999999999996,2.9531876356404276e-19,6.127037575219523e-17,1.9081958235744878e-17
2020-01-28,0.0068170842368670236,0.0,0.8,0.19999999999999996,2.9531876356404276e-19,6.127037575219523e-17,1.9081958235744878e-17
2020-01-29,0.0012949954968182623,0.0,0.8,0.19999999999999996,2.9531876356404276e-19,6.127037575219523e-17,1.9081958235744878e-17
2020-01-30,0.0026240387754288713,0.0,0.8,0.19999999999999996,2.9531876356404276e-19,6.127037575219523e-17,1.9081958235744878e-17
2020-01-31,-0.012700347813517079,0.0,0.8,0.19999999999999996,2.9531876356404276e-19,6.127037575219523e-17,1.9081958235744878e-17
2020-02-03,0.005780720949923433,0.0,0.8,0.19999999999999996,2.9531876356404276e-19,6.127037575219523e-17,1.9081958235744878e-17
2020-02-04,0.009499819033257473,0.0,0.8,0.19999999999999996,2.9531876356404276e-19,6.127037575219523e-17,1.9081958235744878e-17
2020-02-05,0.007051150223275073,0.0,0.8,0.19999999999999996,2.9531876356404276e-19,6.127037575219523e-17,1.9081958235744878e-17
2020-02-06,0.003593385999429888,0.0,0.8,0.19999999999999996,2.9531876356404276e-19,6.127037575219523e-17,1.9081958235744878e-17
2020-02-07,-0.0017680094084133752,0.0,0.8,0.19999999999999996,2.9531876356404276e-19,6.127037575219523e-17,1.9081958235744878e-17
2020-02-10,0.006526027865313377,0.0,0.8,0.19999999999999996,2.9531876356404276e-19,6.127037575219523e-17,1.9081958235744878e-17
2020-02-11,0.00037849789009538693,0.0,0.8,0.19999999999999996,2.9531876356404276e-19,6.127037575219523e-17,1.9081958235744878e-17
2020-02-12,0.004140862964966232,0.0,0.8,0.19999999999999996,2.9531876356404276e-19,6.127037575219523e-17,1.9081958235744878e-17
2020-02-13,-8.632685715053161e-05,0.0,0.8,0.19999999999999996,2.9531876356404276e-19,6.127037575219523e-17,1.9081958235744878e-17
2020-02-14,0.002157450552998031,0.0,0.8,0.19999999999999996,2.9531876356404276e-19,6.127037575219523e-17,1.9081958235744878e-17
2020-02-18,-0.0006919521570524895,0.0,0.8,0.19999999999999996,2.9531876356404276e-19,6.127037575219523e-17,1.9081958235744878e-17
2020-02-19,0.003811223948719246,0.0,0.8,0.19999999999999996,2.9531876356404276e-19,6.127037575219523e-17,1.9081958235744878e-17
2020-02-20,-0.0017197726721286165,0.0,0.8,0.19999999999999996,2.9531876356404276e-19,6.127037575219523e-17,1.9081958235744878e-17
2020-02-21,-0.006370653399051653,0.0,0.8,0.19999999999999996,2.9531876356404276e-19,6.127037575219523e-17,1.9081958235744878e-17
2020-02-24,-0.023546486664566362,0.0,0.8,0.19999999999999996,2.9531876356404276e-19,6.127037575219523e-17,1.9081958235744878e-17
2020-02-25,-0.008584113236849487,0.4486699381891856,0.3513300618108145,0.588667264388867,0.06000267380031851,0.0,0.0
2020-02-26,-0.00130420468375611,0.3395160150340625,0.080400046927144,0.520081264238475,0.39951868883438096,0.0,0.0
2020-02-27,-0.0020983435388487936,0.10920287389541208,0.17671663279753205,0.5329675522634991,0.29031581493896896,0.0,0.0
2020-02-28,-0.003569406306249332,0.11174519801371774,0.08962408945139048,0.5083148975959229,0.4020610129526866,0.0,0.0
2020-03-02,0.002363377382519916,9.020562075079397e-17,0.0896240894513905,0.508314897595923,0.40206101295268665,0.0,0.0
2020-03-03,0.017964087932427472,1.1796119636642288e-16,0.08962408945139048,0.5083148975959229,0.40206101295268654,0.0,0.0
2020-03-04,-0.0009251725181472431,1.1796119636642288e-16,0.0896240894513905,0.508314897595923,0.40206101295268665,0.0,0.0
2020-03-05,0.01773683960124451,0.010901754326706876,0.10052584377809738,0.5009565196098882,0.39851763661201456,0.0,0.0
2020-03-06,0.024561173548732485,0.0,0.10052584377809738,0.5009565196098882,0.39851763661201456,0.0,0.0
2020-03-09,-0.0005972599140514163,0.3537807997988133,0.06770884305838341,0.29632869081425806,0.28218166632854536,0.0,0.3537807997988133
2020-03-10,-0.011040828437035655,0.02693680756510946,0.06529104029632843,0.2768728489850382,0.27711850335471067,3.304249667239936e-19,0.3807176073639227
2020-03-11,-0.013774524522480135,0.0,0.06529104029632843,0.2768728489850382,0.27711850335471067,3.304249667239936e-19,0.3807176073639227
2020-03-12,-0.01122554600323736,0.013984295523156685,0.06153034580694734,0.26664924795126266,0.2803146111084921,0.0,0.391505795133298
2020-03-13,0.005486167857350595,0.0,0.06153034580694734,0.26664924795126266,0.2803146111084921,0.0,0.391505795133298
2020-03-16,-0.0052272909325151665,0.0,0.06153034580694734,0.26664924795126266,0.2803146111084921,0.0,0.391505795133298
2020-03-17,-0.0037310963729340592,0.0,0.06153034580694734,0.26664924795126266,0.2803146111084921,0.0,0.391505795133298
2020-03-18,-0.017803730539358048,0.0,0.06153034580694734,0.26664924795126266,0.2803146111084921,0.0,0.391505795133298
2020-03-19,0.011332399641725116,0.03452830042534076,0.05259520305480877,0.24105609027806038,0.2834764462278424,3.8893849484509066e-19,0.4228722604392883
2020-03-20,0.018906328006195454,1.1796119636642288e-16,0.05259520305480878,0.24105609027806044,0.28347644622784246,3.8893849484509076e-19,0.42287226043928844
2020-03-23,0.02050907397442587,1.1796119636642288e-16,0.05259520305480877,0.24105609027806038,0.2834764462278424,3.8893849484509066e-19,0.4228722604392883
2020-03-24,0.009197241543525012,1.1796119636642288e-16,0.05259520305480878,0.24105609027806044,0.28347644622784246,3.8893849484509076e-19,0.42287226043928844
2020-03-25,-0.007617104062104859,1.1796119636642288e-16,0.05259520305480877,0.24105609027806038,0.2834764462278424,3.8893849484509066e-19,0.4228722604392883
2020-03-26,0.0004203178295105721,0.018635951335316085,0.04576639373448583,0.22924894826306735,0.28615547902605415,1.1058726140249624e-19,0.4388291789763928
2020-03-27,-0.0006748178262758874,0.0,0.04576639373448583,0.22924894826306735,0.28615547902605415,1.1058726140249624e-19,0.4388291789763928
2020-03-30,0.002829098305163101,0.0,0.04576639373448583,0.22924894826306735,0.28615547902605415,1.1058726140249624e-19,0.4388291789763928
2020-03-31,-0.011982937346901089,0.0,0.04576639373448583,0.22924894826306735,0.28615547902605415,1.1058726140249624e-19,0.4388291789763928
2020-04-01,0.006638548484757563,0.0,0.04576639373448583,0.22924894826306735,0.28615547902605415,1.1058726140249624e-19,0.4388291789763928
2020-04-02,0.009383129461017894,0.010631090974630848,0.04041248506238254,0.22397176596053972,0.2868439585055504,0.0,0.4487717904715273
2020-04-03,0.0038455068704276413,0.0,0.04041248506238254,0.22397176596053972,0.2868439585055504,0.0,0.4487717904715273
2020-04-06,0.010242474723451425,0.0,0.04041248506238254,0.22397176596053972,0.2868439585055504,0.0,0.4487717904715273
2020-04-07,-0.007949719937603388,0.0,0.04041248506238254,0.22397176596053972,0.2868439585055504,0.0,0.4487717904715273
2020-04-08,-0.0011692389633844984,0.0,0.04041248506238254,0.22397176596053972,0.2868439585055504,0.0,0.4487717904715273
2020-04-09,0.005129174947713701,0.009292027930957958,0.03760933194424948,0.21748289114771482,0.2881201859325907,2.6542487687374373e-19,0.45678759097544497
2020-04-13,0.0019316393305433633,0.0,0.03760933194424948,0.21748289114771482,0.2881201859325907,2.6542487687374373e-19,0.45678759097544497
2020-04-14,0.0007769666290287115,0.0,0.03760933194424948,0.21748289114771482,0.2881201859325907,2.6542487687374373e-19,0.45678759097544497
2020-04-15,0.006905656827784799,0.0,0.03760933194424948,0.21748289114771482,0.2881201859325907,2.6542487687374373e-19,0.45678759097544497
2020-04-16,0.004435293252136339,0.0,0.03760933194424948,0.21748289114771482,0.2881201859325907,2.6542487687374373e-19,0.45678759097544497
2020-04-17,-0.00874408368761798,0.005887806650693574,0.03531160646916346,0.2138928099721073,0.29051966937367996,0.0,0.4602759141850493
2020-04-20,0.004702596052176675,0.0,0.03531160646916346,0.2138928099721073,0.29051966937367996,0.0,0.4602759141850493
2020-04-21,0.0003176471176145907,0.0,0.03531160646916346,0.2138928099721073,0.29051966937367996,0.0,0.4602759141850493
2020-04-22,0.005669926161488487,0.0,0.03531160646916346,0.2138928099721073,0.29051966937367996,0.0,0.4602759141850493
2020-04-23,0.004194026485167904,0.0,0.03531160646916346,0.2138928099721073,0.29051966937367996,0.0,0.4602759141850493
2020-04-24,-0.0013243261382718423,0.006112466938830646,0.03304772278377656,0.21004422671866357,0.2930188616867084,0.0,0.46388918881085156
2020-04-27,-0.006574081384953259,0.0,0.03304772278377656,0.21004422671866357,0.2930188616867084,0.0,0.46388918881085156
2020-04-28,0.00044654643214615667,0.0,0.03304772278377656,0.21004422671866357,0.2930188616867084,0.0,0.46388918881085156
2020-04-29,-0.0004883887553912918,0.0,0.03304772278377656,0.21004422671866357,0.2930188616867084,0.0,0.46388918881085156
2020-04-30,-0.0109940246829256,0.0,0.03304772278377656,0.21004422671866357,0.2930188616867084,0.0,0.46388918881085156
2020-05-01,0.003246568023107833,0.003412197270695052,0.03263675406215243,0.20704299816959262,0.2942100606393131,0.0,0.46611018712894187
2020-05-04,0.0027541377243630915,0.0,0.03263675406215243,0.20704299816959262,0.2942100606393131,0.0,0.46611018712894187
2020-05-05,0.0005696401993748202,0.0,0.03263675406215243,0.20704299816959262,0.2942100606393131,0.0,0.46611018712894187
2020-05-06,-0.005099064781901223,0.0,0.03263675406215243,0.20704299816959262,0.2942100606393131,0.0,0.46611018712894187
2020-05-07,0.006994116023587463,0.0,0.03263675406215243,0.20704299816959262,0.2942100606393131,0.0,0.46611018712894187
2020-05-08,-0.0040606623682114765,0.005764438630461929,0.03152316514322994,0.20239214845805314,0.295635163368693,0.0,0.47044952303002385
2020-05-11,-0.0016758492966925435,0.0,0.03152316514322994,0.20239214845805314,0.295635163368693,0.0,0.47044952303002385
2020-05-12,0.0017319079176413045,0.0,0.03152316514322994,0.20239214845805314,0.295635163368693,0.0,0.47044952303002385
2020-05-13,0.004571896937584301,0.0,0.03152316514322994,0.20239214845805314,0.295635163368693,0.0,0.47044952303002385
2020-05-14,0.0054947438644212115,0.0,0.03152316514322994,0.20239214845805314,0.295635163368693,0.0,0.47044952303002385
2020-05-15,0.0016560240327524688,0.005462521489633302,0.030359716100810365,0.19809307601083945,0.2970597383245013,0.0,0.4744874695638489
2020-05-18,-0.009511896031962832,0.0,0.030359716100810365,0.19809307601083945,0.2970597383245013,0.0,0.4744874695638489
2020-05-19,0.0029439947904209346,0.0,0.030359716100810365,0.19809307601083945,0.2970597383245013,0.0,0.4744874695638489
2020-05-20,0.00022900836621279745,0.0,0.030359716100810365,0.19809307601083945,0.2970597383245013,0.0,0.4744874695638489
2020-05-21,-0.0029846881941961254,0.0,0.030359716100810365,0.19809307601083945,0.2970597383245013,0.0,0.4744874695638489
2020-05-22,0.004408400195818578,0.004095671594392043,0.03032340203512479,0.194033718482133,0.2980974440333886,0.0,0.47754543544935363
2020-05-26,-0.01000439075674307,0.0,0.03032340203512479,0.194033718482133,0.2980974440333886,0.0,0.47754543544935363
2020-05-27,0.00045378250077611666,0.0,0.03032340203512479,0.194033718482133,0.2980974440333886,0.0,0.47754543544935363
2020-05-28,-0.002267763879622517,0.0,0.03032340203512479,0.194033718482133,0.2980974440333886,0.0,0.47754543544935363
2020-05-29,0.0029972471059775754,0.0,0.03032340203512479,0.194033718482133,0.2980974440333886,0.0,0.47754543544935363
2020-06-01,-0.00248393418883117,0.0029932364656295144,0.03135777140706399,0.19104048201650353,0.29878711590874496,7.347025005493083e-19,0.47881463066768765
2020-06-02,-0.0029132222974401927,1.1449174941446927e-16,0.031357771407063986,0.19104048201650348,0.2987871159087449,7.347025005493081e-19,0.47881463066768754
2020-06-03,-0.010535414013322263,1.1449174941446927e-16,0.03135777140706399,0.19104048201650353,0.29878711590874496,7.347025005493083e-19,0.47881463066768765
2020-06-04,-0.0015266794438703658,1.1449174941446927e-16,0.031357771407063986,0.19104048201650348,0.2987871159087449,7.347025005493081e-19,0.47881463066768754
2020-06-05,-0.005700063370221512,1.1449174941446927e-16,0.03135777140706399,0.19104048201650353,0.29878711590874496,7.347025005493083e-19,0.47881463066768765
2020-06-08,0.0030672867574908012,0.005015794508703469,0.03380012365439901,0.18661400974771294,0.29819779366883203,3.5045462369997604e-19,0.48138807292905605
2020-06-09,0.0032696109404446463,0.0,0.03380012365439901,0.18661400974771294,0.29819779366883203,3.5045462369997604e-19,0.48138807292905605
2020-06-10,0.004448573430295231,0.0,0.03380012365439901,0.18661400974771294,0.29819779366883203,3.5045462369997604e-19,0.48138807292905605
2020-06-11,0.00425441419072511,0.0,0.03380012365439901,0.18661400974771294,0.29819779366883203,3.5045462369997604e-19,0.48138807292905605
2020-06-12,0.0003145157412096272,0.0,0.03380012365439901,0.18661400974771294,0.29819779366883203,3.5045462369997604e-19,0.48138807292905605
2020-06-15,-0.002113417919527056,0.0015775002683031775,0.035377623922702196,0.18556020426891492,0.2979762999852087,0.0,0.48108587182317425
2020-06-16,-0.0008394556037772148,0.0,0.035377623922702196,0.18556020426891492,0.2979762999852087,0.0,0.48108587182317425
2020-06-17,0.0015552331544246268,0.0,0.035377623922702196,0.18556020426891492,0.2979762999852087,0.0,0.48108587182317425
2020-06-18,0.003224378738620805,0.0,0.035377623922702196,0.18556020426891492,0.2979762999852087,0.0,0.48108587182317425
2020-06-19,0.0037817771498120227,0.0,0.035377623922702196,0.18556020426891492,0.2979762999852087,0.0,0.48108587182317425
2020-06-22,-0.0003669482800862942,0.0026539565485728944,0.03676993052344236,0.18290624772034197,0.29873833485905116,0.0,0.48158548689716446
2020-06-23,-0.00021723048009986102,0.0,0.03676993052344236,0.18290624772034197,0.29873833485905116,0.0,0.48158548689716446
2020-06-24,0.002192828673307028,0.0,0.03676993052344236,0.18290624772034197,0.29873833485905116,0.0,0.48158548689716446
2020-06-25,0.0014748785062085486,0.0,0.03676993052344236,0.18290624772034197,0.29873833485905116,0.0,0.48158548689716446
2020-06-26,0.0031497495626225556,0.0,0.03676993052344236,0.18290624772034197,0.29873833485905116,0.0,0.48158548689716446
2020-06-29,0.0003215920198605484,0.001873762642806101,0.03729677349376676,0.18159318075093697,0.30008525453153284,0.0,0.48102479122376335
2020-06-30,0.00019843685678197715,0.0,0.03729677349376676,0.18159318075093697,0.30008525453153284,0.0,0.48102479122376335
2020-07-01,-0.002532654415208762,0.0,0.03729677349376676,0.18159318075093697,0.30008525453153284,0.0,0.48102479122376335
2020-07-02,0.0014200238238269258,0.0025237202043065995,0.03982049369807341,0.18021409486204276,0.29969316274865737,3.354660428392934e-19,0.4802722486912265
2020-07-06,-0.0008870320947368957,0.0,0.03982049369807341,0.18021409486204276,0.29969316274865737,3.354660428392934e-19,0.4802722486912265
2020-07-07,0.005104190691739006,0.006738102714068259,0.04330540434404392,0.1834672869301405,0.2981996589109701,6.599756873280986e-19,0.47502764981484547
2020-07-08,-0.0010876814474849797,0.0,0.04330540434404392,0.1834672869301405,0.2981996589109701,6.599756873280986e-19,0.47502764981484547
2020-07-09,0.003508767936550171,0.0,0.04330540434404392,0.1834672869301405,0.2981996589109701,6.599756873280986e-19,0.47502764981484547
2020-07-10,-0.001979825564175496,0.0,0.04330540434404392,0.1834672869301405,0.2981996589109701,6.599756873280986e-19,0.47502764981484547
2020-07-13,-0.00012597814281651486,0.0,0.04330540434404392,0.1834672869301405,0.2981996589109701,6.599756873280986e-19,0.47502764981484547
2020-07-14,0.0013511366620549451,0.004252702986117893,0.04607342579016215,0.1848373733182667,0.29831425406284356,0.0,0.47077494682872756
2020-07-15,-0.0014429218582012902,0.0,0.04607342579016215,0.1848373733182667,0.29831425406284356,0.0,0.47077494682872756
2020-07-16,-0.000460772751198533,0.0,0.04607342579016215,0.1848373733182667,0.29831425406284356,0.0,0.47077494682872756
2020-07-17,0.0002189109870517677,0.0022353913416312057,0.04776909638963348,0.18537709406042657,0.29753495149380865,4.972303093682905e-19,0.46931885805613127
2020-07-20,0.001795032005245571,0.037245435952144246,0.07275820913793957,0.19763341726426478,0.2902281200239226,0.0,0.4393802535738731
2020-07-21,0.004882066909012819,0.4393802535738731,0.20551326274901957,0.4478754216011198,0.34661131564986064,0.0,0.0
2020-07-22,0.007777731370323887,0.0,0.20551326274901957,0.4478754216011198,0.34661131564986064,0.0,0.0
2020-07-23,0.005838558519461831,0.0,0.20551326274901957,0.4478754216011198,0.34661131564986064,0.0,0.0
2020-07-24,0.001623546766588238,0.0,0.20551326274901957,0.4478754216011198,0.34661131564986064,0.0,0.0
2020-07-27,0.00668325162588474,0.0,0.20551326274901957,0.4478754216011198,0.34661131564986064,0.0,0.0
2020-07-28,0.00497705069502029,0.02114589022476969,0.1843673725242499,0.4617113138287929,0.3539213136469573,0.0,0.0
2020-07-29,0.004139107917539869,0.0,0.1843673725242499,0.4617113138287929,0.3539213136469573,0.0,0.0
2020-07-30,-0.0002347033409063233,0.0,0.1843673725242499,0.4617113138287929,0.3539213136469573,0.0,0.0
2020-07-31,0.004385345317915988,0.0012037707052155455,0.18557114322946544,0.46066764350268435,0.35376121326785026,0.0,1.8179595402909066e-20
2020-08-03,-0.0006285746291887202,0.0,0.18557114322946544,0.46066764350268435,0.35376121326785026,0.0,1.8179595402909066e-20
2020-08-04,0.01284311225652382,0.020526725795437892,0.16504441743402756,0.47339110903024095,0.36156447353573157,3.179899899226525e-19,4.0122210118480803e-19
2020-08-05,0.00024280924195929122,0.0,0.16504441743402756,0.47339110903024095,0.36156447353573157,3.179899899226525e-19,4.0122210118480803e-19
2020-08-06,0.008547057857504523,0.0,0.16504441743402756,0.47339110903024095,0.36156447353573157,3.179899899226525e-19,4.0122210118480803e-19
2020-08-07,-0.008780629272071462,0.0,0.16504441743402756,0.47339110903024095,0.36156447353573157,3.179899899226525e-19,4.0122210118480803e-19
2020-08-10,-0.002875289302057233,0.0,0.16504441743402756,0.47339110903024095,0.36156447353573157,3.179899899226525e-19,4.0122210118480803e-19
2020-08-11,-0.026875670496933728,0.018046269290385678,0.14699814814364187,0.4816875026243212,0.371314349232037,0.0,8.255107386327899e-20
2020-08-12,-0.004065645535534527,0.0,0.14699814814364187,0.4816875026243212,0.371314349232037,0.0,8.255107386327899e-20
2020-08-13,0.003355678506303755,0.0,0.14699814814364187,0.4816875026243212,0.371314349232037,0.0,8.255107386327899e-20
2020-08-14,-0.0034650558295065566,0.003056477904928759,0.15005462604857064,0.47988497704044525,0.3700603969109842,0.0,6.975414766329695e-21
2020-08-17,0.009550886611150326,0.017559495615358744,0.16761412166392933,0.47124706145714396,0.3611388168789267,3.199946621835675e-19,0.0
2020-08-18,0.006835613314794002,0.02531635892765713,0.1929304805915865,0.4586656339927467,0.34840388541566686,1.819037860101023e-19,4.842868661442274e-20
2020-08-19,-0.01466804558410843,0.0,0.1929304805915865,0.4586656339927467,0.34840388541566686,1.819037860101023e-19,4.842868661442274e-20
2020-08-20,0.007155347013156253,0.0,0.1929304805915865,0.4586656339927467,0.34840388541566686,1.819037860101023e-19,4.842868661442274e-20
2020-08-21,0.0006420246384267287,0.0,0.1929304805915865,0.4586656339927467,0.34840388541566686,1.819037860101023e-19,4.842868661442274e-20
2020-08-24,-0.0007616858098495506,0.0,0.1929304805915865,0.4586656339927467,0.34840388541566686,1.819037860101023e-19,4.842868661442274e-20
2020-08-25,0.0041735886835108996,0.7169577462852804,0.8000000000000002,0.09011177312313318,0.0,0.10988822687686677,2.985826451700177e-19
2020-08-26,0.007870198541551982,0.038280552756969524,0.8,0.05183122036616371,0.0,0.14816877963383623,7.68181476990048e-20
2020-08-27,-0.0002742228450099205,0.012090888375475346,0.8,0.03974033199068838,2.5765208995249194e-19,0.1602596680093116,0.0
2020-08-28,0.005416622828444855,0.0072679267639746345,0.8,0.032472405226713755,3.0452717008009174e-19,0.16752759477328624,0.0
2020-08-31,-0.00341961911867874,0.0023293717027029932,0.8,0.034801776929416765,1.8279753728178266e-19,0.16519822307058327,0.0
2020-09-01,0.007546778619465633,0.7497563855289319,0.21544183754165147,0.44730410395267395,0.3372540585056747,0.0,5.387384434352803e-18
2020-09-02,0.00294585466484313,0.0,0.21544183754165147,0.44730410395267395,0.3372540585056747,0.0,5.387384434352803e-18
2020-09-03,-0.008876377904184118,0.0,0.21544183754165147,0.44730410395267395,0.3372540585056747,0.0,5.387384434352803e-18
2020-09-04,-0.009321690954225265,0.0,0.21544183754165147,0.44730410395267395,0.3372540585056747,0.0,5.387384434352803e-18
2020-09-08,-0.0037878478801489867,0.0,0.21544183754165147,0.44730410395267395,0.3372540585056747,0.0,5.387384434352803e-18
2020-09-09,0.006022242131931639,0.018847696059112826,0.19659414148253862,0.45659153739768366,0.3468143211197778,0.0,0.0
2020-09-10,-0.002261261898006109,0.0026474732082232555,0.19924161469076185,0.45501419216125477,0.3457441931479834,0.0,3.5931533867037335e-20
2020-09-11,0.0010544085116294662,0.002074510879172209,0.19716710381158964,0.4563674721480587,0.3464654240403517,0.0,0.0
2020-09-14,0.0053626372412216875,0.005909102017029072,0.20307620582861868,0.4528832727509638,0.34404052142041747,0.0,0.0
2020-09-15,-0.000873149964924358,0.0034484959194914094,0.20652470174811013,0.45104928690099627,0.3424260113508936,4.4654346449686635e-20,1.169120203107575e-20
2020-09-16,-0.0012862773953810093,0.02306848691797321,0.22959318866608336,0.43962873983741924,0.33077807149649746,0.0,0.0
2020-09-17,-0.002480806651269923,0.001443648879261808,0.22814953978682154,0.44031815848384503,0.33153230172933346,0.0,0.0
2020-09-18,-0.004024575895424939,0.0440038955540656,0.27215343534088715,0.41769139757044565,0.31015516708866725,1.156380044683414e-19,0.0
2020-09-21,-0.008309181129014699,0.3340482654269594,0.6062017007678466,0.2522859201743388,0.14151237905781466,0.0,0.0
2020-09-22,0.0065467664598237215,0.09665952704715003,0.7028612278149966,0.2043298681649605,0.09280890402004291,0.0,0.0
2020-09-23,-0.01933932517138273,0.2643013941775052,0.8,0.032837378007498204,0.0,0.16716262199250181,0.0
2020-09-24,0.004817993265671424,0.018775493064573986,0.8,0.051612871072072186,3.7801162768909287e-19,0.14838712892792782,6.677084541038114e-19
2020-09-25,0.012010986932977216,0.026891537707970092,0.8,0.024721333364102094,1.2137673001893883e-18,0.17527866663589792,7.033083994883547e-19
2020-09-28,0.015319365017898373,0.0,0.8,0.024721333364102094,1.2137673001893883e-18,0.17527866663589792,7.033083994883547e-19
2020-09-29,-0.01044743880051166,0.0019792346959618414,0.8,0.022742098668140254,1.1159330511024223e-19,0.17725790133185976,0.0
2020-09-30,0.00978823221755639,0.005335144742132036,0.8,0.017406953926008217,9.16156418722812e-21,0.1825930460739918,7.877624768756478e-21
2020-10-01,0.004846658900102413,0.8052843214392016,0.1773087246347902,0.4993504318906792,0.3233408434745307,0.0,7.511566169349185e-18
2020-10-02,-0.0038561537985582566,0.0021537935465974806,0.17946251818138764,0.4992804981191436,0.32125698369946876,0.0,3.1835400759068714e-20
2020-10-05,-0.005054318690947658,0.013382772558256553,0.16943698719552705,0.4959232565467477,0.33463975625772535,0.0,4.210807948971174e-20
2020-10-06,-0.003663653576004392,0.0027026836217243083,0.1667343035738027,0.4960105885059862,0.3372551079202111,0.0,5.823246482529675e-20
2020-10-07,-0.0006926922350780095,0.007370665079595273,0.17410496865339797,0.48977059930414285,0.3361244320424592,0.0,0.0
2020-10-08,0.005382555772625736,0.0,0.17410496865339797,0.48977059930414285,0.3361244320424592,0.0,0.0
2020-10-09,0.007567307095313613,0.0,0.17410496865339797,0.48977059930414285,0.3361244320424592,0.0,0.0
2020-10-12,0.0033959433702866453,0.0,0.17410496865339797,0.48977059930414285,0.3361244320424592,0.0,0.0
2020-10-13,-0.0029158562899361195,0.0,0.17410496865339797,0.48977059930414285,0.3361244320424592,0.0,0.0
2020-10-14,0.0010117952344217843,0.008826590966512407,0.18070026146875182,0.48094400833763046,0.33835573019361775,0.0,7.692184738971605e-20
2020-10-15,0.00017986301561445325,0.0,0.18070026146875182,0.48094400833763046,0.33835573019361775,0.0,7.692184738971605e-20
2020-10-16,-0.0026188263054551476,0.0,0.18070026146875182,0.48094400833763046,0.33835573019361775,0.0,7.692184738971605e-20
2020-10-19,-0.004421927602582937,0.0017703101362737117,0.18247057160502547,0.4809240434074944,0.33660538498748005,1.0227051513281762e-19,0.0
2020-10-20,-0.0022296539092604437,0.001530489408145999,0.18094008219687951,0.4814632442633263,0.33759667353979417,1.1018533980455256e-19,0.0
2020-10-21,0.0005302026855935472,0.007344824965349855,0.1882849071622294,0.4758189167182301,0.33589617611954053,0.0,0.0
2020-10-22,-0.007223988782955007,0.0014778763835516656,0.187124643318176,0.4755013041787319,0.3373740525030922,0.0,1.3506606040408027e-21
2020-10-23,0.0031834940755613925,0.0,0.187124643318176,0.4755013041787319,0.3373740525030922,0.0,1.3506606040408027e-21
2020-10-26,0.0007954652455142803,0.0,0.187124643318176,0.4755013041787319,0.3373740525030922,0.0,1.3506606040408027e-21
2020-10-27,0.003433440865235877,0.0,0.187124643318176,0.4755013041787319,0.3373740525030922,0.0,1.3506606040408027e-21
2020-10-28,-0.011648940720112003,0.007898990355803284,0.1935692162226082,0.4676023138229286,0.3388284699544633,1.1241175039321978e-20,5.571412403856019e-20
2020-10-29,-0.003976214660209124,0.0,0.1935692162226082,0.4676023138229286,0.3388284699544633,1.1241175039321978e-20,5.571412403856019e-20
2020-10-30,-0.0050857693403461995,0.0,0.1935692162226082,0.4676023138229286,0.3388284699544633,1.1241175039321978e-20,5.571412403856019e-20
2020-11-02,0.008960589991644632,0.0,0.1935692162226082,0.4676023138229286,0.3388284699544633,1.1241175039321978e-20,5.571412403856019e-20
2020-11-03,0.0026282406066808948,0.0,0.1935692162226082,0.4676023138229286,0.3388284699544633,1.1241175039321978e-20,5.571412403856019e-20
2020-11-04,0.014302554823294063,0.005792287948774913,0.199361504171383,0.46264053773162944,0.33799795809698746,1.2786627323029203e-20,0.0
2020-11-05,0.012460410839013072,0.0,0.199361504171383,0.46264053773162944,0.33799795809698746,1.2786627323029203e-20,0.0
2020-11-06,-0.005155614058716086,0.0,0.199361504171383,0.46264053773162944,0.33799795809698746,1.2786627323029203e-20,0.0
2020-11-09,-0.022180865924902003,0.0,0.199361504171383,0.46264053773162944,0.33799795809698746,1.2786627323029203e-20,0.0
2020-11-10,-0.0018408523990607458,0.0,0.199361504171383,0.46264053773162944,0.33799795809698746,1.2786627323029203e-20,0.0
2020-11-11,0.0016586333444434755,0.007771776006421538,0.20207413257280446,0.45486876172520796,0.3430571057019876,1.5301884445516148e-19,1.0051795722728188e-19
2020-11-12,0.007859813716432148,0.0,0.20207413257280446,0.45486876172520796,0.3430571057019876,1.5301884445516148e-19,1.0051795722728188e-19
2020-11-13,0.004534058260797987,0.0,0.20207413257280446,0.45486876172520796,0.3430571057019876,1.5301884445516148e-19,1.0051795722728188e-19
2020-11-16,0.0014099262439935282,0.0,0.20207413257280446,0.45486876172520796,0.3430571057019876,1.5301884445516148e-19,1.0051795722728188e-19
2020-11-17,0.0006237955982110088,0.0,0.20207413257280446,0.45486876172520796,0.3430571057019876,1.5301884445516148e-19,1.0051795722728188e-19
2020-11-18,-0.003165082962389061,0.007154011476128763,0.20922814404893322,0.44992129771334594,0.34085055823772087,0.0,1.9416817405124875e-20
2020-11-19,0.0025559494662614995,0.0,0.20922814404893322,0.44992129771334594,0.34085055823772087,0.0,1.9416817405124875e-20
2020-11-20,0.003589856721780172,0.0,0.20922814404893322,0.44992129771334594,0.34085055823772087,0.0,1.9416817405124875e-20
2020-11-23,-0.007520097677837516,0.0,0.20922814404893322,0.44992129771334594,0.34085055823772087,0.0,1.9416817405124875e-20
2020-11-24,-0.006330684259060565,0.0,0.20922814404893322,0.44992129771334594,0.34085055823772087,0.0,1.9416817405124875e-20
2020-11-25,-0.0018610096423788617,0.004584672239450291,0.21328967494107764,0.44533662547389563,0.3413736995850267,1.504998109795813e-19,0.0
2020-11-27,0.0014521389668278669,0.0,0.21328967494107764,0.44533662547389563,0.3413736995850267,1.504998109795813e-19,0.0
2020-11-30,-0.0037788890149549237,0.0,0.21328967494107764,0.44533662547389563,0.3413736995850267,1.504998109795813e-19,0.0
2020-12-01,0.0029559294874040116,0.0,0.21328967494107764,0.44533662547389563,0.3413736995850267,1.504998109795813e-19,0.0
2020-12-02,-0.0005180869519073959,0.0,0.21328967494107764,0.44533662547389563,0.3413736995850267,1.504998109795813e-19,0.0
2020-12-03,0.006161531397274567,0.007167615644155564,0.2204572905852332,0.440222509756453,0.3393201996583138,5.570821886994836e-20,0.0
2020-12-04,-0.00551866688594891,0.0,0.2204572905852332,0.440222509756453,0.3393201996583138,5.570821886994836e-20,0.0
2020-12-07,0.00857882946150912,0.0,0.2204572905852332,0.440222509756453,0.3393201996583138,5.570821886994836e-20,0.0
2020-12-08,0.003908723316919636,0.0,0.2204572905852332,0.440222509756453,0.3393201996583138,5.570821886994836e-20,0.0
2020-12-09,-0.009232291971045553,0.0,0.2204572905852332,0.440222509756453,0.3393201996583138,5.570821886994836e-20,0.0
2020-12-10,0.0031289948816269303,0.006231666941948433,0.22668895752718163,0.4345019977623608,0.33880904471045753,1.3498116858177691e-19,0.0
2020-12-11,0.0019017872819870906,0.0,0.22668895752718163,0.4345019977623608,0.33880904471045753,1.3498116858177691e-19,0.0
2020-12-14,-0.004084961889389912,0.0,0.22668895752718163,0.4345019977623608,0.33880904471045753,1.3498116858177691e-19,0.0
2020-12-15,0.00635036954216805,0.0,0.22668895752718163,0.4345019977623608,0.33880904471045753,1.3498116858177691e-19,0.0
2020-12-16,0.0010690350452621658,0.0,0.22668895752718163,0.4345019977623608,0.33880904471045753,1.3498116858177691e-19,0.0
2020-12-17,0.0037479679086125798,0.007059811180718842,0.2322324792450337,0.427442186581642,0.34032533417332433,1.9673143606461856e-19,0.0
2020-12-18,-0.0027861717184218763,0.0,0.2322324792450337,0.427442186581642,0.34032533417332433,1.9673143606461856e-19,0.0
2020-12-21,-0.00021513740089761698,0.0,0.2322324792450337,0.427442186581642,0.34032533417332433,1.9673143606461856e-19,0.0
2020-12-22,-0.0008751944361395326,0.0,0.2322324792450337,0.427442186581642,0.34032533417332433,1.9673143606461856e-19,0.0
2020-12-23,-0.00048195055860410143,0.0,0.2322324792450337,0.427442186581642,0.34032533417332433,1.9673143606461856e-19,0.0
2020-12-24,0.003950434039195981,0.006777806588353613,0.23901028583338724,0.4231281659658529,0.33786154820075975,0.0,0.0
2020-12-28,0.001046205673544632,0.002766002893699035,0.24138643110689198,0.42351802358604723,0.33509554530706076,1.4665533582888715e-19,0.0
2020-12-29,0.0002218814461867021,0.0,0.24138643110689198,0.42351802358604723,0.33509554530706076,1.4665533582888715e-19,0.0
2020-12-30,0.0038258604787225125,0.0,0.24138643110689198,0.42351802358604723,0.33509554530706076,1.4665533582888715e-19,0.0
2020-12-31,0.003111421685794992,0.016194819620027848,0.2575422874955962,0.42355698681737086,0.3189007256870329,0.0,0.0
2021-01-04,0.0011086842852223119,0.060279745717162714,0.30258114816984877,0.438797871860281,0.2586209799698702,1.728441217418856e-19,0.0
2021-01-05,-0.0003349452676025648,0.06656482935310007,0.2594393008183243,0.41537488985870546,0.3251858093229703,0.0,0.0
2021-01-06,-0.012398180805848893,0.01089676889150698,0.2523585361954117,0.41155888559011106,0.3360825782144773,0.0,2.1083377967601728e-19
2021-01-07,-0.0006628691134525199,0.0,0.2523585361954117,0.41155888559011106,0.3360825782144773,0.0,2.1083377967601728e-19
2021-01-08,-0.0113876869387982,0.0,0.2523585361954117,0.41155888559011106,0.3360825782144773,0.0,2.1083377967601728e-19
2021-01-11,-0.003057260251083778,0.00863621506186732,0.25532328332191284,0.40292267052824376,0.3417540461498435,1.334280126498974e-19,2.3009137606589505e-19
2021-01-12,0.001946375763883389,0.0,0.25532328332191284,0.40292267052824376,0.3417540461498435,1.334280126498974e-19,2.3009137606589505e-19
2021-01-13,0.0037532303459714284,0.0,0.25532328332191284,0.40292267052824376,0.3417540461498435,1.334280126498974e-19,2.3009137606589505e-19
2021-01-14,-0.004846066194093076,0.0,0.25532328332191284,0.40292267052824376,0.3417540461498435,1.334280126498974e-19,2.3009137606589505e-19
2021-01-15,-0.00450348617455208,0.0,0.25532328332191284,0.40292267052824376,0.3417540461498435,1.334280126498974e-19,2.3009137606589505e-19
2021-01-19,0.006217552159743493,0.006865067297617461,0.2621883506195303,0.3988932775220185,0.3389183718584513,5.105592366823777e-19,5.331075238834723e-19
2021-01-20,0.009539576320395732,0.0,0.2621883506195303,0.3988932775220185,0.3389183718584513,5.105592366823777e-19,5.331075238834723e-19
2021-01-21,-0.002772883640126391,0.0,0.2621883506195303,0.3988932775220185,0.3389183718584513,5.105592366823777e-19,5.331075238834723e-19
2021-01-22,-0.0023053807757756886,0.0,0.2621883506195303,0.3988932775220185,0.3389183718584513,5.105592366823777e-19,5.331075238834723e-19
2021-01-25,0.006027457695443959,0.0,0.2621883506195303,0.3988932775220185,0.3389183718584513,5.105592366823777e-19,5.331075238834723e-19
2021-01-26,-0.0019950743018545616,0.006876400202796201,0.2690647508223265,0.39519619906458237,0.33573905011309124,1.585986920342388e-19,2.0472402677697132e-19
2021-01-27,-0.007698408593658079,0.0,0.2690647508223265,0.39519619906458237,0.33573905011309124,1.585986920342388e-19,2.0472402677697132e-19
2021-01-28,0.0004408385070863957,0.0,0.2690647508223265,0.39519619906458237,0.33573905011309124,1.585986920342388e-19,2.0472402677697132e-19
2021-01-29,-0.007900067302208382,0.0,0.2690647508223265,0.39519619906458237,0.33573905011309124,1.585986920342388e-19,2.0472402677697132e-19
2021-02-01,0.008087803979977898,0.0,0.2690647508223265,0.39519619906458237,0.33573905011309124,1.585986920342388e-19,2.0472402677697132e-19
2021-02-02,-0.0026899913982514206,0.006269425500912806,0.2753341763232393,0.3905973550111482,0.33406846866561263,0.0,1.9142921909576178e-19
2021-02-03,-0.003754079663487253,0.0,0.2753341763232393,0.3905973550111482,0.33406846866561263,0.0,1.9142921909576178e-19
2021-02-04,-0.005013403148101102,0.002959311753774424,0.278024244968179,0.39086659811998287,0.3311091569118382,6.693815849300745e-20,8.53302999508784e-20
2021-02-05,0.001096883148472913,0.0027813336255902432,0.27524291134258877,0.3913943598378368,0.33336272881957446,0.0,0.0
2021-02-08,0.006962374620292151,0.02655697981119093,0.2927781862046879,0.40041606478692865,0.30680574900838353,1.2288689374540774e-20,0.0
2021-02-09,0.00039403845846423547,0.20547817409743668,0.4280653684573012,0.470607056631752,0.10132757491094684,0.0,0.0
2021-02-10,0.0018277746647822012,0.25265900771479444,0.6807243761720957,0.31927562382790436,7.650765710374443e-17,1.210352056135002e-19,5.028838867270551e-19
2021-02-11,-0.00013057276969033775,0.07305323098817106,0.7537776071602666,0.2462223928397333,1.1048849165507122e-18,8.4272725935727425e-19,8.213660200845506e-19
2021-02-12,0.0007439384206641615,0.00451659067913253,0.7582941978393992,0.2417058021606008,0.0,8.352390464297594e-20,4.424652451138008e-19
2021-02-16,-0.004337066079481117,0.0,0.7582941978393992,0.2417058021606008,0.0,8.352390464297594e-20,4.424652451138008e-19
2021-02-17,0.0018044583099752858,0.015592611954647187,0.742701585884752,0.25729841411524795,0.0,0.0,0.0
2021-02-18,-0.004202942996964397,0.0034649817371188163,0.7461665676218708,0.25383343237812916,2.980029886250984e-20,0.0,0.0
2021-02-19,-0.0046332475474016865,0.005081090824863091,0.7512476584467339,0.24875234155326606,0.0,0.0,1.8550487634524057e-19
2021-02-22,-0.007669293404627094,0.018369221008708095,0.7328784374380258,0.26712156256197417,2.7625377223439814e-19,3.255672665186004e-20,4.0142981393964623e-19
2021-02-23,-0.0008764393844222353,0.24476274130592082,0.48811569613210504,0.5001189889905004,0.011765314877394597,0.0,0.0
2021-02-24,0.006053988120125122,0.22943163753204512,0.7175473336641501,0.28245266633584987,0.0,5.241144626444651e-18,5.3519031973941576e-18
2021-02-25,-0.022018937152993967,0.014999055753367553,0.7325463894175177,0.26745361058248235,0.0,0.0,0.0
2021-02-26,0.0029789571974624205,0.43480796962537,0.2977384197921477,0.375529884383096,0.32673169582475636,3.032225163983648e-18,2.894885267318713e-18
2021-03-01,0.0015903101486728338,0.00848950324394571,0.2924171876378152,0.3723616132934828,0.33522119906870207,1.6298795777231388e-20,0.0
2021-03-02,-0.00042907001505801574,0.0,0.2924171876378152,0.3723616132934828,0.33522119906870207,1.6298795777231388e-20,0.0
2021-03-03,-0.011626552340276073,0.008889481820316875,0.30130666945813206,0.371446777416716,0.32724655312515194,0.0,1.12130959504922e-20
2021-03-04,-0.009338016547678676,0.0029422195849302113,0.29876528050637413,0.37104594678354375,0.3301887727100822,0.0,2.4782698927281367e-20
2021-03-05,0.006426369136625212,0.0,0.29876528050637413,0.37104594678354375,0.3301887727100822,0.0,2.4782698927281367e-20
2021-03-08,-0.007795917443607985,0.0,0.29876528050637413,0.37104594678354375,0.3301887727100822,0.0,2.4782698927281367e-20
2021-03-09,0.016430956244141925,0.0,0.29876528050637413,0.37104594678354375,0.3301887727100822,0.0,2.4782698927281367e-20
2021-03-10,0.004311041598348377,0.006744432847934662,0.30195547075161805,0.3643015139356091,0.33374301531277295,4.635069999457579e-20,3.85294501673111e-20
2021-03-11,0.00016329701522598168,0.002146520185672768,0.3038070249513509,0.364596479921549,0.33159649512710015,1.4726391009290085e-20,2.1481753381734208e-20
2021-03-12,-0.007399520264134599,0.0016504759334091679,0.3021565490179417,0.3649423738349613,0.33290107714709694,0.0,0.0
2021-03-15,0.0054113280977988055,8.326672684688674e-17,0.30215654901794176,0.36494237383496136,0.332901077147097,0.0,0.0
2021-03-16,-0.0015398219618981512,8.326672684688674e-17,0.3021565490179417,0.3649423738349613,0.33290107714709694,0.0,0.0
2021-03-17,0.0007131835440495732,0.006646177835602701,0.30880272685354443,0.36083996330670376,0.3303573098397518,2.55785170786226e-20,1.0036510417720526e-19
2021-03-18,-0.010066295077018205,0.0,0.30880272685354443,0.36083996330670376,0.3303573098397518,2.55785170786226e-20,1.0036510417720526e-19
2021-03-19,0.003046943691688172,0.0,0.30880272685354443,0.36083996330670376,0.3303573098397518,2.55785170786226e-20,1.0036510417720526e-19
2021-03-22,0.006023571187728614,0.0,0.30880272685354443,0.36083996330670376,0.3303573098397518,2.55785170786226e-20,1.0036510417720526e-19
2021-03-23,-0.001585144721577995,0.0,0.30880272685354443,0.36083996330670376,0.3303573098397518,2.55785170786226e-20,1.0036510417720526e-19
2021-03-24,0.0014521353483627282,0.006437273381283665,0.3152400002348281,0.35645099206764375,0.3283090076975282,2.558896258854057e-20,0.0
2021-03-25,-0.002230147310781422,0.0,0.3152400002348281,0.35645099206764375,0.3283090076975282,2.558896258854057e-20,0.0
2021-03-26,0.004766111647307907,0.0,0.3152400002348281,0.35645099206764375,0.3283090076975282,2.558896258854057e-20,0.0
2021-03-29,-0.007090770822717932,0.0,0.3152400002348281,0.35645099206764375,0.3283090076975282,2.558896258854057e-20,0.0
2021-03-30,-0.0045799045507372545,0.0,0.3152400002348281,0.35645099206764375,0.3283090076975282,2.558896258854057e-20,0.0
2021-03-31,0.0042596911810894806,0.006686882416457374,0.32192688265128544,0.3533031631092307,0.3247699542394838,9.301382368591021e-20,9.204306661597097e-20
2021-04-01,0.01344153066078353,0.0,0.32192688265128544,0.3533031631092307,0.3247699542394838,9.301382368591021e-20,9.204306661597097e-20
2021-04-05,0.004202288607351333,0.6726985360911748,0.7999999999999999,0.005374581257539635,2.9033253087846636e-17,0.1946254187424604,3.264050024086617e-19
2021-04-06,0.0015935288581848273,0.0,0.7999999999999999,0.005374581257539635,2.9033253087846636e-17,0.1946254187424604,3.264050024086617e-19
2021-04-07,0.0016535303403850488,0.0,0.7999999999999999,0.005374581257539635,2.9033253087846636e-17,0.1946254187424604,3.264050024086617e-19
2021-04-08,0.0036016124367288294,0.0053745812575396405,0.8,1.0842021724855044e-18,0.0,0.1999999999999999,0.0
2021-04-09,0.004934196138796088,0.0,0.8,1.0842021724855044e-18,0.0,0.1999999999999999,0.0
2021-04-12,0.0015711883806207353,0.0,0.8,1.0842021724855044e-18,0.0,0.1999999999999999,0.0
2021-04-13,0.00481601651968777,0.0,0.8,1.0842021724855044e-18,0.0,0.1999999999999999,0.0
2021-04-14,0.005190426732926263,0.0,0.8,1.0842021724855044e-18,0.0,0.1999999999999999,0.0
2021-04-15,0.00966281989451425,0.0,0.8,1.0842021724855044e-18,0.0,0.1999999999999999,0.0
2021-04-16,0.0022578440254178212,0.0,0.8,1.0842021724855044e-18,0.0,0.1999999999999999,0.0
2021-04-19,-0.0032818623760694,0.0,0.8,1.0842021724855044e-18,0.0,0.1999999999999999,0.0
2021-04-20,-0.008534919235261394,0.0,0.8,1.0842021724855044e-18,0.0,0.1999999999999999,0.0
2021-04-21,0.003030616052636528,0.0,0.8,1.0842021724855044e-18,0.0,0.1999999999999999,0.0
2021-04-22,-0.005774333378940756,0.0,0.8,1.0842021724855044e-18,0.0,0.1999999999999999,0.0
2021-04-23,0.010431949398536889,0.0,0.8,1.0842021724855044e-18,0.0,0.1999999999999999,0.0
2021-04-26,0.0010577823681963809,0.0,0.8,1.0842021724855044e-18,0.0,0.1999999999999999,0.0
2021-04-27,0.003513011127850117,0.0,0.8,1.0842021724855044e-18,0.0,0.1999999999999999,0.0
2021-04-28,0.0017184441129754358,0.0,0.8,1.0842021724855044e-18,0.0,0.1999999999999999,0.0
2021-04-29,0.008452214152757475,0.0,0.8,1.0842021724855044e-18,0.0,0.1999999999999999,0.0
2021-04-30,-0.009729925235050006,0.0,0.8,1.0842021724855044e-18,0.0,0.1999999999999999,0.0
2021-05-03,0.005007316454836051,0.0,0.8,1.0842021724855044e-18,0.0,0.1999999999999999,0.0
2021-05-04,-0.0008881275313035644,0.0,0.8,1.0842021724855044e-18,0.0,0.1999999999999999,0.0
2021-05-05,-0.000685966970941742,0.0,0.8,1.0842021724855044e-18,0.0,0.1999999999999999,0.0
2021-05-06,0.005268969882591025,0.0,0.8,1.0842021724855044e-18,0.0,0.1999999999999999,0.0
2021-05-07,0.005912423925841193,0.0,0.8,1.0842021724855044e-18,0.0,0.1999999999999999,0.0
2021-05-10,-0.007696905515539632,0.0,0.8,1.0842021724855044e-18,0.0,0.1999999999999999,0.0
2021-05-11,-0.005386164594740174,0.0,0.8,1.0842021724855044e-18,0.0,0.1999999999999999,0.0
2021-05-12,-0.015436050375279686,0.0,0.8,1.0842021724855044e-18,0.0,0.1999999999999999,0.0
2021-05-13,0.003373850952774475,0.0,0.8,1.0842021724855044e-18,0.0,0.1999999999999999,0.0
2021-05-14,0.016392860566188716,0.0,0.8,1.0842021724855044e-18,0.0,0.1999999999999999,0.0
2021-05-17,0.0010062993972005593,0.0,0.8,1.0842021724855044e-18,0.0,0.1999999999999999,0.0
2021-05-18,-0.009316082679715707,0.0,0.8,1.0842021724855044e-18,0.0,0.1999999999999999,0.0
2021-05-19,-0.008386385498893319,0.0,0.8,1.0842021724855044e-18,0.0,0.1999999999999999,0.0
2021-05-20,0.004231273387043858,0.0,0.8,1.0842021724855044e-18,0.0,0.1999999999999999,0.0
2021-05-21,0.0050891058665254426,0.0,0.8,1.0842021724855044e-18,0.0,0.1999999999999999,0.0
2021-05-24,0.014196609069899677,0.0,0.8,1.0842021724855044e-18,0.0,0.1999999999999999,0.0
2021-05-25,-0.0022193209069157893,0.0,0.8,1.0842021724855044e-18,0.0,0.1999999999999999,0.0
2021-05-26,0.0028344087687262928,0.0,0.8,1.0842021724855044e-18,0.0,0.1999999999999999,0.0
2021-05-27,0.001968761846110655,0.0,0.8,1.0842021724855044e-18,0.0,0.1999999999999999,0.0
2021-05-28,0.0008745868664493063,0.011557042232237545,0.8,0.011557042232237594,1.1322755421617389e-20,0.1884429577677624,1.0573774855650494e-19
2021-06-01,-0.0007496615076528766,0.18844295776776243,0.8,0.2,0.0,7.33936013195709e-18,0.0
2021-06-02,0.001721365421586585,0.0,0.8,0.2,0.0,7.33936013195709e-18,0.0
2021-06-03,-0.003719972454746095,0.00307925045032419,0.7969207495496758,0.20307925045032418,0.0,1.9305528305372625e-19,0.0
2021-06-04,0.010055461582170232,0.003079250450324228,0.8,0.19999999999999993,0.0,1.7997383627832381e-19,0.0
2021-06-07,-0.0013908561124156725,0.0,0.8,0.19999999999999993,0.0,1.7997383627832381e-19,0.0
2021-06-08,0.001625152245415603,0.007206156155282001,0.7927938438447181,0.20720615615528196,3.931578058822378e-20,0.0,1.2605220412450247e-19
2021-06-09,0.0006465304221901762,0.0,0.7927938438447181,0.20720615615528196,3.931578058822378e-20,0.0,1.2605220412450247e-19
2021-06-10,0.004927957450479753,0.0,0.7927938438447181,0.20720615615528196,3.931578058822378e-20,0.0,1.2605220412450247e-19
2021-06-11,0.0009759716802524565,0.0,0.7927938438447181,0.20720615615528196,3.931578058822378e-20,0.0,1.2605220412450247e-19
2021-06-14,0.00018796139108168998,0.0,0.7927938438447181,0.20720615615528196,3.931578058822378e-20,0.0,1.2605220412450247e-19
2021-06-15,-0.0017032921482339554,0.0,0.7927938438447181,0.20720615615528196,3.931578058822378e-20,0.0,1.2605220412450247e-19
2021-06-16,-0.004602967155774736,0.0,0.7927938438447181,0.20720615615528196,3.931578058822378e-20,0.0,1.2605220412450247e-19
2021-06-17,0.0028393782772604104,0.0,0.7927938438447181,0.20720615615528196,3.931578058822378e-20,0.0,1.2605220412450247e-19
2021-06-18,-0.007031077566928669,0.007206156155281987,0.8,0.19999999999999996,2.5957489142276087e-19,0.0,1.5705034401257598e-19
2021-06-21,0.008104053225702469,0.0,0.8,0.19999999999999996,2.5957489142276087e-19,0.0,1.5705034401257598e-19
2021-06-22,0.0047655306097771355,0.0,0.8,0.19999999999999996,2.5957489142276087e-19,0.0,1.5705034401257598e-19
2021-06-23,-0.001479615559051539,0.0,0.8,0.19999999999999996,2.5957489142276087e-19,0.0,1.5705034401257598e-19
2021-06-24,0.005053941390876515,0.0,0.8,0.19999999999999996,2.5957489142276087e-19,0.0,1.5705034401257598e-19
2021-06-25,0.0007647926684922319,0.0,0.8,0.19999999999999996,2.5957489142276087e-19,0.0,1.5705034401257598e-19
2021-06-28,0.003669125077244972,0.0,0.8,0.19999999999999996,2.5957489142276087e-19,0.0,1.5705034401257598e-19
2021-06-29,0.0007650302938723374,0.0,0.8,0.19999999999999996,2.5957489142276087e-19,0.0,1.5705034401257598e-19
2021-06-30,0.0015638619676592302,0.0,0.8,0.19999999999999996,2.5957489142276087e-19,0.0,1.5705034401257598e-19
2021-07-01,0.004440623490517303,0.0,0.8,0.19999999999999996,2.5957489142276087e-19,0.0,1.5705034401257598e-19
2021-07-02,0.0073215360261737585,0.0,0.8,0.19999999999999996,2.5957489142276087e-19,0.0,1.5705034401257598e-19
2021-07-06,0.0008868952718575679,0.0,0.8,0.19999999999999996,2.5957489142276087e-19,0.0,1.5705034401257598e-19
2021-07-07,0.004599217017371781,0.0,0.8,0.19999999999999996,2.5957489142276087e-19,0.0,1.5705034401257598e-19
2021-07-08,-0.005734984198329674,0.0,0.8,0.19999999999999996,2.5957489142276087e-19,0.0,1.5705034401257598e-19
2021-07-09,0.005727344773525457,0.0,0.8,0.19999999999999996,2.5957489142276087e-19,0.0,1.5705034401257598e-19
2021-07-12,0.0026063709833696884,0.0,0.8,0.19999999999999996,2.5957489142276087e-19,0.0,1.5705034401257598e-19
2021-07-13,-0.00425790508386652,0.0,0.8,0.19999999999999996,2.5957489142276087e-19,0.0,1.5705034401257598e-19
2021-07-14,0.0034661616110241763,0.0,0.8,0.19999999999999996,2.5957489142276087e-19,0.0,1.5705034401257598e-19
2021-07-15,-0.0005261045831616248,0.0,0.8,0.19999999999999996,2.5957489142276087e-19,0.0,1.5705034401257598e-19
2021-07-16,-0.006652376065516852,0.0,0.8,0.19999999999999996,2.5957489142276087e-19,0.0,1.5705034401257598e-19
2021-07-19,-0.007428618079756834,0.0,0.8,0.19999999999999996,2.5957489142276087e-19,0.0,1.5705034401257598e-19
2021-07-20,-0.0005555957466071787,0.42102244328837934,0.37897755671162076,0.6210224432883793,0.0,0.0,0.0
2021-07-21,0.003895075563415075,0.4186737995790071,0.7976513562906278,0.20234864370937222,0.0,0.0,0.0
2021-07-22,0.0035658804263313916,0.002348643709372253,0.8,0.19999999999999998,0.0,0.0,0.0
2021-07-23,0.006892605094141358,0.0,0.8,0.19999999999999998,0.0,0.0,0.0
2021-07-26,0.001371275278865536,0.0,0.8,0.19999999999999998,0.0,0.0,0.0
2021-07-27,-0.0015118503906218273,0.0,0.8,0.19999999999999998,0.0,0.0,0.0
2021-07-28,-0.00031452278984156484,0.0,0.8,0.19999999999999998,0.0,0.0,0.0
2021-07-29,0.002208507937678617,0.0,0.8,0.19999999999999998,0.0,0.0,0.0
2021-07-30,-0.0029443366584735123,0.0,0.8,0.19999999999999998,0.0,0.0,0.0
2021-08-02,0.00010541749096648601,0.0,0.8,0.19999999999999998,0.0,0.0,0.0
2021-08-03,0.00661463790627459,0.0,0.8,0.19999999999999998,0.0,0.0,0.0
2021-08-04,-0.003523909183289753,0.0,0.8,0.19999999999999998,0.0,0.0,0.0
2021-08-05,0.004046975217717553,0.0,0.8,0.19999999999999998,0.0,0.0,0.0
2021-08-06,-0.00201824955493155,0.0,0.8,0.19999999999999998,0.0,0.0,0.0
2021-08-09,-0.0013682080096788062,0.0,0.8,0.19999999999999998,0.0,0.0,0.0
2021-08-10,7.140242724266175e-05,0.0,0.8,0.19999999999999998,0.0,0.0,0.0
2021-08-11,0.0018651044969078656,0.0,0.8,0.19999999999999998,0.0,0.0,0.0
2021-08-12,0.0020700249206218493,0.0,0.8,0.19999999999999998,0.0,0.0,0.0
2021-08-13,0.004615143765603324,0.0,0.8,0.19999999999999998,0.0,0.0,0.0
2021-08-16,0.002368372099059757,0.0,0.8,0.19999999999999998,0.0,0.0,0.0
2021-08-17,-0.005324838986507108,0.0,0.8,0.19999999999999998,0.0,0.0,0.0
2021-08-18,-0.008084166725485842,0.0,0.8,0.19999999999999998,0.0,0.0,0.0
2021-08-19,0.0027115736572920213,0.0,0.8,0.19999999999999998,0.0,0.0,0.0
2021-08-20,0.006498622388615339,0.0,0.8,0.19999999999999998,0.0,0.0,0.0
2021-08-23,0.006904544129915724,0.0,0.8,0.19999999999999998,0.0,0.0,0.0
2021-08-24,-0.000285511799701643,0.0,0.8,0.19999999999999998,0.0,0.0,0.0
2021-08-25,1.7490294549782565e-05,0.0,0.8,0.19999999999999998,0.0,0.0,0.0
2021-08-26,-0.004168677246259378,0.0,0.8,0.19999999999999998,0.0,0.0,0.0
2021-08-27,0.008513407317762667,0.0,0.8,0.19999999999999998,0.0,0.0,0.0
2021-08-30,0.004039865305555912,0.0,0.8,0.19999999999999998,0.0,0.0,0.0
2021-08-31,-0.0025465109533081786,0.0,0.8,0.19999999999999998,0.0,0.0,0.0
2021-09-01,0.000760238609386743,0.0,0.8,0.19999999999999998,0.0,0.0,0.0
2021-09-02,0.0033344987932883543,0.0,0.8,0.19999999999999998,0.0,0.0,0.0
2021-09-03,-0.0020131821549798754,0.0,0.8,0.19999999999999998,0.0,0.0,0.0
2021-09-07,-0.004547641646804568,0.0,0.8,0.19999999999999998,0.0,0.0,0.0
2021-09-08,0.00038658301748761815,0.0,0.8,0.19999999999999998,0.0,0.0,0.0
2021-09-09,-0.0010041728107204055,0.0,0.8,0.19999999999999998,0.0,0.0,0.0
2021-09-10,-0.008070748059449805,0.0,0.8,0.19999999999999998,0.0,0.0,0.0
2021-09-13,0.0032604341523406965,0.0,0.8,0.19999999999999998,0.0,0.0,0.0
2021-09-14,-0.0018925181667633689,0.0,0.8,0.19999999999999998,0.0,0.0,0.0
2021-09-15,0.005980363225778817,0.0,0.8,0.19999999999999998,0.0,0.0,0.0
2021-09-16,-0.002184603423922393,0.0,0.8,0.19999999999999998,0.0,0.0,0.0
2021-09-17,-0.00875350159011139,0.0,0.8,0.19999999999999998,0.0,0.0,0.0
2021-09-20,-0.010858902230686064,0.0,0.8,0.19999999999999998,0.0,0.0,0.0
2021-09-21,-0.0009280028564436105,0.0,0.8,0.19999999999999998,0.0,0.0,0.0
2021-09-22,0.00899679064220522,0.0,0.8,0.19999999999999998,0.0,0.0,0.0
2021-09-23,0.005200680278587578,0.0,0.8,0.19999999999999998,0.0,0.0,0.0
2021-09-24,-0.0006368155367551195,0.0,0.8,0.19999999999999998,0.0,0.0,0.0
2021-09-27,-0.0030240890891889863,0.0,0.8,0.19999999999999998,0.0,0.0,0.0
2021-09-28,-0.019236826554305517,0.0,0.8,0.19999999999999998,0.0,0.0,0.0
2021-09-29,0.0016936795334446142,0.0,0.8,0.19999999999999998,0.0,0.0,0.0
2021-09-30,-0.009805628483833841,0.0,0.8,0.19999999999999998,0.0,0.0,0.0
2021-10-01,0.011190288580829311,0.0,0.8,0.19999999999999998,0.0,0.0,0.0
2021-10-04,-0.01082586370659988,0.0,0.8,0.19999999999999998,0.0,0.0,0.0
2021-10-05,0.006266744094305899,0.0062815365768869175,0.7937184634231131,0.20628153657688691,0.0,0.0,2.5230568776758333e-19
2021-10-06,0.004462298884131324,0.0,0.7937184634231131,0.20628153657688691,0.0,0.0,2.5230568776758333e-19
2021-10-07,0.0047049259563947555,0.0,0.7937184634231131,0.20628153657688691,0.0,0.0,2.5230568776758333e-19
2021-10-08,-0.002891171336254021,0.0,0.7937184634231131,0.20628153657688691,0.0,0.0,2.5230568776758333e-19
2021-10-11,-0.006269646163323955,0.0,0.7937184634231131,0.20628153657688691,0.0,0.0,2.5230568776758333e-19
2021-10-12,0.0015735037932715626,0.0,0.7937184634231131,0.20628153657688691,0.0,0.0,2.5230568776758333e-19
2021-10-13,0.0048619684520805895,0.0,0.7937184634231131,0.20628153657688691,0.0,0.0,2.5230568776758333e-19
2021-10-14,0.014117405124486684,0.0,0.7937184634231131,0.20628153657688691,0.0,0.0,2.5230568776758333e-19
2021-10-15,0.0048427196949167965,0.0,0.7937184634231131,0.20628153657688691,0.0,0.0,2.5230568776758333e-19
2021-10-18,0.003316992331362064,0.0,0.7937184634231131,0.20628153657688691,0.0,0.0,2.5230568776758333e-19
2021-10-19,0.0032778205401355325,0.0,0.7937184634231131,0.20628153657688691,0.0,0.0,2.5230568776758333e-19
2021-10-20,0.001725205521288755,0.0,0.7937184634231131,0.20628153657688691,0.0,0.0,2.5230568776758333e-19
2021-10-21,0.0018244276726927463,0.0,0.7937184634231131,0.20628153657688691,0.0,0.0,2.5230568776758333e-19
2021-10-22,0.0014493236531507464,0.0,0.7937184634231131,0.20628153657688691,0.0,0.0,2.5230568776758333e-19
2021-10-25,0.003941739024949057,0.0,0.7937184634231131,0.20628153657688691,0.0,0.0,2.5230568776758333e-19
2021-10-26,0.002420192367169765,0.0,0.7937184634231131,0.20628153657688691,0.0,0.0,2.5230568776758333e-19
2021-10-27,0.0002366810762927489,0.0,0.7937184634231131,0.20628153657688691,0.0,0.0,2.5230568776758333e-19
2021-10-28,0.00696034343348195,0.0,0.7937184634231131,0.20628153657688691,0.0,0.0,2.5230568776758333e-19
2021-10-29,0.0022411003369235995,0.0,0.7937184634231131,0.20628153657688691,0.0,0.0,2.5230568776758333e-19
2021-11-01,-0.00011981831121123197,0.0,0.7937184634231131,0.20628153657688691,0.0,0.0,2.5230568776758333e-19
2021-11-02,0.004123052122661205,0.0038540455481747143,0.7975725089712878,0.2024274910287122,1.5162154668476526e-19,0.0,0.0
2021-11-03,0.0027775877963457187,0.0,0.7975725089712878,0.2024274910287122,1.5162154668476526e-19,0.0,0.0
2021-11-04,0.00588603501460604,0.0,0.7975725089712878,0.2024274910287122,1.5162154668476526e-19,0.0,0.0
2021-11-05,0.00579485551698881,0.0,0.7975725089712878,0.2024274910287122,1.5162154668476526e-19,0.0,0.0
2021-11-08,0.0003012775936008176,0.0,0.7975725089712878,0.2024274910287122,1.5162154668476526e-19,0.0,0.0
2021-11-09,-4.0692307189128894e-05,0.0024274910287122448,0.8,0.1999999999999999,7.834808714948528e-20,0.0,5.965379371618716e-20
2021-11-10,-0.010092446345393967,0.0,0.8,0.1999999999999999,7.834808714948528e-20,0.0,5.965379371618716e-20
2021-11-11,-3.820922804813592e-05,0.0,0.8,0.1999999999999999,7.834808714948528e-20,0.0,5.965379371618716e-20
2021-11-12,0.0051591112707941155,0.0,0.8,0.1999999999999999,7.834808714948528e-20,0.0,5.965379371618716e-20
2021-11-15,-0.002237374855848472,0.0,0.8,0.1999999999999999,7.834808714948528e-20,0.0,5.965379371618716e-20
2021-11-16,0.0026575263439572398,0.0,0.8,0.1999999999999999,7.834808714948528e-20,0.0,5.965379371618716e-20
2021-11-17,-0.00035838831626549086,0.0,0.8,0.1999999999999999,7.834808714948528e-20,0.0,5.965379371618716e-20
2021-11-18,0.0034693095346922664,0.0,0.8,0.1999999999999999,7.834808714948528e-20,0.0,5.965379371618716e-20
2021-11-19,0.0006810148225436564,0.0,0.8,0.1999999999999999,7.834808714948528e-20,0.0,5.965379371618716e-20
2021-11-22,-0.0045977814571080515,0.0,0.8,0.1999999999999999,7.834808714948528e-20,0.0,5.965379371618716e-20
2021-11-23,-0.0018311310682290513,0.0,0.8,0.1999999999999999,7.834808714948528e-20,0.0,5.965379371618716e-20
2021-11-24,0.0053469383255329,0.0,0.8,0.1999999999999999,7.834808714948528e-20,0.0,5.965379371618716e-20
2021-11-26,-0.012788766204333207,0.0,0.8,0.1999999999999999,7.834808714948528e-20,0.0,5.965379371618716e-20
2021-11-29,-0.004671858236890431,0.8,8.996017053218957e-18,0.49450943285856547,0.5054905671414345,0.0,0.0
2021-11-30,0.003129219493864359,0.04510426250152244,0.0451042625015225,0.47553802074743023,0.4793577167510473,0.0,2.8502068436685372e-19
2021-12-01,0.005049813905293243,0.045104262501522496,0.0,0.4867598627394119,0.5132401372605881,4.776039559569564e-19,1.8784909027348114e-19
2021-12-02,-0.0022347861119782313,0.0,0.0,0.4867598627394119,0.5132401372605881,4.776039559569564e-19,1.8784909027348114e-19
2021-12-03,0.01012567906763526,0.0,0.0,0.4867598627394119,0.5132401372605881,4.776039559569564e-19,1.8784909027348114e-19
2021-12-06,-0.007948707212734647,0.0,0.0,0.4867598627394119,0.5132401372605881,4.776039559569564e-19,1.8784909027348114e-19
2021-12-07,-0.002111067659820002,0.0,0.0,0.4867598627394119,0.5132401372605881,4.776039559569564e-19,1.8784909027348114e-19
2021-12-08,-0.008182070963215897,0.002541733611954367,0.0,0.4893015963513662,0.5106984036486337,0.0,2.7249785055216085e-19
2021-12-09,-0.0038812027588662965,0.6007724887009518,0.6007724887009519,0.22337915801079705,0.1758483532882511,0.0,0.0
2021-12-10,0.009970628008800459,0.3308218472066211,0.8,0.06840566409242702,1.0069568014765895e-17,0.13159433590757294,4.330245658924977e-20
2021-12-13,-0.009354410054585349,0.06840566409242704,0.8,6.938893903907228e-18,8.529320392209422e-19,0.19999999999999998,6.146400573578317e-19
2021-12-14,-0.007525880354912551,0.0,0.8,6.938893903907228e-18,8.529320392209422e-19,0.19999999999999998,6.146400573578317e-19
2021-12-15,0.015249444743596198,0.0,0.8,6.938893903907228e-18,8.529320392209422e-19,0.19999999999999998,6.146400573578317e-19
2021-12-16,-0.006086253026645894,0.0,0.8,6.938893903907228e-18,8.529320392209422e-19,0.19999999999999998,6.146400573578317e-19
2021-12-17,-0.012717175086320288,0.0,0.8,6.938893903907228e-18,8.529320392209422e-19,0.19999999999999998,6.146400573578317e-19
2021-12-20,-0.011972605663690385,0.0,0.8,6.938893903907228e-18,8.529320392209422e-19,0.19999999999999998,6.146400573578317e-19
2021-12-21,0.02090066773528796,0.0,0.8,6.938893903907228e-18,8.529320392209422e-19,0.19999999999999998,6.146400573578317e-19
2021-12-22,0.011381307839829593,0.011276114239109005,0.8,0.011276114239109031,0.0,0.188723885760891,7.946773865215597e-20
2021-12-23,0.00745474131928754,0.011276114239109037,0.8,0.0,0.0,0.20000000000000004,0.0
2021-12-27,0.016554123718869863,0.0,0.8,0.0,0.0,0.20000000000000004,0.0
2021-12-28,-0.0001034447468946986,0.0,0.8,0.0,0.0,0.20000000000000004,0.0
2021-12-29,0.00252331871675442,0.0,0.8,0.0,0.0,0.20000000000000004,0.0
2021-12-30,-0.002139138897357862,0.0,0.8,0.0,0.0,0.20000000000000004,0.0
2021-12-31,0.004440811715504835,1.0,0.0,0.4908150070292091,0.509184992970791,2.7114877735285714e-17,0.0
2022-01-03,-0.020717027737744715,0.0,0.0,0.4908150070292091,0.509184992970791,2.7114877735285714e-17,0.0
2022-01-04,0.0017374018406638336,0.002382085719227669,6.725603758930849e-20,0.4884329213099814,0.5115670786900186,1.5295424759014406e-19,0.0
2022-01-05,-0.004189554830545354,0.0,6.725603758930849e-20,0.4884329213099814,0.5115670786900186,1.5295424759014406e-19,0.0
2022-01-06,-0.005115837202597049,0.009612534468471594,0.002306685198338528,0.47882038684150985,0.5188729279601517,0.0,1.9853248650486142e-19
2022-01-07,-0.0010896481829382083,0.0,0.002306685198338528,0.47882038684150985,0.5188729279601517,0.0,1.9853248650486142e-19
2022-01-10,0.0027528354515170246,0.0,0.002306685198338528,0.47882038684150985,0.5188729279601517,0.0,1.9853248650486142e-19
2022-01-11,0.009450059345406606,0.005448976915356866,0.005958294181980331,0.4806177547732248,0.5134239510447948,0.0,1.7915093551581123e-19
2022-01-12,-0.00045741976791777465,0.0052094351574147975,0.0024768654851623673,0.4788897483126281,0.5186333862022097,5.831702126505174e-20,0.0
2022-01-13,0.002107366149096332,0.016827174283296227,0.01930403976845855,0.46465661110642975,0.5160393491251117,0.0,2.5647939274444186e-19
2022-01-14,-0.008498757807215148,0.0,0.01930403976845855,0.46465661110642975,0.5160393491251117,0.0,2.5647939274444186e-19
2022-01-18,-0.0077333820570142184,0.0,0.01930403976845855,0.46465661110642975,0.5160393491251117,0.0,2.5647939274444186e-19
2022-01-19,0.011211614014311842,0.0,0.01930403976845855,0.46465661110642975,0.5160393491251117,0.0,2.5647939274444186e-19
2022-01-20,0.0013625396623260617,0.0,0.01930403976845855,0.46465661110642975,0.5160393491251117,0.0,2.5647939274444186e-19
2022-01-21,0.003015452109530146,0.01464988086733877,0.033953920635797274,0.4505180150924852,0.5155280642717175,0.0,1.7952206273126062e-19
2022-01-24,-0.0007243822770868881,0.0,0.033953920635797274,0.4505180150924852,0.5155280642717175,0.0,1.7952206273126062e-19
2022-01-25,0.000506174860114736,0.0,0.033953920635797274,0.4505180150924852,0.5155280642717175,0.0,1.7952206273126062e-19
2022-01-26,-0.013868009657200892,0.0,0.033953920635797274,0.4505180150924852,0.5155280642717175,0.0,1.7952206273126062e-19
2022-01-27,0.0014559152708961088,0.0,0.033953920635797274,0.4505180150924852,0.5155280642717175,0.0,1.7952206273126062e-19
2022-01-28,-0.00016412832121457597,0.014768115682460389,0.04872203631825766,0.43922871432449645,0.5120492493572458,0.0,0.0
2022-01-31,0.0016404072990788194,0.0,0.04872203631825766,0.43922871432449645,0.5120492493572458,0.0,0.0
2022-02-01,-0.0007025020468921901,0.0,0.04872203631825766,0.43922871432449645,0.5120492493572458,0.0,0.0
2022-02-02,0.0038176722236768356,0.0,0.04872203631825766,0.43922871432449645,0.5120492493572458,0.0,0.0
2022-02-03,-0.005301653372463598,0.0,0.04872203631825766,0.43922871432449645,0.5120492493572458,0.0,0.0
2022-02-04,-0.005244594040881721,0.014004563095322959,0.06272659941358069,0.42892898266425383,0.5083444179221656,3.431593076032735e-19,9.905278306039413e-20
2022-02-07,0.00383966466335842,0.0,0.06272659941358069,0.42892898266425383,0.5083444179221656,3.431593076032735e-19,9.905278306039413e-20
2022-02-08,-0.0007978685091506997,0.0,0.06272659941358069,0.42892898266425383,0.5083444179221656,3.431593076032735e-19,9.905278306039413e-20
2022-02-09,0.0034531504047383933,0.0,0.06272659941358069,0.42892898266425383,0.5083444179221656,3.431593076032735e-19,9.905278306039413e-20
2022-02-10,-0.009873716281791659,0.0,0.06272659941358069,0.42892898266425383,0.5083444179221656,3.431593076032735e-19,9.905278306039413e-20
2022-02-11,0.014313232293066313,0.01394895145071029,0.07667555086429098,0.4184229272607375,0.5049015218749716,3.6018028184207927e-19,0.0
2022-02-14,-0.002754639540630247,0.0,0.07667555086429098,0.4184229272607375,0.5049015218749716,3.6018028184207927e-19,0.0
2022-02-15,-0.008310263857856517,0.0,0.07667555086429098,0.4184229272607375,0.5049015218749716,3.6018028184207927e-19,0.0
2022-02-16,0.007758445964863039,0.0,0.07667555086429098,0.4184229272607375,0.5049015218749716,3.6018028184207927e-19,0.0
2022-02-17,0.008375506964899589,0.0,0.07667555086429098,0.4184229272607375,0.5049015218749716,3.6018028184207927e-19,0.0
2022-02-18,0.003336030663000164,0.012339521900713822,0.08901507276500482,0.40677738583956186,0.5042075413954334,0.0,2.271969398807535e-19
2022-02-22,0.0011573531883678503,0.0,0.08901507276500482,0.40677738583956186,0.5042075413954334,0.0,2.271969398807535e-19
2022-02-23,-0.0049126975235541884,0.0,0.08901507276500482,0.40677738583956186,0.5042075413954334,0.0,2.271969398807535e-19
2022-02-24,-0.001644465763030885,0.0,0.08901507276500482,0.40677738583956186,0.5042075413954334,0.0,2.271969398807535e-19
2022-02-25,0.000582036477412861,0.0,0.08901507276500482,0.40677738583956186,0.5042075413954334,0.0,2.271969398807535e-19
2022-02-28,0.013600526855896763,0.013000478509982538,0.10169528748359348,0.39377690732957926,0.5045278051868273,0.0,3.084657024464519e-19
2022-03-01,0.012167846142021939,0.0,0.10169528748359348,0.39377690732957926,0.5045278051868273,0.0,3.084657024464519e-19
2022-03-02,-0.016839920159240084,0.0,0.10169528748359348,0.39377690732957926,0.5045278051868273,0.0,3.084657024464519e-19
2022-03-03,0.006508084437865675,0.0,0.10169528748359348,0.39377690732957926,0.5045278051868273,0.0,3.084657024464519e-19
2022-03-04,0.014008706040065814,0.0,0.10169528748359348,0.39377690732957926,0.5045278051868273,0.0,3.084657024464519e-19
2022-03-07,0.001187547750996424,0.011514197932492302,0.11320948541608583,0.38481471828287533,0.501975796301039,0.0,1.8737352575998708e-19
2022-03-08,0.009003942726630087,0.0,0.11320948541608583,0.38481471828287533,0.501975796301039,0.0,1.8737352575998708e-19
2022-03-09,-0.015649841267658997,0.0,0.11320948541608583,0.38481471828287533,0.501975796301039,0.0,1.8737352575998708e-19
2022-03-10,-0.0017053817504636415,0.30202127279837715,0.09927496130150518,0.26429012506876065,0.33441364083135705,0.0,0.3020212727983771
2022-03-11,-0.0036863185236172893,0.3020212727983771,0.11293811776805016,0.3839776051950371,0.5030842770369127,0.0,7.137935958863596e-17
2022-03-14,-0.017180871788929346,0.013142605508956186,0.12383925433576555,0.37083499968608097,0.5053257459781535,0.0,1.9829274024841954e-19
2022-03-15,-0.007376341260565269,0.0,0.12383925433576555,0.37083499968608097,0.5053257459781535,0.0,1.9829274024841954e-19
2022-03-16,0.009546704197629194,0.0,0.12383925433576555,0.37083499968608097,0.5053257459781535,0.0,1.9829274024841954e-19
2022-03-17,0.001255522407149049,0.0,0.12383925433576555,0.37083499968608097,0.5053257459781535,0.0,1.9829274024841954e-19
2022-03-18,0.0014434741740862074,0.0,0.12383925433576555,0.37083499968608097,0.5053257459781535,0.0,1.9829274024841954e-19
2022-03-21,-0.004568797229452257,0.012909981835854366,0.13674923617161994,0.3612314400379883,0.5020193237903918,1.4145287879360173e-19,0.0
2022-03-22,-0.0066678673119480985,0.0,0.13674923617161994,0.3612314400379883,0.5020193237903918,1.4145287879360173e-19,0.0
2022-03-23,0.01301249659601985,0.0,0.13674923617161994,0.3612314400379883,0.5020193237903918,1.4145287879360173e-19,0.0
2022-03-24,0.002876848403679046,0.0,0.13674923617161994,0.3612314400379883,0.5020193237903918,1.4145287879360173e-19,0.0
2022-03-25,-0.006399409294030564,0.0,0.13674923617161994,0.3612314400379883,0.5020193237903918,1.4145287879360173e-19,0.0
2022-03-28,-0.005162246039871173,0.014246471791702617,0.14846002023964203,0.34698496824628566,0.5045550115140723,5.054548274665093e-21,0.0
2022-03-29,0.0046826789524805935,0.0,0.14846002023964203,0.34698496824628566,0.5045550115140723,5.054548274665093e-21,0.0
2022-03-30,0.005846151765232172,0.0,0.14846002023964203,0.34698496824628566,0.5045550115140723,5.054548274665093e-21,0.0
2022-03-31,-0.0012467634747798098,0.0,0.14846002023964203,0.34698496824628566,0.5045550115140723,5.054548274665093e-21,0.0
2022-04-01,-0.0014506353273109525,0.012280394306448492,0.1607404145460905,0.33781464698382885,0.5014449384700806,4.22983874526347e-20,3.032904743165952e-20
2022-04-04,0.0016423390531215614,0.012045138298160132,0.1716570656500853,0.32576950868566873,0.502573425664246,4.338880355865812e-20,1.629834821019098e-19
2022-04-05,-0.012676669058106205,0.0,0.1716570656500853,0.32576950868566873,0.502573425664246,4.338880355865812e-20,1.629834821019098e-19
2022-04-06,-0.0031756934903819914,0.0,0.1716570656500853,0.32576950868566873,0.502573425664246,4.338880355865812e-20,1.629834821019098e-19
2022-04-07,0.0003134626494027083,0.0,0.1716570656500853,0.32576950868566873,0.502573425664246,4.338880355865812e-20,1.629834821019098e-19
2022-04-08,-0.000838347847736697,0.0,0.1716570656500853,0.32576950868566873,0.502573425664246,4.338880355865812e-20,1.629834821019098e-19
2022-04-11,-0.00556320768331654,0.01277859617566457,0.18217808700154445,0.31299091251000416,0.5048310004884514,0.0,1.3273604301408494e-19
2022-04-12,0.0027683762921400156,0.0,0.18217808700154445,0.31299091251000416,0.5048310004884514,0.0,1.3273604301408494e-19
2022-04-13,0.005140336681081134,0.0,0.18217808700154445,0.31299091251000416,0.5048310004884514,0.0,1.3273604301408494e-19
2022-04-14,-0.010210274517753585,0.0,0.18217808700154445,0.31299091251000416,0.5048310004884514,0.0,1.3273604301408494e-19
2022-04-18,8.326442231856987e-05,0.0,0.18217808700154445,0.31299091251000416,0.5048310004884514,0.0,1.3273604301408494e-19
2022-04-19,-0.0067900600041984555,0.013541510755609387,0.1932605890611295,0.2994494017543948,0.5072900091844758,1.7027443413987365e-19,0.0
2022-04-20,0.008366582565872558,0.0,0.1932605890611295,0.2994494017543948,0.5072900091844758,1.7027443413987365e-19,0.0
2022-04-21,-0.006910103855756482,0.0,0.1932605890611295,0.2994494017543948,0.5072900091844758,1.7027443413987365e-19,0.0
2022-04-22,-0.012119531081884214,0.0,0.1932605890611295,0.2994494017543948,0.5072900091844758,1.7027443413987365e-19,0.0
2022-04-25,-0.005001295607790103,0.0,0.1932605890611295,0.2994494017543948,0.5072900091844758,1.7027443413987365e-19,0.0
2022-04-26,-0.0021961416333144187,0.011618589542145258,0.20271020884087457,0.28783081221224954,0.509458978946876,1.9864519639562138e-19,0.0
2022-04-27,-0.006971694638649844,0.0,0.20271020884087457,0.28783081221224954,0.509458978946876,1.9864519639562138e-19,0.0
2022-04-28,0.008299380586945012,0.0,0.20271020884087457,0.28783081221224954,0.509458978946876,1.9864519639562138e-19,0.0
2022-04-29,-0.011282923439323342,0.0,0.20271020884087457,0.28783081221224954,0.509458978946876,1.9864519639562138e-19,0.0
2022-05-02,-0.013283543285488248,0.007894606558656717,0.19951584604058553,0.2957254187709062,0.5047587351885082,0.0,7.66004555551984e-20
2022-05-03,0.0042044127855874434,0.01591208804329365,0.21194613620242228,0.2798133307276126,0.5082405330699652,0.0,0.0
2022-05-04,0.012988426420248844,0.0,0.21194613620242228,0.2798133307276126,0.5082405330699652,0.0,0.0
2022-05-05,-0.01713655794884493,0.0,0.21194613620242228,0.2798133307276126,0.5082405330699652,0.0,0.0
2022-05-06,-0.0037464816534436385,0.23710698950122955,0.10796245640958468,0.2815453190810973,0.37511722336157327,1.733980285347219e-18,0.23537500114774484
2022-05-09,-0.007467868586007278,0.1250960533241863,0.14165366321910844,0.3376464840530662,0.41042090490426697,0.0,0.11027894782355857
2022-05-10,0.0001555748672460379,0.2717704094721153,0.0757271043983581,0.2131265062292406,0.3290970320767276,3.2372756115374173e-19,0.38204935729567374
2022-05-11,0.006081626325263768,0.01051173858963151,0.07782008348531386,0.21786932462664876,0.33277297318199517,0.0,0.37153761870604224
2022-05-12,-0.0022399081862078314,0.009580493702916144,0.0759118657820204,0.21354535812962674,0.3294246636793945,4.724928715225856e-19,0.3811181124089584
2022-05-13,-0.005103162226914422,0.0011420425624295712,0.07604218584289778,0.21375493064895884,0.3302268136616146,0.0,0.3799760698465288
2022-05-16,0.0011081448251132548,0.0014468750874120642,0.07595859705833881,0.21369150766677383,0.3289269503409465,4.772956687521499e-19,0.38142294493394086
2022-05-17,-0.0062502362529769165,0.002523808526723695,0.07514992523735826,0.21316227733049847,0.33145075886767017,0.0,0.38023703856447305
2022-05-18,0.003629735135052096,0.0035947985390351878,0.07440884930619403,0.21151368728389752,0.3302456263064002,0.0,0.38383183710350827
2022-05-19,0.0008742846484150295,0.0010757387109622618,0.07428211058625073,0.21131769294139208,0.3294926206578867,1.4420752542621218e-18,0.38490757581447055
2022-05-20,0.0035013127140089487,0.0,0.07428211058625073,0.21131769294139208,0.3294926206578867,1.4420752542621218e-18,0.38490757581447055
2022-05-23,-0.004017767359768761,0.003653575858148337,0.07493374480876427,0.21264629757378506,0.3311659576611285,2.4336533633813556e-19,0.3812539999563222
2022-05-24,0.004944970316990933,0.006450520313826175,0.0715292131494133,0.20960030891930984,0.33124285943982223,0.0,0.3876276184914546
2022-05-25,0.0008880396857337944,0.0,0.0715292131494133,0.20960030891930984,0.33124285943982223,0.0,0.3876276184914546
2022-05-26,-0.001350419204219243,0.011866384776266031,0.07404242744176229,0.21459703694432747,0.3355993018987217,0.0,0.37576123371518866
2022-05-27,0.0021077843839504805,0.04724082051504629,0.08457286430542497,0.2343706775237884,0.35253604497064434,5.413788080739632e-19,0.3285204132001423
2022-05-31,-0.010911998434155381,0.17114422765226744,0.13101126479275135,0.30408091083074323,0.4075316388286306,6.854654268301466e-20,0.15737618554787483
2022-06-01,0.0009395160250421676,0.15737618554787486,0.19512740056965996,0.34721021400759106,0.45766238542274906,5.1990041095338525e-20,6.283128993131597e-18
2022-06-02,0.01104645932592374,0.1000341279725003,0.2453258613012885,0.24717608603509073,0.5074980526636208,0.0,0.0
2022-06-03,-0.009767567187484285,0.004288988241038294,0.24906901898256503,0.24288709779405243,0.5080438832233826,2.186758185928323e-20,2.708194911818919e-19
2022-06-06,-0.005958632992894485,0.0,0.24906901898256503,0.24288709779405243,0.5080438832233826,2.186758185928323e-20,2.708194911818919e-19
2022-06-07,0.008324023476015626,0.0,0.24906901898256503,0.24288709779405243,0.5080438832233826,2.186758185928323e-20,2.708194911818919e-19
2022-06-08,-0.005315551035835383,0.011980795678325759,0.25715788114545174,0.23090630211572666,0.5119358167388216,0.0,0.0
2022-06-09,-0.006976492152883958,0.0,0.25715788114545174,0.23090630211572666,0.5119358167388216,0.0,0.0
2022-06-10,-0.002022317548382754,0.0,0.25715788114545174,0.23090630211572666,0.5119358167388216,0.0,0.0
2022-06-13,-0.030523136533256705,0.0013810071825215292,0.25590165195182546,0.23228730929824823,0.5118110387499264,1.214208733006097e-20,3.062417912206473e-20
2022-06-14,-0.004686154979228864,0.38939741115845383,0.06782167267350517,0.21024603075570755,0.3325348854123335,3.9881416957044615e-18,0.38939741115845383
2022-06-15,0.006173313567949782,0.002327298020241476,0.06597001158418576,0.20977039382478546,0.33443781934896305,0.0,0.38982177524206574
2022-06-16,-0.0005248916645432787,0.0,0.06597001158418576,0.20977039382478546,0.33443781934896305,0.0,0.38982177524206574
2022-06-17,0.0020575729434488877,0.0039100567012933796,0.06508281450646701,0.20821418858077942,0.3329711649693945,0.0,0.39373183194335915
2022-06-21,-0.004544304661972824,0.0,0.06508281450646701,0.20821418858077942,0.3329711649693945,0.0,0.39373183194335915
2022-06-22,0.006369455820069338,0.0,0.06508281450646701,0.20821418858077942,0.3329711649693945,0.0,0.39373183194335915
2022-06-23,0.0013237992443344156,0.3937318319433591,0.26332657018525596,0.22711802699635214,0.5095554028183918,0.0,0.0
2022-06-24,0.004932215370397471,0.004968811887532926,0.26787023127054804,0.2221492151088193,0.5099805536206328,1.0207419430443123e-20,1.155447534137072e-19
2022-06-27,-0.0034918913072945123,0.0020411695495005516,0.2658290617210474,0.22349088633282002,0.5106800519461325,1.6145049041687775e-19,1.0804629785422646e-19
2022-06-28,-0.005279052475039204,0.0020308884088814233,0.26765929091550805,0.2214599979239386,0.5108807111605533,0.0,4.9697963565716215e-20
2022-06-29,0.0028471610969707543,0.0,0.26765929091550805,0.2214599979239386,0.5108807111605533,0.0,4.9697963565716215e-20
2022-06-30,-0.0019324746656613203,0.39011683458521473,0.06712320852768557,0.21286665523062734,0.3298933016564724,0.0,0.3901168345852147
2022-07-01,0.003876919439640624,0.0,0.06712320852768557,0.21286665523062734,0.3298933016564724,0.0,0.3901168345852147
2022-07-05,-0.008560179741792939,0.3901168345852146,0.27652032956886374,0.2154458151742044,0.5080338552569318,0.0,0.0
2022-07-06,-0.012057452261844476,0.10759474172702149,0.21286630584039273,0.32304055690122596,0.46409313725838136,0.0,1.734723475976807e-18
2022-07-07,0.0020348985263243884,0.08187334492090684,0.25905281791824014,0.24116721198031915,0.4997799701014408,4.352938018752147e-19,5.21656373306363e-19
2022-07-08,-0.0025877133857221154,0.39159336050338034,0.06837077918230632,0.2164343772460942,0.3236014830682192,0.0,0.39159336050338034
2022-07-11,0.005608467735940318,0.010390999593830982,0.07092898592843262,0.21908876236066038,0.32877989080135767,0.0,0.38120236090954934
2022-07-12,-0.0006572964956158768,0.010402743040562705,0.06837195893032241,0.21642137159870223,0.32360156552086333,1.0878244111031455e-18,0.39160510395011205
2022-07-13,0.002853387719543487,0.00096679783708812,0.06818353185772454,0.21637083563578108,0.32287373071929426,0.0,0.3925719017872002
2022-07-14,-0.003783019612728215,0.0021595447159743764,0.06854887710693915,0.21630464891544354,0.324667930186054,0.0,0.3904785437915633
2022-07-15,0.0056236253478522775,0.3973637143268949,0.2857336525359584,0.20941947838011196,0.5048468690839296,1.174753697217931e-20,3.0135627273124115e-17
2022-07-18,-0.004064754752988358,0.0,0.2857336525359584,0.20941947838011196,0.5048468690839296,1.174753697217931e-20,3.0135627273124115e-17
2022-07-19,0.007795773104711876,0.0,0.2857336525359584,0.20941947838011196,0.5048468690839296,1.174753697217931e-20,3.0135627273124115e-17
2022-07-20,-0.0023759378646527572,0.0,0.2857336525359584,0.20941947838011196,0.5048468690839296,1.174753697217931e-20,3.0135627273124115e-17
2022-07-21,0.013651241261520041,0.0,0.2857336525359584,0.20941947838011196,0.5048468690839296,1.174753697217931e-20,3.0135627273124115e-17
2022-07-22,0.0020920667849514494,0.0049158387576152965,0.28986671119814233,0.21020225847554327,0.4999310303263143,1.4373266127248195e-19,2.1230455481085692e-19
2022-07-25,-0.0030737637275157015,0.0,0.28986671119814233,0.21020225847554327,0.4999310303263143,1.4373266127248195e-19,2.1230455481085692e-19
2022-07-26,-0.0038610444693600757,0.0,0.28986671119814233,0.21020225847554327,0.4999310303263143,1.4373266127248195e-19,2.1230455481085692e-19
2022-07-27,0.01143759023566875,0.0,0.28986671119814233,0.21020225847554327,0.4999310303263143,1.4373266127248195e-19,2.1230455481085692e-19
2022-07-28,0.011400891055970136,0.0,0.28986671119814233,0.21020225847554327,0.4999310303263143,1.4373266127248195e-19,2.1230455481085692e-19
2022-07-29,0.005084443804211386,0.005895761293616256,0.29316349377469736,0.21280123719260458,0.4940352690326981,1.2996648475376658e-20,0.0
2022-08-01,0.007056656372823489,0.0,0.29316349377469736,0.21280123719260458,0.4940352690326981,1.2996648475376658e-20,0.0
2022-08-02,-0.009370587062557886,0.0,0.29316349377469736,0.21280123719260458,0.4940352690326981,1.2996648475376658e-20,0.0
2022-08-03,0.009145821757866256,0.0,0.29316349377469736,0.21280123719260458,0.4940352690326981,1.2996648475376658e-20,0.0
2022-08-04,0.007901922688091667,0.0,0.29316349377469736,0.21280123719260458,0.4940352690326981,1.2996648475376658e-20,0.0
2022-08-05,-0.011111531043476352,0.004685149848508555,0.2960658598657841,0.2145840209500264,0.4893501191841896,2.7396358418037426e-20,0.0
2022-08-08,0.007264795792937453,0.0,0.2960658598657841,0.2145840209500264,0.4893501191841896,2.7396358418037426e-20,0.0
2022-08-09,-0.0005124519751851174,0.0,0.2960658598657841,0.2145840209500264,0.4893501191841896,2.7396358418037426e-20,0.0
2022-08-10,0.0035877178410596666,0.0,0.2960658598657841,0.2145840209500264,0.4893501191841896,2.7396358418037426e-20,0.0
2022-08-11,-0.006292753690503026,0.0,0.2960658598657841,0.2145840209500264,0.4893501191841896,2.7396358418037426e-20,0.0
2022-08-12,0.011732398370514955,0.006329098552990783,0.3023949584187749,0.20862454855146412,0.4889804930297611,0.0,5.58577707169183e-20
2022-08-15,-0.0052260495029932885,0.0,0.3023949584187749,0.20862454855146412,0.4889804930297611,0.0,5.58577707169183e-20
2022-08-16,0.0006037993933819482,0.0,0.3023949584187749,0.20862454855146412,0.4889804930297611,0.0,5.58577707169183e-20
2022-08-17,-0.00748675359699866,0.0,0.3023949584187749,0.20862454855146412,0.4889804930297611,0.0,5.58577707169183e-20
2022-08-18,-9.138589245510898e-05,0.0,0.3023949584187749,0.20862454855146412,0.4889804930297611,0.0,5.58577707169183e-20
2022-08-19,-0.010983573198993731,0.006928558400329798,0.3092453839322314,0.20169599015113426,0.48905862591663435,0.0,0.0
2022-08-22,-0.01036322024756736,0.0,0.3092453839322314,0.20169599015113426,0.48905862591663435,0.0,0.0
2022-08-23,0.0015607310003501603,0.0,0.3092453839322314,0.20169599015113426,0.48905862591663435,0.0,0.0
2022-08-24,0.0009560288883619921,0.0,0.3092453839322314,0.20169599015113426,0.48905862591663435,0.0,0.0
2022-08-25,0.008674544523644644,0.0,0.3092453839322314,0.20169599015113426,0.48905862591663435,0.0,0.0
2022-08-26,-0.014955923819961681,0.002364105118579013,0.31160948905081043,0.20099245080263983,0.4873980601465498,9.359369875703703e-20,0.0
2022-08-29,-0.0034219787783550805,0.0,0.31160948905081043,0.20099245080263983,0.4873980601465498,9.359369875703703e-20,0.0
2022-08-30,-0.006986488929786934,0.0,0.31160948905081043,0.20099245080263983,0.4873980601465498,9.359369875703703e-20,0.0
2022-08-31,-0.008057990664302512,0.0,0.31160948905081043,0.20099245080263983,0.4873980601465498,9.359369875703703e-20,0.0
2022-09-01,-0.006986446107203011,0.0,0.31160948905081043,0.20099245080263983,0.4873980601465498,9.359369875703703e-20,0.0
2022-09-02,0.002085009069736064,0.003924753020251748,0.31440982961378705,0.20211686325991496,0.48347330712629805,4.395508723540417e-20,2.1409793559265367e-20
2022-09-06,-0.009015634864032823,0.0,0.31440982961378705,0.20211686325991496,0.48347330712629805,4.395508723540417e-20,2.1409793559265367e-20
2022-09-07,0.013761108291435044,0.0,0.31440982961378705,0.20211686325991496,0.48347330712629805,4.395508723540417e-20,2.1409793559265367e-20
2022-09-08,-0.0029199961319205775,0.0,0.31440982961378705,0.20211686325991496,0.48347330712629805,4.395508723540417e-20,2.1409793559265367e-20
2022-09-09,0.007887714347374473,0.0,0.31440982961378705,0.20211686325991496,0.48347330712629805,4.395508723540417e-20,2.1409793559265367e-20
2022-09-12,0.004174581727796942,0.0031866925485142528,0.31695139222197055,0.20276199320024568,0.48028661457778377,0.0,0.0
2022-09-13,-0.01955903217589968,0.0,0.31695139222197055,0.20276199320024568,0.48028661457778377,0.0,0.0
2022-09-14,5.819352793311205e-05,0.0,0.31695139222197055,0.20276199320024568,0.48028661457778377,0.0,0.0
2022-09-15,-0.012701124995378144,0.0,0.31695139222197055,0.20276199320024568,0.48028661457778377,0.0,0.0
2022-09-16,-0.0014429664736126451,0.0,0.31695139222197055,0.20276199320024568,0.48028661457778377,0.0,0.0
2022-09-19,0.0033140030915603073,0.0027037715261399725,0.31854851976286275,0.20386863718549345,0.4775828430516438,0.0,0.0
2022-09-20,-0.008414408673076247,0.0,0.31854851976286275,0.20386863718549345,0.4775828430516438,0.0,0.0
2022-09-21,7.612440526363071e-05,0.0,0.31854851976286275,0.20386863718549345,0.4775828430516438,0.0,0.0
2022-09-22,-0.00816012601893239,0.0,0.31854851976286275,0.20386863718549345,0.4775828430516438,0.0,0.0
2022-09-23,-0.012755583568825982,0.0,0.31854851976286275,0.20386863718549345,0.4775828430516438,0.0,0.0
2022-09-26,-0.01260315999553283,0.0,0.31854851976286275,0.20386863718549345,0.4775828430516438,0.0,0.0
2022-09-27,-0.005202405658009252,0.0,0.31854851976286275,0.20386863718549345,0.4775828430516438,0.0,0.0
2022-09-28,0.023021203789944194,0.0,0.31854851976286275,0.20386863718549345,0.4775828430516438,0.0,0.0
2022-09-29,-0.00780187063789941,0.0,0.31854851976286275,0.20386863718549345,0.4775828430516438,0.0,0.0
2022-09-30,-0.007527186702118312,0.0,0.31854851976286275,0.20386863718549345,0.4775828430516438,0.0,0.0
2022-10-03,0.023259397295798092,0.0,0.31854851976286275,0.20386863718549345,0.4775828430516438,0.0,0.0
2022-10-04,0.016144119325446096,0.0,0.31854851976286275,0.20386863718549345,0.4775828430516438,0.0,0.0
2022-10-05,-0.005335913740525334,0.0,0.31854851976286275,0.20386863718549345,0.4775828430516438,0.0,0.0
2022-10-06,-0.0049571415141416615,0.0,0.31854851976286275,0.20386863718549345,0.4775828430516438,0.0,0.0
2022-10-07,-0.0161003335461005,0.0,0.31854851976286275,0.20386863718549345,0.4775828430516438,0.0,0.0
2022-10-10,-0.012861497103808314,0.0,0.31854851976286275,0.20386863718549345,0.4775828430516438,0.0,0.0
2022-10-11,-0.0020979814717243476,0.0,0.31854851976286275,0.20386863718549345,0.4775828430516438,0.0,0.0
2022-10-12,0.0025042621404665452,0.0,0.31854851976286275,0.20386863718549345,0.4775828430516438,0.0,0.0
2022-10-13,0.003150025444349898,0.0,0.31854851976286275,0.20386863718549345,0.4775828430516438,0.0,0.0
2022-10-14,-0.014891415108163449,0.0,0.31854851976286275,0.20386863718549345,0.4775828430516438,0.0,0.0
2022-10-17,0.008701810043542639,0.0050142309712954275,0.3235627507341582,0.20118764765390407,0.47524960161193774,0.0,0.0
2022-10-18,0.005295643113022682,0.0,0.3235627507341582,0.20118764765390407,0.47524960161193774,0.0,0.0
2022-10-19,-0.01232330718457582,0.0,0.3235627507341582,0.20118764765390407,0.47524960161193774,0.0,0.0
2022-10-20,-0.00690405029582381,0.0,0.3235627507341582,0.20118764765390407,0.47524960161193774,0.0,0.0
2022-10-21,0.01270970910354738,0.0,0.3235627507341582,0.20118764765390407,0.47524960161193774,0.0,0.0
2022-10-24,0.0007947559882706297,0.0024493126854135544,0.32533227939973997,0.1987383349684905,0.4759293856317695,2.262760797893575e-19,0.0
2022-10-25,0.012064976612305997,0.0,0.32533227939973997,0.1987383349684905,0.4759293856317695,2.262760797893575e-19,0.0
2022-10-26,0.0034408269575642997,0.0,0.32533227939973997,0.1987383349684905,0.4759293856317695,2.262760797893575e-19,0.0
2022-10-27,-0.0003933016998909789,0.0,0.32533227939973997,0.1987383349684905,0.4759293856317695,2.262760797893575e-19,0.0
2022-10-28,0.0015142009865888055,0.0,0.32533227939973997,0.1987383349684905,0.4759293856317695,2.262760797893575e-19,0.0
2022-10-31,-0.007520572342171978,0.00983767836411421,0.323093195541575,0.1911397404625412,0.47729356179201976,6.238812885404258e-20,0.008473502203863913
2022-11-01,0.005239818451198173,7.025630077706069e-17,0.32309319554157506,0.19113974046254123,0.4772935617920198,6.238812885404259e-20,0.008473502203863914
2022-11-02,-0.012229214396580281,7.025630077706069e-17,0.3230931955415751,0.19113974046254126,0.47729356179201987,6.23881288540426e-20,0.008473502203863916
2022-11-03,-0.006104785038256498,1.1188966420050406e-16,0.32309319554157506,0.1911397404625412,0.47729356179201976,6.238812885404259e-20,0.008473502203863914
2022-11-04,0.01593129819969922,7.025630077706069e-17,0.3230931955415751,0.19113974046254123,0.4772935617920198,6.23881288540426e-20,0.008473502203863916
2022-11-07,-0.0009174065313586174,0.02745859574252872,0.3087175463993607,0.1780567938622269,0.47839320414910996,2.5598174303073374e-20,0.03483245558930248
2022-11-08,0.014617226826928363,0.009212252137725344,0.3153426073642994,0.176158898298155,0.4809803953218966,0.0,0.02751809901564904
2022-11-09,-0.008125778889016617,0.0,0.3153426073642994,0.176158898298155,0.4809803953218966,0.0,0.02751809901564904
2022-11-10,0.03812100597979321,0.0,0.3153426073642994,0.176158898298155,0.4809803953218966,0.0,0.02751809901564904
2022-11-11,-0.0037345642656119124,0.420123832295097,0.0884853897201988,0.2337692322276715,0.28771378067090014,0.0,0.39003159738122944
2022-11-14,0.00097742526423803,0.017929059790529125,0.09475529721168104,0.23186996981296215,0.2993729329699471,0.0,0.3740018000054097
2022-11-15,0.006253125445045311,0.32041556137313754,0.25057407171919155,0.17685845840220357,0.4639697198355741,1.5159143223131787e-19,0.1085977500430308
2022-11-16,9.100657548770852e-05,0.07728369467037005,0.31051279076149735,0.16696375118936146,0.4813146954636383,6.886330288028702e-21,0.041208762585502795
2022-11-17,-0.006051478446670273,7.28583859910259e-17,0.3105127907614974,0.1669637511893615,0.48131469546363836,6.886330288028703e-21,0.0412087625855028
2022-11-18,-0.002941622602470151,0.0,0.3105127907614974,0.1669637511893615,0.48131469546363836,6.886330288028703e-21,0.0412087625855028
2022-11-21,-0.002688499073370187,0.013329951723641743,0.3063689688518712,0.15777762137534596,0.48287099628083074,0.0,0.05298241349195217
2022-11-22,0.006600580888620118,0.0,0.3063689688518712,0.15777762137534596,0.48287099628083074,0.0,0.05298241349195217
2022-11-23,0.007141264441993432,0.0,0.3063689688518712,0.15777762137534596,0.48287099628083074,0.0,0.05298241349195217
2022-11-25,-0.0001887711237555406,0.0,0.3063689688518712,0.15777762137534596,0.48287099628083074,0.0,0.05298241349195217
2022-11-28,-0.007871186500026165,0.0,0.3063689688518712,0.15777762137534596,0.48287099628083074,0.0,0.05298241349195217
2022-11-29,0.0001756711599212072,0.010654586011785174,0.3017572095501595,0.1531128202154841,0.48149297073061903,0.0,0.06363699950373726
2022-11-30,0.016278492577495442,7.632783294297951e-17,0.30175720955015956,0.15311282021548414,0.4814929707306191,0.0,0.06363699950373727
2022-12-01,0.01274290416740263,1.0408340855860843e-16,0.3017572095501595,0.1531128202154841,0.481492970730619,0.0,0.06363699950373726
2022-12-02,-0.00013171654016056714,0.0031611529543205327,0.29942931708774523,0.15459311967399658,0.48065971023871285,0.0,0.06531785299954546
2022-12-05,-0.015298757417247424,0.0030262964252632182,0.302040180961922,0.1524602755212698,0.48107514278979924,9.402917428601261e-20,0.06442440072700893
2022-12-06,-0.0010194384474438859,0.007996107637637424,0.29816267488843334,0.14834167395712106,0.4811244729190554,2.0453297514023872e-19,0.07237117823539022
2022-12-07,0.007108219159130591,0.0,0.29816267488843334,0.14834167395712106,0.4811244729190554,2.0453297514023872e-19,0.07237117823539022
2022-12-08,0.00210478860793082,0.0,0.29816267488843334,0.14834167395712106,0.4811244729190554,2.0453297514023872e-19,0.07237117823539022
2022-12-09,-0.004227730611405293,0.0,0.29816267488843334,0.14834167395712106,0.4811244729190554,2.0453297514023872e-19,0.07237117823539022
2022-12-12,0.0008497354814541323,0.0,0.29816267488843334,0.14834167395712106,0.4811244729190554,2.0453297514023872e-19,0.07237117823539022
2022-12-13,0.011159357707228569,0.006508119998756445,0.2948456072966386,0.1451506215501594,0.4812216193373975,5.781157443303532e-20,0.07878215181580464
2022-12-14,-0.0028001259295534608,1.0408340855860843e-16,0.29484560729663856,0.14515062155015937,0.4812216193373974,5.78115744330353e-20,0.07878215181580463
2022-12-15,-0.013786995398959723,7.632783294297951e-17,0.2948456072966386,0.1451506215501594,0.48122161933739743,5.781157443303532e-20,0.07878215181580464
2022-12-16,-0.0007721214438571898,1.0408340855860843e-16,0.29484560729663856,0.14515062155015937,0.4812216193373973,5.78115744330353e-20,0.07878215181580463
2022-12-19,-0.0062758736025632185,7.632783294297951e-17,0.2948456072966386,0.1451506215501594,0.4812216193373974,5.781157443303532e-20,0.07878215181580464
2022-12-20,0.005173882431109058,0.00782123286406397,0.2905183075133641,0.1447928577041246,0.4780854501026427,0.0,0.08660338467986858
2022-12-21,0.004133635532078072,0.0,0.2905183075133641,0.1447928577041246,0.4780854501026427,0.0,0.08660338467986858
2022-12-22,-0.00982643467349897,0.0,0.2905183075133641,0.1447928577041246,0.4780854501026427,0.0,0.08660338467986858
2022-12-23,0.0009509103952623295,0.0,0.2905183075133641,0.1447928577041246,0.4780854501026427,0.0,0.08660338467986858
2022-12-27,-9.304494669534844e-06,0.0,0.2905183075133641,0.1447928577041246,0.4780854501026427,0.0,0.08660338467986858
2022-12-28,-0.0062089959765336015,0.00780877529448977,0.28615876514657945,0.14371580554597987,0.4757132693330823,0.0,0.09441215997435834
2022-12-29,0.008873699727351246,0.0,0.28615876514657945,0.14371580554597987,0.4757132693330823,0.0,0.09441215997435834
2022-12-30,-0.00043146053815052766,0.0,0.28615876514657945,0.14371580554597987,0.4757132693330823,0.0,0.09441215997435834
2023-01-03,0.006732692139565297,0.02014862822573705,0.27981417254998675,0.15751103419938728,0.48206666890541194,1.4186244513751424e-19,0.08060812434521401
2023-01-04,0.008568603915265406,0.0,0.27981417254998675,0.15751103419938728,0.48206666890541194,1.4186244513751424e-19,0.08060812434521401
2023-01-05,-0.007819422574348433,0.019316690745852037,0.27522739851017725,0.1752379326501211,0.48365646120053013,2.6512196965468426e-19,0.06587820763917146
2023-01-06,0.017721153310037586,0.0,0.27522739851017725,0.1752379326501211,0.48365646120053013,2.6512196965468426e-19,0.06587820763917146
2023-01-09,0.001461462542375373,0.0,0.27522739851017725,0.1752379326501211,0.48365646120053013,2.6512196965468426e-19,0.06587820763917146
2023-01-10,0.0008553822832037283,0.0,0.27522739851017725,0.1752379326501211,0.48365646120053013,2.6512196965468426e-19,0.06587820763917146
2023-01-11,0.005996726914518755,0.0,0.27522739851017725,0.1752379326501211,0.48365646120053013,2.6512196965468426e-19,0.06587820763917146
2023-01-12,0.009932419063198722,0.019667077481645957,0.27286771258505266,0.192491973834499,0.4860694974977982,2.823113722577462e-19,0.04857081608265011
2023-01-13,0.005070445979304198,0.0,0.27286771258505266,0.192491973834499,0.4860694974977982,2.823113722577462e-19,0.04857081608265011
2023-01-17,-0.0047840752957491375,0.0,0.27286771258505266,0.192491973834499,0.4860694974977982,2.823113722577462e-19,0.04857081608265011
2023-01-18,-0.001039518048403694,0.0,0.27286771258505266,0.192491973834499,0.4860694974977982,2.823113722577462e-19,0.04857081608265011
2023-01-19,0.0043984706388356136,0.0,0.27286771258505266,0.192491973834499,0.4860694974977982,2.823113722577462e-19,0.04857081608265011
2023-01-20,-4.460665174701919e-05,0.019955992626375492,0.2702490570665513,0.20999078409610494,0.48852667986256776,8.060442822669535e-21,0.03123347897477599
2023-01-23,0.0032259208654315,0.0,0.2702490570665513,0.20999078409610494,0.48852667986256776,8.060442822669535e-21,0.03123347897477599
2023-01-24,0.00446328833871539,0.0,0.2702490570665513,0.20999078409610494,0.48852667986256776,8.060442822669535e-21,0.03123347897477599
2023-01-25,0.002757276101061319,0.0,0.2702490570665513,0.20999078409610494,0.48852667986256776,8.060442822669535e-21,0.03123347897477599
2023-01-26,-0.0023505676828401117,0.0,0.2702490570665513,0.20999078409610494,0.48852667986256776,8.060442822669535e-21,0.03123347897477599
2023-01-27,-0.0021938340931696625,0.7297509429334486,0.8,0.0,9.675740531764308e-17,0.19999999999999982,0.0
2023-01-30,-0.014066373124739726,0.0,0.8,0.0,9.675740531764308e-17,0.19999999999999982,0.0
2023-01-31,0.015345638609614597,0.0,0.8,0.0,9.675740531764308e-17,0.19999999999999982,0.0
2023-02-01,0.0028473978576888017,0.0,0.8,0.0,9.675740531764308e-17,0.19999999999999982,0.0
2023-02-02,0.009299921116500333,0.0,0.8,0.0,9.675740531764308e-17,0.19999999999999982,0.0
2023-02-03,-0.015022552339421576,0.0,0.8,0.0,9.675740531764308e-17,0.19999999999999982,0.0
2023-02-06,-0.0014730513547339934,0.0,0.8,0.0,9.675740531764308e-17,0.19999999999999982,0.0
2023-02-07,0.01736384600214102,0.0,0.8,0.0,9.675740531764308e-17,0.19999999999999982,0.0
2023-02-08,-0.00603258658675632,0.0,0.8,0.0,9.675740531764308e-17,0.19999999999999982,0.0
2023-02-09,-0.009148611732806632,0.0,0.8,0.0,9.675740531764308e-17,0.19999999999999982,0.0
2023-02-10,-0.0008740399992769221,0.7546530342211669,0.24534696577883283,0.22765579942193742,0.4545114523623423,2.2520806149321645e-17,0.07248578243688741
2023-02-13,0.0022813389275034806,0.0,0.24534696577883283,0.22765579942193742,0.4545114523623423,2.2520806149321645e-17,0.07248578243688741
2023-02-14,-0.00034624285828252466,0.0,0.24534696577883283,0.22765579942193742,0.4545114523623423,2.2520806149321645e-17,0.07248578243688741
2023-02-15,-0.005314336028027052,0.00411280161593829,0.24945976739477113,0.22558205478430784,0.4528353860248563,0.0,0.07212279179606475
2023-02-16,-0.006898912118494468,0.0,0.24945976739477113,0.22558205478430784,0.4528353860248563,0.0,0.07212279179606475
2023-02-17,0.0025559613185010864,0.01608287437500163,0.2475283190267241,0.23830183578906367,0.4561984793951021,1.688999966411235e-19,0.05797136578911016
2023-02-21,-0.011116709102963421,0.0,0.2475283190267241,0.23830183578906367,0.4561984793951021,1.688999966411235e-19,0.05797136578911016
2023-02-22,-0.0005279959366021321,0.0011756605780476326,0.24641056247103651,0.2391886261834238,0.45614057537274205,0.0,0.05826023597279767
2023-02-23,0.00342680080322185,0.0,0.24641056247103651,0.2391886261834238,0.45614057537274205,0.0,0.05826023597279767
2023-02-24,-0.008591173569302038,0.0,0.24641056247103651,0.2391886261834238,0.45614057537274205,0.0,0.05826023597279767
2023-02-27,0.002959071091465764,0.01314998919370947,0.2382558766741337,0.25058127040671435,0.4511452719759354,3.925666706143512e-20,0.06001758094321658
2023-02-28,0.0024510091955221584,0.003996479135400698,0.24225235580953436,0.24871400623266893,0.44977880996344605,8.009024815856064e-20,0.059254827994350626
2023-03-01,-0.0013178355382961083,0.0,0.24225235580953436,0.24871400623266893,0.44977880996344605,8.009024815856064e-20,0.059254827994350626
2023-03-02,-0.0002208088883366927,0.00465440590648681,0.24690676171602122,0.2468217906957917,0.4478908473154757,1.3390356789009728e-19,0.05838060027271147
2023-03-03,0.014653476245483335,0.01426861050917036,0.26117537222519155,0.24560790889440304,0.4401703134162718,0.0,0.05304640546413364
2023-03-06,-0.00399293881728556,0.009315669235536513,0.26474352899150533,0.2480898433186589,0.43085464418073527,0.0,0.05631198350910051
2023-03-07,-0.013973621668031396,0.40529136723110043,0.6604235775473335,0.09645777300157897,0.23350733077581526,0.00961131867527216,4.990259346122259e-17
2023-03-08,0.0006945975951726206,0.26327457187392966,0.40676032434867615,0.2134082785763746,0.3704817355509022,0.0,0.009349661524047145
2023-03-09,-0.015243228038668215,0.4974409462243798,0.8000000000000003,0.01236370656438667,0.0834350228625575,0.1042012705730557,0.0
2023-03-10,-0.008642986158917444,0.07281986454344881,0.8,3.585910135022539e-18,0.022978864883495535,0.17702113511650447,7.437011211391522e-19
2023-03-13,0.010102715890514431,0.750779340923735,0.2262417941927694,0.2699867466115789,0.44931142454023676,2.0433971661048048e-17,0.05446003465541491
2023-03-14,-0.0033011404353052534,0.0,0.2262417941927694,0.2699867466115789,0.44931142454023676,2.0433971661048048e-17,0.05446003465541491
2023-03-15,0.007886599774139752,0.0,0.2262417941927694,0.2699867466115789,0.44931142454023676,2.0433971661048048e-17,0.05446003465541491
2023-03-16,0.0027074217246797626,0.0,0.2262417941927694,0.2699867466115789,0.44931142454023676,2.0433971661048048e-17,0.05446003465541491
2023-03-17,0.01414470973643558,0.0012631949075810331,0.22750498910035039,0.26929609490794,0.44881898757126903,2.96494177872785e-20,0.054379928420440475
2023-03-20,-0.00013127676446052314,0.03786150966372687,0.247099122771896,0.2564921658891096,0.4237614069263726,0.0,0.0726473044126218
2023-03-21,-0.006949705957801941,0.0014093271536200144,0.24850844992551607,0.25568358656988927,0.4233135330177935,0.0,0.07249443048680128
2023-03-22,0.005834910046960452,1.1796119636642288e-16,0.24850844992551602,0.2556835865698892,0.4233135330177934,0.0,0.07249443048680126
2023-03-23,0.005968924109582764,0.048048856296772496,0.2965573062222886,0.24037307620263362,0.40552601301920715,1.6131829318898953e-19,0.05754360455587068
2023-03-24,-0.00096460741727646,0.04033085552730045,0.33688816174958897,0.2277044066631561,0.39155307007932116,0.0,0.043854361507933655
2023-03-27,-0.010330045262705853,0.11672261203240031,0.2201655497171887,0.27566822469280583,0.43785683115776497,8.061498540768074e-20,0.0663093944322405
2023-03-28,0.0033668310833945016,0.0019035414998982703,0.2182620082172905,0.27678301718294784,0.4384757861389124,0.0,0.06647918846084937
2023-03-29,0.0006870631378768161,0.004575691267276263,0.22283769948456664,0.2739974008389624,0.4369904073428224,0.0,0.06617449233364843
2023-03-30,0.0062075110256318185,0.0,0.22283769948456664,0.2739974008389624,0.4369904073428224,0.0,0.06617449233364843
2023-03-31,0.005347221053209013,0.014273558269009851,0.23711125775357653,0.2691584614666477,0.4317240137046523,1.2509738276739085e-19,0.062006267075123446
2023-04-03,0.005135879741331774,0.014421919272541567,0.2382832622797309,0.2778941957295809,0.4362381941881063,5.03964994012497e-20,0.04758434780258189
2023-04-04,0.008513697127414238,0.030258467233042333,0.22244983481595026,0.29239760633284806,0.4519932508178815,8.981703311873797e-20,0.033159308033320234
2023-04-05,0.002077338357789473,0.01549541245875559,0.23794524727470587,0.28332857237620246,0.446171283902687,8.222964819507626e-20,0.032554896446404746
2023-04-06,-0.0011769507042169434,0.0566029269164426,0.29454817419114837,0.26121786950726555,0.4228946747374322,5.607289948757315e-20,0.02133928156415376
2023-04-10,-0.004496611925801383,0.2167506961829835,0.5112988703741319,0.1610398236553929,0.32766130597047516,0.0,0.0
2023-04-11,0.003379799772363818,0.44127649816814973,0.8,1.6288207802626334e-17,0.047424631457718344,0.1525753685422817,0.0
2023-04-12,-0.00010949242871362503,0.0,0.8,1.6288207802626334e-17,0.047424631457718344,0.1525753685422817,0.0
2023-04-13,0.009940112093538279,0.0,0.8,1.6288207802626334e-17,0.047424631457718344,0.1525753685422817,0.0
2023-04-14,-0.0021779439854626922,0.0,0.8,1.6288207802626334e-17,0.047424631457718344,0.1525753685422817,0.0
2023-04-17,1.3954791017968624e-05,0.0,0.8,1.6288207802626334e-17,0.047424631457718344,0.1525753685422817,0.0
2023-04-18,0.000476959926308323,0.0014838765714012179,0.8,0.0,0.04890850802911951,0.15109149197088045,3.0154630591731646e-20
2023-04-19,-0.0034235625814644293,0.0,0.8,0.0,0.04890850802911951,0.15109149197088045,3.0154630591731646e-20
2023-04-20,-0.0077978681273273565,0.002867210790522188,0.8,1.3632531099916894e-19,0.0517757188196417,0.14822428118035827,7.584370958180685e-20
2023-04-21,0.0013229546730406348,0.006563903163312408,0.8,0.0,0.058339621982954115,0.14166037801704587,0.0
2023-04-24,0.0031716520094290522,0.0,0.8,0.0,0.058339621982954115,0.14166037801704587,0.0
2023-04-25,-0.015996790054273617,0.009091636034866867,0.8,0.0,0.049247985948087256,0.15075201405191274,0.0
2023-04-26,-0.008283221543352969,0.014704244270730762,0.8,0.0,0.063952230218818,0.13604776978118197,1.4275897264422507e-19
2023-04-27,0.01692871776462667,0.009111947638207545,0.8,0.0,0.05484028258061044,0.1451597174193895,2.7248270632507646e-20
2023-04-28,0.010570756792638872,0.0,0.8,0.0,0.05484028258061044,0.1451597174193895,2.7248270632507646e-20
2023-05-01,-0.0031259847717372098,0.003012732091710501,0.8,0.0,0.051827550488899955,0.1481724495111,0.0
2023-05-02,-0.01269835316222493,0.042923574501065695,0.8,0.0,0.09475112498996566,0.10524887501003431,8.210691635323038e-19
2023-05-03,-0.0006490973441153089,0.32795468930085137,0.577294185709183,0.0934556451322519,0.32925016915856514,5.0379528108499215e-18,0.0
2023-05-04,-0.0019343729336172338,0.18670072367972468,0.3905934620294583,0.19165591199428378,0.38202442259903674,0.0,0.03572620337722123
2023-05-05,0.00023391996900405925,0.01384351227891584,0.37674994975054243,0.20060037888124227,0.3846281851885935,1.3276419343113958e-20,0.03802148617962178
2023-05-08,-0.002502855409622403,0.06043536700080139,0.3163145827497411,0.22566210821192023,0.39631598208583896,1.2904168210988546e-19,0.0617073269524998
2023-05-09,-0.001772869367872876,0.6158470117616315,0.8,0.0,0.06783840548862748,0.13216159451137255,5.612851253028009e-18
2023-05-10,0.0026490488794483156,0.002364075307635545,0.8,1.0299443607014764e-20,0.06547433018099189,0.13452566981900804,0.0
2023-05-11,-0.0043388403067798915,0.0,0.8,1.0299443607014764e-20,0.06547433018099189,0.13452566981900804,0.0
2023-05-12,-0.003640064486040739,0.0017723557933760348,0.8,8.489468354416897e-22,0.06724668597436798,0.13275331402563206,6.5643960593040785e-21
2023-05-15,0.004871818962970223,0.0,0.8,8.489468354416897e-22,0.06724668597436798,0.13275331402563206,6.5643960593040785e-21
2023-05-16,-0.007241706657091699,0.01989245759422758,0.7999997249820594,3.0796796543571955e-19,0.08713914356859555,0.11286113144934512,2.270331974803571e-19
2023-05-17,0.013126999060981455,0.0,0.7999997249820594,3.0796796543571955e-19,0.08713914356859555,0.11286113144934512,2.270331974803571e-19
2023-05-18,0.0055979092188004915,0.0,0.7999997249820594,3.0796796543571955e-19,0.08713914356859555,0.11286113144934512,2.270331974803571e-19
2023-05-19,-0.0005481862301563211,0.0,0.7999997249820594,3.0796796543571955e-19,0.08713914356859555,0.11286113144934512,2.270331974803571e-19
2023-05-22,0.00013846553413720435,0.0,0.7999997249820594,3.0796796543571955e-19,0.08713914356859555,0.11286113144934512,2.270331974803571e-19
2023-05-23,-0.006239395105459082,0.2785250846126648,0.6203533404867024,0.04388148444868961,0.3217827437325707,0.013982431332037353,1.12491526427349e-19
2023-05-24,-0.00633227054184626,0.11547788696128877,0.6922215916840054,6.7195841066048325e-18,0.25018634121997146,0.05759206709602304,1.993156727963783e-20
2023-05-25,0.0024277857844739455,0.06960033397146782,0.7294146872972629,9.495839295156591e-19,0.18058600724850365,0.08999930545423343,1.3958341172586622e-18
2023-05-26,0.010708197507127221,0.056528765934950494,0.699219359671312,0.0,0.23711477318345417,0.06366586714523385,0.0
2023-05-30,-0.0011612668601371197,0.018349552097734784,0.7090322598766083,1.9509062309287914e-20,0.21876522108571933,0.07220251903767223,3.605206611414925e-20
2023-05-31,-0.007317465482251748,0.1062696842200535,0.7666630859592574,0.0,0.11249553686566588,0.12084137717507679,0.0
