date,gross,turnover,w_SPY,w_TLT,w_GLD,w_USO,w_UUP
2019-01-02,0.003424285198425502,0.6,2.30314219255055e-17,0.5999999999999999,0.4000000000000002,0.0,0.0
2019-01-03,0.01045404005741739,0.0,2.30314219255055e-17,0.5999999999999999,0.4000000000000002,0.0,0.0
2019-01-04,-0.010179588200699972,0.0,2.30314219255055e-17,0.5999999999999999,0.4000000000000002,0.0,0.0
2019-01-07,-0.00038540503359192234,0.0,2.30314219255055e-17,0.5999999999999999,0.4000000000000002,0.0,0.0
2019-01-08,-0.002660328797679612,0.0,2.30314219255055e-17,0.5999999999999999,0.4000000000000002,0.0,0.0
2019-01-09,0.0016284232597186157,0.0,2.30314219255055e-17,0.5999999999999999,0.4000000000000002,0.0,0.0
2019-01-10,-0.006214770581107398,0.0,2.30314219255055e-17,0.5999999999999999,0.4000000000000002,0.0,0.0
2019-01-11,0.0030319132503656915,0.0,2.30314219255055e-17,0.5999999999999999,0.4000000000000002,0.0,0.0
2019-01-14,-0.0012805804430051407,0.0,2.30314219255055e-17,0.5999999999999999,0.4000000000000002,0.0,0.0
2019-01-15,-0.002879059021298324,0.0,2.30314219255055e-17,0.5999999999999999,0.4000000000000002,0.0,0.0
2019-01-16,0.0018798713181028776,0.0,2.30314219255055e-17,0.5999999999999999,0.4000000000000002,0.0,0.0
2019-01-17,-0.0003735513737853414,0.0,2.30314219255055e-17,0.5999999999999999,0.4000000000000002,0.0,0.0
2019-01-18,-0.0067159924340592266,0.0,2.30314219255055e-17,0.5999999999999999,0.4000000000000002,0.0,0.0
2019-01-22,0.0054862569693897795,0.0,2.30314219255055e-17,0.5999999999999999,0.4000000000000002,0.0,0.0
2019-01-23,-0.0008089210955482208,0.0,2.30314219255055e-17,0.5999999999999999,0.4000000000000002,0.0,0.0
2019-01-24,0.0032003213004621733,0.013828237285950378,0.0,0.5861717627140495,0.41382823728595053,0.0,3.7987988202749775e-19
2019-01-25,0.00824494949127382,0.30249637188077405,0.0,0.2836753908332754,0.6,0.11632460916672457,3.682991899249797e-18
2019-01-28,-0.014600041743290791,0.4836753908332753,0.0,1.3586671489299648e-17,0.40000000000000013,0.6,2.1807977867393022e-18
2019-01-29,0.013745483891521193,0.0,0.0,1.3586671489299648e-17,0.40000000000000013,0.6,2.1807977867393022e-18
2019-01-30,0.015193902708689278,0.0,0.0,1.3586671489299648e-17,0.40000000000000013,0.6,2.1807977867393022e-18
2019-01-31,-0.002439069372596747,0.0,0.0,1.3586671489299648e-17,0.40000000000000013,0.6,2.1807977867393022e-18
2019-02-01,0.014000144294582515,0.0,0.0,1.3586671489299648e-17,0.40000000000000013,0.6,2.1807977867393022e-18
2019-02-04,-0.00844174131588229,0.0,0.0,1.3586671489299648e-17,0.40000000000000013,0.6,2.1807977867393022e-18
2019-02-05,-0.009923933548098373,0.0,0.0,1.3586671489299648e-17,0.40000000000000013,0.6,2.1807977867393022e-18
2019-02-06,-0.0005925908793025006,0.9999999999999999,0.5999999999999999,0.3999999999999999,0.0,1.3162563736267973e-16,7.914675859144182e-17
2019-02-07,-0.003075435698500109,0.0,0.5999999999999999,0.3999999999999999,0.0,1.3162563736267973e-16,7.914675859144182e-17
2019-02-08,0.0024400489954872207,0.0,0.5999999999999999,0.3999999999999999,0.0,1.3162563736267973e-16,7.914675859144182e-17
2019-02-11,-0.0012363488699045802,0.0,0.5999999999999999,0.3999999999999999,0.0,1.3162563736267973e-16,7.914675859144182e-17
2019-02-12,0.006698102455074473,0.0,0.5999999999999999,0.3999999999999999,0.0,1.3162563736267973e-16,7.914675859144182e-17
2019-02-13,0.00043439512571628283,0.0,0.5999999999999999,0.3999999999999999,0.0,1.3162563736267973e-16,7.914675859144182e-17
2019-02-14,0.0009481210363709428,0.0,0.5999999999999999,0.3999999999999999,0.0,1.3162563736267973e-16,7.914675859144182e-17
2019-02-15,0.007162678542934354,0.0,0.5999999999999999,0.3999999999999999,0.0,1.3162563736267973e-16,7.914675859144182e-17
2019-02-19,0.0020546802838100845,0.0,0.5999999999999999,0.3999999999999999,0.0,1.3162563736267973e-16,7.914675859144182e-17
2019-02-20,6.462662976183418e-05,0.0,0.5999999999999999,0.3999999999999999,0.0,1.3162563736267973e-16,7.914675859144182e-17
2019-02-21,-0.005709276217428671,0.0,0.5999999999999999,0.3999999999999999,0.0,1.3162563736267973e-16,7.914675859144182e-17
2019-02-22,0.0061033811947421406,0.0,0.5999999999999999,0.3999999999999999,0.0,1.3162563736267973e-16,7.914675859144182e-17
2019-02-25,-0.0003679721452023039,0.0,0.5999999999999999,0.3999999999999999,0.0,1.3162563736267973e-16,7.914675859144182e-17
2019-02-26,0.00155070698749431,0.0,0.5999999999999999,0.3999999999999999,0.0,1.3162563736267973e-16,7.914675859144182e-17
2019-02-27,-0.004789515791408557,0.0,0.5999999999999999,0.3999999999999999,0.0,1.3162563736267973e-16,7.914675859144182e-17
2019-02-28,-0.002478888389941346,0.0,0.5999999999999999,0.3999999999999999,0.0,1.3162563736267973e-16,7.914675859144182e-17
2019-03-01,4.884337630079718e-05,0.0,0.5999999999999999,0.3999999999999999,0.0,1.3162563736267973e-16,7.914675859144182e-17
2019-03-04,0.0009525408763724004,0.0,0.5999999999999999,0.3999999999999999,0.0,1.3162563736267973e-16,7.914675859144182e-17
2019-03-05,2.0567605951727144e-05,0.0,0.5999999999999999,0.3999999999999999,0.0,1.3162563736267973e-16,7.914675859144182e-17
2019-03-06,-0.002165955228446848,0.0,0.5999999999999999,0.3999999999999999,0.0,1.3162563736267973e-16,7.914675859144182e-17
2019-03-07,-0.0024251435161979115,0.0,0.5999999999999999,0.3999999999999999,0.0,1.3162563736267973e-16,7.914675859144182e-17
2019-03-08,0.0004850434317457562,0.0,0.5999999999999999,0.3999999999999999,0.0,1.3162563736267973e-16,7.914675859144182e-17
2019-03-11,0.007516231696853381,0.0,0.5999999999999999,0.3999999999999999,0.0,1.3162563736267973e-16,7.914675859144182e-17
2019-03-12,0.00506752476140364,0.0,0.5999999999999999,0.3999999999999999,0.0,1.3162563736267973e-16,7.914675859144182e-17
2019-03-13,0.0032178821430003195,0.0,0.5999999999999999,0.3999999999999999,0.0,1.3162563736267973e-16,7.914675859144182e-17
2019-03-14,-0.0032731817696328475,0.0,0.5999999999999999,0.3999999999999999,0.0,1.3162563736267973e-16,7.914675859144182e-17
2019-03-15,0.00561001040380482,0.0,0.5999999999999999,0.3999999999999999,0.0,1.3162563736267973e-16,7.914675859144182e-17
2019-03-18,0.0019458233631427298,0.0,0.5999999999999999,0.3999999999999999,0.0,1.3162563736267973e-16,7.914675859144182e-17
2019-03-19,-0.0007390093183460069,0.0,0.5999999999999999,0.3999999999999999,0.0,1.3162563736267973e-16,7.914675859144182e-17
2019-03-20,0.0023786274452290103,0.0,0.5999999999999999,0.3999999999999999,0.0,1.3162563736267973e-16,7.914675859144182e-17
2019-03-21,0.0076567889994276755,0.0,0.5999999999999999,0.3999999999999999,0.0,1.3162563736267973e-16,7.914675859144182e-17
2019-03-22,-0.0053340349691893395,0.0,0.5999999999999999,0.3999999999999999,0.0,1.3162563736267973e-16,7.914675859144182e-17
2019-03-25,0.00018963233001956258,0.0,0.5999999999999999,0.3999999999999999,0.0,1.3162563736267973e-16,7.914675859144182e-17
2019-03-26,0.004184379897387027,0.0,0.5999999999999999,0.3999999999999999,0.0,1.3162563736267973e-16,7.914675859144182e-17
2019-03-27,0.0005435970425440736,0.0,0.5999999999999999,0.3999999999999999,0.0,1.3162563736267973e-16,7.914675859144182e-17
2019-03-28,0.003669909096718004,0.0,0.5999999999999999,0.3999999999999999,0.0,1.3162563736267973e-16,7.914675859144182e-17
2019-03-29,0.003404090731043175,0.0,0.5999999999999999,0.3999999999999999,0.0,1.3162563736267973e-16,7.914675859144182e-17
2019-04-01,0.001433691535293628,0.0,0.5999999999999999,0.3999999999999999,0.0,1.3162563736267973e-16,7.914675859144182e-17
2019-04-02,0.0010339250181355748,0.0,0.5999999999999999,0.3999999999999999,0.0,1.3162563736267973e-16,7.914675859144182e-17
2019-04-03,-0.002523211456927354,0.0,0.5999999999999999,0.3999999999999999,0.0,1.3162563736267973e-16,7.914675859144182e-17
2019-04-04,0.002725442926583853,0.0,0.5999999999999999,0.3999999999999999,0.0,1.3162563736267973e-16,7.914675859144182e-17
2019-04-05,0.0034207774707241366,0.0,0.5999999999999999,0.3999999999999999,0.0,1.3162563736267973e-16,7.914675859144182e-17
2019-04-08,-0.000961539693821842,0.0,0.5999999999999999,0.3999999999999999,0.0,1.3162563736267973e-16,7.914675859144182e-17
2019-04-09,-0.0018125733787738966,0.0,0.5999999999999999,0.3999999999999999,0.0,1.3162563736267973e-16,7.914675859144182e-17
2019-04-10,0.00301447403406887,0.0,0.5999999999999999,0.3999999999999999,0.0,1.3162563736267973e-16,7.914675859144182e-17
2019-04-11,-0.002516112066214538,0.0,0.5999999999999999,0.3999999999999999,0.0,1.3162563736267973e-16,7.914675859144182e-17
2019-04-12,0.0012105825071311305,0.0,0.5999999999999999,0.3999999999999999,0.0,1.3162563736267973e-16,7.914675859144182e-17
2019-04-15,0.0006180322259611286,0.0,0.5999999999999999,0.3999999999999999,0.0,1.3162563736267973e-16,7.914675859144182e-17
2019-04-16,-0.002111464569321784,0.0,0.5999999999999999,0.3999999999999999,0.0,1.3162563736267973e-16,7.914675859144182e-17
2019-04-17,-0.0013043657707944695,0.0,0.5999999999999999,0.3999999999999999,0.0,1.3162563736267973e-16,7.914675859144182e-17
2019-04-18,0.0032752756813573926,0.0,0.5999999999999999,0.3999999999999999,0.0,1.3162563736267973e-16,7.914675859144182e-17
2019-04-22,-0.001403147497516862,0.0,0.5999999999999999,0.3999999999999999,0.0,1.3162563736267973e-16,7.914675859144182e-17
2019-04-23,0.006245459469684179,2.1638119673770777e-16,0.6,0.4,0.0,1.5296396786634395e-20,3.9311006950695304e-20
2019-04-24,0.001931775424550564,0.0,0.6,0.4,0.0,1.5296396786634395e-20,3.9311006950695304e-20
2019-04-25,-0.0009522237764294283,0.0,0.6,0.4,0.0,1.5296396786634395e-20,3.9311006950695304e-20
2019-04-26,0.004155693949976636,0.0,0.6,0.4,0.0,1.5296396786634395e-20,3.9311006950695304e-20
2019-04-29,-0.001611694966612021,0.0,0.6,0.4,0.0,1.5296396786634395e-20,3.9311006950695304e-20
2019-04-30,0.0023547408726262375,0.0,0.6,0.4,0.0,1.5296396786634395e-20,3.9311006950695304e-20
2019-05-01,-0.0028597922791806507,0.0,0.6,0.4,0.0,1.5296396786634395e-20,3.9311006950695304e-20
2019-05-02,-0.0032003834009289855,0.0,0.6,0.4,0.0,1.5296396786634395e-20,3.9311006950695304e-20
2019-05-03,0.007008276355989507,0.0,0.6,0.4,0.0,1.5296396786634395e-20,3.9311006950695304e-20
2019-05-06,-0.0013696598253684297,0.0,0.6,0.4,0.0,1.5296396786634395e-20,3.9311006950695304e-20
2019-05-07,-0.0069548059755555995,0.0,0.6,0.4,0.0,1.5296396786634395e-20,3.9311006950695304e-20
2019-05-08,-0.0025626480888056194,0.0,0.6,0.4,0.0,1.5296396786634395e-20,3.9311006950695304e-20
2019-05-09,-0.00017594795700246434,0.0,0.6,0.4,0.0,1.5296396786634395e-20,3.9311006950695304e-20
2019-05-10,0.0024700354370878587,0.0,0.6,0.4,0.0,1.5296396786634395e-20,3.9311006950695304e-20
2019-05-13,-0.01193581567730324,0.0,0.6,0.4,0.0,1.5296396786634395e-20,3.9311006950695304e-20
2019-05-14,0.0013719564042215869,0.24460649402057952,0.3553935059794205,0.6000000000000001,0.04460649402057949,1.725828612726922e-18,8.384409314462584e-19
2019-05-15,0.005971529180776303,0.2446064940205796,0.6000000000000001,0.39999999999999997,1.6533386207828822e-17,8.610557666597152e-18,5.5506158364452816e-18
2019-05-16,0.004224850620944887,5.551115123125783e-17,0.6,0.39999999999999997,1.6533386207828822e-17,8.610557666597152e-18,5.5506158364452816e-18
2019-05-17,-0.0029881349304575976,0.0,0.6,0.39999999999999997,1.6533386207828822e-17,8.610557666597152e-18,5.5506158364452816e-18
2019-05-20,-0.004792923389464155,0.0,0.6,0.39999999999999997,1.6533386207828822e-17,8.610557666597152e-18,5.5506158364452816e-18
2019-05-21,0.004773220978144588,0.0,0.6,0.39999999999999997,1.6533386207828822e-17,8.610557666597152e-18,5.5506158364452816e-18
2019-05-22,0.0004515277285599855,0.0,0.6,0.39999999999999997,1.6533386207828822e-17,8.610557666597152e-18,5.5506158364452816e-18
2019-05-23,-0.0028322368270766295,0.0,0.6,0.39999999999999997,1.6533386207828822e-17,8.610557666597152e-18,5.5506158364452816e-18
2019-05-24,0.0009459127436628469,0.6000000000000001,5.077730715270226e-17,0.6,0.4000000000000001,0.0,0.0
2019-05-28,0.0014017828990009686,0.252129532794797,0.252129532794797,0.6000000000000001,0.14787046720520308,0.0,0.0
2019-05-29,0.0019510437814028061,0.25212953279479716,0.0,0.5999999999999999,0.39999999999999997,2.287447281495874e-18,2.4025920142278773e-16
2019-05-30,0.007872882952792046,0.0,0.0,0.5999999999999999,0.39999999999999997,2.287447281495874e-18,2.4025920142278773e-16
2019-05-31,0.012901831108301516,0.0,0.0,0.5999999999999999,0.39999999999999997,2.287447281495874e-18,2.4025920142278773e-16
2019-06-03,0.009786612294336814,0.0,0.0,0.5999999999999999,0.39999999999999997,2.287447281495874e-18,2.4025920142278773e-16
2019-06-04,-0.006712797125491975,0.0,0.0,0.5999999999999999,0.39999999999999997,2.287447281495874e-18,2.4025920142278773e-16
2019-06-05,-0.00236828784090166,0.0,0.0,0.5999999999999999,0.39999999999999997,2.287447281495874e-18,2.4025920142278773e-16
2019-06-06,0.00324266292598203,0.0,0.0,0.5999999999999999,0.39999999999999997,2.287447281495874e-18,2.4025920142278773e-16
2019-06-07,0.007447094883844227,0.0,0.0,0.5999999999999999,0.39999999999999997,2.287447281495874e-18,2.4025920142278773e-16
2019-06-10,-0.009628887166159082,0.0,0.0,0.5999999999999999,0.39999999999999997,2.287447281495874e-18,2.4025920142278773e-16
2019-06-11,-0.00011110459041967495,0.0,0.0,0.5999999999999999,0.39999999999999997,2.287447281495874e-18,2.4025920142278773e-16
2019-06-12,0.0025367014703087335,0.0,0.0,0.5999999999999999,0.39999999999999997,2.287447281495874e-18,2.4025920142278773e-16
2019-06-13,0.004513748349592993,0.0,0.0,0.5999999999999999,0.39999999999999997,2.287447281495874e-18,2.4025920142278773e-16
2019-06-14,0.0013835806648587311,0.0,0.0,0.5999999999999999,0.39999999999999997,2.287447281495874e-18,2.4025920142278773e-16
2019-06-17,0.0007968683928208707,0.0,0.0,0.5999999999999999,0.39999999999999997,2.287447281495874e-18,2.4025920142278773e-16
2019-06-18,0.005031295611802378,0.0,0.0,0.5999999999999999,0.39999999999999997,2.287447281495874e-18,2.4025920142278773e-16
2019-06-19,0.0032844336214035135,0.0,0.0,0.5999999999999999,0.39999999999999997,2.287447281495874e-18,2.4025920142278773e-16
2019-06-20,0.011655159014630143,0.0,0.0,0.5999999999999999,0.39999999999999997,2.287447281495874e-18,2.4025920142278773e-16
2019-06-21,-0.003937559044431382,0.0,0.0,0.5999999999999999,0.39999999999999997,2.287447281495874e-18,2.4025920142278773e-16
2019-06-24,0.010414097018250645,0.0,0.0,0.5999999999999999,0.39999999999999997,2.287447281495874e-18,2.4025920142278773e-16
2019-06-25,0.002634238910541109,0.0,0.0,0.5999999999999999,0.39999999999999997,2.287447281495874e-18,2.4025920142278773e-16
2019-06-26,-0.007505682921965272,0.0,0.0,0.5999999999999999,0.39999999999999997,2.287447281495874e-18,2.4025920142278773e-16
2019-06-27,0.0038369726248482995,0.0,0.0,0.5999999999999999,0.39999999999999997,2.287447281495874e-18,2.4025920142278773e-16
2019-06-28,0.0028167530302557245,0.5999999999999998,0.5999999999999998,0.40000000000000013,1.0915367812503137e-16,1.3606511010203196e-19,0.0
2019-07-01,0.004511262484352137,0.0,0.5999999999999998,0.40000000000000013,1.0915367812503137e-16,1.3606511010203196e-19,0.0
2019-07-02,0.00464805767704273,0.0,0.5999999999999998,0.40000000000000013,1.0915367812503137e-16,1.3606511010203196e-19,0.0
2019-07-03,0.007648807416900815,0.0,0.5999999999999998,0.40000000000000013,1.0915367812503137e-16,1.3606511010203196e-19,0.0
2019-07-05,-0.005988166684051268,0.0,0.5999999999999998,0.40000000000000013,1.0915367812503137e-16,1.3606511010203196e-19,0.0
2019-07-08,-0.0027529303700255074,0.0,0.5999999999999998,0.40000000000000013,1.0915367812503137e-16,1.3606511010203196e-19,0.0
2019-07-09,0.000597089563654052,0.0,0.5999999999999998,0.40000000000000013,1.0915367812503137e-16,1.3606511010203196e-19,0.0
2019-07-10,0.0006639572542427529,0.0,0.5999999999999998,0.40000000000000013,1.0915367812503137e-16,1.3606511010203196e-19,0.0
2019-07-11,-0.003933288700397999,0.0,0.5999999999999998,0.40000000000000013,1.0915367812503137e-16,1.3606511010203196e-19,0.0
2019-07-12,0.003147368605711209,0.0,0.5999999999999998,0.40000000000000013,1.0915367812503137e-16,1.3606511010203196e-19,0.0
2019-07-15,0.0025032376370683015,0.0,0.5999999999999998,0.40000000000000013,1.0915367812503137e-16,1.3606511010203196e-19,0.0
2019-07-16,-0.0031263304823674794,0.0,0.5999999999999998,0.40000000000000013,1.0915367812503137e-16,1.3606511010203196e-19,0.0
2019-07-17,0.00023625781045877748,0.0,0.5999999999999998,0.40000000000000013,1.0915367812503137e-16,1.3606511010203196e-19,0.0
2019-07-18,0.0022268171631066656,0.0,0.5999999999999998,0.40000000000000013,1.0915367812503137e-16,1.3606511010203196e-19,0.0
2019-07-19,-0.004272352840769789,0.0,0.5999999999999998,0.40000000000000013,1.0915367812503137e-16,1.3606511010203196e-19,0.0
2019-07-22,0.0022332419893781536,0.0,0.5999999999999998,0.40000000000000013,1.0915367812503137e-16,1.3606511010203196e-19,0.0
2019-07-23,0.00210712138781339,0.0,0.5999999999999998,0.40000000000000013,1.0915367812503137e-16,1.3606511010203196e-19,0.0
2019-07-24,0.00455714567143195,0.0,0.5999999999999998,0.40000000000000013,1.0915367812503137e-16,1.3606511010203196e-19,0.0
2019-07-25,-0.004778239553323638,0.0,0.5999999999999998,0.40000000000000013,1.0915367812503137e-16,1.3606511010203196e-19,0.0
2019-07-26,0.004965384786744396,0.0,0.5999999999999998,0.40000000000000013,1.0915367812503137e-16,1.3606511010203196e-19,0.0
2019-07-29,-0.0009709111072984988,0.0,0.5999999999999998,0.40000000000000013,1.0915367812503137e-16,1.3606511010203196e-19,0.0
2019-07-30,-0.0004997675394800213,0.0,0.5999999999999998,0.40000000000000013,1.0915367812503137e-16,1.3606511010203196e-19,0.0
2019-07-31,-0.003347804308024014,0.0,0.5999999999999998,0.40000000000000013,1.0915367812503137e-16,1.3606511010203196e-19,0.0
2019-08-01,0.0027193785754285283,0.0,0.5999999999999998,0.40000000000000013,1.0915367812503137e-16,1.3606511010203196e-19,0.0
2019-08-02,0.004020175395265106,0.5999999999999992,5.508597084007793e-16,0.5999999999999996,0.39999999999999974,0.0,0.0
2019-08-05,0.015965507398462205,0.0,5.508597084007793e-16,0.5999999999999996,0.39999999999999974,0.0,0.0
2019-08-06,0.008047191030360737,0.0,5.508597084007793e-16,0.5999999999999996,0.39999999999999974,0.0,0.0
2019-08-07,0.006290289651137778,0.0,5.508597084007793e-16,0.5999999999999996,0.39999999999999974,0.0,0.0
2019-08-08,0.0032994003939193026,0.0,5.508597084007793e-16,0.5999999999999996,0.39999999999999974,0.0,0.0
2019-08-09,-0.002523720295898848,0.0,5.508597084007793e-16,0.5999999999999996,0.39999999999999974,0.0,0.0
2019-08-12,0.01638930821353684,0.0,5.508597084007793e-16,0.5999999999999996,0.39999999999999974,0.0,0.0
2019-08-13,-0.004440219035704407,0.0,5.508597084007793e-16,0.5999999999999996,0.39999999999999974,0.0,0.0
2019-08-14,0.01625379616105162,0.0,5.508597084007793e-16,0.5999999999999996,0.39999999999999974,0.0,0.0
2019-08-15,0.009333998009974294,0.0,5.508597084007793e-16,0.5999999999999996,0.39999999999999974,0.0,0.0
2019-08-16,-0.007366935870969869,0.0,5.508597084007793e-16,0.5999999999999996,0.39999999999999974,0.0,0.0
2019-08-19,-0.013259938788439993,0.0,5.508597084007793e-16,0.5999999999999996,0.39999999999999974,0.0,0.0
2019-08-20,0.009324648944883485,0.0,5.508597084007793e-16,0.5999999999999996,0.39999999999999974,0.0,0.0
2019-08-21,-0.005264990303251641,0.0,5.508597084007793e-16,0.5999999999999996,0.39999999999999974,0.0,0.0
2019-08-22,-0.005000055518249266,0.0,5.508597084007793e-16,0.5999999999999996,0.39999999999999974,0.0,0.0
2019-08-23,0.017696645819942233,0.0,5.508597084007793e-16,0.5999999999999996,0.39999999999999974,0.0,0.0
2019-08-26,-0.0023699610290189113,0.0,5.508597084007793e-16,0.5999999999999996,0.39999999999999974,0.0,0.0
2019-08-27,0.01307388553684431,0.0,5.508597084007793e-16,0.5999999999999996,0.39999999999999974,0.0,0.0
2019-08-28,-0.00035435767027518076,0.0,5.508597084007793e-16,0.5999999999999996,0.39999999999999974,0.0,0.0
2019-08-29,-0.005139192918297886,0.0,5.508597084007793e-16,0.5999999999999996,0.39999999999999974,0.0,0.0
2019-08-30,-0.0008637294962901885,0.0,5.508597084007793e-16,0.5999999999999996,0.39999999999999974,0.0,0.0
2019-09-03,0.006340509538363552,0.0,5.508597084007793e-16,0.5999999999999996,0.39999999999999974,0.0,0.0
2019-09-04,0.0033939027249009473,0.0,5.508597084007793e-16,0.5999999999999996,0.39999999999999974,0.0,0.0
2019-09-05,-0.020466463029340104,0.0,5.508597084007793e-16,0.5999999999999996,0.39999999999999974,0.0,0.0
2019-09-06,0.0008597144194840926,0.0,5.508597084007793e-16,0.5999999999999996,0.39999999999999974,0.0,0.0
2019-09-09,-0.012152982871969635,0.0,5.508597084007793e-16,0.5999999999999996,0.39999999999999974,0.0,0.0
2019-09-10,-0.01214586112909668,0.20000000000000012,0.0,0.4000000000000001,0.5999999999999999,1.5137412935876675e-18,1.4838450580802957e-18
2019-09-11,-0.012599533567719787,0.5999999999999999,0.0,0.0,0.40000000000000013,0.6,1.7337839909340781e-18
2019-09-12,-0.009965128636544994,0.0,0.0,0.0,0.40000000000000013,0.6,1.7337839909340781e-18
2019-09-13,-0.004881018136792826,0.0,0.0,0.0,0.40000000000000013,0.6,1.7337839909340781e-18
2019-09-16,0.07624143639545128,0.0,0.0,0.0,0.40000000000000013,0.6,1.7337839909340781e-18
2019-09-17,-0.02446078681420256,0.0,0.0,0.0,0.40000000000000013,0.6,1.7337839909340781e-18
2019-09-18,-0.011789936015680104,0.0,0.0,0.0,0.40000000000000013,0.6,1.7337839909340781e-18
2019-09-19,0.006083101339651665,0.0,0.0,0.0,0.40000000000000013,0.6,1.7337839909340781e-18
2019-09-20,0.0052204121866517034,0.0,0.0,0.0,0.40000000000000013,0.6,1.7337839909340781e-18
2019-09-23,0.002730368075807466,0.0,0.0,0.0,0.40000000000000013,0.6,1.7337839909340781e-18
2019-09-24,-0.013118668482437899,0.0,0.0,0.0,0.40000000000000013,0.6,1.7337839909340781e-18
2019-09-25,-0.012460139879248813,0.0,0.0,0.0,0.40000000000000013,0.6,1.7337839909340781e-18
2019-09-26,-0.00011283520949123553,0.0,0.0,0.0,0.40000000000000013,0.6,1.7337839909340781e-18
2019-09-27,-0.009178033049864932,0.0,0.0,0.0,0.40000000000000013,0.6,1.7337839909340781e-18
2019-09-30,-0.022676667209645965,0.0,0.0,0.0,0.40000000000000013,0.6,1.7337839909340781e-18
2019-10-01,-0.005747412182004207,0.0,0.0,0.0,0.40000000000000013,0.6,1.7337839909340781e-18
2019-10-02,-0.006590602339132132,0.0,0.0,0.0,0.40000000000000013,0.6,1.7337839909340781e-18
2019-10-03,-0.0006955891537635307,0.024696449549217264,2.5874217925670808e-20,0.0,0.4246964495492173,0.5753035504507826,0.0
2019-10-04,0.0029531603096362626,0.5753035504507826,0.0,0.4000000000000003,0.5999999999999998,0.0,0.0
2019-10-07,-0.008383718946522657,0.19999999999999965,0.0,0.6,0.40000000000000013,0.0,0.0
2019-10-08,0.005112983878217438,0.0,0.0,0.6,0.40000000000000013,0.0,0.0
2019-10-09,-0.003022532608460815,0.0,0.0,0.6,0.40000000000000013,0.0,0.0
2019-10-10,-0.012428361338899576,0.0,0.0,0.6,0.40000000000000013,0.0,0.0
2019-10-11,-0.009641743722997021,0.0,0.0,0.6,0.40000000000000013,0.0,0.0
2019-10-14,0.0059572195366859315,0.0,0.0,0.6,0.40000000000000013,0.0,0.0
2019-10-15,-0.010040939481861244,0.0,0.0,0.6,0.40000000000000013,0.0,0.0
2019-10-16,0.003021774219205976,0.0,0.0,0.6,0.40000000000000013,0.0,0.0
2019-10-17,0.0007976761167223245,0.6000000000000003,0.6000000000000002,0.3999999999999998,0.0,0.0,0.0
2019-10-18,-0.0026262981885259553,1.1102230246251565e-16,0.6000000000000001,0.3999999999999999,0.0,0.0,0.0
2019-10-21,0.0010583692869095005,2.7755575615628914e-17,0.6000000000000001,0.39999999999999997,0.0,0.0,0.0
2019-10-22,0.00037874327514033626,5.551115123125783e-17,0.6,0.39999999999999997,0.0,0.0,0.0
2019-10-23,0.0021477938331463165,0.0,0.6,0.39999999999999997,0.0,0.0,0.0
2019-10-24,0.00017731679011228079,0.0,0.6,0.39999999999999997,0.0,0.0,0.0
2019-10-25,0.0005029954734894651,0.0,0.6,0.39999999999999997,0.0,0.0,0.0
2019-10-28,-0.0002565451210180033,0.0,0.6,0.39999999999999997,0.0,0.0,0.0
2019-10-29,8.451438826648778e-05,0.0,0.6,0.39999999999999997,0.0,0.0,0.0
2019-10-30,0.007693938734004611,0.0,0.6,0.39999999999999997,0.0,0.0,0.0
2019-10-31,0.0037980658641800997,0.0,0.6,0.39999999999999997,0.0,0.0,0.0
2019-11-01,0.004327006423484691,0.0,0.6,0.39999999999999997,0.0,0.0,0.0
2019-11-04,-0.0028540060900002382,0.0,0.6,0.39999999999999997,0.0,0.0,0.0
2019-11-05,-0.005162182372079571,0.0,0.6,0.39999999999999997,0.0,0.0,0.0
2019-11-06,0.00255746987068326,0.0,0.6,0.39999999999999997,0.0,0.0,0.0
2019-11-07,-0.005137476244206818,0.0,0.6,0.39999999999999997,0.0,0.0,0.0
2019-11-08,-0.0002034282252788343,0.0,0.6,0.39999999999999997,0.0,0.0,0.0
2019-11-11,-0.0008788141278440963,0.0,0.6,0.39999999999999997,0.0,0.0,0.0
2019-11-12,0.003101698827850363,0.0,0.6,0.39999999999999997,0.0,0.0,0.0
2019-11-13,0.002789879381417748,0.0,0.6,0.39999999999999997,0.0,0.0,0.0
2019-11-14,0.005005063247311892,0.0,0.6,0.39999999999999997,0.0,0.0,0.0
2019-11-15,0.003907020859264465,0.0,0.6,0.39999999999999997,0.0,0.0,0.0
2019-11-18,0.0011684139054271457,0.0,0.6,0.39999999999999997,0.0,0.0,0.0
2019-11-19,0.0031601572984680136,0.0,0.6,0.39999999999999997,0.0,0.0,0.0
2019-11-20,0.0019078647952158745,0.0,0.6,0.39999999999999997,0.0,0.0,0.0
2019-11-21,-0.003469082997370165,0.0,0.6,0.39999999999999997,0.0,0.0,0.0
2019-11-22,0.0018497235824416868,0.0,0.6,0.39999999999999997,0.0,0.0,0.0
2019-11-25,0.005822333111651278,0.0,0.6,0.39999999999999997,0.0,0.0,0.0
2019-11-26,0.0036968880877720433,0.0,0.6,0.39999999999999997,0.0,0.0,0.0
2019-11-27,0.001512844624673404,0.0,0.6,0.39999999999999997,0.0,0.0,0.0
2019-11-29,-0.003078134153151035,0.0,0.6,0.39999999999999997,0.0,0.0,0.0
2019-12-02,-0.010430055412868944,0.0,0.6,0.39999999999999997,0.0,0.0,0.0
2019-12-03,0.004362940427164919,0.0,0.6,0.39999999999999997,0.0,0.0,0.0
2019-12-04,-0.0002919596219244534,0.0,0.6,0.39999999999999997,0.0,0.0,0.0
2019-12-05,-0.000866871090453669,0.0,0.6,0.39999999999999997,0.0,0.0,0.0
2019-12-06,0.0032667653606230918,0.0,0.6,0.39999999999999997,0.0,0.0,0.0
2019-12-09,-0.001019447658377537,0.0,0.6,0.39999999999999997,0.0,0.0,0.0
2019-12-10,-0.0006401880792259229,0.0,0.6,0.39999999999999997,0.0,0.0,0.0
2019-12-11,0.004847825368238912,0.0,0.6,0.39999999999999997,0.0,0.0,0.0
2019-12-12,-0.0014117658155424978,0.0,0.6,0.39999999999999997,0.0,0.0,0.0
2019-12-13,0.004986346570811806,0.0,0.6,0.39999999999999997,0.0,0.0,0.0
2019-12-16,0.0005262642943163701,0.0,0.6,0.39999999999999997,0.0,0.0,0.0
2019-12-17,-0.00042023833377431426,0.0,0.6,0.39999999999999997,0.0,0.0,0.0
2019-12-18,-0.0032471831157159675,0.0,0.6,0.39999999999999997,0.0,0.0,0.0
2019-12-19,0.0030993456653578113,0.0,0.6,0.39999999999999997,0.0,0.0,0.0
2019-12-20,0.003157917005786004,0.0,0.6,0.39999999999999997,0.0,0.0,0.0
2019-12-23,0.00033153658668290127,0.0,0.6,0.39999999999999997,0.0,0.0,0.0
2019-12-24,0.0011617224900164925,0.0,0.6,0.39999999999999997,0.0,0.0,0.0
2019-12-26,0.004158474679889812,0.0,0.6,0.39999999999999997,0.0,0.0,0.0
2019-12-27,0.0002890986460140965,0.0,0.6,0.39999999999999997,0.0,0.0,0.0
2019-12-30,-0.004764385000450955,0.0,0.6,0.39999999999999997,0.0,0.0,0.0
2019-12-31,-0.0024601475674875584,0.0,0.6,0.39999999999999997,0.0,0.0,0.0
2020-01-02,0.010128451240905001,0.0,0.6,0.39999999999999997,0.0,0.0,0.0
2020-01-03,0.001616605848094665,0.0,0.6,0.39999999999999997,0.0,0.0,0.0
2020-01-06,1.7696052054017117e-05,0.0,0.6,0.39999999999999997,0.0,0.0,0.0
2020-01-07,-0.0036535043849404087,0.0,0.6,0.39999999999999997,0.0,0.0,0.0
2020-01-08,0.0005536104348480733,0.0,0.6,0.39999999999999997,0.0,0.0,0.0
2020-01-09,0.005472466983798618,0.0,0.6,0.39999999999999997,0.0,0.0,0.0
2020-01-10,0.0018297215900355153,0.0,0.6,0.39999999999999997,0.0,0.0,0.0
2020-01-13,0.002912940652420071,0.0,0.6,0.39999999999999997,0.0,0.0,0.0
2020-01-14,0.0011427468728804511,0.0,0.6,0.39999999999999997,0.0,0.0,0.0
2020-01-15,0.004008524031888471,0.0,0.6,0.39999999999999997,0.0,0.0,0.0
2020-01-16,0.0037310149769388627,0.0,0.6,0.39999999999999997,0.0,0.0,0.0
2020-01-17,-0.0015519790946561859,0.0,0.6,0.39999999999999997,0.0,0.0,0.0
2020-01-21,0.0030274552152476097,0.0,0.6,0.39999999999999997,0.0,0.0,0.0
2020-01-22,0.0014777580675948252,0.0,0.6,0.39999999999999997,0.0,0.0,0.0
2020-01-23,0.003488821202399927,0.0,0.6,0.39999999999999997,0.0,0.0,0.0
2020-01-24,-0.0021003984270011595,0.0,0.6,0.39999999999999997,0.0,0.0,0.0
2020-01-27,-0.003395938532091059,0.0,0.6,0.39999999999999997,0.0,0.0,0.0
2020-01-28,0.011692874958617948,0.3999999999999999,0.6,2.7755575615628914e-17,1.0154504212548155e-18,0.39999999999999997,2.2784125086890596e-18
2020-01-29,0.003416001801903245,0.3999999999999999,0.6,0.39999999999999997,3.651222991984361e-18,2.7755575615628914e-17,0.0
2020-01-30,0.0020026498244872567,0.0,0.6,0.39999999999999997,3.651222991984361e-18,2.7755575615628914e-17,0.0
2020-01-31,-0.007242770701395651,0.0,0.6,0.39999999999999997,3.651222991984361e-18,2.7755575615628914e-17,0.0
2020-02-03,-0.018449206690722794,0.7470736196291078,0.2529263803708922,0.0,0.14707361962910778,0.6000000000000001,5.375603468188718e-19
2020-02-04,-0.008063457793584704,0.25292638037089227,4.163336342344337e-17,0.0,0.39999999999999997,0.6,0.0
2020-02-05,0.015434266709631972,0.0,4.163336342344337e-17,0.0,0.39999999999999997,0.6,0.0
2020-02-06,0.004398348442818811,0.0,4.163336342344337e-17,0.0,0.39999999999999997,0.6,0.0
2020-02-07,-0.007880196124116723,0.0,4.163336342344337e-17,0.0,0.39999999999999997,0.6,0.0
2020-02-10,-0.008045215791561033,0.0,4.163336342344337e-17,0.0,0.39999999999999997,0.6,0.0
2020-02-11,0.004016606379020439,0.1520467949350885,0.15204679493508852,0.0,0.24795320506491147,0.6,0.0
2020-02-12,0.013707813296545128,0.5048289209970931,0.6,0.056875715932181714,0.0,0.3431242840678185,0.0
2020-02-13,0.0008379317582116281,0.2898807037599438,0.6,0.34675641969212545,2.311553458159166e-18,0.053243580307874544,2.987145739339728e-18
2020-02-14,0.0027124265259746766,0.053243580307874544,0.6,0.4,0.0,1.9949319973733282e-17,0.0
2020-02-18,0.0011932712732430687,0.0,0.6,0.4,0.0,1.9949319973733282e-17,0.0
2020-02-19,0.002841212658452053,0.0,0.6,0.4,0.0,1.9949319973733282e-17,0.0
2020-02-20,0.0006685888666313924,0.0,0.6,0.4,0.0,1.9949319973733282e-17,0.0
2020-02-21,-0.002442899107302709,0.0,0.6,0.4,0.0,1.9949319973733282e-17,0.0
2020-02-24,-0.015116440955537203,0.0226158022303593,0.6,0.3773841977696407,0.0,0.022615802230359312,2.0677458744836826e-19
2020-02-25,-0.026144126614328578,0.9773841977696403,0.0,3.8920425028383695e-16,0.3999999999999998,0.5999999999999998,4.2692802629680945e-18
2020-02-26,-0.010367185941298127,0.0,0.0,3.8920425028383695e-16,0.3999999999999998,0.5999999999999998,4.2692802629680945e-18
2020-02-27,-0.024063372935662703,0.0,0.0,3.8920425028383695e-16,0.3999999999999998,0.5999999999999998,4.2692802629680945e-18
2020-02-28,-0.03484278455994003,0.0,0.0,3.8920425028383695e-16,0.3999999999999998,0.5999999999999998,4.2692802629680945e-18
2020-03-02,0.03205180643928774,0.0,0.0,3.8920425028383695e-16,0.3999999999999998,0.5999999999999998,4.2692802629680945e-18
2020-03-03,0.010759233379923884,0.0,0.0,3.8920425028383695e-16,0.3999999999999998,0.5999999999999998,4.2692802629680945e-18
2020-03-04,0.007735888247111745,0.3752216782688991,0.17522167826889892,0.0,0.6,0.22477832173110118,0.0
2020-03-05,0.022917610984093548,0.3999999999999998,0.0,0.39999999999999974,0.5999999999999998,4.954290188786159e-16,2.740741376995906e-18
2020-03-06,0.02411089672007052,0.05933207429480153,0.0,0.4593320742948013,0.5406679257051987,0.0,0.0
2020-03-09,0.013342050948024008,0.0,0.0,0.4593320742948013,0.5406679257051987,0.0,0.0
2020-03-10,-0.03495376552380748,0.0,0.0,0.4593320742948013,0.5406679257051987,0.0,0.0
2020-03-11,-0.01882700541665226,0.0,0.0,0.4593320742948013,0.5406679257051987,0.0,0.0
2020-03-12,-0.018453891814386957,0.005773643148869412,0.0,0.4651057174436707,0.5348942825563293,0.0,6.899128180659033e-19
2020-03-13,-0.026835670742750145,0.0,0.0,0.4651057174436707,0.5348942825563293,0.0,6.899128180659033e-19
2020-03-16,0.02400040637112045,0.0,0.0,0.4651057174436707,0.5348942825563293,0.0,6.899128180659033e-19
2020-03-17,-0.023764034274415122,0.0,0.0,0.4651057174436707,0.5348942825563293,0.0,6.899128180659033e-19
2020-03-18,-0.03689393837684943,0.0,0.0,0.4651057174436707,0.5348942825563293,0.0,6.899128180659033e-19
2020-03-19,0.0025503223812951264,0.0,0.0,0.4651057174436707,0.5348942825563293,0.0,6.899128180659033e-19
2020-03-20,0.042994867590494416,0.0,0.0,0.4651057174436707,0.5348942825563293,0.0,6.899128180659033e-19
2020-03-23,0.042798284368364845,0.0,0.0,0.4651057174436707,0.5348942825563293,0.0,6.899128180659033e-19
2020-03-24,0.01730071523733586,0.0,0.0,0.4651057174436707,0.5348942825563293,0.0,6.899128180659033e-19
2020-03-25,-0.008378771926237927,0.0,0.0,0.4651057174436707,0.5348942825563293,0.0,6.899128180659033e-19
2020-03-26,0.00908472499288171,0.007982988890177345,1.624575388744e-18,0.47308870633384803,0.526911293666152,0.0,0.0
2020-03-27,0.00922402879279015,0.0,1.624575388744e-18,0.47308870633384803,0.526911293666152,0.0,0.0
2020-03-30,-0.0015743872665565264,0.0,1.624575388744e-18,0.47308870633384803,0.526911293666152,0.0,0.0
2020-03-31,-0.02062028699688914,0.0,1.624575388744e-18,0.47308870633384803,0.526911293666152,0.0,0.0
2020-04-01,0.011610544320782235,0.0,1.624575388744e-18,0.47308870633384803,0.526911293666152,0.0,0.0
2020-04-02,0.011466711075228096,0.01725800814746467,2.3102960513534625e-19,0.4903467144813127,0.5096532855186873,3.4511896385650536e-19,0.0
2020-04-03,0.003683249886309505,0.0,2.3102960513534625e-19,0.4903467144813127,0.5096532855186873,3.4511896385650536e-19,0.0
2020-04-06,0.012842364942070797,0.0,2.3102960513534625e-19,0.4903467144813127,0.5096532855186873,3.4511896385650536e-19,0.0
2020-04-07,-0.007863859194175633,0.0,2.3102960513534625e-19,0.4903467144813127,0.5096532855186873,3.4511896385650536e-19,0.0
2020-04-08,-0.008107855953228238,0.0,2.3102960513534625e-19,0.4903467144813127,0.5096532855186873,3.4511896385650536e-19,0.0
2020-04-09,0.013928718269023959,0.011353371658529843,0.0,0.5017000861398425,0.49829991386015743,5.210111812560881e-19,4.744415501793312e-19
2020-04-13,0.0039609243073176585,0.0,0.0,0.5017000861398425,0.49829991386015743,5.210111812560881e-19,4.744415501793312e-19
2020-04-14,0.003798316715442273,0.0,0.0,0.5017000861398425,0.49829991386015743,5.210111812560881e-19,4.744415501793312e-19
2020-04-15,0.01074697062285323,0.0,0.0,0.5017000861398425,0.49829991386015743,5.210111812560881e-19,4.744415501793312e-19
2020-04-16,0.005266682871179981,0.0,0.0,0.5017000861398425,0.49829991386015743,5.210111812560881e-19,4.744415501793312e-19
2020-04-17,-0.01640079404198276,0.0,0.0,0.5017000861398425,0.49829991386015743,5.210111812560881e-19,4.744415501793312e-19
2020-04-20,0.007587161722339702,0.0,0.0,0.5017000861398425,0.49829991386015743,5.210111812560881e-19,4.744415501793312e-19
2020-04-21,0.002916405045308611,0.0,0.0,0.5017000861398425,0.49829991386015743,5.210111812560881e-19,4.744415501793312e-19
2020-04-22,0.004676083072061559,0.0,0.0,0.5017000861398425,0.49829991386015743,5.210111812560881e-19,4.744415501793312e-19
2020-04-23,0.007623732972945109,0.0,0.0,0.5017000861398425,0.49829991386015743,5.210111812560881e-19,4.744415501793312e-19
2020-04-24,-0.0008867823166096899,0.010769983016751083,0.0,0.5124700691565937,0.4875299308434064,0.0,6.491268909801999e-19
2020-04-27,-0.012776223332946705,0.0,0.0,0.5124700691565937,0.4875299308434064,0.0,6.491268909801999e-19
2020-04-28,0.003726476054988094,0.0,0.0,0.5124700691565937,0.4875299308434064,0.0,6.491268909801999e-19
2020-04-29,3.859788030400333e-05,0.0,0.0,0.5124700691565937,0.4875299308434064,0.0,6.491268909801999e-19
2020-04-30,-0.014816576319254537,0.0,0.0,0.5124700691565937,0.4875299308434064,0.0,6.491268909801999e-19
2020-05-01,0.007397152568724995,0.0,0.0,0.5124700691565937,0.4875299308434064,0.0,6.491268909801999e-19
2020-05-04,-0.000701864839162826,0.0,0.0,0.5124700691565937,0.4875299308434064,0.0,6.491268909801999e-19
2020-05-05,-0.0012127829466804948,0.0,0.0,0.5124700691565937,0.4875299308434064,0.0,6.491268909801999e-19
2020-05-06,-0.014536331555972434,0.0,0.0,0.5124700691565937,0.4875299308434064,0.0,6.491268909801999e-19
2020-05-07,0.01604535854316354,0.0,0.0,0.5124700691565937,0.4875299308434064,0.0,6.491268909801999e-19
2020-05-08,-0.009651824992112902,0.00841271375439337,1.3513433040028287e-18,0.520882782910987,0.479117217089013,2.436674219817456e-19,0.0
2020-05-11,-0.0070526473627206595,0.0,1.3513433040028287e-18,0.520882782910987,0.479117217089013,2.436674219817456e-19,0.0
2020-05-12,0.0072099590899944,0.0,1.3513433040028287e-18,0.520882782910987,0.479117217089013,2.436674219817456e-19,0.0
2020-05-13,0.00825468777018286,0.0,1.3513433040028287e-18,0.520882782910987,0.479117217089013,2.436674219817456e-19,0.0
2020-05-14,0.009338151097476632,0.0,1.3513433040028287e-18,0.520882782910987,0.479117217089013,2.436674219817456e-19,0.0
2020-05-15,0.0013643526846793498,0.0,1.3513433040028287e-18,0.520882782910987,0.479117217089013,2.436674219817456e-19,0.0
2020-05-18,-0.015059851064167473,0.0,1.3513433040028287e-18,0.520882782910987,0.479117217089013,2.436674219817456e-19,0.0
2020-05-19,0.006572379382514036,0.0,1.3513433040028287e-18,0.520882782910987,0.479117217089013,2.436674219817456e-19,0.0
2020-05-20,0.0026970358713640143,0.0,1.3513433040028287e-18,0.520882782910987,0.479117217089013,2.436674219817456e-19,0.0
2020-05-21,-0.005682858518401222,0.0,1.3513433040028287e-18,0.520882782910987,0.479117217089013,2.436674219817456e-19,0.0
2020-05-22,0.0059692413427776345,0.007750655596008044,9.007381971649461e-19,0.5286334385069951,0.471366561493005,0.0,1.0407347991861652e-20
2020-05-26,-0.0137891965361159,0.0,9.007381971649461e-19,0.5286334385069951,0.471366561493005,0.0,1.0407347991861652e-20
2020-05-27,4.251402072710125e-06,0.03455265765991197,0.0,0.49408078084708307,0.5059192191529169,0.0,5.857968732923132e-19
2020-05-28,0.0004105639072375716,0.07591765572701462,0.0,0.4181631251200684,0.5818368748799315,0.0,7.034569624454218e-19
2020-05-29,0.02331887711292593,0.5999999999999999,5.710197758884581e-18,0.0,0.4,0.6,3.609247265152089e-18
2020-06-01,0.009724046108565964,0.0,5.710197758884581e-18,0.0,0.4,0.6,3.609247265152089e-18
2020-06-02,0.01686007928542241,0.0,5.710197758884581e-18,0.0,0.4,0.6,3.609247265152089e-18
2020-06-03,-0.006271810243929378,0.0,5.710197758884581e-18,0.0,0.4,0.6,3.609247265152089e-18
2020-06-04,0.01261756861707983,0.0,5.710197758884581e-18,0.0,0.4,0.6,3.609247265152089e-18
2020-06-05,0.02178079769607137,0.0,5.710197758884581e-18,0.0,0.4,0.6,3.609247265152089e-18
2020-06-08,-0.006062552372466711,0.0,5.710197758884581e-18,0.0,0.4,0.6,3.609247265152089e-18
2020-06-09,0.004914171359121466,0.0,5.710197758884581e-18,0.0,0.4,0.6,3.609247265152089e-18
2020-06-10,0.005941032967079751,0.0,5.710197758884581e-18,0.0,0.4,0.6,3.609247265152089e-18
2020-06-11,-0.046571874008553074,0.0,5.710197758884581e-18,0.0,0.4,0.6,3.609247265152089e-18
2020-06-12,-0.004511088776275498,0.6000000000000001,5.4300883492773466e-17,0.5360519476015785,0.4639480523984216,0.0,1.5378025500543856e-17
2020-06-15,0.0117724912116544,0.6,1.0133256496503635e-18,8.497896980828736e-17,0.39999999999999997,0.6,0.0
2020-06-16,0.014480401959180477,0.0,1.0133256496503635e-18,8.497896980828736e-17,0.39999999999999997,0.6,0.0
2020-06-17,-0.00705048655583067,0.0,1.0133256496503635e-18,8.497896980828736e-17,0.39999999999999997,0.6,0.0
2020-06-18,0.012629011360779742,0.0,1.0133256496503635e-18,8.497896980828736e-17,0.39999999999999997,0.6,0.0
2020-06-19,0.011727651354016632,0.0,1.0133256496503635e-18,8.497896980828736e-17,0.39999999999999997,0.6,0.0
2020-06-22,0.01852537617319383,0.0,1.0133256496503635e-18,8.497896980828736e-17,0.39999999999999997,0.6,0.0
2020-06-23,-0.0020151690470609834,0.0,1.0133256496503635e-18,8.497896980828736e-17,0.39999999999999997,0.6,0.0
2020-06-24,-0.032103858019258434,0.0,1.0133256496503635e-18,8.497896980828736e-17,0.39999999999999997,0.6,0.0
2020-06-25,0.0007920484510115794,0.5999999999999998,0.0,0.39999999999999986,0.6,2.6089250422747535e-16,0.0
2020-06-26,-0.006009348160157952,0.3999999999999998,0.12824663152659183,0.0,0.6,0.27175336847340825,1.1999779400325833e-18
2020-06-29,-0.0016714809947923895,0.5999999999999996,3.294424252004908e-16,0.5999999999999995,0.4000000000000001,0.0,0.0
2020-06-30,-0.0011379596177492888,0.0,3.294424252004908e-16,0.5999999999999995,0.4000000000000001,0.0,0.0
2020-07-01,-0.002957507565891568,0.0,3.294424252004908e-16,0.5999999999999995,0.4000000000000001,0.0,0.0
2020-07-02,0.009329843756601617,0.5999999999999999,2.937550791878505e-18,0.0,0.40000000000000013,0.5999999999999999,0.0
2020-07-06,0.006778086116930116,0.0,2.937550791878505e-18,0.0,0.40000000000000013,0.5999999999999999,0.0
2020-07-07,-0.0009979573589110596,0.0,2.937550791878505e-18,0.0,0.40000000000000013,0.5999999999999999,0.0
2020-07-08,0.010612435527084817,0.0,2.937550791878505e-18,0.0,0.40000000000000013,0.5999999999999999,0.0
2020-07-09,-0.01691453157505611,0.0,2.937550791878505e-18,0.0,0.40000000000000013,0.5999999999999999,0.0
2020-07-10,0.012056440740073391,0.0,2.937550791878505e-18,0.0,0.40000000000000013,0.5999999999999999,0.0
2020-07-13,-0.010457736223631973,0.0,2.937550791878505e-18,0.0,0.40000000000000013,0.5999999999999999,0.0
2020-07-14,0.009865409896004127,0.0,2.937550791878505e-18,0.0,0.40000000000000013,0.5999999999999999,0.0
2020-07-15,0.008870575046887019,0.0,2.937550791878505e-18,0.0,0.40000000000000013,0.5999999999999999,0.0
2020-07-16,-0.006443722180836865,0.0,2.937550791878505e-18,0.0,0.40000000000000013,0.5999999999999999,0.0
2020-07-17,0.0020606470753252296,0.0,2.937550791878505e-18,0.0,0.40000000000000013,0.5999999999999999,0.0
2020-07-20,0.002909194127723466,0.17439624639744034,0.17439624639744022,0.0,0.22560375360255983,0.6,0.0
2020-07-21,0.013213607937317694,0.2256037536025598,0.4,7.882877997142431e-18,0.0,0.6,1.0643168352270406e-17
2020-07-22,0.003994134427654476,0.11689338485345754,0.28310661514654245,0.0,0.11689338485345752,0.6,0.0
2020-07-23,-0.008626898035473915,0.02777755997852023,0.25532905516802223,0.0,0.14467094483197776,0.6,0.0
2020-07-24,-0.00020380452239962326,0.027474463313779396,0.28280351848180163,7.208089549635688e-19,0.11719648151819836,0.6,3.9382449015394374e-19
2020-07-27,0.008179789808385695,0.31719648151819846,0.6000000000000001,5.223634708187155e-18,0.0,0.3999999999999999,4.655290412268861e-18
2020-07-28,-0.00878527784570975,2.7755575615628914e-17,0.6000000000000001,5.223634708187156e-18,0.0,0.39999999999999997,4.6552904122688615e-18
2020-07-29,0.007003405280782751,0.36678088801435826,0.6,0.3667808880143582,4.0452615368231726e-18,0.03321911198564184,4.004282559465436e-18
2020-07-30,5.4415770671327034e-05,0.017613958726436816,0.6,0.38439484674079505,2.801570363239907e-19,0.015605153259205057,2.8476759359553286e-19
2020-07-31,0.004569799228105401,0.0,0.6,0.38439484674079505,2.801570363239907e-19,0.015605153259205057,2.8476759359553286e-19
2020-08-03,0.0023809248781475408,0.0,0.6,0.38439484674079505,2.801570363239907e-19,0.015605153259205057,2.8476759359553286e-19
2020-08-04,0.006194803206150177,0.0038023761672228732,0.6,0.3881972229080179,0.0,0.011802777091982153,5.065867703037419e-20
2020-08-05,0.0006701206372069909,0.006673584052866616,0.6,0.3815236388551513,1.8811079506091243e-20,0.018476361144848776,0.0
2020-08-06,0.0061489853100176566,0.005195453227238091,0.5999999999999999,0.3867190920823893,0.0,0.013280907917610727,0.0
2020-08-07,-0.0022921913238133536,8.413408858487514e-17,0.6,0.38671909208238936,0.0,0.013280907917610729,0.0
2020-08-10,0.0002009593518083764,1.1275702593849246e-16,0.5999999999999999,0.38671909208238925,0.0,0.013280907917610725,0.0
2020-08-11,-0.009698517704095074,8.413408858487514e-17,0.6,0.3867190920823893,0.0,0.013280907917610727,0.0
2020-08-12,0.013022050632908665,0.9867190920823893,0.0,0.0,0.4000000000000001,0.6,1.2517985017133758e-18
2020-08-13,0.006305868001279859,0.0,0.0,0.0,0.4000000000000001,0.6,1.2517985017133758e-18
2020-08-14,-0.0031052592711369844,0.0,0.0,0.0,0.4000000000000001,0.6,1.2517985017133758e-18
2020-08-17,0.01738182895873588,0.0,0.0,0.0,0.4000000000000001,0.6,1.2517985017133758e-18
2020-08-18,0.0002882828839460461,0.0,0.0,0.0,0.4000000000000001,0.6,1.2517985017133758e-18
2020-08-19,-0.011449722093513873,0.0,0.0,0.0,0.4000000000000001,0.6,1.2517985017133758e-18
2020-08-20,2.5857608353919547e-05,0.0,0.0,0.0,0.4000000000000001,0.6,1.2517985017133758e-18
2020-08-21,-0.009888506779992378,0.0,0.0,0.0,0.4000000000000001,0.6,1.2517985017133758e-18
2020-08-24,0.0011163626379335763,0.0,0.0,0.0,0.4000000000000001,0.6,1.2517985017133758e-18
2020-08-25,0.011754718140879339,7.920045990006852e-22,0.0,3.615497236719088e-22,0.4000000000000001,0.6,1.2505760422390463e-18
2020-08-26,0.004917592669124861,0.0,0.0,3.615497236719088e-22,0.4000000000000001,0.6,1.2505760422390463e-18
2020-08-27,-0.009668422517605158,0.0,0.0,3.615497236719088e-22,0.4000000000000001,0.6,1.2505760422390463e-18
2020-08-28,0.007930233641745102,0.0,0.0,3.615497236719088e-22,0.4000000000000001,0.6,1.2505760422390463e-18
2020-08-31,-0.0017798592237883823,0.0,0.0,3.615497236719088e-22,0.4000000000000001,0.6,1.2505760422390463e-18
2020-09-01,0.0010647493091498373,0.0,0.0,3.615497236719088e-22,0.4000000000000001,0.6,1.2505760422390463e-18
2020-09-02,-0.0199537292736222,0.0,0.0,3.615497236719088e-22,0.4000000000000001,0.6,1.2505760422390463e-18
2020-09-03,-0.007662348856506785,0.0,0.0,3.615497236719088e-22,0.4000000000000001,0.6,1.2505760422390463e-18
2020-09-04,-0.021770359044421372,0.0,0.0,3.615497236719088e-22,0.4000000000000001,0.6,1.2505760422390463e-18
2020-09-08,-0.03781040851895962,0.0,0.0,3.615497236719088e-22,0.4000000000000001,0.6,1.2505760422390463e-18
2020-09-09,0.01868703751711238,0.0,0.0,3.615497236719088e-22,0.4000000000000001,0.6,1.2505760422390463e-18
2020-09-10,-0.014860923063400101,0.0,0.0,3.615497236719088e-22,0.4000000000000001,0.6,1.2505760422390463e-18
2020-09-11,0.005577159930822173,0.0,0.0,3.615497236719088e-22,0.4000000000000001,0.6,1.2505760422390463e-18
2020-09-14,0.0009380914277243419,0.0,0.0,3.615497236719088e-22,0.4000000000000001,0.6,1.2505760422390463e-18
2020-09-15,0.011960493470916676,0.0,0.0,3.615497236719088e-22,0.4000000000000001,0.6,1.2505760422390463e-18
2020-09-16,0.02686058367654587,0.0,0.0,3.615497236719088e-22,0.4000000000000001,0.6,1.2505760422390463e-18
2020-09-17,0.008884115297472883,0.0,0.0,3.615497236719088e-22,0.4000000000000001,0.6,1.2505760422390463e-18
2020-09-18,-0.002964883651634942,0.0,0.0,3.615497236719088e-22,0.4000000000000001,0.6,1.2505760422390463e-18
2020-09-21,-0.023933030778237142,0.0,0.0,3.615497236719088e-22,0.4000000000000001,0.6,1.2505760422390463e-18
2020-09-22,-0.0044836123928476915,0.0,0.0,3.615497236719088e-22,0.4000000000000001,0.6,1.2505760422390463e-18
2020-09-23,-0.011624481544608024,0.0,0.0,3.615497236719088e-22,0.4000000000000001,0.6,1.2505760422390463e-18
2020-09-24,0.011548154653253428,0.0,0.0,3.615497236719088e-22,0.4000000000000001,0.6,1.2505760422390463e-18
2020-09-25,-0.004297877570109421,0.0,0.0,3.615497236719088e-22,0.4000000000000001,0.6,1.2505760422390463e-18
2020-09-28,0.011219994593262018,0.0,0.0,3.615497236719088e-22,0.4000000000000001,0.6,1.2505760422390463e-18
2020-09-29,-0.01733111191038603,0.0,0.0,3.615497236719088e-22,0.4000000000000001,0.6,1.2505760422390463e-18
2020-09-30,0.010377839414604084,0.0,0.0,3.615497236719088e-22,0.4000000000000001,0.6,1.2505760422390463e-18
2020-10-01,0.004558270869210678,0.6,0.0,0.5999999999999999,0.4,0.0,2.1738644389196192e-16
2020-10-02,-0.002598897247600273,0.0,0.0,0.5999999999999999,0.4,0.0,2.1738644389196192e-16
2020-10-05,-0.00977392999755564,0.0,0.0,0.5999999999999999,0.4,0.0,2.1738644389196192e-16
2020-10-06,-0.0014709302712634822,0.0,0.0,0.5999999999999999,0.4,0.0,2.1738644389196192e-16
2020-10-07,-0.004555935188760805,0.0,0.0,0.5999999999999999,0.4,0.0,2.1738644389196192e-16
2020-10-08,0.004661854358472794,0.0,0.0,0.5999999999999999,0.4,0.0,2.1738644389196192e-16
2020-10-09,0.01280201758376132,0.4171850214660889,0.2171850214660891,0.18281497853391118,0.5999999999999998,1.4880733917960835e-18,1.1443788965009613e-18
2020-10-12,-0.014114880620141075,0.5999999999999999,6.590265636395192e-17,0.0,0.4000000000000001,0.5999999999999999,0.0
2020-10-13,0.002044759734806641,0.0,6.590265636395192e-17,0.0,0.4000000000000001,0.5999999999999999,0.0
2020-10-14,0.012200673925272685,0.0,6.590265636395192e-17,0.0,0.4000000000000001,0.5999999999999999,0.0
2020-10-15,0.0006303113253385954,0.0,6.590265636395192e-17,0.0,0.4000000000000001,0.5999999999999999,0.0
2020-10-16,-0.005947269688756828,0.0,6.590265636395192e-17,0.0,0.4000000000000001,0.5999999999999999,0.0
2020-10-19,-0.0026752988045234344,0.010270897214206261,0.010270897214206213,0.0,0.3897291027857938,0.6,0.0
2020-10-20,0.011582066401726676,0.010270897214206211,8.673617379884035e-19,9.066491033506345e-22,0.4,0.6,0.0
2020-10-21,-0.016720379178998455,0.01184455682731295,0.011844556827312955,0.0,0.3881554431726871,0.6,0.0
2020-10-22,0.005015226628549049,0.0,0.011844556827312955,0.0,0.3881554431726871,0.6,0.0
2020-10-23,-0.013630719788397291,0.0,0.011844556827312955,0.0,0.3881554431726871,0.6,0.0
2020-10-26,-0.017240992396273996,0.014216924759657107,0.026061481586970033,0.0,0.37393851841302994,0.6,3.0649296286875213e-19
2020-10-27,0.008305055603285944,0.27375079673157876,0.07375079673157879,0.0,0.6,0.32624920326842133,0.0
2020-10-28,-0.03776321585925073,0.27780961721078895,0.07780961721078906,1.948794542474208e-18,0.322190382789211,0.6,1.3432810047228494e-18
2020-10-29,-0.007482200979303134,0.6778096172107881,6.294140720475172e-16,0.599999999999999,0.4000000000000001,2.122130760750956e-16,0.0
2020-10-30,-0.004095044065409325,0.0,6.294140720475172e-16,0.599999999999999,0.4000000000000001,2.122130760750956e-16,0.0
2020-11-02,0.008376314135381521,0.0,6.294140720475172e-16,0.599999999999999,0.4000000000000001,2.122130760750956e-16,0.0
2020-11-03,-0.0012101658269742864,0.0,6.294140720475172e-16,0.599999999999999,0.4000000000000001,2.122130760750956e-16,0.0
2020-11-04,0.012792023745505208,0.0,6.294140720475172e-16,0.599999999999999,0.4000000000000001,2.122130760750956e-16,0.0
2020-11-05,0.010235971527681242,0.0,6.294140720475172e-16,0.599999999999999,0.4000000000000001,2.122130760750956e-16,0.0
2020-11-06,-0.006681828845384013,0.0,6.294140720475172e-16,0.599999999999999,0.4000000000000001,2.122130760750956e-16,0.0
2020-11-09,-0.030317531419139808,0.0,6.294140720475172e-16,0.599999999999999,0.4000000000000001,2.122130760750956e-16,0.0
2020-11-10,-0.0011261514103430928,0.11113352598302315,0.0,0.48886647401697675,0.5111335259830233,0.0,8.511392519830989e-19
2020-11-11,-2.4808536715065915e-05,0.4888664740169767,0.01813224655765095,4.6327103695696223e-17,0.5184788446603167,0.46338890878203237,2.3101743819906175e-18
2020-11-12,-0.006421006715072468,0.18154453748470578,0.06306569282438913,0.0,0.33693430717561096,0.6,0.0
2020-11-13,-0.007965020141354941,0.0057380983493805215,0.057327594475008584,0.0,0.34267240552499145,0.6,0.0
2020-11-16,0.015200330647638762,0.0,0.057327594475008584,0.0,0.34267240552499145,0.6,0.0
2020-11-17,-0.00033516421051757927,0.011190969377744567,0.06851856385275311,0.0,0.33148143614724684,0.6,5.498941826030318e-20
2020-11-18,-1.9727229136363728e-05,0.0,0.06851856385275311,0.0,0.33148143614724684,0.6,5.498941826030318e-20
2020-11-19,0.0014830470096880036,0.007252414929120571,0.061266148923632566,4.361927771701924e-19,0.33873385107636744,0.6,5.15534336735462e-19
2020-11-20,0.004318016977947378,0.0,0.061266148923632566,4.361927771701924e-19,0.33873385107636744,0.6,5.15534336735462e-19
2020-11-23,-0.0015169137912618242,0.013153761013561013,0.048112387910071566,4.488510170579764e-19,0.35188761208992847,0.6,1.0504972120249913e-18
2020-11-24,0.022020491507286112,0.0198086032195395,0.06792099112961103,0.0,0.33207900887038894,0.6,1.0767957223739477e-18
2020-11-25,0.0108060150862068,0.034135692966262135,0.10205668409587318,0.0,0.2979433159041268,0.6,0.0
2020-11-27,-0.00560797398757233,0.0,0.10205668409587318,0.0,0.2979433159041268,0.6,0.0
2020-11-30,-0.007245212859589197,0.0,0.10205668409587318,0.0,0.2979433159041268,0.6,0.0
2020-12-01,0.0006100969645638213,0.0,0.10205668409587318,0.0,0.2979433159041268,0.6,0.0
2020-12-02,0.009313881703140852,0.0,0.10205668409587318,0.0,0.2979433159041268,0.6,0.0
2020-12-03,0.007742653210852494,0.0,0.10205668409587318,0.0,0.2979433159041268,0.6,0.0
2020-12-04,0.005986695454306982,0.0,0.10205668409587318,0.0,0.2979433159041268,0.6,0.0
2020-12-07,0.001192017644367539,0.0,0.10205668409587318,0.0,0.2979433159041268,0.6,0.0
2020-12-08,0.0015289250792573466,0.0,0.10205668409587318,0.0,0.2979433159041268,0.6,0.0
2020-12-09,-0.00627296152425676,0.49794331590412677,0.6,8.648870797854535e-19,5.209926108138504e-17,0.39999999999999997,1.9797680378268868e-18
2020-12-10,0.006850894666726812,0.17705293710661774,0.6,0.17705293710661774,4.1872281503165216e-18,0.22294706289338231,3.196242030093151e-18
2020-12-11,0.00015094483752804916,0.15941900567878595,0.6,0.3364719427854037,0.0,0.0635280572145964,0.0
2020-12-14,-0.0032784070346718423,0.011754103941062206,0.6,0.3482260467264659,3.372768465669732e-19,0.05177395327353417,2.3782676591236146e-19
2020-12-15,0.007541417856096327,0.0,0.6,0.3482260467264659,3.372768465669732e-19,0.05177395327353417,2.3782676591236146e-19
2020-12-16,0.0003328777666131679,0.0,0.6,0.3482260467264659,3.372768465669732e-19,0.05177395327353417,2.3782676591236146e-19
2020-12-17,0.0030978165394134035,0.0,0.6,0.3482260467264659,3.372768465669732e-19,0.05177395327353417,2.3782676591236146e-19
2020-12-18,-0.0029398160996658867,0.0,0.6,0.3482260467264659,3.372768465669732e-19,0.05177395327353417,2.3782676591236146e-19
2020-12-21,-0.0020631413450185264,0.0,0.6,0.3482260467264659,3.372768465669732e-19,0.05177395327353417,2.3782676591236146e-19
2020-12-22,-8.656338001099121e-05,0.0,0.6,0.3482260467264659,3.372768465669732e-19,0.05177395327353417,2.3782676591236146e-19
2020-12-23,-0.0008018256280764937,0.0,0.6,0.3482260467264659,3.372768465669732e-19,0.05177395327353417,2.3782676591236146e-19
2020-12-24,0.003986877858209379,0.004957733477148757,0.6,0.34326831324931717,8.466742359763267e-20,0.05673168675068296,0.0
2020-12-28,0.004738621489720908,0.0,0.6,0.34326831324931717,8.466742359763267e-20,0.05673168675068296,0.0
2020-12-29,-0.0012500343075501357,0.0,0.6,0.34326831324931717,8.466742359763267e-20,0.05673168675068296,0.0
2020-12-30,0.0018236552157988486,0.0,0.6,0.34326831324931717,8.466742359763267e-20,0.05673168675068296,0.0
2020-12-31,0.0037300050488929706,0.0049902338124149966,0.6000000000000001,0.33827807943690213,2.9122469722697527e-20,0.061721920563097804,0.0
2021-01-04,-0.009753758065718546,3.122502256758253e-17,0.6000000000000001,0.3382780794369022,2.912246972269753e-20,0.06172192056309781,0.0
2021-01-05,0.004593763045582854,3.122502256758253e-17,0.6000000000000001,0.33827807943690225,2.912246972269754e-20,0.06172192056309782,0.0
2021-01-06,-0.0030479991198710714,5.551115123125783e-17,0.6,0.33827807943690225,2.912246972269754e-20,0.06172192056309782,0.0
2021-01-07,0.00669267957502106,0.0,0.6,0.33827807943690225,2.912246972269754e-20,0.06172192056309782,0.0
2021-01-08,0.003935793724715951,0.0,0.6,0.33827807943690225,2.912246972269754e-20,0.06172192056309782,0.0
2021-01-11,-0.005546060983152994,0.20546304783970273,0.6,0.13281503159719948,1.8602098617273274e-18,0.26718496840280054,0.0
2021-01-12,0.0013710863356829078,0.1847330043692379,0.5999999999999999,0.3175480359664373,3.104946541291393e-19,0.0824519640335627,6.269627796543287e-19
2021-01-13,0.005094756765362801,0.009425957455657157,0.6,0.32697399342209443,2.978370920467829e-19,0.0730260065779056,2.7561363526192703e-19
2021-01-14,-0.004266756610216636,0.0,0.6,0.32697399342209443,2.978370920467829e-19,0.0730260065779056,2.7561363526192703e-19
2021-01-15,-0.004891663641550458,0.0,0.6,0.32697399342209443,2.978370920467829e-19,0.0730260065779056,2.7561363526192703e-19
2021-01-19,0.006613526685587722,0.0,0.6,0.32697399342209443,2.978370920467829e-19,0.0730260065779056,2.7561363526192703e-19
2021-01-20,0.008706878651324563,0.0,0.6,0.32697399342209443,2.978370920467829e-19,0.0730260065779056,2.7561363526192703e-19
2021-01-21,-0.0018087294738971479,0.0,0.6,0.32697399342209443,2.978370920467829e-19,0.0730260065779056,2.7561363526192703e-19
2021-01-22,-0.0021478234343095914,0.0,0.6,0.32697399342209443,2.978370920467829e-19,0.0730260065779056,2.7561363526192703e-19
2021-01-25,0.006965919904956139,0.0,0.6,0.32697399342209443,2.978370920467829e-19,0.0730260065779056,2.7561363526192703e-19
2021-01-26,-0.001849794083585415,0.004450245293506454,0.6,0.32252374812858803,0.0,0.0774762518714121,0.0
2021-01-27,-0.013734985152363545,0.0,0.6,0.32252374812858803,0.0,0.0774762518714121,0.0
2021-01-28,0.00012346330887527115,0.2774762518714121,0.39999999999999997,0.6,8.445641350285848e-17,0.0,6.298628204773689e-18
2021-01-29,-0.013917582863597634,0.3241803415283361,0.6000000000000001,0.27581965847166395,0.0,0.1241803415283359,0.0
2021-02-01,0.011815944575333958,0.1659322930684935,0.6,0.23406770693150653,0.16593229306849355,0.0,0.0
2021-02-02,0.011572718678434273,0.6219880222573309,0.21207968467417565,9.93031327015712e-18,0.2122478693802721,0.5756724459455523,0.0
2021-02-03,0.010086361138494765,0.0680081821909397,0.25576031281066763,0.0,0.14423968718933233,0.6,0.0
2021-02-04,0.006108730261395669,0.011485168800222254,0.2672454816108899,1.9994099202024377e-19,0.1327545183891101,0.6,3.2049332744280716e-19
2021-02-05,0.008461412440033516,0.011606291738669769,0.2556391898722202,0.0,0.1443608101277799,0.6,4.499088621443404e-19
2021-02-08,0.015026385856461788,0.019910098593647722,0.27554928846586785,0.0,0.12445071153413224,0.5999999999999999,0.0
2021-02-09,0.0021109802862320877,0.3019638031706203,0.5775130916364882,6.052327058189855e-19,9.045731835667839e-17,0.42248690836351177,8.920893946369362e-21
2021-02-10,0.0019074405049859574,0.2943812963541137,0.6,0.2718943879906019,1.3067852324543774e-18,0.12810561200939813,2.1807394263339368e-18
2021-02-11,-0.0014247436211904927,0.04375152695502146,0.6,0.31564591494562333,0.0,0.08435408505437665,0.0
2021-02-12,0.0011433219760249472,0.0,0.6,0.31564591494562333,0.0,0.08435408505437665,0.0
2021-02-16,-0.00424875108836672,0.0,0.6,0.31564591494562333,0.0,0.08435408505437665,0.0
2021-02-17,0.0031313740497704574,0.01580298370123407,0.6,0.2998429312443893,0.0,0.10015706875561078,0.0
2021-02-18,-0.00516399654024531,0.010952811143827054,0.6,0.31079574238821633,1.935924415299893e-19,0.08920425761178369,2.940811969700831e-19
2021-02-19,-0.006491855160253494,0.0043221950639848045,0.6,0.3151179374522012,4.5672760907811025e-20,0.08488206254779893,0.0
2021-02-22,-0.0035896764963575124,0.0,0.6,0.3151179374522012,4.5672760907811025e-20,0.08488206254779893,0.0
2021-02-23,0.00230349471093629,0.16045788440222136,0.6000000000000001,0.1546600530499798,9.436710013204574e-19,0.24533994695002018,1.0174608801856896e-18
2021-02-24,0.007663890091733411,0.11263909601559777,0.6,0.26729914906557756,0.0,0.13270085093442252,0.0
2021-02-25,-0.016138125706002034,0.18255473233579528,0.6,0.08474441672978228,0.0,0.3152555832702178,0.0
2021-02-26,-0.01990103111567221,0.3682634101838702,0.31648100654591194,3.793187895683912e-17,0.08351899345408803,0.6,0.0
2021-03-01,-0.0027852495682804583,0.0,0.31648100654591194,3.793187895683912e-17,0.08351899345408803,0.6,0.0
2021-03-02,-0.00984706871725343,0.0,0.31648100654591194,3.793187895683912e-17,0.08351899345408803,0.6,0.0
2021-03-03,0.010909446343923518,0.0,0.31648100654591194,3.793187895683912e-17,0.08351899345408803,0.6,0.0
2021-03-04,0.02340991920086046,0.0,0.31648100654591194,3.793187895683912e-17,0.08351899345408803,0.6,0.0
2021-03-05,0.024959774244754058,0.0,0.31648100654591194,3.793187895683912e-17,0.08351899345408803,0.6,0.0
2021-03-08,-0.01513293923654049,0.0,0.31648100654591194,3.793187895683912e-17,0.08351899345408803,0.6,0.0
2021-03-09,0.0009158643221552883,0.0,0.31648100654591194,3.793187895683912e-17,0.08351899345408803,0.6,0.0
2021-03-10,0.01119987542952353,0.03179096606259471,0.3482719726085067,1.5579012221809018e-19,0.051728027391493375,0.6,1.181271561097847e-19
2021-03-11,0.015283289949990425,0.0,0.3482719726085067,1.5579012221809018e-19,0.051728027391493375,0.6,1.181271561097847e-19
2021-03-12,-0.002903762003091163,0.0,0.3482719726085067,1.5579012221809018e-19,0.051728027391493375,0.6,1.181271561097847e-19
2021-03-15,0.0010868008237834832,0.0,0.3482719726085067,1.5579012221809018e-19,0.051728027391493375,0.6,1.181271561097847e-19
2021-03-16,-0.006220628233213222,0.0,0.3482719726085067,1.5579012221809018e-19,0.051728027391493375,0.6,1.181271561097847e-19
2021-03-17,0.0014202358619469723,0.0,0.3482719726085067,1.5579012221809018e-19,0.051728027391493375,0.6,1.181271561097847e-19
2021-03-18,-0.05123724773227168,0.0,0.3482719726085067,1.5579012221809018e-19,0.051728027391493375,0.6,1.181271561097847e-19
2021-03-19,0.019025113810770114,0.029752001695447505,0.31851997091305917,7.78130993226707e-20,0.08148002908694088,0.6,0.0
2021-03-22,0.0018386266111806715,0.02929400606421717,0.3478139769772764,0.0,0.052186023022723765,0.6,0.0
2021-03-23,-0.03677956171829169,0.0,0.3478139769772764,0.0,0.052186023022723765,0.6,0.0
2021-03-24,0.030728766469597078,0.09796623081025363,0.25364758548082905,0.0,0.15015225383297734,0.5962001606861936,0.0
2021-03-25,-0.017793473725709413,0.10787442088541674,0.26397939628517386,3.869148500333707e-19,0.2476948639140493,0.4883257398007769,4.885614530170673e-19
2021-03-26,0.027860212762438982,0.07639030845611333,0.2565885826034814,9.998509274578508e-20,0.17869536913962844,0.5647160482568903,2.7622627779074444e-19
2021-03-29,0.005148480815122342,0.15377730448706975,0.3750819353474414,0.0,0.02491806465255865,0.6,0.0
2021-03-30,-0.012155622900526039,0.0,0.3750819353474414,0.0,0.02491806465255865,0.6,0.0
2021-03-31,-0.0074568691366871855,0.002515041165570178,0.37759697651301155,0.0,0.022403023486988458,0.6,0.0
2021-04-01,0.023753730100551436,0.0,0.37759697651301155,0.0,0.022403023486988458,0.6,0.0
2021-04-05,-0.016838831457617026,0.008204998552594333,0.3858019750656059,2.7967406881972927e-19,0.014198024934394114,0.6,5.792224382807567e-20
2021-04-06,0.006142435421706656,0.0,0.3858019750656059,2.7967406881972927e-19,0.014198024934394114,0.6,5.792224382807567e-20
2021-04-07,0.002765199831337921,0.0,0.3858019750656059,2.7967406881972927e-19,0.014198024934394114,0.6,5.792224382807567e-20
2021-04-08,0.0013591624839255083,0.006231067093137279,0.3920330421587432,1.5852477402214415e-19,0.007966957841256866,0.6,0.0
2021-04-09,0.00014432102737325274,0.0,0.3920330421587432,1.5852477402214415e-19,0.007966957841256866,0.6,0.0
2021-04-12,0.003933226442873832,0.0,0.3920330421587432,1.5852477402214415e-19,0.007966957841256866,0.6,0.0
2021-04-13,0.00852047746945539,0.007966957841256879,0.4000000000000001,0.0,4.336808689942018e-18,0.6,2.7130086795511154e-19
2021-04-14,0.022401968550074435,0.0,0.4000000000000001,0.0,4.336808689942018e-18,0.6,2.7130086795511154e-19
2021-04-15,0.007549199844898867,0.008461342113971017,0.3915386578860291,0.0,0.008461342113971057,0.6,0.0
2021-04-16,0.00011183074562301693,0.0,0.3915386578860291,0.0,0.008461342113971057,0.6,0.0
2021-04-19,-1.9817377717545924e-05,0.008461342113970993,0.4,0.0,0.0,0.6,5.163170508124331e-21
2021-04-20,-0.010961804267253572,0.0,0.4,0.0,0.0,0.6,5.163170508124331e-21
2021-04-21,-0.003981615266769229,0.1819411240060936,0.5819411240060937,2.979488444898422e-18,5.286137615720924e-19,0.4180588759939064,2.134262292012462e-18
2021-04-22,-0.0024155017021652457,0.018058875993906348,0.6,0.0,1.6618195854877678e-19,0.4,2.3834151730427017e-20
2021-04-23,0.0072182169113875465,0.25162120641243924,0.6,0.25162120641243924,7.675546046002751e-18,0.1483787935875608,1.1949640751983811e-17
2021-04-26,0.00045175359342522936,0.007736345367198287,0.6,0.2593575517796375,3.1535626584711165e-19,0.14064244822036248,0.0
2021-04-27,0.00019998949104699717,0.0,0.6,0.2593575517796375,3.1535626584711165e-19,0.14064244822036248,0.0
2021-04-28,0.0013659972211964985,0.0,0.6,0.2593575517796375,3.1535626584711165e-19,0.14064244822036248,0.0
2021-04-29,0.005415691838132216,0.0,0.6,0.2593575517796375,3.1535626584711165e-19,0.14064244822036248,0.0
2021-04-30,-0.006488041035116949,0.0,0.6,0.2593575517796375,3.1535626584711165e-19,0.14064244822036248,0.0
2021-05-03,0.003757401126678016,0.0,0.6,0.2593575517796375,3.1535626584711165e-19,0.14064244822036248,0.0
2021-05-04,0.0009044619358174809,0.0,0.6,0.2593575517796375,3.1535626584711165e-19,0.14064244822036248,0.0
2021-05-05,-4.298065577590439e-05,0.0,0.6,0.2593575517796375,3.1535626584711165e-19,0.14064244822036248,0.0
2021-05-06,0.004378843956423674,0.007234711519951059,0.6,0.25212284025968645,2.0845451866143728e-19,0.14787715974031357,0.0
2021-05-07,0.0031899578023108647,0.0,0.6,0.25212284025968645,2.0845451866143728e-19,0.14787715974031357,0.0
2021-05-10,-0.008328291914363704,0.0,0.6,0.25212284025968645,2.0845451866143728e-19,0.14787715974031357,0.0
2021-05-11,-0.005485121116277846,0.0,0.6,0.25212284025968645,2.0845451866143728e-19,0.14787715974031357,0.0
2021-05-12,-0.014242947415877758,0.0,0.6,0.25212284025968645,2.0845451866143728e-19,0.14787715974031357,0.0
2021-05-13,6.124979906296964e-05,0.089393071070022,0.6000000000000001,0.16272976918966447,0.0,0.2372702308103355,0.0
2021-05-14,0.014650466449471586,0.08566574497210477,0.6,0.24839551416176925,1.687258667698371e-19,0.15160448583823083,1.46618712569363e-18
2021-05-17,0.0002535759873830408,0.0,0.6,0.24839551416176925,1.687258667698371e-19,0.15160448583823083,1.46618712569363e-18
2021-05-18,-0.0076074925567281675,0.0036189911419932945,0.6,0.25201450530376257,0.0,0.14798549469623756,2.1864388228160725e-19
2021-05-19,-0.006835913478008082,0.0,0.6,0.25201450530376257,0.0,0.14798549469623756,2.1864388228160725e-19
2021-05-20,0.005002316354280432,0.009600105764118697,0.6,0.24241439953964386,2.5803285230860964e-21,0.15758560046035625,1.9168087264096318e-20
2021-05-21,0.004811914355425233,0.0,0.6,0.24241439953964386,2.5803285230860964e-21,0.15758560046035625,1.9168087264096318e-20
2021-05-24,0.011774602602342915,0.0,0.6,0.24241439953964386,2.5803285230860964e-21,0.15758560046035625,1.9168087264096318e-20
2021-05-25,0.0005641677544357294,0.0,0.6,0.24241439953964386,2.5803285230860964e-21,0.15758560046035625,1.9168087264096318e-20
2021-05-26,0.0017559496782423095,0.0,0.6,0.24241439953964386,2.5803285230860964e-21,0.15758560046035625,1.9168087264096318e-20
2021-05-27,0.0005602500428843827,0.0,0.6,0.24241439953964386,2.5803285230860964e-21,0.15758560046035625,1.9168087264096318e-20
2021-05-28,0.00023864292505782956,0.0,0.6,0.24241439953964386,2.5803285230860964e-21,0.15758560046035625,1.9168087264096318e-20
2021-06-01,0.002574290139371594,0.0,0.6,0.24241439953964386,2.5803285230860964e-21,0.15758560046035625,1.9168087264096318e-20
2021-06-02,0.0034438044464965983,0.0,0.6,0.24241439953964386,2.5803285230860964e-21,0.15758560046035625,1.9168087264096318e-20
2021-06-03,-0.0029015727889708702,0.0,0.6,0.24241439953964386,2.5803285230860964e-21,0.15758560046035625,1.9168087264096318e-20
2021-06-04,0.009700370845816972,0.010599160436882749,0.6,0.23181523910276106,0.0,0.16818476089723894,8.440108785228809e-20
2021-06-07,-0.0012590278226300687,0.0,0.6,0.23181523910276106,0.0,0.16818476089723894,8.440108785228809e-20
2021-06-08,0.003927319997500428,0.0,0.6,0.23181523910276106,0.0,0.16818476089723894,8.440108785228809e-20
2021-06-09,9.763639813344105e-05,0.0,0.6,0.23181523910276106,0.0,0.16818476089723894,8.440108785228809e-20
2021-06-10,0.005063151427285856,0.0,0.6,0.23181523910276106,0.0,0.16818476089723894,8.440108785228809e-20
2021-06-11,0.0014615764516142014,0.0,0.6,0.23181523910276106,0.0,0.16818476089723894,8.440108785228809e-20
2021-06-14,0.00044248586763555775,0.0,0.6,0.23181523910276106,0.0,0.16818476089723894,8.440108785228809e-20
2021-06-15,0.0009179039543732827,0.0,0.6,0.23181523910276106,0.0,0.16818476089723894,8.440108785228809e-20
2021-06-16,-0.004337196206143189,0.0,0.6,0.23181523910276106,0.0,0.16818476089723894,8.440108785228809e-20
2021-06-17,0.0008222917474053292,0.0,0.6,0.23181523910276106,0.0,0.16818476089723894,8.440108785228809e-20
2021-06-18,-0.0034520179848310274,0.06896923431535625,0.6,0.1628460047874048,0.0,0.23715399521259517,5.253764104126119e-19
2021-06-21,0.012178397217864494,0.03771929961510817,0.6,0.12512670517229668,1.1127808247119857e-18,0.2748732948277034,3.1578585598791596e-19
2021-06-22,0.0037850909694779264,0.050850232656331165,0.6,0.0742764725159655,0.0,0.32572352748403455,0.0
2021-06-23,-0.00019671248063154968,0.1456487747867587,0.6,0.21992524730272417,0.0,0.18007475269727585,0.0
2021-06-24,0.004337309933804599,0.0,0.6,0.21992524730272417,0.0,0.18007475269727585,0.0
2021-06-25,0.0013288908750432311,0.0,0.6,0.21992524730272417,0.0,0.18007475269727585,0.0
2021-06-28,0.0009264631796789178,0.0,0.6,0.21992524730272417,0.0,0.18007475269727585,0.0
2021-06-29,0.0019629450679457643,0.0,0.6,0.21992524730272417,0.0,0.18007475269727585,0.0
2021-06-30,0.0014481915656370183,0.0,0.6,0.21992524730272417,0.0,0.18007475269727585,0.0
2021-07-01,0.006005894300823501,0.0,0.6,0.21992524730272417,0.0,0.18007475269727585,0.0
2021-07-02,0.007016693742140111,0.008968139115448692,0.6,0.21095710818727548,0.0,0.18904289181272455,1.212977596928555e-19
2021-07-06,-0.0024435361095641183,0.0,0.6,0.21095710818727548,0.0,0.18904289181272455,1.212977596928555e-19
2021-07-07,-0.0007082244796812313,0.0,0.6,0.21095710818727548,0.0,0.18904289181272455,1.212977596928555e-19
2021-07-08,-0.0007213248037041802,0.0,0.6,0.21095710818727548,0.0,0.18904289181272455,1.212977596928555e-19
2021-07-09,0.006835842637817478,0.0,0.6,0.21095710818727548,0.0,0.18904289181272455,1.212977596928555e-19
2021-07-12,0.0015007856280452097,0.0,0.6,0.21095710818727548,0.0,0.18904289181272455,1.212977596928555e-19
2021-07-13,-0.0005036293935923842,0.0,0.6,0.21095710818727548,0.0,0.18904289181272455,1.212977596928555e-19
2021-07-14,-0.002066788262770584,0.0,0.6,0.21095710818727548,0.0,0.18904289181272455,1.212977596928555e-19
2021-07-15,-0.0023595021492319717,0.00522089004781906,0.6,0.20573621813945642,0.0,0.1942637818605436,3.913779516692322e-20
2021-07-16,-0.004715611782179908,0.004408129049827542,0.6,0.21014434718928396,0.0,0.18985565281071606,1.6728410080991595e-19
2021-07-19,-0.017701531221758084,0.007848588756873942,0.6,0.20229575843241002,1.6137610086013482e-19,0.19770424156759,1.6169584670902605e-20
2021-07-20,0.014489719326683585,0.3602136529883355,0.4420821054440741,3.1614572484840923e-16,0.0,0.5579178945559256,4.505208820051782e-18
2021-07-21,0.02168788605545769,0.10098545893869881,0.5430675643827729,0.0,0.0,0.4569324356172271,0.0
2021-07-22,0.008714474180250243,0.05693243561722705,0.6,0.0,0.0,0.4,3.091679048719686e-19
2021-07-23,0.008074094719801174,0.04216046469943675,0.6,0.04216046469943677,0.0,0.3578395353005633,0.0
2021-07-26,0.0018484564810210707,0.13506149497312225,0.6,0.177221959672559,6.647639041364676e-18,0.22277804032744103,2.6617122511347853e-18
2021-07-27,-0.0014005001048607074,0.023128818966678306,0.6,0.2003507786392373,1.4087746967485306e-20,0.19964922136076274,0.0
2021-07-28,0.0007764440926141818,0.0,0.6,0.2003507786392373,1.4087746967485306e-20,0.19964922136076274,0.0
2021-07-29,0.005071342964545772,0.0,0.6,0.2003507786392373,1.4087746967485306e-20,0.19964922136076274,0.0
2021-07-30,-0.0018925754383690644,0.0,0.6,0.2003507786392373,1.4087746967485306e-20,0.19964922136076274,0.0
2021-08-02,-0.005612123228333465,0.008067941351609098,0.6,0.1922828372876282,7.062449440863454e-20,0.20771716271237184,0.0
2021-08-03,0.0035251586171820065,0.008904382723629756,0.6,0.18337845456399846,0.0,0.2166215454360016,1.13990047923218e-19
2021-08-04,-0.009565831523643854,0.009077107502928783,0.6,0.19245556206692724,2.480369290589494e-20,0.2075444379330728,1.21353828750496e-19
2021-08-05,0.006889135768505259,0.004672016013104435,0.6,0.1877835460538228,0.0,0.21221645394617725,0.0
2021-08-06,-0.0045092331582088346,0.004606687605486465,0.6,0.19239023365930927,0.0,0.20760976634069078,0.0
2021-08-09,-0.007852546675575105,0.1452588406914685,0.6,0.047131392967840746,2.569648836876186e-18,0.3528686070321593,3.873299005120224e-18
2021-08-10,0.008706667826084537,0.0,0.6,0.047131392967840746,2.569648836876186e-18,0.3528686070321593,3.873299005120224e-18
2021-08-11,0.004458940007667658,0.11687420703047796,0.6,0.1640055999983187,2.1274205358284973e-18,0.23599440000168131,2.08107161414028e-18
2021-08-12,0.0006165322609679327,0.025643409682378784,0.6,0.1896490096806975,6.708294916560067e-19,0.21035099031930254,3.305735015571058e-19
2021-08-13,0.0012619202360490277,0.0035086233962256246,0.6,0.19315763307692313,0.0,0.20684236692307692,0.0
2021-08-16,-2.3356530520547182e-05,0.019109505647504216,0.6,0.17404812742941891,0.0,0.22595187257058114,0.0
2021-08-17,-0.006095337397281534,0.01253723273590629,0.6,0.1865853601653252,5.132096646422289e-20,0.21341463983467485,5.1454196118830856e-20
2021-08-18,-0.011346602497783118,0.0,0.6,0.1865853601653252,5.132096646422289e-20,0.21341463983467485,5.1454196118830856e-20
2021-08-19,-0.0006583604197579164,0.0,0.6,0.1865853601653252,5.132096646422289e-20,0.21341463983467485,5.1454196118830856e-20
2021-08-20,-0.0014893692515697745,0.0,0.6,0.1865853601653252,5.132096646422289e-20,0.21341463983467485,5.1454196118830856e-20
2021-08-23,0.017045947609369016,0.0,0.6,0.1865853601653252,5.132096646422289e-20,0.21341463983467485,5.1454196118830856e-20
2021-08-24,0.007246921422712648,0.016383067987141675,0.6,0.17020229217818353,1.3509243802501413e-19,0.22979770782181652,1.7953134322119327e-19
2021-08-25,0.001696001711583253,0.016130090530016572,0.6,0.1863323827082001,0.0,0.21366761729179995,0.0
2021-08-26,-0.004500688602154331,0.0,0.6,0.1863323827082001,0.0,0.21366761729179995,0.0
2021-08-27,0.009647345655210665,0.0,0.6,0.1863323827082001,0.0,0.21366761729179995,0.0
2021-08-30,0.004254883390737839,0.008047179933885318,0.6,0.17828520277431478,5.444623102586398e-20,0.22171479722568527,4.860524177119282e-19
2021-08-31,-0.0037515366583125136,0.0,0.6,0.17828520277431478,5.444623102586398e-20,0.22171479722568527,4.860524177119282e-19
2021-09-01,0.00010987904251800486,0.0,0.6,0.17828520277431478,5.444623102586398e-20,0.22171479722568527,4.860524177119282e-19
2021-09-02,0.007342691597082219,0.0,0.6,0.17828520277431478,5.444623102586398e-20,0.22171479722568527,4.860524177119282e-19
2021-09-03,-0.0030806710771108825,0.0,0.6,0.17828520277431478,5.444623102586398e-20,0.22171479722568527,4.860524177119282e-19
2021-09-07,-0.0064743092860076856,0.0,0.6,0.17828520277431478,5.444623102586398e-20,0.22171479722568527,4.860524177119282e-19
2021-09-08,0.003020812918973408,0.0,0.6,0.17828520277431478,5.444623102586398e-20,0.22171479722568527,4.860524177119282e-19
2021-09-09,-0.004243779602609221,0.0,0.6,0.17828520277431478,5.444623102586398e-20,0.22171479722568527,4.860524177119282e-19
2021-09-10,-0.0014270230346702722,0.0,0.6,0.17828520277431478,5.444623102586398e-20,0.22171479722568527,4.860524177119282e-19
2021-09-13,0.005706349318173268,0.0,0.6,0.17828520277431478,5.444623102586398e-20,0.22171479722568527,4.860524177119282e-19
2021-09-14,-0.001958479456651871,0.007728495807097335,0.6,0.17055670696721745,2.403595422816906e-19,0.2294432930327826,2.544687008435012e-19
2021-09-15,0.010834401960332894,0.0,0.6,0.17055670696721745,2.403595422816906e-19,0.2294432930327826,2.544687008435012e-19
2021-09-16,-0.0016873678904373948,0.0,0.6,0.17055670696721745,2.403595422816906e-19,0.2294432930327826,2.544687008435012e-19
2021-09-17,-0.008383567038174979,0.0,0.6,0.17055670696721745,2.403595422816906e-19,0.2294432930327826,2.544687008435012e-19
2021-09-20,-0.011172210279593845,0.0,0.6,0.17055670696721745,2.403595422816906e-19,0.2294432930327826,2.544687008435012e-19
2021-09-21,-0.0008031304130052931,0.0067258974065271815,0.6,0.16383080956069027,0.0,0.23616919043930978,3.364839412568633e-19
2021-09-22,0.011035615588108918,0.006689367103713956,0.6,0.17052017666440422,2.380190115308818e-19,0.22947982333559583,2.6722481527144565e-20
2021-09-23,0.007528180142546869,0.0,0.6,0.17052017666440422,2.380190115308818e-19,0.22947982333559583,2.6722481527144565e-20
2021-09-24,0.0014349170074723701,0.008065635838072627,0.6,0.1624545408263316,3.6385019597048054e-20,0.23754545917366846,0.0
2021-09-27,0.0024850424863803082,0.008001305743100331,0.6,0.1704558465694319,3.0078036108926543e-19,0.2295441534305681,1.9495325660896489e-19
2021-09-28,-0.016899385572090274,0.01001038607561544,0.6,0.16044546049381647,0.0,0.23955453950618355,2.6485814004536093e-19
2021-09-29,0.00039930108918846414,0.16044546049381644,0.6,6.7675249845635e-17,0.0,0.4,1.6168994980853568e-19
2021-09-30,-0.005498586180887743,0.0,0.6,6.7675249845635e-17,0.0,0.4,1.6168994980853568e-19
2021-10-01,0.012311762313143043,0.014930532198234692,0.5865493795877805,0.0,0.014930532198234727,0.3985200882139849,0.0
2021-10-04,0.0020228718587919393,0.016029330600643002,0.5705200489871375,0.0,0.029226013498503393,0.40025393751435917,0.0
2021-10-05,0.014068094382872867,0.011148577787497786,0.5593714711996397,1.1193748696719465e-19,0.03795131586214856,0.4026772129382118,1.8296251795539881e-19
2021-10-06,-0.008214438934393387,0.0,0.5593714711996397,1.1193748696719465e-19,0.03795131586214856,0.4026772129382118,1.8296251795539881e-19
2021-10-07,0.013659554803859449,0.012330288497928953,0.5717017596975686,2.3815003764430706e-19,0.02817511127133613,0.40012312903109526,0.0
2021-10-08,-0.00023555684111194533,0.0,0.5717017596975686,2.3815003764430706e-19,0.02817511127133613,0.40012312903109526,0.0
2021-10-11,0.000776118574270403,0.028298240302431322,0.6,0.0,0.0,0.4000000000000001,2.202368528868047e-19
2021-10-12,-0.001886539680353691,0.0154311613807584,0.6,2.7592098131147625e-19,0.015431161380758403,0.3845688386192417,0.0
2021-10-13,0.0029057883822259977,0.00767922642470069,0.6,1.1561052973715778e-19,0.02311038780545908,0.376889612194541,1.582519328977215e-19
2021-10-14,0.014329567305331185,0.013135345511923724,0.5882594445214682,2.829454131360088e-21,0.03624573331738278,0.37549482216114904,0.0
2021-10-15,0.006261077653849515,0.0056202250791668774,0.5938796696006351,0.0,0.03164615190149993,0.3744741784978651,0.0
2021-10-18,0.00046000196657972254,0.015534817497184581,0.6,1.567429668638217e-19,0.016111334404315315,0.38388866559568474,3.1840795454502303e-19
2021-10-19,0.007859254881529987,0.01611133440431537,0.6,2.970713952610282e-17,0.0,0.40000000000000013,4.499994750260722e-19
2021-10-20,0.006428430293084934,0.0424840926132547,0.6,0.04248409261325466,2.3969843510121483e-19,0.3575159073867454,1.5361819353705099e-19
2021-10-21,-0.0020484400717223983,0.07299203619409483,0.6,0.1154761288073495,2.0954018610288517e-18,0.28452387119265055,1.7750603063967917e-18
2021-10-22,0.0037281598427982322,0.02543569597963928,0.6,0.14091182478698883,0.0,0.2590881752130113,0.0
2021-10-25,0.0021097037030022416,0.0,0.6,0.14091182478698883,0.0,0.2590881752130113,0.0
2021-10-26,0.0045056992886236165,0.009267066201764262,0.6,0.1316447585852245,0.0,0.2683552414147755,0.0
2021-10-27,-0.007379383044774444,0.0,0.6,0.1316447585852245,0.0,0.2683552414147755,0.0
2021-10-28,0.007701901811859225,0.0,0.6,0.1316447585852245,0.0,0.2683552414147755,0.0
2021-10-29,0.0004511006311747073,0.0,0.6,0.1316447585852245,0.0,0.2683552414147755,0.0
2021-11-01,0.001868632277307657,0.0,0.6,0.1316447585852245,0.0,0.2683552414147755,0.0
2021-11-02,0.0030101031014169084,0.0,0.6,0.1316447585852245,0.0,0.2683552414147755,0.0
2021-11-03,-0.007912703023085867,0.0,0.6,0.1316447585852245,0.0,0.2683552414147755,0.0
2021-11-04,0.002174384615433216,0.0,0.6,0.1316447585852245,0.0,0.2683552414147755,0.0
2021-11-05,0.012015366084876303,0.0,0.6,0.1316447585852245,0.0,0.2683552414147755,0.0
2021-11-08,0.0028279031421802395,0.0,0.6,0.1316447585852245,0.0,0.2683552414147755,0.0
2021-11-09,0.003887097615819278,0.008379169386526247,0.6,0.12326558919869829,2.0566999003627893e-19,0.2767344108013018,0.0
2021-11-10,-0.014957240962649235,0.0,0.6,0.12326558919869829,2.0566999003627893e-19,0.2767344108013018,0.0
2021-11-11,-0.0005063664674552118,0.0894075547139114,0.6,0.03385803448478685,0.0,0.36614196551521316,0.0
2021-11-12,0.0028054148689810182,0.08926620578287935,0.6,0.12312424026766619,6.760583808809011e-19,0.2768757597323338,1.5813143047399333e-18
2021-11-15,-0.0008954237546132305,0.0,0.6,0.12312424026766619,6.760583808809011e-19,0.2768757597323338,1.5813143047399333e-18
2021-11-16,0.0027034506144000725,0.0,0.6,0.12312424026766619,6.760583808809011e-19,0.2768757597323338,1.5813143047399333e-18
2021-11-17,-0.006393727342671469,0.0,0.6,0.12312424026766619,6.760583808809011e-19,0.2768757597323338,1.5813143047399333e-18
2021-11-18,0.005269664933353678,0.0,0.6,0.12312424026766619,6.760583808809011e-19,0.2768757597323338,1.5813143047399333e-18
2021-11-19,-0.008595125417225354,0.0,0.6,0.12312424026766619,6.760583808809011e-19,0.2768757597323338,1.5813143047399333e-18
2021-11-22,0.0004092477262415237,0.0038455197330720544,0.6,0.11927872053459415,0.0,0.28072127946540587,0.0
2021-11-23,0.009168153193971526,0.023070005318133607,0.6,0.09620871521646057,0.0,0.3037912847835395,0.0
2021-11-24,0.0014168147188285724,0.0,0.6,0.09620871521646057,0.0,0.3037912847835395,0.0
2021-11-26,-0.04276938487643453,0.015749820006169084,0.6,0.11195853522262965,0.0,0.2880414647773704,6.533081021768491e-20
2021-11-29,-0.005374398951459519,0.88804146477737,2.2765474748459586e-16,0.5999999999999998,0.39999999999999974,1.8392943697937356e-16,0.0
2021-11-30,-0.02640173854086958,0.9141147015120744,0.5999999999999999,0.0,0.08588529848792517,0.3141147015120751,3.102701044712923e-18
2021-12-01,-0.012025758106944433,0.0,0.5999999999999999,0.0,0.08588529848792517,0.3141147015120751,3.102701044712923e-18
2021-12-02,0.017061260654344247,0.0,0.5999999999999999,0.0,0.08588529848792517,0.3141147015120751,3.102701044712923e-18
2021-12-03,-0.00638477319431253,0.0,0.5999999999999999,0.0,0.08588529848792517,0.3141147015120751,3.102701044712923e-18
2021-12-06,0.023320207319501126,0.0,0.5999999999999999,0.0,0.08588529848792517,0.3141147015120751,3.102701044712923e-18
2021-12-07,0.019432162138925686,0.0,0.5999999999999999,0.0,0.08588529848792517,0.3141147015120751,3.102701044712923e-18
2021-12-08,0.006401686619110281,0.018455853838057444,0.6,0.0,0.10434115232598247,0.2956588476740176,0.0
2021-12-09,-0.012584780954800878,0.0,0.6,0.0,0.10434115232598247,0.2956588476740176,0.0
2021-12-10,0.011941172077104989,0.0,0.6,0.0,0.10434115232598247,0.2956588476740176,0.0
2021-12-13,-0.008404447435422431,0.0,0.6,0.0,0.10434115232598247,0.2956588476740176,0.0
2021-12-14,-0.008091539477479513,0.0,0.6,0.0,0.10434115232598247,0.2956588476740176,0.0
2021-12-15,0.013887249526616961,0.0,0.6,0.0,0.10434115232598247,0.2956588476740176,0.0
2021-12-16,-0.0025969782048161083,0.0,0.6,0.0,0.10434115232598247,0.2956588476740176,0.0
2021-12-17,-0.01282214337731061,0.0,0.6,0.0,0.10434115232598247,0.2956588476740176,0.0
2021-12-20,-0.011945159685326317,0.0,0.6,0.0,0.10434115232598247,0.2956588476740176,0.0
2021-12-21,0.020506543028903597,0.0,0.6,0.0,0.10434115232598247,0.2956588476740176,0.0
2021-12-22,0.012044673279880597,0.018493887570553924,0.6,7.547135322751662e-20,0.1228350398965364,0.2771649601034637,0.0
2021-12-23,0.007442955413401713,0.0,0.6,7.547135322751662e-20,0.1228350398965364,0.2771649601034637,0.0
2021-12-27,0.01603329292093891,0.0,0.6,7.547135322751662e-20,0.1228350398965364,0.2771649601034637,0.0
2021-12-28,-0.00025714902504783406,0.0,0.6,7.547135322751662e-20,0.1228350398965364,0.2771649601034637,0.0
2021-12-29,0.0028310653100936936,0.002733437867996104,0.6000000000000001,1.3540470303075034e-19,0.12010160202854031,0.2798983979714597,6.02113732513688e-20
2021-12-30,-0.0007530917798599159,0.008495817290400429,0.6,0.0,0.11160578473813995,0.2883942152618601,9.839448070845259e-21
2021-12-31,-0.004622738497756672,0.0,0.6,0.0,0.11160578473813995,0.2883942152618601,9.839448070845259e-21
2022-01-03,0.006932490080206843,0.11160578473813994,0.6,0.0,0.0,0.4,0.0
2022-01-04,0.004435484064442308,0.13979722424699817,0.6,0.0,0.1397972242469982,0.2602027757530019,4.85763798607848e-19
2022-01-05,-0.012687131925470899,0.02764965978869595,0.6,9.599709897524612e-20,0.11214756445830223,0.2878524355416978,2.765150843234863e-19
2022-01-06,0.004196075236952318,0.037553751696118104,0.6,0.0,0.1497013161544203,0.2502986838455797,4.490103808711185e-19
2022-01-07,-0.0034378603134902434,0.09256748017098207,0.6,1.899644484250483e-18,0.057133835983438255,0.3428661640165618,1.5685410733309122e-18
2022-01-10,-0.004346443272717071,0.05713383598343828,0.6,2.710505431213761e-17,1.9381395211753244e-17,0.4000000000000001,9.997938247133657e-20
2022-01-11,0.017076775534006355,0.0909502419656923,0.6,0.09095024196569233,2.8606965807566564e-19,0.3090497580343078,0.0
2022-01-12,0.00534818887100284,0.005326523882613031,0.6000000000000001,0.08562371808307928,2.7142972572566817e-19,0.3143762819169207,9.686358266274137e-20
2022-01-13,-0.010782539415521727,0.007074132451303165,0.6,0.09269785053438238,1.8202278664265852e-19,0.30730214946561757,0.0
2022-01-14,0.007993035046757678,0.004128985504729461,0.6,0.08856886502965297,0.0,0.3114311349703471,0.0
2022-01-18,-0.006561353673367968,0.003831635542120772,0.6,0.08473722948753222,1.4488586366753923e-19,0.31526277051246787,2.3951892479714146e-19
2022-01-19,-0.003809043450887282,0.13016324534158596,0.6,0.0,0.13016324534158596,0.2698367546584141,0.0
2022-01-20,-0.008602720090256616,0.022405089671482803,0.6,8.00477008901033e-20,0.15256833501306877,0.2474316649869313,2.5831761188519946e-19
2022-01-21,-0.01188059861552036,0.01790790986849919,0.6,2.1635685066823497e-19,0.17047624488156796,0.22952375511843212,0.0
2022-01-24,0.000987399721384031,0.001985984118835049,0.6,0.0,0.172462229000403,0.22753777099959707,2.124970494246543e-20
2022-01-25,-0.0035185130626786826,0.0,0.6,0.0,0.172462229000403,0.22753777099959707,2.124970494246543e-20
2022-01-26,-0.0016436664372134267,0.0,0.6,0.0,0.172462229000403,0.22753777099959707,2.124970494246543e-20
2022-01-27,-0.00452318450300929,0.0,0.6,0.0,0.172462229000403,0.22753777099959707,2.124970494246543e-20
2022-01-28,0.014791267405843286,0.0,0.6,0.0,0.172462229000403,0.22753777099959707,2.124970494246543e-20
2022-01-31,0.013700944668111859,0.0,0.6,0.0,0.172462229000403,0.22753777099959707,2.124970494246543e-20
2022-02-01,0.004379904936037153,0.0,0.6,0.0,0.172462229000403,0.22753777099959707,2.124970494246543e-20
2022-02-02,0.0064175115920417185,0.0,0.6,0.0,0.172462229000403,0.22753777099959707,2.124970494246543e-20
2022-02-03,-0.010745109997021766,0.0,0.6,0.0,0.172462229000403,0.22753777099959707,2.124970494246543e-20
2022-02-04,0.00781375453155183,0.014114414257667102,0.6,0.0,0.1865766432580701,0.21342335674192997,1.921297563247617e-19
2022-02-07,-0.0013007420779695235,0.0,0.6,0.0,0.1865766432580701,0.21342335674192997,1.921297563247617e-19
2022-02-08,0.002009319636910627,0.0,0.6,0.0,0.1865766432580701,0.21342335674192997,1.921297563247617e-19
2022-02-09,0.01126090706405788,0.0,0.6,0.0,0.1865766432580701,0.21342335674192997,1.921297563247617e-19
2022-02-10,-0.012186149421347481,0.0,0.6,0.0,0.1865766432580701,0.21342335674192997,1.921297563247617e-19
2022-02-11,-0.002336420481005742,0.0,0.6,0.0,0.1865766432580701,0.21342335674192997,1.921297563247617e-19
2022-02-14,0.001049520007206851,0.0,0.6,0.0,0.1865766432580701,0.21342335674192997,1.921297563247617e-19
2022-02-15,0.0012141005781615543,0.0,0.6,0.0,0.1865766432580701,0.21342335674192997,1.921297563247617e-19
2022-02-16,0.00013439637102514394,0.0,0.6,0.0,0.1865766432580701,0.21342335674192997,1.921297563247617e-19
2022-02-17,-0.008150736836790483,0.0,0.6,0.0,0.1865766432580701,0.21342335674192997,1.921297563247617e-19
2022-02-18,-0.002260503816621329,0.013985473044911018,0.6,3.314258755831588e-20,0.20056211630298112,0.19943788369701895,0.0
2022-02-22,-0.003555586241608352,0.0,0.6,3.314258755831588e-20,0.20056211630298112,0.19943788369701895,0.0
2022-02-23,-0.007609037599590398,0.0,0.6,3.314258755831588e-20,0.20056211630298112,0.19943788369701895,0.0
2022-02-24,0.00803672542744912,0.0,0.6,3.314258755831588e-20,0.20056211630298112,0.19943788369701895,0.0
2022-02-25,0.01094717897808525,0.0,0.6,3.314258755831588e-20,0.20056211630298112,0.19943788369701895,0.0
2022-02-28,0.005635820102942699,0.0,0.6,3.314258755831588e-20,0.20056211630298112,0.19943788369701895,0.0
2022-03-01,0.007331546624522532,0.0,0.6,3.314258755831588e-20,0.20056211630298112,0.19943788369701895,0.0
2022-03-02,0.018947473977563398,0.0,0.6,3.314258755831588e-20,0.20056211630298112,0.19943788369701895,0.0
2022-03-03,-0.0041117869635581734,0.0019520643874756383,0.6,0.0,0.20251418069045676,0.19748581930954331,0.0
2022-03-04,0.011512284425290321,0.0019493914112884703,0.6,0.0,0.2005647892791683,0.19943521072083178,2.0676767422544158e-20
2022-03-07,-0.007700182796051502,0.013663329143962094,0.6,0.0,0.21422811842313041,0.18577188157686972,7.21353409062099e-20
2022-03-08,0.00809838267345317,0.011757391625482921,0.6,9.407395853751649e-20,0.22598551004861328,0.17401448995138674,3.0813291115693794e-19
2022-03-09,-0.010915684307642481,0.0,0.6,9.407395853751649e-20,0.22598551004861328,0.17401448995138674,3.0813291115693794e-19
2022-03-10,-0.007372008245544134,0.7740144899513866,2.29385344830105e-16,0.5999999999999998,0.4000000000000001,0.0,4.3557801470113375e-17
2022-03-11,-0.0008027362090005357,0.0,2.29385344830105e-16,0.5999999999999998,0.4000000000000001,0.0,4.3557801470113375e-17
2022-03-14,-0.019321692104761708,0.08667590249249044,1.8627739231431354e-20,0.5133240975075095,0.48667590249249043,1.068955604979821e-18,0.0
2022-03-15,-0.008529423315431918,0.08667590249249041,1.4077102158169632e-18,0.6,0.4000000000000001,1.859499067612087e-18,2.205171970039073e-18
2022-03-16,0.008388728726008043,0.0,1.4077102158169632e-18,0.6,0.4000000000000001,1.859499067612087e-18,2.205171970039073e-18
2022-03-17,-0.0024627930628110316,0.004384341131140809,0.0,0.5956156588688591,0.40438434113114086,0.0,4.39543079659353e-19
2022-03-18,0.003811611323980201,0.004384341131140835,0.0,0.6,0.4,1.6186551185323723e-18,0.0
2022-03-21,-0.01083723833166108,0.0,0.0,0.6,0.4,1.6186551185323723e-18,0.0
2022-03-22,-0.010587360760604559,0.0,0.0,0.6,0.4,1.6186551185323723e-18,0.0
2022-03-23,0.018612519289022123,0.0,0.0,0.6,0.4,1.6186551185323723e-18,0.0
2022-03-24,-0.0017953893451863488,0.0,0.0,0.6,0.4,1.6186551185323723e-18,0.0
2022-03-25,-0.00996181047049316,0.0,0.0,0.6,0.4,1.6186551185323723e-18,0.0
2022-03-28,-0.002151768281134148,0.0,0.0,0.6,0.4,1.6186551185323723e-18,0.0
2022-03-29,0.004710273483015426,0.0,0.0,0.6,0.4,1.6186551185323723e-18,0.0
2022-03-30,0.007896376207084988,0.0,0.0,0.6,0.4,1.6186551185323723e-18,0.0
2022-03-31,0.001612138482883463,0.0,0.0,0.6,0.4,1.6186551185323723e-18,0.0
2022-04-01,-0.0002623294178205173,0.0,0.0,0.6,0.4,1.6186551185323723e-18,0.0
2022-04-04,-0.002231218051344808,0.0,0.0,0.6,0.4,1.6186551185323723e-18,0.0
2022-04-05,-0.016061274403142378,0.0,0.0,0.6,0.4,1.6186551185323723e-18,0.0
2022-04-06,-0.0039192230869319776,0.0,0.0,0.6,0.4,1.6186551185323723e-18,0.0
2022-04-07,-0.003005307890250019,0.0,0.0,0.6,0.4,1.6186551185323723e-18,0.0
2022-04-08,-0.0039922756138765165,0.0,0.0,0.6,0.4,1.6186551185323723e-18,0.0
2022-04-11,-0.0075111610017526195,0.0,0.0,0.6,0.4,1.6186551185323723e-18,0.0
2022-04-12,0.0022424034369854743,0.0,0.0,0.6,0.4,1.6186551185323723e-18,0.0
2022-04-13,0.003135245284394417,0.0,0.0,0.6,0.4,1.6186551185323723e-18,0.0
2022-04-14,-0.01334878594752007,0.0,0.0,0.6,0.4,1.6186551185323723e-18,0.0
2022-04-18,-0.0017424142292578049,0.0,0.0,0.6,0.4,1.6186551185323723e-18,0.0
2022-04-19,-0.010539700130475583,0.0,0.0,0.6,0.4,1.6186551185323723e-18,0.0
2022-04-20,0.014033601718048728,0.0,0.0,0.6,0.4,1.6186551185323723e-18,0.0
2022-04-21,-0.007020832279548811,0.10168215573629331,0.10168215573629333,0.6,0.2983178442637067,0.0,0.0
2022-04-22,-0.02203503000879665,0.6792901862436609,0.6,0.2190276580200457,0.0,0.18097234197995438,2.2050988519695235e-18
2022-04-25,-0.0011877781048727663,0.7809723419799544,0.0,0.5999999999999999,0.4000000000000002,0.0,0.0
2022-04-26,0.006650193618487687,0.0,0.0,0.5999999999999999,0.4000000000000002,0.0,0.0
2022-04-27,-0.010718379389257193,0.0,0.0,0.5999999999999999,0.4000000000000002,0.0,0.0
2022-04-28,0.003053140075226236,0.0,0.0,0.5999999999999999,0.4000000000000002,0.0,0.0
2022-04-29,-0.00782901609100599,0.0,0.0,0.5999999999999999,0.4000000000000002,0.0,0.0
2022-05-02,-0.01781655521526295,0.0,0.0,0.5999999999999999,0.4000000000000002,0.0,0.0
2022-05-03,0.0051047556092771885,0.0,0.0,0.5999999999999999,0.4000000000000002,0.0,0.0
2022-05-04,0.007235002933035074,0.0,0.0,0.5999999999999999,0.4000000000000002,0.0,0.0
2022-05-05,-0.017963391107226064,0.0,0.0,0.5999999999999999,0.4000000000000002,0.0,0.0
2022-05-06,-0.008178891837911649,0.0,0.0,0.5999999999999999,0.4000000000000002,0.0,0.0
2022-05-09,-0.0005134047553355045,0.0,0.0,0.5999999999999999,0.4000000000000002,0.0,0.0
2022-05-10,0.002063484185194883,0.0,0.0,0.5999999999999999,0.4000000000000002,0.0,0.0
2022-05-11,0.01483038294413519,0.0,0.0,0.5999999999999999,0.4000000000000002,0.0,0.0
2022-05-12,-0.007252807244836925,0.0,0.0,0.5999999999999999,0.4000000000000002,0.0,0.0
2022-05-13,-0.012112266680853878,0.0,0.0,0.5999999999999999,0.4000000000000002,0.0,0.0
2022-05-16,0.00319459635840045,0.0,0.0,0.5999999999999999,0.4000000000000002,0.0,0.0
2022-05-17,-0.00976176012573613,0.0,0.0,0.5999999999999999,0.4000000000000002,0.0,0.0
2022-05-18,0.01300300161156138,0.0,0.0,0.5999999999999999,0.4000000000000002,0.0,0.0
2022-05-19,0.007315974512184733,0.0,0.0,0.5999999999999999,0.4000000000000002,0.0,0.0
2022-05-20,0.007089395655943152,0.0,0.0,0.5999999999999999,0.4000000000000002,0.0,0.0
2022-05-23,-0.008012430852134341,0.0,0.0,0.5999999999999999,0.4000000000000002,0.0,0.0
2022-05-24,0.014847937816468357,0.0,0.0,0.5999999999999999,0.4000000000000002,0.0,0.0
2022-05-25,-3.942271076038577e-05,0.0,0.0,0.5999999999999999,0.4000000000000002,0.0,0.0
2022-05-26,-0.00345456273459761,0.0,0.0,0.5999999999999999,0.4000000000000002,0.0,0.0
2022-05-27,0.0016729175226635193,0.0,0.0,0.5999999999999999,0.4000000000000002,0.0,0.0
2022-05-31,-0.01665429033740775,0.0,0.0,0.5999999999999999,0.4000000000000002,0.0,0.0
2022-06-01,0.001861502826326068,0.0,0.0,0.5999999999999999,0.4000000000000002,0.0,0.0
2022-06-02,0.005233692323654006,0.0,0.0,0.5999999999999999,0.4000000000000002,0.0,0.0
2022-06-03,-0.0053510220833172155,0.0,0.0,0.5999999999999999,0.4000000000000002,0.0,0.0
2022-06-06,-0.012827585077555168,0.0,0.0,0.5999999999999999,0.4000000000000002,0.0,0.0
2022-06-07,0.009087438370981627,0.0,0.0,0.5999999999999999,0.4000000000000002,0.0,0.0
2022-06-08,-0.0056865526116612435,0.0,0.0,0.5999999999999999,0.4000000000000002,0.0,0.0
2022-06-09,-0.009077610990641518,0.4576430250666633,0.4576430250666633,0.5423569749333367,0.0,3.7174995521814497e-19,2.1789815023856915e-19
2022-06-10,-0.005481840745247547,0.2896206440893082,0.16802238097735514,0.6,0.23197761902264488,2.6263842279542044e-18,2.8157692390761843e-18
2022-06-13,-0.029392286699993282,0.16802238097735483,3.1055753943227644e-16,0.6,0.39999999999999974,0.0,0.0
2022-06-14,-0.010769204597192838,0.0,3.1055753943227644e-16,0.6,0.39999999999999974,0.0,0.0
2022-06-15,0.016414235858919393,0.0,3.1055753943227644e-16,0.6,0.39999999999999974,0.0,0.0
2022-06-16,0.009260660011201235,0.0,3.1055753943227644e-16,0.6,0.39999999999999974,0.0,0.0
2022-06-17,-0.0013555818174072669,0.0,3.1055753943227644e-16,0.6,0.39999999999999974,0.0,0.0
2022-06-21,-0.011666173624705579,0.0,3.1055753943227644e-16,0.6,0.39999999999999974,0.0,0.0
2022-06-22,0.018094460053134528,0.0,3.1055753943227644e-16,0.6,0.39999999999999974,0.0,0.0
2022-06-23,0.0024771211366109423,0.0,3.1055753943227644e-16,0.6,0.39999999999999974,0.0,0.0
2022-06-24,-0.008705136281420788,0.0,3.1055753943227644e-16,0.6,0.39999999999999974,0.0,0.0
2022-06-27,-0.0055638311971606185,0.0,3.1055753943227644e-16,0.6,0.39999999999999974,0.0,0.0
2022-06-28,0.0021365523856587683,0.0,3.1055753943227644e-16,0.6,0.39999999999999974,0.0,0.0
2022-06-29,0.009058424979109737,0.0,3.1055753943227644e-16,0.6,0.39999999999999974,0.0,0.0
2022-06-30,0.002838321742878856,0.0,3.1055753943227644e-16,0.6,0.39999999999999974,0.0,0.0
2022-07-01,0.005827424811728624,0.0,3.1055753943227644e-16,0.6,0.39999999999999974,0.0,0.0
2022-07-05,-0.0037695288457226745,0.0,3.1055753943227644e-16,0.6,0.39999999999999974,0.0,0.0
2022-07-06,-0.01641140589416245,0.0,3.1055753943227644e-16,0.6,0.39999999999999974,0.0,0.0
2022-07-07,-0.00505820766036444,0.0,3.1055753943227644e-16,0.6,0.39999999999999974,0.0,0.0
2022-07-08,-0.006472910534886189,0.0,3.1055753943227644e-16,0.6,0.39999999999999974,0.0,0.0
2022-07-11,0.008202457205341093,0.0,3.1055753943227644e-16,0.6,0.39999999999999974,0.0,0.0
2022-07-12,0.0020785845998874987,0.0,3.1055753943227644e-16,0.6,0.39999999999999974,0.0,0.0
2022-07-13,0.008794732929158486,0.0,3.1055753943227644e-16,0.6,0.39999999999999974,0.0,0.0
2022-07-14,-0.010514084051143888,0.0,3.1055753943227644e-16,0.6,0.39999999999999974,0.0,0.0
2022-07-15,0.0025735171862435076,0.0,3.1055753943227644e-16,0.6,0.39999999999999974,0.0,0.0
2022-07-18,-0.005873564099122877,0.0,3.1055753943227644e-16,0.6,0.39999999999999974,0.0,0.0
2022-07-19,-0.002281878563769949,0.0,3.1055753943227644e-16,0.6,0.39999999999999974,0.0,0.0
2022-07-20,-0.002186234355771739,0.0,3.1055753943227644e-16,0.6,0.39999999999999974,0.0,0.0
2022-07-21,0.016009859756290767,0.0,3.1055753943227644e-16,0.6,0.39999999999999974,0.0,0.0
2022-07-22,0.011085021696314841,0.0,3.1055753943227644e-16,0.6,0.39999999999999974,0.0,0.0
2022-07-25,-0.006966417595482043,0.0,3.1055753943227644e-16,0.6,0.39999999999999974,0.0,0.0
2022-07-26,-1.4152146760751958e-05,0.0,3.1055753943227644e-16,0.6,0.39999999999999974,0.0,0.0
2022-07-27,0.0007029464121695752,0.0,3.1055753943227644e-16,0.6,0.39999999999999974,0.0,0.0
2022-07-28,0.009650739292302469,0.0,3.1055753943227644e-16,0.6,0.39999999999999974,0.0,0.0
2022-07-29,-0.0005060135644791204,0.0,3.1055753943227644e-16,0.6,0.39999999999999974,0.0,0.0
2022-08-01,0.016716909962428823,0.0,3.1055753943227644e-16,0.6,0.39999999999999974,0.0,0.0
2022-08-02,-0.015071109137754203,0.0,3.1055753943227644e-16,0.6,0.39999999999999974,0.0,0.0
2022-08-03,0.010422217525792957,0.0,3.1055753943227644e-16,0.6,0.39999999999999974,0.0,0.0
2022-08-04,0.00641476336063866,0.0,3.1055753943227644e-16,0.6,0.39999999999999974,0.0,0.0
2022-08-05,-0.01786510662180125,0.09579878308337478,0.09579878308337504,0.6,0.30420121691662494,1.0091908875130323e-18,7.228686869422994e-19
2022-08-08,0.013072839289104275,0.09579878308337503,1.3877787807814457e-17,0.6,0.39999999999999997,0.0,1.0091987313726427e-20
2022-08-09,-0.0011080283383863244,0.0,1.3877787807814457e-17,0.6,0.39999999999999997,0.0,1.0091987313726427e-20
2022-08-10,0.013930557256603986,0.8144504321133784,0.5999999999999996,0.1855495678866215,1.734522617052507e-17,0.21445043211337883,0.0
2022-08-11,-0.009323602130843425,0.21445043211337883,0.5999999999999999,0.4000000000000001,0.0,0.0,0.0
2022-08-12,0.009763480377558986,0.5999999999999999,9.199183000715204e-18,0.6,0.4,0.0,0.0
2022-08-15,-0.005665763849881911,0.0,9.199183000715204e-18,0.6,0.4,0.0,0.0
2022-08-16,0.0017941364767643186,0.0,9.199183000715204e-18,0.6,0.4,0.0,0.0
2022-08-17,-0.008943750154132134,0.14965951281161147,0.1496595128116115,0.6,0.2503404871883886,0.0,0.0
2022-08-18,0.004828177756381906,0.5377747762055272,0.5999999999999998,0.3125657109828613,0.0,0.08743428901713891,1.6354621009620592e-18
2022-08-19,-0.011326466994121437,0.13820338406363097,0.6,0.17436232691923034,2.6369936635930008e-18,0.22563767308076974,2.1588805023251163e-18
2022-08-22,-0.011454619076926716,0.022499310996897268,0.6,0.19686163791612762,6.430867224715708e-19,0.20313836208387248,0.0
2022-08-23,7.548167886206624e-05,0.09441334333106717,0.6,0.2912749812471948,0.0,0.10872501875280532,0.0
2022-08-24,0.004255179738599348,0.11937966580530081,0.6000000000000001,0.17189531544189396,4.884498955186376e-19,0.22810468455810598,7.183699787856629e-19
2022-08-25,0.006182904067602277,0.005401810763942166,0.6,0.1664935046779519,2.0121403947625729e-19,0.23350649532204815,8.867395939242737e-20
2022-08-26,-0.020910543960726145,0.00798434763362224,0.6,0.17447785231157414,2.2767173347149015e-21,0.2255221476884259,6.545774744892251e-20
2022-08-29,-0.004716727836662182,0.8255221476884256,0.0,0.5999999999999999,0.3999999999999998,3.095592692466874e-16,0.0
2022-08-30,-0.002900043293537592,0.4000000000000002,0.4000000000000001,0.6,0.0,0.0,0.0
2022-08-31,-0.010248987913406466,0.2856418553707251,0.5999999999999999,0.3143581446292748,1.2929648558128898e-18,0.08564185537072529,4.8249161419739363e-20
2022-09-01,-0.007694585014991561,0.11494129996934302,0.6,0.1994168446599318,0.0,0.2005831553400682,2.153984253373409e-19
2022-09-02,0.0035313509299974115,0.6256464982798249,0.17493665706024317,0.6,0.22506334293975672,7.085742932570555e-17,0.0
2022-09-06,-0.008825643769795367,0.5609045495377983,0.6,0.2641587934019584,1.6008413416540143e-16,0.13584120659804166,0.0
2022-09-07,0.01442458865086839,0.6245148393584904,0.11132636723955115,0.5999999999999999,0.288673632760449,0.0,1.8362214506122438e-17
2022-09-08,-0.008528559527078941,0.11761311313146093,3.308121166057898e-17,0.5937132541080901,0.4062867458919099,1.2679852641937752e-19,0.0
2022-09-09,0.003451395541069577,0.004474598359938704,4.0187472021104717e-19,0.5981878524680287,0.4018121475319712,1.234880086147272e-18,0.0
2022-09-12,-0.0028075336694727876,0.005382165864928846,1.0330298988308122e-18,0.5928056866031,0.4071943133969001,0.0,0.0
2022-09-13,-0.0038079423826927524,0.007194313396900076,0.0,0.6,0.39999999999999997,0.0,0.0
2022-09-14,0.00044309046981249114,0.010939909218879718,0.0,0.5890600907811203,0.41093990921887974,0.0,0.0
2022-09-15,-0.008057554674346238,0.0,0.0,0.5890600907811203,0.41093990921887974,0.0,0.0
2022-09-16,-0.0026299256205598843,0.0,0.0,0.5890600907811203,0.41093990921887974,0.0,0.0
2022-09-19,0.0016916771740604518,0.0,0.0,0.5890600907811203,0.41093990921887974,0.0,0.0
2022-09-20,-0.00824221377237156,0.005663935271827292,0.0,0.5947240260529476,0.40527597394705245,0.0,5.040650169584946e-19
2022-09-21,0.01182399870853064,0.0017470909825692829,1.4185734800405807e-19,0.5929769350703783,0.4070230649296217,0.0,7.371225332916917e-19
2022-09-22,-0.01528709260936338,0.003911722462900169,0.0,0.5890652126074781,0.41093478739252187,0.0,1.355159945989334e-18
2022-09-23,-0.004693403918051866,0.0,0.0,0.5890652126074781,0.41093478739252187,0.0,1.355159945989334e-18
2022-09-26,-0.01600865342931992,0.00390470009726865,8.385914207465337e-19,0.5851605125102095,0.41483948748979055,7.910312794937942e-19,3.593035898580111e-19
2022-09-27,-0.014557708207403795,0.0,8.385914207465337e-19,0.5851605125102095,0.41483948748979055,7.910312794937942e-19,3.593035898580111e-19
2022-09-28,0.02821544306959796,0.0,8.385914207465337e-19,0.5851605125102095,0.41483948748979055,7.910312794937942e-19,3.593035898580111e-19
2022-09-29,-0.003108869855008115,0.0,8.385914207465337e-19,0.5851605125102095,0.41483948748979055,7.910312794937942e-19,3.593035898580111e-19
2022-09-30,-0.007528199130251881,0.0,8.385914207465337e-19,0.5851605125102095,0.41483948748979055,7.910312794937942e-19,3.593035898580111e-19
2022-10-03,0.028183971561694953,0.7671374105144393,0.6000000000000001,4.300766694129244e-17,0.23286258948556068,0.16713741051443917,0.0
2022-10-04,0.027727605641780558,0.004058262633892244,0.6,8.179402357464434e-20,0.23692085211945293,0.1630791478805471,2.2334723985177734e-20
2022-10-05,0.0011429078986533946,0.0,0.6,8.179402357464434e-20,0.23692085211945293,0.1630791478805471,2.2334723985177734e-20
2022-10-06,-0.0040111070822203675,0.0041338195172042624,0.6,0.0,0.23278703260224867,0.16721296739775135,9.277498846534456e-20
2022-10-07,-0.014454517792395857,0.0,0.6,0.0,0.23278703260224867,0.16721296739775135,9.277498846534456e-20
2022-10-10,-0.011026917792101028,0.013496881217374829,0.6,7.26545945782195e-21,0.2462839138196235,0.15371608618037652,1.574214196086123e-20
2022-10-11,-0.00847812596164163,0.0022692078587691344,0.6,0.0,0.24855312167839264,0.1514468783216074,0.0
2022-10-12,-0.0025103010574017556,0.007737167010378521,0.6,0.0,0.24081595466801411,0.1591840453319859,2.6712565233981284e-19
2022-10-13,0.017735702132794868,0.0,0.6,0.0,0.24081595466801411,0.1591840453319859,2.6712565233981284e-19
2022-10-14,-0.02183183127492721,0.0,0.6,0.0,0.24081595466801411,0.1591840453319859,2.6712565233981284e-19
2022-10-17,0.016020167465066345,0.0,0.6,0.0,0.24081595466801411,0.1591840453319859,2.6712565233981284e-19
2022-10-18,0.0043217497646305045,0.0,0.6,0.0,0.24081595466801411,0.1591840453319859,2.6712565233981284e-19
2022-10-19,-0.004373460881844066,0.0,0.6,0.0,0.24081595466801411,0.1591840453319859,2.6712565233981284e-19
2022-10-20,-0.005094131422756976,0.0,0.6,0.0,0.24081595466801411,0.1591840453319859,2.6712565233981284e-19
2022-10-21,0.01975880835983516,0.0,0.6,0.0,0.24081595466801411,0.1591840453319859,2.6712565233981284e-19
2022-10-24,0.006127981067021266,0.0075820730710300654,0.6,0.0,0.24839802773904418,0.15160197226095584,0.0
2022-10-25,0.01064234015678659,0.0,0.6,0.0,0.24839802773904418,0.15160197226095584,0.0
2022-10-26,0.0021272908026097946,0.0,0.6,0.0,0.24839802773904418,0.15160197226095584,0.0
2022-10-27,-0.0022381827511379123,0.0,0.6,0.0,0.24839802773904418,0.15160197226095584,0.0
2022-10-28,0.010090648964000862,0.0,0.6,0.0,0.24839802773904418,0.15160197226095584,0.0
2022-10-31,-0.009046859132445568,0.0,0.6,0.0,0.24839802773904418,0.15160197226095584,0.0
2022-11-01,0.0032789236209476713,0.0,0.6,0.0,0.24839802773904418,0.15160197226095584,0.0
2022-11-02,-0.014799332758472013,0.0,0.6,0.0,0.24839802773904418,0.15160197226095584,0.0
2022-11-03,-0.00874008732944316,0.0,0.6,0.0,0.24839802773904418,0.15160197226095584,0.0
2022-11-04,0.023562516538292343,0.0,0.6,0.0,0.24839802773904418,0.15160197226095584,0.0
2022-11-07,0.004207078218825025,0.06055387719921136,0.6,2.8589792941505607e-20,0.3089519049382556,0.09104809506174452,0.0
2022-11-08,0.005346107651010367,0.05044167961541421,0.6,3.8364129253638295e-19,0.25851022532284135,0.1414897746771587,2.2708033481219222e-20
2022-11-09,-0.01897817750656291,0.0,0.6,3.8364129253638295e-19,0.25851022532284135,0.1414897746771587,2.2708033481219222e-20
2022-11-10,0.04196782168644869,0.0,0.6,3.8364129253638295e-19,0.25851022532284135,0.1414897746771587,2.2708033481219222e-20
2022-11-11,0.00048280599580088424,0.7414897746771586,8.254750160836876e-17,0.5962217854895738,0.4037782145104261,0.0,0.0
2022-11-14,-0.0005784484216289705,0.0,8.254750160836876e-17,0.5962217854895738,0.4037782145104261,0.0,0.0
2022-11-15,0.01098281616120538,0.00664509080491997,0.0,0.5895766946846539,0.41042330531534604,0.0,0.0
2022-11-16,0.012018128761569291,0.002795527303837698,1.5187028249673684e-18,0.5923722219884916,0.40762777801150835,3.9195940199245023e-19,0.0
2022-11-17,-0.009223667675481611,0.0031986278820364538,5.973376595873339e-19,0.5955708498705281,0.40442915012947195,0.0,2.969095985224078e-20
2022-11-18,-0.0068838192362099294,0.0,5.973376595873339e-19,0.5955708498705281,0.40442915012947195,0.0,2.969095985224078e-20
2022-11-21,-0.003669134619230201,0.7339188568879716,0.5999999999999999,2.866737245956171e-16,0.26608114311202813,0.13391885688797173,0.0
2022-11-22,0.010229556032036673,0.0,0.5999999999999999,2.866737245956171e-16,0.26608114311202813,0.13391885688797173,0.0
2022-11-23,0.000520950981615519,0.0,0.5999999999999999,2.866737245956171e-16,0.26608114311202813,0.13391885688797173,0.0
2022-11-25,-0.0007997080269475924,0.0,0.5999999999999999,2.866737245956171e-16,0.26608114311202813,0.13391885688797173,0.0
2022-11-28,-0.011837228601823017,0.0,0.5999999999999999,2.866737245956171e-16,0.26608114311202813,0.13391885688797173,0.0
2022-11-29,0.0032075800626234674,0.0,0.5999999999999999,2.866737245956171e-16,0.26608114311202813,0.13391885688797173,0.0
2022-11-30,0.026005047048348075,0.0,0.5999999999999999,2.866737245956171e-16,0.26608114311202813,0.13391885688797173,0.0
2022-12-01,0.004997980267067849,0.008403941801648957,0.6,2.800489017255915e-19,0.274485084913677,0.1255149150863231,3.200607331117578e-19
2022-12-02,0.0029568862041846346,0.7255149150863227,0.0,0.39999999999999986,0.5999999999999999,2.616696258670476e-16,0.0
2022-12-05,-0.015661883966167044,0.0749267378170022,1.7791182540540262e-19,0.4749267378170021,0.525073262182998,0.0,7.102542349120703e-21
2022-12-06,0.00882284571315819,0.12507326218299794,6.349520146575996e-19,0.6,0.39999999999999997,3.4011301000412444e-19,0.0
2022-12-07,0.017753003309549563,0.0,6.349520146575996e-19,0.6,0.39999999999999997,3.4011301000412444e-19,0.0
2022-12-08,-0.001307567755079675,0.0,6.349520146575996e-19,0.6,0.39999999999999997,3.4011301000412444e-19,0.0
2022-12-09,-0.013861223705699513,0.011153532253548565,0.0,0.5888464677464514,0.41115353225354856,0.0,1.8722189710380605e-19
2022-12-12,0.005315938659371966,0.5986665469143455,0.5986665469143456,0.0,0.4013334530856545,0.0,4.042252217265618e-19
2022-12-13,0.012049947641588994,0.12572430190193618,0.6,0.0,0.2756091511837183,0.12439084881628182,0.0
2022-12-14,-0.001673633458717402,0.0,0.6,0.0,0.2756091511837183,0.12439084881628182,0.0
2022-12-15,-0.021420252098287358,0.0,0.6,0.0,0.2756091511837183,0.12439084881628182,0.0
2022-12-16,-0.0070339815985276275,0.0,0.6,0.0,0.2756091511837183,0.12439084881628182,0.0
2022-12-19,-0.003621959301202351,0.0,0.6,0.0,0.2756091511837183,0.12439084881628182,0.0
2022-12-20,0.005816209031420796,0.00971564681020709,0.5999999999999999,0.0,0.2853247979939253,0.11467520200607473,1.5793061572603614e-19
2022-12-21,0.011685398285967414,9.020562075079397e-17,0.6,0.0,0.28532479799392535,0.11467520200607474,1.5793061572603616e-19
2022-12-22,-0.01261458891775367,9.71445146547012e-17,0.5999999999999999,0.0,0.2853247979939253,0.11467520200607471,1.5793061572603614e-19
2022-12-23,0.007050898532477476,9.020562075079397e-17,0.6,0.0,0.28532479799392535,0.11467520200607473,1.5793061572603616e-19
2022-12-27,0.00038667279487558204,0.0,0.6,0.0,0.28532479799392535,0.11467520200607473,1.5793061572603616e-19
2022-12-28,-0.010309132491285017,0.0,0.6,0.0,0.28532479799392535,0.11467520200607473,1.5793061572603616e-19
2022-12-29,0.012313931961469599,0.0,0.6,0.0,0.28532479799392535,0.11467520200607473,1.5793061572603616e-19
2022-12-30,0.0023982771933882528,0.0,0.6,0.0,0.28532479799392535,0.11467520200607473,1.5793061572603616e-19
2023-01-03,-0.022822192066935924,0.48532479799392536,0.39999999999999997,0.0,0.0,0.6000000000000001,3.6640098904928464e-17
2023-01-04,-0.02653925272729496,5.551115123125783e-17,0.39999999999999997,0.0,0.0,0.6,3.6640098904928464e-17
2023-01-05,-8.644682941931752e-05,0.0,0.39999999999999997,0.0,0.0,0.6,3.6640098904928464e-17
2023-01-06,0.009636022140342513,0.0,0.39999999999999997,0.0,0.0,0.6,3.6640098904928464e-17
2023-01-09,0.009490923827120044,0.0,0.39999999999999997,0.0,0.0,0.6,3.6640098904928464e-17
2023-01-10,0.003660265202285862,0.10031102916826444,0.5003110291682644,0.0,0.0,0.4996889708317356,0.0
2023-01-11,0.01906523314136334,0.19579649946424438,0.5999999999999998,0.09610752863250902,4.3124120857423298e-19,0.30389247136749115,5.783534030020456e-19
2023-01-12,0.006910360876371202,0.029115876017454898,0.6,0.12522340464996373,4.354957488112993e-19,0.2747765953500363,3.81776961958191e-19
2023-01-13,0.00883407946515348,0.06300996052006837,0.6,0.06221344412989541,1.636476089117232e-19,0.3377865558701047,0.0
2023-01-17,0.000995629730316573,0.07815494036962406,0.6,0.14036838449951947,0.0,0.25963161550048064,0.0
2023-01-18,-0.010611783157890523,0.009381163450690844,0.6,0.14974954795021025,2.3854645894049814e-19,0.25025045204978974,0.0
2023-01-19,0.001847053918842702,0.14974954795021028,0.6,0.0,1.9035650754003693e-19,0.4000000000000001,9.781670638460108e-19
2023-01-20,0.01264356766683034,0.13329863319314955,0.6,0.13329863319314958,0.0,0.2667013668068505,0.0
2023-01-23,0.006385156997254391,0.0,0.6,0.13329863319314958,0.0,0.2667013668068505,0.0
2023-01-24,-0.0028188771472173585,0.021148199277650145,0.6,0.15444683247079974,2.9468318955699736e-19,0.2455531675292004,3.801310101656874e-19
2023-01-25,0.001619572386392785,0.0036052994868956134,0.6,0.15084153298390407,0.0,0.24915846701609595,1.998726019440064e-20
2023-01-26,0.007341465965578302,0.00331523039353282,0.6,0.1541567633774369,0.0,0.24584323662256313,1.2621058589929557e-19
2023-01-27,-0.003966759945301169,0.0,0.6,0.1541567633774369,0.0,0.24584323662256313,1.2621058589929557e-19
2023-01-30,-0.013043843561426054,0.0,0.6,0.1541567633774369,0.0,0.24584323662256313,1.2621058589929557e-19
2023-01-31,0.014458712283086083,0.0,0.6,0.1541567633774369,0.0,0.24584323662256313,1.2621058589929557e-19
2023-02-01,0.0012787609810962029,0.0,0.6,0.1541567633774369,0.0,0.24584323662256313,1.2621058589929557e-19
2023-02-02,0.005344791885776386,0.054181723177728666,0.6,0.09997504019970824,0.0,0.3000249598002918,0.0
2023-02-03,-0.016798420289974168,0.04841346867903276,0.6,0.14838850887874097,3.8145962889794996e-19,0.251611491121259,0.0
2023-02-06,0.006438861151342639,0.28953368415095704,0.4588548247277839,0.0,6.461973525566047e-19,0.5411451752722161,2.219186538526278e-18
2023-02-07,0.014916699323145884,0.29943750609898967,0.5999999999999999,0.1582923308267737,0.0,0.2417076691732264,0.0
2023-02-08,-0.0025259557919917585,8.326672684688674e-17,0.6,0.15829233082677371,0.0,0.24170766917322642,0.0
2023-02-09,-0.009375853813684339,9.71445146547012e-17,0.5999999999999999,0.1582923308267737,0.0,0.24170766917322636,0.0
2023-02-10,0.006568550110423097,8.326672684688674e-17,0.6,0.15829233082677371,0.0,0.2417076691732264,0.0
2023-02-13,0.007095349385842773,0.0,0.6,0.15829233082677371,0.0,0.2417076691732264,0.0
2023-02-14,-0.00098810693085681,0.0,0.6,0.15829233082677371,0.0,0.2417076691732264,0.0
2023-02-15,-0.0008512304007186374,0.0,0.6,0.15829233082677371,0.0,0.2417076691732264,0.0
2023-02-16,-0.012499980786134724,0.0,0.6,0.15829233082677371,0.0,0.2417076691732264,0.0
2023-02-17,-0.005115412195650594,0.007054907286463893,0.5999999999999999,0.1653472381132375,0.0,0.2346527618867625,0.0
2023-02-21,-0.016405886177485566,8.326672684688674e-17,0.6,0.16534723811323754,0.0,0.23465276188676254,0.0
2023-02-22,-0.005539422250384953,0.0,0.6,0.16534723811323754,0.0,0.23465276188676254,0.0
2023-02-23,0.010084610709814097,0.0,0.6,0.16534723811323754,0.0,0.23465276188676254,0.0
2023-02-24,-0.006014031965876838,0.0,0.6,0.16534723811323754,0.0,0.23465276188676254,0.0
2023-02-27,-0.00047038405486788185,0.0,0.6,0.16534723811323754,0.0,0.23465276188676254,0.0
2023-02-28,0.0019338240581253286,0.0,0.6,0.16534723811323754,0.0,0.23465276188676254,0.0
2023-03-01,-0.0010753579916299703,0.0,0.6,0.16534723811323754,0.0,0.23465276188676254,0.0
2023-03-02,0.003993114958729088,0.0,0.6,0.16534723811323754,0.0,0.23465276188676254,0.0
2023-03-03,0.01898801493269879,0.0,0.6,0.16534723811323754,0.0,0.23465276188676254,0.0
2023-03-06,0.0012496141211294559,0.0,0.6,0.16534723811323754,0.0,0.23465276188676254,0.0
2023-03-07,-0.01678372432968782,0.004305397531556648,0.6,0.1696526356447942,0.0,0.2303473643552059,0.0
2023-03-08,-0.0015991713546652726,0.016532766500180124,0.6,0.15311986914461406,1.1707791271867548e-20,0.24688013085538602,0.0
2023-03-09,-0.013605654879776465,0.01652856990806087,0.6,0.16964843905267493,0.0,0.23035156094732515,0.0
2023-03-10,0.0003224741073840822,0.0,0.6,0.16964843905267493,0.0,0.23035156094732515,0.0
2023-03-13,-0.013284923915325987,0.21341859785306178,0.5562298411996129,1.7236794588995506e-16,1.6908795462302061e-18,0.4437701588003869,2.153045312235981e-18
2023-03-14,-0.007388940989157017,0.015455710139755972,0.5407741310598572,3.104720340703885e-19,0.0,0.4592258689401429,4.3122543112463673e-19
2023-03-15,-0.026037580473891337,0.035507755521291234,0.5052663755385659,9.038450398718656e-20,1.6248265584849661e-19,0.4947336244614341,2.0809620852547678e-19
2023-03-16,0.007685684253796923,0.0836896863639339,0.42157668917463204,2.348468489480847e-18,3.508537494950699e-19,0.578423310825368,3.240761913827608e-18
2023-03-17,-0.018191376355220536,0.011076237351560438,0.4326529265261924,0.0,2.3293937589252367e-19,0.5673470734738075,0.0
2023-03-20,0.014855784102631456,0.024205630878809836,0.4568585574050023,7.151366263091196e-19,1.2025766301564072e-20,0.5431414425949977,1.2951994302015439e-19
2023-03-21,0.019019666065029486,0.0055026287577397415,0.462361186162742,2.0752246213090586e-19,0.0,0.537638813837258,8.656050317301045e-20
2023-03-22,-0.004671228049346101,0.005434222017757978,0.46779540818049997,4.914867693092266e-19,6.203496450316539e-20,0.5322045918195,2.914377337639142e-19
2023-03-23,-0.004225556594876705,0.010523203014613403,0.45727220516588657,0.0,0.0,0.5427277948341134,0.0
2023-03-24,0.0028431326879496473,0.01551215245551879,0.4727843576214054,0.0,0.0,0.5272156423785946,3.5625421682895623e-19
2023-03-27,0.028122856765869574,0.006937402872200349,0.47972176049360576,2.475258575488466e-19,0.0,0.5202782395063943,1.62607117767439e-20
2023-03-28,0.002360109232393839,0.02273552732610118,0.4569862331675046,0.0,3.486715096808584e-19,0.5430137668324955,0.0
2023-03-29,0.003740054244358368,0.022320566095671485,0.4793067992631761,0.0,6.961195725006161e-19,0.520693200736824,0.0
2023-03-30,0.01203162500843612,0.021930677629891537,0.5012374768930676,0.0,0.0,0.4987625231069325,3.3467191607831376e-19
2023-03-31,0.01562890766548245,0.00400868606369334,0.49722879082937427,3.327256704525181e-19,0.0,0.5027712091706258,2.506795724163331e-19
2023-04-03,0.029569410313492903,0.024296186173386802,0.521524977002761,3.700481788472103e-19,5.870125333006059e-19,0.47847502299723893,7.513220730975533e-19
2023-04-04,0.002175601813698331,0.373765456812441,0.6,0.0,0.29529043381520204,0.10470956618479799,0.0
2023-04-05,-0.0018512200128529043,0.0,0.6,0.0,0.29529043381520204,0.10470956618479799,0.0
2023-04-06,0.0002637450500887315,0.0,0.6,0.0,0.29529043381520204,0.10470956618479799,0.0
2023-04-10,-0.002314518037172139,0.0,0.6,0.0,0.29529043381520204,0.10470956618479799,0.0
2023-04-11,0.003993871950666165,0.0,0.6,0.0,0.29529043381520204,0.10470956618479799,0.0
2023-04-12,0.0010006183929220926,0.0,0.6,0.0,0.29529043381520204,0.10470956618479799,0.0
2023-04-13,0.011049962799970652,0.0,0.6,0.0,0.29529043381520204,0.10470956618479799,0.0
2023-04-14,-0.006272481265831107,0.0,0.6,0.0,0.29529043381520204,0.10470956618479799,0.0
2023-04-17,-0.000977698626990286,0.0,0.6,0.0,0.29529043381520204,0.10470956618479799,0.0
2023-04-18,0.0013989990630138777,0.00447354093461802,0.6,6.880244692152822e-20,0.2997639747498201,0.10023602525018,1.087705002906615e-19
2023-04-19,-0.004193690195096968,0.04102366940020437,0.6,2.6670076227755694e-19,0.2587403053496157,0.14125969465038432,4.70555157409452e-19
2023-04-20,-0.009092036368631349,0.25874030534961573,0.5999999999999999,0.12075600391698085,3.0755628756839594e-17,0.2792439960830192,0.0
2023-04-21,0.0016305091178578676,0.04622312125884297,0.6,0.16697912517582378,0.0,0.23302087482417633,0.0
2023-04-24,0.005794116333910376,0.0,0.6,0.16697912517582378,0.0,0.23302087482417633,0.0
2023-04-25,-0.012553643344532833,0.0,0.6,0.16697912517582378,0.0,0.23302087482417633,0.0
2023-04-26,-0.012109138456218064,0.0,0.6,0.16697912517582378,0.0,0.23302087482417633,0.0
2023-04-27,0.011892242977069601,0.0,0.6,0.16697912517582378,0.0,0.23302087482417633,0.0
2023-04-28,0.013798635529928611,0.0,0.6,0.16697912517582378,0.0,0.23302087482417633,0.0
2023-05-01,-0.008700205534060321,0.0,0.6,0.16697912517582378,0.0,0.23302087482417633,0.0
2023-05-02,-0.021875947372618394,0.1569380176738464,0.6,0.0100411075019773,0.07130725954296094,0.31865163295506177,4.219821416787939e-19
2023-05-03,-0.005538122404133361,0.2360532756800874,0.6,0.0,0.3073605352230484,0.09263946477695173,0.0
2023-05-04,-0.0014890513870756419,0.0,0.6,0.0,0.3073605352230484,0.09263946477695173,0.0
2023-05-05,0.009853931089092806,0.0,0.6,0.0,0.3073605352230484,0.09263946477695173,0.0
2023-05-08,0.0023448189697155746,0.0,0.6,0.0,0.3073605352230484,0.09263946477695173,0.0
2023-05-09,0.0004262900662332254,0.0,0.6,0.0,0.3073605352230484,0.09263946477695173,0.0
2023-05-10,0.0016789654735356622,0.0,0.6,0.0,0.3073605352230484,0.09263946477695173,0.0
2023-05-11,-0.005324520212527001,0.0,0.6,0.0,0.3073605352230484,0.09263946477695173,0.0
2023-05-12,-0.003040208197131063,0.0,0.6,0.0,0.3073605352230484,0.09263946477695173,0.0
2023-05-15,0.004101358966815455,0.0,0.6,0.0,0.3073605352230484,0.09263946477695173,0.0
2023-05-16,-0.00856537129871359,0.009719737918005407,0.6,0.0,0.3170802731410538,0.08291972685894632,5.72800855000555e-20
2023-05-17,0.008916948123600724,0.0,0.6,0.0,0.3170802731410538,0.08291972685894632,5.72800855000555e-20
2023-05-18,0.000947779152422269,0.0,0.6,0.0,0.3170802731410538,0.08291972685894632,5.72800855000555e-20
2023-05-19,0.002084425366982992,0.0,0.6,0.0,0.3170802731410538,0.08291972685894632,5.72800855000555e-20
2023-05-22,-0.00048583655524108674,0.0,0.6,0.0,0.3170802731410538,0.08291972685894632,5.72800855000555e-20
2023-05-23,-0.005107434604812435,0.0,0.6,0.0,0.3170802731410538,0.08291972685894632,5.72800855000555e-20
2023-05-24,-0.005895426026002423,0.0,0.6,0.0,0.3170802731410538,0.08291972685894632,5.72800855000555e-20
2023-05-25,0.00016354349169345065,0.0,0.6,0.0,0.3170802731410538,0.08291972685894632,5.72800855000555e-20
2023-05-26,0.009956030108774034,0.0,0.6,0.0,0.3170802731410538,0.08291972685894632,5.72800855000555e-20
2023-05-30,-0.0010076425922112982,0.0,0.6,0.0,0.3170802731410538,0.08291972685894632,5.72800855000555e-20
2023-05-31,-0.004834598373601531,0.008025857757898366,0.6,0.0,0.32510613089895213,0.07489386910104791,0.0
