date,gross,turnover,w_SPY,w_TLT,w_GLD,w_USO,w_UUP
2019-01-02,0.00682033918162226,0.0,0.2,0.2,0.2,0.2,0.2
2019-01-03,0.0002549596793360201,0.0,0.2,0.2,0.2,0.2,0.2
2019-01-04,0.007076277279523358,0.0,0.2,0.2,0.2,0.2,0.2
2019-01-07,0.0029759993960644772,0.0,0.2,0.2,0.2,0.2,0.2
2019-01-08,0.005524543715949349,0.0,0.2,0.2,0.2,0.2,0.2
2019-01-09,0.010494021143531974,0.0,0.2,0.2,0.2,0.2,0.2
2019-01-10,0.0003373503365268205,0.0,0.2,0.2,0.2,0.2,0.2
2019-01-11,-0.002242677194774001,0.0,0.2,0.2,0.2,0.2,0.2
2019-01-14,-0.005341510554392493,0.0,0.2,0.2,0.2,0.2,0.2
2019-01-15,0.007727407028271949,0.0,0.2,0.2,0.2,0.2,0.2
2019-01-16,0.0026506374302330826,0.0,0.2,0.2,0.2,0.2,0.2
2019-01-17,0.0007630529898025709,0.0,0.2,0.2,0.2,0.2,0.2
2019-01-18,0.00553319146423974,0.0,0.2,0.2,0.2,0.2,0.2
2019-01-22,-0.003996257354986144,0.0,0.2,0.2,0.2,0.2,0.2
2019-01-23,-0.0016729874015515513,0.0,0.2,0.2,0.2,0.2,0.2
2019-01-24,0.004454523051546345,0.0,0.2,0.2,0.2,0.2,0.2
2019-01-25,0.003452970144806345,0.0,0.2,0.2,0.2,0.2,0.2
2019-01-28,-0.00619536305742825,0.0,0.2,0.2,0.2,0.2,0.2
2019-01-29,0.005781263926984304,0.0,0.2,0.2,0.2,0.2,0.2
2019-01-30,0.007443058071027386,0.0,0.2,0.2,0.2,0.2,0.2
2019-01-31,0.0030901918259420348,0.0,0.2,0.2,0.2,0.2,0.2
2019-02-01,0.0034214317114020566,0.0,0.2,0.2,0.2,0.2,0.2
2019-02-04,-0.002037277128387216,0.0,0.2,0.2,0.2,0.2,0.2
2019-02-05,-0.0008342876405427191,0.0,0.2,0.2,0.2,0.2,0.2
2019-02-06,-0.00020142968733516398,0.0,0.2,0.2,0.2,0.2,0.2
2019-02-07,-0.004047150827044566,0.0,0.2,0.2,0.2,0.2,0.2
2019-02-08,0.002271772515815984,0.0,0.2,0.2,0.2,0.2,0.2
2019-02-11,-0.0021417830321421418,0.0,0.2,0.2,0.2,0.2,0.2
2019-02-12,0.0045114800801576045,0.0,0.2,0.2,0.2,0.2,0.2
2019-02-13,0.003415353802068455,0.0,0.2,0.2,0.2,0.2,0.2
2019-02-14,0.004051672734217559,0.0,0.2,0.2,0.2,0.2,0.2
2019-02-15,0.0073045310037605626,0.0,0.2,0.2,0.2,0.2,0.2
2019-02-19,0.0043192063674838636,0.0,0.2,0.2,0.2,0.2,0.2
2019-02-20,0.002185893508412873,0.0,0.2,0.2,0.2,0.2,0.2
2019-02-21,-0.005442884601534127,0.0,0.2,0.2,0.2,0.2,0.2
2019-02-22,0.0042520808022055824,0.0,0.2,0.2,0.2,0.2,0.2
2019-02-25,-0.007042597928836969,0.0,0.2,0.2,0.2,0.2,0.2
2019-02-26,0.0014408627466500736,0.0,0.2,0.2,0.2,0.2,0.2
2019-02-27,0.0008582305522324642,0.0,0.2,0.2,0.2,0.2,0.2
2019-02-28,-0.001010677477642097,0.0,0.2,0.2,0.2,0.2,0.2
2019-03-01,-0.008076914550496594,0.0,0.2,0.2,0.2,0.2,0.2
2019-03-04,0.0029493872049448427,0.0,0.2,0.2,0.2,0.2,0.2
2019-03-05,0.0012917223467955319,0.0,0.2,0.2,0.2,0.2,0.2
2019-03-06,-0.001842399973601161,0.0,0.2,0.2,0.2,0.2,0.2
2019-03-07,0.002260948584877243,0.0,0.2,0.2,0.2,0.2,0.2
2019-03-08,0.0006631010640555822,0.0,0.2,0.2,0.2,0.2,0.2
2019-03-11,0.003085957486321589,0.0,0.2,0.2,0.2,0.2,0.2
2019-03-12,0.003487650799532993,0.0,0.2,0.2,0.2,0.2,0.2
2019-03-13,0.006464510073856999,0.0,0.2,0.2,0.2,0.2,0.2
2019-03-14,-0.0027687013186762366,0.0,0.2,0.2,0.2,0.2,0.2
2019-03-15,0.0025889705226950447,0.0,0.2,0.2,0.2,0.2,0.2
2019-03-18,0.0022949000566925507,0.0,0.2,0.2,0.2,0.2,0.2
2019-03-19,-0.0005618724237065332,0.0,0.2,0.2,0.2,0.2,0.2
2019-03-20,0.0052046368967480165,0.0,0.2,0.2,0.2,0.2,0.2
2019-03-21,0.002184133267589639,0.0,0.2,0.2,0.2,0.2,0.2
2019-03-22,-0.0032612576007872594,0.0,0.2,0.2,0.2,0.2,0.2
2019-03-25,0.002029693473117056,0.0,0.2,0.2,0.2,0.2,0.2
2019-03-26,0.004566182440318256,0.0,0.2,0.2,0.2,0.2,0.2
2019-03-27,-0.0021043424891543433,0.0,0.2,0.2,0.2,0.2,0.2
2019-03-28,-0.0005178874331646988,0.0,0.2,0.2,0.2,0.2,0.2
2019-03-29,0.003911905145356331,0.0,0.2,0.2,0.2,0.2,0.2
2019-04-01,0.003710424459342199,0.0,0.2,0.2,0.2,0.2,0.2
2019-04-02,0.004403348551289677,0.0,0.2,0.2,0.2,0.2,0.2
2019-04-03,-0.002328747963578559,0.0,0.2,0.2,0.2,0.2,0.2
2019-04-04,0.0007594222156753537,0.0,0.2,0.2,0.2,0.2,0.2
2019-04-05,0.004804299706556159,0.0,0.2,0.2,0.2,0.2,0.2
2019-04-08,0.003423562134013625,0.0,0.2,0.2,0.2,0.2,0.2
2019-04-09,-0.0003167403876220386,0.0,0.2,0.2,0.2,0.2,0.2
2019-04-10,0.002675604949648136,0.0,0.2,0.2,0.2,0.2,0.2
2019-04-11,-0.005259560099000283,0.0,0.2,0.2,0.2,0.2,0.2
2019-04-12,-0.00027714797886000384,0.0,0.2,0.2,0.2,0.2,0.2
2019-04-15,-0.0009823757215691176,0.0,0.2,0.2,0.2,0.2,0.2
2019-04-16,-0.0004878126343994982,0.0,0.2,0.2,0.2,0.2,0.2
2019-04-17,-0.0022893113450624058,0.0,0.2,0.2,0.2,0.2,0.2
2019-04-18,0.003270133976073586,0.0,0.2,0.2,0.2,0.2,0.2
2019-04-22,0.004008233495814562,0.0,0.2,0.2,0.2,0.2,0.2
2019-04-23,0.0042543226266958944,0.0,0.2,0.2,0.2,0.2,0.2
2019-04-24,0.0011690488893528529,0.0,0.2,0.2,0.2,0.2,0.2
2019-04-25,-0.002061085012351427,0.0,0.2,0.2,0.2,0.2,0.2
2019-04-26,-0.0037926735098142263,0.0,0.2,0.2,0.2,0.2,0.2
2019-04-29,-0.0001695368684051069,0.0,0.2,0.2,0.2,0.2,0.2
2019-04-30,0.002036246324619162,0.0,0.2,0.2,0.2,0.2,0.2
2019-05-01,-0.0028225030377355244,0.0,0.2,0.2,0.2,0.2,0.2
2019-05-02,-0.007741829530184675,0.0,0.2,0.2,0.2,0.2,0.2
2019-05-03,0.0037277112115703392,0.0,0.2,0.2,0.2,0.2,0.2
2019-05-06,0.0032528393526416455,0.0,0.2,0.2,0.2,0.2,0.2
2019-05-07,-0.0061952414883295285,0.0,0.2,0.2,0.2,0.2,0.2
2019-05-08,0.0009526856369550086,0.0,0.2,0.2,0.2,0.2,0.2
2019-05-09,-0.0009284454884905813,0.0,0.2,0.2,0.2,0.2,0.2
2019-05-10,0.0015040950903253193,0.0,0.2,0.2,0.2,0.2,0.2
2019-05-13,-0.0039047778315276062,0.0,0.2,0.2,0.2,0.2,0.2
2019-05-14,0.004333459898833026,0.0,0.2,0.2,0.2,0.2,0.2
2019-05-15,0.003916017709299391,0.0,0.2,0.2,0.2,0.2,0.2
2019-05-16,0.002903617863745822,0.0,0.2,0.2,0.2,0.2,0.2
2019-05-17,-0.0027198540623128765,0.0,0.2,0.2,0.2,0.2,0.2
2019-05-20,-0.0008332837694148276,0.0,0.2,0.2,0.2,0.2,0.2
2019-05-21,0.001020485496075829,0.0,0.2,0.2,0.2,0.2,0.2
2019-05-22,-0.0054553968445743015,0.0,0.2,0.2,0.2,0.2,0.2
2019-05-23,-0.009230331370413115,0.0,0.2,0.2,0.2,0.2,0.2
2019-05-24,0.0024731516800192256,0.0,0.2,0.2,0.2,0.2,0.2
2019-05-28,-0.00035709886898736007,0.0,0.2,0.2,0.2,0.2,0.2
2019-05-29,-5.0946127715212385e-05,0.0,0.2,0.2,0.2,0.2,0.2
2019-05-30,-0.004144581719877016,0.0,0.2,0.2,0.2,0.2,0.2
2019-05-31,-0.009552860782853025,0.0,0.2,0.2,0.2,0.2,0.2
2019-06-03,0.0006699529184866601,0.0,0.2,0.2,0.2,0.2,0.2
2019-06-04,0.004989565576230737,0.0,0.2,0.2,0.2,0.2,0.2
2019-06-05,-0.005187444053608138,0.0,0.2,0.2,0.2,0.2,0.2
2019-06-06,0.00729862486032431,0.0,0.2,0.2,0.2,0.2,0.2
2019-06-07,0.00709266986307573,0.0,0.2,0.2,0.2,0.2,0.2
2019-06-10,-0.004862125167463472,0.0,0.2,0.2,0.2,0.2,0.2
2019-06-11,-8.859208744089743e-05,0.0,0.2,0.2,0.2,0.2,0.2
2019-06-12,-0.007085318560822107,0.0,0.2,0.2,0.2,0.2,0.2
2019-06-13,0.007401993316024714,0.0,0.2,0.2,0.2,0.2,0.2
2019-06-14,0.0023920413533746747,0.0,0.2,0.2,0.2,0.2,0.2
2019-06-17,-0.0020010454102792788,0.0,0.2,0.2,0.2,0.2,0.2
2019-06-18,0.012553214363211307,0.0,0.2,0.2,0.2,0.2,0.2
2019-06-19,0.0024617986142005943,0.0,0.2,0.2,0.2,0.2,0.2
2019-06-20,0.015434123592608272,0.0,0.2,0.2,0.2,0.2,0.2
2019-06-21,-0.00013245861289095133,0.0,0.2,0.2,0.2,0.2,0.2
2019-06-24,0.00457655650199158,0.0,0.2,0.2,0.2,0.2,0.2
2019-06-25,-0.0006574981697225369,0.0,0.2,0.2,0.2,0.2,0.2
2019-06-26,0.0016749154477308402,0.0,0.2,0.2,0.2,0.2,0.2
2019-06-27,0.0019230296838618655,0.0,0.2,0.2,0.2,0.2,0.2
2019-06-28,-0.0027864624117369674,0.0,0.2,0.2,0.2,0.2,0.2
2019-07-01,0.002923907504762879,0.0,0.2,0.2,0.2,0.2,0.2
2019-07-02,-0.003263688370019404,0.0,0.2,0.2,0.2,0.2,0.2
2019-07-03,0.004551269987385531,0.0,0.2,0.2,0.2,0.2,0.2
2019-07-05,-0.0009804883523922394,0.0,0.2,0.2,0.2,0.2,0.2
2019-07-08,-0.00206776089645746,0.0,0.2,0.2,0.2,0.2,0.2
2019-07-09,0.002870637680925015,0.0,0.2,0.2,0.2,0.2,0.2
2019-07-10,0.010316300359497021,0.0,0.2,0.2,0.2,0.2,0.2
2019-07-11,-0.003570586790204722,0.0,0.2,0.2,0.2,0.2,0.2
2019-07-12,0.0015177777186258902,0.0,0.2,0.2,0.2,0.2,0.2
2019-07-15,-0.0019905616733701726,0.0,0.2,0.2,0.2,0.2,0.2
2019-07-16,-0.0057579999817994,0.0,0.2,0.2,0.2,0.2,0.2
2019-07-17,-0.001590189271431175,0.0,0.2,0.2,0.2,0.2,0.2
2019-07-18,-0.0007277717963696476,0.0,0.2,0.2,0.2,0.2,0.2
2019-07-19,-0.0016292085938572672,0.0,0.2,0.2,0.2,0.2,0.2
2019-07-22,0.001393018079954378,0.0,0.2,0.2,0.2,0.2,0.2
2019-07-23,0.0023452131491930044,0.0,0.2,0.2,0.2,0.2,0.2
2019-07-24,-0.0008997753228481508,0.0,0.2,0.2,0.2,0.2,0.2
2019-07-25,-0.0027748908512013728,0.0,0.2,0.2,0.2,0.2,0.2
2019-07-26,0.0033062607322292157,0.0,0.2,0.2,0.2,0.2,0.2
2019-07-29,0.004097726055583628,0.0,0.2,0.2,0.2,0.2,0.2
2019-07-30,0.005063947774026123,0.0,0.2,0.2,0.2,0.2,0.2
2019-07-31,-0.0026603953762108336,0.0,0.2,0.2,0.2,0.2,0.2
2019-08-01,-0.005689889589095177,0.0,0.2,0.2,0.2,0.2,0.2
2019-08-02,0.0021359068997839565,0.0,0.2,0.2,0.2,0.2,0.2
2019-08-05,-0.002654801382210437,0.0,0.2,0.2,0.2,0.2,0.2
2019-08-06,0.0022099116554315846,0.0,0.2,0.2,0.2,0.2,0.2
2019-08-07,-0.0023094567246668037,0.0,0.2,0.2,0.2,0.2,0.2
2019-08-08,0.007724545963202623,0.0,0.2,0.2,0.2,0.2,0.2
2019-08-09,0.00318834737550835,0.0,0.2,0.2,0.2,0.2,0.2
2019-08-12,0.004942286357976045,0.0,0.2,0.2,0.2,0.2,0.2
2019-08-13,0.011119463604153678,0.0,0.2,0.2,0.2,0.2,0.2
2019-08-14,-0.006832747009846152,0.0,0.2,0.2,0.2,0.2,0.2
2019-08-15,0.00266019234259971,0.0,0.2,0.2,0.2,0.2,0.2
2019-08-16,0.0010996586827462405,0.0,0.2,0.2,0.2,0.2,0.2
2019-08-19,0.002221332973139756,0.0,0.2,0.2,0.2,0.2,0.2
2019-08-20,0.0011317810186624257,0.0,0.2,0.2,0.2,0.2,0.2
2019-08-21,-0.00045774730455676576,0.0,0.2,0.2,0.2,0.2,0.2
2019-08-22,-0.0034255491446639973,0.0,0.2,0.2,0.2,0.2,0.2
2019-08-23,-0.004955096656050007,0.0,0.2,0.2,0.2,0.2,0.2
2019-08-26,0.002308025222086863,0.0,0.2,0.2,0.2,0.2,0.2
2019-08-27,0.008354536131129754,0.0,0.2,0.2,0.2,0.2,0.2
2019-08-28,0.005405834724313197,0.0,0.2,0.2,0.2,0.2,0.2
2019-08-29,0.0032936942062925523,0.0,0.2,0.2,0.2,0.2,0.2
2019-08-30,-0.005233711627586591,0.0,0.2,0.2,0.2,0.2,0.2
2019-09-03,-0.001870221980840458,0.0,0.2,0.2,0.2,0.2,0.2
2019-09-04,0.011289427788627472,0.0,0.2,0.2,0.2,0.2,0.2
2019-09-05,-0.005947212934558311,0.0,0.2,0.2,0.2,0.2,0.2
2019-09-06,0.001144068881667093,0.0,0.2,0.2,0.2,0.2,0.2
2019-09-09,0.0006949079471390453,0.0,0.2,0.2,0.2,0.2,0.2
2019-09-10,-0.006695265557549335,0.0,0.2,0.2,0.2,0.2,0.2
2019-09-11,-0.0021308978870152816,0.0,0.2,0.2,0.2,0.2,0.2
2019-09-12,-0.004398146351247756,0.0,0.2,0.2,0.2,0.2,0.2
2019-09-13,-0.0068825098064675405,0.0,0.2,0.2,0.2,0.2,0.2
2019-09-16,0.028799564373082932,0.0,0.2,0.2,0.2,0.2,0.2
2019-09-17,-0.00732455245857302,0.0,0.2,0.2,0.2,0.2,0.2
2019-09-18,-0.0026320945090223093,0.0,0.2,0.2,0.2,0.2,0.2
2019-09-19,0.0024387149541936774,0.0,0.2,0.2,0.2,0.2,0.2
2019-09-20,0.004748395103262282,0.0,0.2,0.2,0.2,0.2,0.2
2019-09-23,0.0014922365665170246,0.0,0.2,0.2,0.2,0.2,0.2
2019-09-24,-0.00392321193186691,0.0,0.2,0.2,0.2,0.2,0.2
2019-09-25,-0.0055633700787101285,0.0,0.2,0.2,0.2,0.2,0.2
2019-09-26,0.0013323783069139506,0.0,0.2,0.2,0.2,0.2,0.2
2019-09-27,-0.004284135566730063,0.0,0.2,0.2,0.2,0.2,0.2
2019-09-30,-0.006509508791419117,0.0,0.2,0.2,0.2,0.2,0.2
2019-10-01,-0.0039920385336480015,0.0,0.2,0.2,0.2,0.2,0.2
2019-10-02,-0.004611027457432826,0.0,0.2,0.2,0.2,0.2,0.2
2019-10-03,0.0033843780070460967,0.0,0.2,0.2,0.2,0.2,0.2
2019-10-04,0.006047533592322752,0.0,0.2,0.2,0.2,0.2,0.2
2019-10-07,-0.0038550674831457693,0.0,0.2,0.2,0.2,0.2,0.2
2019-10-08,-0.003238967545752503,0.0,0.2,0.2,0.2,0.2,0.2
2019-10-09,0.00264145263784259,0.0,0.2,0.2,0.2,0.2,0.2
2019-10-10,-0.0005462575369316271,0.0,0.2,0.2,0.2,0.2,0.2
2019-10-11,0.0018580484332133109,0.0,0.2,0.2,0.2,0.2,0.2
2019-10-14,-0.0015770086854382196,0.0,0.2,0.2,0.2,0.2,0.2
2019-10-15,-0.004573070123788604,0.0,0.2,0.2,0.2,0.2,0.2
2019-10-16,0.001992695874693906,0.0,0.2,0.2,0.2,0.2,0.2
2019-10-17,0.002154555517696633,0.0,0.2,0.2,0.2,0.2,0.2
2019-10-18,-0.0029030729565853843,0.0,0.2,0.2,0.2,0.2,0.2
2019-10-21,-0.001130324398140403,0.0,0.2,0.2,0.2,0.2,0.2
2019-10-22,0.003873616741114128,0.0,0.2,0.2,0.2,0.2,0.2
2019-10-23,0.006645992321855299,0.0,0.2,0.2,0.2,0.2,0.2
2019-10-24,0.0033228653557456633,0.0,0.2,0.2,0.2,0.2,0.2
2019-10-25,0.0022380969854796096,0.0,0.2,0.2,0.2,0.2,0.2
2019-10-28,-0.005604715623779244,0.0,0.2,0.2,0.2,0.2,0.2
2019-10-29,-0.001759289388461438,0.0,0.2,0.2,0.2,0.2,0.2
2019-10-30,0.002289049207785343,0.0,0.2,0.2,0.2,0.2,0.2
2019-10-31,0.0008254457447346207,0.0,0.2,0.2,0.2,0.2,0.2
2019-11-01,0.008247096596615044,0.0,0.2,0.2,0.2,0.2,0.2
2019-11-04,0.0004015032626715209,0.0,0.2,0.2,0.2,0.2,0.2
2019-11-05,-0.002924674841816133,0.0,0.2,0.2,0.2,0.2,0.2
2019-11-06,0.00010225644773491653,0.0,0.2,0.2,0.2,0.2,0.2
2019-11-07,-0.004391200872011881,0.0,0.2,0.2,0.2,0.2,0.2
2019-11-08,0.0006777719710570728,0.0,0.2,0.2,0.2,0.2,0.2
2019-11-11,-0.002694288360784092,0.0,0.2,0.2,0.2,0.2,0.2
2019-11-12,0.0018413925434003888,0.0,0.2,0.2,0.2,0.2,0.2
2019-11-13,0.0036050444488664683,0.0,0.2,0.2,0.2,0.2,0.2
2019-11-14,0.002212813025056626,0.0,0.2,0.2,0.2,0.2,0.2
2019-11-15,0.0031327886694679785,0.0,0.2,0.2,0.2,0.2,0.2
2019-11-18,-0.0022493825910694597,0.0,0.2,0.2,0.2,0.2,0.2
2019-11-19,-0.003612091273272955,0.0,0.2,0.2,0.2,0.2,0.2
2019-11-20,0.007131153393945034,0.0,0.2,0.2,0.2,0.2,0.2
2019-11-21,0.002671622756698011,0.0,0.2,0.2,0.2,0.2,0.2
2019-11-22,-0.0005534534186390161,0.0,0.2,0.2,0.2,0.2,0.2
2019-11-25,0.0013265013248133562,0.0,0.2,0.2,0.2,0.2,0.2
2019-11-26,0.003683264228491767,0.0,0.2,0.2,0.2,0.2,0.2
2019-11-27,-0.0012722922903949606,0.0,0.2,0.2,0.2,0.2,0.2
2019-11-29,-0.008716860910366343,0.0,0.2,0.2,0.2,0.2,0.2
2019-12-02,-0.004424058312907842,0.0,0.2,0.2,0.2,0.2,0.2
2019-12-03,0.00608666925904997,0.0,0.2,0.2,0.2,0.2,0.2
2019-12-04,0.006052601084631815,0.0,0.2,0.2,0.2,0.2,0.2
2019-12-05,-0.0009468342632972472,0.0,0.2,0.2,0.2,0.2,0.2
2019-12-06,0.001616886973000842,0.0,0.2,0.2,0.2,0.2,0.2
2019-12-09,-0.0003150948099730044,0.0,0.2,0.2,0.2,0.2,0.2
2019-12-10,0.0011072519316317033,0.0,0.2,0.2,0.2,0.2,0.2
2019-12-11,0.001315868629589545,0.0,0.2,0.2,0.2,0.2,0.2
2019-12-12,-0.0008344942923691481,0.0,0.2,0.2,0.2,0.2,0.2
2019-12-13,0.005269225343526741,0.0,0.2,0.2,0.2,0.2,0.2
2019-12-16,0.0007878805936750944,0.0,0.2,0.2,0.2,0.2,0.2
2019-12-17,0.0021657854148493085,0.0,0.2,0.2,0.2,0.2,0.2
2019-12-18,-0.0009259125868537499,0.0,0.2,0.2,0.2,0.2,0.2
2019-12-19,0.002285638807764912,0.0,0.2,0.2,0.2,0.2,0.2
2019-12-20,-0.00033210982814344567,0.0,0.2,0.2,0.2,0.2,0.2
2019-12-23,0.0016312651722975025,0.0,0.2,0.2,0.2,0.2,0.2
2019-12-24,0.0035665184961808814,0.0,0.2,0.2,0.2,0.2,0.2
2019-12-26,0.004693175745505274,0.0,0.2,0.2,0.2,0.2,0.2
2019-12-27,-0.0005822668236163954,0.0,0.2,0.2,0.2,0.2,0.2
2019-12-30,-0.0021024092878124236,0.0,0.2,0.2,0.2,0.2,0.2
2019-12-31,-0.0028733163872402432,0.0,0.2,0.2,0.2,0.2,0.2
2020-01-02,0.006291702953962997,0.0,0.2,0.2,0.2,0.2,0.2
2020-01-03,0.01022619913105689,0.0,0.2,0.2,0.2,0.2,0.2
2020-01-06,0.000961837285793754,0.0,0.2,0.2,0.2,0.2,0.2
2020-01-07,-0.0005229881112693404,0.0,0.2,0.2,0.2,0.2,0.2
2020-01-08,-0.008379656084774,0.0,0.2,0.2,0.2,0.2,0.2
2020-01-09,-0.001375937537475047,0.0,0.2,0.2,0.2,0.2,0.2
2020-01-10,0.0009743991435610111,0.0,0.2,0.2,0.2,0.2,0.2
2020-01-13,-0.004099542576720361,0.0,0.2,0.2,0.2,0.2,0.2
2020-01-14,0.001933297624701802,0.0,0.2,0.2,0.2,0.2,0.2
2020-01-15,0.001011503064582131,0.0,0.2,0.2,0.2,0.2,0.2
2020-01-16,0.0028314190016882623,0.0,0.2,0.2,0.2,0.2,0.2
2020-01-17,0.0006190295049774311,0.0,0.2,0.2,0.2,0.2,0.2
2020-01-21,0.00031601131836636034,0.0,0.2,0.2,0.2,0.2,0.2
2020-01-22,-0.004912725411893804,0.0,0.2,0.2,0.2,0.2,0.2
2020-01-23,-0.0014214930019496256,0.0,0.2,0.2,0.2,0.2,0.2
2020-01-24,-0.002633308121150879,0.0,0.2,0.2,0.2,0.2,0.2
2020-01-27,-0.004201069372150635,0.0,0.2,0.2,0.2,0.2,0.2
2020-01-28,0.0014469393737993168,0.0,0.2,0.2,0.2,0.2,0.2
2020-01-29,0.0015768673532810642,0.0,0.2,0.2,0.2,0.2,0.2
2020-01-30,-0.0013479331209805825,0.0,0.2,0.2,0.2,0.2,0.2
2020-01-31,-0.005812870415810268,0.0,0.2,0.2,0.2,0.2,0.2
2020-02-03,-0.005443709094443782,0.0,0.2,0.2,0.2,0.2,0.2
2020-02-04,-0.002897245266208915,0.0,0.2,0.2,0.2,0.2,0.2
2020-02-05,0.0061053314201710675,0.0,0.2,0.2,0.2,0.2,0.2
2020-02-06,0.003776399982357548,0.0,0.2,0.2,0.2,0.2,0.2
2020-02-07,-0.0005695082113970963,0.0,0.2,0.2,0.2,0.2,0.2
2020-02-10,-0.0001632871761214406,0.0,0.2,0.2,0.2,0.2,0.2
2020-02-11,-3.905193634758938e-05,0.0,0.2,0.2,0.2,0.2,0.2
2020-02-12,0.0065424211864541625,0.0,0.2,0.2,0.2,0.2,0.2
2020-02-13,0.002472054206991836,0.0,0.2,0.2,0.2,0.2,0.2
2020-02-14,0.003986436453341668,0.0,0.2,0.2,0.2,0.2,0.2
2020-02-18,0.004165502101581665,0.0,0.2,0.2,0.2,0.2,0.2
2020-02-19,0.006681926259142723,0.0,0.2,0.2,0.2,0.2,0.2
2020-02-20,0.003945527032623941,0.0,0.2,0.2,0.2,0.2,0.2
2020-02-21,-0.000499843190591265,0.0,0.2,0.2,0.2,0.2,0.2
2020-02-24,-0.009302641373883258,0.0,0.2,0.2,0.2,0.2,0.2
2020-02-25,-0.015497927782475919,0.0,0.2,0.2,0.2,0.2,0.2
2020-02-26,-0.00480983373599524,0.0,0.2,0.2,0.2,0.2,0.2
2020-02-27,-0.016015761490119983,0.0,0.2,0.2,0.2,0.2,0.2
2020-02-28,-0.011046852988431444,0.0,0.2,0.2,0.2,0.2,0.2
2020-03-02,0.017186748545806707,0.0,0.2,0.2,0.2,0.2,0.2
2020-03-03,0.0022270153377962785,0.0,0.2,0.2,0.2,0.2,0.2
2020-03-04,0.006711893744489905,0.0,0.2,0.2,0.2,0.2,0.2
2020-03-05,-0.003937467715068089,0.0,0.2,0.2,0.2,0.2,0.2
2020-03-06,-0.01228211091613787,0.0,0.2,0.2,0.2,0.2,0.2
2020-03-09,-0.06265010978369541,0.0,0.2,0.2,0.2,0.2,0.2
2020-03-10,0.020915299890551964,0.0,0.2,0.2,0.2,0.2,0.2
2020-03-11,-0.02580216772950583,0.0,0.2,0.2,0.2,0.2,0.2
2020-03-12,-0.035260471412474084,0.0,0.2,0.2,0.2,0.2,0.2
2020-03-13,0.02367091698009522,0.03698237195661894,0.2,0.23698237195661892,0.2,0.16301762804338105,0.2
2020-03-16,-0.03655376987965084,0.0,0.2,0.23698237195661892,0.2,0.16301762804338105,0.2
2020-03-17,-0.00791542389063231,0.0,0.2,0.23698237195661892,0.2,0.16301762804338105,0.2
2020-03-18,-0.05299556268919131,0.0,0.2,0.23698237195661892,0.2,0.16301762804338105,0.2
2020-03-19,0.028016036526800243,0.023261812156672057,0.2,0.2505352172974398,0.2,0.139755815886709,0.20970896681585116
2020-03-20,0.0014312462603250876,0.0,0.2,0.2505352172974398,0.2,0.139755815886709,0.20970896681585116
2020-03-23,0.01204989675694772,0.0,0.2,0.2505352172974398,0.2,0.139755815886709,0.20970896681585116
2020-03-24,0.023627597013600683,0.0,0.2,0.2505352172974398,0.2,0.139755815886709,0.20970896681585116
2020-03-25,0.0005215687587654256,0.0,0.2,0.2505352172974398,0.2,0.139755815886709,0.20970896681585116
2020-03-26,0.0071070896375749395,0.03469339733083724,0.20000000000000004,0.28522861462827703,0.2,0.10506241855587174,0.20970896681585116
2020-03-27,-0.009178299831400755,0.0,0.20000000000000004,0.28522861462827703,0.2,0.10506241855587174,0.20970896681585116
2020-03-30,0.0003286142775461567,0.0,0.20000000000000004,0.28522861462827703,0.2,0.10506241855587174,0.20970896681585116
2020-03-31,-0.012318541994584533,0.0,0.20000000000000004,0.28522861462827703,0.2,0.10506241855587174,0.20970896681585116
2020-04-01,0.002457529101989768,0.0,0.20000000000000004,0.28522861462827703,0.2,0.10506241855587174,0.20970896681585116
2020-04-02,0.022769095049909253,0.0345089729794969,0.20000000000000004,0.319737587607774,0.2,0.0705534455763749,0.20970896681585116
2020-04-03,0.010924089066116584,0.0,0.20000000000000004,0.319737587607774,0.2,0.0705534455763749,0.20970896681585116
2020-04-06,0.01319473109492814,0.0,0.20000000000000004,0.319737587607774,0.2,0.0705534455763749,0.20970896681585116
2020-04-07,-0.011156793225133927,0.0,0.20000000000000004,0.319737587607774,0.2,0.0705534455763749,0.20970896681585116
2020-04-08,0.007261989818180039,0.0,0.20000000000000004,0.319737587607774,0.2,0.0705534455763749,0.20970896681585116
2020-04-09,0.003226065137442889,0.014049844325007221,0.19999999999999998,0.3337874319327811,0.19999999999999996,0.05650360125136773,0.2097089668158511
2020-04-13,-0.0023237000694456287,0.0,0.19999999999999998,0.3337874319327811,0.19999999999999996,0.05650360125136773,0.2097089668158511
2020-04-14,0.003127281034749225,0.0,0.19999999999999998,0.3337874319327811,0.19999999999999996,0.05650360125136773,0.2097089668158511
2020-04-15,0.0023500610162221327,0.0,0.19999999999999998,0.3337874319327811,0.19999999999999996,0.05650360125136773,0.2097089668158511
2020-04-16,0.004623271251132564,0.0,0.19999999999999998,0.3337874319327811,0.19999999999999996,0.05650360125136773,0.2097089668158511
2020-04-17,-0.005204184081467033,0.011264513616253146,0.19999999999999998,0.34505194554903434,0.19999999999999996,0.04523908763511469,0.2097089668158511
2020-04-20,-0.0035666041430207377,0.0,0.19999999999999998,0.34505194554903434,0.19999999999999996,0.04523908763511469,0.2097089668158511
2020-04-21,-0.014123229484861895,0.0,0.19999999999999998,0.34505194554903434,0.19999999999999996,0.04523908763511469,0.2097089668158511
2020-04-22,0.0006360859580318698,0.0,0.19999999999999998,0.34505194554903434,0.19999999999999996,0.04523908763511469,0.2097089668158511
2020-04-23,0.006228305922910028,0.0,0.19999999999999998,0.34505194554903434,0.19999999999999996,0.04523908763511469,0.2097089668158511
2020-04-24,0.0019053208987910057,0.02864010900906854,0.19999999999999998,0.3736920545581028,0.19999999999999996,0.016598978626046045,0.2097089668158511
2020-04-27,-0.008394624124870274,0.0,0.19999999999999998,0.3736920545581028,0.19999999999999996,0.016598978626046045,0.2097089668158511
2020-04-28,0.001803758974205235,0.0,0.19999999999999998,0.3736920545581028,0.19999999999999996,0.016598978626046045,0.2097089668158511
2020-04-29,0.004486299887229044,0.0,0.19999999999999998,0.3736920545581028,0.19999999999999996,0.016598978626046045,0.2097089668158511
2020-04-30,-0.010138610850947216,0.0,0.19999999999999998,0.3736920545581028,0.19999999999999996,0.016598978626046045,0.2097089668158511
2020-05-01,-0.00048336320213905734,0.016598978626046094,0.19999999999999998,0.39029103318414893,0.19999999999999996,5.035731961571684e-18,0.2097089668158511
2020-05-04,0.000589579105272715,0.0,0.19999999999999998,0.39029103318414893,0.19999999999999996,5.035731961571684e-18,0.2097089668158511
2020-05-05,0.00035328869687100035,0.0,0.19999999999999998,0.39029103318414893,0.19999999999999996,5.035731961571684e-18,0.2097089668158511
2020-05-06,-0.00921426281673025,0.0,0.19999999999999998,0.39029103318414893,0.19999999999999996,5.035731961571684e-18,0.2097089668158511
2020-05-07,0.011385206192580894,0.0,0.19999999999999998,0.39029103318414893,0.19999999999999996,5.035731961571684e-18,0.2097089668158511
2020-05-08,-0.0030446867454754674,0.0,0.19999999999999998,0.39029103318414893,0.19999999999999996,5.035731961571684e-18,0.2097089668158511
2020-05-11,-0.0034764825783723035,0.0,0.19999999999999998,0.39029103318414893,0.19999999999999996,5.035731961571684e-18,0.2097089668158511
2020-05-12,0.00041125672533766106,0.0,0.19999999999999998,0.39029103318414893,0.19999999999999996,5.035731961571684e-18,0.2097089668158511
2020-05-13,0.0015051093320003664,0.0,0.19999999999999998,0.39029103318414893,0.19999999999999996,5.035731961571684e-18,0.2097089668158511
2020-05-14,0.008215249198533364,0.0,0.19999999999999998,0.39029103318414893,0.19999999999999996,5.035731961571684e-18,0.2097089668158511
2020-05-15,0.001198709039084719,0.0,0.19999999999999998,0.39029103318414893,0.19999999999999996,5.035731961571684e-18,0.2097089668158511
2020-05-18,-0.00568694057951497,0.0,0.19999999999999998,0.39029103318414893,0.19999999999999996,5.035731961571684e-18,0.2097089668158511
2020-05-19,0.0011804807148172356,0.0,0.19999999999999998,0.39029103318414893,0.19999999999999996,5.035731961571684e-18,0.2097089668158511
2020-05-20,0.004340309587214501,0.0,0.19999999999999998,0.39029103318414893,0.19999999999999996,5.035731961571684e-18,0.2097089668158511
2020-05-21,-0.002852715793378165,0.0,0.19999999999999998,0.39029103318414893,0.19999999999999996,5.035731961571684e-18,0.2097089668158511
2020-05-22,0.004534634380192491,0.0,0.19999999999999998,0.39029103318414893,0.19999999999999996,5.035731961571684e-18,0.2097089668158511
2020-05-26,-0.007166507191281156,0.0,0.19999999999999998,0.39029103318414893,0.19999999999999996,5.035731961571684e-18,0.2097089668158511
2020-05-27,0.002541051119601955,0.0,0.19999999999999998,0.39029103318414893,0.19999999999999996,5.035731961571684e-18,0.2097089668158511
2020-05-28,-0.0022314876717277592,0.0,0.19999999999999998,0.39029103318414893,0.19999999999999996,5.035731961571684e-18,0.2097089668158511
2020-05-29,0.004835132492470995,0.0,0.19999999999999998,0.39029103318414893,0.19999999999999996,5.035731961571684e-18,0.2097089668158511
2020-06-01,-0.002081047049870739,0.0,0.19999999999999998,0.39029103318414893,0.19999999999999996,5.035731961571684e-18,0.2097089668158511
2020-06-02,-0.0012961833498948347,0.0,0.19999999999999998,0.39029103318414893,0.19999999999999996,5.035731961571684e-18,0.2097089668158511
2020-06-03,-0.007488225929240354,0.0,0.19999999999999998,0.39029103318414893,0.19999999999999996,5.035731961571684e-18,0.2097089668158511
2020-06-04,-0.004869728617846865,0.0,0.19999999999999998,0.39029103318414893,0.19999999999999996,5.035731961571684e-18,0.2097089668158511
2020-06-05,-0.0013085608495318906,0.0,0.19999999999999998,0.39029103318414893,0.19999999999999996,5.035731961571684e-18,0.2097089668158511
2020-06-08,0.005521936933834237,0.0,0.19999999999999998,0.39029103318414893,0.19999999999999996,5.035731961571684e-18,0.2097089668158511
2020-06-09,0.0042284199095099775,0.0,0.19999999999999998,0.39029103318414893,0.19999999999999996,5.035731961571684e-18,0.2097089668158511
2020-06-10,0.00648976156627557,0.0,0.19999999999999998,0.39029103318414893,0.19999999999999996,5.035731961571684e-18,0.2097089668158511
2020-06-11,-0.0034927516424168893,0.0,0.19999999999999998,0.39029103318414893,0.19999999999999996,5.035731961571684e-18,0.2097089668158511
2020-06-12,-0.0005240790121674179,0.0,0.19999999999999998,0.39029103318414893,0.19999999999999996,5.035731961571684e-18,0.2097089668158511
2020-06-15,0.0008484074817711815,0.0,0.19999999999999998,0.39029103318414893,0.19999999999999996,5.035731961571684e-18,0.2097089668158511
2020-06-16,-0.001592032728314627,0.0,0.19999999999999998,0.39029103318414893,0.19999999999999996,5.035731961571684e-18,0.2097089668158511
2020-06-17,0.0013224412420423841,0.0,0.19999999999999998,0.39029103318414893,0.19999999999999996,5.035731961571684e-18,0.2097089668158511
2020-06-18,0.004614394484851765,0.0,0.19999999999999998,0.39029103318414893,0.19999999999999996,5.035731961571684e-18,0.2097089668158511
2020-06-19,0.0016151414649938078,0.0,0.19999999999999998,0.39029103318414893,0.19999999999999996,5.035731961571684e-18,0.2097089668158511
2020-06-22,0.0015104635282491145,0.0,0.19999999999999998,0.39029103318414893,0.19999999999999996,5.035731961571684e-18,0.2097089668158511
2020-06-23,-0.000781986131030114,0.0,0.19999999999999998,0.39029103318414893,0.19999999999999996,5.035731961571684e-18,0.2097089668158511
2020-06-24,-0.0006504589277613821,0.0,0.19999999999999998,0.39029103318414893,0.19999999999999996,5.035731961571684e-18,0.2097089668158511
2020-06-25,0.003468416391365549,0.0,0.19999999999999998,0.39029103318414893,0.19999999999999996,5.035731961571684e-18,0.2097089668158511
2020-06-26,0.0006383310321822488,0.0,0.19999999999999998,0.39029103318414893,0.19999999999999996,5.035731961571684e-18,0.2097089668158511
2020-06-29,0.0018992287450144913,0.0,0.19999999999999998,0.39029103318414893,0.19999999999999996,5.035731961571684e-18,0.2097089668158511
2020-06-30,0.0012362081771588734,0.0,0.19999999999999998,0.39029103318414893,0.19999999999999996,5.035731961571684e-18,0.2097089668158511
2020-07-01,-0.0007311873980387002,0.0,0.19999999999999998,0.39029103318414893,0.19999999999999996,5.035731961571684e-18,0.2097089668158511
2020-07-02,0.002099106218001856,0.0,0.19999999999999998,0.39029103318414893,0.19999999999999996,5.035731961571684e-18,0.2097089668158511
2020-07-06,0.0015697584221242237,0.0,0.19999999999999998,0.39029103318414893,0.19999999999999996,5.035731961571684e-18,0.2097089668158511
2020-07-07,0.005166448487011646,0.0,0.19999999999999998,0.39029103318414893,0.19999999999999996,5.035731961571684e-18,0.2097089668158511
2020-07-08,9.237863622903316e-05,0.0,0.19999999999999998,0.39029103318414893,0.19999999999999996,5.035731961571684e-18,0.2097089668158511
2020-07-09,0.005259058710287479,0.0,0.19999999999999998,0.39029103318414893,0.19999999999999996,5.035731961571684e-18,0.2097089668158511
2020-07-10,-0.0007586098563173277,0.0,0.19999999999999998,0.39029103318414893,0.19999999999999996,5.035731961571684e-18,0.2097089668158511
2020-07-13,-0.0005142765532132243,0.0,0.19999999999999998,0.39029103318414893,0.19999999999999996,5.035731961571684e-18,0.2097089668158511
2020-07-14,0.0036834850180744822,0.0,0.19999999999999998,0.39029103318414893,0.19999999999999996,5.035731961571684e-18,0.2097089668158511
2020-07-15,-0.0003719584545616326,0.0,0.19999999999999998,0.39029103318414893,0.19999999999999996,5.035731961571684e-18,0.2097089668158511
2020-07-16,3.182661695033326e-05,0.0,0.19999999999999998,0.39029103318414893,0.19999999999999996,5.035731961571684e-18,0.2097089668158511
2020-07-17,0.0005243791080757881,0.0,0.19999999999999998,0.39029103318414893,0.19999999999999996,5.035731961571684e-18,0.2097089668158511
2020-07-20,0.0032163274157835566,0.0,0.19999999999999998,0.39029103318414893,0.19999999999999996,5.035731961571684e-18,0.2097089668158511
2020-07-21,0.0017730770335698262,0.0,0.19999999999999998,0.39029103318414893,0.19999999999999996,5.035731961571684e-18,0.2097089668158511
2020-07-22,0.004774860262716581,0.0,0.19999999999999998,0.39029103318414893,0.19999999999999996,5.035731961571684e-18,0.2097089668158511
2020-07-23,0.003529191673797334,0.0,0.19999999999999998,0.39029103318414893,0.19999999999999996,5.035731961571684e-18,0.2097089668158511
2020-07-24,-0.000496048490937239,0.0,0.19999999999999998,0.39029103318414893,0.19999999999999996,5.035731961571684e-18,0.2097089668158511
2020-07-27,0.002398110033240061,0.0,0.19999999999999998,0.39029103318414893,0.19999999999999996,5.035731961571684e-18,0.2097089668158511
2020-07-28,0.0034313256485537665,0.0,0.19999999999999998,0.39029103318414893,0.19999999999999996,5.035731961571684e-18,0.2097089668158511
2020-07-29,0.0023043089312346247,0.0,0.19999999999999998,0.39029103318414893,0.19999999999999996,5.035731961571684e-18,0.2097089668158511
2020-07-30,-0.0004531676486400826,0.0,0.19999999999999998,0.39029103318414893,0.19999999999999996,5.035731961571684e-18,0.2097089668158511
2020-07-31,0.004398954876019768,0.0,0.19999999999999998,0.39029103318414893,0.19999999999999996,5.035731961571684e-18,0.2097089668158511
2020-08-03,-0.00034807355150788554,0.0,0.19999999999999998,0.39029103318414893,0.19999999999999996,5.035731961571684e-18,0.2097089668158511
2020-08-04,0.008001706024596949,0.0,0.19999999999999998,0.39029103318414893,0.19999999999999996,5.035731961571684e-18,0.2097089668158511
2020-08-05,-0.0012291875692119207,0.0,0.19999999999999998,0.39029103318414893,0.19999999999999996,5.035731961571684e-18,0.2097089668158511
2020-08-06,0.006171901833531483,0.0,0.19999999999999998,0.39029103318414893,0.19999999999999996,5.035731961571684e-18,0.2097089668158511
2020-08-07,-0.00438083584401526,0.0,0.19999999999999998,0.39029103318414893,0.19999999999999996,5.035731961571684e-18,0.2097089668158511
2020-08-10,-0.0015077090025477618,0.0,0.19999999999999998,0.39029103318414893,0.19999999999999996,5.035731961571684e-18,0.2097089668158511
2020-08-11,-0.016696365617569785,0.0,0.19999999999999998,0.39029103318414893,0.19999999999999996,5.035731961571684e-18,0.2097089668158511
2020-08-12,-0.0023584075554194204,0.0,0.19999999999999998,0.39029103318414893,0.19999999999999996,5.035731961571684e-18,0.2097089668158511
2020-08-13,0.000107492574089753,0.0,0.19999999999999998,0.39029103318414893,0.19999999999999996,5.035731961571684e-18,0.2097089668158511
2020-08-14,-0.0027132866762304923,0.0,0.19999999999999998,0.39029103318414893,0.19999999999999996,5.035731961571684e-18,0.2097089668158511
2020-08-17,0.005038510247391216,0.0,0.19999999999999998,0.39029103318414893,0.19999999999999996,5.035731961571684e-18,0.2097089668158511
2020-08-18,0.0038539285238508416,0.0,0.19999999999999998,0.39029103318414893,0.19999999999999996,5.035731961571684e-18,0.2097089668158511
2020-08-19,-0.007903215299930209,0.0,0.19999999999999998,0.39029103318414893,0.19999999999999996,5.035731961571684e-18,0.2097089668158511
2020-08-20,0.004949114044582457,0.0,0.19999999999999998,0.39029103318414893,0.19999999999999996,5.035731961571684e-18,0.2097089668158511
2020-08-21,0.0024504146089592673,0.0,0.19999999999999998,0.39029103318414893,0.19999999999999996,5.035731961571684e-18,0.2097089668158511
2020-08-24,0.0005938854868000343,0.0,0.19999999999999998,0.39029103318414893,0.19999999999999996,5.035731961571684e-18,0.2097089668158511
2020-08-25,-0.0027925452642859425,0.0,0.19999999999999998,0.39029103318414893,0.19999999999999996,5.035731961571684e-18,0.2097089668158511
2020-08-26,0.0026231639333367048,0.0,0.19999999999999998,0.39029103318414893,0.19999999999999996,5.035731961571684e-18,0.2097089668158511
2020-08-27,-0.008263012762014075,0.0,0.19999999999999998,0.39029103318414893,0.19999999999999996,5.035731961571684e-18,0.2097089668158511
2020-08-28,0.0028086107771357607,0.0,0.19999999999999998,0.39029103318414893,0.19999999999999996,5.035731961571684e-18,0.2097089668158511
2020-08-31,0.0020923851857713492,0.0,0.19999999999999998,0.39029103318414893,0.19999999999999996,5.035731961571684e-18,0.2097089668158511
2020-09-01,0.007006953908210206,0.0,0.19999999999999998,0.39029103318414893,0.19999999999999996,5.035731961571684e-18,0.2097089668158511
2020-09-02,0.00473856524292703,0.0,0.19999999999999998,0.39029103318414893,0.19999999999999996,5.035731961571684e-18,0.2097089668158511
2020-09-03,-0.007310900171858845,0.0,0.19999999999999998,0.39029103318414893,0.19999999999999996,5.035731961571684e-18,0.2097089668158511
2020-09-04,-0.00815701088579793,0.0,0.19999999999999998,0.39029103318414893,0.19999999999999996,5.035731961571684e-18,0.2097089668158511
2020-09-08,-0.002365213614893227,0.0,0.19999999999999998,0.39029103318414893,0.19999999999999996,5.035731961571684e-18,0.2097089668158511
2020-09-09,0.004509762427682233,0.0,0.19999999999999998,0.39029103318414893,0.19999999999999996,5.035731961571684e-18,0.2097089668158511
2020-09-10,-0.0017172424939820418,0.0,0.19999999999999998,0.39029103318414893,0.19999999999999996,5.035731961571684e-18,0.2097089668158511
2020-09-11,0.0005074285062263185,0.0,0.19999999999999998,0.39029103318414893,0.19999999999999996,5.035731961571684e-18,0.2097089668158511
2020-09-14,0.003689372463901901,0.0,0.19999999999999998,0.39029103318414893,0.19999999999999996,5.035731961571684e-18,0.2097089668158511
2020-09-15,-0.0002505738148714696,0.0,0.19999999999999998,0.39029103318414893,0.19999999999999996,5.035731961571684e-18,0.2097089668158511
2020-09-16,-0.001141958620202669,0.0,0.19999999999999998,0.39029103318414893,0.19999999999999996,5.035731961571684e-18,0.2097089668158511
2020-09-17,-0.0024139219662024985,0.0,0.19999999999999998,0.39029103318414893,0.19999999999999996,5.035731961571684e-18,0.2097089668158511
2020-09-18,-0.003002343892580941,0.0,0.19999999999999998,0.39029103318414893,0.19999999999999996,5.035731961571684e-18,0.2097089668158511
2020-09-21,-0.0027596284265920465,0.0,0.19999999999999998,0.39029103318414893,0.19999999999999996,5.035731961571684e-18,0.2097089668158511
2020-09-22,0.0015051535225671594,0.0,0.19999999999999998,0.39029103318414893,0.19999999999999996,5.035731961571684e-18,0.2097089668158511
2020-09-23,-0.00727976875920066,0.0,0.19999999999999998,0.39029103318414893,0.19999999999999996,5.035731961571684e-18,0.2097089668158511
2020-09-24,0.0024427219842469107,0.0,0.19999999999999998,0.39029103318414893,0.19999999999999996,5.035731961571684e-18,0.2097089668158511
2020-09-25,0.0032394814629914982,0.0,0.19999999999999998,0.39029103318414893,0.19999999999999996,5.035731961571684e-18,0.2097089668158511
2020-09-28,0.003566549456962225,0.0,0.19999999999999998,0.39029103318414893,0.19999999999999996,5.035731961571684e-18,0.2097089668158511
2020-09-29,5.952320914449536e-05,0.0,0.19999999999999998,0.39029103318414893,0.19999999999999996,5.035731961571684e-18,0.2097089668158511
2020-09-30,-0.003425655607640074,0.0,0.19999999999999998,0.39029103318414893,0.19999999999999996,5.035731961571684e-18,0.2097089668158511
2020-10-01,0.003381220226038771,0.0,0.19999999999999998,0.39029103318414893,0.19999999999999996,5.035731961571684e-18,0.2097089668158511
2020-10-02,-0.0030383975947603763,0.0,0.19999999999999998,0.39029103318414893,0.19999999999999996,5.035731961571684e-18,0.2097089668158511
2020-10-05,-0.004013808412286361,0.0,0.19999999999999998,0.39029103318414893,0.19999999999999996,5.035731961571684e-18,0.2097089668158511
2020-10-06,-0.00251090693220297,0.0,0.19999999999999998,0.39029103318414893,0.19999999999999996,5.035731961571684e-18,0.2097089668158511
2020-10-07,0.00029652502601134516,0.0,0.19999999999999998,0.39029103318414893,0.19999999999999996,5.035731961571684e-18,0.2097089668158511
2020-10-08,0.004508129515667409,0.0,0.19999999999999998,0.39029103318414893,0.19999999999999996,5.035731961571684e-18,0.2097089668158511
2020-10-09,0.00410118599260427,0.0,0.19999999999999998,0.39029103318414893,0.19999999999999996,5.035731961571684e-18,0.2097089668158511
2020-10-12,0.00363626207568395,0.0,0.19999999999999998,0.39029103318414893,0.19999999999999996,5.035731961571684e-18,0.2097089668158511
2020-10-13,-0.0004033910279965802,0.0,0.19999999999999998,0.39029103318414893,0.19999999999999996,5.035731961571684e-18,0.2097089668158511
2020-10-14,-0.00024313179140183756,0.0,0.19999999999999998,0.39029103318414893,0.19999999999999996,5.035731961571684e-18,0.2097089668158511
2020-10-15,0.0008066887802230491,0.0,0.19999999999999998,0.39029103318414893,0.19999999999999996,5.035731961571684e-18,0.2097089668158511
2020-10-16,-0.002147431325359354,0.0,0.19999999999999998,0.39029103318414893,0.19999999999999996,5.035731961571684e-18,0.2097089668158511
2020-10-19,-0.005078249251058765,0.0,0.19999999999999998,0.39029103318414893,0.19999999999999996,5.035731961571684e-18,0.2097089668158511
2020-10-20,-0.002614469898519544,0.0,0.19999999999999998,0.39029103318414893,0.19999999999999996,5.035731961571684e-18,0.2097089668158511
2020-10-21,-0.0013049548319340025,0.0,0.19999999999999998,0.39029103318414893,0.19999999999999996,5.035731961571684e-18,0.2097089668158511
2020-10-22,-0.004082187486858024,0.0,0.19999999999999998,0.39029103318414893,0.19999999999999996,5.035731961571684e-18,0.2097089668158511
2020-10-23,0.0023509847823979667,0.0,0.19999999999999998,0.39029103318414893,0.19999999999999996,5.035731961571684e-18,0.2097089668158511
2020-10-26,0.0005877818437635316,0.0,0.19999999999999998,0.39029103318414893,0.19999999999999996,5.035731961571684e-18,0.2097089668158511
2020-10-27,0.0020384520410677413,0.0,0.19999999999999998,0.39029103318414893,0.19999999999999996,5.035731961571684e-18,0.2097089668158511
2020-10-28,-0.008361929341899728,0.0,0.19999999999999998,0.39029103318414893,0.19999999999999996,5.035731961571684e-18,0.2097089668158511
2020-10-29,-0.0017541165230845989,0.0,0.19999999999999998,0.39029103318414893,0.19999999999999996,5.035731961571684e-18,0.2097089668158511
2020-10-30,-0.004774976041564375,0.0,0.19999999999999998,0.39029103318414893,0.19999999999999996,5.035731961571684e-18,0.2097089668158511
2020-11-02,0.007354214362831759,0.0,0.19999999999999998,0.39029103318414893,0.19999999999999996,5.035731961571684e-18,0.2097089668158511
2020-11-03,0.0012463126757338225,0.0,0.19999999999999998,0.39029103318414893,0.19999999999999996,5.035731961571684e-18,0.2097089668158511
2020-11-04,0.012492389186019904,0.0,0.19999999999999998,0.39029103318414893,0.19999999999999996,5.035731961571684e-18,0.2097089668158511
2020-11-05,0.0071797960346566035,0.0,0.19999999999999998,0.39029103318414893,0.19999999999999996,5.035731961571684e-18,0.2097089668158511
2020-11-06,-0.00523321155209176,0.0,0.19999999999999998,0.39029103318414893,0.19999999999999996,5.035731961571684e-18,0.2097089668158511
2020-11-09,-0.01319501354825535,0.0,0.19999999999999998,0.39029103318414893,0.19999999999999996,5.035731961571684e-18,0.2097089668158511
2020-11-10,-0.001881686793903771,0.0,0.19999999999999998,0.39029103318414893,0.19999999999999996,5.035731961571684e-18,0.2097089668158511
2020-11-11,0.0022802258490730396,0.0,0.19999999999999998,0.39029103318414893,0.19999999999999996,5.035731961571684e-18,0.2097089668158511
2020-11-12,0.0059139268743228675,0.0,0.19999999999999998,0.39029103318414893,0.19999999999999996,5.035731961571684e-18,0.2097089668158511
2020-11-13,0.0031973036608178972,0.0,0.19999999999999998,0.39029103318414893,0.19999999999999996,5.035731961571684e-18,0.2097089668158511
2020-11-16,0.0010445955997966535,0.0,0.19999999999999998,0.39029103318414893,0.19999999999999996,5.035731961571684e-18,0.2097089668158511
2020-11-17,0.00040235494843271426,0.0,0.19999999999999998,0.39029103318414893,0.19999999999999996,5.035731961571684e-18,0.2097089668158511
2020-11-18,-0.0023366390460773825,0.0,0.19999999999999998,0.39029103318414893,0.19999999999999996,5.035731961571684e-18,0.2097089668158511
2020-11-19,0.0021386796060188897,0.0,0.19999999999999998,0.39029103318414893,0.19999999999999996,5.035731961571684e-18,0.2097089668158511
2020-11-20,0.0029505101839678123,0.0,0.19999999999999998,0.39029103318414893,0.19999999999999996,5.035731961571684e-18,0.2097089668158511
2020-11-23,-0.004191808778274289,0.0,0.19999999999999998,0.39029103318414893,0.19999999999999996,5.035731961571684e-18,0.2097089668158511
2020-11-24,-0.004734755407295411,0.0,0.19999999999999998,0.39029103318414893,0.19999999999999996,5.035731961571684e-18,0.2097089668158511
2020-11-25,-0.001941939633941582,0.0,0.19999999999999998,0.39029103318414893,0.19999999999999996,5.035731961571684e-18,0.2097089668158511
2020-11-27,0.0018928109964761065,0.0,0.19999999999999998,0.39029103318414893,0.19999999999999996,5.035731961571684e-18,0.2097089668158511
2020-11-30,-0.002199477115483327,0.0,0.19999999999999998,0.39029103318414893,0.19999999999999996,5.035731961571684e-18,0.2097089668158511
2020-12-01,-0.0012139189931233687,0.0,0.19999999999999998,0.39029103318414893,0.19999999999999996,5.035731961571684e-18,0.2097089668158511
2020-12-02,-0.001428291279285862,0.0,0.19999999999999998,0.39029103318414893,0.19999999999999996,5.035731961571684e-18,0.2097089668158511
2020-12-03,0.0035579772045290893,0.0,0.19999999999999998,0.39029103318414893,0.19999999999999996,5.035731961571684e-18,0.2097089668158511
2020-12-04,-0.004310201722409594,0.0,0.19999999999999998,0.39029103318414893,0.19999999999999996,5.035731961571684e-18,0.2097089668158511
2020-12-07,0.006435401000817489,0.0,0.19999999999999998,0.39029103318414893,0.19999999999999996,5.035731961571684e-18,0.2097089668158511
2020-12-08,0.003383680676611534,0.0,0.19999999999999998,0.39029103318414893,0.19999999999999996,5.035731961571684e-18,0.2097089668158511
2020-12-09,-0.006416837631773549,0.0,0.19999999999999998,0.39029103318414893,0.19999999999999996,5.035731961571684e-18,0.2097089668158511
2020-12-10,0.002413436627784068,0.0,0.19999999999999998,0.39029103318414893,0.19999999999999996,5.035731961571684e-18,0.2097089668158511
2020-12-11,0.0020326274275429524,0.0,0.19999999999999998,0.39029103318414893,0.19999999999999996,5.035731961571684e-18,0.2097089668158511
2020-12-14,-0.0036766404182674304,0.0,0.19999999999999998,0.39029103318414893,0.19999999999999996,5.035731961571684e-18,0.2097089668158511
2020-12-15,0.0035098836808872135,0.0,0.19999999999999998,0.39029103318414893,0.19999999999999996,5.035731961571684e-18,0.2097089668158511
2020-12-16,0.0001207884134767417,0.0,0.19999999999999998,0.39029103318414893,0.19999999999999996,5.035731961571684e-18,0.2097089668158511
2020-12-17,0.0010705748584425613,0.0,0.19999999999999998,0.39029103318414893,0.19999999999999996,5.035731961571684e-18,0.2097089668158511
2020-12-18,-0.002048250715741522,0.0,0.19999999999999998,0.39029103318414893,0.19999999999999996,5.035731961571684e-18,0.2097089668158511
2020-12-21,0.0006303352077094036,0.0,0.19999999999999998,0.39029103318414893,0.19999999999999996,5.035731961571684e-18,0.2097089668158511
2020-12-22,0.0012178802622087265,0.0,0.19999999999999998,0.39029103318414893,0.19999999999999996,5.035731961571684e-18,0.2097089668158511
2020-12-23,-0.002130997358709313,0.0,0.19999999999999998,0.39029103318414893,0.19999999999999996,5.035731961571684e-18,0.2097089668158511
2020-12-24,0.0032917232336190467,0.0,0.19999999999999998,0.39029103318414893,0.19999999999999996,5.035731961571684e-18,0.2097089668158511
2020-12-28,0.001166148837536003,0.0,0.19999999999999998,0.39029103318414893,0.19999999999999996,5.035731961571684e-18,0.2097089668158511
2020-12-29,-0.0008379925318581015,0.0,0.19999999999999998,0.39029103318414893,0.19999999999999996,5.035731961571684e-18,0.2097089668158511
2020-12-30,0.0017966997869285153,0.0,0.19999999999999998,0.39029103318414893,0.19999999999999996,5.035731961571684e-18,0.2097089668158511
2020-12-31,0.0029362132858686647,0.0,0.19999999999999998,0.39029103318414893,0.19999999999999996,5.035731961571684e-18,0.2097089668158511
2021-01-04,0.0014318465464135872,0.0,0.19999999999999998,0.39029103318414893,0.19999999999999996,5.035731961571684e-18,0.2097089668158511
2021-01-05,-0.0021389726505180087,0.0,0.19999999999999998,0.39029103318414893,0.19999999999999996,5.035731961571684e-18,0.2097089668158511
2021-01-06,-0.010325328053545461,0.0,0.19999999999999998,0.39029103318414893,0.19999999999999996,5.035731961571684e-18,0.2097089668158511
2021-01-07,0.00028309028562427093,0.0,0.19999999999999998,0.39029103318414893,0.19999999999999996,5.035731961571684e-18,0.2097089668158511
2021-01-08,-0.006615785854409775,0.0,0.19999999999999998,0.39029103318414893,0.19999999999999996,5.035731961571684e-18,0.2097089668158511
2021-01-11,-0.0010893203523093763,0.0,0.19999999999999998,0.39029103318414893,0.19999999999999996,5.035731961571684e-18,0.2097089668158511
2021-01-12,-8.936290263922351e-05,0.0,0.19999999999999998,0.39029103318414893,0.19999999999999996,5.035731961571684e-18,0.2097089668158511
2021-01-13,0.004763256659780431,0.0,0.19999999999999998,0.39029103318414893,0.19999999999999996,5.035731961571684e-18,0.2097089668158511
2021-01-14,-0.004890654733298324,0.0,0.19999999999999998,0.39029103318414893,0.19999999999999996,5.035731961571684e-18,0.2097089668158511
2021-01-15,-0.0010116864074933185,0.0,0.19999999999999998,0.39029103318414893,0.19999999999999996,5.035731961571684e-18,0.2097089668158511
2021-01-19,0.003924789132416692,0.0,0.19999999999999998,0.39029103318414893,0.19999999999999996,5.035731961571684e-18,0.2097089668158511
2021-01-20,0.006322668892613647,0.0,0.19999999999999998,0.39029103318414893,0.19999999999999996,5.035731961571684e-18,0.2097089668158511
2021-01-21,-0.0036274956576846608,0.0,0.19999999999999998,0.39029103318414893,0.19999999999999996,5.035731961571684e-18,0.2097089668158511
2021-01-22,-0.0005877075158363951,0.0,0.19999999999999998,0.39029103318414893,0.19999999999999996,5.035731961571684e-18,0.2097089668158511
2021-01-25,0.00581947721138419,0.0,0.19999999999999998,0.39029103318414893,0.19999999999999996,5.035731961571684e-18,0.2097089668158511
2021-01-26,-0.002145022547193556,0.0,0.19999999999999998,0.39029103318414893,0.19999999999999996,5.035731961571684e-18,0.2097089668158511
2021-01-27,-0.0038684232222770416,0.0,0.19999999999999998,0.39029103318414893,0.19999999999999996,5.035731961571684e-18,0.2097089668158511
2021-01-28,-0.0007664974477971194,0.0,0.19999999999999998,0.39029103318414893,0.19999999999999996,5.035731961571684e-18,0.2097089668158511
2021-01-29,-0.006174985977029477,0.0,0.19999999999999998,0.39029103318414893,0.19999999999999996,5.035731961571684e-18,0.2097089668158511
2021-02-01,0.006689084706654303,0.0,0.19999999999999998,0.39029103318414893,0.19999999999999996,5.035731961571684e-18,0.2097089668158511
2021-02-02,-0.001865603710772925,0.0,0.19999999999999998,0.39029103318414893,0.19999999999999996,5.035731961571684e-18,0.2097089668158511
2021-02-03,-0.003693392668919022,0.0,0.19999999999999998,0.39029103318414893,0.19999999999999996,5.035731961571684e-18,0.2097089668158511
2021-02-04,-0.0021365791122624957,0.0,0.19999999999999998,0.39029103318414893,0.19999999999999996,5.035731961571684e-18,0.2097089668158511
2021-02-05,-0.0016966884711210363,0.0,0.19999999999999998,0.39029103318414893,0.19999999999999996,5.035731961571684e-18,0.2097089668158511
2021-02-08,0.005086864506775772,0.0,0.19999999999999998,0.39029103318414893,0.19999999999999996,5.035731961571684e-18,0.2097089668158511
2021-02-09,-0.0003032276747023352,0.0,0.19999999999999998,0.39029103318414893,0.19999999999999996,5.035731961571684e-18,0.2097089668158511
2021-02-10,0.0031560153802344987,0.0,0.19999999999999998,0.39029103318414893,0.19999999999999996,5.035731961571684e-18,0.2097089668158511
2021-02-11,-0.003636752427872084,0.0,0.19999999999999998,0.39029103318414893,0.19999999999999996,5.035731961571684e-18,0.2097089668158511
2021-02-12,-0.0042946518690265565,0.0,0.19999999999999998,0.39029103318414893,0.19999999999999996,5.035731961571684e-18,0.2097089668158511
2021-02-16,-0.008986844982220632,0.0,0.19999999999999998,0.39029103318414893,0.19999999999999996,5.035731961571684e-18,0.2097089668158511
2021-02-17,0.0011137699580163825,0.0,0.19999999999999998,0.39029103318414893,0.19999999999999996,5.035731961571684e-18,0.2097089668158511
2021-02-18,-0.0031278915241132435,0.0,0.19999999999999998,0.39029103318414893,0.19999999999999996,5.035731961571684e-18,0.2097089668158511
2021-02-19,-0.0052267202480790085,0.0,0.19999999999999998,0.39029103318414893,0.19999999999999996,5.035731961571684e-18,0.2097089668158511
2021-02-22,-0.002116464772915475,0.0,0.19999999999999998,0.39029103318414893,0.19999999999999996,5.035731961571684e-18,0.2097089668158511
2021-02-23,-0.0011700230046799542,0.0,0.19999999999999998,0.39029103318414893,0.19999999999999996,5.035731961571684e-18,0.2097089668158511
2021-02-24,-0.0008435838387761889,0.0,0.19999999999999998,0.39029103318414893,0.19999999999999996,5.035731961571684e-18,0.2097089668158511
2021-02-25,-0.01426454370505641,0.0,0.19999999999999998,0.39029103318414893,0.19999999999999996,5.035731961571684e-18,0.2097089668158511
2021-02-26,0.008586164318198242,0.0,0.19999999999999998,0.39029103318414893,0.19999999999999996,5.035731961571684e-18,0.2097089668158511
2021-03-01,-0.00048166297613172655,0.0,0.19999999999999998,0.39029103318414893,0.19999999999999996,5.035731961571684e-18,0.2097089668158511
2021-03-02,-0.0012124395698694397,0.0,0.19999999999999998,0.39029103318414893,0.19999999999999996,5.035731961571684e-18,0.2097089668158511
2021-03-03,-0.008486204738142558,0.0,0.19999999999999998,0.39029103318414893,0.19999999999999996,5.035731961571684e-18,0.2097089668158511
2021-03-04,-0.005590895791221272,0.0,0.19999999999999998,0.39029103318414893,0.19999999999999996,5.035731961571684e-18,0.2097089668158511
2021-03-05,0.005329813904842377,0.0,0.19999999999999998,0.39029103318414893,0.19999999999999996,5.035731961571684e-18,0.2097089668158511
2021-03-08,-0.004918713191201778,0.0,0.19999999999999998,0.39029103318414893,0.19999999999999996,5.035731961571684e-18,0.2097089668158511
2021-03-09,0.01133963718049466,0.0,0.19999999999999998,0.39029103318414893,0.19999999999999996,5.035731961571684e-18,0.2097089668158511
2021-03-10,0.002707963449827182,0.0,0.19999999999999998,0.39029103318414893,0.19999999999999996,5.035731961571684e-18,0.2097089668158511
2021-03-11,-0.0019781791532281507,0.0,0.19999999999999998,0.39029103318414893,0.19999999999999996,5.035731961571684e-18,0.2097089668158511
2021-03-12,-0.007368646502479229,0.0,0.19999999999999998,0.39029103318414893,0.19999999999999996,5.035731961571684e-18,0.2097089668158511
2021-03-15,0.0047915229028613095,0.0,0.19999999999999998,0.39029103318414893,0.19999999999999996,5.035731961571684e-18,0.2097089668158511
2021-03-16,-0.001635735385644962,0.0,0.19999999999999998,0.39029103318414893,0.19999999999999996,5.035731961571684e-18,0.2097089668158511
2021-03-17,-0.001826792421967633,0.0,0.19999999999999998,0.39029103318414893,0.19999999999999996,5.035731961571684e-18,0.2097089668158511
2021-03-18,-0.006746405651087639,0.0,0.19999999999999998,0.39029103318414893,0.19999999999999996,5.035731961571684e-18,0.2097089668158511
2021-03-19,0.002970111311322207,0.0,0.19999999999999998,0.39029103318414893,0.19999999999999996,5.035731961571684e-18,0.2097089668158511
2021-03-22,0.005253333773712907,0.0,0.19999999999999998,0.39029103318414893,0.19999999999999996,5.035731961571684e-18,0.2097089668158511
2021-03-23,0.0017607597974616924,0.0,0.19999999999999998,0.39029103318414893,0.19999999999999996,5.035731961571684e-18,0.2097089668158511
2021-03-24,0.002281756542357633,0.0,0.19999999999999998,0.39029103318414893,0.19999999999999996,5.035731961571684e-18,0.2097089668158511
2021-03-25,-0.0020904563212895346,0.0,0.19999999999999998,0.39029103318414893,0.19999999999999996,5.035731961571684e-18,0.2097089668158511
2021-03-26,0.0021742028905071984,0.0,0.19999999999999998,0.39029103318414893,0.19999999999999996,5.035731961571684e-18,0.2097089668158511
2021-03-29,-0.005289712676660877,0.0,0.19999999999999998,0.39029103318414893,0.19999999999999996,5.035731961571684e-18,0.2097089668158511
2021-03-30,-0.0010663542447679375,0.0,0.19999999999999998,0.39029103318414893,0.19999999999999996,5.035731961571684e-18,0.2097089668158511
2021-03-31,0.0014998085740527364,0.0,0.19999999999999998,0.39029103318414893,0.19999999999999996,5.035731961571684e-18,0.2097089668158511
2021-04-01,0.01024475821576099,0.0,0.19999999999999998,0.39029103318414893,0.19999999999999996,5.035731961571684e-18,0.2097089668158511
2021-04-05,0.00042272572001391924,0.0,0.19999999999999998,0.39029103318414893,0.19999999999999996,5.035731961571684e-18,0.2097089668158511
2021-04-06,0.003634119165858954,0.0,0.19999999999999998,0.39029103318414893,0.19999999999999996,5.035731961571684e-18,0.2097089668158511
2021-04-07,-0.002797542490627111,0.0,0.19999999999999998,0.39029103318414893,0.19999999999999996,5.035731961571684e-18,0.2097089668158511
2021-04-08,0.005395442852567081,0.0,0.19999999999999998,0.39029103318414893,0.19999999999999996,5.035731961571684e-18,0.2097089668158511
2021-04-09,-0.0012983165259852138,0.0,0.19999999999999998,0.39029103318414893,0.19999999999999996,5.035731961571684e-18,0.2097089668158511
2021-04-12,-0.0013945257830930353,0.0,0.19999999999999998,0.39029103318414893,0.19999999999999996,5.035731961571684e-18,0.2097089668158511
2021-04-13,0.004173696038086312,0.0,0.19999999999999998,0.39029103318414893,0.19999999999999996,5.035731961571684e-18,0.2097089668158511
2021-04-14,-0.0030464827810617124,0.0,0.19999999999999998,0.39029103318414893,0.19999999999999996,5.035731961571684e-18,0.2097089668158511
2021-04-15,0.0119123157922811,0.0,0.19999999999999998,0.39029103318414893,0.19999999999999996,5.035731961571684e-18,0.2097089668158511
2021-04-16,-0.0014082168658681893,0.0,0.19999999999999998,0.39029103318414893,0.19999999999999996,5.035731961571684e-18,0.2097089668158511
2021-04-19,-0.003847763614106203,0.0,0.19999999999999998,0.39029103318414893,0.19999999999999996,5.035731961571684e-18,0.2097089668158511
2021-04-20,0.001388109454527369,0.0,0.19999999999999998,0.39029103318414893,0.19999999999999996,5.035731961571684e-18,0.2097089668158511
2021-04-21,0.00440174150045849,0.0,0.19999999999999998,0.39029103318414893,0.19999999999999996,5.035731961571684e-18,0.2097089668158511
2021-04-22,-0.0008212947531798199,0.0,0.19999999999999998,0.39029103318414893,0.19999999999999996,5.035731961571684e-18,0.2097089668158511
2021-04-23,-0.0007092584223805101,0.0,0.19999999999999998,0.39029103318414893,0.19999999999999996,5.035731961571684e-18,0.2097089668158511
2021-04-26,0.0003892366709783914,0.0,0.19999999999999998,0.39029103318414893,0.19999999999999996,5.035731961571684e-18,0.2097089668158511
2021-04-27,-0.003865254557171821,0.0,0.19999999999999998,0.39029103318414893,0.19999999999999996,5.035731961571684e-18,0.2097089668158511
2021-04-28,1.3074519723231537e-05,0.0,0.19999999999999998,0.39029103318414893,0.19999999999999996,5.035731961571684e-18,0.2097089668158511
2021-04-29,-0.000619730613941695,0.0,0.19999999999999998,0.39029103318414893,0.19999999999999996,5.035731961571684e-18,0.2097089668158511
2021-04-30,0.0006355093208254385,0.0,0.19999999999999998,0.39029103318414893,0.19999999999999996,5.035731961571684e-18,0.2097089668158511
2021-05-03,0.0023225388590273678,0.0,0.19999999999999998,0.39029103318414893,0.19999999999999996,5.035731961571684e-18,0.2097089668158511
2021-05-04,0.0008912921229039337,0.0,0.19999999999999998,0.39029103318414893,0.19999999999999996,5.035731961571684e-18,0.2097089668158511
2021-05-05,0.0014492310759351866,0.0,0.19999999999999998,0.39029103318414893,0.19999999999999996,5.035731961571684e-18,0.2097089668158511
2021-05-06,0.0045516332956673095,0.0,0.19999999999999998,0.39029103318414893,0.19999999999999996,5.035731961571684e-18,0.2097089668158511
2021-05-07,-0.00021373096551167156,0.0,0.19999999999999998,0.39029103318414893,0.19999999999999996,5.035731961571684e-18,0.2097089668158511
2021-05-10,-0.005326832779594743,0.0,0.19999999999999998,0.39029103318414893,0.19999999999999996,5.035731961571684e-18,0.2097089668158511
2021-05-11,-0.0041317231666144465,0.0,0.19999999999999998,0.39029103318414893,0.19999999999999996,5.035731961571684e-18,0.2097089668158511
2021-05-12,-0.008780437944367885,0.0,0.19999999999999998,0.39029103318414893,0.19999999999999996,5.035731961571684e-18,0.2097089668158511
2021-05-13,0.00348507755317391,0.0,0.19999999999999998,0.39029103318414893,0.19999999999999996,5.035731961571684e-18,0.2097089668158511
2021-05-14,0.0076841810095128775,0.0,0.19999999999999998,0.39029103318414893,0.19999999999999996,5.035731961571684e-18,0.2097089668158511
2021-05-17,0.0007341980512983789,0.0,0.19999999999999998,0.39029103318414893,0.19999999999999996,5.035731961571684e-18,0.2097089668158511
2021-05-18,-0.00328345047292042,0.0,0.19999999999999998,0.39029103318414893,0.19999999999999996,5.035731961571684e-18,0.2097089668158511
2021-05-19,-0.00037589441065057663,0.0,0.19999999999999998,0.39029103318414893,0.19999999999999996,5.035731961571684e-18,0.2097089668158511
2021-05-20,0.0052393192647512,0.0,0.19999999999999998,0.39029103318414893,0.19999999999999996,5.035731961571684e-18,0.2097089668158511
2021-05-21,0.0018735662829117289,0.0,0.19999999999999998,0.39029103318414893,0.19999999999999996,5.035731961571684e-18,0.2097089668158511
2021-05-24,0.003317359062052459,0.0,0.19999999999999998,0.39029103318414893,0.19999999999999996,5.035731961571684e-18,0.2097089668158511
2021-05-25,0.00472571353439561,0.0,0.19999999999999998,0.39029103318414893,0.19999999999999996,5.035731961571684e-18,0.2097089668158511
2021-05-26,0.00015909266050117592,0.0,0.19999999999999998,0.39029103318414893,0.19999999999999996,5.035731961571684e-18,0.2097089668158511
2021-05-27,-0.001559191603847788,0.0,0.19999999999999998,0.39029103318414893,0.19999999999999996,5.035731961571684e-18,0.2097089668158511
2021-05-28,0.0006657250561287116,0.0,0.19999999999999998,0.39029103318414893,0.19999999999999996,5.035731961571684e-18,0.2097089668158511
2021-06-01,-0.0011483218062777756,0.0,0.19999999999999998,0.39029103318414893,0.19999999999999996,5.035731961571684e-18,0.2097089668158511
2021-06-02,0.002196424125768922,0.0,0.19999999999999998,0.39029103318414893,0.19999999999999996,5.035731961571684e-18,0.2097089668158511
2021-06-03,-0.004822026812293222,0.0,0.19999999999999998,0.39029103318414893,0.19999999999999996,5.035731961571684e-18,0.2097089668158511
2021-06-04,0.00855479573127225,0.0,0.19999999999999998,0.39029103318414893,0.19999999999999996,5.035731961571684e-18,0.2097089668158511
2021-06-07,-0.0009382242758938342,0.0,0.19999999999999998,0.39029103318414893,0.19999999999999996,5.035731961571684e-18,0.2097089668158511
2021-06-08,0.002426795607843545,0.0,0.19999999999999998,0.39029103318414893,0.19999999999999996,5.035731961571684e-18,0.2097089668158511
2021-06-09,0.0029369273433041123,0.0,0.19999999999999998,0.39029103318414893,0.19999999999999996,5.035731961571684e-18,0.2097089668158511
2021-06-10,0.003956740985750698,0.0,0.19999999999999998,0.39029103318414893,0.19999999999999996,5.035731961571684e-18,0.2097089668158511
2021-06-11,-0.001510824815031217,0.0,0.19999999999999998,0.39029103318414893,0.19999999999999996,5.035731961571684e-18,0.2097089668158511
2021-06-14,-0.003886096070406803,0.0,0.19999999999999998,0.39029103318414893,0.19999999999999996,5.035731961571684e-18,0.2097089668158511
2021-06-15,-0.0014195605245796588,0.0,0.19999999999999998,0.39029103318414893,0.19999999999999996,5.035731961571684e-18,0.2097089668158511
2021-06-16,-0.0031047783351270675,0.0,0.19999999999999998,0.39029103318414893,0.19999999999999996,5.035731961571684e-18,0.2097089668158511
2021-06-17,0.001251973403420003,0.0,0.19999999999999998,0.39029103318414893,0.19999999999999996,5.035731961571684e-18,0.2097089668158511
2021-06-18,0.004210416972070165,0.0,0.19999999999999998,0.39029103318414893,0.19999999999999996,5.035731961571684e-18,0.2097089668158511
2021-06-21,-0.0022359603915480105,0.0,0.19999999999999998,0.39029103318414893,0.19999999999999996,5.035731961571684e-18,0.2097089668158511
2021-06-22,0.0008444741974111822,0.0,0.19999999999999998,0.39029103318414893,0.19999999999999996,5.035731961571684e-18,0.2097089668158511
2021-06-23,-0.0010387402018358582,0.0,0.19999999999999998,0.39029103318414893,0.19999999999999996,5.035731961571684e-18,0.2097089668158511
2021-06-24,0.00151954516682054,0.0,0.19999999999999998,0.39029103318414893,0.19999999999999996,5.035731961571684e-18,0.2097089668158511
2021-06-25,-0.0025946853461802774,0.0,0.19999999999999998,0.39029103318414893,0.19999999999999996,5.035731961571684e-18,0.2097089668158511
2021-06-28,0.004488999303928599,0.0,0.19999999999999998,0.39029103318414893,0.19999999999999996,5.035731961571684e-18,0.2097089668158511
2021-06-29,-0.0008312705880740971,0.0,0.19999999999999998,0.39029103318414893,0.19999999999999996,5.035731961571684e-18,0.2097089668158511
2021-06-30,0.0034698849556706337,0.0,0.19999999999999998,0.39029103318414893,0.19999999999999996,5.035731961571684e-18,0.2097089668158511
2021-07-01,0.002408706393205537,0.0,0.19999999999999998,0.39029103318414893,0.19999999999999996,5.035731961571684e-18,0.2097089668158511
2021-07-02,0.004353223871587126,0.0,0.19999999999999998,0.39029103318414893,0.19999999999999996,5.035731961571684e-18,0.2097089668158511
2021-07-06,0.005963469346187191,0.0,0.19999999999999998,0.39029103318414893,0.19999999999999996,5.035731961571684e-18,0.2097089668158511
2021-07-07,0.005262878281051394,0.0,0.19999999999999998,0.39029103318414893,0.19999999999999996,5.035731961571684e-18,0.2097089668158511
2021-07-08,-0.0010720102293856233,0.0,0.19999999999999998,0.39029103318414893,0.19999999999999996,5.035731961571684e-18,0.2097089668158511
2021-07-09,-0.0031963274505119295,0.0,0.19999999999999998,0.39029103318414893,0.19999999999999996,5.035731961571684e-18,0.2097089668158511
2021-07-12,0.00021642023813103105,0.0,0.19999999999999998,0.39029103318414893,0.19999999999999996,5.035731961571684e-18,0.2097089668158511
2021-07-13,-0.0021402383433948937,0.0,0.19999999999999998,0.39029103318414893,0.19999999999999996,5.035731961571684e-18,0.2097089668158511
2021-07-14,0.005875257859420469,0.0,0.19999999999999998,0.39029103318414893,0.19999999999999996,5.035731961571684e-18,0.2097089668158511
2021-07-15,0.00424860022189158,0.0,0.19999999999999998,0.39029103318414893,0.19999999999999996,5.035731961571684e-18,0.2097089668158511
2021-07-16,-0.003993186941288326,0.0,0.19999999999999998,0.39029103318414893,0.19999999999999996,5.035731961571684e-18,0.2097089668158511
2021-07-19,0.006177534832786259,0.0,0.19999999999999998,0.39029103318414893,0.19999999999999996,5.035731961571684e-18,0.2097089668158511
2021-07-20,-0.0009036828740204682,0.0,0.19999999999999998,0.39029103318414893,0.19999999999999996,5.035731961571684e-18,0.2097089668158511
2021-07-21,-0.004571556417664496,0.0,0.19999999999999998,0.39029103318414893,0.19999999999999996,5.035731961571684e-18,0.2097089668158511
2021-07-22,0.004751610340794892,0.0,0.19999999999999998,0.39029103318414893,0.19999999999999996,5.035731961571684e-18,0.2097089668158511
2021-07-23,-0.0010959536712143783,0.0,0.19999999999999998,0.39029103318414893,0.19999999999999996,5.035731961571684e-18,0.2097089668158511
2021-07-26,-0.00181148341110227,0.0,0.19999999999999998,0.39029103318414893,0.19999999999999996,5.035731961571684e-18,0.2097089668158511
2021-07-27,0.0032493059629884625,0.0,0.19999999999999998,0.39029103318414893,0.19999999999999996,5.035731961571684e-18,0.2097089668158511
2021-07-28,0.0003630795071537827,0.0,0.19999999999999998,0.39029103318414893,0.19999999999999996,5.035731961571684e-18,0.2097089668158511
2021-07-29,0.00012442863160323997,0.0,0.19999999999999998,0.39029103318414893,0.19999999999999996,5.035731961571684e-18,0.2097089668158511
2021-07-30,-0.00011856286972292433,0.0,0.19999999999999998,0.39029103318414893,0.19999999999999996,5.035731961571684e-18,0.2097089668158511
2021-08-02,0.002560227035652256,0.0,0.19999999999999998,0.39029103318414893,0.19999999999999996,5.035731961571684e-18,0.2097089668158511
2021-08-03,0.001777672195982088,0.0,0.19999999999999998,0.39029103318414893,0.19999999999999996,5.035731961571684e-18,0.2097089668158511
2021-08-04,0.00020481174767434448,0.0,0.19999999999999998,0.39029103318414893,0.19999999999999996,5.035731961571684e-18,0.2097089668158511
2021-08-05,-0.0015131626488970717,0.0,0.19999999999999998,0.39029103318414893,0.19999999999999996,5.035731961571684e-18,0.2097089668158511
2021-08-06,-0.010001695971966443,0.0,0.19999999999999998,0.39029103318414893,0.19999999999999996,5.035731961571684e-18,0.2097089668158511
2021-08-09,-0.004689113349758176,0.0,0.19999999999999998,0.39029103318414893,0.19999999999999996,5.035731961571684e-18,0.2097089668158511
2021-08-10,-0.0013238156220961644,0.0,0.19999999999999998,0.39029103318414893,0.19999999999999996,5.035731961571684e-18,0.2097089668158511
2021-08-11,0.00259485652072475,0.0,0.19999999999999998,0.39029103318414893,0.19999999999999996,5.035731961571684e-18,0.2097089668158511
2021-08-12,0.0002608576629607964,0.0,0.19999999999999998,0.39029103318414893,0.19999999999999996,5.035731961571684e-18,0.2097089668158511
2021-08-13,0.008386859742909782,0.0,0.19999999999999998,0.39029103318414893,0.19999999999999996,5.035731961571684e-18,0.2097089668158511
2021-08-16,0.002583199810892693,0.0,0.19999999999999998,0.39029103318414893,0.19999999999999996,5.035731961571684e-18,0.2097089668158511
2021-08-17,-0.0005030904515626381,0.0,0.19999999999999998,0.39029103318414893,0.19999999999999996,5.035731961571684e-18,0.2097089668158511
2021-08-18,-0.000722137131759625,0.0,0.19999999999999998,0.39029103318414893,0.19999999999999996,5.035731961571684e-18,0.2097089668158511
2021-08-19,0.0036029808357791464,0.0,0.19999999999999998,0.39029103318414893,0.19999999999999996,5.035731961571684e-18,0.2097089668158511
2021-08-20,0.0017088357168092377,0.0,0.19999999999999998,0.39029103318414893,0.19999999999999996,5.035731961571684e-18,0.2097089668158511
2021-08-23,0.002683258048034331,0.0,0.19999999999999998,0.39029103318414893,0.19999999999999996,5.035731961571684e-18,0.2097089668158511
2021-08-24,-0.0029804593796940574,0.0,0.19999999999999998,0.39029103318414893,0.19999999999999996,5.035731961571684e-18,0.2097089668158511
2021-08-25,-0.004377874506767166,0.0,0.19999999999999998,0.39029103318414893,0.19999999999999996,5.035731961571684e-18,0.2097089668158511
2021-08-26,0.0007160813341249941,0.0,0.19999999999999998,0.39029103318414893,0.19999999999999996,5.035731961571684e-18,0.2097089668158511
2021-08-27,0.0065265620042233375,0.0,0.19999999999999998,0.39029103318414893,0.19999999999999996,5.035731961571684e-18,0.2097089668158511
2021-08-30,0.0009109127617441847,0.0,0.19999999999999998,0.39029103318414893,0.19999999999999996,5.035731961571684e-18,0.2097089668158511
2021-08-31,-0.0025513976763939065,0.0,0.19999999999999998,0.39029103318414893,0.19999999999999996,5.035731961571684e-18,0.2097089668158511
2021-09-01,0.000350564706262007,0.0,0.19999999999999998,0.39029103318414893,0.19999999999999996,5.035731961571684e-18,0.2097089668158511
2021-09-02,0.0012824771544342375,0.0,0.19999999999999998,0.39029103318414893,0.19999999999999996,5.035731961571684e-18,0.2097089668158511
2021-09-03,-0.0018825066946431563,0.0,0.19999999999999998,0.39029103318414893,0.19999999999999996,5.035731961571684e-18,0.2097089668158511
2021-09-07,-0.006906704577132586,0.0,0.19999999999999998,0.39029103318414893,0.19999999999999996,5.035731961571684e-18,0.2097089668158511
2021-09-08,0.002249357199934008,0.0,0.19999999999999998,0.39029103318414893,0.19999999999999996,5.035731961571684e-18,0.2097089668158511
2021-09-09,0.00424562730944591,0.0,0.19999999999999998,0.39029103318414893,0.19999999999999996,5.035731961571684e-18,0.2097089668158511
2021-09-10,-0.005691584619220808,0.0,0.19999999999999998,0.39029103318414893,0.19999999999999996,5.035731961571684e-18,0.2097089668158511
2021-09-13,0.0035489740764366173,0.0,0.19999999999999998,0.39029103318414893,0.19999999999999996,5.035731961571684e-18,0.2097089668158511
2021-09-14,0.004939883276324244,0.0,0.19999999999999998,0.39029103318414893,0.19999999999999996,5.035731961571684e-18,0.2097089668158511
2021-09-15,-0.0012929840799682975,0.0,0.19999999999999998,0.39029103318414893,0.19999999999999996,5.035731961571684e-18,0.2097089668158511
2021-09-16,-0.00570435218482752,0.0,0.19999999999999998,0.39029103318414893,0.19999999999999996,5.035731961571684e-18,0.2097089668158511
2021-09-17,-0.00338285791750117,0.0,0.19999999999999998,0.39029103318414893,0.19999999999999996,5.035731961571684e-18,0.2097089668158511
2021-09-20,0.003018214818724328,0.0,0.19999999999999998,0.39029103318414893,0.19999999999999996,5.035731961571684e-18,0.2097089668158511
2021-09-21,0.0006410880510261618,0.0,0.19999999999999998,0.39029103318414893,0.19999999999999996,5.035731961571684e-18,0.2097089668158511
2021-09-22,0.004119198743234541,0.0,0.19999999999999998,0.39029103318414893,0.19999999999999996,5.035731961571684e-18,0.2097089668158511
2021-09-23,-0.009534846964795533,0.0,0.19999999999999998,0.39029103318414893,0.19999999999999996,5.035731961571684e-18,0.2097089668158511
2021-09-24,-0.003154108377337666,0.0,0.19999999999999998,0.39029103318414893,0.19999999999999996,5.035731961571684e-18,0.2097089668158511
2021-09-27,-0.0013395171442995822,0.0,0.19999999999999998,0.39029103318414893,0.19999999999999996,5.035731961571684e-18,0.2097089668158511
2021-09-28,-0.01130048794468375,0.0,0.19999999999999998,0.39029103318414893,0.19999999999999996,5.035731961571684e-18,0.2097089668158511
2021-09-29,0.0016125780573528624,0.0,0.19999999999999998,0.39029103318414893,0.19999999999999996,5.035731961571684e-18,0.2097089668158511
2021-09-30,0.0007659360416593908,0.0,0.19999999999999998,0.39029103318414893,0.19999999999999996,5.035731961571684e-18,0.2097089668158511
2021-10-01,0.005697473501849812,0.0,0.19999999999999998,0.39029103318414893,0.19999999999999996,5.035731961571684e-18,0.2097089668158511
2021-10-04,-0.0033010579387169024,0.0,0.19999999999999998,0.39029103318414893,0.19999999999999996,5.035731961571684e-18,0.2097089668158511
2021-10-05,-0.002202740828992567,0.0,0.19999999999999998,0.39029103318414893,0.19999999999999996,5.035731961571684e-18,0.2097089668158511
2021-10-06,0.004149394053131025,0.0,0.19999999999999998,0.39029103318414893,0.19999999999999996,5.035731961571684e-18,0.2097089668158511
2021-10-07,-0.003489683491866225,0.0,0.19999999999999998,0.39029103318414893,0.19999999999999996,5.035731961571684e-18,0.2097089668158511
2021-10-08,-0.003176804493933202,0.0,0.19999999999999998,0.39029103318414893,0.19999999999999996,5.035731961571684e-18,0.2097089668158511
2021-10-11,-0.002234899295508636,0.0,0.19999999999999998,0.39029103318414893,0.19999999999999996,5.035731961571684e-18,0.2097089668158511
2021-10-12,0.007332825355692927,0.0,0.19999999999999998,0.39029103318414893,0.19999999999999996,5.035731961571684e-18,0.2097089668158511
2021-10-13,0.006917090220766842,0.0,0.19999999999999998,0.39029103318414893,0.19999999999999996,5.035731961571684e-18,0.2097089668158511
2021-10-14,0.005303811968837962,0.0,0.19999999999999998,0.39029103318414893,0.19999999999999996,5.035731961571684e-18,0.2097089668158511
2021-10-15,-0.004179082865560029,0.0,0.19999999999999998,0.39029103318414893,0.19999999999999996,5.035731961571684e-18,0.2097089668158511
2021-10-18,0.002009411825305611,0.0,0.19999999999999998,0.39029103318414893,0.19999999999999996,5.035731961571684e-18,0.2097089668158511
2021-10-19,-0.0036974072629811804,0.0,0.19999999999999998,0.39029103318414893,0.19999999999999996,5.035731961571684e-18,0.2097089668158511
2021-10-20,-0.00042978214462675683,0.0,0.19999999999999998,0.39029103318414893,0.19999999999999996,5.035731961571684e-18,0.2097089668158511
2021-10-21,0.0003782210454870445,0.0,0.19999999999999998,0.39029103318414893,0.19999999999999996,5.035731961571684e-18,0.2097089668158511
2021-10-22,0.00489785764287181,0.0,0.19999999999999998,0.39029103318414893,0.19999999999999996,5.035731961571684e-18,0.2097089668158511
2021-10-25,0.0021935027300975076,0.0,0.19999999999999998,0.39029103318414893,0.19999999999999996,5.035731961571684e-18,0.2097089668158511
2021-10-26,0.0023442329452692135,0.0,0.19999999999999998,0.39029103318414893,0.19999999999999996,5.035731961571684e-18,0.2097089668158511
2021-10-27,0.0066566089872386065,0.0,0.19999999999999998,0.39029103318414893,0.19999999999999996,5.035731961571684e-18,0.2097089668158511
2021-10-28,-0.0006868547592051935,0.0,0.19999999999999998,0.39029103318414893,0.19999999999999996,5.035731961571684e-18,0.2097089668158511
2021-10-29,0.001571350825398665,0.0,0.19999999999999998,0.39029103318414893,0.19999999999999996,5.035731961571684e-18,0.2097089668158511
2021-11-01,-0.002086168065517243,0.0,0.19999999999999998,0.39029103318414893,0.19999999999999996,5.035731961571684e-18,0.2097089668158511
2021-11-02,0.002610919063235051,0.0,0.19999999999999998,0.39029103318414893,0.19999999999999996,5.035731961571684e-18,0.2097089668158511
2021-11-03,-0.004973821676425905,0.0,0.19999999999999998,0.39029103318414893,0.19999999999999996,5.035731961571684e-18,0.2097089668158511
2021-11-04,0.008395656339734726,0.0,0.19999999999999998,0.39029103318414893,0.19999999999999996,5.035731961571684e-18,0.2097089668158511
2021-11-05,0.008978066139418617,0.0,0.19999999999999998,0.39029103318414893,0.19999999999999996,5.035731961571684e-18,0.2097089668158511
2021-11-08,-0.00025774749563074436,0.0,0.19999999999999998,0.39029103318414893,0.19999999999999996,5.035731961571684e-18,0.2097089668158511
2021-11-09,0.005156209542936792,0.0,0.19999999999999998,0.39029103318414893,0.19999999999999996,5.035731961571684e-18,0.2097089668158511
2021-11-10,-0.004326119227516422,0.0,0.19999999999999998,0.39029103318414893,0.19999999999999996,5.035731961571684e-18,0.2097089668158511
2021-11-11,0.0010998121359746087,0.0,0.19999999999999998,0.39029103318414893,0.19999999999999996,5.035731961571684e-18,0.2097089668158511
2021-11-12,-7.239320368772817e-05,0.0,0.19999999999999998,0.39029103318414893,0.19999999999999996,5.035731961571684e-18,0.2097089668158511
2021-11-15,-0.003990464090031062,0.0,0.19999999999999998,0.39029103318414893,0.19999999999999996,5.035731961571684e-18,0.2097089668158511
2021-11-16,-0.000829987064807467,0.0,0.19999999999999998,0.39029103318414893,0.19999999999999996,5.035731961571684e-18,0.2097089668158511
2021-11-17,0.004027346218101137,0.0,0.19999999999999998,0.39029103318414893,0.19999999999999996,5.035731961571684e-18,0.2097089668158511
2021-11-18,0.0009338103071575342,0.0,0.19999999999999998,0.39029103318414893,0.19999999999999996,5.035731961571684e-18,0.2097089668158511
2021-11-19,0.003297689719091399,0.0,0.19999999999999998,0.39029103318414893,0.19999999999999996,5.035731961571684e-18,0.2097089668158511
2021-11-22,-0.008565786667580946,0.0,0.19999999999999998,0.39029103318414893,0.19999999999999996,5.035731961571684e-18,0.2097089668158511
2021-11-23,-0.007189591491695018,0.0,0.19999999999999998,0.39029103318414893,0.19999999999999996,5.035731961571684e-18,0.2097089668158511
2021-11-24,0.007419393215922555,0.0,0.19999999999999998,0.39029103318414893,0.19999999999999996,5.035731961571684e-18,0.2097089668158511
2021-11-26,0.0034637055571343778,0.0,0.19999999999999998,0.39029103318414893,0.19999999999999996,5.035731961571684e-18,0.2097089668158511
2021-11-29,-0.0005527627531966865,0.0,0.19999999999999998,0.39029103318414893,0.19999999999999996,5.035731961571684e-18,0.2097089668158511
2021-11-30,-0.0002773880808424811,0.0,0.19999999999999998,0.39029103318414893,0.19999999999999996,5.035731961571684e-18,0.2097089668158511
2021-12-01,0.0015552253307054703,0.0,0.19999999999999998,0.39029103318414893,0.19999999999999996,5.035731961571684e-18,0.2097089668158511
2021-12-02,0.0025239227798207137,0.0,0.19999999999999998,0.39029103318414893,0.19999999999999996,5.035731961571684e-18,0.2097089668158511
2021-12-03,0.0045179473857434056,0.0,0.19999999999999998,0.39029103318414893,0.19999999999999996,5.035731961571684e-18,0.2097089668158511
2021-12-06,-0.0031587679876865903,0.0,0.19999999999999998,0.39029103318414893,0.19999999999999996,5.035731961571684e-18,0.2097089668158511
2021-12-07,0.0017747457118050518,0.0,0.19999999999999998,0.39029103318414893,0.19999999999999996,5.035731961571684e-18,0.2097089668158511
2021-12-08,-0.007083323065376983,0.0,0.19999999999999998,0.39029103318414893,0.19999999999999996,5.035731961571684e-18,0.2097089668158511
2021-12-09,0.00034501386684610566,0.0,0.19999999999999998,0.39029103318414893,0.19999999999999996,5.035731961571684e-18,0.2097089668158511
2021-12-10,0.0014597025226815077,0.0,0.19999999999999998,0.39029103318414893,0.19999999999999996,5.035731961571684e-18,0.2097089668158511
2021-12-13,0.005152036314644285,0.0,0.19999999999999998,0.39029103318414893,0.19999999999999996,5.035731961571684e-18,0.2097089668158511
2021-12-14,-0.0037683832060448983,0.0,0.19999999999999998,0.39029103318414893,0.19999999999999996,5.035731961571684e-18,0.2097089668158511
2021-12-15,-9.610656875505812e-05,0.0,0.19999999999999998,0.39029103318414893,0.19999999999999996,5.035731961571684e-18,0.2097089668158511
2021-12-16,-8.518333130320423e-05,0.0,0.19999999999999998,0.39029103318414893,0.19999999999999996,5.035731961571684e-18,0.2097089668158511
2021-12-17,0.0033330219699658947,0.0,0.19999999999999998,0.39029103318414893,0.19999999999999996,5.035731961571684e-18,0.2097089668158511
2021-12-20,-0.006139645828057636,0.0,0.19999999999999998,0.39029103318414893,0.19999999999999996,5.035731961571684e-18,0.2097089668158511
2021-12-21,0.0017386090756844688,0.0,0.19999999999999998,0.39029103318414893,0.19999999999999996,5.035731961571684e-18,0.2097089668158511
2021-12-22,0.004874547936904772,0.0,0.19999999999999998,0.39029103318414893,0.19999999999999996,5.035731961571684e-18,0.2097089668158511
2021-12-23,-0.0018541660417826036,0.0,0.19999999999999998,0.39029103318414893,0.19999999999999996,5.035731961571684e-18,0.2097089668158511
2021-12-27,0.00433133818972286,0.0,0.19999999999999998,0.39029103318414893,0.19999999999999996,5.035731961571684e-18,0.2097089668158511
2021-12-28,-0.002327810779079042,0.0,0.19999999999999998,0.39029103318414893,0.19999999999999996,5.035731961571684e-18,0.2097089668158511
2021-12-29,-0.004636808664673521,0.0,0.19999999999999998,0.39029103318414893,0.19999999999999996,5.035731961571684e-18,0.2097089668158511
2021-12-30,0.004482038960248787,0.0,0.19999999999999998,0.39029103318414893,0.19999999999999996,5.035731961571684e-18,0.2097089668158511
2021-12-31,0.0007313009916953441,0.0,0.19999999999999998,0.39029103318414893,0.19999999999999996,5.035731961571684e-18,0.2097089668158511
2022-01-03,-0.010854697676157524,0.0,0.19999999999999998,0.39029103318414893,0.19999999999999996,5.035731961571684e-18,0.2097089668158511
2022-01-04,-5.4024566030713575e-05,0.0,0.19999999999999998,0.39029103318414893,0.19999999999999996,5.035731961571684e-18,0.2097089668158511
2022-01-05,-0.006803991910643423,0.0,0.19999999999999998,0.39029103318414893,0.19999999999999996,5.035731961571684e-18,0.2097089668158511
2022-01-06,-0.0014637422514361957,0.0,0.19999999999999998,0.39029103318414893,0.19999999999999996,5.035731961571684e-18,0.2097089668158511
2022-01-07,-0.0038239956146703695,0.0,0.19999999999999998,0.39029103318414893,0.19999999999999996,5.035731961571684e-18,0.2097089668158511
2022-01-10,0.0018099210744118052,0.0,0.19999999999999998,0.39029103318414893,0.19999999999999996,5.035731961571684e-18,0.2097089668158511
2022-01-11,0.005937488197712734,0.0,0.19999999999999998,0.39029103318414893,0.19999999999999996,5.035731961571684e-18,0.2097089668158511
2022-01-12,-0.0018180535953340442,0.0,0.19999999999999998,0.39029103318414893,0.19999999999999996,5.035731961571684e-18,0.2097089668158511
2022-01-13,-5.1611353434685616e-05,0.0,0.19999999999999998,0.39029103318414893,0.19999999999999996,5.035731961571684e-18,0.2097089668158511
2022-01-14,-0.005813904748727887,0.0,0.19999999999999998,0.39029103318414893,0.19999999999999996,5.035731961571684e-18,0.2097089668158511
2022-01-18,-0.008049399710826174,0.0,0.19999999999999998,0.39029103318414893,0.19999999999999996,5.035731961571684e-18,0.2097089668158511
2022-01-19,0.0033112628063473324,0.0,0.19999999999999998,0.39029103318414893,0.19999999999999996,5.035731961571684e-18,0.2097089668158511
2022-01-20,0.0003490123819529299,0.0,0.19999999999999998,0.39029103318414893,0.19999999999999996,5.035731961571684e-18,0.2097089668158511
2022-01-21,-0.0005034516026157241,0.0,0.19999999999999998,0.39029103318414893,0.19999999999999996,5.035731961571684e-18,0.2097089668158511
2022-01-24,-0.0006029459215807261,0.0,0.19999999999999998,0.39029103318414893,0.19999999999999996,5.035731961571684e-18,0.2097089668158511
2022-01-25,-0.0023509360459671182,0.0,0.19999999999999998,0.39029103318414893,0.19999999999999996,5.035731961571684e-18,0.2097089668158511
2022-01-26,-0.007312845573642517,0.0,0.19999999999999998,0.39029103318414893,0.19999999999999996,5.035731961571684e-18,0.2097089668158511
2022-01-27,0.005385215330663724,0.0,0.19999999999999998,0.39029103318414893,0.19999999999999996,5.035731961571684e-18,0.2097089668158511
2022-01-28,0.004426247759619509,0.0,0.19999999999999998,0.39029103318414893,0.19999999999999996,5.035731961571684e-18,0.2097089668158511
2022-01-31,0.0013203241782307846,0.0,0.19999999999999998,0.39029103318414893,0.19999999999999996,5.035731961571684e-18,0.2097089668158511
2022-02-01,-0.0003452249019191276,0.0,0.19999999999999998,0.39029103318414893,0.19999999999999996,5.035731961571684e-18,0.2097089668158511
2022-02-02,0.003177190187424154,0.0,0.19999999999999998,0.39029103318414893,0.19999999999999996,5.035731961571684e-18,0.2097089668158511
2022-02-03,-0.009092698726840261,0.0,0.19999999999999998,0.39029103318414893,0.19999999999999996,5.035731961571684e-18,0.2097089668158511
2022-02-04,-0.004669001984934322,0.0,0.19999999999999998,0.39029103318414893,0.19999999999999996,5.035731961571684e-18,0.2097089668158511
2022-02-07,0.001173598931775376,0.0,0.19999999999999998,0.39029103318414893,0.19999999999999996,5.035731961571684e-18,0.2097089668158511
2022-02-08,-2.445495220344731e-05,0.0,0.19999999999999998,0.39029103318414893,0.19999999999999996,5.035731961571684e-18,0.2097089668158511
2022-02-09,0.004095710827219316,0.0,0.19999999999999998,0.39029103318414893,0.19999999999999996,5.035731961571684e-18,0.2097089668158511
2022-02-10,-0.010227144191325106,0.0,0.19999999999999998,0.39029103318414893,0.19999999999999996,5.035731961571684e-18,0.2097089668158511
2022-02-11,0.006555193393755296,0.0,0.19999999999999998,0.39029103318414893,0.19999999999999996,5.035731961571684e-18,0.2097089668158511
2022-02-14,-0.0038685641381866853,0.0,0.19999999999999998,0.39029103318414893,0.19999999999999996,5.035731961571684e-18,0.2097089668158511
2022-02-15,-0.003918650602211508,0.0,0.19999999999999998,0.39029103318414893,0.19999999999999996,5.035731961571684e-18,0.2097089668158511
2022-02-16,0.0041860982265618085,0.0,0.19999999999999998,0.39029103318414893,0.19999999999999996,5.035731961571684e-18,0.2097089668158511
2022-02-17,0.001446217579064609,0.0,0.19999999999999998,0.39029103318414893,0.19999999999999996,5.035731961571684e-18,0.2097089668158511
2022-02-18,0.0032393019059895204,0.0,0.19999999999999998,0.39029103318414893,0.19999999999999996,5.035731961571684e-18,0.2097089668158511
2022-02-22,-0.0006306260160626556,0.0,0.19999999999999998,0.39029103318414893,0.19999999999999996,5.035731961571684e-18,0.2097089668158511
2022-02-23,-0.007780801989066234,0.0,0.19999999999999998,0.39029103318414893,0.19999999999999996,5.035731961571684e-18,0.2097089668158511
2022-02-24,0.0036866087081242876,0.0,0.19999999999999998,0.39029103318414893,0.19999999999999996,5.035731961571684e-18,0.2097089668158511
2022-02-25,0.002982277884730762,0.0,0.19999999999999998,0.39029103318414893,0.19999999999999996,5.035731961571684e-18,0.2097089668158511
2022-02-28,0.010440669679905857,0.0,0.19999999999999998,0.39029103318414893,0.19999999999999996,5.035731961571684e-18,0.2097089668158511
2022-03-01,0.0067197026874755705,0.0,0.19999999999999998,0.39029103318414893,0.19999999999999996,5.035731961571684e-18,0.2097089668158511
2022-03-02,-0.011904135255478584,0.0,0.19999999999999998,0.39029103318414893,0.19999999999999996,5.035731961571684e-18,0.2097089668158511
2022-03-03,0.0049749248051921945,0.0,0.19999999999999998,0.39029103318414893,0.19999999999999996,5.035731961571684e-18,0.2097089668158511
2022-03-04,0.009902254380599647,0.0,0.19999999999999998,0.39029103318414893,0.19999999999999996,5.035731961571684e-18,0.2097089668158511
2022-03-07,-0.004389444039201544,0.0,0.19999999999999998,0.39029103318414893,0.19999999999999996,5.035731961571684e-18,0.2097089668158511
2022-03-08,-0.0003658478856148773,0.0,0.19999999999999998,0.39029103318414893,0.19999999999999996,5.035731961571684e-18,0.2097089668158511
2022-03-09,-0.006462057465586186,0.0,0.19999999999999998,0.39029103318414893,0.19999999999999996,5.035731961571684e-18,0.2097089668158511
2022-03-10,-0.004847406154124668,0.0,0.19999999999999998,0.39029103318414893,0.19999999999999996,5.035731961571684e-18,0.2097089668158511
2022-03-11,-0.0015287719522372946,0.0,0.19999999999999998,0.39029103318414893,0.19999999999999996,5.035731961571684e-18,0.2097089668158511
2022-03-14,-0.013668492907540387,0.0,0.19999999999999998,0.39029103318414893,0.19999999999999996,5.035731961571684e-18,0.2097089668158511
2022-03-15,-0.0002616241341201771,0.0,0.19999999999999998,0.39029103318414893,0.19999999999999996,5.035731961571684e-18,0.2097089668158511
2022-03-16,0.008009448609151846,0.0,0.19999999999999998,0.39029103318414893,0.19999999999999996,5.035731961571684e-18,0.2097089668158511
2022-03-17,9.19311390851366e-05,0.0,0.19999999999999998,0.39029103318414893,0.19999999999999996,5.035731961571684e-18,0.2097089668158511
2022-03-18,0.005438954074004951,0.0,0.19999999999999998,0.39029103318414893,0.19999999999999996,5.035731961571684e-18,0.2097089668158511
2022-03-21,-0.0067689650258471535,0.0,0.19999999999999998,0.39029103318414893,0.19999999999999996,5.035731961571684e-18,0.2097089668158511
2022-03-22,-0.004189757258192184,0.0,0.19999999999999998,0.39029103318414893,0.19999999999999996,5.035731961571684e-18,0.2097089668158511
2022-03-23,0.008948113815707065,0.0,0.19999999999999998,0.39029103318414893,0.19999999999999996,5.035731961571684e-18,0.2097089668158511
2022-03-24,0.00164849669493309,0.0,0.19999999999999998,0.39029103318414893,0.19999999999999996,5.035731961571684e-18,0.2097089668158511
2022-03-25,-0.005177301957419465,0.0,0.19999999999999998,0.39029103318414893,0.19999999999999996,5.035731961571684e-18,0.2097089668158511
2022-03-28,0.0017538993087477944,0.0,0.19999999999999998,0.39029103318414893,0.19999999999999996,5.035731961571684e-18,0.2097089668158511
2022-03-29,0.004244645676890777,0.0,0.19999999999999998,0.39029103318414893,0.19999999999999996,5.035731961571684e-18,0.2097089668158511
2022-03-30,0.0023025710248507146,0.0,0.19999999999999998,0.39029103318414893,0.19999999999999996,5.035731961571684e-18,0.2097089668158511
2022-03-31,-0.0011721047395929804,0.0,0.19999999999999998,0.39029103318414893,0.19999999999999996,5.035731961571684e-18,0.2097089668158511
2022-04-01,0.0010982856388830897,0.0,0.19999999999999998,0.39029103318414893,0.19999999999999996,5.035731961571684e-18,0.2097089668158511
2022-04-04,0.0009256066453436807,0.0,0.19999999999999998,0.39029103318414893,0.19999999999999996,5.035731961571684e-18,0.2097089668158511
2022-04-05,-0.011487209288001505,0.0,0.19999999999999998,0.39029103318414893,0.19999999999999996,5.035731961571684e-18,0.2097089668158511
2022-04-06,-0.004532674576487242,0.0,0.19999999999999998,0.39029103318414893,0.19999999999999996,5.035731961571684e-18,0.2097089668158511
2022-04-07,-0.0007810330702237411,0.0,0.19999999999999998,0.39029103318414893,0.19999999999999996,5.035731961571684e-18,0.2097089668158511
2022-04-08,-0.003508892522813487,0.0,0.19999999999999998,0.39029103318414893,0.19999999999999996,5.035731961571684e-18,0.2097089668158511
2022-04-11,-0.008131076287777306,0.0,0.19999999999999998,0.39029103318414893,0.19999999999999996,5.035731961571684e-18,0.2097089668158511
2022-04-12,0.0009615915147657087,0.0,0.19999999999999998,0.39029103318414893,0.19999999999999996,5.035731961571684e-18,0.2097089668158511
2022-04-13,0.0031818332585171107,0.0,0.19999999999999998,0.39029103318414893,0.19999999999999996,5.035731961571684e-18,0.2097089668158511
2022-04-14,-0.010032545658228566,0.0,0.19999999999999998,0.39029103318414893,0.19999999999999996,5.035731961571684e-18,0.2097089668158511
2022-04-18,-0.00037783220056444324,0.0,0.19999999999999998,0.39029103318414893,0.19999999999999996,5.035731961571684e-18,0.2097089668158511
2022-04-19,-0.0022506407622752403,0.0,0.19999999999999998,0.39029103318414893,0.19999999999999996,5.035731961571684e-18,0.2097089668158511
2022-04-20,0.007209968023152126,0.0,0.19999999999999998,0.39029103318414893,0.19999999999999996,5.035731961571684e-18,0.2097089668158511
2022-04-21,-0.005964004165367385,0.0,0.19999999999999998,0.39029103318414893,0.19999999999999996,5.035731961571684e-18,0.2097089668158511
2022-04-22,-0.008640889476751047,0.0,0.19999999999999998,0.39029103318414893,0.19999999999999996,5.035731961571684e-18,0.2097089668158511
2022-04-25,0.0024764426257063523,0.0,0.19999999999999998,0.39029103318414893,0.19999999999999996,5.035731961571684e-18,0.2097089668158511
2022-04-26,-0.0002464742414104411,0.0,0.19999999999999998,0.39029103318414893,0.19999999999999996,5.035731961571684e-18,0.2097089668158511
2022-04-27,-0.0046513860539000975,0.0,0.19999999999999998,0.39029103318414893,0.19999999999999996,5.035731961571684e-18,0.2097089668158511
2022-04-28,0.007932229276300976,0.0,0.19999999999999998,0.39029103318414893,0.19999999999999996,5.035731961571684e-18,0.2097089668158511
2022-04-29,-0.013310425499751286,0.0,0.19999999999999998,0.39029103318414893,0.19999999999999996,5.035731961571684e-18,0.2097089668158511
2022-05-02,-0.00820453766757935,0.0,0.19999999999999998,0.39029103318414893,0.19999999999999996,5.035731961571684e-18,0.2097089668158511
2022-05-03,0.0036994653778548775,0.0,0.19999999999999998,0.39029103318414893,0.19999999999999996,5.035731961571684e-18,0.2097089668158511
2022-05-04,0.008461875408202191,0.0,0.19999999999999998,0.39029103318414893,0.19999999999999996,5.035731961571684e-18,0.2097089668158511
2022-05-05,-0.016805705550851462,0.0,0.19999999999999998,0.39029103318414893,0.19999999999999996,5.035731961571684e-18,0.2097089668158511
2022-05-06,-0.0062346217917291094,0.0,0.19999999999999998,0.39029103318414893,0.19999999999999996,5.035731961571684e-18,0.2097089668158511
2022-05-09,-0.005790156112797483,0.0,0.19999999999999998,0.39029103318414893,0.19999999999999996,5.035731961571684e-18,0.2097089668158511
2022-05-10,0.002766655565383157,0.0,0.19999999999999998,0.39029103318414893,0.19999999999999996,5.035731961571684e-18,0.2097089668158511
2022-05-11,0.006204568600392852,0.0,0.19999999999999998,0.39029103318414893,0.19999999999999996,5.035731961571684e-18,0.2097089668158511
2022-05-12,-0.002193836440198664,0.0,0.19999999999999998,0.39029103318414893,0.19999999999999996,5.035731961571684e-18,0.2097089668158511
2022-05-13,-0.00320725473709915,0.0,0.19999999999999998,0.39029103318414893,0.19999999999999996,5.035731961571684e-18,0.2097089668158511
2022-05-16,-0.00013232015449678733,0.0,0.19999999999999998,0.39029103318414893,0.19999999999999996,5.035731961571684e-18,0.2097089668158511
2022-05-17,-0.0035891266413155313,0.0,0.19999999999999998,0.39029103318414893,0.19999999999999996,5.035731961571684e-18,0.2097089668158511
2022-05-18,0.0014265227823810553,0.0,0.19999999999999998,0.39029103318414893,0.19999999999999996,5.035731961571684e-18,0.2097089668158511
2022-05-19,0.0004593733092318295,0.0,0.19999999999999998,0.39029103318414893,0.19999999999999996,5.035731961571684e-18,0.2097089668158511
2022-05-20,0.00511470878910493,0.0,0.19999999999999998,0.39029103318414893,0.19999999999999996,5.035731961571684e-18,0.2097089668158511
2022-05-23,-0.0036535562801546908,0.0,0.19999999999999998,0.39029103318414893,0.19999999999999996,5.035731961571684e-18,0.2097089668158511
2022-05-24,0.007064032271136997,0.0,0.19999999999999998,0.39029103318414893,0.19999999999999996,5.035731961571684e-18,0.2097089668158511
2022-05-25,0.0028750873222350513,0.0,0.19999999999999998,0.39029103318414893,0.19999999999999996,5.035731961571684e-18,0.2097089668158511
2022-05-26,0.0011693212226970796,0.0,0.19999999999999998,0.39029103318414893,0.19999999999999996,5.035731961571684e-18,0.2097089668158511
2022-05-27,0.005504395066422152,0.0,0.19999999999999998,0.39029103318414893,0.19999999999999996,5.035731961571684e-18,0.2097089668158511
2022-05-31,-0.010973997630685938,0.0,0.19999999999999998,0.39029103318414893,0.19999999999999996,5.035731961571684e-18,0.2097089668158511
2022-06-01,0.0008282660349947307,0.0,0.19999999999999998,0.39029103318414893,0.19999999999999996,5.035731961571684e-18,0.2097089668158511
2022-06-02,0.00463669146286801,0.0,0.19999999999999998,0.39029103318414893,0.19999999999999996,5.035731961571684e-18,0.2097089668158511
2022-06-03,-0.005226135810668637,0.0,0.19999999999999998,0.39029103318414893,0.19999999999999996,5.035731961571684e-18,0.2097089668158511
2022-06-06,-0.007009209579892967,0.0,0.19999999999999998,0.39029103318414893,0.19999999999999996,5.035731961571684e-18,0.2097089668158511
2022-06-07,0.007207404099657713,0.0,0.19999999999999998,0.39029103318414893,0.19999999999999996,5.035731961571684e-18,0.2097089668158511
2022-06-08,-0.0052039307987121535,0.0,0.19999999999999998,0.39029103318414893,0.19999999999999996,5.035731961571684e-18,0.2097089668158511
2022-06-09,-0.002563083325320363,0.0,0.19999999999999998,0.39029103318414893,0.19999999999999996,5.035731961571684e-18,0.2097089668158511
2022-06-10,-0.0038663170201567627,0.0,0.19999999999999998,0.39029103318414893,0.19999999999999996,5.035731961571684e-18,0.2097089668158511
2022-06-13,-0.02308844257947291,0.0,0.19999999999999998,0.39029103318414893,0.19999999999999996,5.035731961571684e-18,0.2097089668158511
2022-06-14,-0.006678376111294156,0.0,0.19999999999999998,0.39029103318414893,0.19999999999999996,5.035731961571684e-18,0.2097089668158511
2022-06-15,0.01110452753979047,0.0,0.19999999999999998,0.39029103318414893,0.19999999999999996,5.035731961571684e-18,0.2097089668158511
2022-06-16,-0.0032985569073757824,0.0,0.19999999999999998,0.39029103318414893,0.19999999999999996,5.035731961571684e-18,0.2097089668158511
2022-06-17,0.002166413115551124,0.0,0.19999999999999998,0.39029103318414893,0.19999999999999996,5.035731961571684e-18,0.2097089668158511
2022-06-21,-0.0030792939533235914,0.0,0.19999999999999998,0.39029103318414893,0.19999999999999996,5.035731961571684e-18,0.2097089668158511
2022-06-22,0.010866460611322681,0.0,0.19999999999999998,0.39029103318414893,0.19999999999999996,5.035731961571684e-18,0.2097089668158511
2022-06-23,0.0041670254585461945,0.0,0.19999999999999998,0.39029103318414893,0.19999999999999996,5.035731961571684e-18,0.2097089668158511
2022-06-24,0.00030435842447162995,0.0,0.19999999999999998,0.39029103318414893,0.19999999999999996,5.035731961571684e-18,0.2097089668158511
2022-06-27,-0.0046933843924353335,0.0,0.19999999999999998,0.39029103318414893,0.19999999999999996,5.035731961571684e-18,0.2097089668158511
2022-06-28,-0.001387543930363291,0.0,0.19999999999999998,0.39029103318414893,0.19999999999999996,5.035731961571684e-18,0.2097089668158511
2022-06-29,0.00697871695622051,0.0,0.19999999999999998,0.39029103318414893,0.19999999999999996,5.035731961571684e-18,0.2097089668158511
2022-06-30,-8.565263637130534e-05,0.0,0.19999999999999998,0.39029103318414893,0.19999999999999996,5.035731961571684e-18,0.2097089668158511
2022-07-01,0.00663102927691489,0.0,0.19999999999999998,0.39029103318414893,0.19999999999999996,5.035731961571684e-18,0.2097089668158511
2022-07-05,0.0021928973240136246,0.0,0.19999999999999998,0.39029103318414893,0.19999999999999996,5.035731961571684e-18,0.2097089668158511
2022-07-06,-0.008088066100361098,0.0,0.19999999999999998,0.39029103318414893,0.19999999999999996,5.035731961571684e-18,0.2097089668158511
2022-07-07,-0.00025488713361765175,0.0,0.19999999999999998,0.39029103318414893,0.19999999999999996,5.035731961571684e-18,0.2097089668158511
2022-07-08,-0.00454772348840152,0.0,0.19999999999999998,0.39029103318414893,0.19999999999999996,5.035731961571684e-18,0.2097089668158511
2022-07-11,0.0057957862084616375,0.0,0.19999999999999998,0.39029103318414893,0.19999999999999996,5.035731961571684e-18,0.2097089668158511
2022-07-12,-0.0002665716034946906,0.0,0.19999999999999998,0.39029103318414893,0.19999999999999996,5.035731961571684e-18,0.2097089668158511
2022-07-13,0.003946768826778819,0.0,0.19999999999999998,0.39029103318414893,0.19999999999999996,5.035731961571684e-18,0.2097089668158511
2022-07-14,-0.005024548880341922,0.0,0.19999999999999998,0.39029103318414893,0.19999999999999996,5.035731961571684e-18,0.2097089668158511
2022-07-15,0.004387859384491831,0.0,0.19999999999999998,0.39029103318414893,0.19999999999999996,5.035731961571684e-18,0.2097089668158511
2022-07-18,-0.006691438839472394,0.0,0.19999999999999998,0.39029103318414893,0.19999999999999996,5.035731961571684e-18,0.2097089668158511
2022-07-19,0.002460530094711905,0.0,0.19999999999999998,0.39029103318414893,0.19999999999999996,5.035731961571684e-18,0.2097089668158511
2022-07-20,0.0010067209050474975,0.0,0.19999999999999998,0.39029103318414893,0.19999999999999996,5.035731961571684e-18,0.2097089668158511
2022-07-21,0.011014866618501462,0.0,0.19999999999999998,0.39029103318414893,0.19999999999999996,5.035731961571684e-18,0.2097089668158511
2022-07-22,0.004910662542689411,0.0,0.19999999999999998,0.39029103318414893,0.19999999999999996,5.035731961571684e-18,0.2097089668158511
2022-07-25,-0.0044182586029682105,0.0,0.19999999999999998,0.39029103318414893,0.19999999999999996,5.035731961571684e-18,0.2097089668158511
2022-07-26,-0.0006818317494661531,0.0,0.19999999999999998,0.39029103318414893,0.19999999999999996,5.035731961571684e-18,0.2097089668158511
2022-07-27,0.003281361601377805,0.0,0.19999999999999998,0.39029103318414893,0.19999999999999996,5.035731961571684e-18,0.2097089668158511
2022-07-28,0.007905107465582865,0.0,0.19999999999999998,0.39029103318414893,0.19999999999999996,5.035731961571684e-18,0.2097089668158511
2022-07-29,0.0016051140843072955,0.0,0.19999999999999998,0.39029103318414893,0.19999999999999996,5.035731961571684e-18,0.2097089668158511
2022-08-01,0.009125305807171871,0.0,0.19999999999999998,0.39029103318414893,0.19999999999999996,5.035731961571684e-18,0.2097089668158511
2022-08-02,-0.00942602379515617,0.0,0.19999999999999998,0.39029103318414893,0.19999999999999996,5.035731961571684e-18,0.2097089668158511
2022-08-03,0.010356153104879839,0.0,0.19999999999999998,0.39029103318414893,0.19999999999999996,5.035731961571684e-18,0.2097089668158511
2022-08-04,0.0017147193392284415,0.0,0.19999999999999998,0.39029103318414893,0.19999999999999996,5.035731961571684e-18,0.2097089668158511
2022-08-05,-0.010096597011744073,0.0,0.19999999999999998,0.39029103318414893,0.19999999999999996,5.035731961571684e-18,0.2097089668158511
2022-08-08,0.007467333983033633,0.0,0.19999999999999998,0.39029103318414893,0.19999999999999996,5.035731961571684e-18,0.2097089668158511
2022-08-09,-0.0019201669374454633,0.0,0.19999999999999998,0.39029103318414893,0.19999999999999996,5.035731961571684e-18,0.2097089668158511
2022-08-10,-0.0011375777567760822,0.0,0.19999999999999998,0.39029103318414893,0.19999999999999996,5.035731961571684e-18,0.2097089668158511
2022-08-11,-0.009475783423726054,0.0,0.19999999999999998,0.39029103318414893,0.19999999999999996,5.035731961571684e-18,0.2097089668158511
2022-08-12,0.010002862728428978,0.0,0.19999999999999998,0.39029103318414893,0.19999999999999996,5.035731961571684e-18,0.2097089668158511
2022-08-15,-0.00023098164790549564,0.0,0.19999999999999998,0.39029103318414893,0.19999999999999996,5.035731961571684e-18,0.2097089668158511
2022-08-16,0.001590588611506533,0.0,0.19999999999999998,0.39029103318414893,0.19999999999999996,5.035731961571684e-18,0.2097089668158511
2022-08-17,-0.006492322772043797,0.0,0.19999999999999998,0.39029103318414893,0.19999999999999996,5.035731961571684e-18,0.2097089668158511
2022-08-18,0.002253318472384243,0.0,0.19999999999999998,0.39029103318414893,0.19999999999999996,5.035731961571684e-18,0.2097089668158511
2022-08-19,-0.009123243435541679,0.0,0.19999999999999998,0.39029103318414893,0.19999999999999996,5.035731961571684e-18,0.2097089668158511
2022-08-22,-0.005064186216743889,0.0,0.19999999999999998,0.39029103318414893,0.19999999999999996,5.035731961571684e-18,0.2097089668158511
2022-08-23,-0.0020963789231336714,0.0,0.19999999999999998,0.39029103318414893,0.19999999999999996,5.035731961571684e-18,0.2097089668158511
2022-08-24,-0.0014820224140878319,0.0,0.19999999999999998,0.39029103318414893,0.19999999999999996,5.035731961571684e-18,0.2097089668158511
2022-08-25,0.008514553068143114,0.0,0.19999999999999998,0.39029103318414893,0.19999999999999996,5.035731961571684e-18,0.2097089668158511
2022-08-26,-0.005463629471294591,0.0,0.19999999999999998,0.39029103318414893,0.19999999999999996,5.035731961571684e-18,0.2097089668158511
2022-08-29,-0.004355820858096121,0.0,0.19999999999999998,0.39029103318414893,0.19999999999999996,5.035731961571684e-18,0.2097089668158511
2022-08-30,-0.002965716259326295,0.0,0.19999999999999998,0.39029103318414893,0.19999999999999996,5.035731961571684e-18,0.2097089668158511
2022-08-31,-0.006942374493429503,0.0,0.19999999999999998,0.39029103318414893,0.19999999999999996,5.035731961571684e-18,0.2097089668158511
2022-09-01,-0.006403057091322382,0.0,0.19999999999999998,0.39029103318414893,0.19999999999999996,5.035731961571684e-18,0.2097089668158511
2022-09-02,0.0019314180351409902,0.0,0.19999999999999998,0.39029103318414893,0.19999999999999996,5.035731961571684e-18,0.2097089668158511
2022-09-06,-0.010376031118097371,0.0,0.19999999999999998,0.39029103318414893,0.19999999999999996,5.035731961571684e-18,0.2097089668158511
2022-09-07,0.010308981505605119,0.0,0.19999999999999998,0.39029103318414893,0.19999999999999996,5.035731961571684e-18,0.2097089668158511
2022-09-08,-0.0034676899102032625,0.0,0.19999999999999998,0.39029103318414893,0.19999999999999996,5.035731961571684e-18,0.2097089668158511
2022-09-09,0.0035325178091167933,0.0,0.19999999999999998,0.39029103318414893,0.19999999999999996,5.035731961571684e-18,0.2097089668158511
2022-09-12,-0.0011215638948952659,0.0,0.19999999999999998,0.39029103318414893,0.19999999999999996,5.035731961571684e-18,0.2097089668158511
2022-09-13,-0.007501750054681468,0.0,0.19999999999999998,0.39029103318414893,0.19999999999999996,5.035731961571684e-18,0.2097089668158511
2022-09-14,0.0009073917047970363,0.0,0.19999999999999998,0.39029103318414893,0.19999999999999996,5.035731961571684e-18,0.2097089668158511
2022-09-15,-0.006116548826802948,0.0,0.19999999999999998,0.39029103318414893,0.19999999999999996,5.035731961571684e-18,0.2097089668158511
2022-09-16,-0.003669312545909591,0.0,0.19999999999999998,0.39029103318414893,0.19999999999999996,5.035731961571684e-18,0.2097089668158511
2022-09-19,0.0024734974252045043,0.0,0.19999999999999998,0.39029103318414893,0.19999999999999996,5.035731961571684e-18,0.2097089668158511
2022-09-20,-0.006328955737546082,0.0,0.19999999999999998,0.39029103318414893,0.19999999999999996,5.035731961571684e-18,0.2097089668158511
2022-09-21,0.00603854543730727,0.0,0.19999999999999998,0.39029103318414893,0.19999999999999996,5.035731961571684e-18,0.2097089668158511
2022-09-22,-0.011485389209908839,0.0,0.19999999999999998,0.39029103318414893,0.19999999999999996,5.035731961571684e-18,0.2097089668158511
2022-09-23,-0.00191012156849347,0.0,0.19999999999999998,0.39029103318414893,0.19999999999999996,5.035731961571684e-18,0.2097089668158511
2022-09-26,-0.009412237130953002,0.0,0.19999999999999998,0.39029103318414893,0.19999999999999996,5.035731961571684e-18,0.2097089668158511
2022-09-27,-0.01030909521868575,0.0,0.19999999999999998,0.39029103318414893,0.19999999999999996,5.035731961571684e-18,0.2097089668158511
2022-09-28,0.018425319848137403,0.0,0.19999999999999998,0.39029103318414893,0.19999999999999996,5.035731961571684e-18,0.2097089668158511
2022-09-29,-0.0070678732891918394,0.0,0.19999999999999998,0.39029103318414893,0.19999999999999996,5.035731961571684e-18,0.2097089668158511
2022-09-30,-0.008118839391652472,0.0,0.19999999999999998,0.39029103318414893,0.19999999999999996,5.035731961571684e-18,0.2097089668158511
2022-10-03,0.01537003701241892,0.0,0.19999999999999998,0.39029103318414893,0.19999999999999996,5.035731961571684e-18,0.2097089668158511
2022-10-04,0.005107656605111628,0.0,0.19999999999999998,0.39029103318414893,0.19999999999999996,5.035731961571684e-18,0.2097089668158511
2022-10-05,-0.0033213588248188516,0.0,0.19999999999999998,0.39029103318414893,0.19999999999999996,5.035731961571684e-18,0.2097089668158511
2022-10-06,-0.0023522626860169853,0.0,0.19999999999999998,0.39029103318414893,0.19999999999999996,5.035731961571684e-18,0.2097089668158511
2022-10-07,-0.010726389061085546,0.0,0.19999999999999998,0.39029103318414893,0.19999999999999996,5.035731961571684e-18,0.2097089668158511
2022-10-10,-0.00973497342645616,0.0,0.19999999999999998,0.39029103318414893,0.19999999999999996,5.035731961571684e-18,0.2097089668158511
2022-10-11,0.0001868663709819183,0.0,0.19999999999999998,0.39029103318414893,0.19999999999999996,5.035731961571684e-18,0.2097089668158511
2022-10-12,0.002325171218492515,0.0,0.19999999999999998,0.39029103318414893,0.19999999999999996,5.035731961571684e-18,0.2097089668158511
2022-10-13,-0.0012175154009860891,0.0,0.19999999999999998,0.39029103318414893,0.19999999999999996,5.035731961571684e-18,0.2097089668158511
2022-10-14,-0.008813685741993028,0.0,0.19999999999999998,0.39029103318414893,0.19999999999999996,5.035731961571684e-18,0.2097089668158511
2022-10-17,0.0016797627007654739,0.0,0.19999999999999998,0.39029103318414893,0.19999999999999996,5.035731961571684e-18,0.2097089668158511
2022-10-18,0.0035560979430513512,0.0,0.19999999999999998,0.39029103318414893,0.19999999999999996,5.035731961571684e-18,0.2097089668158511
2022-10-19,-0.009671393554332943,0.0,0.19999999999999998,0.39029103318414893,0.19999999999999996,5.035731961571684e-18,0.2097089668158511
2022-10-20,-0.008526549581717129,0.0,0.19999999999999998,0.39029103318414893,0.19999999999999996,5.035731961571684e-18,0.2097089668158511
2022-10-21,-0.0004036796455184708,0.0,0.19999999999999998,0.39029103318414893,0.19999999999999996,5.035731961571684e-18,0.2097089668158511
2022-10-24,-0.0012179553864031108,0.0,0.19999999999999998,0.39029103318414893,0.19999999999999996,5.035731961571684e-18,0.2097089668158511
2022-10-25,0.01271556523901358,0.0,0.19999999999999998,0.39029103318414893,0.19999999999999996,5.035731961571684e-18,0.2097089668158511
2022-10-26,0.0032081331824710896,0.0,0.19999999999999998,0.39029103318414893,0.19999999999999996,5.035731961571684e-18,0.2097089668158511
2022-10-27,0.0043439668965628685,0.0,0.19999999999999998,0.39029103318414893,0.19999999999999996,5.035731961571684e-18,0.2097089668158511
2022-10-28,0.00038589964805471307,0.0,0.19999999999999998,0.39029103318414893,0.19999999999999996,5.035731961571684e-18,0.2097089668158511
2022-10-31,-0.004098641809274711,0.0,0.19999999999999998,0.39029103318414893,0.19999999999999996,5.035731961571684e-18,0.2097089668158511
2022-11-01,0.004743375112644365,0.0,0.19999999999999998,0.39029103318414893,0.19999999999999996,5.035731961571684e-18,0.2097089668158511
2022-11-02,-0.007199466160165101,0.0,0.19999999999999998,0.39029103318414893,0.19999999999999996,5.035731961571684e-18,0.2097089668158511
2022-11-03,-0.0031882359409748542,0.0,0.19999999999999998,0.39029103318414893,0.19999999999999996,5.035731961571684e-18,0.2097089668158511
2022-11-04,-0.0014712300661911294,0.0,0.19999999999999998,0.39029103318414893,0.19999999999999996,5.035731961571684e-18,0.2097089668158511
2022-11-07,-0.00396827425352924,0.0,0.19999999999999998,0.39029103318414893,0.19999999999999996,5.035731961571684e-18,0.2097089668158511
2022-11-08,0.009047426315050242,0.0,0.19999999999999998,0.39029103318414893,0.19999999999999996,5.035731961571684e-18,0.2097089668158511
2022-11-09,-0.0022784094023921165,0.0,0.19999999999999998,0.39029103318414893,0.19999999999999996,5.035731961571684e-18,0.2097089668158511
2022-11-10,0.027302339770373434,0.0,0.19999999999999998,0.39029103318414893,0.19999999999999996,5.035731961571684e-18,0.2097089668158511
2022-11-11,-0.0012029415129092371,0.0,0.19999999999999998,0.39029103318414893,0.19999999999999996,5.035731961571684e-18,0.2097089668158511
2022-11-14,-0.0012691638875509037,0.0,0.19999999999999998,0.39029103318414893,0.19999999999999996,5.035731961571684e-18,0.2097089668158511
2022-11-15,0.00799547595004049,0.0,0.19999999999999998,0.39029103318414893,0.19999999999999996,5.035731961571684e-18,0.2097089668158511
2022-11-16,0.006111241868899671,0.0,0.19999999999999998,0.39029103318414893,0.19999999999999996,5.035731961571684e-18,0.2097089668158511
2022-11-17,-0.005377843268104204,0.0,0.19999999999999998,0.39029103318414893,0.19999999999999996,5.035731961571684e-18,0.2097089668158511
2022-11-18,-0.002570768169037293,0.0,0.19999999999999998,0.39029103318414893,0.19999999999999996,5.035731961571684e-18,0.2097089668158511
2022-11-21,0.0016195194380882625,0.0,0.19999999999999998,0.39029103318414893,0.19999999999999996,5.035731961571684e-18,0.2097089668158511
2022-11-22,0.0071662050807104385,0.0,0.19999999999999998,0.39029103318414893,0.19999999999999996,5.035731961571684e-18,0.2097089668158511
2022-11-23,0.007135491538647965,0.0,0.19999999999999998,0.39029103318414893,0.19999999999999996,5.035731961571684e-18,0.2097089668158511
2022-11-25,-0.001195963853943423,0.0,0.19999999999999998,0.39029103318414893,0.19999999999999996,5.035731961571684e-18,0.2097089668158511
2022-11-28,-0.002131312237033566,0.0,0.19999999999999998,0.39029103318414893,0.19999999999999996,5.035731961571684e-18,0.2097089668158511
2022-11-29,-0.0035677213935238106,0.0,0.19999999999999998,0.39029103318414893,0.19999999999999996,5.035731961571684e-18,0.2097089668158511
2022-11-30,0.010054438797306891,0.0,0.19999999999999998,0.39029103318414893,0.19999999999999996,5.035731961571684e-18,0.2097089668158511
2022-12-01,0.013432489242267746,0.0,0.19999999999999998,0.39029103318414893,0.19999999999999996,5.035731961571684e-18,0.2097089668158511
2022-12-02,0.003763669597377789,0.0,0.19999999999999998,0.39029103318414893,0.19999999999999996,5.035731961571684e-18,0.2097089668158511
2022-12-05,-0.010787776477066706,0.0,0.19999999999999998,0.39029103318414893,0.19999999999999996,5.035731961571684e-18,0.2097089668158511
2022-12-06,0.0028387868559247233,0.0,0.19999999999999998,0.39029103318414893,0.19999999999999996,5.035731961571684e-18,0.2097089668158511
2022-12-07,0.010000976956594113,0.0,0.19999999999999998,0.39029103318414893,0.19999999999999996,5.035731961571684e-18,0.2097089668158511
2022-12-08,7.658693129358827e-07,0.0,0.19999999999999998,0.39029103318414893,0.19999999999999996,5.035731961571684e-18,0.2097089668158511
2022-12-09,-0.010493749182009685,0.0,0.19999999999999998,0.39029103318414893,0.19999999999999996,5.035731961571684e-18,0.2097089668158511
2022-12-12,0.002627241977118394,0.0,0.19999999999999998,0.39029103318414893,0.19999999999999996,5.035731961571684e-18,0.2097089668158511
2022-12-13,0.006851560285226526,0.0,0.19999999999999998,0.39029103318414893,0.19999999999999996,5.035731961571684e-18,0.2097089668158511
2022-12-14,-0.0010676441707909519,0.0,0.19999999999999998,0.39029103318414893,0.19999999999999996,5.035731961571684e-18,0.2097089668158511
2022-12-15,-0.004694103109698287,0.0,0.19999999999999998,0.39029103318414893,0.19999999999999996,5.035731961571684e-18,0.2097089668158511
2022-12-16,-0.004608079935269346,0.0,0.19999999999999998,0.39029103318414893,0.19999999999999996,5.035731961571684e-18,0.2097089668158511
2022-12-19,-0.008766212034019578,0.0,0.19999999999999998,0.39029103318414893,0.19999999999999996,5.035731961571684e-18,0.2097089668158511
2022-12-20,-0.004757179761189549,0.0,0.19999999999999998,0.39029103318414893,0.19999999999999996,5.035731961571684e-18,0.2097089668158511
2022-12-21,0.004166797130061668,0.0,0.19999999999999998,0.39029103318414893,0.19999999999999996,5.035731961571684e-18,0.2097089668158511
2022-12-22,-0.005045481292259423,0.0,0.19999999999999998,0.39029103318414893,0.19999999999999996,5.035731961571684e-18,0.2097089668158511
2022-12-23,-0.004046648273836063,0.0,0.19999999999999998,0.39029103318414893,0.19999999999999996,5.035731961571684e-18,0.2097089668158511
2022-12-27,-0.006894871530062033,0.0,0.19999999999999998,0.39029103318414893,0.19999999999999996,5.035731961571684e-18,0.2097089668158511
2022-12-28,-0.004936467457573247,0.0,0.19999999999999998,0.39029103318414893,0.19999999999999996,5.035731961571684e-18,0.2097089668158511
2022-12-29,0.007879968579959849,0.0,0.19999999999999998,0.39029103318414893,0.19999999999999996,5.035731961571684e-18,0.2097089668158511
2022-12-30,-0.004609446568191142,0.0,0.19999999999999998,0.39029103318414893,0.19999999999999996,5.035731961571684e-18,0.2097089668158511
2023-01-03,0.010542630650318184,0.0,0.19999999999999998,0.39029103318414893,0.19999999999999996,5.035731961571684e-18,0.2097089668158511
2023-01-04,0.008027472738074689,0.0,0.19999999999999998,0.39029103318414893,0.19999999999999996,5.035731961571684e-18,0.2097089668158511
2023-01-05,-0.0011947127333582002,0.0,0.19999999999999998,0.39029103318414893,0.19999999999999996,5.035731961571684e-18,0.2097089668158511
2023-01-06,0.012763318155943674,0.0,0.19999999999999998,0.39029103318414893,0.19999999999999996,5.035731961571684e-18,0.2097089668158511
2023-01-09,0.0011358902557809954,0.0,0.19999999999999998,0.39029103318414893,0.19999999999999996,5.035731961571684e-18,0.2097089668158511
2023-01-10,-0.004170264666355233,0.0,0.19999999999999998,0.39029103318414893,0.19999999999999996,5.035731961571684e-18,0.2097089668158511
2023-01-11,0.008734916040414403,0.0,0.19999999999999998,0.39029103318414893,0.19999999999999996,5.035731961571684e-18,0.2097089668158511
2023-01-12,0.008683194838036968,0.0,0.19999999999999998,0.39029103318414893,0.19999999999999996,5.035731961571684e-18,0.2097089668158511
2023-01-13,-0.0005581044736593867,0.0,0.19999999999999998,0.39029103318414893,0.19999999999999996,5.035731961571684e-18,0.2097089668158511
2023-01-17,-0.0035875495009554063,0.0,0.19999999999999998,0.39029103318414893,0.19999999999999996,5.035731961571684e-18,0.2097089668158511
2023-01-18,0.005725403739988602,0.0,0.19999999999999998,0.39029103318414893,0.19999999999999996,5.035731961571684e-18,0.2097089668158511
2023-01-19,-0.0012581256311619358,0.0,0.19999999999999998,0.39029103318414893,0.19999999999999996,5.035731961571684e-18,0.2097089668158511
2023-01-20,-0.0035735739648503208,0.0,0.19999999999999998,0.39029103318414893,0.19999999999999996,5.035731961571684e-18,0.2097089668158511
2023-01-23,0.001247145636826571,0.0,0.19999999999999998,0.39029103318414893,0.19999999999999996,5.035731961571684e-18,0.2097089668158511
2023-01-24,0.005892521655824642,0.0,0.19999999999999998,0.39029103318414893,0.19999999999999996,5.035731961571684e-18,0.2097089668158511
2023-01-25,0.0012547362913711202,0.0,0.19999999999999998,0.39029103318414893,0.19999999999999996,5.035731961571684e-18,0.2097089668158511
2023-01-26,-0.0008920791488793055,0.0,0.19999999999999998,0.39029103318414893,0.19999999999999996,5.035731961571684e-18,0.2097089668158511
2023-01-27,-0.0004983762957780075,0.0,0.19999999999999998,0.39029103318414893,0.19999999999999996,5.035731961571684e-18,0.2097089668158511
2023-01-30,-0.0036857470367260307,0.0,0.19999999999999998,0.39029103318414893,0.19999999999999996,5.035731961571684e-18,0.2097089668158511
2023-01-31,0.00633185843153252,0.0,0.19999999999999998,0.39029103318414893,0.19999999999999996,5.035731961571684e-18,0.2097089668158511
2023-02-01,0.007354732335479931,0.0,0.19999999999999998,0.39029103318414893,0.19999999999999996,5.035731961571684e-18,0.2097089668158511
2023-02-02,0.0006511942464950112,0.0,0.19999999999999998,0.39029103318414893,0.19999999999999996,5.035731961571684e-18,0.2097089668158511
2023-02-03,-0.010202101159304212,0.0,0.19999999999999998,0.39029103318414893,0.19999999999999996,5.035731961571684e-18,0.2097089668158511
2023-02-06,-0.0024893376407729042,0.0,0.19999999999999998,0.39029103318414893,0.19999999999999996,5.035731961571684e-18,0.2097089668158511
2023-02-07,-0.0007077622007508368,0.0,0.19999999999999998,0.39029103318414893,0.19999999999999996,5.035731961571684e-18,0.2097089668158511
2023-02-08,0.0003902477345435365,0.0,0.19999999999999998,0.39029103318414893,0.19999999999999996,5.035731961571684e-18,0.2097089668158511
2023-02-09,-0.007314081712679192,0.0,0.19999999999999998,0.39029103318414893,0.19999999999999996,5.035731961571684e-18,0.2097089668158511
2023-02-10,-0.002842279703620377,0.0,0.19999999999999998,0.39029103318414893,0.19999999999999996,5.035731961571684e-18,0.2097089668158511
2023-02-13,0.00401714375504664,0.0,0.19999999999999998,0.39029103318414893,0.19999999999999996,5.035731961571684e-18,0.2097089668158511
2023-02-14,-0.0009899471473364598,0.0,0.19999999999999998,0.39029103318414893,0.19999999999999996,5.035731961571684e-18,0.2097089668158511
2023-02-15,-0.0035537850286226393,0.0,0.19999999999999998,0.39029103318414893,0.19999999999999996,5.035731961571684e-18,0.2097089668158511
2023-02-16,-0.00814826705721581,0.0,0.19999999999999998,0.39029103318414893,0.19999999999999996,5.035731961571684e-18,0.2097089668158511
2023-02-17,0.0029834047895956986,0.0,0.19999999999999998,0.39029103318414893,0.19999999999999996,5.035731961571684e-18,0.2097089668158511
2023-02-21,-0.011673947973646029,0.0,0.19999999999999998,0.39029103318414893,0.19999999999999996,5.035731961571684e-18,0.2097089668158511
2023-02-22,0.0028455538000599877,0.0,0.19999999999999998,0.39029103318414893,0.19999999999999996,5.035731961571684e-18,0.2097089668158511
2023-02-23,0.004845964400017061,0.0,0.19999999999999998,0.39029103318414893,0.19999999999999996,5.035731961571684e-18,0.2097089668158511
2023-02-24,-0.007092426010648993,0.0,0.19999999999999998,0.39029103318414893,0.19999999999999996,5.035731961571684e-18,0.2097089668158511
2023-02-27,0.0014435445837363123,0.0,0.19999999999999998,0.39029103318414893,0.19999999999999996,5.035731961571684e-18,0.2097089668158511
2023-02-28,0.0025370898041725933,0.0,0.19999999999999998,0.39029103318414893,0.19999999999999996,5.035731961571684e-18,0.2097089668158511
2023-03-01,-0.00491263291920745,0.0,0.19999999999999998,0.39029103318414893,0.19999999999999996,5.035731961571684e-18,0.2097089668158511
2023-03-02,-0.0009096613059809135,0.0,0.19999999999999998,0.39029103318414893,0.19999999999999996,5.035731961571684e-18,0.2097089668158511
2023-03-03,0.013995715815685877,0.0,0.19999999999999998,0.39029103318414893,0.19999999999999996,5.035731961571684e-18,0.2097089668158511
2023-03-06,-0.0041926863366910285,0.0,0.19999999999999998,0.39029103318414893,0.19999999999999996,5.035731961571684e-18,0.2097089668158511
2023-03-07,-0.0015718792099332132,0.0,0.19999999999999998,0.39029103318414893,0.19999999999999996,5.035731961571684e-18,0.2097089668158511
2023-03-08,0.0005418387186275498,0.0,0.19999999999999998,0.39029103318414893,0.19999999999999996,5.035731961571684e-18,0.2097089668158511
2023-03-09,-0.0013481100532105076,0.0,0.19999999999999998,0.39029103318414893,0.19999999999999996,5.035731961571684e-18,0.2097089668158511
2023-03-10,0.013563012408346512,0.0,0.19999999999999998,0.39029103318414893,0.19999999999999996,5.035731961571684e-18,0.2097089668158511
2023-03-13,0.003268528662149366,0.0,0.19999999999999998,0.39029103318414893,0.19999999999999996,5.035731961571684e-18,0.2097089668158511
2023-03-14,-0.00426911574924594,0.0,0.19999999999999998,0.39029103318414893,0.19999999999999996,5.035731961571684e-18,0.2097089668158511
2023-03-15,0.010086223466590886,0.0,0.19999999999999998,0.39029103318414893,0.19999999999999996,5.035731961571684e-18,0.2097089668158511
2023-03-16,0.0006381849003258421,0.0,0.19999999999999998,0.39029103318414893,0.19999999999999996,5.035731961571684e-18,0.2097089668158511
2023-03-17,0.008160357891775893,0.0,0.19999999999999998,0.39029103318414893,0.19999999999999996,5.035731961571684e-18,0.2097089668158511
2023-03-20,-0.002624138941541616,0.0,0.19999999999999998,0.39029103318414893,0.19999999999999996,5.035731961571684e-18,0.2097089668158511
2023-03-21,-0.004577026813901647,0.0,0.19999999999999998,0.39029103318414893,0.19999999999999996,5.035731961571684e-18,0.2097089668158511
2023-03-22,0.0036276185232435535,0.0,0.19999999999999998,0.39029103318414893,0.19999999999999996,5.035731961571684e-18,0.2097089668158511
2023-03-23,0.0033497728196142515,0.0,0.19999999999999998,0.39029103318414893,0.19999999999999996,5.035731961571684e-18,0.2097089668158511
2023-03-24,0.001992173513486197,0.0,0.19999999999999998,0.39029103318414893,0.19999999999999996,5.035731961571684e-18,0.2097089668158511
2023-03-27,-0.011319007779796234,0.0,0.19999999999999998,0.39029103318414893,0.19999999999999996,5.035731961571684e-18,0.2097089668158511
2023-03-28,0.0011489701962285855,0.0,0.19999999999999998,0.39029103318414893,0.19999999999999996,5.035731961571684e-18,0.2097089668158511
2023-03-29,0.001658052408687552,0.0,0.19999999999999998,0.39029103318414893,0.19999999999999996,5.035731961571684e-18,0.2097089668158511
2023-03-30,0.0037980254840828285,0.0,0.19999999999999998,0.39029103318414893,0.19999999999999996,5.035731961571684e-18,0.2097089668158511
2023-03-31,0.008378344327459285,0.0,0.19999999999999998,0.39029103318414893,0.19999999999999996,5.035731961571684e-18,0.2097089668158511
2023-04-03,0.003060681191451751,0.0,0.19999999999999998,0.39029103318414893,0.19999999999999996,5.035731961571684e-18,0.2097089668158511
2023-04-04,0.003727730625107054,0.0,0.19999999999999998,0.39029103318414893,0.19999999999999996,5.035731961571684e-18,0.2097089668158511
2023-04-05,0.004004122632690342,0.0,0.19999999999999998,0.39029103318414893,0.19999999999999996,5.035731961571684e-18,0.2097089668158511
2023-04-06,0.0005141135376704872,0.0,0.19999999999999998,0.39029103318414893,0.19999999999999996,5.035731961571684e-18,0.2097089668158511
2023-04-10,-0.006358369413497775,0.0,0.19999999999999998,0.39029103318414893,0.19999999999999996,5.035731961571684e-18,0.2097089668158511
2023-04-11,0.001370365564025845,0.0,0.19999999999999998,0.39029103318414893,0.19999999999999996,5.035731961571684e-18,0.2097089668158511
2023-04-12,-0.0013710531244061708,0.0,0.19999999999999998,0.39029103318414893,0.19999999999999996,5.035731961571684e-18,0.2097089668158511
2023-04-13,0.0013066488411700118,0.0,0.19999999999999998,0.39029103318414893,0.19999999999999996,5.035731961571684e-18,0.2097089668158511
2023-04-14,-0.006381246748071093,0.0,0.19999999999999998,0.39029103318414893,0.19999999999999996,5.035731961571684e-18,0.2097089668158511
2023-04-17,-0.0037551667197937245,0.0,0.19999999999999998,0.39029103318414893,0.19999999999999996,5.035731961571684e-18,0.2097089668158511
2023-04-18,0.0015435551067035855,0.0,0.19999999999999998,0.39029103318414893,0.19999999999999996,5.035731961571684e-18,0.2097089668158511
2023-04-19,-0.0009100859930448373,0.0,0.19999999999999998,0.39029103318414893,0.19999999999999996,5.035731961571684e-18,0.2097089668158511
2023-04-20,0.0030329401273079012,0.0,0.19999999999999998,0.39029103318414893,0.19999999999999996,5.035731961571684e-18,0.2097089668158511
2023-04-21,-0.004241840937789669,0.0,0.19999999999999998,0.39029103318414893,0.19999999999999996,5.035731961571684e-18,0.2097089668158511
2023-04-24,0.003912156771188505,0.0,0.19999999999999998,0.39029103318414893,0.19999999999999996,5.035731961571684e-18,0.2097089668158511
2023-04-25,0.004567214239296912,0.0,0.19999999999999998,0.39029103318414893,0.19999999999999996,5.035731961571684e-18,0.2097089668158511
2023-04-26,-0.006773643808264554,0.0,0.19999999999999998,0.39029103318414893,0.19999999999999996,5.035731961571684e-18,0.2097089668158511
2023-04-27,0.00019546801566677546,0.0,0.19999999999999998,0.39029103318414893,0.19999999999999996,5.035731961571684e-18,0.2097089668158511
2023-04-28,0.008359573819369177,0.0,0.19999999999999998,0.39029103318414893,0.19999999999999996,5.035731961571684e-18,0.2097089668158511
2023-05-01,-0.011296152728397676,0.0,0.19999999999999998,0.39029103318414893,0.19999999999999996,5.035731961571684e-18,0.2097089668158511
2023-05-02,0.010811114298638416,0.0,0.19999999999999998,0.39029103318414893,0.19999999999999996,5.035731961571684e-18,0.2097089668158511
2023-05-03,0.001370991333986043,0.0,0.19999999999999998,0.39029103318414893,0.19999999999999996,5.035731961571684e-18,0.2097089668158511
2023-05-04,-0.0036382101599326463,0.0,0.19999999999999998,0.39029103318414893,0.19999999999999996,5.035731961571684e-18,0.2097089668158511
2023-05-05,-0.001027858836293948,0.0,0.19999999999999998,0.39029103318414893,0.19999999999999996,5.035731961571684e-18,0.2097089668158511
2023-05-08,-0.004867938816100952,0.0,0.19999999999999998,0.39029103318414893,0.19999999999999996,5.035731961571684e-18,0.2097089668158511
2023-05-09,-0.00017466590003668825,0.0,0.19999999999999998,0.39029103318414893,0.19999999999999996,5.035731961571684e-18,0.2097089668158511
2023-05-10,0.00405870866202961,0.0,0.19999999999999998,0.39029103318414893,0.19999999999999996,5.035731961571684e-18,0.2097089668158511
2023-05-11,0.003421602927838103,0.0,0.19999999999999998,0.39029103318414893,0.19999999999999996,5.035731961571684e-18,0.2097089668158511
2023-05-12,-0.002518586376085372,0.0,0.19999999999999998,0.39029103318414893,0.19999999999999996,5.035731961571684e-18,0.2097089668158511
2023-05-15,-0.00352114822037675,0.0,0.19999999999999998,0.39029103318414893,0.19999999999999996,5.035731961571684e-18,0.2097089668158511
2023-05-16,-0.004485024526052346,0.0,0.19999999999999998,0.39029103318414893,0.19999999999999996,5.035731961571684e-18,0.2097089668158511
2023-05-17,0.0009705624725046182,0.0,0.19999999999999998,0.39029103318414893,0.19999999999999996,5.035731961571684e-18,0.2097089668158511
2023-05-18,-0.0019945986136593557,0.0,0.19999999999999998,0.39029103318414893,0.19999999999999996,5.035731961571684e-18,0.2097089668158511
2023-05-19,-0.0016628316583466982,0.0,0.19999999999999998,0.39029103318414893,0.19999999999999996,5.035731961571684e-18,0.2097089668158511
2023-05-22,-0.001628633085899398,0.0,0.19999999999999998,0.39029103318414893,0.19999999999999996,5.035731961571684e-18,0.2097089668158511
2023-05-23,-0.0002877436636092008,0.0,0.19999999999999998,0.39029103318414893,0.19999999999999996,5.035731961571684e-18,0.2097089668158511
2023-05-24,-0.004254987589035792,0.0,0.19999999999999998,0.39029103318414893,0.19999999999999996,5.035731961571684e-18,0.2097089668158511
2023-05-25,-0.00020459008266008924,0.0,0.19999999999999998,0.39029103318414893,0.19999999999999996,5.035731961571684e-18,0.2097089668158511
2023-05-26,0.006468388816412202,0.0,0.19999999999999998,0.39029103318414893,0.19999999999999996,5.035731961571684e-18,0.2097089668158511
2023-05-30,0.004993827185586341,0.0,0.19999999999999998,0.39029103318414893,0.19999999999999996,5.035731961571684e-18,0.2097089668158511
2023-05-31,0.002967682543417065,0.0,0.19999999999999998,0.39029103318414893,0.19999999999999996,5.035731961571684e-18,0.2097089668158511
