date,gross,turnover,w_SPY,w_TLT,w_GLD,w_USO,w_UUP
2019-01-02,0.005686069716026953,0.08338214811031376,0.2,0.253104156782058,0.2,0.11661785188968624,0.23027799132825577
2019-01-03,-0.00015258770338818324,0.0,0.2,0.253104156782058,0.2,0.11661785188968624,0.23027799132825577
2019-01-04,0.004486661992829912,0.0,0.2,0.253104156782058,0.2,0.11661785188968624,0.23027799132825577
2019-01-07,0.0017876492682581627,0.0,0.2,0.253104156782058,0.2,0.11661785188968624,0.23027799132825577
2019-01-08,0.0037788321759376804,0.0,0.2,0.253104156782058,0.2,0.11661785188968624,0.23027799132825577
2019-01-09,0.005757536561303172,0.0,0.2,0.253104156782058,0.2,0.11661785188968624,0.23027799132825577
2019-01-10,-0.00020129787982459596,0.0,0.2,0.253104156782058,0.2,0.11661785188968624,0.23027799132825577
2019-01-11,-0.0005091926630797427,0.0,0.2,0.253104156782058,0.2,0.11661785188968624,0.23027799132825577
2019-01-14,-0.0039326957508164385,0.0,0.2,0.253104156782058,0.2,0.11661785188968624,0.23027799132825577
2019-01-15,0.005222931174220955,0.0,0.2,0.253104156782058,0.2,0.11661785188968624,0.23027799132825577
2019-01-16,0.002284612506589556,0.0,0.2,0.253104156782058,0.2,0.11661785188968624,0.23027799132825577
2019-01-17,0.0010024946540432246,0.0,0.2,0.253104156782058,0.2,0.11661785188968624,0.23027799132825577
2019-01-18,0.0032331752687296596,0.0,0.2,0.253104156782058,0.2,0.11661785188968624,0.23027799132825577
2019-01-22,-0.0022357114122301142,0.0,0.2,0.253104156782058,0.2,0.11661785188968624,0.23027799132825577
2019-01-23,-0.001241214790846488,0.0,0.2,0.253104156782058,0.2,0.11661785188968624,0.23027799132825577
2019-01-24,0.004075787646735193,0.0,0.2,0.253104156782058,0.2,0.11661785188968624,0.23027799132825577
2019-01-25,0.0023535765709716706,0.0,0.2,0.253104156782058,0.2,0.11661785188968624,0.23027799132825577
2019-01-28,-0.004000905830984398,0.0,0.2,0.253104156782058,0.2,0.11661785188968624,0.23027799132825577
2019-01-29,0.004463067147449528,0.0,0.2,0.253104156782058,0.2,0.11661785188968624,0.23027799132825577
2019-01-30,0.005455868310799748,0.0,0.2,0.253104156782058,0.2,0.11661785188968624,0.23027799132825577
2019-01-31,0.003972330034710837,0.0,0.2,0.253104156782058,0.2,0.11661785188968624,0.23027799132825577
2019-02-01,0.0010436981167112303,0.0,0.2,0.253104156782058,0.2,0.11661785188968624,0.23027799132825577
2019-02-04,-0.0012588003946709396,0.0,0.2,0.253104156782058,0.2,0.11661785188968624,0.23027799132825577
2019-02-05,0.0010141021048913766,0.0,0.2,0.253104156782058,0.2,0.11661785188968624,0.23027799132825577
2019-02-06,-0.0002780591799376904,0.0,0.2,0.253104156782058,0.2,0.11661785188968624,0.23027799132825577
2019-02-07,-0.0017837487992723852,0.0,0.2,0.253104156782058,0.2,0.11661785188968624,0.23027799132825577
2019-02-08,0.002458452115923015,0.0,0.2,0.253104156782058,0.2,0.11661785188968624,0.23027799132825577
2019-02-11,-0.0017056090457214807,0.0,0.2,0.253104156782058,0.2,0.11661785188968624,0.23027799132825577
2019-02-12,0.0031348619485848054,0.0,0.2,0.253104156782058,0.2,0.11661785188968624,0.23027799132825577
2019-02-13,0.0020342603880829572,0.0,0.2,0.253104156782058,0.2,0.11661785188968624,0.23027799132825577
2019-02-14,0.003289753557522259,0.0,0.2,0.253104156782058,0.2,0.11661785188968624,0.23027799132825577
2019-02-15,0.005658243948425143,0.0,0.2,0.253104156782058,0.2,0.11661785188968624,0.23027799132825577
2019-02-19,0.0038382979024384244,0.0,0.2,0.253104156782058,0.2,0.11661785188968624,0.23027799132825577
2019-02-20,0.000995752275602343,0.0,0.2,0.253104156782058,0.2,0.11661785188968624,0.23027799132825577
2019-02-21,-0.005544560637844968,0.0,0.2,0.253104156782058,0.2,0.11661785188968624,0.23027799132825577
2019-02-22,0.004065396897641333,0.0,0.2,0.253104156782058,0.2,0.11661785188968624,0.23027799132825577
2019-02-25,-0.004571929984151734,0.0,0.2,0.253104156782058,0.2,0.11661785188968624,0.23027799132825577
2019-02-26,0.0011535134050905927,0.0,0.2,0.253104156782058,0.2,0.11661785188968624,0.23027799132825577
2019-02-27,-0.001583849416011687,0.0,0.2,0.253104156782058,0.2,0.11661785188968624,0.23027799132825577
2019-02-28,-0.00158857761477499,0.0,0.2,0.253104156782058,0.2,0.11661785188968624,0.23027799132825577
2019-03-01,-0.00642615724503647,0.0,0.2,0.253104156782058,0.2,0.11661785188968624,0.23027799132825577
2019-03-04,0.0023997156417159974,0.0,0.2,0.253104156782058,0.2,0.11661785188968624,0.23027799132825577
2019-03-05,0.0013436797188382528,0.0,0.2,0.253104156782058,0.2,0.11661785188968624,0.23027799132825577
2019-03-06,-0.0011536351357471321,0.0,0.2,0.253104156782058,0.2,0.11661785188968624,0.23027799132825577
2019-03-07,0.002449036406433251,0.0,0.2,0.253104156782058,0.2,0.11661785188968624,0.23027799132825577
2019-03-08,0.001358720369581349,0.0,0.2,0.253104156782058,0.2,0.11661785188968624,0.23027799132825577
2019-03-11,0.0019347164691038282,0.0,0.2,0.253104156782058,0.2,0.11661785188968624,0.23027799132825577
2019-03-12,0.003590730177448861,0.0,0.2,0.253104156782058,0.2,0.11661785188968624,0.23027799132825577
2019-03-13,0.004120227112958978,0.0,0.2,0.253104156782058,0.2,0.11661785188968624,0.23027799132825577
2019-03-14,-0.0032634664450328908,0.0,0.2,0.253104156782058,0.2,0.11661785188968624,0.23027799132825577
2019-03-15,0.0030298196547143743,0.0,0.2,0.253104156782058,0.2,0.11661785188968624,0.23027799132825577
2019-03-18,0.0014773675151574306,0.0,0.2,0.253104156782058,0.2,0.11661785188968624,0.23027799132825577
2019-03-19,-0.0005117538389524655,0.0,0.2,0.253104156782058,0.2,0.11661785188968624,0.23027799132825577
2019-03-20,0.004089886354712314,0.0,0.2,0.253104156782058,0.2,0.11661785188968624,0.23027799132825577
2019-03-21,0.0028905245395917803,0.0,0.2,0.253104156782058,0.2,0.11661785188968624,0.23027799132825577
2019-03-22,-0.0009699240403459979,0.0,0.2,0.253104156782058,0.2,0.11661785188968624,0.23027799132825577
2019-03-25,0.0019783958531380034,0.0,0.2,0.253104156782058,0.2,0.11661785188968624,0.23027799132825577
2019-03-26,0.00312437683634738,0.0,0.2,0.253104156782058,0.2,0.11661785188968624,0.23027799132825577
2019-03-27,-0.0007113210100976337,0.0,0.2,0.253104156782058,0.2,0.11661785188968624,0.23027799132825577
2019-03-28,-0.0002950085344937477,0.0,0.2,0.253104156782058,0.2,0.11661785188968624,0.23027799132825577
2019-03-29,0.002883772226570927,0.0,0.2,0.253104156782058,0.2,0.11661785188968624,0.23027799132825577
2019-04-01,0.000798252710782154,0.0,0.2,0.253104156782058,0.2,0.11661785188968624,0.23027799132825577
2019-04-02,0.0033007329573796706,0.0,0.2,0.253104156782058,0.2,0.11661785188968624,0.23027799132825577
2019-04-03,-0.0027073639027872616,0.0,0.2,0.253104156782058,0.2,0.11661785188968624,0.23027799132825577
2019-04-04,0.0013941421603946332,0.0,0.2,0.253104156782058,0.2,0.11661785188968624,0.23027799132825577
2019-04-05,0.003423424438366815,0.0,0.2,0.253104156782058,0.2,0.11661785188968624,0.23027799132825577
2019-04-08,0.0015454120119158367,0.0,0.2,0.253104156782058,0.2,0.11661785188968624,0.23027799132825577
2019-04-09,0.00029808146575171287,0.0,0.2,0.253104156782058,0.2,0.11661785188968624,0.23027799132825577
2019-04-10,0.0022570438712269216,0.0,0.2,0.253104156782058,0.2,0.11661785188968624,0.23027799132825577
2019-04-11,-0.00460760157946844,0.0,0.2,0.253104156782058,0.2,0.11661785188968624,0.23027799132825577
2019-04-12,-0.0009137006436692439,0.0,0.2,0.253104156782058,0.2,0.11661785188968624,0.23027799132825577
2019-04-15,-0.00048368172663214624,0.0,0.2,0.253104156782058,0.2,0.11661785188968624,0.23027799132825577
2019-04-16,-0.0015690052652763736,0.0,0.2,0.253104156782058,0.2,0.11661785188968624,0.23027799132825577
2019-04-17,-0.0017295681760569545,0.0,0.2,0.253104156782058,0.2,0.11661785188968624,0.23027799132825577
2019-04-18,0.0034600534127416254,0.0,0.2,0.253104156782058,0.2,0.11661785188968624,0.23027799132825577
2019-04-22,0.0014927889353483657,0.0,0.2,0.253104156782058,0.2,0.11661785188968624,0.23027799132825577
2019-04-23,0.0037398079304008115,0.0,0.2,0.253104156782058,0.2,0.11661785188968624,0.23027799132825577
2019-04-24,0.0024178552764572868,0.0,0.2,0.253104156782058,0.2,0.11661785188968624,0.23027799132825577
2019-04-25,-0.0011665558587426606,0.0,0.2,0.253104156782058,0.2,0.11661785188968624,0.23027799132825577
2019-04-26,-0.0009347939615498685,0.0,0.2,0.253104156782058,0.2,0.11661785188968624,0.23027799132825577
2019-04-29,-0.0014692206009642862,0.0,0.2,0.253104156782058,0.2,0.11661785188968624,0.23027799132825577
2019-04-30,0.0018377685893464584,0.0,0.2,0.253104156782058,0.2,0.11661785188968624,0.23027799132825577
2019-05-01,-0.0021295351758021394,0.0,0.2,0.253104156782058,0.2,0.11661785188968624,0.23027799132825577
2019-05-02,-0.005402463675769066,0.0,0.2,0.253104156782058,0.2,0.11661785188968624,0.23027799132825577
2019-05-03,0.0034379557979778686,0.0,0.2,0.253104156782058,0.2,0.11661785188968624,0.23027799132825577
2019-05-06,0.002126225228946697,0.0,0.2,0.253104156782058,0.2,0.11661785188968624,0.23027799132825577
2019-05-07,-0.0035961516974262813,0.0,0.2,0.253104156782058,0.2,0.11661785188968624,0.23027799132825577
2019-05-08,-0.00031332174917503893,0.0,0.2,0.253104156782058,0.2,0.11661785188968624,0.23027799132825577
2019-05-09,-0.00025100797579293883,0.0,0.2,0.253104156782058,0.2,0.11661785188968624,0.23027799132825577
2019-05-10,0.001224992637438712,0.0,0.2,0.253104156782058,0.2,0.11661785188968624,0.23027799132825577
2019-05-13,-0.002448580138941438,0.0,0.2,0.253104156782058,0.2,0.11661785188968624,0.23027799132825577
2019-05-14,0.0029972429114903778,0.0,0.2,0.253104156782058,0.2,0.11661785188968624,0.23027799132825577
2019-05-15,0.0036058835069292168,0.0,0.2,0.253104156782058,0.2,0.11661785188968624,0.23027799132825577
2019-05-16,0.0017146948451181698,0.0,0.2,0.253104156782058,0.2,0.11661785188968624,0.23027799132825577
2019-05-17,-0.002151718759760641,0.0,0.2,0.253104156782058,0.2,0.11661785188968624,0.23027799132825577
2019-05-20,-0.0014120909429937503,0.0,0.2,0.253104156782058,0.2,0.11661785188968624,0.23027799132825577
2019-05-21,0.0011088103957787915,0.0,0.2,0.253104156782058,0.2,0.11661785188968624,0.23027799132825577
2019-05-22,-0.0026511142823806896,0.0,0.2,0.253104156782058,0.2,0.11661785188968624,0.23027799132825577
2019-05-23,-0.004436218143224176,0.0,0.2,0.253104156782058,0.2,0.11661785188968624,0.23027799132825577
2019-05-24,0.0014498850030626625,0.0,0.2,0.253104156782058,0.2,0.11661785188968624,0.23027799132825577
2019-05-28,0.00015210922592658006,0.0,0.2,0.253104156782058,0.2,0.11661785188968624,0.23027799132825577
2019-05-29,0.00011075252743222093,0.0,0.2,0.253104156782058,0.2,0.11661785188968624,0.23027799132825577
2019-05-30,-0.00040660969704991155,0.0,0.2,0.253104156782058,0.2,0.11661785188968624,0.23027799132825577
2019-05-31,-0.00433448358077476,0.0,0.2,0.253104156782058,0.2,0.11661785188968624,0.23027799132825577
2019-06-03,0.001690434097212467,0.0,0.2,0.253104156782058,0.2,0.11661785188968624,0.23027799132825577
2019-06-04,0.003059616452470471,0.0,0.2,0.253104156782058,0.2,0.11661785188968624,0.23027799132825577
2019-06-05,-0.002469482949359321,0.0,0.2,0.253104156782058,0.2,0.11661785188968624,0.23027799132825577
2019-06-06,0.005120888430039374,0.0,0.2,0.253104156782058,0.2,0.11661785188968624,0.23027799132825577
2019-06-07,0.006143110034043253,0.0,0.2,0.253104156782058,0.2,0.11661785188968624,0.23027799132825577
2019-06-10,-0.004436101038351168,0.0,0.2,0.253104156782058,0.2,0.11661785188968624,0.23027799132825577
2019-06-11,-4.443745626268625e-05,0.0,0.2,0.253104156782058,0.2,0.11661785188968624,0.23027799132825577
2019-06-12,-0.0034359535409338427,0.0,0.2,0.253104156782058,0.2,0.11661785188968624,0.23027799132825577
2019-06-13,0.005727207443133759,0.0,0.2,0.253104156782058,0.2,0.11661785188968624,0.23027799132825577
2019-06-14,0.002227837385021462,0.0,0.2,0.253104156782058,0.2,0.11661785188968624,0.23027799132825577
2019-06-17,-0.0009058089126414178,0.0,0.2,0.253104156782058,0.2,0.11661785188968624,0.23027799132825577
2019-06-18,0.009471489207525711,0.0,0.2,0.253104156782058,0.2,0.11661785188968624,0.23027799132825577
2019-06-19,0.001807273183528161,0.0,0.2,0.253104156782058,0.2,0.11661785188968624,0.23027799132825577
2019-06-20,0.011562800876238443,0.0,0.2,0.253104156782058,0.2,0.11661785188968624,0.23027799132825577
2019-06-21,-0.0017111789504885588,0.0,0.2,0.253104156782058,0.2,0.11661785188968624,0.23027799132825577
2019-06-24,0.004647208421261654,0.0,0.2,0.253104156782058,0.2,0.11661785188968624,0.23027799132825577
2019-06-25,-0.0003535300418837158,0.0,0.2,0.253104156782058,0.2,0.11661785188968624,0.23027799132825577
2019-06-26,-0.0006566581367260587,0.0,0.2,0.253104156782058,0.2,0.11661785188968624,0.23027799132825577
2019-06-27,0.00229724166296749,0.0,0.2,0.253104156782058,0.2,0.11661785188968624,0.23027799132825577
2019-06-28,-0.0011495679933302531,0.0,0.2,0.253104156782058,0.2,0.11661785188968624,0.23027799132825577
2019-07-01,0.0013591193600004043,0.0,0.2,0.253104156782058,0.2,0.11661785188968624,0.23027799132825577
2019-07-02,0.0010610056731678928,0.0,0.2,0.253104156782058,0.2,0.11661785188968624,0.23027799132825577
2019-07-03,0.004430974444517801,0.0,0.2,0.253104156782058,0.2,0.11661785188968624,0.23027799132825577
2019-07-05,-0.0027978063234825705,0.0,0.2,0.253104156782058,0.2,0.11661785188968624,0.23027799132825577
2019-07-08,-0.0017984209267533067,0.0,0.2,0.253104156782058,0.2,0.11661785188968624,0.23027799132825577
2019-07-09,0.002104782005738679,0.0,0.2,0.253104156782058,0.2,0.11661785188968624,0.23027799132825577
2019-07-10,0.0065040114398246755,0.0,0.2,0.253104156782058,0.2,0.11661785188968624,0.23027799132825577
2019-07-11,-0.004412634199851038,0.0,0.2,0.253104156782058,0.2,0.11661785188968624,0.23027799132825577
2019-07-12,0.001720639996843231,0.0,0.2,0.253104156782058,0.2,0.11661785188968624,0.23027799132825577
2019-07-15,-0.00017328924741279712,0.0,0.2,0.253104156782058,0.2,0.11661785188968624,0.23027799132825577
2019-07-16,-0.004218439054792198,0.0,0.2,0.253104156782058,0.2,0.11661785188968624,0.23027799132825577
2019-07-17,0.0011364293274595998,0.0,0.2,0.253104156782058,0.2,0.11661785188968624,0.23027799132825577
2019-07-18,0.00046336538283732855,0.0,0.2,0.253104156782058,0.2,0.11661785188968624,0.23027799132825577
2019-07-19,-0.0023969009923962776,0.0,0.2,0.253104156782058,0.2,0.11661785188968624,0.23027799132825577
2019-07-22,0.0014799841119462036,0.0,0.2,0.253104156782058,0.2,0.11661785188968624,0.23027799132825577
2019-07-23,0.0012652995211379372,0.0,0.2,0.253104156782058,0.2,0.11661785188968624,0.23027799132825577
2019-07-24,0.0008841523099989718,0.0,0.2,0.253104156782058,0.2,0.11661785188968624,0.23027799132825577
2019-07-25,-0.003043448315310046,0.0,0.2,0.253104156782058,0.2,0.11661785188968624,0.23027799132825577
2019-07-26,0.0031180362649879017,0.0,0.2,0.253104156782058,0.2,0.11661785188968624,0.23027799132825577
2019-07-29,0.0029199603032370896,0.0,0.2,0.253104156782058,0.2,0.11661785188968624,0.23027799132825577
2019-07-30,0.0033590382197958802,0.0,0.2,0.253104156782058,0.2,0.11661785188968624,0.23027799132825577
2019-07-31,-0.0017749845458730875,0.0,0.2,0.253104156782058,0.2,0.11661785188968624,0.23027799132825577
2019-08-01,0.0003297278057956556,0.0,0.2,0.253104156782058,0.2,0.11661785188968624,0.23027799132825577
2019-08-02,0.001282013227040525,0.004006334401899216,0.2,0.25711049118395723,0.2,0.11261151748778704,0.23027799132825577
2019-08-05,-0.0009781673810075435,0.0,0.2,0.25711049118395723,0.2,0.11261151748778704,0.23027799132825577
2019-08-06,0.004530774620865986,0.0022074692618868214,0.2,0.25931796044584404,0.2,0.1104040482259002,0.23027799132825577
2019-08-07,0.0008550295433810222,0.027607166419584786,0.2,0.2869251268654288,0.2,0.0827968818063154,0.23027799132825577
2019-08-08,0.006636210271583763,0.0,0.2,0.2869251268654288,0.2,0.0827968818063154,0.23027799132825577
2019-08-09,-0.0004413787130090991,0.0,0.2,0.2869251268654288,0.2,0.0827968818063154,0.23027799132825577
2019-08-12,0.0059005498792060575,0.0,0.2,0.2869251268654288,0.2,0.0827968818063154,0.23027799132825577
2019-08-13,0.005697196893778808,0.0,0.2,0.2869251268654288,0.2,0.0827968818063154,0.23027799132825577
2019-08-14,0.0006286538640192839,0.020235434919294935,0.2,0.3071605617847238,0.2,0.0625614468870205,0.23027799132825577
2019-08-15,0.004955802171498254,0.0,0.2,0.3071605617847238,0.2,0.0625614468870205,0.23027799132825577
2019-08-16,-0.00034141786740448255,0.0,0.2,0.3071605617847238,0.2,0.0625614468870205,0.23027799132825577
2019-08-19,-0.0023777454002600522,0.0,0.2,0.3071605617847238,0.2,0.0625614468870205,0.23027799132825577
2019-08-20,0.002525895328014557,0.0,0.2,0.3071605617847238,0.2,0.0625614468870205,0.23027799132825577
2019-08-21,-0.0009922154041727856,0.018325291639496484,0.2,0.32548585342422026,0.2,0.044236155247524014,0.23027799132825577
2019-08-22,-0.003208213683404366,0.0,0.2,0.32548585342422026,0.2,0.044236155247524014,0.23027799132825577
2019-08-23,0.0015301232317177897,0.0,0.2,0.32548585342422026,0.2,0.044236155247524014,0.23027799132825577
2019-08-26,0.002099787859772141,0.0,0.2,0.32548585342422026,0.2,0.044236155247524014,0.23027799132825577
2019-08-27,0.00692170458870991,0.0,0.2,0.32548585342422026,0.2,0.044236155247524014,0.23027799132825577
2019-08-28,0.002346607484456641,0.01603279463528694,0.2,0.3415186480595072,0.2,0.028203360612237084,0.23027799132825577
2019-08-29,0.0007705943211592449,0.0,0.2,0.3415186480595072,0.2,0.028203360612237084,0.23027799132825577
2019-08-30,-0.00041532140728439064,0.0,0.2,0.3415186480595072,0.2,0.028203360612237084,0.23027799132825577
2019-09-03,0.0021794165896211865,0.00905485324822052,0.2,0.35057350130772774,0.2,0.019148507364016572,0.23027799132825577
2019-09-04,0.0034251163261003305,0.0,0.2,0.35057350130772774,0.2,0.019148507364016572,0.23027799132825577
2019-09-05,-0.008636600215204397,0.007432735740666347,0.2,0.35800623704839407,0.2,0.011715771623350208,0.23027799132825577
2019-09-06,0.001153089928603751,0.0,0.2,0.35800623704839407,0.2,0.011715771623350208,0.23027799132825577
2019-09-09,-0.007127704976018428,0.0,0.2,0.35800623704839407,0.2,0.011715771623350208,0.23027799132825577
2019-09-10,-0.007872128061619027,0.0,0.2,0.35800623704839407,0.2,0.011715771623350208,0.23027799132825577
2019-09-11,0.0023937913452181567,0.0,0.2,0.35800623704839407,0.2,0.011715771623350208,0.23027799132825577
2019-09-12,-0.002138250039156221,0.0,0.2,0.35800623704839407,0.2,0.011715771623350208,0.23027799132825577
2019-09-13,-0.009810137969500577,0.0,0.2,0.35800623704839407,0.2,0.011715771623350208,0.23027799132825577
2019-09-16,0.00807194411302441,0.0,0.2,0.35800623704839407,0.2,0.011715771623350208,0.23027799132825577
2019-09-17,0.0013217183705028965,0.0,0.2,0.35800623704839407,0.2,0.011715771623350208,0.23027799132825577
2019-09-18,0.0010625753750314923,0.0,0.2,0.35800623704839407,0.2,0.011715771623350208,0.23027799132825577
2019-09-19,0.001445863951576558,0.0,0.2,0.35800623704839407,0.2,0.011715771623350208,0.23027799132825577
2019-09-20,0.0067604041257715505,0.0,0.2,0.35800623704839407,0.2,0.011715771623350208,0.23027799132825577
2019-09-23,0.0013497151586318978,0.0,0.2,0.35800623704839407,0.2,0.011715771623350208,0.23027799132825577
2019-09-24,0.0026491306822905734,0.0,0.2,0.35800623704839407,0.2,0.011715771623350208,0.23027799132825577
2019-09-25,-0.006054906899477,0.0,0.2,0.35800623704839407,0.2,0.011715771623350208,0.23027799132825577
2019-09-26,0.0024273392994617975,0.0,0.2,0.35800623704839407,0.2,0.011715771623350208,0.23027799132825577
2019-09-27,-0.0017066237910467546,0.0,0.2,0.35800623704839407,0.2,0.011715771623350208,0.23027799132825577
2019-09-30,-0.0008538272519180564,0.0,0.2,0.35800623704839407,0.2,0.011715771623350208,0.23027799132825577
2019-10-01,-0.0011264017768095019,0.0,0.2,0.35800623704839407,0.2,0.011715771623350208,0.23027799132825577
2019-10-02,-0.000713933790060324,0.0,0.2,0.35800623704839407,0.2,0.011715771623350208,0.23027799132825577
2019-10-03,0.005671959740546392,0.0,0.2,0.35800623704839407,0.2,0.011715771623350208,0.23027799132825577
2019-10-04,0.005296736798547132,0.0,0.2,0.35800623704839407,0.2,0.011715771623350208,0.23027799132825577
2019-10-07,-0.00516909004844354,0.007311578314029478,0.20000000000000004,0.3653178153624235,0.20000000000000004,0.00440419330932079,0.2302779913282558
2019-10-08,-1.9640139925695835e-05,0.004404193309320708,0.20000000000000004,0.36972200867174415,0.20000000000000004,0.0,0.2302779913282558
2019-10-09,-0.00017610724277004495,0.0,0.20000000000000004,0.36972200867174415,0.20000000000000004,0.0,0.2302779913282558
2019-10-10,-0.0068370431426699576,0.0,0.20000000000000004,0.36972200867174415,0.20000000000000004,0.0,0.2302779913282558
2019-10-11,-0.004465842251677796,0.0,0.20000000000000004,0.36972200867174415,0.20000000000000004,0.0,0.2302779913282558
2019-10-14,0.003949083972494039,0.0,0.20000000000000004,0.36972200867174415,0.20000000000000004,0.0,0.2302779913282558
2019-10-15,-0.0045680036706004495,0.0,0.20000000000000004,0.36972200867174415,0.20000000000000004,0.0,0.2302779913282558
2019-10-16,0.0006734212220429318,0.0,0.20000000000000004,0.36972200867174415,0.20000000000000004,0.0,0.2302779913282558
2019-10-17,-0.0008844697974713962,0.0,0.20000000000000004,0.36972200867174415,0.20000000000000004,0.0,0.2302779913282558
2019-10-18,-0.0019528666087035773,0.0,0.20000000000000004,0.36972200867174415,0.20000000000000004,0.0,0.2302779913282558
2019-10-21,-0.0022060309190053673,0.0,0.20000000000000004,0.36972200867174415,0.20000000000000004,0.0,0.2302779913282558
2019-10-22,0.002614969158215501,0.0,0.20000000000000004,0.36972200867174415,0.20000000000000004,0.0,0.2302779913282558
2019-10-23,0.0013378919675562533,0.0,0.20000000000000004,0.36972200867174415,0.20000000000000004,0.0,0.2302779913282558
2019-10-24,0.0016996895651905939,0.0,0.20000000000000004,0.36972200867174415,0.20000000000000004,0.0,0.2302779913282558
2019-10-25,-0.00026196855449879086,0.0,0.20000000000000004,0.36972200867174415,0.20000000000000004,0.0,0.2302779913282558
2019-10-28,-0.004128143644471098,0.0,0.20000000000000004,0.36972200867174415,0.20000000000000004,0.0,0.2302779913282558
2019-10-29,-0.0004575774193261951,0.0,0.20000000000000004,0.36972200867174415,0.20000000000000004,0.0,0.2302779913282558
2019-10-30,0.006604623086723502,0.0,0.20000000000000004,0.36972200867174415,0.20000000000000004,0.0,0.2302779913282558
2019-10-31,0.00602244251149976,0.0,0.20000000000000004,0.36972200867174415,0.20000000000000004,0.0,0.2302779913282558
2019-11-01,0.0008106049746618817,0.0,0.20000000000000004,0.36972200867174415,0.20000000000000004,0.0,0.2302779913282558
2019-11-04,-0.003771457803355104,0.0,0.20000000000000004,0.36972200867174415,0.20000000000000004,0.0,0.2302779913282558
2019-11-05,-0.00675213637644104,0.0,0.20000000000000004,0.36972200867174415,0.20000000000000004,0.0,0.2302779913282558
2019-11-06,0.0031411061993457086,0.0,0.20000000000000004,0.36972200867174415,0.20000000000000004,0.0,0.2302779913282558
2019-11-07,-0.008583915552427664,0.0,0.20000000000000004,0.36972200867174415,0.20000000000000004,0.0,0.2302779913282558
2019-11-08,-0.0018205194459442707,0.0,0.20000000000000004,0.36972200867174415,0.20000000000000004,0.0,0.2302779913282558
2019-11-11,-0.0009580103262832097,0.0,0.20000000000000004,0.36972200867174415,0.20000000000000004,0.0,0.2302779913282558
2019-11-12,0.0030023650499644873,0.0,0.20000000000000004,0.36972200867174415,0.20000000000000004,0.0,0.2302779913282558
2019-11-13,0.0031786957404514025,0.0,0.20000000000000004,0.36972200867174415,0.20000000000000004,0.0,0.2302779913282558
2019-11-14,0.0047795427322377924,0.0,0.20000000000000004,0.36972200867174415,0.20000000000000004,0.0,0.2302779913282558
2019-11-15,2.58090965078203e-05,0.0,0.20000000000000004,0.36972200867174415,0.20000000000000004,0.0,0.2302779913282558
2019-11-18,0.0009823656104906598,0.0,0.20000000000000004,0.36972200867174415,0.20000000000000004,0.0,0.2302779913282558
2019-11-19,0.00338230844244054,0.0,0.20000000000000004,0.36972200867174415,0.20000000000000004,0.0,0.2302779913282558
2019-11-20,0.003183009344501228,0.0,0.20000000000000004,0.36972200867174415,0.20000000000000004,0.0,0.2302779913282558
2019-11-21,-0.003387439876382647,0.0,0.20000000000000004,0.36972200867174415,0.20000000000000004,0.0,0.2302779913282558
2019-11-22,0.0012308337331001034,0.0,0.20000000000000004,0.36972200867174415,0.20000000000000004,0.0,0.2302779913282558
2019-11-25,0.0018463855858624277,0.0,0.20000000000000004,0.36972200867174415,0.20000000000000004,0.0,0.2302779913282558
2019-11-26,0.003320188665818997,0.0,0.20000000000000004,0.36972200867174415,0.20000000000000004,0.0,0.2302779913282558
2019-11-27,-0.0008999224362751799,0.0,0.20000000000000004,0.36972200867174415,0.20000000000000004,0.0,0.2302779913282558
2019-11-29,-0.0005457171850479088,0.0,0.20000000000000004,0.36972200867174415,0.20000000000000004,0.0,0.2302779913282558
2019-12-02,-0.00767129660380917,0.0,0.20000000000000004,0.36972200867174415,0.20000000000000004,0.0,0.2302779913282558
2019-12-03,0.008068977249954187,0.0,0.20000000000000004,0.36972200867174415,0.20000000000000004,0.0,0.2302779913282558
2019-12-04,-0.0029890070699726853,0.0,0.20000000000000004,0.36972200867174415,0.20000000000000004,0.0,0.2302779913282558
2019-12-05,-0.0018403184057884012,0.0,0.20000000000000004,0.36972200867174415,0.20000000000000004,0.0,0.2302779913282558
2019-12-06,-0.0013418303277109732,0.0,0.20000000000000004,0.36972200867174415,0.20000000000000004,0.0,0.2302779913282558
2019-12-09,-0.0001433395127351714,0.0,0.20000000000000004,0.36972200867174415,0.20000000000000004,0.0,0.2302779913282558
2019-12-10,0.00011223526594293805,0.0,0.20000000000000004,0.36972200867174415,0.20000000000000004,0.0,0.2302779913282558
2019-12-11,0.003989562678546637,0.0,0.20000000000000004,0.36972200867174415,0.20000000000000004,0.0,0.2302779913282558
2019-12-12,-0.004720469956482593,0.0,0.20000000000000004,0.36972200867174415,0.20000000000000004,0.0,0.2302779913282558
2019-12-13,0.005292289588069662,0.0,0.20000000000000004,0.36972200867174415,0.20000000000000004,0.0,0.2302779913282558
2019-12-16,-0.0023959573437670897,0.0,0.20000000000000004,0.36972200867174415,0.20000000000000004,0.0,0.2302779913282558
2019-12-17,-7.650063230117018e-05,0.0,0.20000000000000004,0.36972200867174415,0.20000000000000004,0.0,0.2302779913282558
2019-12-18,-0.002577316610120376,0.0,0.20000000000000004,0.36972200867174415,0.20000000000000004,0.0,0.2302779913282558
2019-12-19,0.001929256388160204,0.0,0.20000000000000004,0.36972200867174415,0.20000000000000004,0.0,0.2302779913282558
2019-12-20,0.002341090704086014,0.0,0.20000000000000004,0.36972200867174415,0.20000000000000004,0.0,0.2302779913282558
2019-12-23,0.0002583269699234054,0.0,0.20000000000000004,0.36972200867174415,0.20000000000000004,0.0,0.2302779913282558
2019-12-24,0.0029491438318859555,0.0,0.20000000000000004,0.36972200867174415,0.20000000000000004,0.0,0.2302779913282558
2019-12-26,0.0031770007917349408,0.0,0.20000000000000004,0.36972200867174415,0.20000000000000004,0.0,0.2302779913282558
2019-12-27,-0.0008570362838240665,0.0,0.20000000000000004,0.36972200867174415,0.20000000000000004,0.0,0.2302779913282558
2019-12-30,-0.0024685949823353517,0.0,0.20000000000000004,0.36972200867174415,0.20000000000000004,0.0,0.2302779913282558
2019-12-31,-0.0033757021526501585,0.0,0.20000000000000004,0.36972200867174415,0.20000000000000004,0.0,0.2302779913282558
2020-01-02,0.008313301215691647,0.0,0.20000000000000004,0.36972200867174415,0.20000000000000004,0.0,0.2302779913282558
2020-01-03,0.0070980728849561695,0.0,0.20000000000000004,0.36972200867174415,0.20000000000000004,0.0,0.2302779913282558
2020-01-06,0.00023196434964107074,0.0,0.20000000000000004,0.36972200867174415,0.20000000000000004,0.0,0.2302779913282558
2020-01-07,-0.0007967830451568384,0.0,0.20000000000000004,0.36972200867174415,0.20000000000000004,0.0,0.2302779913282558
2020-01-08,-0.0022612950485191934,0.0,0.20000000000000004,0.36972200867174415,0.20000000000000004,0.0,0.2302779913282558
2020-01-09,0.0019633712019808285,0.0,0.20000000000000004,0.36972200867174415,0.20000000000000004,0.0,0.2302779913282558
2020-01-10,0.00374126794207894,0.0,0.20000000000000004,0.36972200867174415,0.20000000000000004,0.0,0.2302779913282558
2020-01-13,-0.0012300890008771948,0.0,0.20000000000000004,0.36972200867174415,0.20000000000000004,0.0,0.2302779913282558
2020-01-14,0.0015064308423199274,0.0,0.20000000000000004,0.36972200867174415,0.20000000000000004,0.0,0.2302779913282558
2020-01-15,0.003719548521777937,0.0,0.20000000000000004,0.36972200867174415,0.20000000000000004,0.0,0.2302779913282558
2020-01-16,0.0005367121428972346,0.0,0.20000000000000004,0.36972200867174415,0.20000000000000004,0.0,0.2302779913282558
2020-01-17,-0.00137888786371263,0.0,0.20000000000000004,0.36972200867174415,0.20000000000000004,0.0,0.2302779913282558
2020-01-21,0.0035358669103465546,0.0,0.20000000000000004,0.36972200867174415,0.20000000000000004,0.0,0.2302779913282558
2020-01-22,0.0012161075726332148,0.0,0.20000000000000004,0.36972200867174415,0.20000000000000004,0.0,0.2302779913282558
2020-01-23,0.0038811984023128334,0.0,0.20000000000000004,0.36972200867174415,0.20000000000000004,0.0,0.2302779913282558
2020-01-24,0.002730554699243031,0.0,0.20000000000000004,0.36972200867174415,0.20000000000000004,0.0,0.2302779913282558
2020-01-27,0.0042590156102921,0.0,0.20000000000000004,0.36972200867174415,0.20000000000000004,0.0,0.2302779913282558
2020-01-28,-0.0025848723906800003,0.0,0.20000000000000004,0.36972200867174415,0.20000000000000004,0.0,0.2302779913282558
2020-01-29,0.004882409877892317,0.0,0.20000000000000004,0.36972200867174415,0.20000000000000004,0.0,0.2302779913282558
2020-01-30,1.7747318100136e-05,0.0,0.20000000000000004,0.36972200867174415,0.20000000000000004,0.0,0.2302779913282558
2020-01-31,-5.739336844051224e-05,0.0,0.20000000000000004,0.36972200867174415,0.20000000000000004,0.0,0.2302779913282558
2020-02-03,0.00102612881187304,0.0,0.20000000000000004,0.36972200867174415,0.20000000000000004,0.0,0.2302779913282558
2020-02-04,-0.0041837285164017576,0.0,0.20000000000000004,0.36972200867174415,0.20000000000000004,0.0,0.2302779913282558
2020-02-05,-0.0006170059035397325,0.0,0.20000000000000004,0.36972200867174415,0.20000000000000004,0.0,0.2302779913282558
2020-02-06,0.003850700575471609,0.0,0.20000000000000004,0.36972200867174415,0.20000000000000004,0.0,0.2302779913282558
2020-02-07,0.004596090547507157,0.0,0.20000000000000004,0.36972200867174415,0.20000000000000004,0.0,0.2302779913282558
2020-02-10,0.0033767987815804075,0.0,0.20000000000000004,0.36972200867174415,0.20000000000000004,0.0,0.2302779913282558
2020-02-11,-0.0024640397682828847,0.0,0.20000000000000004,0.36972200867174415,0.20000000000000004,0.0,0.2302779913282558
2020-02-12,-0.00014277499793973066,0.0,0.20000000000000004,0.36972200867174415,0.20000000000000004,0.0,0.2302779913282558
2020-02-13,0.002602178095583451,0.0,0.20000000000000004,0.36972200867174415,0.20000000000000004,0.0,0.2302779913282558
2020-02-14,0.002688542717810697,0.0,0.20000000000000004,0.36972200867174415,0.20000000000000004,0.0,0.2302779913282558
2020-02-18,0.005441064894908475,0.0,0.20000000000000004,0.36972200867174415,0.20000000000000004,0.0,0.2302779913282558
2020-02-19,0.0025256823843513433,0.0,0.20000000000000004,0.36972200867174415,0.20000000000000004,0.0,0.2302779913282558
2020-02-20,0.0035761901354967656,0.0,0.20000000000000004,0.36972200867174415,0.20000000000000004,0.0,0.2302779913282558
2020-02-21,0.0030335887315924475,0.0,0.20000000000000004,0.36972200867174415,0.20000000000000004,0.0,0.2302779913282558
2020-02-24,0.000769258204516318,0.0,0.20000000000000004,0.36972200867174415,0.20000000000000004,0.0,0.2302779913282558
2020-02-25,-0.008352994827304193,0.0,0.20000000000000004,0.36972200867174415,0.20000000000000004,0.0,0.2302779913282558
2020-02-26,-0.0016476584953479159,0.0,0.20000000000000004,0.36972200867174415,0.20000000000000004,0.0,0.2302779913282558
2020-02-27,-0.006308376277537791,0.0,0.20000000000000004,0.36972200867174415,0.20000000000000004,0.0,0.2302779913282558
2020-02-28,-0.0005677697770581592,0.0,0.20000000000000004,0.36972200867174415,0.20000000000000004,0.0,0.2302779913282558
2020-03-02,0.005831177835109299,0.0,0.20000000000000004,0.36972200867174415,0.20000000000000004,0.0,0.2302779913282558
2020-03-03,0.005340614538767732,0.0,0.20000000000000004,0.36972200867174415,0.20000000000000004,0.0,0.2302779913282558
2020-03-04,0.005620015696875118,0.0,0.20000000000000004,0.36972200867174415,0.20000000000000004,0.0,0.2302779913282558
2020-03-05,0.005128709897728604,0.0,0.20000000000000004,0.36972200867174415,0.20000000000000004,0.0,0.2302779913282558
2020-03-06,0.01469141012841648,0.0,0.20000000000000004,0.36972200867174415,0.20000000000000004,0.0,0.2302779913282558
2020-03-09,-0.0026147997793455197,0.07620255377824131,0.12379744622175871,0.36972200867174415,0.20000000000000004,0.0,0.3064805451064971
2020-03-10,-0.012241468760084064,0.0,0.12379744622175871,0.36972200867174415,0.20000000000000004,0.0,0.3064805451064971
2020-03-11,-0.019882313688725443,0.0,0.12379744622175871,0.36972200867174415,0.20000000000000004,0.0,0.3064805451064971
2020-03-12,-0.013762132679539345,0.004593841214574457,0.11920360500718426,0.36972200867174415,0.20000000000000004,0.0,0.31107438632107154
2020-03-13,0.007495587476164095,0.0,0.11920360500718426,0.36972200867174415,0.20000000000000004,0.0,0.31107438632107154
2020-03-16,-0.001363822648703307,0.0,0.11920360500718426,0.36972200867174415,0.20000000000000004,0.0,0.31107438632107154
2020-03-17,-0.01000243030935693,0.0,0.11920360500718426,0.36972200867174415,0.20000000000000004,0.0,0.31107438632107154
2020-03-18,-0.026158472136888874,0.0,0.11920360500718426,0.36972200867174415,0.20000000000000004,0.0,0.31107438632107154
2020-03-19,0.014178204375740532,0.012585382448940079,0.10661822255824419,0.36972200867174415,0.20000000000000004,2.585326955199483e-19,0.3236597687700116
2020-03-20,0.025284084079071602,0.0,0.10661822255824419,0.36972200867174415,0.20000000000000004,2.585326955199483e-19,0.3236597687700116
2020-03-23,0.020883833195886634,0.0,0.10661822255824419,0.36972200867174415,0.20000000000000004,2.585326955199483e-19,0.3236597687700116
2020-03-24,0.008780727551952174,0.0,0.10661822255824419,0.36972200867174415,0.20000000000000004,2.585326955199483e-19,0.3236597687700116
2020-03-25,-0.005024893221804159,0.0,0.10661822255824419,0.36972200867174415,0.20000000000000004,2.585326955199483e-19,0.3236597687700116
2020-03-26,0.0047333512377759,0.009091771236364808,0.09752645132187941,0.36972200867174415,0.20000000000000004,9.401691846784291e-20,0.33275154000637647
2020-03-27,0.002955650872616725,0.0,0.09752645132187941,0.36972200867174415,0.20000000000000004,9.401691846784291e-20,0.33275154000637647
2020-03-30,0.0024987064638160817,0.0,0.09752645132187941,0.36972200867174415,0.20000000000000004,9.401691846784291e-20,0.33275154000637647
2020-03-31,-0.011071834209984026,0.0,0.09752645132187941,0.36972200867174415,0.20000000000000004,9.401691846784291e-20,0.33275154000637647
2020-04-01,0.004790279558645618,0.0,0.09752645132187941,0.36972200867174415,0.20000000000000004,9.401691846784291e-20,0.33275154000637647
2020-04-02,0.009461575100344694,0.007779371283636226,0.08974708003824317,0.36972200867174415,0.20000000000000004,0.0,0.34053091129001267
2020-04-03,0.0024522173081150205,0.0,0.08974708003824317,0.36972200867174415,0.20000000000000004,0.0,0.34053091129001267
2020-04-06,0.010729351821605587,0.0,0.08974708003824317,0.36972200867174415,0.20000000000000004,0.0,0.34053091129001267
2020-04-07,-0.007969506107553426,0.0,0.08974708003824317,0.36972200867174415,0.20000000000000004,0.0,0.34053091129001267
2020-04-08,-0.00020021876444348274,0.0,0.08974708003824317,0.36972200867174415,0.20000000000000004,0.0,0.34053091129001267
2020-04-09,0.0046750562061443944,0.0034737329697997754,0.08627334706844336,0.36972200867174415,0.20000000000000004,0.0,0.3440046442598124
2020-04-13,-0.0012454760913557243,0.0,0.08627334706844336,0.36972200867174415,0.20000000000000004,0.0,0.3440046442598124
2020-04-14,0.002110380814409018,0.0,0.08627334706844336,0.36972200867174415,0.20000000000000004,0.0,0.3440046442598124
2020-04-15,0.009510889421145578,0.0,0.08627334706844336,0.36972200867174415,0.20000000000000004,0.0,0.3440046442598124
2020-04-16,0.005973258749279844,0.0,0.08627334706844336,0.36972200867174415,0.20000000000000004,0.0,0.3440046442598124
2020-04-17,-0.0074163908416146245,0.000622635963376889,0.08565071110506653,0.3697220086717442,0.20000000000000007,7.3451347581137105e-19,0.3446272802231893
2020-04-20,0.004038991153269853,0.0,0.08565071110506653,0.3697220086717442,0.20000000000000007,7.3451347581137105e-19,0.3446272802231893
2020-04-21,0.0011985190677361677,0.0,0.08565071110506653,0.3697220086717442,0.20000000000000007,7.3451347581137105e-19,0.3446272802231893
2020-04-22,0.0030735715790453895,0.0,0.08565071110506653,0.3697220086717442,0.20000000000000007,7.3451347581137105e-19,0.3446272802231893
2020-04-23,0.004074008367583161,0.0,0.08565071110506653,0.3697220086717442,0.20000000000000007,7.3451347581137105e-19,0.3446272802231893
2020-04-24,0.00042635915533324856,0.001154068520578665,0.08449664258448784,0.3697220086717442,0.20000000000000007,0.0,0.3457813487437679
2020-04-27,-0.007882410193712514,0.0,0.08449664258448784,0.3697220086717442,0.20000000000000007,0.0,0.3457813487437679
2020-04-28,0.0025933377679433836,0.0,0.08449664258448784,0.3697220086717442,0.20000000000000007,0.0,0.3457813487437679
2020-04-29,-4.86529922361003e-06,0.0,0.08449664258448784,0.3697220086717442,0.20000000000000007,0.0,0.3457813487437679
2020-04-30,-0.010907701687347315,0.0,0.08449664258448784,0.3697220086717442,0.20000000000000007,0.0,0.3457813487437679
2020-05-01,0.0025506162935886967,0.0,0.08449664258448784,0.3697220086717442,0.20000000000000007,0.0,0.3457813487437679
2020-05-04,0.0011287946899732233,0.0,0.08449664258448784,0.3697220086717442,0.20000000000000007,0.0,0.3457813487437679
2020-05-05,-0.00048132361232271323,0.0,0.08449664258448784,0.3697220086717442,0.20000000000000007,0.0,0.3457813487437679
2020-05-06,-0.007443957237344695,0.0,0.08449664258448784,0.3697220086717442,0.20000000000000007,0.0,0.3457813487437679
2020-05-07,0.00924640598972758,0.0,0.08449664258448784,0.3697220086717442,0.20000000000000007,0.0,0.3457813487437679
2020-05-08,-0.004738751901156885,0.0,0.08449664258448784,0.3697220086717442,0.20000000000000007,0.0,0.3457813487437679
2020-05-11,-0.0028362140600973326,0.0,0.08449664258448784,0.3697220086717442,0.20000000000000007,0.0,0.3457813487437679
2020-05-12,0.0022514754410675923,0.0,0.08449664258448784,0.3697220086717442,0.20000000000000007,0.0,0.3457813487437679
2020-05-13,0.003655259125142261,0.0,0.08449664258448784,0.3697220086717442,0.20000000000000007,0.0,0.3457813487437679
2020-05-14,0.006782132564249702,0.0,0.08449664258448784,0.3697220086717442,0.20000000000000007,0.0,0.3457813487437679
2020-05-15,0.0008208834524760281,0.0,0.08449664258448784,0.3697220086717442,0.20000000000000007,0.0,0.3457813487437679
2020-05-18,-0.009854975515267301,0.0,0.08449664258448784,0.3697220086717442,0.20000000000000007,0.0,0.3457813487437679
2020-05-19,0.0021889123209892065,0.0,0.08449664258448784,0.3697220086717442,0.20000000000000007,0.0,0.3457813487437679
2020-05-20,0.0018620262194643698,0.0,0.08449664258448784,0.3697220086717442,0.20000000000000007,0.0,0.3457813487437679
2020-05-21,-0.0018026112632615404,0.0,0.08449664258448784,0.3697220086717442,0.20000000000000007,0.0,0.3457813487437679
2020-05-22,0.004596066210390299,0.0,0.08449664258448784,0.3697220086717442,0.20000000000000007,0.0,0.3457813487437679
2020-05-26,-0.009322045255103086,0.0,0.08449664258448784,0.3697220086717442,0.20000000000000007,0.0,0.3457813487437679
2020-05-27,0.0008094597239464372,0.0,0.08449664258448784,0.3697220086717442,0.20000000000000007,0.0,0.3457813487437679
2020-05-28,-0.0026540489159480986,0.0,0.08449664258448784,0.3697220086717442,0.20000000000000007,0.0,0.3457813487437679
2020-05-29,0.003969249622503858,0.0,0.08449664258448784,0.3697220086717442,0.20000000000000007,0.0,0.3457813487437679
2020-06-01,-0.003176719543654502,0.0,0.08449664258448784,0.3697220086717442,0.20000000000000007,0.0,0.3457813487437679
2020-06-02,-0.002332149769401918,0.0,0.08449664258448784,0.3697220086717442,0.20000000000000007,0.0,0.3457813487437679
2020-06-03,-0.00957590637508334,0.0,0.08449664258448784,0.3697220086717442,0.20000000000000007,0.0,0.3457813487437679
2020-06-04,-0.004786682154598628,0.0,0.08449664258448784,0.3697220086717442,0.20000000000000007,0.0,0.3457813487437679
2020-06-05,-0.003862264886978964,0.0,0.08449664258448784,0.3697220086717442,0.20000000000000007,0.0,0.3457813487437679
2020-06-08,0.003683304977546168,0.0,0.08449664258448784,0.3697220086717442,0.20000000000000007,0.0,0.3457813487437679
2020-06-09,0.004439643952154445,0.0,0.08449664258448784,0.3697220086717442,0.20000000000000007,0.0,0.3457813487437679
2020-06-10,0.00615049512942006,0.0,0.08449664258448784,0.3697220086717442,0.20000000000000007,0.0,0.3457813487437679
2020-06-11,0.004141488718950888,0.0,0.08449664258448784,0.3697220086717442,0.20000000000000007,0.0,0.3457813487437679
2020-06-12,-0.0013452737489508947,0.0,0.08449664258448784,0.3697220086717442,0.20000000000000007,0.0,0.3457813487437679
2020-06-15,-0.0008112942892679916,0.0,0.08449664258448784,0.3697220086717442,0.20000000000000007,0.0,0.3457813487437679
2020-06-16,-0.00308353799924085,0.0,0.08449664258448784,0.3697220086717442,0.20000000000000007,0.0,0.3457813487437679
2020-06-17,0.0018210961602646834,0.0,0.08449664258448784,0.3697220086717442,0.20000000000000007,0.0,0.3457813487437679
2020-06-18,0.00487050200826538,0.0,0.08449664258448784,0.3697220086717442,0.20000000000000007,0.0,0.3457813487437679
2020-06-19,0.002413626521511028,0.0,0.08449664258448784,0.3697220086717442,0.20000000000000007,0.0,0.3457813487437679
2020-06-22,4.483581064721408e-05,0.0,0.08449664258448784,0.3697220086717442,0.20000000000000007,0.0,0.3457813487437679
2020-06-23,-0.0016398347559033557,0.0,0.08449664258448784,0.3697220086717442,0.20000000000000007,0.0,0.3457813487437679
2020-06-24,0.0026997056610730138,0.0,0.08449664258448784,0.3697220086717442,0.20000000000000007,0.0,0.3457813487437679
2020-06-25,0.002378069065126128,0.0,0.08449664258448784,0.3697220086717442,0.20000000000000007,0.0,0.3457813487437679
2020-06-26,0.00336839542801934,0.0,0.08449664258448784,0.3697220086717442,0.20000000000000007,0.0,0.3457813487437679
2020-06-29,0.00031800246150947035,0.0,0.08449664258448784,0.3697220086717442,0.20000000000000007,0.0,0.3457813487437679
2020-06-30,-0.00034995900730362033,0.0,0.08449664258448784,0.3697220086717442,0.20000000000000007,0.0,0.3457813487437679
2020-07-01,-0.001810529663796091,0.0,0.08449664258448784,0.3697220086717442,0.20000000000000007,0.0,0.3457813487437679
2020-07-02,0.0015453108889676099,0.0,0.08449664258448784,0.3697220086717442,0.20000000000000007,0.0,0.3457813487437679
2020-07-06,-0.0008539651836921933,0.0,0.08449664258448784,0.3697220086717442,0.20000000000000007,0.0,0.3457813487437679
2020-07-07,0.006380938810262047,0.0,0.08449664258448784,0.3697220086717442,0.20000000000000007,0.0,0.3457813487437679
2020-07-08,-0.0014360087404311033,0.0,0.08449664258448784,0.3697220086717442,0.20000000000000007,0.0,0.3457813487437679
2020-07-09,0.006059076882311422,0.0,0.08449664258448784,0.3697220086717442,0.20000000000000007,0.0,0.3457813487437679
2020-07-10,-0.0020427353784469933,0.0,0.08449664258448784,0.3697220086717442,0.20000000000000007,0.0,0.3457813487437679
2020-07-13,0.00020938291337290984,0.0,0.08449664258448784,0.3697220086717442,0.20000000000000007,0.0,0.3457813487437679
2020-07-14,0.0018961052290628827,0.0,0.08449664258448784,0.3697220086717442,0.20000000000000007,0.0,0.3457813487437679
2020-07-15,-0.0017031611355374445,0.0,0.08449664258448784,0.3697220086717442,0.20000000000000007,0.0,0.3457813487437679
2020-07-16,0.0007864325413708606,0.0,0.08449664258448784,0.3697220086717442,0.20000000000000007,0.0,0.3457813487437679
2020-07-17,-0.0003422221508683919,0.0,0.08449664258448784,0.3697220086717442,0.20000000000000007,0.0,0.3457813487437679
2020-07-20,0.0020224308117603542,0.0,0.08449664258448784,0.3697220086717442,0.20000000000000007,0.0,0.3457813487437679
2020-07-21,0.0006741080936838286,0.0,0.08449664258448784,0.3697220086717442,0.20000000000000007,0.0,0.3457813487437679
2020-07-22,0.003685745345640358,0.0,0.08449664258448784,0.3697220086717442,0.20000000000000007,0.0,0.3457813487437679
2020-07-23,0.004401946867869877,0.0,0.08449664258448784,0.3697220086717442,0.20000000000000007,0.0,0.3457813487437679
2020-07-24,-0.00033544539929550397,0.0,0.08449664258448784,0.3697220086717442,0.20000000000000007,0.0,0.3457813487437679
2020-07-27,0.0006182796941406462,0.0,0.08449664258448784,0.3697220086717442,0.20000000000000007,0.0,0.3457813487437679
2020-07-28,0.00423664025362914,0.0,0.08449664258448784,0.3697220086717442,0.20000000000000007,0.0,0.3457813487437679
2020-07-29,0.00027469263975351795,0.0,0.08449664258448784,0.3697220086717442,0.20000000000000007,0.0,0.3457813487437679
2020-07-30,-0.0007159410668024656,0.0,0.08449664258448784,0.3697220086717442,0.20000000000000007,0.0,0.3457813487437679
2020-07-31,0.004311653307791279,0.0,0.08449664258448784,0.3697220086717442,0.20000000000000007,0.0,0.3457813487437679
2020-08-03,-0.001047516068099086,0.0,0.08449664258448784,0.3697220086717442,0.20000000000000007,0.0,0.3457813487437679
2020-08-04,0.006875073588124494,0.0,0.08449664258448784,0.3697220086717442,0.20000000000000007,0.0,0.3457813487437679
2020-08-05,-0.002360945988851766,0.0,0.08449664258448784,0.3697220086717442,0.20000000000000007,0.0,0.3457813487437679
2020-08-06,0.005284915575654279,0.0,0.08449664258448784,0.3697220086717442,0.20000000000000007,0.0,0.3457813487437679
2020-08-07,-0.003512830751941878,0.0,0.08449664258448784,0.3697220086717442,0.20000000000000007,0.0,0.3457813487437679
2020-08-10,-0.00154514618780562,0.0,0.08449664258448784,0.3697220086717442,0.20000000000000007,0.0,0.3457813487437679
2020-08-11,-0.01528308649679226,0.0,0.08449664258448784,0.3697220086717442,0.20000000000000007,0.0,0.3457813487437679
2020-08-12,-0.004211787318083461,0.0,0.08449664258448784,0.3697220086717442,0.20000000000000007,0.0,0.3457813487437679
2020-08-13,0.00048218909659550856,0.0,0.08449664258448784,0.3697220086717442,0.20000000000000007,0.0,0.3457813487437679
2020-08-14,-0.0028521641510316264,0.0,0.08449664258448784,0.3697220086717442,0.20000000000000007,0.0,0.3457813487437679
2020-08-17,0.004025496656534355,0.0,0.08449664258448784,0.3697220086717442,0.20000000000000007,0.0,0.3457813487437679
2020-08-18,0.0026973883108894125,0.0,0.08449664258448784,0.3697220086717442,0.20000000000000007,0.0,0.3457813487437679
2020-08-19,-0.0062020665574302036,0.0,0.08449664258448784,0.3697220086717442,0.20000000000000007,0.0,0.3457813487437679
2020-08-20,0.00402453097018614,0.0,0.08449664258448784,0.3697220086717442,0.20000000000000007,0.0,0.3457813487437679
2020-08-21,0.002569029311373385,0.0,0.08449664258448784,0.3697220086717442,0.20000000000000007,0.0,0.3457813487437679
2020-08-24,-0.00032696342541974337,0.0,0.08449664258448784,0.3697220086717442,0.20000000000000007,0.0,0.3457813487437679
2020-08-25,-0.0035248781518019655,0.0,0.08449664258448784,0.3697220086717442,0.20000000000000007,0.0,0.3457813487437679
2020-08-26,0.0013814271141384515,0.0,0.08449664258448784,0.3697220086717442,0.20000000000000007,0.0,0.3457813487437679
2020-08-27,-0.008003026599542674,0.0,0.08449664258448784,0.3697220086717442,0.20000000000000007,0.0,0.3457813487437679
2020-08-28,0.0009948463099807379,0.0,0.08449664258448784,0.3697220086717442,0.20000000000000007,0.0,0.3457813487437679
2020-08-31,0.0022104550651817507,0.0,0.08449664258448784,0.3697220086717442,0.20000000000000007,0.0,0.3457813487437679
2020-09-01,0.0059570426468434695,0.0,0.08449664258448784,0.3697220086717442,0.20000000000000007,0.0,0.3457813487437679
2020-09-02,0.0033629486431308647,0.0,0.08449664258448784,0.3697220086717442,0.20000000000000007,0.0,0.3457813487437679
2020-09-03,-0.0033400284809791706,0.0,0.08449664258448784,0.3697220086717442,0.20000000000000007,0.0,0.3457813487437679
2020-09-04,-0.006606132911265475,0.0,0.08449664258448784,0.3697220086717442,0.20000000000000007,0.0,0.3457813487437679
2020-09-08,0.0013693183435501814,0.0,0.08449664258448784,0.3697220086717442,0.20000000000000007,0.0,0.3457813487437679
2020-09-09,0.0020683734460966675,0.0,0.08449664258448784,0.3697220086717442,0.20000000000000007,0.0,0.3457813487437679
2020-09-10,0.0004539305883423002,0.0,0.08449664258448784,0.3697220086717442,0.20000000000000007,0.0,0.3457813487437679
2020-09-11,0.00013514238643139376,0.0,0.08449664258448784,0.3697220086717442,0.20000000000000007,0.0,0.3457813487437679
2020-09-14,0.00184505639298227,0.0,0.08449664258448784,0.3697220086717442,0.20000000000000007,0.0,0.3457813487437679
2020-09-15,-0.0006757550908414203,0.0,0.08449664258448784,0.3697220086717442,0.20000000000000007,0.0,0.3457813487437679
2020-09-16,-0.0004598055643479749,0.0,0.08449664258448784,0.3697220086717442,0.20000000000000007,0.0,0.3457813487437679
2020-09-17,-0.0019474854155965835,0.0,0.08449664258448784,0.3697220086717442,0.20000000000000007,0.0,0.3457813487437679
2020-09-18,-0.0014458599337341244,0.0,0.08449664258448784,0.3697220086717442,0.20000000000000007,0.0,0.3457813487437679
2020-09-21,-0.0006030517104362414,0.0,0.08449664258448784,0.3697220086717442,0.20000000000000007,0.0,0.3457813487437679
2020-09-22,0.00082930750485742,0.0,0.08449664258448784,0.3697220086717442,0.20000000000000007,0.0,0.3457813487437679
2020-09-23,-0.003878107347616586,0.0,0.08449664258448784,0.3697220086717442,0.20000000000000007,0.0,0.3457813487437679
2020-09-24,0.0018428316613872489,0.0,0.08449664258448784,0.3697220086717442,0.20000000000000007,0.0,0.3457813487437679
2020-09-25,0.0017459631140707395,0.0,0.08449664258448784,0.3697220086717442,0.20000000000000007,0.0,0.3457813487437679
2020-09-28,0.0012805679446981208,0.0,0.08449664258448784,0.3697220086717442,0.20000000000000007,0.0,0.3457813487437679
2020-09-29,2.3774922140719747e-05,0.0,0.08449664258448784,0.3697220086717442,0.20000000000000007,0.0,0.3457813487437679
2020-09-30,-0.004104282558386187,0.0,0.08449664258448784,0.3697220086717442,0.20000000000000007,0.0,0.3457813487437679
2020-10-01,0.0023910523180765246,0.0,0.08449664258448784,0.3697220086717442,0.20000000000000007,0.0,0.3457813487437679
2020-10-02,-0.0015423533475144337,0.0,0.08449664258448784,0.3697220086717442,0.20000000000000007,0.0,0.3457813487437679
2020-10-05,-0.006250115217552739,0.0,0.08449664258448784,0.3697220086717442,0.20000000000000007,0.0,0.3457813487437679
2020-10-06,-0.0006027054319687657,0.0,0.08449664258448784,0.3697220086717442,0.20000000000000007,0.0,0.3457813487437679
2020-10-07,-0.0017251781053232032,0.0,0.08449664258448784,0.3697220086717442,0.20000000000000007,0.0,0.3457813487437679
2020-10-08,0.0033196721685951175,0.0,0.08449664258448784,0.3697220086717442,0.20000000000000007,0.0,0.3457813487437679
2020-10-09,0.0022664682775744172,0.0,0.08449664258448784,0.3697220086717442,0.20000000000000007,0.0,0.3457813487437679
2020-10-12,0.0015502007452804665,0.0,0.08449664258448784,0.3697220086717442,0.20000000000000007,0.0,0.3457813487437679
2020-10-13,0.001015977514359035,0.0,0.08449664258448784,0.3697220086717442,0.20000000000000007,0.0,0.3457813487437679
2020-10-14,0.00011234197478337311,0.0,0.08449664258448784,0.3697220086717442,0.20000000000000007,0.0,0.3457813487437679
2020-10-15,0.0016329157416161847,0.0,0.08449664258448784,0.3697220086717442,0.20000000000000007,0.0,0.3457813487437679
2020-10-16,-0.0021816519552090886,0.0,0.08449664258448784,0.3697220086717442,0.20000000000000007,0.0,0.3457813487437679
2020-10-19,-0.0036749175800849694,0.0,0.08449664258448784,0.3697220086717442,0.20000000000000007,0.0,0.3457813487437679
2020-10-20,-0.0033131715329840377,0.0,0.08449664258448784,0.3697220086717442,0.20000000000000007,0.0,0.3457813487437679
2020-10-21,-0.0017192177605722114,0.0,0.08449664258448784,0.3697220086717442,0.20000000000000007,0.0,0.3457813487437679
2020-10-22,-0.003957602042514705,0.0,0.08449664258448784,0.3697220086717442,0.20000000000000007,0.0,0.3457813487437679
2020-10-23,0.0015078207616633153,0.0,0.08449664258448784,0.3697220086717442,0.20000000000000007,0.0,0.3457813487437679
2020-10-26,0.0030200255961562728,0.0,0.08449664258448784,0.3697220086717442,0.20000000000000007,0.0,0.3457813487437679
2020-10-27,0.0020278250620423535,0.0,0.08449664258448784,0.3697220086717442,0.20000000000000007,0.0,0.3457813487437679
2020-10-28,-0.0035652868874957925,0.0,0.08449664258448784,0.3697220086717442,0.20000000000000007,0.0,0.3457813487437679
2020-10-29,-0.0021891914557765502,0.0,0.08449664258448784,0.3697220086717442,0.20000000000000007,0.0,0.3457813487437679
2020-10-30,-0.00320683402291575,0.0,0.08449664258448784,0.3697220086717442,0.20000000000000007,0.0,0.3457813487437679
2020-11-02,0.006066385635866499,0.0,0.08449664258448784,0.3697220086717442,0.20000000000000007,0.0,0.3457813487437679
2020-11-03,-0.0014236208162575806,0.0,0.08449664258448784,0.3697220086717442,0.20000000000000007,0.0,0.3457813487437679
2020-11-04,0.009249296009537425,0.0,0.08449664258448784,0.3697220086717442,0.20000000000000007,0.0,0.3457813487437679
2020-11-05,0.0035965141282157218,0.0,0.08449664258448784,0.3697220086717442,0.20000000000000007,0.0,0.3457813487437679
2020-11-06,-0.00544855770382958,0.0,0.08449664258448784,0.3697220086717442,0.20000000000000007,0.0,0.3457813487437679
2020-11-09,-0.013339419712513217,0.0,0.08449664258448784,0.3697220086717442,0.20000000000000007,0.0,0.3457813487437679
2020-11-10,-0.001593657150669656,0.0,0.08449664258448784,0.3697220086717442,0.20000000000000007,0.0,0.3457813487437679
2020-11-11,0.0015109219416965787,0.0,0.08449664258448784,0.3697220086717442,0.20000000000000007,0.0,0.3457813487437679
2020-11-12,0.006684373347882404,0.0,0.08449664258448784,0.3697220086717442,0.20000000000000007,0.0,0.3457813487437679
2020-11-13,0.0013542339451079427,0.0,0.08449664258448784,0.3697220086717442,0.20000000000000007,0.0,0.3457813487437679
2020-11-16,-0.0006739461996520535,0.0,0.08449664258448784,0.3697220086717442,0.20000000000000007,0.0,0.3457813487437679
2020-11-17,0.0006712846555022561,0.0,0.08449664258448784,0.3697220086717442,0.20000000000000007,0.0,0.3457813487437679
2020-11-18,-0.000951545707456434,0.0,0.08449664258448784,0.3697220086717442,0.20000000000000007,0.0,0.3457813487437679
2020-11-19,0.0013282607943894513,0.0,0.08449664258448784,0.3697220086717442,0.20000000000000007,0.0,0.3457813487437679
2020-11-20,0.0037229204722428887,0.0,0.08449664258448784,0.3697220086717442,0.20000000000000007,0.0,0.3457813487437679
2020-11-23,-0.0045715765867961125,0.0,0.08449664258448784,0.3697220086717442,0.20000000000000007,0.0,0.3457813487437679
2020-11-24,-0.007045196776343878,0.0,0.08449664258448784,0.3697220086717442,0.20000000000000007,0.0,0.3457813487437679
2020-11-25,-0.0019195640733786392,0.0,0.08449664258448784,0.3697220086717442,0.20000000000000007,0.0,0.3457813487437679
2020-11-27,0.0010972872883862276,0.0,0.08449664258448784,0.3697220086717442,0.20000000000000007,0.0,0.3457813487437679
2020-11-30,-0.0013326863975470465,0.0,0.08449664258448784,0.3697220086717442,0.20000000000000007,0.0,0.3457813487437679
2020-12-01,-0.003380118376287343,0.0,0.08449664258448784,0.3697220086717442,0.20000000000000007,0.0,0.3457813487437679
2020-12-02,-0.0016739481799812922,0.0,0.08449664258448784,0.3697220086717442,0.20000000000000007,0.0,0.3457813487437679
2020-12-03,0.002703654452200023,0.0,0.08449664258448784,0.3697220086717442,0.20000000000000007,0.0,0.3457813487437679
2020-12-04,-0.0048368824136033675,0.0,0.08449664258448784,0.3697220086717442,0.20000000000000007,0.0,0.3457813487437679
2020-12-07,0.006709612112192847,0.0,0.08449664258448784,0.3697220086717442,0.20000000000000007,0.0,0.3457813487437679
2020-12-08,0.0031150588607008183,0.0,0.08449664258448784,0.3697220086717442,0.20000000000000007,0.0,0.3457813487437679
2020-12-09,-0.005257459019207537,0.0,0.08449664258448784,0.3697220086717442,0.20000000000000007,0.0,0.3457813487437679
2020-12-10,0.0018808701740439513,0.0,0.08449664258448784,0.3697220086717442,0.20000000000000007,0.0,0.3457813487437679
2020-12-11,0.0024288111665238562,0.0,0.08449664258448784,0.3697220086717442,0.20000000000000007,0.0,0.3457813487437679
2020-12-14,-0.003490658483652224,0.0,0.08449664258448784,0.3697220086717442,0.20000000000000007,0.0,0.3457813487437679
2020-12-15,0.0015723295893083841,0.0,0.08449664258448784,0.3697220086717442,0.20000000000000007,0.0,0.3457813487437679
2020-12-16,-0.00017310264911800008,0.0,0.08449664258448784,0.3697220086717442,0.20000000000000007,0.0,0.3457813487437679
2020-12-17,-0.0002470542342818305,0.0,0.08449664258448784,0.3697220086717442,0.20000000000000007,0.0,0.3457813487437679
2020-12-18,-0.0013569286491864909,0.0,0.08449664258448784,0.3697220086717442,0.20000000000000007,0.0,0.3457813487437679
2020-12-21,0.001242179496054169,0.0,0.08449664258448784,0.3697220086717442,0.20000000000000007,0.0,0.3457813487437679
2020-12-22,0.0020340661982931186,0.0,0.08449664258448784,0.3697220086717442,0.20000000000000007,0.0,0.3457813487437679
2020-12-23,-0.0027051263287977485,0.0,0.08449664258448784,0.3697220086717442,0.20000000000000007,0.0,0.3457813487437679
2020-12-24,0.002872844255075355,0.0,0.08449664258448784,0.3697220086717442,0.20000000000000007,0.0,0.3457813487437679
2020-12-28,0.00016473252512536743,0.0,0.08449664258448784,0.3697220086717442,0.20000000000000007,0.0,0.3457813487437679
2020-12-29,-0.0010385716838841263,0.0,0.08449664258448784,0.3697220086717442,0.20000000000000007,0.0,0.3457813487437679
2020-12-30,0.001026760977863581,0.0,0.08449664258448784,0.3697220086717442,0.20000000000000007,0.0,0.3457813487437679
2020-12-31,0.0027134019798528554,0.0,0.08449664258448784,0.3697220086717442,0.20000000000000007,0.0,0.3457813487437679
2021-01-04,0.003141341135742098,0.0,0.08449664258448784,0.3697220086717442,0.20000000000000007,0.0,0.3457813487437679
2021-01-05,-0.0035669731260033755,0.0,0.08449664258448784,0.3697220086717442,0.20000000000000007,0.0,0.3457813487437679
2021-01-06,-0.010762864855741077,0.0,0.08449664258448784,0.3697220086717442,0.20000000000000007,0.0,0.3457813487437679
2021-01-07,-0.00046090541639103597,0.0,0.08449664258448784,0.3697220086717442,0.20000000000000007,0.0,0.3457813487437679
2021-01-08,-0.006982889577049334,0.0,0.08449664258448784,0.3697220086717442,0.20000000000000007,0.0,0.3457813487437679
2021-01-11,0.000564258101976533,0.0,0.08449664258448784,0.3697220086717442,0.20000000000000007,0.0,0.3457813487437679
2021-01-12,-0.0008217984346790407,0.0,0.08449664258448784,0.3697220086717442,0.20000000000000007,0.0,0.3457813487437679
2021-01-13,0.004668715458384481,0.0,0.08449664258448784,0.3697220086717442,0.20000000000000007,0.0,0.3457813487437679
2021-01-14,-0.004572637335624732,0.0,0.08449664258448784,0.3697220086717442,0.20000000000000007,0.0,0.3457813487437679
2021-01-15,0.0006442131879762039,0.0,0.08449664258448784,0.3697220086717442,0.20000000000000007,0.0,0.3457813487437679
2021-01-19,0.0025623994430937595,0.0,0.08449664258448784,0.3697220086717442,0.20000000000000007,0.0,0.3457813487437679
2021-01-20,0.004648257977267262,0.0,0.08449664258448784,0.3697220086717442,0.20000000000000007,0.0,0.3457813487437679
2021-01-21,-0.0042019109553143525,0.0,0.08449664258448784,0.3697220086717442,0.20000000000000007,0.0,0.3457813487437679
2021-01-22,3.464899643559503e-05,0.0,0.08449664258448784,0.3697220086717442,0.20000000000000007,0.0,0.3457813487437679
2021-01-25,0.005289280652034318,0.0,0.08449664258448784,0.3697220086717442,0.20000000000000007,0.0,0.3457813487437679
2021-01-26,-0.002316779275580535,0.0,0.08449664258448784,0.3697220086717442,0.20000000000000007,0.0,0.3457813487437679
2021-01-27,-0.0002578186114802006,0.0,0.08449664258448784,0.3697220086717442,0.20000000000000007,0.0,0.3457813487437679
2021-01-28,-0.001980057703926543,0.0,0.08449664258448784,0.3697220086717442,0.20000000000000007,0.0,0.3457813487437679
2021-01-29,-0.0035715775534357476,0.0,0.08449664258448784,0.3697220086717442,0.20000000000000007,0.0,0.3457813487437679
2021-02-01,0.005411305808513966,0.0,0.08449664258448784,0.3697220086717442,0.20000000000000007,0.0,0.3457813487437679
2021-02-02,-0.0031998989324845267,0.0,0.08449664258448784,0.3697220086717442,0.20000000000000007,0.0,0.3457813487437679
2021-02-03,-0.0036570517048036466,0.0,0.08449664258448784,0.3697220086717442,0.20000000000000007,0.0,0.3457813487437679
2021-02-04,-0.0027849606197403506,0.0,0.08449664258448784,0.3697220086717442,0.20000000000000007,0.0,0.3457813487437679
2021-02-05,-0.00275125503290889,0.0,0.08449664258448784,0.3697220086717442,0.20000000000000007,0.0,0.3457813487437679
2021-02-08,0.004106932687481366,0.0,0.08449664258448784,0.3697220086717442,0.20000000000000007,0.0,0.3457813487437679
2021-02-09,-0.0009629767106352647,0.0,0.08449664258448784,0.3697220086717442,0.20000000000000007,0.0,0.3457813487437679
2021-02-10,0.003013671825205634,0.0,0.08449664258448784,0.3697220086717442,0.20000000000000007,0.0,0.3457813487437679
2021-02-11,-0.003766495512807288,0.0,0.08449664258448784,0.3697220086717442,0.20000000000000007,0.0,0.3457813487437679
2021-02-12,-0.004498071951211709,0.0,0.08449664258448784,0.3697220086717442,0.20000000000000007,0.0,0.3457813487437679
2021-02-16,-0.008573625567617406,0.0,0.08449664258448784,0.3697220086717442,0.20000000000000007,0.0,0.3457813487437679
2021-02-17,0.0015145293968030758,0.0,0.08449664258448784,0.3697220086717442,0.20000000000000007,0.0,0.3457813487437679
2021-02-18,-0.002997572440938988,0.0,0.08449664258448784,0.3697220086717442,0.20000000000000007,0.0,0.3457813487437679
2021-02-19,-0.005083791651489361,0.0,0.08449664258448784,0.3697220086717442,0.20000000000000007,0.0,0.3457813487437679
2021-02-22,-0.001462710456547854,0.0,0.08449664258448784,0.3697220086717442,0.20000000000000007,0.0,0.3457813487437679
2021-02-23,-0.0011389233992451263,0.0,0.08449664258448784,0.3697220086717442,0.20000000000000007,0.0,0.3457813487437679
2021-02-24,-0.002205413232624882,0.0,0.08449664258448784,0.3697220086717442,0.20000000000000007,0.0,0.3457813487437679
2021-02-25,-0.01069678219160966,0.0,0.08449664258448784,0.3697220086717442,0.20000000000000007,0.0,0.3457813487437679
2021-02-26,0.009507640717089847,0.0,0.08449664258448784,0.3697220086717442,0.20000000000000007,0.0,0.3457813487437679
2021-03-01,-0.002898843764253857,0.0,0.08449664258448784,0.3697220086717442,0.20000000000000007,0.0,0.3457813487437679
2021-03-02,-0.0008116552596558514,0.0,0.08449664258448784,0.3697220086717442,0.20000000000000007,0.0,0.3457813487437679
2021-03-03,-0.00634360724879687,0.0,0.08449664258448784,0.3697220086717442,0.20000000000000007,0.0,0.3457813487437679
2021-03-04,-0.0031410360747036754,0.0,0.08449664258448784,0.3697220086717442,0.20000000000000007,0.0,0.3457813487437679
2021-03-05,0.0036611413521439456,0.0,0.08449664258448784,0.3697220086717442,0.20000000000000007,0.0,0.3457813487437679
2021-03-08,-0.003414625108655929,0.0,0.08449664258448784,0.3697220086717442,0.20000000000000007,0.0,0.3457813487437679
2021-03-09,0.008640725452751383,0.0,0.08449664258448784,0.3697220086717442,0.20000000000000007,0.0,0.3457813487437679
2021-03-10,0.0017280386446330669,0.0,0.08449664258448784,0.3697220086717442,0.20000000000000007,0.0,0.3457813487437679
2021-03-11,-0.00366119095051755,0.0,0.08449664258448784,0.3697220086717442,0.20000000000000007,0.0,0.3457813487437679
2021-03-12,-0.006645363654838771,0.0,0.08449664258448784,0.3697220086717442,0.20000000000000007,0.0,0.3457813487437679
2021-03-15,0.004257317883919488,0.0,0.08449664258448784,0.3697220086717442,0.20000000000000007,0.0,0.3457813487437679
2021-03-16,-0.0014073764413542714,0.0,0.08449664258448784,0.3697220086717442,0.20000000000000007,0.0,0.3457813487437679
2021-03-17,-0.0027267394665670994,0.0,0.08449664258448784,0.3697220086717442,0.20000000000000007,0.0,0.3457813487437679
2021-03-18,-0.004028535392926966,0.0,0.08449664258448784,0.3697220086717442,0.20000000000000007,0.0,0.3457813487437679
2021-03-19,0.00311124835115711,0.0,0.08449664258448784,0.3697220086717442,0.20000000000000007,0.0,0.3457813487437679
2021-03-22,0.003825996512363725,0.0,0.08449664258448784,0.3697220086717442,0.20000000000000007,0.0,0.3457813487437679
2021-03-23,0.0033095491920708746,0.0,0.08449664258448784,0.3697220086717442,0.20000000000000007,0.0,0.3457813487437679
2021-03-24,0.003086361586346578,0.0,0.08449664258448784,0.3697220086717442,0.20000000000000007,0.0,0.3457813487437679
2021-03-25,-0.002196137448416892,0.0,0.08449664258448784,0.3697220086717442,0.20000000000000007,0.0,0.3457813487437679
2021-03-26,0.00022163275553918312,0.0,0.08449664258448784,0.3697220086717442,0.20000000000000007,0.0,0.3457813487437679
2021-03-29,-0.004729885532075807,0.0,0.08449664258448784,0.3697220086717442,0.20000000000000007,0.0,0.3457813487437679
2021-03-30,-0.00032431120958210284,0.0,0.08449664258448784,0.3697220086717442,0.20000000000000007,0.0,0.3457813487437679
2021-03-31,0.001038164895105182,0.0,0.08449664258448784,0.3697220086717442,0.20000000000000007,0.0,0.3457813487437679
2021-04-01,0.008060155000580885,0.0,0.08449664258448784,0.3697220086717442,0.20000000000000007,0.0,0.3457813487437679
2021-04-05,-0.001580603413867709,0.0,0.08449664258448784,0.3697220086717442,0.20000000000000007,0.0,0.3457813487437679
2021-04-06,0.0032351214325709657,0.0,0.08449664258448784,0.3697220086717442,0.20000000000000007,0.0,0.3457813487437679
2021-04-07,-0.0026238120350376305,0.0,0.08449664258448784,0.3697220086717442,0.20000000000000007,0.0,0.3457813487437679
2021-04-08,0.004076239827750593,0.0,0.08449664258448784,0.3697220086717442,0.20000000000000007,0.0,0.3457813487437679
2021-04-09,-0.0019537640117804752,0.0,0.08449664258448784,0.3697220086717442,0.20000000000000007,0.0,0.3457813487437679
2021-04-12,-0.0014824856505972028,0.0,0.08449664258448784,0.3697220086717442,0.20000000000000007,0.0,0.3457813487437679
2021-04-13,0.0031834220779796626,0.0,0.08449664258448784,0.3697220086717442,0.20000000000000007,0.0,0.3457813487437679
2021-04-14,-0.0027518591914279587,0.0,0.08449664258448784,0.3697220086717442,0.20000000000000007,0.0,0.3457813487437679
2021-04-15,0.010327305507760117,0.0,0.08449664258448784,0.3697220086717442,0.20000000000000007,0.0,0.3457813487437679
2021-04-16,-0.0017999158842360707,0.0,0.08449664258448784,0.3697220086717442,0.20000000000000007,0.0,0.3457813487437679
2021-04-19,-0.00399404444812453,0.0,0.08449664258448784,0.3697220086717442,0.20000000000000007,0.0,0.3457813487437679
2021-04-20,0.002361022755294199,0.0,0.08449664258448784,0.3697220086717442,0.20000000000000007,0.0,0.3457813487437679
2021-04-21,0.0031012801156557073,0.0,0.08449664258448784,0.3697220086717442,0.20000000000000007,0.0,0.3457813487437679
2021-04-22,0.0005323081287944768,0.0,0.08449664258448784,0.3697220086717442,0.20000000000000007,0.0,0.3457813487437679
2021-04-23,-0.0026879419019692954,0.0,0.08449664258448784,0.3697220086717442,0.20000000000000007,0.0,0.3457813487437679
2021-04-26,0.00017746972431125884,0.0,0.08449664258448784,0.3697220086717442,0.20000000000000007,0.0,0.3457813487437679
2021-04-27,-0.00360531304756743,0.0,0.08449664258448784,0.3697220086717442,0.20000000000000007,0.0,0.3457813487437679
2021-04-28,-0.000467723345300002,0.0,0.08449664258448784,0.3697220086717442,0.20000000000000007,0.0,0.3457813487437679
2021-04-29,-0.0012391880673525558,0.0,0.08449664258448784,0.3697220086717442,0.20000000000000007,0.0,0.3457813487437679
2021-04-30,0.0024631045629206444,0.0,0.08449664258448784,0.3697220086717442,0.20000000000000007,0.0,0.3457813487437679
2021-05-03,0.0014521299805530718,0.0,0.08449664258448784,0.3697220086717442,0.20000000000000007,0.0,0.3457813487437679
2021-05-04,0.002075965105697049,0.0,0.08449664258448784,0.3697220086717442,0.20000000000000007,0.0,0.3457813487437679
2021-05-05,0.0013238342928051663,0.0,0.08449664258448784,0.3697220086717442,0.20000000000000007,0.0,0.3457813487437679
2021-05-06,0.002930815202567505,0.0,0.08449664258448784,0.3697220086717442,0.20000000000000007,0.0,0.3457813487437679
2021-05-07,-0.001954675767477779,0.0,0.08449664258448784,0.3697220086717442,0.20000000000000007,0.0,0.3457813487437679
2021-05-10,-0.003974763819172953,0.0,0.08449664258448784,0.3697220086717442,0.20000000000000007,0.0,0.3457813487437679
2021-05-11,-0.00309660293427515,0.0,0.08449664258448784,0.3697220086717442,0.20000000000000007,0.0,0.3457813487437679
2021-05-12,-0.005100387253436816,0.0,0.08449664258448784,0.3697220086717442,0.20000000000000007,0.0,0.3457813487437679
2021-05-13,0.001842944812599327,0.0,0.08449664258448784,0.3697220086717442,0.20000000000000007,0.0,0.3457813487437679
2021-05-14,0.00516032913586815,0.0,0.08449664258448784,0.3697220086717442,0.20000000000000007,0.0,0.3457813487437679
2021-05-17,0.0009035416509382182,0.0,0.08449664258448784,0.3697220086717442,0.20000000000000007,0.0,0.3457813487437679
2021-05-18,-0.0028526486559177864,0.0,0.08449664258448784,0.3697220086717442,0.20000000000000007,0.0,0.3457813487437679
2021-05-19,0.0005964584229849752,0.0,0.08449664258448784,0.3697220086717442,0.20000000000000007,0.0,0.3457813487437679
2021-05-20,0.003154439235570063,0.0,0.08449664258448784,0.3697220086717442,0.20000000000000007,0.0,0.3457813487437679
2021-05-21,0.002353109217448206,0.0,0.08449664258448784,0.3697220086717442,0.20000000000000007,0.0,0.3457813487437679
2021-05-24,0.00172658970212064,0.0,0.08449664258448784,0.3697220086717442,0.20000000000000007,0.0,0.3457813487437679
2021-05-25,0.004622507272913766,0.0,0.08449664258448784,0.3697220086717442,0.20000000000000007,0.0,0.3457813487437679
2021-05-26,0.00047277328477717396,0.0,0.08449664258448784,0.3697220086717442,0.20000000000000007,0.0,0.3457813487437679
2021-05-27,-0.0016494766635376686,0.0,0.08449664258448784,0.3697220086717442,0.20000000000000007,0.0,0.3457813487437679
2021-05-28,0.0006042530707106441,0.0,0.08449664258448784,0.3697220086717442,0.20000000000000007,0.0,0.3457813487437679
2021-06-01,-0.001266683212030109,0.0,0.08449664258448784,0.3697220086717442,0.20000000000000007,0.0,0.3457813487437679
2021-06-02,0.0019671304097141473,0.0,0.08449664258448784,0.3697220086717442,0.20000000000000007,0.0,0.3457813487437679
2021-06-03,-0.0034720230602170703,0.0,0.08449664258448784,0.3697220086717442,0.20000000000000007,0.0,0.3457813487437679
2021-06-04,0.006713412915298855,0.0,0.08449664258448784,0.3697220086717442,0.20000000000000007,0.0,0.3457813487437679
2021-06-07,-0.000987494023174148,0.0,0.08449664258448784,0.3697220086717442,0.20000000000000007,0.0,0.3457813487437679
2021-06-08,0.0024262834605328827,0.0,0.08449664258448784,0.3697220086717442,0.20000000000000007,0.0,0.3457813487437679
2021-06-09,0.003040000569783326,0.0,0.08449664258448784,0.3697220086717442,0.20000000000000007,0.0,0.3457813487437679
2021-06-10,0.0031842299542415393,0.0,0.08449664258448784,0.3697220086717442,0.20000000000000007,0.0,0.3457813487437679
2021-06-11,-0.0009946099458333119,0.0,0.08449664258448784,0.3697220086717442,0.20000000000000007,0.0,0.3457813487437679
2021-06-14,-0.0040989255845055835,0.0,0.08449664258448784,0.3697220086717442,0.20000000000000007,0.0,0.3457813487437679
2021-06-15,-0.0010711210565656892,0.0,0.08449664258448784,0.3697220086717442,0.20000000000000007,0.0,0.3457813487437679
2021-06-16,-0.0013247121674969278,0.0,0.08449664258448784,0.3697220086717442,0.20000000000000007,0.0,0.3457813487437679
2021-06-17,0.002035423284420669,0.0,0.08449664258448784,0.3697220086717442,0.20000000000000007,0.0,0.3457813487437679
2021-06-18,0.0058217942605519974,0.0,0.08449664258448784,0.3697220086717442,0.20000000000000007,0.0,0.3457813487437679
2021-06-21,-0.004203000083655312,0.0,0.08449664258448784,0.3697220086717442,0.20000000000000007,0.0,0.3457813487437679
2021-06-22,-4.3630688567744124e-05,0.0,0.08449664258448784,0.3697220086717442,0.20000000000000007,0.0,0.3457813487437679
2021-06-23,-0.0006258037673265806,0.0,0.08449664258448784,0.3697220086717442,0.20000000000000007,0.0,0.3457813487437679
2021-06-24,0.0006930247967294164,0.0,0.08449664258448784,0.3697220086717442,0.20000000000000007,0.0,0.3457813487437679
2021-06-25,-0.0027362218311302814,0.0,0.08449664258448784,0.3697220086717442,0.20000000000000007,0.0,0.3457813487437679
2021-06-28,0.004099764275911204,0.0,0.08449664258448784,0.3697220086717442,0.20000000000000007,0.0,0.3457813487437679
2021-06-29,-0.0005972837151575453,0.0,0.08449664258448784,0.3697220086717442,0.20000000000000007,0.0,0.3457813487437679
2021-06-30,0.003665779648092983,0.0,0.08449664258448784,0.3697220086717442,0.20000000000000007,0.0,0.3457813487437679
2021-07-01,0.0021516584546150143,0.0,0.08449664258448784,0.3697220086717442,0.20000000000000007,0.0,0.3457813487437679
2021-07-02,0.002799794759483597,0.0,0.08449664258448784,0.3697220086717442,0.20000000000000007,0.0,0.3457813487437679
2021-07-06,0.0064265683637237635,0.0,0.08449664258448784,0.3697220086717442,0.20000000000000007,0.0,0.3457813487437679
2021-07-07,0.004891121600949217,0.0,0.08449664258448784,0.3697220086717442,0.20000000000000007,0.0,0.3457813487437679
2021-07-08,-0.0007572582355618283,0.0,0.08449664258448784,0.3697220086717442,0.20000000000000007,0.0,0.3457813487437679
2021-07-09,-0.004468861580535057,0.0,0.08449664258448784,0.3697220086717442,0.20000000000000007,0.0,0.3457813487437679
2021-07-12,-5.842395674767503e-06,0.0,0.08449664258448784,0.3697220086717442,0.20000000000000007,0.0,0.3457813487437679
2021-07-13,-0.0007660500463280959,0.0,0.08449664258448784,0.3697220086717442,0.20000000000000007,0.0,0.3457813487437679
2021-07-14,0.004814736302504484,0.0,0.08449664258448784,0.3697220086717442,0.20000000000000007,0.0,0.3457813487437679
2021-07-15,0.004799813185638591,0.0,0.08449664258448784,0.3697220086717442,0.20000000000000007,0.0,0.3457813487437679
2021-07-16,-0.0028844714804886176,0.0,0.08449664258448784,0.3697220086717442,0.20000000000000007,0.0,0.3457813487437679
2021-07-19,0.00765056168890075,0.0,0.08449664258448784,0.3697220086717442,0.20000000000000007,0.0,0.3457813487437679
2021-07-20,-0.0021971179444046245,0.0,0.08449664258448784,0.3697220086717442,0.20000000000000007,0.0,0.3457813487437679
2021-07-21,-0.00557275461034468,0.0,0.08449664258448784,0.3697220086717442,0.20000000000000007,0.0,0.3457813487437679
2021-07-22,0.004478968125982185,0.0,0.08449664258448784,0.3697220086717442,0.20000000000000007,0.0,0.3457813487437679
2021-07-23,-0.0020921711068329542,0.0,0.08449664258448784,0.3697220086717442,0.20000000000000007,0.0,0.3457813487437679
2021-07-26,-0.002469842707788384,0.0,0.08449664258448784,0.3697220086717442,0.20000000000000007,0.0,0.3457813487437679
2021-07-27,0.0033376298279950314,0.0,0.08449664258448784,0.3697220086717442,0.20000000000000007,0.0,0.3457813487437679
2021-07-28,2.5904815985314245e-05,0.0,0.08449664258448784,0.3697220086717442,0.20000000000000007,0.0,0.3457813487437679
2021-07-29,-0.0007345287399963423,0.0,0.08449664258448784,0.3697220086717442,0.20000000000000007,0.0,0.3457813487437679
2021-07-30,0.0007312487128564205,0.0,0.08449664258448784,0.3697220086717442,0.20000000000000007,0.0,0.3457813487437679
2021-08-02,0.0024542918134249896,0.0,0.08449664258448784,0.3697220086717442,0.20000000000000007,0.0,0.3457813487437679
2021-08-03,0.0008820704236827359,0.0,0.08449664258448784,0.3697220086717442,0.20000000000000007,0.0,0.3457813487437679
2021-08-04,0.0009505906307695129,0.0,0.08449664258448784,0.3697220086717442,0.20000000000000007,0.0,0.3457813487437679
2021-08-05,-0.002139802116838346,0.0,0.08449664258448784,0.3697220086717442,0.20000000000000007,0.0,0.3457813487437679
2021-08-06,-0.009080592389955526,0.0,0.08449664258448784,0.3697220086717442,0.20000000000000007,0.0,0.3457813487437679
2021-08-09,-0.0042484514822428284,0.0,0.08449664258448784,0.3697220086717442,0.20000000000000007,0.0,0.3457813487437679
2021-08-10,-0.0012635365338461973,0.0,0.08449664258448784,0.3697220086717442,0.20000000000000007,0.0,0.3457813487437679
2021-08-11,0.0020483329448429807,0.0,0.08449664258448784,0.3697220086717442,0.20000000000000007,0.0,0.3457813487437679
2021-08-12,0.00011198444795152627,0.0,0.08449664258448784,0.3697220086717442,0.20000000000000007,0.0,0.3457813487437679
2021-08-13,0.00719808314374007,0.0,0.08449664258448784,0.3697220086717442,0.20000000000000007,0.0,0.3457813487437679
2021-08-16,0.002370862195239726,0.0,0.08449664258448784,0.3697220086717442,0.20000000000000007,0.0,0.3457813487437679
2021-08-17,0.0010827241890118628,0.0,0.08449664258448784,0.3697220086717442,0.20000000000000007,0.0,0.3457813487437679
2021-08-18,0.00047295448567410026,0.0,0.08449664258448784,0.3697220086717442,0.20000000000000007,0.0,0.3457813487437679
2021-08-19,0.003925020509929913,0.0,0.08449664258448784,0.3697220086717442,0.20000000000000007,0.0,0.3457813487437679
2021-08-20,0.0006138002626520308,0.0,0.08449664258448784,0.3697220086717442,0.20000000000000007,0.0,0.3457813487437679
2021-08-23,0.0008683122108814273,0.0,0.08449664258448784,0.3697220086717442,0.20000000000000007,0.0,0.3457813487437679
2021-08-24,-0.0031128152524077914,0.0,0.08449664258448784,0.3697220086717442,0.20000000000000007,0.0,0.3457813487437679
2021-08-25,-0.004558491210890391,0.0,0.08449664258448784,0.3697220086717442,0.20000000000000007,0.0,0.3457813487437679
2021-08-26,0.0017230407558557644,0.0,0.08449664258448784,0.3697220086717442,0.20000000000000007,0.0,0.3457813487437679
2021-08-27,0.004755182496790061,0.0,0.08449664258448784,0.3697220086717442,0.20000000000000007,0.0,0.3457813487437679
2021-08-30,0.00034931895469372126,0.0,0.08449664258448784,0.3697220086717442,0.20000000000000007,0.0,0.3457813487437679
2021-08-31,-0.002240277489913562,0.0,0.08449664258448784,0.3697220086717442,0.20000000000000007,0.0,0.3457813487437679
2021-09-01,-1.8614362301180642e-05,0.0,0.08449664258448784,0.3697220086717442,0.20000000000000007,0.0,0.3457813487437679
2021-09-02,0.0005086399714969049,0.0,0.08449664258448784,0.3697220086717442,0.20000000000000007,0.0,0.3457813487437679
2021-09-03,-0.001941962008180731,0.0,0.08449664258448784,0.3697220086717442,0.20000000000000007,0.0,0.3457813487437679
2021-09-07,-0.005659912740960156,0.0,0.08449664258448784,0.3697220086717442,0.20000000000000007,0.0,0.3457813487437679
2021-09-08,0.0024690908582274164,0.0,0.08449664258448784,0.3697220086717442,0.20000000000000007,0.0,0.3457813487437679
2021-09-09,0.004163119527901135,0.0,0.08449664258448784,0.3697220086717442,0.20000000000000007,0.0,0.3457813487437679
2021-09-10,-0.004380357693620459,0.0,0.08449664258448784,0.3697220086717442,0.20000000000000007,0.0,0.3457813487437679
2021-09-13,0.003128617227461826,0.0,0.08449664258448784,0.3697220086717442,0.20000000000000007,0.0,0.3457813487437679
2021-09-14,0.005313825954654954,0.0,0.08449664258448784,0.3697220086717442,0.20000000000000007,0.0,0.3457813487437679
2021-09-15,-0.0024591232486395557,0.0,0.08449664258448784,0.3697220086717442,0.20000000000000007,0.0,0.3457813487437679
2021-09-16,-0.0048239633977488015,0.0,0.08449664258448784,0.3697220086717442,0.20000000000000007,0.0,0.3457813487437679
2021-09-17,-0.001667687704580655,0.0,0.08449664258448784,0.3697220086717442,0.20000000000000007,0.0,0.3457813487437679
2021-09-20,0.0047434223094978524,0.0,0.08449664258448784,0.3697220086717442,0.20000000000000007,0.0,0.3457813487437679
2021-09-21,0.0006591862924568152,0.0,0.08449664258448784,0.3697220086717442,0.20000000000000007,0.0,0.3457813487437679
2021-09-22,0.0032506358792186085,0.0,0.08449664258448784,0.3697220086717442,0.20000000000000007,0.0,0.3457813487437679
2021-09-23,-0.01101596952585376,0.0,0.08449664258448784,0.3697220086717442,0.20000000000000007,0.0,0.3457813487437679
2021-09-24,-0.002762044003336815,0.0,0.08449664258448784,0.3697220086717442,0.20000000000000007,0.0,0.3457813487437679
2021-09-27,-0.0007704877201975596,0.0,0.08449664258448784,0.3697220086717442,0.20000000000000007,0.0,0.3457813487437679
2021-09-28,-0.008164160461990833,0.0,0.08449664258448784,0.3697220086717442,0.20000000000000007,0.0,0.3457813487437679
2021-09-29,0.0023555502215484737,0.0,0.08449664258448784,0.3697220086717442,0.20000000000000007,0.0,0.3457813487437679
2021-09-30,0.0019658119763746934,0.0,0.08449664258448784,0.3697220086717442,0.20000000000000007,0.0,0.3457813487437679
2021-10-01,0.0038829247868302236,0.0,0.08449664258448784,0.3697220086717442,0.20000000000000007,0.0,0.3457813487437679
2021-10-04,-0.0021901188087633345,0.0,0.08449664258448784,0.3697220086717442,0.20000000000000007,0.0,0.3457813487437679
2021-10-05,-0.0029357553974819458,0.0,0.08449664258448784,0.3697220086717442,0.20000000000000007,0.0,0.3457813487437679
2021-10-06,0.003930865200948069,0.0,0.08449664258448784,0.3697220086717442,0.20000000000000007,0.0,0.3457813487437679
2021-10-07,-0.004326923390421223,0.0,0.08449664258448784,0.3697220086717442,0.20000000000000007,0.0,0.3457813487437679
2021-10-08,-0.002929843899972621,0.0,0.08449664258448784,0.3697220086717442,0.20000000000000007,0.0,0.3457813487437679
2021-10-11,-0.0009695781051570648,0.0,0.08449664258448784,0.3697220086717442,0.20000000000000007,0.0,0.3457813487437679
2021-10-12,0.007426543575376594,0.0,0.08449664258448784,0.3697220086717442,0.20000000000000007,0.0,0.3457813487437679
2021-10-13,0.005550562332373436,0.0,0.08449664258448784,0.3697220086717442,0.20000000000000007,0.0,0.3457813487437679
2021-10-14,0.00328453741411568,0.0,0.08449664258448784,0.3697220086717442,0.20000000000000007,0.0,0.3457813487437679
2021-10-15,-0.0051006587706120664,0.0,0.08449664258448784,0.3697220086717442,0.20000000000000007,0.0,0.3457813487437679
2021-10-18,0.0016250242042836563,0.0,0.08449664258448784,0.3697220086717442,0.20000000000000007,0.0,0.3457813487437679
2021-10-19,-0.004628616171161796,0.0,0.08449664258448784,0.3697220086717442,0.20000000000000007,0.0,0.3457813487437679
2021-10-20,-0.0009610358422943027,0.0,0.08449664258448784,0.3697220086717442,0.20000000000000007,0.0,0.3457813487437679
2021-10-21,0.00042662550028506736,0.0,0.08449664258448784,0.3697220086717442,0.20000000000000007,0.0,0.3457813487437679
2021-10-22,0.004520715097647767,0.0,0.08449664258448784,0.3697220086717442,0.20000000000000007,0.0,0.3457813487437679
2021-10-25,0.0018221252351399496,0.0,0.08449664258448784,0.3697220086717442,0.20000000000000007,0.0,0.3457813487437679
2021-10-26,0.002340601101574402,0.0,0.08449664258448784,0.3697220086717442,0.20000000000000007,0.0,0.3457813487437679
2021-10-27,0.006740115429371777,0.0,0.08449664258448784,0.3697220086717442,0.20000000000000007,0.0,0.3457813487437679
2021-10-28,-0.002541675884165347,0.0,0.08449664258448784,0.3697220086717442,0.20000000000000007,0.0,0.3457813487437679
2021-10-29,0.00236051955721523,0.0,0.08449664258448784,0.3697220086717442,0.20000000000000007,0.0,0.3457813487437679
2021-11-01,-0.0025678817099327325,0.0,0.08449664258448784,0.3697220086717442,0.20000000000000007,0.0,0.3457813487437679
2021-11-02,0.0023769947822242423,0.0,0.08449664258448784,0.3697220086717442,0.20000000000000007,0.0,0.3457813487437679
2021-11-03,-0.005790028878751444,0.0,0.08449664258448784,0.3697220086717442,0.20000000000000007,0.0,0.3457813487437679
2021-11-04,0.008337948284349214,0.0,0.08449664258448784,0.3697220086717442,0.20000000000000007,0.0,0.3457813487437679
2021-11-05,0.008162116889327385,0.0,0.08449664258448784,0.3697220086717442,0.20000000000000007,0.0,0.3457813487437679
2021-11-08,-0.0005869199261940967,0.0,0.08449664258448784,0.3697220086717442,0.20000000000000007,0.0,0.3457813487437679
2021-11-09,0.0051084372884875814,0.0,0.08449664258448784,0.3697220086717442,0.20000000000000007,0.0,0.3457813487437679
2021-11-10,-0.0015629498423611792,0.0,0.08449664258448784,0.3697220086717442,0.20000000000000007,0.0,0.3457813487437679
2021-11-11,0.0014135658594642843,0.0,0.08449664258448784,0.3697220086717442,0.20000000000000007,0.0,0.3457813487437679
2021-11-12,-0.0010136516042286547,0.0,0.08449664258448784,0.3697220086717442,0.20000000000000007,0.0,0.3457813487437679
2021-11-15,-0.003024680838074226,0.0,0.08449664258448784,0.3697220086717442,0.20000000000000007,0.0,0.3457813487437679
2021-11-16,-0.000704101554014735,0.0,0.08449664258448784,0.3697220086717442,0.20000000000000007,0.0,0.3457813487437679
2021-11-17,0.003880607278748174,0.0,0.08449664258448784,0.3697220086717442,0.20000000000000007,0.0,0.3457813487437679
2021-11-18,9.338678372466149e-05,0.0,0.08449664258448784,0.3697220086717442,0.20000000000000007,0.0,0.3457813487437679
2021-11-19,0.003977510573927162,0.0,0.08449664258448784,0.3697220086717442,0.20000000000000007,0.0,0.3457813487437679
2021-11-22,-0.0073124252448611765,0.0,0.08449664258448784,0.3697220086717442,0.20000000000000007,0.0,0.3457813487437679
2021-11-23,-0.007097880222144452,0.0,0.08449664258448784,0.3697220086717442,0.20000000000000007,0.0,0.3457813487437679
2021-11-24,0.007306735266353803,0.0,0.08449664258448784,0.3697220086717442,0.20000000000000007,0.0,0.3457813487437679
2021-11-26,0.004472136529892472,0.0,0.08449664258448784,0.3697220086717442,0.20000000000000007,0.0,0.3457813487437679
2021-11-29,-0.0015402631121906034,0.0,0.08449664258448784,0.3697220086717442,0.20000000000000007,0.0,0.3457813487437679
2021-11-30,0.0010249609641347353,0.0,0.08449664258448784,0.3697220086717442,0.20000000000000007,0.0,0.3457813487437679
2021-12-01,0.0030818409155573484,0.0,0.08449664258448784,0.3697220086717442,0.20000000000000007,0.0,0.3457813487437679
2021-12-02,0.0007819951024809254,0.0,0.08449664258448784,0.3697220086717442,0.20000000000000007,0.0,0.3457813487437679
2021-12-03,0.005224766252675319,0.0,0.08449664258448784,0.3697220086717442,0.20000000000000007,0.0,0.3457813487437679
2021-12-06,-0.004032977720782514,0.0,0.08449664258448784,0.3697220086717442,0.20000000000000007,0.0,0.3457813487437679
2021-12-07,-0.00039551706096308935,0.0,0.08449664258448784,0.3697220086717442,0.20000000000000007,0.0,0.3457813487437679
2021-12-08,-0.0076660107594583625,0.0,0.08449664258448784,0.3697220086717442,0.20000000000000007,0.0,0.3457813487437679
2021-12-09,0.0014862611693747159,0.0,0.08449664258448784,0.3697220086717442,0.20000000000000007,0.0,0.3457813487437679
2021-12-10,0.00021102632765314377,0.0,0.08449664258448784,0.3697220086717442,0.20000000000000007,0.0,0.3457813487437679
2021-12-13,0.006293947958233126,0.0,0.08449664258448784,0.3697220086717442,0.20000000000000007,0.0,0.3457813487437679
2021-12-14,-0.0026612961375703952,0.0,0.08449664258448784,0.3697220086717442,0.20000000000000007,0.0,0.3457813487437679
2021-12-15,-0.0019132333939143437,0.0,0.08449664258448784,0.3697220086717442,0.20000000000000007,0.0,0.3457813487437679
2021-12-16,0.0003461253328060946,0.0,0.08449664258448784,0.3697220086717442,0.20000000000000007,0.0,0.3457813487437679
2021-12-17,0.005281170848630964,0.0,0.08449664258448784,0.3697220086717442,0.20000000000000007,0.0,0.3457813487437679
2021-12-20,-0.004914930972742844,0.0,0.08449664258448784,0.3697220086717442,0.20000000000000007,0.0,0.3457813487437679
2021-12-21,-0.0003920211473291892,0.0,0.08449664258448784,0.3697220086717442,0.20000000000000007,0.0,0.3457813487437679
2021-12-22,0.0030980938581786,0.0,0.08449664258448784,0.3697220086717442,0.20000000000000007,0.0,0.3457813487437679
2021-12-23,-0.0025000442171160485,0.0,0.08449664258448784,0.3697220086717442,0.20000000000000007,0.0,0.3457813487437679
2021-12-27,0.002699755544497408,0.0,0.08449664258448784,0.3697220086717442,0.20000000000000007,0.0,0.3457813487437679
2021-12-28,-0.001993315861077967,0.0,0.08449664258448784,0.3697220086717442,0.20000000000000007,0.0,0.3457813487437679
2021-12-29,-0.004929463283190206,0.0,0.08449664258448784,0.3697220086717442,0.20000000000000007,0.0,0.3457813487437679
2021-12-30,0.004840635249188376,0.0,0.08449664258448784,0.3697220086717442,0.20000000000000007,0.0,0.3457813487437679
2021-12-31,0.00040053904862948205,0.0,0.08449664258448784,0.3697220086717442,0.20000000000000007,0.0,0.3457813487437679
2022-01-03,-0.010134083644109637,0.0,0.08449664258448784,0.3697220086717442,0.20000000000000007,0.0,0.3457813487437679
2022-01-04,0.00017572839063996395,0.0,0.08449664258448784,0.3697220086717442,0.20000000000000007,0.0,0.3457813487437679
2022-01-05,-0.004632589322468942,0.0,0.08449664258448784,0.3697220086717442,0.20000000000000007,0.0,0.3457813487437679
2022-01-06,-0.0013029152464932355,0.0,0.08449664258448784,0.3697220086717442,0.20000000000000007,0.0,0.3457813487437679
2022-01-07,-0.003957900490228167,0.0,0.08449664258448784,0.3697220086717442,0.20000000000000007,0.0,0.3457813487437679
2022-01-10,0.0022212380768399883,0.0,0.08449664258448784,0.3697220086717442,0.20000000000000007,0.0,0.3457813487437679
2022-01-11,0.004166491021426374,0.0,0.08449664258448784,0.3697220086717442,0.20000000000000007,0.0,0.3457813487437679
2022-01-12,-0.0029547960098107134,0.0,0.08449664258448784,0.3697220086717442,0.20000000000000007,0.0,0.3457813487437679
2022-01-13,0.001303732149909677,0.0,0.08449664258448784,0.3697220086717442,0.20000000000000007,0.0,0.3457813487437679
2022-01-14,-0.0051758022117737845,0.0,0.08449664258448784,0.3697220086717442,0.20000000000000007,0.0,0.3457813487437679
2022-01-18,-0.004860615372697561,0.0,0.08449664258448784,0.3697220086717442,0.20000000000000007,0.0,0.3457813487437679
2022-01-19,0.0040500330905485615,0.0,0.08449664258448784,0.3697220086717442,0.20000000000000007,0.0,0.3457813487437679
2022-01-20,0.001925764454518825,0.0,0.08449664258448784,0.3697220086717442,0.20000000000000007,0.0,0.3457813487437679
2022-01-21,0.0011481771704013014,0.0,0.08449664258448784,0.3697220086717442,0.20000000000000007,0.0,0.3457813487437679
2022-01-24,-0.0004994335703030679,0.0,0.08449664258448784,0.3697220086717442,0.20000000000000007,0.0,0.3457813487437679
2022-01-25,-0.0008545784489234643,0.0,0.08449664258448784,0.3697220086717442,0.20000000000000007,0.0,0.3457813487437679
2022-01-26,-0.006033069886824099,0.0,0.08449664258448784,0.3697220086717442,0.20000000000000007,0.0,0.3457813487437679
2022-01-27,0.00673635173551912,0.0,0.08449664258448784,0.3697220086717442,0.20000000000000007,0.0,0.3457813487437679
2022-01-28,0.0014982774816297317,0.0,0.08449664258448784,0.3697220086717442,0.20000000000000007,0.0,0.3457813487437679
2022-01-31,-0.0015938751167695097,0.0,0.08449664258448784,0.3697220086717442,0.20000000000000007,0.0,0.3457813487437679
2022-02-01,-0.0014256000622343032,0.0,0.08449664258448784,0.3697220086717442,0.20000000000000007,0.0,0.3457813487437679
2022-02-02,0.0014581039249959515,0.0,0.08449664258448784,0.3697220086717442,0.20000000000000007,0.0,0.3457813487437679
2022-02-03,-0.006905549579346406,0.0,0.08449664258448784,0.3697220086717442,0.20000000000000007,0.0,0.3457813487437679
2022-02-04,-0.005015326725267349,0.0,0.08449664258448784,0.3697220086717442,0.20000000000000007,0.0,0.3457813487437679
2022-02-07,0.0015842270641948993,0.0,0.08449664258448784,0.3697220086717442,0.20000000000000007,0.0,0.3457813487437679
2022-02-08,-0.0006243069734385607,0.0,0.08449664258448784,0.3697220086717442,0.20000000000000007,0.0,0.3457813487437679
2022-02-09,0.002207027039452449,0.0,0.08449664258448784,0.3697220086717442,0.20000000000000007,0.0,0.3457813487437679
2022-02-10,-0.007612291779321962,0.0,0.08449664258448784,0.3697220086717442,0.20000000000000007,0.0,0.3457813487437679
2022-02-11,0.009112222824659446,0.0,0.08449664258448784,0.3697220086717442,0.20000000000000007,0.0,0.3457813487437679
2022-02-14,-0.0028647218341164627,0.0,0.08449664258448784,0.3697220086717442,0.20000000000000007,0.0,0.3457813487437679
2022-02-15,-0.006075449247780155,0.0,0.08449664258448784,0.3697220086717442,0.20000000000000007,0.0,0.3457813487437679
2022-02-16,0.003669876491172488,0.0,0.08449664258448784,0.3697220086717442,0.20000000000000007,0.0,0.3457813487437679
2022-02-17,0.003813626748572987,0.0,0.08449664258448784,0.3697220086717442,0.20000000000000007,0.0,0.3457813487437679
2022-02-18,0.004141997456363716,0.0,0.08449664258448784,0.3697220086717442,0.20000000000000007,0.0,0.3457813487437679
2022-02-22,0.0006082570468114951,0.0,0.08449664258448784,0.3697220086717442,0.20000000000000007,0.0,0.3457813487437679
2022-02-23,-0.005289800892604882,0.0,0.08449664258448784,0.3697220086717442,0.20000000000000007,0.0,0.3457813487437679
2022-02-24,0.0030441355540711218,0.0,0.08449664258448784,0.3697220086717442,0.20000000000000007,0.0,0.3457813487437679
2022-02-25,-0.0002623851173370745,0.0,0.08449664258448784,0.3697220086717442,0.20000000000000007,0.0,0.3457813487437679
2022-02-28,0.010495958573117262,0.0,0.08449664258448784,0.3697220086717442,0.20000000000000007,0.0,0.3457813487437679
2022-03-01,0.009292630801577747,0.0,0.08449664258448784,0.3697220086717442,0.20000000000000007,0.0,0.3457813487437679
2022-03-02,-0.013430199605508163,0.0,0.08449664258448784,0.3697220086717442,0.20000000000000007,0.0,0.3457813487437679
2022-03-03,0.005862589346426986,0.0,0.08449664258448784,0.3697220086717442,0.20000000000000007,0.0,0.3457813487437679
2022-03-04,0.011525874984836683,0.0,0.08449664258448784,0.3697220086717442,0.20000000000000007,0.0,0.3457813487437679
2022-03-07,0.0001532335157952872,0.0,0.08449664258448784,0.3697220086717442,0.20000000000000007,0.0,0.3457813487437679
2022-03-08,0.00046050475657433577,0.0,0.08449664258448784,0.3697220086717442,0.20000000000000007,0.0,0.3457813487437679
2022-03-09,-0.010692269458772857,0.0,0.08449664258448784,0.3697220086717442,0.20000000000000007,0.0,0.3457813487437679
2022-03-10,-0.003356177066513487,0.0,0.08449664258448784,0.3697220086717442,0.20000000000000007,0.0,0.3457813487437679
2022-03-11,0.0005934287831923356,0.0,0.08449664258448784,0.3697220086717442,0.20000000000000007,0.0,0.3457813487437679
2022-03-14,-0.012395430187826998,0.0,0.08449664258448784,0.3697220086717442,0.20000000000000007,0.0,0.3457813487437679
2022-03-15,-0.002919700988657608,0.0,0.08449664258448784,0.3697220086717442,0.20000000000000007,0.0,0.3457813487437679
2022-03-16,0.004269780853452637,0.0,0.08449664258448784,0.3697220086717442,0.20000000000000007,0.0,0.3457813487437679
2022-03-17,-0.0015104690109677462,0.0,0.08449664258448784,0.3697220086717442,0.20000000000000007,0.0,0.3457813487437679
2022-03-18,0.004078387469336285,0.0,0.08449664258448784,0.3697220086717442,0.20000000000000007,0.0,0.3457813487437679
2022-03-21,-0.005740533148980822,0.0,0.08449664258448784,0.3697220086717442,0.20000000000000007,0.0,0.3457813487437679
2022-03-22,-0.005329434580474612,0.0,0.08449664258448784,0.3697220086717442,0.20000000000000007,0.0,0.3457813487437679
2022-03-23,0.010139813701913594,0.0,0.08449664258448784,0.3697220086717442,0.20000000000000007,0.0,0.3457813487437679
2022-03-24,0.0002233036823159804,0.0,0.08449664258448784,0.3697220086717442,0.20000000000000007,0.0,0.3457813487437679
2022-03-25,-0.005404498308105231,0.0,0.08449664258448784,0.3697220086717442,0.20000000000000007,0.0,0.3457813487437679
2022-03-28,0.0011686536539084191,0.0,0.08449664258448784,0.3697220086717442,0.20000000000000007,0.0,0.3457813487437679
2022-03-29,0.0018385174706707543,0.0,0.08449664258448784,0.3697220086717442,0.20000000000000007,0.0,0.3457813487437679
2022-03-30,0.0021318211092173954,0.0,0.08449664258448784,0.3697220086717442,0.20000000000000007,0.0,0.3457813487437679
2022-03-31,0.00112719692125583,0.0,0.08449664258448784,0.3697220086717442,0.20000000000000007,0.0,0.3457813487437679
2022-04-01,0.0008995963258202737,0.0,0.08449664258448784,0.3697220086717442,0.20000000000000007,0.0,0.3457813487437679
2022-04-04,0.0006989847789487696,0.0,0.08449664258448784,0.3697220086717442,0.20000000000000007,0.0,0.3457813487437679
2022-04-05,-0.008843576246329053,0.0,0.08449664258448784,0.3697220086717442,0.20000000000000007,0.0,0.3457813487437679
2022-04-06,-0.00310889066507915,0.0,0.08449664258448784,0.3697220086717442,0.20000000000000007,0.0,0.3457813487437679
2022-04-07,-0.0009525796411533763,0.0,0.08449664258448784,0.3697220086717442,0.20000000000000007,0.0,0.3457813487437679
2022-04-08,-0.002977249534414421,0.0,0.08449664258448784,0.3697220086717442,0.20000000000000007,0.0,0.3457813487437679
2022-04-11,-0.00552521013899508,0.0,0.08449664258448784,0.3697220086717442,0.20000000000000007,0.0,0.3457813487437679
2022-04-12,0.0018760928370959717,0.0,0.08449664258448784,0.3697220086717442,0.20000000000000007,0.0,0.3457813487437679
2022-04-13,0.0012589972621723034,0.0,0.08449664258448784,0.3697220086717442,0.20000000000000007,0.0,0.3457813487437679
2022-04-14,-0.007570677222520203,0.0,0.08449664258448784,0.3697220086717442,0.20000000000000007,0.0,0.3457813487437679
2022-04-18,0.00023476728247081712,0.0,0.08449664258448784,0.3697220086717442,0.20000000000000007,0.0,0.3457813487437679
2022-04-19,-0.0036580100655653662,0.0,0.08449664258448784,0.3697220086717442,0.20000000000000007,0.0,0.3457813487437679
2022-04-20,0.005924095309039363,0.0,0.08449664258448784,0.3697220086717442,0.20000000000000007,0.0,0.3457813487437679
2022-04-21,-0.0036786220515058294,0.0,0.08449664258448784,0.3697220086717442,0.20000000000000007,0.0,0.3457813487437679
2022-04-22,-0.004532464489645794,0.0,0.08449664258448784,0.3697220086717442,0.20000000000000007,0.0,0.3457813487437679
2022-04-25,0.0022550702548037173,0.0,0.08449664258448784,0.3697220086717442,0.20000000000000007,0.0,0.3457813487437679
2022-04-26,0.003742610718505728,0.0,0.08449664258448784,0.3697220086717442,0.20000000000000007,0.0,0.3457813487437679
2022-04-27,-0.0038665673053361257,0.0,0.08449664258448784,0.3697220086717442,0.20000000000000007,0.0,0.3457813487437679
2022-04-28,0.005775134764822625,0.0,0.08449664258448784,0.3697220086717442,0.20000000000000007,0.0,0.3457813487437679
2022-04-29,-0.009315822733639482,0.0,0.08449664258448784,0.3697220086717442,0.20000000000000007,0.0,0.3457813487437679
2022-05-02,-0.007852306852853224,0.0,0.08449664258448784,0.3697220086717442,0.20000000000000007,0.0,0.3457813487437679
2022-05-03,0.002785825571313761,0.0,0.08449664258448784,0.3697220086717442,0.20000000000000007,0.0,0.3457813487437679
2022-05-04,0.0036996176790644714,0.0,0.08449664258448784,0.3697220086717442,0.20000000000000007,0.0,0.3457813487437679
2022-05-05,-0.010995860367470595,0.0,0.08449664258448784,0.3697220086717442,0.20000000000000007,0.0,0.3457813487437679
2022-05-06,-0.004996134452519881,0.0,0.08449664258448784,0.3697220086717442,0.20000000000000007,0.0,0.3457813487437679
2022-05-09,-0.002223898739046932,0.0,0.08449664258448784,0.3697220086717442,0.20000000000000007,0.0,0.3457813487437679
2022-05-10,0.0026077881296593403,0.0,0.08449664258448784,0.3697220086717442,0.20000000000000007,0.0,0.3457813487437679
2022-05-11,0.007789966258112254,0.0,0.08449664258448784,0.3697220086717442,0.20000000000000007,0.0,0.3457813487437679
2022-05-12,-0.0008605712963016426,0.0,0.08449664258448784,0.3697220086717442,0.20000000000000007,0.0,0.3457813487437679
2022-05-13,-0.006052735567631958,0.0,0.08449664258448784,0.3697220086717442,0.20000000000000007,0.0,0.3457813487437679
2022-05-16,-0.00017753501029407304,0.0,0.08449664258448784,0.3697220086717442,0.20000000000000007,0.0,0.3457813487437679
2022-05-17,-0.006839875436609692,0.0,0.08449664258448784,0.3697220086717442,0.20000000000000007,0.0,0.3457813487437679
2022-05-18,0.006333639243755274,0.0,0.08449664258448784,0.3697220086717442,0.20000000000000007,0.0,0.3457813487437679
2022-05-19,-0.00030346914709696764,0.0,0.08449664258448784,0.3697220086717442,0.20000000000000007,0.0,0.3457813487437679
2022-05-20,0.005127900426624309,0.0,0.08449664258448784,0.3697220086717442,0.20000000000000007,0.0,0.3457813487437679
2022-05-23,-0.006711380099776993,0.0,0.08449664258448784,0.3697220086717442,0.20000000000000007,0.0,0.3457813487437679
2022-05-24,0.00714098597960176,0.0,0.08449664258448784,0.3697220086717442,0.20000000000000007,0.0,0.3457813487437679
2022-05-25,0.0022733728478332156,0.0,0.08449664258448784,0.3697220086717442,0.20000000000000007,0.0,0.3457813487437679
2022-05-26,-0.0014939603532925258,0.0,0.08449664258448784,0.3697220086717442,0.20000000000000007,0.0,0.3457813487437679
2022-05-27,0.0023187636884616186,0.0,0.08449664258448784,0.3697220086717442,0.20000000000000007,0.0,0.3457813487437679
2022-05-31,-0.009640163699326723,0.0,0.08449664258448784,0.3697220086717442,0.20000000000000007,0.0,0.3457813487437679
2022-06-01,0.002836224968831505,0.0,0.08449664258448784,0.3697220086717442,0.20000000000000007,0.0,0.3457813487437679
2022-06-02,0.001235487436207394,0.0,0.08449664258448784,0.3697220086717442,0.20000000000000007,0.0,0.3457813487437679
2022-06-03,-0.002685576475000466,0.0,0.08449664258448784,0.3697220086717442,0.20000000000000007,0.0,0.3457813487437679
2022-06-06,-0.0066824384384881535,0.0,0.08449664258448784,0.3697220086717442,0.20000000000000007,0.0,0.3457813487437679
2022-06-07,0.005728095620351864,0.0,0.08449664258448784,0.3697220086717442,0.20000000000000007,0.0,0.3457813487437679
2022-06-08,-0.0033675782873220537,0.0,0.08449664258448784,0.3697220086717442,0.20000000000000007,0.0,0.3457813487437679
2022-06-09,0.001108287508077026,0.0,0.08449664258448784,0.3697220086717442,0.20000000000000007,0.0,0.3457813487437679
2022-06-10,0.0006945719955693299,0.0,0.08449664258448784,0.3697220086717442,0.20000000000000007,0.0,0.3457813487437679
2022-06-13,-0.016737411486939927,0.0,0.08449664258448784,0.3697220086717442,0.20000000000000007,0.0,0.3457813487437679
2022-06-14,-0.005780331172752453,0.0,0.08449664258448784,0.3697220086717442,0.20000000000000007,0.0,0.3457813487437679
2022-06-15,0.008011083688452703,0.0,0.08449664258448784,0.3697220086717442,0.20000000000000007,0.0,0.3457813487437679
2022-06-16,-0.0009541153629215535,0.0,0.08449664258448784,0.3697220086717442,0.20000000000000007,0.0,0.3457813487437679
2022-06-17,0.0032280729572447876,0.0,0.08449664258448784,0.3697220086717442,0.20000000000000007,0.0,0.3457813487437679
2022-06-21,-0.006125093161775083,0.0,0.08449664258448784,0.3697220086717442,0.20000000000000007,0.0,0.3457813487437679
2022-06-22,0.010314780865927513,0.0,0.08449664258448784,0.3697220086717442,0.20000000000000007,0.0,0.3457813487437679
2022-06-23,0.0030126141331958812,0.0,0.08449664258448784,0.3697220086717442,0.20000000000000007,0.0,0.3457813487437679
2022-06-24,-0.0033764386143082864,0.0,0.08449664258448784,0.3697220086717442,0.20000000000000007,0.0,0.3457813487437679
2022-06-27,-0.004321689811272597,0.0,0.08449664258448784,0.3697220086717442,0.20000000000000007,0.0,0.3457813487437679
2022-06-28,0.0016618036459971146,0.0,0.08449664258448784,0.3697220086717442,0.20000000000000007,0.0,0.3457813487437679
2022-06-29,0.007532334339006745,0.0,0.08449664258448784,0.3697220086717442,0.20000000000000007,0.0,0.3457813487437679
2022-06-30,0.00023549049186845535,0.0,0.08449664258448784,0.3697220086717442,0.20000000000000007,0.0,0.3457813487437679
2022-07-01,0.005636245789500804,0.0,0.08449664258448784,0.3697220086717442,0.20000000000000007,0.0,0.3457813487437679
2022-07-05,0.0037535736063999377,0.0,0.08449664258448784,0.3697220086717442,0.20000000000000007,0.0,0.3457813487437679
2022-07-06,-0.0075110403474771565,0.0,0.08449664258448784,0.3697220086717442,0.20000000000000007,0.0,0.3457813487437679
2022-07-07,-0.001756153379271227,0.0,0.08449664258448784,0.3697220086717442,0.20000000000000007,0.0,0.3457813487437679
2022-07-08,-0.0043200664309732024,0.0,0.08449664258448784,0.3697220086717442,0.20000000000000007,0.0,0.3457813487437679
2022-07-11,0.00833225531666922,0.0,0.08449664258448784,0.3697220086717442,0.20000000000000007,0.0,0.3457813487437679
2022-07-12,0.0005862002103362279,0.0,0.08449664258448784,0.3697220086717442,0.20000000000000007,0.0,0.3457813487437679
2022-07-13,0.004034943009553913,0.0,0.08449664258448784,0.3697220086717442,0.20000000000000007,0.0,0.3457813487437679
2022-07-14,-0.003632298530387756,0.0,0.08449664258448784,0.3697220086717442,0.20000000000000007,0.0,0.3457813487437679
2022-07-15,0.0012685520844281713,0.0,0.08449664258448784,0.3697220086717442,0.20000000000000007,0.0,0.3457813487437679
2022-07-18,-0.006277840071799578,0.0,0.08449664258448784,0.3697220086717442,0.20000000000000007,0.0,0.3457813487437679
2022-07-19,-0.0014026947339833879,0.0,0.08449664258448784,0.3697220086717442,0.20000000000000007,0.0,0.3457813487437679
2022-07-20,0.0005982806691097941,0.0,0.08449664258448784,0.3697220086717442,0.20000000000000007,0.0,0.3457813487437679
2022-07-21,0.009102711784970682,0.0,0.08449664258448784,0.3697220086717442,0.20000000000000007,0.0,0.3457813487437679
2022-07-22,0.005445654903766035,0.0,0.08449664258448784,0.3697220086717442,0.20000000000000007,0.0,0.3457813487437679
2022-07-25,-0.004548419010473095,0.0,0.08449664258448784,0.3697220086717442,0.20000000000000007,0.0,0.3457813487437679
2022-07-26,0.001721515081109213,0.0,0.08449664258448784,0.3697220086717442,0.20000000000000007,0.0,0.3457813487437679
2022-07-27,-0.0007417544106746573,0.0,0.08449664258448784,0.3697220086717442,0.20000000000000007,0.0,0.3457813487437679
2022-07-28,0.006196909206471758,0.0,0.08449664258448784,0.3697220086717442,0.20000000000000007,0.0,0.3457813487437679
2022-07-29,-0.0005499203878612867,0.0,0.08449664258448784,0.3697220086717442,0.20000000000000007,0.0,0.3457813487437679
2022-08-01,0.008442874474821904,0.0,0.08449664258448784,0.3697220086717442,0.20000000000000007,0.0,0.3457813487437679
2022-08-02,-0.007359637635663104,0.0,0.08449664258448784,0.3697220086717442,0.20000000000000007,0.0,0.3457813487437679
2022-08-03,0.008607454625443163,0.0,0.08449664258448784,0.3697220086717442,0.20000000000000007,0.0,0.3457813487437679
2022-08-04,0.0009384283048168595,0.0,0.08449664258448784,0.3697220086717442,0.20000000000000007,0.0,0.3457813487437679
2022-08-05,-0.008256158460150544,0.0,0.08449664258448784,0.3697220086717442,0.20000000000000007,0.0,0.3457813487437679
2022-08-08,0.007078421662168897,0.0,0.08449664258448784,0.3697220086717442,0.20000000000000007,0.0,0.3457813487437679
2022-08-09,-0.0015249920472164555,0.0,0.08449664258448784,0.3697220086717442,0.20000000000000007,0.0,0.3457813487437679
2022-08-10,-0.004912992237261642,0.0,0.08449664258448784,0.3697220086717442,0.20000000000000007,0.0,0.3457813487437679
2022-08-11,-0.008899557803756158,0.0,0.08449664258448784,0.3697220086717442,0.20000000000000007,0.0,0.3457813487437679
2022-08-12,0.008370857428440985,0.0,0.08449664258448784,0.3697220086717442,0.20000000000000007,0.0,0.3457813487437679
2022-08-15,0.0005150155032594551,0.0,0.08449664258448784,0.3697220086717442,0.20000000000000007,0.0,0.3457813487437679
2022-08-16,0.0012311054661146687,0.0,0.08449664258448784,0.3697220086717442,0.20000000000000007,0.0,0.3457813487437679
2022-08-17,-0.005266736927319395,0.0,0.08449664258448784,0.3697220086717442,0.20000000000000007,0.0,0.3457813487437679
2022-08-18,0.0029364041871182754,0.0,0.08449664258448784,0.3697220086717442,0.20000000000000007,0.0,0.3457813487437679
2022-08-19,-0.00638796634008504,0.0,0.08449664258448784,0.3697220086717442,0.20000000000000007,0.0,0.3457813487437679
2022-08-22,-0.00146114481392739,0.0,0.08449664258448784,0.3697220086717442,0.20000000000000007,0.0,0.3457813487437679
2022-08-23,-0.002263510916195925,0.0,0.08449664258448784,0.3697220086717442,0.20000000000000007,0.0,0.3457813487437679
2022-08-24,-0.001607565918492688,0.0,0.08449664258448784,0.3697220086717442,0.20000000000000007,0.0,0.3457813487437679
2022-08-25,0.006363230319490144,0.0,0.08449664258448784,0.3697220086717442,0.20000000000000007,0.0,0.3457813487437679
2022-08-26,-0.0011931994057068724,0.0,0.08449664258448784,0.3697220086717442,0.20000000000000007,0.0,0.3457813487437679
2022-08-29,-0.0033752022169762502,0.0,0.08449664258448784,0.3697220086717442,0.20000000000000007,0.0,0.3457813487437679
2022-08-30,-0.0017955503443494525,0.0,0.08449664258448784,0.3697220086717442,0.20000000000000007,0.0,0.3457813487437679
2022-08-31,-0.0059602781685219215,0.0,0.08449664258448784,0.3697220086717442,0.20000000000000007,0.0,0.3457813487437679
2022-09-01,-0.005173526388446448,0.0,0.08449664258448784,0.3697220086717442,0.20000000000000007,0.0,0.3457813487437679
2022-09-02,0.003079285241945965,0.0,0.08449664258448784,0.3697220086717442,0.20000000000000007,0.0,0.3457813487437679
2022-09-06,-0.00864342883306385,0.0,0.08449664258448784,0.3697220086717442,0.20000000000000007,0.0,0.3457813487437679
2022-09-07,0.006941692920926884,0.0,0.08449664258448784,0.3697220086717442,0.20000000000000007,0.0,0.3457813487437679
2022-09-08,-0.0037334482914475604,0.0,0.08449664258448784,0.3697220086717442,0.20000000000000007,0.0,0.3457813487437679
2022-09-09,0.0007205745899834443,0.0,0.08449664258448784,0.3697220086717442,0.20000000000000007,0.0,0.3457813487437679
2022-09-12,-0.0028931967239920605,0.0,0.08449664258448784,0.3697220086717442,0.20000000000000007,0.0,0.3457813487437679
2022-09-13,-0.000652991465160061,0.0,0.08449664258448784,0.3697220086717442,0.20000000000000007,0.0,0.3457813487437679
2022-09-14,0.00011865680979400152,0.0,0.08449664258448784,0.3697220086717442,0.20000000000000007,0.0,0.3457813487437679
2022-09-15,-0.0046992587074004815,0.0,0.08449664258448784,0.3697220086717442,0.20000000000000007,0.0,0.3457813487437679
2022-09-16,-0.0026167052192281434,0.0,0.08449664258448784,0.3697220086717442,0.20000000000000007,0.0,0.3457813487437679
2022-09-19,0.001437216413168416,0.0,0.08449664258448784,0.3697220086717442,0.20000000000000007,0.0,0.3457813487437679
2022-09-20,-0.0041496695982288865,0.0,0.08449664258448784,0.3697220086717442,0.20000000000000007,0.0,0.3457813487437679
2022-09-21,0.009045519221607073,0.0,0.08449664258448784,0.3697220086717442,0.20000000000000007,0.0,0.3457813487437679
2022-09-22,-0.0098070892785577,0.0,0.08449664258448784,0.3697220086717442,0.20000000000000007,0.0,0.3457813487437679
2022-09-23,0.002083605114305202,0.0,0.08449664258448784,0.3697220086717442,0.20000000000000007,0.0,0.3457813487437679
2022-09-26,-0.0063506411815852076,0.0,0.08449664258448784,0.3697220086717442,0.20000000000000007,0.0,0.3457813487437679
2022-09-27,-0.00942821851333898,0.0,0.08449664258448784,0.3697220086717442,0.20000000000000007,0.0,0.3457813487437679
2022-09-28,0.013689263797495715,0.0,0.08449664258448784,0.3697220086717442,0.20000000000000007,0.0,0.3457813487437679
2022-09-29,-0.005088129387225446,0.0,0.08449664258448784,0.3697220086717442,0.20000000000000007,0.0,0.3457813487437679
2022-09-30,-0.006067176998841803,0.0,0.08449664258448784,0.3697220086717442,0.20000000000000007,0.0,0.3457813487437679
2022-10-03,0.011361946946334116,0.0,0.08449664258448784,0.3697220086717442,0.20000000000000007,0.0,0.3457813487437679
2022-10-04,-0.00027298027176064776,0.0,0.08449664258448784,0.3697220086717442,0.20000000000000007,0.0,0.3457813487437679
2022-10-05,-0.0015686089778371378,0.0,0.08449664258448784,0.3697220086717442,0.20000000000000007,0.0,0.3457813487437679
2022-10-06,0.00031976480772258407,0.0,0.08449664258448784,0.3697220086717442,0.20000000000000007,0.0,0.3457813487437679
2022-10-07,-0.00676383856919315,0.0,0.08449664258448784,0.3697220086717442,0.20000000000000007,0.0,0.3457813487437679
2022-10-10,-0.007949475755308391,0.0,0.08449664258448784,0.3697220086717442,0.20000000000000007,0.0,0.3457813487437679
2022-10-11,0.0009167162720378988,0.0,0.08449664258448784,0.3697220086717442,0.20000000000000007,0.0,0.3457813487437679
2022-10-12,0.002605262723154516,0.0,0.08449664258448784,0.3697220086717442,0.20000000000000007,0.0,0.3457813487437679
2022-10-13,-0.004962752714991239,0.0,0.08449664258448784,0.3697220086717442,0.20000000000000007,0.0,0.3457813487437679
2022-10-14,-0.00506719183871983,0.0,0.08449664258448784,0.3697220086717442,0.20000000000000007,0.0,0.3457813487437679
2022-10-17,-0.0025730255184245095,0.0,0.08449664258448784,0.3697220086717442,0.20000000000000007,0.0,0.3457813487437679
2022-10-18,0.002060518922147499,0.0,0.08449664258448784,0.3697220086717442,0.20000000000000007,0.0,0.3457813487437679
2022-10-19,-0.007484836792666692,0.0,0.08449664258448784,0.3697220086717442,0.20000000000000007,0.0,0.3457813487437679
2022-10-20,-0.007116752652930589,0.0,0.08449664258448784,0.3697220086717442,0.20000000000000007,0.0,0.3457813487437679
2022-10-21,-0.004004827591213114,0.0,0.08449664258448784,0.3697220086717442,0.20000000000000007,0.0,0.3457813487437679
2022-10-24,-0.0023257372890454794,0.0,0.08449664258448784,0.3697220086717442,0.20000000000000007,0.0,0.3457813487437679
2022-10-25,0.00878248967870966,0.0,0.08449664258448784,0.3697220086717442,0.20000000000000007,0.0,0.3457813487437679
2022-10-26,0.0023669697802649412,0.0,0.08449664258448784,0.3697220086717442,0.20000000000000007,0.0,0.3457813487437679
2022-10-27,0.005806273735081378,0.0,0.08449664258448784,0.3697220086717442,0.20000000000000007,0.0,0.3457813487437679
2022-10-28,-0.0019917565379639684,0.0,0.08449664258448784,0.3697220086717442,0.20000000000000007,0.0,0.3457813487437679
2022-10-31,-0.0019754033470190642,0.0,0.08449664258448784,0.3697220086717442,0.20000000000000007,0.0,0.3457813487437679
2022-11-01,0.005011251422431041,0.0,0.08449664258448784,0.3697220086717442,0.20000000000000007,0.0,0.3457813487437679
2022-11-02,-0.003622257756310511,0.0,0.08449664258448784,0.3697220086717442,0.20000000000000007,0.0,0.3457813487437679
2022-11-03,-0.0007596080317713669,0.0,0.08449664258448784,0.3697220086717442,0.20000000000000007,0.0,0.3457813487437679
2022-11-04,-0.005339450565934487,0.0,0.08449664258448784,0.3697220086717442,0.20000000000000007,0.0,0.3457813487437679
2022-11-07,-0.005643404118184591,0.0,0.08449664258448784,0.3697220086717442,0.20000000000000007,0.0,0.3457813487437679
2022-11-08,0.007602921148074603,0.0,0.08449664258448784,0.3697220086717442,0.20000000000000007,0.0,0.3457813487437679
2022-11-09,0.0010473221665126048,0.0,0.08449664258448784,0.3697220086717442,0.20000000000000007,0.0,0.3457813487437679
2022-11-10,0.01705337644235118,0.0,0.08449664258448784,0.3697220086717442,0.20000000000000007,0.0,0.3457813487437679
2022-11-11,-0.004211471852397184,0.0,0.08449664258448784,0.3697220086717442,0.20000000000000007,0.0,0.3457813487437679
2022-11-14,0.0003812723331695584,0.0,0.08449664258448784,0.3697220086717442,0.20000000000000007,0.0,0.3457813487437679
2022-11-15,0.0062047461315981565,0.0,0.08449664258448784,0.3697220086717442,0.20000000000000007,0.0,0.3457813487437679
2022-11-16,0.006257903263369882,0.0,0.08449664258448784,0.3697220086717442,0.20000000000000007,0.0,0.3457813487437679
2022-11-17,-0.004284391174692882,0.0,0.08449664258448784,0.3697220086717442,0.20000000000000007,0.0,0.3457813487437679
2022-11-18,-0.002574841240637697,0.0,0.08449664258448784,0.3697220086717442,0.20000000000000007,0.0,0.3457813487437679
2022-11-21,0.003133584038315675,0.0,0.08449664258448784,0.3697220086717442,0.20000000000000007,0.0,0.3457813487437679
2022-11-22,0.004477111956745802,0.0,0.08449664258448784,0.3697220086717442,0.20000000000000007,0.0,0.3457813487437679
2022-11-23,0.0046353935778051135,0.0,0.08449664258448784,0.3697220086717442,0.20000000000000007,0.0,0.3457813487437679
2022-11-25,-0.0011004200850222984,0.0,0.08449664258448784,0.3697220086717442,0.20000000000000007,0.0,0.3457813487437679
2022-11-28,0.0006536880024724939,0.0,0.08449664258448784,0.3697220086717442,0.20000000000000007,0.0,0.3457813487437679
2022-11-29,-0.002891862339705271,0.0,0.08449664258448784,0.3697220086717442,0.20000000000000007,0.0,0.3457813487437679
2022-11-30,0.0051795513652329195,0.0,0.08449664258448784,0.3697220086717442,0.20000000000000007,0.0,0.3457813487437679
2022-12-01,0.011195756787308294,0.0,0.08449664258448784,0.3697220086717442,0.20000000000000007,0.0,0.3457813487437679
2022-12-02,0.0034938161758190254,0.0,0.08449664258448784,0.3697220086717442,0.20000000000000007,0.0,0.3457813487437679
2022-12-05,-0.0073132367829884005,0.0,0.08449664258448784,0.3697220086717442,0.20000000000000007,0.0,0.3457813487437679
2022-12-06,0.004334435519085543,0.0,0.08449664258448784,0.3697220086717442,0.20000000000000007,0.0,0.3457813487437679
2022-12-07,0.009282819349865183,0.0,0.08449664258448784,0.3697220086717442,0.20000000000000007,0.0,0.3457813487437679
2022-12-08,-0.0012790603085367216,0.0,0.08449664258448784,0.3697220086717442,0.20000000000000007,0.0,0.3457813487437679
2022-12-09,-0.008807334323835006,0.0,0.08449664258448784,0.3697220086717442,0.20000000000000007,0.0,0.3457813487437679
2022-12-12,0.0009921963165054357,0.0,0.08449664258448784,0.3697220086717442,0.20000000000000007,0.0,0.3457813487437679
2022-12-13,0.00457992138962582,0.0,0.08449664258448784,0.3697220086717442,0.20000000000000007,0.0,0.3457813487437679
2022-12-14,-0.00104585918449872,0.0,0.08449664258448784,0.3697220086717442,0.20000000000000007,0.0,0.3457813487437679
2022-12-15,-0.0006854094977306194,0.0,0.08449664258448784,0.3697220086717442,0.20000000000000007,0.0,0.3457813487437679
2022-12-16,-0.0027739330095336735,0.0,0.08449664258448784,0.3697220086717442,0.20000000000000007,0.0,0.3457813487437679
2022-12-19,-0.00740717351091294,0.0,0.08449664258448784,0.3697220086717442,0.20000000000000007,0.0,0.3457813487437679
2022-12-20,-0.0054710446042801775,0.0,0.08449664258448784,0.3697220086717442,0.20000000000000007,0.0,0.3457813487437679
2022-12-21,0.002729690470901022,0.0,0.08449664258448784,0.3697220086717442,0.20000000000000007,0.0,0.3457813487437679
2022-12-22,-0.003198982398392374,0.0,0.08449664258448784,0.3697220086717442,0.20000000000000007,0.0,0.3457813487437679
2022-12-23,-0.004458103795256638,0.0,0.08449664258448784,0.3697220086717442,0.20000000000000007,0.0,0.3457813487437679
2022-12-27,-0.006081322977070334,0.0,0.08449664258448784,0.3697220086717442,0.20000000000000007,0.0,0.3457813487437679
2022-12-28,-0.002893338875230375,0.0,0.08449664258448784,0.3697220086717442,0.20000000000000007,0.0,0.3457813487437679
2022-12-29,0.0047433034604337085,0.0,0.08449664258448784,0.3697220086717442,0.20000000000000007,0.0,0.3457813487437679
2022-12-30,-0.004515308973171194,0.0,0.08449664258448784,0.3697220086717442,0.20000000000000007,0.0,0.3457813487437679
2023-01-03,0.012104231864186068,0.0,0.08449664258448784,0.3697220086717442,0.20000000000000007,0.0,0.3457813487437679
2023-01-04,0.006369880929951655,0.0,0.08449664258448784,0.3697220086717442,0.20000000000000007,0.0,0.3457813487437679
2023-01-05,0.001300667784148027,0.0,0.08449664258448784,0.3697220086717442,0.20000000000000007,0.0,0.3457813487437679
2023-01-06,0.007955252215617279,0.0,0.08449664258448784,0.3697220086717442,0.20000000000000007,0.0,0.3457813487437679
2023-01-09,0.0002627189933339376,0.0,0.08449664258448784,0.3697220086717442,0.20000000000000007,0.0,0.3457813487437679
2023-01-10,-0.004541704614984109,0.0,0.08449664258448784,0.3697220086717442,0.20000000000000007,0.0,0.3457813487437679
2023-01-11,0.006939755680730864,0.0,0.08449664258448784,0.3697220086717442,0.20000000000000007,0.0,0.3457813487437679
2023-01-12,0.006533889110152766,0.0,0.08449664258448784,0.3697220086717442,0.20000000000000007,0.0,0.3457813487437679
2023-01-13,-0.0008629237230203361,0.0,0.08449664258448784,0.3697220086717442,0.20000000000000007,0.0,0.3457813487437679
2023-01-17,-0.002846717583492341,0.0,0.08449664258448784,0.3697220086717442,0.20000000000000007,0.0,0.3457813487437679
2023-01-18,0.0070505449094497245,0.0,0.08449664258448784,0.3697220086717442,0.20000000000000007,0.0,0.3457813487437679
2023-01-19,-0.0006342672177146206,0.0,0.08449664258448784,0.3697220086717442,0.20000000000000007,0.0,0.3457813487437679
2023-01-20,-0.0055899018377613754,0.0,0.08449664258448784,0.3697220086717442,0.20000000000000007,0.0,0.3457813487437679
2023-01-23,0.0001564632403270917,0.0,0.08449664258448784,0.3697220086717442,0.20000000000000007,0.0,0.3457813487437679
2023-01-24,0.0055721452055525695,0.0,0.08449664258448784,0.3697220086717442,0.20000000000000007,0.0,0.3457813487437679
2023-01-25,0.0007154595430726406,0.0,0.08449664258448784,0.3697220086717442,0.20000000000000007,0.0,0.3457813487437679
2023-01-26,-0.0017176853053931947,0.0,0.08449664258448784,0.3697220086717442,0.20000000000000007,0.0,0.3457813487437679
2023-01-27,-0.0005134498335698749,0.0,0.08449664258448784,0.3697220086717442,0.20000000000000007,0.0,0.3457813487437679
2023-01-30,-0.0016660007595258723,0.0,0.08449664258448784,0.3697220086717442,0.20000000000000007,0.0,0.3457813487437679
2023-01-31,0.004172995747545521,0.0,0.08449664258448784,0.3697220086717442,0.20000000000000007,0.0,0.3457813487437679
2023-02-01,0.0045938795544413595,0.0,0.08449664258448784,0.3697220086717442,0.20000000000000007,0.0,0.3457813487437679
2023-02-02,-0.00015796529766252,0.0,0.08449664258448784,0.3697220086717442,0.20000000000000007,0.0,0.3457813487437679
2023-02-03,-0.006880940747663098,0.0,0.08449664258448784,0.3697220086717442,0.20000000000000007,0.0,0.3457813487437679
2023-02-06,-0.0008477339691858944,0.0,0.08449664258448784,0.3697220086717442,0.20000000000000007,0.0,0.3457813487437679
2023-02-07,-0.002296743068124216,0.0,0.08449664258448784,0.3697220086717442,0.20000000000000007,0.0,0.3457813487437679
2023-02-08,0.001701695633461446,0.0,0.08449664258448784,0.3697220086717442,0.20000000000000007,0.0,0.3457813487437679
2023-02-09,-0.0063127682560741895,0.0,0.08449664258448784,0.3697220086717442,0.20000000000000007,0.0,0.3457813487437679
2023-02-10,-0.002442571056482714,0.0,0.08449664258448784,0.3697220086717442,0.20000000000000007,0.0,0.3457813487437679
2023-02-13,0.002099125175182222,0.0,0.08449664258448784,0.3697220086717442,0.20000000000000007,0.0,0.3457813487437679
2023-02-14,-0.0009870346803441121,0.0,0.08449664258448784,0.3697220086717442,0.20000000000000007,0.0,0.3457813487437679
2023-02-15,-0.0028097188709485894,0.0,0.08449664258448784,0.3697220086717442,0.20000000000000007,0.0,0.3457813487437679
2023-02-16,-0.006072615182330522,0.0,0.08449664258448784,0.3697220086717442,0.20000000000000007,0.0,0.3457813487437679
2023-02-17,0.003015212161558349,0.0,0.08449664258448784,0.3697220086717442,0.20000000000000007,0.0,0.3457813487437679
2023-02-21,-0.008521057899852948,0.0,0.08449664258448784,0.3697220086717442,0.20000000000000007,0.0,0.3457813487437679
2023-02-22,0.0032508059268516526,0.0,0.08449664258448784,0.3697220086717442,0.20000000000000007,0.0,0.3457813487437679
2023-02-23,0.004078685194094576,0.0,0.08449664258448784,0.3697220086717442,0.20000000000000007,0.0,0.3457813487437679
2023-02-24,-0.004580698159330413,0.0,0.08449664258448784,0.3697220086717442,0.20000000000000007,0.0,0.3457813487437679
2023-02-27,0.000276694544338133,0.0,0.08449664258448784,0.3697220086717442,0.20000000000000007,0.0,0.3457813487437679
2023-02-28,0.003254645324777006,0.0,0.08449664258448784,0.3697220086717442,0.20000000000000007,0.0,0.3457813487437679
2023-03-01,-0.004966781823311112,0.0,0.08449664258448784,0.3697220086717442,0.20000000000000007,0.0,0.3457813487437679
2023-03-02,-0.0009035832826153473,0.0,0.08449664258448784,0.3697220086717442,0.20000000000000007,0.0,0.3457813487437679
2023-03-03,0.011118310417759236,0.0,0.08449664258448784,0.3697220086717442,0.20000000000000007,0.0,0.3457813487437679
2023-03-06,-0.004305461237673469,0.0,0.08449664258448784,0.3697220086717442,0.20000000000000007,0.0,0.3457813487437679
2023-03-07,0.001757148120038088,0.0,0.08449664258448784,0.3697220086717442,0.20000000000000007,0.0,0.3457813487437679
2023-03-08,0.0002855537585543953,0.0,0.08449664258448784,0.3697220086717442,0.20000000000000007,0.0,0.3457813487437679
2023-03-09,0.00035191202240049483,0.0,0.08449664258448784,0.3697220086717442,0.20000000000000007,0.0,0.3457813487437679
2023-03-10,0.013661840963498664,0.0,0.08449664258448784,0.3697220086717442,0.20000000000000007,0.0,0.3457813487437679
2023-03-13,0.0021384522272036416,0.0,0.08449664258448784,0.3697220086717442,0.20000000000000007,0.0,0.3457813487437679
2023-03-14,-0.0058402219086708205,0.0,0.08449664258448784,0.3697220086717442,0.20000000000000007,0.0,0.3457813487437679
2023-03-15,0.011864689623476175,0.0,0.08449664258448784,0.3697220086717442,0.20000000000000007,0.0,0.3457813487437679
2023-03-16,-0.001371204051151193,0.0,0.08449664258448784,0.3697220086717442,0.20000000000000007,0.0,0.3457813487437679
2023-03-17,0.008434477535467695,0.0,0.08449664258448784,0.3697220086717442,0.20000000000000007,0.0,0.3457813487437679
2023-03-20,-0.0043258657926526604,0.0,0.08449664258448784,0.3697220086717442,0.20000000000000007,0.0,0.3457813487437679
2023-03-21,-0.005965425239017897,0.0,0.08449664258448784,0.3697220086717442,0.20000000000000007,0.0,0.3457813487437679
2023-03-22,0.004302803418161496,0.0,0.08449664258448784,0.3697220086717442,0.20000000000000007,0.0,0.3457813487437679
2023-03-23,0.0032331913459183338,0.0,0.08449664258448784,0.3697220086717442,0.20000000000000007,0.0,0.3457813487437679
2023-03-24,0.001977557344091217,0.0,0.08449664258448784,0.3697220086717442,0.20000000000000007,0.0,0.3457813487437679
2023-03-27,-0.011488710825941887,0.0,0.08449664258448784,0.3697220086717442,0.20000000000000007,0.0,0.3457813487437679
2023-03-28,0.0008837696685772362,0.0,0.08449664258448784,0.3697220086717442,0.20000000000000007,0.0,0.3457813487437679
2023-03-29,0.00036268461941323636,0.0,0.08449664258448784,0.3697220086717442,0.20000000000000007,0.0,0.3457813487437679
2023-03-30,0.0023932572482972918,0.0,0.08449664258448784,0.3697220086717442,0.20000000000000007,0.0,0.3457813487437679
2023-03-31,0.006932047626030853,0.0,0.08449664258448784,0.3697220086717442,0.20000000000000007,0.0,0.3457813487437679
2023-04-03,0.0018893302563847156,0.0,0.08449664258448784,0.3697220086717442,0.20000000000000007,0.0,0.3457813487437679
2023-04-04,0.0037269151415226373,0.0,0.08449664258448784,0.3697220086717442,0.20000000000000007,0.0,0.3457813487437679
2023-04-05,0.004485336003605569,0.0,0.08449664258448784,0.3697220086717442,0.20000000000000007,0.0,0.3457813487437679
2023-04-06,0.00010851693430211735,0.0,0.08449664258448784,0.3697220086717442,0.20000000000000007,0.0,0.3457813487437679
2023-04-10,-0.005360383826781986,0.0,0.08449664258448784,0.3697220086717442,0.20000000000000007,0.0,0.3457813487437679
2023-04-11,0.0008092403720812235,0.0,0.08449664258448784,0.3697220086717442,0.20000000000000007,0.0,0.3457813487437679
2023-04-12,-0.001613314983833874,0.0,0.08449664258448784,0.3697220086717442,0.20000000000000007,0.0,0.3457813487437679
2023-04-13,-0.0007056834606686204,0.0,0.08449664258448784,0.3697220086717442,0.20000000000000007,0.0,0.3457813487437679
2023-04-14,-0.005119819497071416,0.0,0.08449664258448784,0.3697220086717442,0.20000000000000007,0.0,0.3457813487437679
2023-04-17,-0.003236737990404127,0.0,0.08449664258448784,0.3697220086717442,0.20000000000000007,0.0,0.3457813487437679
2023-04-18,0.0009058083892786484,0.0,0.08449664258448784,0.3697220086717442,0.20000000000000007,0.0,0.3457813487437679
2023-04-19,-0.0005763106193340318,0.0,0.08449664258448784,0.3697220086717442,0.20000000000000007,0.0,0.3457813487437679
2023-04-20,0.0034874019463920674,0.0,0.08449664258448784,0.3697220086717442,0.20000000000000007,0.0,0.3457813487437679
2023-04-21,-0.004362944128437159,0.0,0.08449664258448784,0.3697220086717442,0.20000000000000007,0.0,0.3457813487437679
2023-04-24,0.0031513857713079043,0.0,0.08449664258448784,0.3697220086717442,0.20000000000000007,0.0,0.3457813487437679
2023-04-25,0.00673775762282879,0.0,0.08449664258448784,0.3697220086717442,0.20000000000000007,0.0,0.3457813487437679
2023-04-26,-0.00650587488055843,0.0,0.08449664258448784,0.3697220086717442,0.20000000000000007,0.0,0.3457813487437679
2023-04-27,-0.0018507533667198124,0.0,0.08449664258448784,0.3697220086717442,0.20000000000000007,0.0,0.3457813487437679
2023-04-28,0.007238344965656202,0.0,0.08449664258448784,0.3697220086717442,0.20000000000000007,0.0,0.3457813487437679
2023-05-01,-0.009899920270097066,0.0,0.08449664258448784,0.3697220086717442,0.20000000000000007,0.0,0.3457813487437679
2023-05-02,0.011255204542404158,0.0,0.08449664258448784,0.3697220086717442,0.20000000000000007,0.0,0.3457813487437679
2023-05-03,0.0013153065101292986,0.0,0.08449664258448784,0.3697220086717442,0.20000000000000007,0.0,0.3457813487437679
2023-05-04,-0.002469380546498866,0.0,0.08449664258448784,0.3697220086717442,0.20000000000000007,0.0,0.3457813487437679
2023-05-05,-0.0032942062289338008,0.0,0.08449664258448784,0.3697220086717442,0.20000000000000007,0.0,0.3457813487437679
2023-05-08,-0.004413665182011312,0.0,0.08449664258448784,0.3697220086717442,0.20000000000000007,0.0,0.3457813487437679
2023-05-09,0.0008475452831343032,0.0,0.08449664258448784,0.3697220086717442,0.20000000000000007,0.0,0.3457813487437679
2023-05-10,0.0030745861181558005,0.0,0.08449664258448784,0.3697220086717442,0.20000000000000007,0.0,0.3457813487437679
2023-05-11,0.004288539021272191,0.0,0.08449664258448784,0.3697220086717442,0.20000000000000007,0.0,0.3457813487437679
2023-05-12,-0.001317814380214373,0.0,0.08449664258448784,0.3697220086717442,0.20000000000000007,0.0,0.3457813487437679
2023-05-15,-0.004094005709813513,0.0,0.08449664258448784,0.3697220086717442,0.20000000000000007,0.0,0.3457813487437679
2023-05-16,-0.003311416599529024,0.0,0.08449664258448784,0.3697220086717442,0.20000000000000007,0.0,0.3457813487437679
2023-05-17,-0.0001293404811088398,0.0,0.08449664258448784,0.3697220086717442,0.20000000000000007,0.0,0.3457813487437679
2023-05-18,-0.0019394160339390421,0.0,0.08449664258448784,0.3697220086717442,0.20000000000000007,0.0,0.3457813487437679
2023-05-19,-0.0017333076057294457,0.0,0.08449664258448784,0.3697220086717442,0.20000000000000007,0.0,0.3457813487437679
2023-05-22,-0.0015060208075080687,0.0,0.08449664258448784,0.3697220086717442,0.20000000000000007,0.0,0.3457813487437679
2023-05-23,0.0013341152308139403,0.0,0.08449664258448784,0.3697220086717442,0.20000000000000007,0.0,0.3457813487437679
2023-05-24,-0.0028367649706922686,0.0,0.08449664258448784,0.3697220086717442,0.20000000000000007,0.0,0.3457813487437679
2023-05-25,-0.0005323501569371477,0.0,0.08449664258448784,0.3697220086717442,0.20000000000000007,0.0,0.3457813487437679
2023-05-26,0.0047588139337103605,0.0,0.08449664258448784,0.3697220086717442,0.20000000000000007,0.0,0.3457813487437679
2023-05-30,0.004601536850277762,0.0,0.08449664258448784,0.3697220086717442,0.20000000000000007,0.0,0.3457813487437679
2023-05-31,0.0036670959216513477,0.0,0.08449664258448784,0.3697220086717442,0.20000000000000007,0.0,0.3457813487437679
