date,gross,turnover,w_SPY,w_TLT,w_GLD,w_USO,w_UUP
2019-01-02,0.00682033918162226,0.0,0.2,0.2,0.2,0.2,0.2
2019-01-03,0.0002549596793360201,0.0,0.2,0.2,0.2,0.2,0.2
2019-01-04,0.007076277279523358,0.0,0.2,0.2,0.2,0.2,0.2
2019-01-07,0.0029759993960644772,0.0,0.2,0.2,0.2,0.2,0.2
2019-01-08,0.005524543715949349,0.0,0.2,0.2,0.2,0.2,0.2
2019-01-09,0.010494021143531974,0.0,0.2,0.2,0.2,0.2,0.2
2019-01-10,0.0003373503365268205,0.0,0.2,0.2,0.2,0.2,0.2
2019-01-11,-0.002242677194774001,0.0,0.2,0.2,0.2,0.2,0.2
2019-01-14,-0.005341510554392493,0.0,0.2,0.2,0.2,0.2,0.2
2019-01-15,0.007727407028271949,0.0,0.2,0.2,0.2,0.2,0.2
2019-01-16,0.0026506374302330826,0.0,0.2,0.2,0.2,0.2,0.2
2019-01-17,0.0007630529898025709,0.0,0.2,0.2,0.2,0.2,0.2
2019-01-18,0.00553319146423974,0.0,0.2,0.2,0.2,0.2,0.2
2019-01-22,-0.003996257354986144,0.0,0.2,0.2,0.2,0.2,0.2
2019-01-23,-0.0016729874015515513,0.0,0.2,0.2,0.2,0.2,0.2
2019-01-24,0.004454523051546345,0.0,0.2,0.2,0.2,0.2,0.2
2019-01-25,0.003452970144806345,0.0,0.2,0.2,0.2,0.2,0.2
2019-01-28,-0.00619536305742825,0.0,0.2,0.2,0.2,0.2,0.2
2019-01-29,0.005781263926984304,0.0,0.2,0.2,0.2,0.2,0.2
2019-01-30,0.007443058071027386,0.0,0.2,0.2,0.2,0.2,0.2
2019-01-31,0.0030901918259420348,0.0,0.2,0.2,0.2,0.2,0.2
2019-02-01,0.0034214317114020566,0.0,0.2,0.2,0.2,0.2,0.2
2019-02-04,-0.002037277128387216,0.0,0.2,0.2,0.2,0.2,0.2
2019-02-05,-0.0008342876405427191,0.0,0.2,0.2,0.2,0.2,0.2
2019-02-06,-0.00020142968733516398,0.0,0.2,0.2,0.2,0.2,0.2
2019-02-07,-0.004047150827044566,0.0,0.2,0.2,0.2,0.2,0.2
2019-02-08,0.002271772515815984,0.0,0.2,0.2,0.2,0.2,0.2
2019-02-11,-0.0021417830321421418,0.0,0.2,0.2,0.2,0.2,0.2
2019-02-12,0.0045114800801576045,0.0,0.2,0.2,0.2,0.2,0.2
2019-02-13,0.003415353802068455,0.0,0.2,0.2,0.2,0.2,0.2
2019-02-14,0.004051672734217559,0.0,0.2,0.2,0.2,0.2,0.2
2019-02-15,0.0073045310037605626,0.0,0.2,0.2,0.2,0.2,0.2
2019-02-19,0.0043192063674838636,0.0,0.2,0.2,0.2,0.2,0.2
2019-02-20,0.002185893508412873,0.0,0.2,0.2,0.2,0.2,0.2
2019-02-21,-0.005442884601534127,0.0,0.2,0.2,0.2,0.2,0.2
2019-02-22,0.0042520808022055824,0.0,0.2,0.2,0.2,0.2,0.2
2019-02-25,-0.007042597928836969,0.0,0.2,0.2,0.2,0.2,0.2
2019-02-26,0.0014408627466500736,0.0,0.2,0.2,0.2,0.2,0.2
2019-02-27,0.0008582305522324642,0.0,0.2,0.2,0.2,0.2,0.2
2019-02-28,-0.001010677477642097,0.0,0.2,0.2,0.2,0.2,0.2
2019-03-01,-0.008076914550496594,0.0,0.2,0.2,0.2,0.2,0.2
2019-03-04,0.0029493872049448427,0.0,0.2,0.2,0.2,0.2,0.2
2019-03-05,0.0012917223467955319,0.0,0.2,0.2,0.2,0.2,0.2
2019-03-06,-0.001842399973601161,0.0,0.2,0.2,0.2,0.2,0.2
2019-03-07,0.002260948584877243,0.0,0.2,0.2,0.2,0.2,0.2
2019-03-08,0.0006631010640555822,0.0,0.2,0.2,0.2,0.2,0.2
2019-03-11,0.003085957486321589,0.0,0.2,0.2,0.2,0.2,0.2
2019-03-12,0.003487650799532993,0.0,0.2,0.2,0.2,0.2,0.2
2019-03-13,0.006464510073856999,0.0,0.2,0.2,0.2,0.2,0.2
2019-03-14,-0.0027687013186762366,0.0,0.2,0.2,0.2,0.2,0.2
2019-03-15,0.0025889705226950447,0.0,0.2,0.2,0.2,0.2,0.2
2019-03-18,0.0022949000566925507,0.0,0.2,0.2,0.2,0.2,0.2
2019-03-19,-0.0005618724237065332,0.0,0.2,0.2,0.2,0.2,0.2
2019-03-20,0.0052046368967480165,0.0,0.2,0.2,0.2,0.2,0.2
2019-03-21,0.002184133267589639,0.0,0.2,0.2,0.2,0.2,0.2
2019-03-22,-0.0032612576007872594,0.0,0.2,0.2,0.2,0.2,0.2
2019-03-25,0.002029693473117056,0.0,0.2,0.2,0.2,0.2,0.2
2019-03-26,0.004566182440318256,0.0,0.2,0.2,0.2,0.2,0.2
2019-03-27,-0.0021043424891543433,0.0,0.2,0.2,0.2,0.2,0.2
2019-03-28,-0.0005178874331646988,0.0,0.2,0.2,0.2,0.2,0.2
2019-03-29,0.003911905145356331,0.0,0.2,0.2,0.2,0.2,0.2
2019-04-01,0.003710424459342199,0.0,0.2,0.2,0.2,0.2,0.2
2019-04-02,0.004403348551289677,0.0,0.2,0.2,0.2,0.2,0.2
2019-04-03,-0.002328747963578559,0.0,0.2,0.2,0.2,0.2,0.2
2019-04-04,0.0007594222156753537,0.0,0.2,0.2,0.2,0.2,0.2
2019-04-05,0.004804299706556159,0.0,0.2,0.2,0.2,0.2,0.2
2019-04-08,0.003423562134013625,0.0,0.2,0.2,0.2,0.2,0.2
2019-04-09,-0.0003167403876220386,0.0,0.2,0.2,0.2,0.2,0.2
2019-04-10,0.002675604949648136,0.0,0.2,0.2,0.2,0.2,0.2
2019-04-11,-0.005259560099000283,0.0,0.2,0.2,0.2,0.2,0.2
2019-04-12,-0.00027714797886000384,0.0,0.2,0.2,0.2,0.2,0.2
2019-04-15,-0.0009823757215691176,0.0,0.2,0.2,0.2,0.2,0.2
2019-04-16,-0.0004878126343994982,0.0,0.2,0.2,0.2,0.2,0.2
2019-04-17,-0.0022893113450624058,0.0,0.2,0.2,0.2,0.2,0.2
2019-04-18,0.003270133976073586,0.0,0.2,0.2,0.2,0.2,0.2
2019-04-22,0.004008233495814562,0.0,0.2,0.2,0.2,0.2,0.2
2019-04-23,0.0042543226266958944,0.0,0.2,0.2,0.2,0.2,0.2
2019-04-24,0.0011690488893528529,0.0,0.2,0.2,0.2,0.2,0.2
2019-04-25,-0.002061085012351427,0.0,0.2,0.2,0.2,0.2,0.2
2019-04-26,-0.0037926735098142263,0.0,0.2,0.2,0.2,0.2,0.2
2019-04-29,-0.0001695368684051069,0.0,0.2,0.2,0.2,0.2,0.2
2019-04-30,0.002036246324619162,0.0,0.2,0.2,0.2,0.2,0.2
2019-05-01,-0.0028225030377355244,0.0,0.2,0.2,0.2,0.2,0.2
2019-05-02,-0.007741829530184675,0.0,0.2,0.2,0.2,0.2,0.2
2019-05-03,0.0037277112115703392,0.0,0.2,0.2,0.2,0.2,0.2
2019-05-06,0.0032528393526416455,0.0,0.2,0.2,0.2,0.2,0.2
2019-05-07,-0.0061952414883295285,0.0,0.2,0.2,0.2,0.2,0.2
2019-05-08,0.0009526856369550086,0.0,0.2,0.2,0.2,0.2,0.2
2019-05-09,-0.0009284454884905813,0.0,0.2,0.2,0.2,0.2,0.2
2019-05-10,0.0015040950903253193,0.0,0.2,0.2,0.2,0.2,0.2
2019-05-13,-0.0039047778315276062,0.0,0.2,0.2,0.2,0.2,0.2
2019-05-14,0.004333459898833026,0.0,0.2,0.2,0.2,0.2,0.2
2019-05-15,0.003916017709299391,0.0,0.2,0.2,0.2,0.2,0.2
2019-05-16,0.002903617863745822,0.0,0.2,0.2,0.2,0.2,0.2
2019-05-17,-0.0027198540623128765,0.0,0.2,0.2,0.2,0.2,0.2
2019-05-20,-0.0008332837694148276,0.0,0.2,0.2,0.2,0.2,0.2
2019-05-21,0.001020485496075829,0.0,0.2,0.2,0.2,0.2,0.2
2019-05-22,-0.0054553968445743015,0.0,0.2,0.2,0.2,0.2,0.2
2019-05-23,-0.009230331370413115,0.0,0.2,0.2,0.2,0.2,0.2
2019-05-24,0.0024731516800192256,0.0,0.2,0.2,0.2,0.2,0.2
2019-05-28,-0.00035709886898736007,0.0,0.2,0.2,0.2,0.2,0.2
2019-05-29,-5.0946127715212385e-05,0.0,0.2,0.2,0.2,0.2,0.2
2019-05-30,-0.004144581719877016,0.0,0.2,0.2,0.2,0.2,0.2
2019-05-31,-0.009552860782853025,0.0,0.2,0.2,0.2,0.2,0.2
2019-06-03,0.0006699529184866601,0.0,0.2,0.2,0.2,0.2,0.2
2019-06-04,0.004989565576230737,0.0,0.2,0.2,0.2,0.2,0.2
2019-06-05,-0.005187444053608138,0.0,0.2,0.2,0.2,0.2,0.2
2019-06-06,0.00729862486032431,0.0,0.2,0.2,0.2,0.2,0.2
2019-06-07,0.00709266986307573,0.0,0.2,0.2,0.2,0.2,0.2
2019-06-10,-0.004862125167463472,0.0,0.2,0.2,0.2,0.2,0.2
2019-06-11,-8.859208744089743e-05,0.0,0.2,0.2,0.2,0.2,0.2
2019-06-12,-0.007085318560822107,0.0,0.2,0.2,0.2,0.2,0.2
2019-06-13,0.007401993316024714,0.0,0.2,0.2,0.2,0.2,0.2
2019-06-14,0.0023920413533746747,0.0,0.2,0.2,0.2,0.2,0.2
2019-06-17,-0.0020010454102792788,0.0,0.2,0.2,0.2,0.2,0.2
2019-06-18,0.012553214363211307,0.0,0.2,0.2,0.2,0.2,0.2
2019-06-19,0.0024617986142005943,0.0,0.2,0.2,0.2,0.2,0.2
2019-06-20,0.015434123592608272,0.0,0.2,0.2,0.2,0.2,0.2
2019-06-21,-0.00013245861289095133,0.0,0.2,0.2,0.2,0.2,0.2
2019-06-24,0.00457655650199158,0.0,0.2,0.2,0.2,0.2,0.2
2019-06-25,-0.0006574981697225369,0.0,0.2,0.2,0.2,0.2,0.2
2019-06-26,0.0016749154477308402,0.0,0.2,0.2,0.2,0.2,0.2
2019-06-27,0.0019230296838618655,0.0,0.2,0.2,0.2,0.2,0.2
2019-06-28,-0.0027864624117369674,0.0,0.2,0.2,0.2,0.2,0.2
2019-07-01,0.002923907504762879,0.0,0.2,0.2,0.2,0.2,0.2
2019-07-02,-0.003263688370019404,0.0,0.2,0.2,0.2,0.2,0.2
2019-07-03,0.004706595641053095,0.07718349731561644,0.2771834973156164,0.2,0.2,0.12281650268438356,0.2
2019-07-05,-0.002248718781136271,0.0,0.2771834973156164,0.2,0.2,0.12281650268438356,0.2
2019-07-08,-0.002362667994467026,0.0,0.2771834973156164,0.2,0.2,0.12281650268438356,0.2
2019-07-09,0.0022551976862313387,0.0,0.2771834973156164,0.2,0.2,0.12281650268438356,0.2
2019-07-10,0.0073892548590001,0.004304629255666312,0.28148812657128275,0.2,0.2,0.11851187342871726,0.2
2019-07-11,-0.0035095960359860607,0.0,0.28148812657128275,0.2,0.2,0.11851187342871726,0.2
2019-07-12,0.002077379144288424,0.0,0.28148812657128275,0.2,0.2,0.11851187342871726,0.2
2019-07-15,-0.0005315676150715018,0.0,0.28148812657128275,0.2,0.2,0.11851187342871726,0.2
2019-07-16,-0.004497053964779046,0.0,0.28148812657128275,0.2,0.2,0.11851187342871726,0.2
2019-07-17,1.567644149582455e-05,0.0,0.28148812657128275,0.2,0.2,0.11851187342871726,0.2
2019-07-18,0.0008882380697248058,0.0,0.28148812657128275,0.2,0.2,0.11851187342871726,0.2
2019-07-19,-0.0028572605106278698,0.0,0.28148812657128275,0.2,0.2,0.11851187342871726,0.2
2019-07-22,0.0015233449495726515,0.0,0.28148812657128275,0.2,0.2,0.11851187342871726,0.2
2019-07-23,0.0020208743758523143,0.0,0.28148812657128275,0.2,0.2,0.11851187342871726,0.2
2019-07-24,0.0011652466243485592,0.00703359175412431,0.2885217183254071,0.2,0.2,0.11147828167459296,0.2
2019-07-25,-0.003274152957098821,0.0,0.2885217183254071,0.2,0.2,0.11147828167459296,0.2
2019-07-26,0.0035178193509852428,0.0,0.2885217183254071,0.2,0.2,0.11147828167459296,0.2
2019-07-29,0.002644791850060597,0.0,0.2885217183254071,0.2,0.2,0.11147828167459296,0.2
2019-07-30,0.0028994353184176817,0.0,0.2885217183254071,0.2,0.2,0.11147828167459296,0.2
2019-07-31,-0.003351606764978433,0.002084270300754018,0.290605988626161,0.2,0.2,0.10939401137383885,0.2
2019-08-01,-0.000985344708689113,0.0,0.290605988626161,0.2,0.2,0.10939401137383885,0.2
2019-08-02,9.179154473325365e-05,0.0,0.290605988626161,0.2,0.2,0.10939401137383885,0.2
2019-08-05,-0.004511407555348346,0.0,0.290605988626161,0.2,0.2,0.10939401137383885,0.2
2019-08-06,0.0053133148053279965,0.0,0.290605988626161,0.2,0.2,0.10939401137383885,0.2
2019-08-07,0.0003385513323935934,0.005613306749865238,0.2962192953760263,0.2,0.2,0.1037807046239737,0.2
2019-08-08,0.008547205940141286,0.0,0.2962192953760263,0.2,0.2,0.1037807046239737,0.2
2019-08-09,-0.00027634773815606506,0.0,0.2962192953760263,0.2,0.2,0.1037807046239737,0.2
2019-08-12,0.0030885761453902038,0.0,0.2962192953760263,0.2,0.2,0.1037807046239737,0.2
2019-08-13,0.00829608633922252,0.0,0.2962192953760263,0.2,0.2,0.1037807046239737,0.2
2019-08-14,-0.0061920641334141414,0.0,0.2962192953760263,0.2,0.2,0.1037807046239737,0.2
2019-08-15,0.007706739236570923,0.3999999999999999,0.0,0.5,0.29999999999999993,1.0426192319911209e-16,0.19999999999999998
2019-08-16,-0.005775528141571194,0.0,0.0,0.5,0.29999999999999993,1.0426192319911209e-16,0.19999999999999998
2019-08-19,-0.010209994942566733,0.0,0.0,0.5,0.29999999999999993,1.0426192319911209e-16,0.19999999999999998
2019-08-20,0.0070616280830171786,0.0,0.0,0.5,0.29999999999999993,1.0426192319911209e-16,0.19999999999999998
2019-08-21,-0.0040569641479208055,0.0,0.0,0.5,0.29999999999999993,1.0426192319911209e-16,0.19999999999999998
2019-08-22,-0.004231959263178487,0.0,0.0,0.5,0.29999999999999993,1.0426192319911209e-16,0.19999999999999998
2019-08-23,0.012969362296680081,0.0,0.0,0.5,0.29999999999999993,1.0426192319911209e-16,0.19999999999999998
2019-08-26,-0.0009237605238086701,0.0,0.0,0.5,0.29999999999999993,1.0426192319911209e-16,0.19999999999999998
2019-08-27,0.010425814720067008,0.0,0.0,0.5,0.29999999999999993,1.0426192319911209e-16,0.19999999999999998
2019-08-28,0.00024905264569192954,0.0,0.0,0.5,0.29999999999999993,1.0426192319911209e-16,0.19999999999999998
2019-08-29,-0.003519501715035154,0.0,0.0,0.5,0.29999999999999993,1.0426192319911209e-16,0.19999999999999998
2019-08-30,0.00011290945890443942,0.0,0.0,0.5,0.29999999999999993,1.0426192319911209e-16,0.19999999999999998
2019-09-03,0.005266599988875972,0.0,0.0,0.5,0.29999999999999993,1.0426192319911209e-16,0.19999999999999998
2019-09-04,0.0013575676353676776,0.0,0.0,0.5,0.29999999999999993,1.0426192319911209e-16,0.19999999999999998
2019-09-05,-0.016180596291065927,0.0,0.0,0.5,0.29999999999999993,1.0426192319911209e-16,0.19999999999999998
2019-09-06,0.0010752574301425523,0.0,0.0,0.5,0.29999999999999993,1.0426192319911209e-16,0.19999999999999998
2019-09-09,-0.010376434238619111,0.0,0.0,0.5,0.29999999999999993,1.0426192319911209e-16,0.19999999999999998
2019-09-10,-0.011106796964507936,0.0,0.0,0.5,0.29999999999999993,1.0426192319911209e-16,0.19999999999999998
2019-09-11,0.0015284968168677384,0.0,0.0,0.5,0.29999999999999993,1.0426192319911209e-16,0.19999999999999998
2019-09-12,-0.0032547297566104102,0.0,0.0,0.5,0.29999999999999993,1.0426192319911209e-16,0.19999999999999998
2019-09-13,-0.013462166834020938,0.0,0.0,0.5,0.29999999999999993,1.0426192319911209e-16,0.19999999999999998
2019-09-16,0.009774588769828875,0.0,0.0,0.5,0.29999999999999993,1.0426192319911209e-16,0.19999999999999998
2019-09-17,0.0024120456344759855,0.0,0.0,0.5,0.29999999999999993,1.0426192319911209e-16,0.19999999999999998
2019-09-18,0.0009847860947363883,0.0,0.0,0.5,0.29999999999999993,1.0426192319911209e-16,0.19999999999999998
2019-09-19,0.002271983016400748,0.0,0.0,0.5,0.29999999999999993,1.0426192319911209e-16,0.19999999999999998
2019-09-20,0.010674338757461597,0.0,0.0,0.5,0.29999999999999993,1.0426192319911209e-16,0.19999999999999998
2019-09-23,0.001871630136135349,0.0,0.0,0.5,0.29999999999999993,1.0426192319911209e-16,0.19999999999999998
2019-09-24,0.0068689364992669845,0.0,0.0,0.5,0.29999999999999993,1.0426192319911209e-16,0.19999999999999998
2019-09-25,-0.011308538893084174,0.0,0.0,0.5,0.29999999999999993,1.0426192319911209e-16,0.19999999999999998
2019-09-26,0.00365062528355381,0.0,0.0,0.5,0.29999999999999993,1.0426192319911209e-16,0.19999999999999998
2019-09-27,-0.0006112174331977759,0.0,0.0,0.5,0.29999999999999993,1.0426192319911209e-16,0.19999999999999998
2019-09-30,-0.0027650388310614302,0.0,0.0,0.5,0.29999999999999993,1.0426192319911209e-16,0.19999999999999998
2019-10-01,0.0024828033357537677,0.0,0.0,0.5,0.29999999999999993,1.0426192319911209e-16,0.19999999999999998
2019-10-02,0.00457554386314056,0.0,0.0,0.5,0.29999999999999993,1.0426192319911209e-16,0.19999999999999998
2019-10-03,0.005846368528035372,0.0,0.0,0.5,0.29999999999999993,1.0426192319911209e-16,0.19999999999999998
2019-10-04,0.003543181716116784,0.0,0.0,0.5,0.29999999999999993,1.0426192319911209e-16,0.19999999999999998
2019-10-07,-0.006331258418880514,0.0,0.0,0.5,0.29999999999999993,1.0426192319911209e-16,0.19999999999999998
2019-10-08,0.004265591317641213,0.0,0.0,0.5,0.29999999999999993,1.0426192319911209e-16,0.19999999999999998
2019-10-09,-0.0026972136126747087,0.0,0.0,0.5,0.29999999999999993,1.0426192319911209e-16,0.19999999999999998
2019-10-10,-0.010879883286753654,0.0,0.0,0.5,0.29999999999999993,1.0426192319911209e-16,0.19999999999999998
2019-10-11,-0.008593102887350188,0.0,0.0,0.5,0.29999999999999993,1.0426192319911209e-16,0.19999999999999998
2019-10-14,0.0054276414409663,0.0,0.0,0.5,0.29999999999999993,1.0426192319911209e-16,0.19999999999999998
2019-10-15,-0.008729918122377233,0.0,0.0,0.5,0.29999999999999993,1.0426192319911209e-16,0.19999999999999998
2019-10-16,0.0018051588321514214,0.0,0.0,0.5,0.29999999999999993,1.0426192319911209e-16,0.19999999999999998
2019-10-17,-0.0015352379298536598,0.0,0.0,0.5,0.29999999999999993,1.0426192319911209e-16,0.19999999999999998
2019-10-18,-0.001070493588220212,0.0,0.0,0.5,0.29999999999999993,1.0426192319911209e-16,0.19999999999999998
2019-10-21,-0.005041728907304765,0.0,0.0,0.5,0.29999999999999993,1.0426192319911209e-16,0.19999999999999998
2019-10-22,0.0042549503091720686,0.0,0.0,0.5,0.29999999999999993,1.0426192319911209e-16,0.19999999999999998
2019-10-23,0.0011337271616720184,0.0,0.0,0.5,0.29999999999999993,1.0426192319911209e-16,0.19999999999999998
2019-10-24,0.0017318882543076234,0.0,0.0,0.5,0.29999999999999993,1.0426192319911209e-16,0.19999999999999998
2019-10-25,-0.0015181580391849796,0.0,0.0,0.5,0.29999999999999993,1.0426192319911209e-16,0.19999999999999998
2019-10-28,-0.007277940538846174,0.0,0.0,0.5,0.29999999999999993,1.0426192319911209e-16,0.19999999999999998
2019-10-29,-0.0005787906697437345,0.0,0.0,0.5,0.29999999999999993,1.0426192319911209e-16,0.19999999999999998
2019-10-30,0.00851485996272525,0.0,0.0,0.5,0.29999999999999993,1.0426192319911209e-16,0.19999999999999998
2019-10-31,0.009369239078540545,0.0,0.0,0.5,0.29999999999999993,1.0426192319911209e-16,0.19999999999999998
2019-11-01,-0.001340551533498598,0.0,0.0,0.5,0.29999999999999993,1.0426192319911209e-16,0.19999999999999998
2019-11-04,-0.0066911919623366175,0.0,0.0,0.5,0.29999999999999993,1.0426192319911209e-16,0.19999999999999998
2019-11-05,-0.009727599463463674,0.0,0.0,0.5,0.29999999999999993,1.0426192319911209e-16,0.19999999999999998
2019-11-06,0.004312952843429895,0.0,0.0,0.5,0.29999999999999993,1.0426192319911209e-16,0.19999999999999998
2019-11-07,-0.013267657322075965,0.0,0.0,0.5,0.29999999999999993,1.0426192319911209e-16,0.19999999999999998
2019-11-08,-0.0035660318393537106,0.0,0.0,0.5,0.29999999999999993,1.0426192319911209e-16,0.19999999999999998
2019-11-11,-0.0006843356184800371,0.0,0.0,0.5,0.29999999999999993,1.0426192319911209e-16,0.19999999999999998
2019-11-12,0.00340397412585931,0.0,0.0,0.5,0.29999999999999993,1.0426192319911209e-16,0.19999999999999998
2019-11-13,0.00437079473782347,0.0,0.0,0.5,0.29999999999999993,1.0426192319911209e-16,0.19999999999999998
2019-11-14,0.006277004013849894,0.0,0.0,0.5,0.29999999999999993,1.0426192319911209e-16,0.19999999999999998
2019-11-15,-0.0017482709303036732,0.0,0.0,0.5,0.29999999999999993,1.0426192319911209e-16,0.19999999999999998
2019-11-18,0.0014245165395365008,0.0,0.0,0.5,0.29999999999999993,1.0426192319911209e-16,0.19999999999999998
2019-11-19,0.00454206636940335,0.0,0.0,0.5,0.29999999999999993,1.0426192319911209e-16,0.19999999999999998
2019-11-20,0.0053253389403303845,0.0,0.0,0.5,0.29999999999999993,1.0426192319911209e-16,0.19999999999999998
2019-11-21,-0.0044738745699694025,0.0,0.0,0.5,0.29999999999999993,1.0426192319911209e-16,0.19999999999999998
2019-11-22,0.0006751044646778663,0.0,0.0,0.5,0.29999999999999993,1.0426192319911209e-16,0.19999999999999998
2019-11-25,0.00017645102968567622,0.0,0.0,0.5,0.29999999999999993,1.0426192319911209e-16,0.19999999999999998
2019-11-26,0.004143673609278121,0.0,0.0,0.5,0.29999999999999993,1.0426192319911209e-16,0.19999999999999998
2019-11-27,-0.002744916376808204,0.0,0.0,0.5,0.29999999999999993,1.0426192319911209e-16,0.19999999999999998
2019-11-29,0.0005723997931401164,0.0,0.0,0.5,0.29999999999999993,1.0426192319911209e-16,0.19999999999999998
2019-12-02,-0.007636322479562251,0.0,0.0,0.5,0.29999999999999993,1.0426192319911209e-16,0.19999999999999998
2019-12-03,0.013133762160132623,0.0,0.0,0.5,0.29999999999999993,1.0426192319911209e-16,0.19999999999999998
2019-12-04,-0.0056266405303916425,0.0,0.0,0.5,0.29999999999999993,1.0426192319911209e-16,0.19999999999999998
2019-12-05,-0.0027080612011083915,0.0,0.0,0.5,0.29999999999999993,1.0426192319911209e-16,0.19999999999999998
2019-12-06,-0.004995978910244235,0.0,0.0,0.5,0.29999999999999993,1.0426192319911209e-16,0.19999999999999998
2019-12-09,0.0007729366445612728,0.0,0.0,0.5,0.29999999999999993,1.0426192319911209e-16,0.19999999999999998
2019-12-10,0.0006619906566187831,0.0,0.0,0.5,0.29999999999999993,1.0426192319911209e-16,0.19999999999999998
2019-12-11,0.005247786291029243,0.0,0.0,0.5,0.29999999999999993,1.0426192319911209e-16,0.19999999999999998
2019-12-12,-0.008986590480429634,0.0,0.0,0.5,0.29999999999999993,1.0426192319911209e-16,0.19999999999999998
2019-12-13,0.007127355751669052,0.0,0.0,0.5,0.29999999999999993,1.0426192319911209e-16,0.19999999999999998
2019-12-16,-0.0048915954910957226,0.0,0.0,0.5,0.29999999999999993,1.0426192319911209e-16,0.19999999999999998
2019-12-17,-0.0003784141389581375,0.0,0.0,0.5,0.29999999999999993,1.0426192319911209e-16,0.19999999999999998
2019-12-18,-0.003709237935580378,0.0,0.0,0.5,0.29999999999999993,1.0426192319911209e-16,0.19999999999999998
2019-12-19,0.0015768834389483068,0.0,0.0,0.5,0.29999999999999993,1.0426192319911209e-16,0.19999999999999998
2019-12-20,0.001634436682165495,0.0,0.0,0.5,0.29999999999999993,1.0426192319911209e-16,0.19999999999999998
2019-12-23,8.642034522257126e-05,0.0,0.0,0.5,0.29999999999999993,1.0426192319911209e-16,0.19999999999999998
2019-12-24,0.0042583982198642675,0.0,0.0,0.5,0.29999999999999993,1.0426192319911209e-16,0.19999999999999998
2019-12-26,0.0032584867833003635,0.0,0.0,0.5,0.29999999999999993,1.0426192319911209e-16,0.19999999999999998
2019-12-27,-0.0005500259022355623,0.0,0.0,0.5,0.29999999999999993,1.0426192319911209e-16,0.19999999999999998
2019-12-30,-0.00157152793377241,0.0,0.0,0.5,0.29999999999999993,1.0426192319911209e-16,0.19999999999999998
2019-12-31,-0.0048667825012252315,0.0,0.0,0.5,0.29999999999999993,1.0426192319911209e-16,0.19999999999999998
2020-01-02,0.008543956331819102,0.0,0.0,0.5,0.29999999999999993,1.0426192319911209e-16,0.19999999999999998
2020-01-03,0.011910879025310874,0.0,0.0,0.5,0.29999999999999993,1.0426192319911209e-16,0.19999999999999998
2020-01-06,-0.00015224216952510828,0.0,0.0,0.5,0.29999999999999993,1.0426192319911209e-16,0.19999999999999998
2020-01-07,-0.0005861084143869663,0.0,0.0,0.5,0.29999999999999993,1.0426192319911209e-16,0.19999999999999998
2020-01-08,-0.005019760369196772,0.0,0.0,0.5,0.29999999999999993,1.0426192319911209e-16,0.19999999999999998
2020-01-09,0.00044177133171437936,0.0,0.0,0.5,0.29999999999999993,1.0426192319911209e-16,0.19999999999999998
2020-01-10,0.006100703710886756,0.0,0.0,0.5,0.29999999999999993,1.0426192319911209e-16,0.19999999999999998
2020-01-13,-0.0037427800753100384,0.0,0.0,0.5,0.29999999999999993,1.0426192319911209e-16,0.19999999999999998
2020-01-14,0.002380844229063429,0.0,0.0,0.5,0.29999999999999993,1.0426192319911209e-16,0.19999999999999998
2020-01-15,0.0047611864873871685,0.0,0.0,0.5,0.29999999999999993,1.0426192319911209e-16,0.19999999999999998
2020-01-16,-0.0017406689061934646,0.0,0.0,0.5,0.29999999999999993,1.0426192319911209e-16,0.19999999999999998
2020-01-17,-0.0030343943673021624,0.0,0.0,0.5,0.29999999999999993,1.0426192319911209e-16,0.19999999999999998
2020-01-21,0.005428232122421672,0.0,0.0,0.5,0.29999999999999993,1.0426192319911209e-16,0.19999999999999998
2020-01-22,0.0017067899801818747,0.0,0.0,0.5,0.29999999999999993,1.0426192319911209e-16,0.19999999999999998
2020-01-23,0.004708283235317088,0.0,0.0,0.5,0.29999999999999993,1.0426192319911209e-16,0.19999999999999998
2020-01-24,0.006101512126798879,0.0,0.0,0.5,0.29999999999999993,1.0426192319911209e-16,0.19999999999999998
2020-01-27,0.010127926157590303,0.0,0.0,0.5,0.29999999999999993,1.0426192319911209e-16,0.19999999999999998
2020-01-28,-0.006593603364168152,0.0,0.0,0.5,0.29999999999999993,1.0426192319911209e-16,0.19999999999999998
2020-01-29,0.006817565678240366,0.0,0.0,0.5,0.29999999999999993,1.0426192319911209e-16,0.19999999999999998
2020-01-30,-0.0005150512454609631,0.0,0.0,0.5,0.29999999999999993,1.0426192319911209e-16,0.19999999999999998
2020-01-31,0.005469070626056612,0.0,0.0,0.5,0.29999999999999993,1.0426192319911209e-16,0.19999999999999998
2020-02-03,-0.0013644626206475805,0.0,0.0,0.5,0.29999999999999993,1.0426192319911209e-16,0.19999999999999998
2020-02-04,-0.01033322978260176,0.0,0.0,0.5,0.29999999999999993,1.0426192319911209e-16,0.19999999999999998
2020-02-05,-0.004342725485118002,0.0,0.0,0.5,0.29999999999999993,1.0426192319911209e-16,0.19999999999999998
2020-02-06,0.004246689427314765,0.0,0.0,0.5,0.29999999999999993,1.0426192319911209e-16,0.19999999999999998
2020-02-07,0.00748388598084637,0.0,0.0,0.5,0.29999999999999993,1.0426192319911209e-16,0.19999999999999998
2020-02-10,0.002456314445706041,0.0,0.0,0.5,0.29999999999999993,1.0426192319911209e-16,0.19999999999999998
2020-02-11,-0.0037774991285220647,0.0,0.0,0.5,0.29999999999999993,1.0426192319911209e-16,0.19999999999999998
2020-02-12,-0.002252122407758913,0.0,0.0,0.5,0.29999999999999993,1.0426192319911209e-16,0.19999999999999998
2020-02-13,0.003850826357349701,0.0,0.0,0.5,0.29999999999999993,1.0426192319911209e-16,0.19999999999999998
2020-02-14,0.0033674767049426185,0.0,0.0,0.5,0.29999999999999993,1.0426192319911209e-16,0.19999999999999998
2020-02-18,0.008017501340712595,0.0,0.0,0.5,0.29999999999999993,1.0426192319911209e-16,0.19999999999999998
2020-02-19,0.002087232602266988,0.0,0.0,0.5,0.29999999999999993,1.0426192319911209e-16,0.19999999999999998
2020-02-20,0.00573682334815624,0.0,0.0,0.5,0.29999999999999993,1.0426192319911209e-16,0.19999999999999998
2020-02-21,0.007992126713420976,0.0,0.0,0.5,0.29999999999999993,1.0426192319911209e-16,0.19999999999999998
2020-02-24,0.010234430712885583,0.0,0.0,0.5,0.29999999999999993,1.0426192319911209e-16,0.19999999999999998
2020-02-25,-0.0032960801368791003,0.0,0.0,0.5,0.29999999999999993,1.0426192319911209e-16,0.19999999999999998
2020-02-26,-0.0011875726139795731,0.0,0.0,0.5,0.29999999999999993,1.0426192319911209e-16,0.19999999999999998
2020-02-27,0.004287642286008992,0.0,0.0,0.5,0.29999999999999993,1.0426192319911209e-16,0.19999999999999998
2020-02-28,-0.0003322823342716847,0.0,0.0,0.5,0.29999999999999993,1.0426192319911209e-16,0.19999999999999998
2020-03-02,-0.0030761770712077925,0.0,0.0,0.5,0.29999999999999993,1.0426192319911209e-16,0.19999999999999998
2020-03-03,0.01635926967687402,0.0,0.0,0.5,0.29999999999999993,1.0426192319911209e-16,0.19999999999999998
2020-03-04,-0.004098148676589475,0.0,0.0,0.5,0.29999999999999993,1.0426192319911209e-16,0.19999999999999998
2020-03-05,0.017409710071290323,0.0,0.0,0.5,0.29999999999999993,1.0426192319911209e-16,0.19999999999999998
2020-03-06,0.024989339397532263,0.0,0.0,0.5,0.29999999999999993,1.0426192319911209e-16,0.19999999999999998
2020-03-09,0.011894971969005947,0.0,0.0,0.5,0.29999999999999993,1.0426192319911209e-16,0.19999999999999998
2020-03-10,-0.029007346799905433,0.0,0.0,0.5,0.29999999999999993,1.0426192319911209e-16,0.19999999999999998
2020-03-11,-0.01916031422501086,0.0,0.0,0.5,0.29999999999999993,1.0426192319911209e-16,0.19999999999999998
2020-03-12,-0.006727465829971127,0.0,0.0,0.5,0.29999999999999993,1.0426192319911209e-16,0.19999999999999998
2020-03-13,-0.012891996852248535,0.0,0.0,0.5,0.29999999999999993,1.0426192319911209e-16,0.19999999999999998
2020-03-16,0.022534980703384985,0.0,0.0,0.5,0.29999999999999993,1.0426192319911209e-16,0.19999999999999998
2020-03-17,-0.025735846309385878,0.0,0.0,0.5,0.29999999999999993,1.0426192319911209e-16,0.19999999999999998
2020-03-18,-0.031149177422410274,0.0,0.0,0.5,0.29999999999999993,1.0426192319911209e-16,0.19999999999999998
2020-03-19,0.012678742847369445,0.0,0.0,0.5,0.29999999999999993,1.0426192319911209e-16,0.19999999999999998
2020-03-20,0.0415267510121402,0.0,0.0,0.5,0.29999999999999993,1.0426192319911209e-16,0.19999999999999998
2020-03-23,0.03357311547039494,0.0,0.0,0.5,0.29999999999999993,1.0426192319911209e-16,0.19999999999999998
2020-03-24,0.0029634859015850046,0.0,0.0,0.5,0.29999999999999993,1.0426192319911209e-16,0.19999999999999998
2020-03-25,-0.007123031180393876,0.0,0.0,0.5,0.29999999999999993,1.0426192319911209e-16,0.19999999999999998
2020-03-26,0.003094811673749692,0.0,0.0,0.5,0.29999999999999993,1.0426192319911209e-16,0.19999999999999998
2020-03-27,0.009775685669453076,0.0,0.0,0.5,0.29999999999999993,1.0426192319911209e-16,0.19999999999999998
2020-03-30,-0.0018965288463910824,0.0,0.0,0.5,0.29999999999999993,1.0426192319911209e-16,0.19999999999999998
2020-03-31,-0.013761340494202565,0.0,0.0,0.5,0.29999999999999993,1.0426192319911209e-16,0.19999999999999998
2020-04-01,0.011109098758042692,0.0,0.0,0.5,0.29999999999999993,1.0426192319911209e-16,0.19999999999999998
2020-04-02,0.009128048879645061,0.0,0.0,0.5,0.29999999999999993,1.0426192319911209e-16,0.19999999999999998
2020-04-03,0.003776473081561409,0.0,0.0,0.5,0.29999999999999993,1.0426192319911209e-16,0.19999999999999998
2020-04-06,0.007080812584736131,0.0,0.0,0.5,0.29999999999999993,1.0426192319911209e-16,0.19999999999999998
2020-04-07,-0.008673844653112312,0.0,0.0,0.5,0.29999999999999993,1.0426192319911209e-16,0.19999999999999998
2020-04-08,-0.005571137697035438,0.0,0.0,0.5,0.29999999999999993,1.0426192319911209e-16,0.19999999999999998
2020-04-09,0.0072720308094716,0.0,0.0,0.5,0.29999999999999993,1.0426192319911209e-16,0.19999999999999998
2020-04-13,0.00028064639439898467,0.0,0.0,0.5,0.29999999999999993,1.0426192319911209e-16,0.19999999999999998
2020-04-14,0.001123684230709881,0.0,0.0,0.5,0.29999999999999993,1.0426192319911209e-16,0.19999999999999998
2020-04-15,0.013208427048457932,0.0,0.0,0.5,0.29999999999999993,1.0426192319911209e-16,0.19999999999999998
2020-04-16,0.0063090999850964535,0.0,0.0,0.5,0.29999999999999993,1.0426192319911209e-16,0.19999999999999998
2020-04-17,-0.013044488762341658,0.0,0.0,0.5,0.29999999999999993,1.0426192319911209e-16,0.19999999999999998
2020-04-20,0.006826777590120169,0.0,0.0,0.5,0.29999999999999993,1.0426192319911209e-16,0.19999999999999998
2020-04-21,0.0045436425597252545,0.0,0.0,0.5,0.29999999999999993,1.0426192319911209e-16,0.19999999999999998
2020-04-22,0.0013822730924400884,0.0,0.0,0.5,0.29999999999999993,1.0426192319911209e-16,0.19999999999999998
2020-04-23,0.005714119852633353,0.0,0.0,0.5,0.29999999999999993,1.0426192319911209e-16,0.19999999999999998
2020-04-24,-0.0005530491083603286,0.0,0.0,0.5,0.29999999999999993,1.0426192319911209e-16,0.19999999999999998
2020-04-27,-0.011814117551002406,0.0,0.0,0.5,0.29999999999999993,1.0426192319911209e-16,0.19999999999999998
2020-04-28,0.004197276210765064,0.0,0.0,0.5,0.29999999999999993,1.0426192319911209e-16,0.19999999999999998
2020-04-29,-0.0017470946612987257,0.0,0.0,0.5,0.29999999999999993,1.0426192319911209e-16,0.19999999999999998
2020-04-30,-0.012534687151561912,0.0,0.0,0.5,0.29999999999999993,1.0426192319911209e-16,0.19999999999999998
2020-05-01,0.006357024052721469,0.0,0.0,0.5,0.29999999999999993,1.0426192319911209e-16,0.19999999999999998
2020-05-04,-0.00018190145663434377,0.0,0.0,0.5,0.29999999999999993,1.0426192319911209e-16,0.19999999999999998
2020-05-05,-0.001779964677242953,0.0,0.0,0.5,0.29999999999999993,1.0426192319911209e-16,0.19999999999999998
2020-05-06,-0.010960972482291978,0.0,0.0,0.5,0.29999999999999993,1.0426192319911209e-16,0.19999999999999998
2020-05-07,0.012368337257570979,0.0,0.0,0.5,0.29999999999999993,1.0426192319911209e-16,0.19999999999999998
2020-05-08,-0.008377755832517103,0.0,0.0,0.5,0.29999999999999993,1.0426192319911209e-16,0.19999999999999998
2020-05-11,-0.005033181268201959,0.0,0.0,0.5,0.29999999999999993,1.0426192319911209e-16,0.19999999999999998
2020-05-12,0.005930419049467938,0.0,0.0,0.5,0.29999999999999993,1.0426192319911209e-16,0.19999999999999998
2020-05-13,0.00675427000601738,0.0,0.0,0.5,0.29999999999999993,1.0426192319911209e-16,0.19999999999999998
2020-05-14,0.007769750044103477,0.0,0.0,0.5,0.29999999999999993,1.0426192319911209e-16,0.19999999999999998
2020-05-15,0.0005544372195707954,0.0,0.0,0.5,0.29999999999999993,1.0426192319911209e-16,0.19999999999999998
2020-05-18,-0.014865354380484454,0.0,0.0,0.5,0.29999999999999993,1.0426192319911209e-16,0.19999999999999998
2020-05-19,0.004617360203265286,0.0,0.0,0.5,0.29999999999999993,1.0426192319911209e-16,0.19999999999999998
2020-05-20,0.0015411053810026314,0.0,0.0,0.5,0.29999999999999993,1.0426192319911209e-16,0.19999999999999998
2020-05-21,-0.0026772520344820077,0.0,0.0,0.5,0.29999999999999993,1.0426192319911209e-16,0.19999999999999998
2020-05-22,0.005377624420512079,0.0,0.0,0.5,0.29999999999999993,1.0426192319911209e-16,0.19999999999999998
2020-05-26,-0.012451297583400144,0.0,0.0,0.5,0.29999999999999993,1.0426192319911209e-16,0.19999999999999998
2020-05-27,-0.00045243419935810114,0.0,0.0,0.5,0.29999999999999993,1.0426192319911209e-16,0.19999999999999998
2020-05-28,-0.001880401688932609,0.0,0.0,0.5,0.29999999999999993,1.0426192319911209e-16,0.19999999999999998
2020-05-29,0.005477779211617964,0.0,0.0,0.5,0.29999999999999993,1.0426192319911209e-16,0.19999999999999998
2020-06-01,-0.0031128586527833222,0.0,0.0,0.5,0.29999999999999993,1.0426192319911209e-16,0.19999999999999998
2020-06-02,-0.00398781605928545,0.0,0.0,0.5,0.29999999999999993,1.0426192319911209e-16,0.19999999999999998
2020-06-03,-0.013394883876900562,0.0,0.0,0.5,0.29999999999999993,1.0426192319911209e-16,0.19999999999999998
2020-06-04,-0.004843290438961954,0.0,0.0,0.5,0.29999999999999993,1.0426192319911209e-16,0.19999999999999998
2020-06-05,-0.009262027889592477,0.0,0.0,0.5,0.29999999999999993,1.0426192319911209e-16,0.19999999999999998
2020-06-08,0.0046342043826244714,0.0,0.0,0.5,0.29999999999999993,1.0426192319911209e-16,0.19999999999999998
2020-06-09,0.007959837910585276,0.0,0.0,0.5,0.29999999999999993,1.0426192319911209e-16,0.19999999999999998
2020-06-10,0.01071337283836473,0.0,0.0,0.5,0.29999999999999993,1.0426192319911209e-16,0.19999999999999998
2020-06-11,0.009291873851191661,0.0,0.0,0.5,0.29999999999999993,1.0426192319911209e-16,0.19999999999999998
2020-06-12,-0.0038611728022942544,0.0,0.0,0.5,0.29999999999999993,1.0426192319911209e-16,0.19999999999999998
2020-06-15,-0.0010956064959271126,0.0,0.0,0.5,0.29999999999999993,1.0426192319911209e-16,0.19999999999999998
2020-06-16,-0.007202812847837268,0.0,0.0,0.5,0.29999999999999993,1.0426192319911209e-16,0.19999999999999998
2020-06-17,0.0027898338256306925,0.0,0.0,0.5,0.29999999999999993,1.0426192319911209e-16,0.19999999999999998
2020-06-18,0.0054650489634518375,0.0,0.0,0.5,0.29999999999999993,1.0426192319911209e-16,0.19999999999999998
2020-06-19,0.00393820316122997,0.0,0.0,0.5,0.29999999999999993,1.0426192319911209e-16,0.19999999999999998
2020-06-22,0.0009387023187906764,0.0,0.0,0.5,0.29999999999999993,1.0426192319911209e-16,0.19999999999999998
2020-06-23,-0.0015772114784308629,0.0,0.0,0.5,0.29999999999999993,1.0426192319911209e-16,0.19999999999999998
2020-06-24,0.005234902391551084,0.0,0.0,0.5,0.29999999999999993,1.0426192319911209e-16,0.19999999999999998
2020-06-25,0.0015657869836085772,0.0,0.0,0.5,0.29999999999999993,1.0426192319911209e-16,0.19999999999999998
2020-06-26,0.006994207933505467,0.0,0.0,0.5,0.29999999999999993,1.0426192319911209e-16,0.19999999999999998
2020-06-29,-0.0013350136902866426,0.0,0.0,0.5,0.29999999999999993,1.0426192319911209e-16,0.19999999999999998
2020-06-30,-0.0013998277124287483,0.0,0.0,0.5,0.29999999999999993,1.0426192319911209e-16,0.19999999999999998
2020-07-01,-0.0027711579864551734,0.0,0.0,0.5,0.29999999999999993,1.0426192319911209e-16,0.19999999999999998
2020-07-02,0.001320542020943695,0.0,0.0,0.5,0.29999999999999993,1.0426192319911209e-16,0.19999999999999998
2020-07-06,-0.0013163669020556875,0.0,0.0,0.5,0.29999999999999993,1.0426192319911209e-16,0.19999999999999998
2020-07-07,0.009379939632475763,0.0,0.0,0.5,0.29999999999999993,1.0426192319911209e-16,0.19999999999999998
2020-07-08,-0.001202594105860332,0.0,0.0,0.5,0.29999999999999993,1.0426192319911209e-16,0.19999999999999998
2020-07-09,0.007840562430261874,0.0,0.0,0.5,0.29999999999999993,1.0426192319911209e-16,0.19999999999999998
2020-07-10,-0.003596523087865919,0.0,0.0,0.5,0.29999999999999993,1.0426192319911209e-16,0.19999999999999998
2020-07-13,0.001719313895397521,0.0,0.0,0.5,0.29999999999999993,1.0426192319911209e-16,0.19999999999999998
2020-07-14,0.00177526691341754,0.0035524900440547604,0.0035524900440547487,0.49644750995594533,0.29999999999999993,0.0,0.19999999999999998
2020-07-15,-0.0025579021341604904,0.0,0.0035524900440547487,0.49644750995594533,0.29999999999999993,0.0,0.19999999999999998
2020-07-16,0.0002040277277692232,0.0,0.0035524900440547487,0.49644750995594533,0.29999999999999993,0.0,0.19999999999999998
2020-07-17,0.0005974000308244421,0.0,0.0035524900440547487,0.49644750995594533,0.29999999999999993,0.0,0.19999999999999998
2020-07-20,0.0023867296555561963,0.0,0.0035524900440547487,0.49644750995594533,0.29999999999999993,0.0,0.19999999999999998
2020-07-21,0.002696631532335,0.008444319613926991,0.011996809657981732,0.48800319034201833,0.29999999999999993,0.0,0.19999999999999998
2020-07-22,0.005543467782027883,0.0,0.011996809657981732,0.48800319034201833,0.29999999999999993,0.0,0.19999999999999998
2020-07-23,0.007815240589158294,0.0,0.011996809657981732,0.48800319034201833,0.29999999999999993,0.0,0.19999999999999998
2020-07-24,0.0016085153901532546,0.0,0.011996809657981732,0.48800319034201833,0.29999999999999993,0.0,0.19999999999999998
2020-07-27,0.002712162850430919,0.0,0.011996809657981732,0.48800319034201833,0.29999999999999993,0.0,0.19999999999999998
2020-07-28,0.00604793226056656,0.005322143912703218,0.017318953570684976,0.48268104642931514,0.29999999999999993,6.441140913728478e-19,0.19999999999999998
2020-07-29,0.0006972404690609891,0.0,0.017318953570684976,0.48268104642931514,0.29999999999999993,6.441140913728478e-19,0.19999999999999998
2020-07-30,0.00010576657591550341,0.0,0.017318953570684976,0.48268104642931514,0.29999999999999993,6.441140913728478e-19,0.19999999999999998
2020-07-31,0.0037468520414621976,0.0,0.017318953570684976,0.48268104642931514,0.29999999999999993,6.441140913728478e-19,0.19999999999999998
2020-08-03,-0.0019700166345792123,0.0,0.017318953570684976,0.48268104642931514,0.29999999999999993,6.441140913728478e-19,0.19999999999999998
2020-08-04,0.010313450448140048,0.004523107568279616,0.021842061138964593,0.4781579388610355,0.29999999999999993,0.0,0.19999999999999998
2020-08-05,-0.0021331726662702347,0.0,0.021842061138964593,0.4781579388610355,0.29999999999999993,0.0,0.19999999999999998
2020-08-06,0.006799232387916914,0.0,0.021842061138964593,0.4781579388610355,0.29999999999999993,0.0,0.19999999999999998
2020-08-07,-0.006741085604094708,0.0,0.021842061138964593,0.4781579388610355,0.29999999999999993,0.0,0.19999999999999998
2020-08-10,-0.0027945560471005267,0.0,0.021842061138964593,0.4781579388610355,0.29999999999999993,0.0,0.19999999999999998
2020-08-11,-0.021637040827055743,0.004905150044153546,0.026747211183118062,0.473252788816882,0.3,0.0,0.2
2020-08-12,-0.005964757431058713,0.0,0.026747211183118062,0.473252788816882,0.3,0.0,0.2
2020-08-13,0.0018996184231716657,0.0,0.026747211183118062,0.473252788816882,0.3,0.0,0.2
2020-08-14,-0.003458093159388195,0.0,0.026747211183118062,0.473252788816882,0.3,0.0,0.2
2020-08-17,0.006908409963733477,0.0,0.026747211183118062,0.473252788816882,0.3,0.0,0.2
2020-08-18,0.004996953037250966,0.006218862900385504,0.032966074083503535,0.46703392591649645,0.3,2.9801946015361694e-19,0.2
2020-08-19,-0.010921915142047609,0.0,0.032966074083503535,0.46703392591649645,0.3,2.9801946015361694e-19,0.2
2020-08-20,0.00584115738318138,0.0,0.032966074083503535,0.46703392591649645,0.3,2.9801946015361694e-19,0.2
2020-08-21,0.0014702242796171805,0.0,0.032966074083503535,0.46703392591649645,0.3,2.9801946015361694e-19,0.2
2020-08-24,-0.0018046509737177099,0.0,0.032966074083503535,0.46703392591649645,0.3,2.9801946015361694e-19,0.2
2020-08-25,-0.003755772654603351,0.004703079193594011,0.037669153277097585,0.4623308467229025,0.3,3.4134565384430846e-19,0.2
2020-08-26,0.0019124937795799305,0.0,0.037669153277097585,0.4623308467229025,0.3,3.4134565384430846e-19,0.2
2020-08-27,-0.011011009970372212,0.0,0.037669153277097585,0.4623308467229025,0.3,3.4134565384430846e-19,0.2
2020-08-28,0.0035217241362953825,0.0,0.037669153277097585,0.4623308467229025,0.3,3.4134565384430846e-19,0.2
2020-08-31,0.0034091312783079203,0.0,0.037669153277097585,0.4623308467229025,0.3,3.4134565384430846e-19,0.2
2020-09-01,0.006389251978628527,0.006085390318689314,0.04375454359578689,0.45624545640421316,0.3,1.9823738634430413e-19,0.2
2020-09-02,0.001758344928758461,0.0,0.04375454359578689,0.45624545640421316,0.3,1.9823738634430413e-19,0.2
2020-09-03,-0.002560660166813636,0.0,0.04375454359578689,0.45624545640421316,0.3,1.9823738634430413e-19,0.2
2020-09-04,-0.007873214121426067,0.0,0.04375454359578689,0.45624545640421316,0.3,1.9823738634430413e-19,0.2
2020-09-08,0.002066137334973586,0.0,0.04375454359578689,0.45624545640421316,0.3,1.9823738634430413e-19,0.2
2020-09-09,0.002257800617584305,0.0010894359632594476,0.04484397955904634,0.4551560204409537,0.3,0.0,0.2
2020-09-10,0.0009648866925583521,0.0,0.04484397955904634,0.4551560204409537,0.3,0.0,0.2
2020-09-11,0.0005805260990725886,0.0,0.04484397955904634,0.4551560204409537,0.3,0.0,0.2
2020-09-14,0.002454217160567919,0.0,0.04484397955904634,0.4551560204409537,0.3,0.0,0.2
2020-09-15,-0.0014392459921514253,0.0,0.04484397955904634,0.4551560204409537,0.3,0.0,0.2
2020-09-16,-0.00044974330975345884,0.0016907779986326706,0.04653475755767903,0.45346524244232106,0.3,0.0,0.2
2020-09-17,-0.0013853219974318362,0.0,0.04653475755767903,0.45346524244232106,0.3,0.0,0.2
2020-09-18,-0.0013123004581544735,0.0,0.04653475755767903,0.45346524244232106,0.3,0.0,0.2
2020-09-21,-0.0028094094066011457,0.0,0.04653475755767903,0.45346524244232106,0.3,0.0,0.2
2020-09-22,-0.0006269288332933513,0.0,0.04653475755767903,0.45346524244232106,0.3,0.0,0.2
2020-09-23,-0.005850380108209338,0.0,0.04653475755767903,0.45346524244232106,0.3,0.0,0.2
2020-09-24,0.002662711247379434,0.0,0.04653475755767903,0.45346524244232106,0.3,0.0,0.2
2020-09-25,0.0004467576713568929,0.0,0.04653475755767903,0.45346524244232106,0.3,0.0,0.2
2020-09-28,0.0018742183775658182,0.0,0.04653475755767903,0.45346524244232106,0.3,0.0,0.2
2020-09-29,0.0018572230853342387,0.0,0.04653475755767903,0.45346524244232106,0.3,0.0,0.2
2020-09-30,-0.0057953382398059075,0.0,0.04653475755767903,0.45346524244232106,0.3,0.0,0.2
2020-10-01,0.0034075991292759366,0.0,0.04653475755767903,0.45346524244232106,0.3,0.0,0.2
2020-10-02,-0.0019298058841483155,0.0,0.04653475755767903,0.45346524244232106,0.3,0.0,0.2
2020-10-05,-0.007440127776800967,0.0,0.04653475755767903,0.45346524244232106,0.3,0.0,0.2
2020-10-06,-0.0011918192910178194,0.0,0.04653475755767903,0.45346524244232106,0.3,0.0,0.2
2020-10-07,-0.00286910392997546,0.0,0.04653475755767903,0.45346524244232106,0.3,0.0,0.2
2020-10-08,0.003848512239318032,0.0,0.04653475755767903,0.45346524244232106,0.3,0.0,0.2
2020-10-09,0.004592538583396784,0.0,0.04653475755767903,0.45346524244232106,0.3,0.0,0.2
2020-10-12,0.001093075549082394,0.0,0.04653475755767903,0.45346524244232106,0.3,0.0,0.2
2020-10-13,-0.0005803406103809805,0.0,0.04653475755767903,0.45346524244232106,0.3,0.0,0.2
2020-10-14,0.0011981711538569457,0.0,0.04653475755767903,0.45346524244232106,0.3,0.0,0.2
2020-10-15,0.001205650342266402,0.0,0.04653475755767903,0.45346524244232106,0.3,0.0,0.2
2020-10-16,-0.002565378810698762,0.0,0.04653475755767903,0.45346524244232106,0.3,0.0,0.2
2020-10-19,-0.0029026213304948283,0.0,0.04653475755767903,0.45346524244232106,0.3,0.0,0.2
2020-10-20,-0.0033174814639068103,0.0,0.04653475755767903,0.45346524244232106,0.3,0.0,0.2
2020-10-21,-0.00042927236946660756,0.0,0.04653475755767903,0.45346524244232106,0.3,0.0,0.2
2020-10-22,-0.006599751212335605,0.0,0.04653475755767903,0.45346524244232106,0.3,0.0,0.2
2020-10-23,0.002133080485572481,0.0,0.04653475755767903,0.45346524244232106,0.3,0.0,0.2
2020-10-26,0.003926263742464641,0.0,0.04653475755767903,0.45346524244232106,0.3,0.0,0.2
2020-10-27,0.003273860166941123,0.0,0.04653475755767903,0.45346524244232106,0.3,0.0,0.2
2020-10-28,-0.004733932671692066,0.0,0.04653475755767903,0.45346524244232106,0.3,0.0,0.2
2020-10-29,-0.0043799624704384185,0.0,0.04653475755767903,0.45346524244232106,0.3,0.0,0.2
2020-10-30,-0.0033537836482707183,0.0,0.04653475755767903,0.45346524244232106,0.3,0.0,0.2
2020-11-02,0.007066278396187474,0.0,0.04653475755767903,0.45346524244232106,0.3,0.0,0.2
2020-11-03,-0.0012084886890418793,0.0,0.04653475755767903,0.45346524244232106,0.3,0.0,0.2
2020-11-04,0.010392470280096716,0.0,0.04653475755767903,0.45346524244232106,0.3,0.0,0.2
2020-11-05,0.006687317387756826,0.0,0.04653475755767903,0.45346524244232106,0.3,0.0,0.2
2020-11-06,-0.005784460691004913,0.0,0.04653475755767903,0.45346524244232106,0.3,0.0,0.2
2020-11-09,-0.020940555612141885,0.0,0.04653475755767903,0.45346524244232106,0.3,0.0,0.2
2020-11-10,-0.0016896722240605272,0.0,0.04653475755767903,0.45346524244232106,0.3,0.0,0.2
2020-11-11,0.0009239450366714745,0.0,0.04653475755767903,0.45346524244232106,0.3,0.0,0.2
2020-11-12,0.009083850420506315,0.0,0.04653475755767903,0.45346524244232106,0.3,0.0,0.2
2020-11-13,0.0016902236184491637,0.0,0.04653475755767903,0.45346524244232106,0.3,0.0,0.2
2020-11-16,-0.001005238934555869,0.0,0.04653475755767903,0.45346524244232106,0.3,0.0,0.2
2020-11-17,0.0012887242347345634,0.0,0.04653475755767903,0.45346524244232106,0.3,0.0,0.2
2020-11-18,-0.0008827883429253778,0.0,0.04653475755767903,0.45346524244232106,0.3,0.0,0.2
2020-11-19,0.0016452587064859359,0.0,0.04653475755767903,0.45346524244232106,0.3,0.0,0.2
2020-11-20,0.004852734725000678,0.0,0.04653475755767903,0.45346524244232106,0.3,0.0,0.2
2020-11-23,-0.007386143932567914,0.0,0.04653475755767903,0.45346524244232106,0.3,0.0,0.2
2020-11-24,-0.009322555821866947,0.0,0.04653475755767903,0.45346524244232106,0.3,0.0,0.2
2020-11-25,-0.0019313553850044726,0.0,0.04653475755767903,0.45346524244232106,0.3,0.0,0.2
2020-11-27,0.0010833728234621995,0.0,0.04653475755767903,0.45346524244232106,0.3,0.0,0.2
2020-11-30,-0.0022899315035555573,0.0,0.04653475755767903,0.45346524244232106,0.3,0.0,0.2
2020-12-01,-0.0016319292963677748,0.0,0.04653475755767903,0.45346524244232106,0.3,0.0,0.2
2020-12-02,-0.0014884600536847802,0.0,0.04653475755767903,0.45346524244232106,0.3,0.0,0.2
2020-12-03,0.004947975609163191,0.0,0.04653475755767903,0.45346524244232106,0.3,0.0,0.2
2020-12-04,-0.0068547198593569055,0.0,0.04653475755767903,0.45346524244232106,0.3,0.0,0.2
2020-12-07,0.008796163661256216,0.0,0.04653475755767903,0.45346524244232106,0.3,0.0,0.2
2020-12-08,0.00357002306867617,0.0,0.04653475755767903,0.45346524244232106,0.3,0.0,0.2
2020-12-09,-0.006962477209213802,0.0,0.04653475755767903,0.45346524244232106,0.3,0.0,0.2
2020-12-10,0.0028599123814322,0.0,0.04653475755767903,0.45346524244232106,0.3,0.0,0.2
2020-12-11,0.002598274286310466,0.0,0.04653475755767903,0.45346524244232106,0.3,0.0,0.2
2020-12-14,-0.003687676687116547,0.0,0.04653475755767903,0.45346524244232106,0.3,0.0,0.2
2020-12-15,0.002654444226668975,0.0,0.04653475755767903,0.45346524244232106,0.3,0.0,0.2
2020-12-16,0.0002756207523606346,0.0,0.04653475755767903,0.45346524244232106,0.3,0.0,0.2
2020-12-17,0.0011491522705176739,0.0,0.04653475755767903,0.45346524244232106,0.3,0.0,0.2
2020-12-18,-0.0018066332655160236,0.0,0.04653475755767903,0.45346524244232106,0.3,0.0,0.2
2020-12-21,0.0010922282439559206,0.0,0.04653475755767903,0.45346524244232106,0.3,0.0,0.2
2020-12-22,0.0009602888846032068,0.0,0.04653475755767903,0.45346524244232106,0.3,0.0,0.2
2020-12-23,-0.001996851160935672,0.0,0.04653475755767903,0.45346524244232106,0.3,0.0,0.2
2020-12-24,0.0033351763389198215,0.0,0.04653475755767903,0.45346524244232106,0.3,0.0,0.2
2020-12-28,-0.0004870013777643751,0.0,0.04653475755767903,0.45346524244232106,0.3,0.0,0.2
2020-12-29,-0.00022938391541482044,0.0,0.04653475755767903,0.45346524244232106,0.3,0.0,0.2
2020-12-30,0.0025199446645216787,0.0,0.04653475755767903,0.45346524244232106,0.3,0.0,0.2
2020-12-31,0.0025920060359455803,0.0,0.04653475755767903,0.45346524244232106,0.3,0.0,0.2
2021-01-04,0.00566286400364562,0.0,0.04653475755767903,0.45346524244232106,0.3,0.0,0.2
2021-01-05,-0.0033129392019999515,0.0,0.04653475755767903,0.45346524244232106,0.3,0.0,0.2
2021-01-06,-0.014151697860956988,0.0,0.04653475755767903,0.45346524244232106,0.3,0.0,0.2
2021-01-07,-0.0028437133611962924,0.0,0.04653475755767903,0.45346524244232106,0.3,0.0,0.2
2021-01-08,-0.011131146100360716,0.0,0.04653475755767903,0.45346524244232106,0.3,0.0,0.2
2021-01-11,-0.00041536023043606707,0.0,0.04653475755767903,0.45346524244232106,0.3,0.0,0.2
2021-01-12,0.0005271166838694181,0.0,0.04653475755767903,0.45346524244232106,0.3,0.0,0.2
2021-01-13,0.0045987265186568285,0.0,0.04653475755767903,0.45346524244232106,0.3,0.0,0.2
2021-01-14,-0.004976994707314147,0.0,0.04653475755767903,0.45346524244232106,0.3,0.0,0.2
2021-01-15,-0.0009464752114334615,0.0,0.04653475755767903,0.45346524244232106,0.3,0.0,0.2
2021-01-19,0.0037986958967774227,0.0,0.04653475755767903,0.45346524244232106,0.3,0.0,0.2
2021-01-20,0.005893377504754066,0.0,0.04653475755767903,0.45346524244232106,0.3,0.0,0.2
2021-01-21,-0.00422975927709145,0.0,0.04653475755767903,0.45346524244232106,0.3,0.0,0.2
2021-01-22,-0.0006473419220723417,0.0,0.04653475755767903,0.45346524244232106,0.3,0.0,0.2
2021-01-25,0.006033100771762312,0.0,0.04653475755767903,0.45346524244232106,0.3,0.0,0.2
2021-01-26,-0.002243849457313519,0.0,0.04653475755767903,0.45346524244232106,0.3,0.0,0.2
2021-01-27,-0.000650543119913151,0.0,0.04653475755767903,0.45346524244232106,0.3,0.0,0.2
2021-01-28,-0.002318984371916238,0.0,0.04653475755767903,0.45346524244232106,0.3,0.0,0.2
2021-01-29,-0.0035352109898230174,0.0,0.04653475755767903,0.45346524244232106,0.3,0.0,0.2
2021-02-01,0.00509861868761512,0.0,0.04653475755767903,0.45346524244232106,0.3,0.0,0.2
2021-02-02,-0.005671601846660971,0.0,0.04653475755767903,0.45346524244232106,0.3,0.0,0.2
2021-02-03,-0.004521714427301334,0.0,0.04653475755767903,0.45346524244232106,0.3,0.0,0.2
2021-02-04,-0.006246180362453233,0.0,0.04653475755767903,0.45346524244232106,0.3,0.0,0.2
2021-02-05,-0.001787392353441583,0.0,0.04653475755767903,0.45346524244232106,0.3,0.0,0.2
2021-02-08,0.005266965831227221,0.0,0.04653475755767903,0.45346524244232106,0.3,0.0,0.2
2021-02-09,0.0002236361909207403,0.0,0.04653475755767903,0.45346524244232106,0.3,0.0,0.2
2021-02-10,0.004013349761173585,0.0,0.04653475755767903,0.45346524244232106,0.3,0.0,0.2
2021-02-11,-0.005095009377154498,0.0,0.04653475755767903,0.45346524244232106,0.3,0.0,0.2
2021-02-12,-0.006149043656980327,0.0,0.04653475755767903,0.45346524244232106,0.3,0.0,0.2
2021-02-16,-0.011251262488856318,0.0,0.04653475755767903,0.45346524244232106,0.3,0.0,0.2
2021-02-17,0.00030467138996490917,0.0,0.04653475755767903,0.45346524244232106,0.3,0.0,0.2
2021-02-18,-0.0027047492242065602,0.0,0.04653475755767903,0.45346524244232106,0.3,0.0,0.2
2021-02-19,-0.005356654738546003,0.0,0.04653475755767903,0.45346524244232106,0.3,0.0,0.2
2021-02-22,0.00010820514815801027,0.0,0.04653475755767903,0.45346524244232106,0.3,0.0,0.2
2021-02-23,-0.0017766807234126528,0.0,0.04653475755767903,0.45346524244232106,0.3,0.0,0.2
2021-02-24,-0.0030040676871050977,0.0,0.04653475755767903,0.45346524244232106,0.3,0.0,0.2
2021-02-25,-0.013512000261682987,0.0,0.04653475755767903,0.45346524244232106,0.3,0.0,0.2
2021-02-26,0.008975281362616501,0.0,0.04653475755767903,0.45346524244232106,0.3,0.0,0.2
2021-03-01,-0.005217025161124336,0.0,0.04653475755767903,0.45346524244232106,0.3,0.0,0.2
2021-03-02,0.0005699807636516432,0.0,0.04653475755767903,0.45346524244232106,0.3,0.0,0.2
2021-03-03,-0.00826860581327031,0.0,0.04653475755767903,0.45346524244232106,0.3,0.0,0.2
2021-03-04,-0.005146292322716923,0.0,0.04653475755767903,0.45346524244232106,0.3,0.0,0.2
2021-03-05,0.002657132883733338,0.0,0.04653475755767903,0.45346524244232106,0.3,0.0,0.2
2021-03-08,-0.005737494273847834,0.0,0.04653475755767903,0.45346524244232106,0.3,0.0,0.2
2021-03-09,0.012205624334399244,0.0,0.04653475755767903,0.45346524244232106,0.3,0.0,0.2
2021-03-10,0.002404787541224744,0.0,0.04653475755767903,0.45346524244232106,0.3,0.0,0.2
2021-03-11,-0.004029339794703631,0.0,0.04653475755767903,0.45346524244232106,0.3,0.0,0.2
2021-03-12,-0.008966134171812969,0.0,0.04653475755767903,0.45346524244232106,0.3,0.0,0.2
2021-03-15,0.004667750315452058,0.0,0.04653475755767903,0.45346524244232106,0.3,0.0,0.2
2021-03-16,-0.0016035344704070193,0.0,0.04653475755767903,0.45346524244232106,0.3,0.0,0.2
2021-03-17,-0.0020612342570736878,0.0,0.04653475755767903,0.45346524244232106,0.3,0.0,0.2
2021-03-18,-0.005793395516657987,0.0,0.04653475755767903,0.45346524244232106,0.3,0.0,0.2
2021-03-19,0.0040599290546609245,0.0,0.04653475755767903,0.45346524244232106,0.3,0.0,0.2
2021-03-22,0.004608429681746303,0.0,0.04653475755767903,0.45346524244232106,0.3,0.0,0.2
2021-03-23,0.0027499564639496847,0.0,0.04653475755767903,0.45346524244232106,0.3,0.0,0.2
2021-03-24,0.003724578671066823,0.0,0.04653475755767903,0.45346524244232106,0.3,0.0,0.2
2021-03-25,-0.0038425483884555367,0.0,0.04653475755767903,0.45346524244232106,0.3,0.0,0.2
2021-03-26,-0.0002239867933749313,0.0,0.04653475755767903,0.45346524244232106,0.3,0.0,0.2
2021-03-29,-0.00696135332657115,0.0,0.04653475755767903,0.45346524244232106,0.3,0.0,0.2
2021-03-30,-0.0020761848464510564,0.0,0.04653475755767903,0.45346524244232106,0.3,0.0,0.2
2021-03-31,0.002049808861719254,0.0,0.04653475755767903,0.45346524244232106,0.3,0.0,0.2
2021-04-01,0.01094127260578894,0.0,0.04653475755767903,0.45346524244232106,0.3,0.0,0.2
2021-04-05,-0.0020615800834751803,0.0,0.04653475755767903,0.45346524244232106,0.3,0.0,0.2
2021-04-06,0.004980092752404054,0.0,0.04653475755767903,0.45346524244232106,0.3,0.0,0.2
2021-04-07,-0.0037086923861531403,0.0,0.04653475755767903,0.45346524244232106,0.3,0.0,0.2
2021-04-08,0.006306619718275142,0.0,0.04653475755767903,0.45346524244232106,0.3,0.0,0.2
2021-04-09,-0.0034044877522053096,0.0,0.04653475755767903,0.45346524244232106,0.3,0.0,0.2
2021-04-12,-0.0020804762424517986,0.0,0.04653475755767903,0.45346524244232106,0.3,0.0,0.2
2021-04-13,0.004936141945935379,0.0,0.04653475755767903,0.45346524244232106,0.3,0.0,0.2
2021-04-14,-0.0031456921226265472,0.0,0.04653475755767903,0.45346524244232106,0.3,0.0,0.2
2021-04-15,0.012937159167638207,0.0,0.04653475755767903,0.45346524244232106,0.3,0.0,0.2
2021-04-16,-0.001795224766863722,0.0,0.04653475755767903,0.45346524244232106,0.3,0.0,0.2
2021-04-19,-0.0034966590138898806,0.0,0.04653475755767903,0.45346524244232106,0.3,0.0,0.2
2021-04-20,0.0031426841967560582,0.0,0.04653475755767903,0.45346524244232106,0.3,0.0,0.2
2021-04-21,0.004079408842726909,0.0,0.04653475755767903,0.45346524244232106,0.3,0.0,0.2
2021-04-22,0.00017999919112192484,0.0,0.04653475755767903,0.45346524244232106,0.3,0.0,0.2
2021-04-23,-0.0028495399881450535,0.0,0.04653475755767903,0.45346524244232106,0.3,0.0,0.2
2021-04-26,0.00024310021967132486,0.0,0.04653475755767903,0.45346524244232106,0.3,0.0,0.2
2021-04-27,-0.004638966924929884,0.0,0.04653475755767903,0.45346524244232106,0.3,0.0,0.2
2021-04-28,0.00042836941118769555,0.0,0.04653475755767903,0.45346524244232106,0.3,0.0,0.2
2021-04-29,-0.0022018228287674036,0.0,0.04653475755767903,0.45346524244232106,0.3,0.0,0.2
2021-04-30,0.001373468340762919,0.0,0.04653475755767903,0.45346524244232106,0.3,0.0,0.2
2021-05-03,0.003370664388556787,0.0,0.04653475755767903,0.45346524244232106,0.3,0.0,0.2
2021-05-04,0.0014901288545311358,0.0,0.04653475755767903,0.45346524244232106,0.3,0.0,0.2
2021-05-05,0.0019236071304360378,0.0,0.04653475755767903,0.45346524244232106,0.3,0.0,0.2
2021-05-06,0.005145530345852628,0.0,0.04653475755767903,0.45346524244232106,0.3,0.0,0.2
2021-05-07,-0.0006710417496887506,0.0,0.04653475755767903,0.45346524244232106,0.3,0.0,0.2
2021-05-10,-0.004143856671915838,0.0,0.04653475755767903,0.45346524244232106,0.3,0.0,0.2
2021-05-11,-0.003094195300880495,0.0,0.04653475755767903,0.45346524244232106,0.3,0.0,0.2
2021-05-12,-0.00724933876464549,0.0,0.04653475755767903,0.45346524244232106,0.3,0.0,0.2
2021-05-13,0.002166040082065265,0.0,0.04653475755767903,0.45346524244232106,0.3,0.0,0.2
2021-05-14,0.006869845169475456,0.0,0.04653475755767903,0.45346524244232106,0.3,0.0,0.2
2021-05-17,0.0021669371432330342,0.0,0.04653475755767903,0.45346524244232106,0.3,0.0,0.2
2021-05-18,-0.0018842304321564252,0.0,0.04653475755767903,0.45346524244232106,0.3,0.0,0.2
2021-05-19,-0.0001019966106319999,0.0,0.04653475755767903,0.45346524244232106,0.3,0.0,0.2
2021-05-20,0.004612994165108441,0.0,0.04653475755767903,0.45346524244232106,0.3,0.0,0.2
2021-05-21,0.002215004195227302,0.0,0.04653475755767903,0.45346524244232106,0.3,0.0,0.2
2021-05-24,0.0021870748324571677,0.0,0.04653475755767903,0.45346524244232106,0.3,0.0,0.2
2021-05-25,0.006570752289923666,0.0,0.04653475755767903,0.45346524244232106,0.3,0.0,0.2
2021-05-26,-0.0004646112226134862,0.0,0.04653475755767903,0.45346524244232106,0.3,0.0,0.2
2021-05-27,-0.0018464566160819112,0.0,0.04653475755767903,0.45346524244232106,0.3,0.0,0.2
2021-05-28,0.0006600111506856902,0.0,0.04653475755767903,0.45346524244232106,0.3,0.0,0.2
2021-06-01,-0.0012803605813112616,0.0,0.04653475755767903,0.45346524244232106,0.3,0.0,0.2
2021-06-02,0.0025903884365574403,0.0,0.04653475755767903,0.45346524244232106,0.3,0.0,0.2
2021-06-03,-0.006507644347415565,0.0,0.04653475755767903,0.45346524244232106,0.3,0.0,0.2
2021-06-04,0.00913059729584146,0.0,0.04653475755767903,0.45346524244232106,0.3,0.0,0.2
2021-06-07,-0.0005667408315360516,0.0,0.04653475755767903,0.45346524244232106,0.3,0.0,0.2
2021-06-08,0.002516753022989799,0.0,0.04653475755767903,0.45346524244232106,0.3,0.0,0.2
2021-06-09,0.0035238494356486143,0.0,0.04653475755767903,0.45346524244232106,0.3,0.0,0.2
2021-06-10,0.004059827623526284,0.0,0.04653475755767903,0.45346524244232106,0.3,0.0,0.2
2021-06-11,-0.0030396551627438336,0.0,0.04653475755767903,0.45346524244232106,0.3,0.0,0.2
2021-06-14,-0.005291711371311767,0.0,0.04653475755767903,0.45346524244232106,0.3,0.0,0.2
2021-06-15,-0.001599872879164018,0.0,0.04653475755767903,0.45346524244232106,0.3,0.0,0.2
2021-06-16,-0.004070581306897676,0.0,0.04653475755767903,0.45346524244232106,0.3,0.0,0.2
2021-06-17,-0.0009004897305024944,0.0,0.04653475755767903,0.45346524244232106,0.3,0.0,0.2
2021-06-18,0.0068826448181688125,0.0,0.04653475755767903,0.45346524244232106,0.3,0.0,0.2
2021-06-21,-0.004218984333552223,0.0,0.04653475755767903,0.45346524244232106,0.3,0.0,0.2
2021-06-22,-0.00022522507916491975,0.0,0.04653475755767903,0.45346524244232106,0.3,0.0,0.2
2021-06-23,-0.0010984048242868106,0.0,0.04653475755767903,0.45346524244232106,0.3,0.0,0.2
2021-06-24,0.0006607002979510366,0.0,0.04653475755767903,0.45346524244232106,0.3,0.0,0.2
2021-06-25,-0.0034684113477433005,0.0,0.04653475755767903,0.45346524244232106,0.3,0.0,0.2
2021-06-28,0.004819231404849527,0.0,0.04653475755767903,0.45346524244232106,0.3,0.0,0.2
2021-06-29,-0.0018823321363937483,0.0,0.04653475755767903,0.45346524244232106,0.3,0.0,0.2
2021-06-30,0.00407995789761826,0.0,0.04653475755767903,0.45346524244232106,0.3,0.0,0.2
2021-07-01,0.001879305776865989,0.0,0.04653475755767903,0.45346524244232106,0.3,0.0,0.2
2021-07-02,0.004256262218648825,0.0,0.04653475755767903,0.45346524244232106,0.3,0.0,0.2
2021-07-06,0.00744437473034305,0.0,0.04653475755767903,0.45346524244232106,0.3,0.0,0.2
2021-07-07,0.0056452425088972125,0.0,0.04653475755767903,0.45346524244232106,0.3,0.0,0.2
2021-07-08,0.00039974283858695283,0.0,0.04653475755767903,0.45346524244232106,0.3,0.0,0.2
2021-07-09,-0.005367466920792643,0.0,0.04653475755767903,0.45346524244232106,0.3,0.0,0.2
2021-07-12,-0.0005510085128200204,0.0,0.04653475755767903,0.45346524244232106,0.3,0.0,0.2
2021-07-13,-0.002029151590326495,0.0,0.04653475755767903,0.45346524244232106,0.3,0.0,0.2
2021-07-14,0.00748623321919043,0.0,0.04653475755767903,0.45346524244232106,0.3,0.0,0.2
2021-07-15,0.005459811290879991,0.0,0.04653475755767903,0.45346524244232106,0.3,0.0,0.2
2021-07-16,-0.0038906788219341525,0.0,0.04653475755767903,0.45346524244232106,0.3,0.0,0.2
2021-07-19,0.009931692929053033,0.0,0.04653475755767903,0.45346524244232106,0.3,0.0,0.2
2021-07-20,-0.003853245905138037,0.0,0.04653475755767903,0.45346524244232106,0.3,0.0,0.2
2021-07-21,-0.006962919025609421,0.0,0.04653475755767903,0.45346524244232106,0.3,0.0,0.2
2021-07-22,0.0052113018915086705,0.0,0.04653475755767903,0.45346524244232106,0.3,0.0,0.2
2021-07-23,-0.003414707810048967,0.0,0.04653475755767903,0.45346524244232106,0.3,0.0,0.2
2021-07-26,-0.002581560216431472,0.0,0.04653475755767903,0.45346524244232106,0.3,0.0,0.2
2021-07-27,0.004804939544285908,0.0,0.04653475755767903,0.45346524244232106,0.3,0.0,0.2
2021-07-28,0.0009622254163638138,0.0,0.04653475755767903,0.45346524244232106,0.3,0.0,0.2
2021-07-29,0.0002833586283673452,0.0,0.04653475755767903,0.45346524244232106,0.3,0.0,0.2
2021-07-30,0.00010764933669898946,0.0,0.04653475755767903,0.45346524244232106,0.3,0.0,0.2
2021-08-02,0.0033337809606338777,0.0,0.04653475755767903,0.45346524244232106,0.3,0.0,0.2
2021-08-03,0.0004880356129759209,0.0,0.04653475755767903,0.45346524244232106,0.3,0.0,0.2
2021-08-04,0.001097488532827691,0.0,0.04653475755767903,0.45346524244232106,0.3,0.0,0.2
2021-08-05,-0.0032022687814312017,0.0,0.04653475755767903,0.45346524244232106,0.3,0.0,0.2
2021-08-06,-0.013864301864266241,0.0,0.04653475755767903,0.45346524244232106,0.3,0.0,0.2
2021-08-09,-0.00658388592987653,0.0,0.04653475755767903,0.45346524244232106,0.3,0.0,0.2
2021-08-10,-0.0017832651704914378,0.0,0.04653475755767903,0.45346524244232106,0.3,0.0,0.2
2021-08-11,0.0035726200318985696,0.0,0.04653475755767903,0.45346524244232106,0.3,0.0,0.2
2021-08-12,-0.0002898989207030493,0.0,0.04653475755767903,0.45346524244232106,0.3,0.0,0.2
2021-08-13,0.010584705541546776,0.0,0.04653475755767903,0.45346524244232106,0.3,0.0,0.2
2021-08-16,0.002865983899471791,0.0,0.04653475755767903,0.45346524244232106,0.3,0.0,0.2
2021-08-17,0.00026940732131143226,0.0,0.04653475755767903,0.45346524244232106,0.3,0.0,0.2
2021-08-18,0.0012476400797610066,0.0,0.04653475755767903,0.45346524244232106,0.3,0.0,0.2
2021-08-19,0.0034908566308873316,0.0,0.04653475755767903,0.45346524244232106,0.3,0.0,0.2
2021-08-20,0.0005953073638231103,0.0,0.04653475755767903,0.45346524244232106,0.3,0.0,0.2
2021-08-23,0.0025670096728054536,0.0,0.04653475755767903,0.45346524244232106,0.3,0.0,0.2
2021-08-24,-0.0037549650340776915,0.0,0.04653475755767903,0.45346524244232106,0.3,0.0,0.2
2021-08-25,-0.005910637658980046,0.0,0.04653475755767903,0.45346524244232106,0.3,0.0,0.2
2021-08-26,0.0018831885321381218,0.0,0.04653475755767903,0.45346524244232106,0.3,0.0,0.2
2021-08-27,0.007129889926797748,0.0,0.04653475755767903,0.45346524244232106,0.3,0.0,0.2
2021-08-30,-9.262947039938361e-05,0.0,0.04653475755767903,0.45346524244232106,0.3,0.0,0.2
2021-08-31,-0.0025532994148408216,0.0,0.04653475755767903,0.45346524244232106,0.3,0.0,0.2
2021-09-01,0.000400194394459923,0.0,0.04653475755767903,0.45346524244232106,0.3,0.0,0.2
2021-09-02,0.0008444270501813643,0.0,0.04653475755767903,0.45346524244232106,0.3,0.0,0.2
2021-09-03,-0.0013307998782541917,0.0,0.04653475755767903,0.45346524244232106,0.3,0.0,0.2
2021-09-07,-0.008896389506822071,0.0,0.04653475755767903,0.45346524244232106,0.3,0.0,0.2
2021-09-08,0.002600228272120233,0.0,0.04653475755767903,0.45346524244232106,0.3,0.0,0.2
2021-09-09,0.006132637554056905,0.0,0.04653475755767903,0.45346524244232106,0.3,0.0,0.2
2021-09-10,-0.00556004853681821,0.0,0.04653475755767903,0.45346524244232106,0.3,0.0,0.2
2021-09-13,0.0038743536227779105,0.0,0.04653475755767903,0.45346524244232106,0.3,0.0,0.2
2021-09-14,0.007177745017798691,0.0,0.04653475755767903,0.45346524244232106,0.3,0.0,0.2
2021-09-15,-0.0033632820481908077,0.0,0.04653475755767903,0.45346524244232106,0.3,0.0,0.2
2021-09-16,-0.008057751380948023,0.0,0.04653475755767903,0.45346524244232106,0.3,0.0,0.2
2021-09-17,-0.0023849584724695144,0.0,0.04653475755767903,0.45346524244232106,0.3,0.0,0.2
2021-09-20,0.007071135746530835,0.0,0.04653475755767903,0.45346524244232106,0.3,0.0,0.2
2021-09-21,0.0014062964843418084,0.0,0.04653475755767903,0.45346524244232106,0.3,0.0,0.2
2021-09-22,0.0025984572726778436,0.0,0.04653475755767903,0.45346524244232106,0.3,0.0,0.2
2021-09-23,-0.013942952113054963,0.0,0.04653475755767903,0.45346524244232106,0.3,0.0,0.2
2021-09-24,-0.0041799474023173815,0.0,0.04653475755767903,0.45346524244232106,0.3,0.0,0.2
2021-09-27,-0.0009361260164705767,0.0,0.04653475755767903,0.45346524244232106,0.3,0.0,0.2
2021-09-28,-0.010198398767026592,0.0,0.04653475755767903,0.45346524244232106,0.3,0.0,0.2
2021-09-29,0.0009439476850825333,0.0,0.04653475755767903,0.45346524244232106,0.3,0.0,0.2
2021-09-30,0.004445896559972689,0.0,0.04653475755767903,0.45346524244232106,0.3,0.0,0.2
2021-10-01,0.004649775479453462,0.0,0.04653475755767903,0.45346524244232106,0.3,0.0,0.2
2021-10-04,-0.0009841724321675005,0.0,0.04653475755767903,0.45346524244232106,0.3,0.0,0.2
2021-10-05,-0.004894530546655454,0.0,0.04653475755767903,0.45346524244232106,0.3,0.0,0.2
2021-10-06,0.004108382652194905,0.0,0.04653475755767903,0.45346524244232106,0.3,0.0,0.2
2021-10-07,-0.006000496348186442,0.0,0.04653475755767903,0.45346524244232106,0.3,0.0,0.2
2021-10-08,-0.0032887371293682808,0.0,0.04653475755767903,0.45346524244232106,0.3,0.0,0.2
2021-10-11,-0.0014998307389855522,0.0,0.04653475755767903,0.45346524244232106,0.3,0.0,0.2
2021-10-12,0.009230842173456167,0.0,0.04653475755767903,0.45346524244232106,0.3,0.0,0.2
2021-10-13,0.008812371709391519,0.0,0.04653475755767903,0.45346524244232106,0.3,0.0,0.2
2021-10-14,0.003201848734271781,0.0,0.04653475755767903,0.45346524244232106,0.3,0.0,0.2
2021-10-15,-0.00729371043897254,0.0,0.04653475755767903,0.45346524244232106,0.3,0.0,0.2
2021-10-18,0.0015994753862176646,0.0,0.04653475755767903,0.45346524244232106,0.3,0.0,0.2
2021-10-19,-0.005408374022494505,0.0,0.04653475755767903,0.45346524244232106,0.3,0.0,0.2
2021-10-20,-0.0005672068320716184,0.0,0.04653475755767903,0.45346524244232106,0.3,0.0,0.2
2021-10-21,-0.00021032455047641073,0.0,0.04653475755767903,0.45346524244232106,0.3,0.0,0.2
2021-10-22,0.006383601799531612,0.0,0.04653475755767903,0.45346524244232106,0.3,0.0,0.2
2021-10-25,0.001949997119939893,0.0,0.04653475755767903,0.45346524244232106,0.3,0.0,0.2
2021-10-26,0.001969245193650242,0.0,0.04653475755767903,0.45346524244232106,0.3,0.0,0.2
2021-10-27,0.008752180459523492,0.0,0.04653475755767903,0.45346524244232106,0.3,0.0,0.2
2021-10-28,-0.0023473841192232117,0.0,0.04653475755767903,0.45346524244232106,0.3,0.0,0.2
2021-10-29,0.0005246723967687913,0.0,0.04653475755767903,0.45346524244232106,0.3,0.0,0.2
2021-11-01,-0.0022521498747297025,0.0,0.04653475755767903,0.45346524244232106,0.3,0.0,0.2
2021-11-02,0.0020327973761331474,0.0,0.04653475755767903,0.45346524244232106,0.3,0.0,0.2
2021-11-03,-0.0073720346688849565,0.0,0.04653475755767903,0.45346524244232106,0.3,0.0,0.2
2021-11-04,0.009420347970439407,0.0,0.04653475755767903,0.45346524244232106,0.3,0.0,0.2
2021-11-05,0.010704419207810945,0.0,0.04653475755767903,0.45346524244232106,0.3,0.0,0.2
2021-11-08,-0.00012890163309229024,0.0,0.04653475755767903,0.45346524244232106,0.3,0.0,0.2
2021-11-09,0.0069902836375069,0.0,0.04653475755767903,0.45346524244232106,0.3,0.0,0.2
2021-11-10,-0.003264705898217817,0.0,0.04653475755767903,0.45346524244232106,0.3,0.0,0.2
2021-11-11,0.001493760072863528,0.0,0.04653475755767903,0.45346524244232106,0.3,0.0,0.2
2021-11-12,-0.0013071738589425347,0.0,0.04653475755767903,0.45346524244232106,0.3,0.0,0.2
2021-11-15,-0.005044349226529748,0.0,0.04653475755767903,0.45346524244232106,0.3,0.0,0.2
2021-11-16,-0.0023592952949519352,0.0,0.04653475755767903,0.45346524244232106,0.3,0.0,0.2
2021-11-17,0.005833398219999552,0.0,0.04653475755767903,0.45346524244232106,0.3,0.0,0.2
2021-11-18,0.0003556873206219267,0.0,0.04653475755767903,0.45346524244232106,0.3,0.0,0.2
2021-11-19,0.003425164389617877,0.0,0.04653475755767903,0.45346524244232106,0.3,0.0,0.2
2021-11-22,-0.011165724930451162,0.0,0.04653475755767903,0.45346524244232106,0.3,0.0,0.2
2021-11-23,-0.009168006239557127,0.0,0.04653475755767903,0.45346524244232106,0.3,0.0,0.2
2021-11-24,0.007890734791580149,0.0,0.04653475755767903,0.45346524244232106,0.3,0.0,0.2
2021-11-26,0.00839609320928218,0.0,0.04653475755767903,0.45346524244232106,0.3,0.0,0.2
2021-11-29,-0.0030997844285885166,0.0,0.04653475755767903,0.45346524244232106,0.3,0.0,0.2
2021-11-30,0.0030419737377358953,0.0,0.04653475755767903,0.45346524244232106,0.3,0.0,0.2
2021-12-01,0.0040218763538712385,0.0,0.04653475755767903,0.45346524244232106,0.3,0.0,0.2
2021-12-02,-0.00030527623969160657,0.0,0.04653475755767903,0.45346524244232106,0.3,0.0,0.2
2021-12-03,0.007452111572708597,0.0,0.04653475755767903,0.45346524244232106,0.3,0.0,0.2
2021-12-06,-0.006105148454944789,0.0,0.04653475755767903,0.45346524244232106,0.3,0.0,0.2
2021-12-07,-0.0015588981167132046,0.0,0.04653475755767903,0.45346524244232106,0.3,0.0,0.2
2021-12-08,-0.008482577112685977,0.0,0.04653475755767903,0.45346524244232106,0.3,0.0,0.2
2021-12-09,0.0010893729340193448,0.0,0.04653475755767903,0.45346524244232106,0.3,0.0,0.2
2021-12-10,0.0002997150453821155,0.0,0.04653475755767903,0.45346524244232106,0.3,0.0,0.2
2021-12-13,0.0076670282672356115,0.0,0.04653475755767903,0.45346524244232106,0.3,0.0,0.2
2021-12-14,-0.0038159844673790076,0.0,0.04653475755767903,0.45346524244232106,0.3,0.0,0.2
2021-12-15,-0.0026577017548081593,0.0,0.04653475755767903,0.45346524244232106,0.3,0.0,0.2
2021-12-16,0.0025438168868871652,0.0,0.04653475755767903,0.45346524244232106,0.3,0.0,0.2
2021-12-17,0.005400216906593953,0.0,0.04653475755767903,0.45346524244232106,0.3,0.0,0.2
2021-12-20,-0.005392952113864366,0.0,0.04653475755767903,0.45346524244232106,0.3,0.0,0.2
2021-12-21,-0.0012580196198740872,0.0,0.04653475755767903,0.45346524244232106,0.3,0.0,0.2
2021-12-22,0.004610001599765726,0.0,0.04653475755767903,0.45346524244232106,0.3,0.0,0.2
2021-12-23,-0.0031242353965845325,0.0,0.04653475755767903,0.45346524244232106,0.3,0.0,0.2
2021-12-27,0.0025455523285087636,0.0,0.04653475755767903,0.45346524244232106,0.3,0.0,0.2
2021-12-28,-0.0028951056274538808,0.0,0.04653475755767903,0.45346524244232106,0.3,0.0,0.2
2021-12-29,-0.005526554727610485,0.0,0.04653475755767903,0.45346524244232106,0.3,0.0,0.2
2021-12-30,0.006138742621582751,0.0,0.04653475755767903,0.45346524244232106,0.3,0.0,0.2
2021-12-31,0.0019665461405303274,0.0,0.04653475755767903,0.45346524244232106,0.3,0.0,0.2
2022-01-03,-0.015000578018567755,0.0,0.04653475755767903,0.45346524244232106,0.3,0.0,0.2
2022-01-04,0.0004638100886224304,0.0,0.04653475755767903,0.45346524244232106,0.3,0.0,0.2
2022-01-05,-0.004489474449840729,0.0,0.04653475755767903,0.45346524244232106,0.3,0.0,0.2
2022-01-06,-0.0023879709403997326,0.0,0.04653475755767903,0.45346524244232106,0.3,0.0,0.2
2022-01-07,-0.00316363082826277,0.0,0.04653475755767903,0.45346524244232106,0.3,0.0,0.2
2022-01-10,0.0024376688199635827,0.0,0.04653475755767903,0.45346524244232106,0.3,0.0,0.2
2022-01-11,0.006208511421982375,0.0,0.04653475755767903,0.45346524244232106,0.3,0.0,0.2
2022-01-12,-0.002146285414890642,0.0,0.04653475755767903,0.45346524244232106,0.3,0.0,0.2
2022-01-13,0.0022880620341090467,0.0,0.04653475755767903,0.45346524244232106,0.3,0.0,0.2
2022-01-14,-0.0071458778066595795,0.0,0.04653475755767903,0.45346524244232106,0.3,0.0,0.2
2022-01-18,-0.006446709092515682,0.0,0.04653475755767903,0.45346524244232106,0.3,0.0,0.2
2022-01-19,0.006952927751918121,0.0,0.04653475755767903,0.45346524244232106,0.3,0.0,0.2
2022-01-20,0.002156964943789309,0.0,0.04653475755767903,0.45346524244232106,0.3,0.0,0.2
2022-01-21,0.0029615669974001274,0.0,0.04653475755767903,0.45346524244232106,0.3,0.0,0.2
2022-01-24,-0.0012545656430388013,0.0,0.04653475755767903,0.45346524244232106,0.3,0.0,0.2
2022-01-25,-0.00026338364660457436,0.0,0.04653475755767903,0.45346524244232106,0.3,0.0,0.2
2022-01-26,-0.009361402925026484,0.0,0.04653475755767903,0.45346524244232106,0.3,0.0,0.2
2022-01-27,0.005930615028669047,0.0,0.04653475755767903,0.45346524244232106,0.3,0.0,0.2
2022-01-28,0.0003423637498141225,0.0,0.04653475755767903,0.45346524244232106,0.3,0.0,0.2
2022-01-31,-0.0011108064796502169,0.0,0.04653475755767903,0.45346524244232106,0.3,0.0,0.2
2022-02-01,-0.0014823549306852415,0.0,0.04653475755767903,0.45346524244232106,0.3,0.0,0.2
2022-02-02,0.0023005943412756063,0.0,0.04653475755767903,0.45346524244232106,0.3,0.0,0.2
2022-02-03,-0.006071660652244361,0.0,0.04653475755767903,0.45346524244232106,0.3,0.0,0.2
2022-02-04,-0.006160177418107087,0.0,0.04653475755767903,0.45346524244232106,0.3,0.0,0.2
2022-02-07,0.0024435218846125826,0.0,0.04653475755767903,0.45346524244232106,0.3,0.0,0.2
2022-02-08,-0.0014190307943367211,0.0,0.04653475755767903,0.45346524244232106,0.3,0.0,0.2
2022-02-09,0.0023197555283854957,0.0,0.04653475755767903,0.45346524244232106,0.3,0.0,0.2
2022-02-10,-0.00886890082096337,0.0,0.04653475755767903,0.45346524244232106,0.3,0.0,0.2
2022-02-11,0.012381839473569647,0.0,0.04653475755767903,0.45346524244232106,0.3,0.0,0.2
2022-02-14,-0.0036441225261001375,0.0,0.04653475755767903,0.45346524244232106,0.3,0.0,0.2
2022-02-15,-0.008023118466684132,0.0,0.04653475755767903,0.45346524244232106,0.3,0.0,0.2
2022-02-16,0.005435828972266367,0.0,0.04653475755767903,0.45346524244232106,0.3,0.0,0.2
2022-02-17,0.006557416819532466,0.0,0.04653475755767903,0.45346524244232106,0.3,0.0,0.2
2022-02-18,0.004798175594137317,0.0,0.04653475755767903,0.45346524244232106,0.3,0.0,0.2
2022-02-22,0.0013859744664948403,0.0,0.04653475755767903,0.45346524244232106,0.3,0.0,0.2
2022-02-23,-0.005489834210337568,0.0,0.04653475755767903,0.45346524244232106,0.3,0.0,0.2
2022-02-24,0.000694621915180136,0.0,0.04653475755767903,0.45346524244232106,0.3,0.0,0.2
2022-02-25,-0.0006421129732706694,0.0,0.04653475755767903,0.45346524244232106,0.3,0.0,0.2
2022-02-28,0.01323952064670079,0.0,0.04653475755767903,0.45346524244232106,0.3,0.0,0.2
2022-03-01,0.011528758945143262,0.0,0.04653475755767903,0.45346524244232106,0.3,0.0,0.2
2022-03-02,-0.017919975891010558,0.0,0.04653475755767903,0.45346524244232106,0.3,0.0,0.2
2022-03-03,0.006940450369319446,0.0,0.04653475755767903,0.45346524244232106,0.3,0.0,0.2
2022-03-04,0.013758435551688444,0.0,0.04653475755767903,0.45346524244232106,0.3,0.0,0.2
2022-03-07,0.0010689358226837623,0.0,0.04653475755767903,0.45346524244232106,0.3,0.0,0.2
2022-03-08,0.002916285455933515,0.0,0.04653475755767903,0.45346524244232106,0.3,0.0,0.2
2022-03-09,-0.014071456843541918,0.0,0.04653475755767903,0.45346524244232106,0.3,0.0,0.2
2022-03-10,-0.004798061819979493,0.0,0.04653475755767903,0.45346524244232106,0.3,0.0,0.2
2022-03-11,-0.00012032259798493063,0.0,0.04653475755767903,0.45346524244232106,0.3,0.0,0.2
2022-03-14,-0.015525692493571736,0.0,0.04653475755767903,0.45346524244232106,0.3,0.0,0.2
2022-03-15,-0.0056061898410323715,0.0,0.04653475755767903,0.45346524244232106,0.3,0.0,0.2
2022-03-16,0.005921803097660291,0.0,0.04653475755767903,0.45346524244232106,0.3,0.0,0.2
2022-03-17,-0.0017879311629019749,0.0,0.04653475755767903,0.45346524244232106,0.3,0.0,0.2
2022-03-18,0.003639541698283387,0.0,0.04653475755767903,0.45346524244232106,0.3,0.0,0.2
2022-03-21,-0.007459866933139539,0.0,0.04653475755767903,0.45346524244232106,0.3,0.0,0.2
2022-03-22,-0.007516293726187497,0.0,0.04653475755767903,0.45346524244232106,0.3,0.0,0.2
2022-03-23,0.013663819159575959,0.0,0.04653475755767903,0.45346524244232106,0.3,0.0,0.2
2022-03-24,-0.00044467764798077417,0.0,0.04653475755767903,0.45346524244232106,0.3,0.0,0.2
2022-03-25,-0.007216407108002827,0.0,0.04653475755767903,0.45346524244232106,0.3,0.0,0.2
2022-03-28,-0.000647370510682632,0.0,0.04653475755767903,0.45346524244232106,0.3,0.0,0.2
2022-03-29,0.00292656367234399,0.0,0.04653475755767903,0.45346524244232106,0.3,0.0,0.2
2022-03-30,0.004598547567601991,0.0,0.04653475755767903,0.45346524244232106,0.3,0.0,0.2
2022-03-31,0.0013413113077048627,0.0,0.04653475755767903,0.45346524244232106,0.3,0.0,0.2
2022-04-01,0.00025249673691045936,0.0,0.04653475755767903,0.45346524244232106,0.3,0.0,0.2
2022-04-04,-0.0003876959264027754,0.0,0.04653475755767903,0.45346524244232106,0.3,0.0,0.2
2022-04-05,-0.011653831934164867,0.0,0.04653475755767903,0.45346524244232106,0.3,0.0,0.2
2022-04-06,-0.0032824128411966086,0.0,0.04653475755767903,0.45346524244232106,0.3,0.0,0.2
2022-04-07,-0.0016699517287915057,0.0,0.04653475755767903,0.45346524244232106,0.3,0.0,0.2
2022-04-08,-0.003156173757750286,0.0,0.04653475755767903,0.45346524244232106,0.3,0.0,0.2
2022-04-11,-0.006033623480738995,0.0,0.04653475755767903,0.45346524244232106,0.3,0.0,0.2
2022-04-12,0.0021779826974766443,0.0,0.04653475755767903,0.45346524244232106,0.3,0.0,0.2
2022-04-13,0.002071202697186256,0.0,0.04653475755767903,0.45346524244232106,0.3,0.0,0.2
2022-04-14,-0.00976196578978141,0.0,0.04653475755767903,0.45346524244232106,0.3,0.0,0.2
2022-04-18,-0.00048491565035206684,0.0,0.04653475755767903,0.45346524244232106,0.3,0.0,0.2
2022-04-19,-0.006734100279238994,0.0,0.04653475755767903,0.45346524244232106,0.3,0.0,0.2
2022-04-20,0.009153028303327237,0.0,0.04653475755767903,0.45346524244232106,0.3,0.0,0.2
2022-04-21,-0.004521274782121691,0.0,0.04653475755767903,0.45346524244232106,0.3,0.0,0.2
2022-04-22,-0.005857544740219444,0.0,0.04653475755767903,0.45346524244232106,0.3,0.0,0.2
2022-04-25,0.00037479222221596057,0.0,0.04653475755767903,0.45346524244232106,0.3,0.0,0.2
2022-04-26,0.004925760467547974,0.0,0.04653475755767903,0.45346524244232106,0.3,0.0,0.2
2022-04-27,-0.006709236124939365,0.0,0.04653475755767903,0.45346524244232106,0.3,0.0,0.2
2022-04-28,0.004633253102171581,0.0,0.04653475755767903,0.45346524244232106,0.3,0.0,0.2
2022-04-29,-0.00843126443935192,0.0,0.04653475755767903,0.45346524244232106,0.3,0.0,0.2
2022-05-02,-0.012126754388734621,0.0,0.04653475755767903,0.45346524244232106,0.3,0.0,0.2
2022-05-03,0.00370436118404646,0.0,0.04653475755767903,0.45346524244232106,0.3,0.0,0.2
2022-05-04,0.005199436385062224,0.0,0.04653475755767903,0.45346524244232106,0.3,0.0,0.2
2022-05-05,-0.013544480148298548,0.0,0.04653475755767903,0.45346524244232106,0.3,0.0,0.2
2022-05-06,-0.006101465619611416,0.0,0.04653475755767903,0.45346524244232106,0.3,0.0,0.2
2022-05-09,-0.001772306953351825,0.0,0.04653475755767903,0.45346524244232106,0.3,0.0,0.2
2022-05-10,0.002119484839274808,0.0,0.04653475755767903,0.45346524244232106,0.3,0.0,0.2
2022-05-11,0.01066627589204289,0.0,0.04653475755767903,0.45346524244232106,0.3,0.0,0.2
2022-05-12,-0.003768644317518246,0.0,0.04653475755767903,0.45346524244232106,0.3,0.0,0.2
2022-05-13,-0.00859328667216083,0.0,0.04653475755767903,0.45346524244232106,0.3,0.0,0.2
2022-05-16,0.0014170096586965562,0.0,0.04653475755767903,0.45346524244232106,0.3,0.0,0.2
2022-05-17,-0.008057080900654486,0.0,0.04653475755767903,0.45346524244232106,0.3,0.0,0.2
2022-05-18,0.008963613697156224,0.0,0.04653475755767903,0.45346524244232106,0.3,0.0,0.2
2022-05-19,0.0031217042703914795,0.0,0.04653475755767903,0.45346524244232106,0.3,0.0,0.2
2022-05-20,0.005813355362645308,0.0,0.04653475755767903,0.45346524244232106,0.3,0.0,0.2
2022-05-23,-0.007011198952852239,0.0,0.04653475755767903,0.45346524244232106,0.3,0.0,0.2
2022-05-24,0.010262764578191294,0.0,0.04653475755767903,0.45346524244232106,0.3,0.0,0.2
2022-05-25,0.0011303327759632172,0.0,0.04653475755767903,0.45346524244232106,0.3,0.0,0.2
2022-05-26,-0.002335887329859902,0.0,0.04653475755767903,0.45346524244232106,0.3,0.0,0.2
2022-05-27,0.001964680689499228,0.0,0.04653475755767903,0.45346524244232106,0.3,0.0,0.2
2022-05-31,-0.012456982850579355,0.0,0.04653475755767903,0.45346524244232106,0.3,0.0,0.2
2022-06-01,0.0025593178397319955,0.0,0.04653475755767903,0.45346524244232106,0.3,0.0,0.2
2022-06-02,0.003062718647785302,0.0,0.04653475755767903,0.45346524244232106,0.3,0.0,0.2
2022-06-03,-0.003901449863752021,0.0,0.04653475755767903,0.45346524244232106,0.3,0.0,0.2
2022-06-06,-0.009103328794965988,0.0,0.04653475755767903,0.45346524244232106,0.3,0.0,0.2
2022-06-07,0.007080080478975542,0.0,0.04653475755767903,0.45346524244232106,0.3,0.0,0.2
2022-06-08,-0.0042161238725345095,0.0,0.04653475755767903,0.45346524244232106,0.3,0.0,0.2
2022-06-09,0.0009080329115914005,0.0,0.04653475755767903,0.45346524244232106,0.3,0.0,0.2
2022-06-10,0.0014555397976077477,0.0,0.04653475755767903,0.45346524244232106,0.3,0.0,0.2
2022-06-13,-0.021979420669092885,0.0,0.04653475755767903,0.45346524244232106,0.3,0.0,0.2
2022-06-14,-0.007833799765797405,0.0,0.04653475755767903,0.45346524244232106,0.3,0.0,0.2
2022-06-15,0.011476244861173795,0.0,0.04653475755767903,0.45346524244232106,0.3,0.0,0.2
2022-06-16,0.0035001861980916817,0.0,0.04653475755767903,0.45346524244232106,0.3,0.0,0.2
2022-06-17,0.0011186351816954115,0.0,0.04653475755767903,0.45346524244232106,0.3,0.0,0.2
2022-06-21,-0.008352485668713236,0.0,0.04653475755767903,0.45346524244232106,0.3,0.0,0.2
2022-06-22,0.013294507881501832,0.0,0.04653475755767903,0.45346524244232106,0.3,0.0,0.2
2022-06-23,0.0025582237699417762,0.0,0.04653475755767903,0.45346524244232106,0.3,0.0,0.2
2022-06-24,-0.005528318847167977,0.0,0.04653475755767903,0.45346524244232106,0.3,0.0,0.2
2022-06-27,-0.004740176454466756,0.0,0.04653475755767903,0.45346524244232106,0.3,0.0,0.2
2022-06-28,0.0018217227977522584,0.0,0.04653475755767903,0.45346524244232106,0.3,0.0,0.2
2022-06-29,0.007957376591902472,0.0,0.04653475755767903,0.45346524244232106,0.3,0.0,0.2
2022-06-30,0.0011393834345358339,0.0,0.04653475755767903,0.45346524244232106,0.3,0.0,0.2
2022-07-01,0.005542113036191486,0.0,0.04653475755767903,0.45346524244232106,0.3,0.0,0.2
2022-07-05,0.00014002096726673397,0.0,0.04653475755767903,0.45346524244232106,0.3,0.0,0.2
2022-07-06,-0.011295712955313687,0.0,0.04653475755767903,0.45346524244232106,0.3,0.0,0.2
2022-07-07,-0.0030571997437658597,0.0,0.04653475755767903,0.45346524244232106,0.3,0.0,0.2
2022-07-08,-0.0050712418056808066,0.0,0.04653475755767903,0.45346524244232106,0.3,0.0,0.2
2022-07-11,0.007990115232270391,0.0,0.04653475755767903,0.45346524244232106,0.3,0.0,0.2
2022-07-12,0.0010985214615591664,0.0,0.04653475755767903,0.45346524244232106,0.3,0.0,0.2
2022-07-13,0.005976040404551386,0.0,0.04653475755767903,0.45346524244232106,0.3,0.0,0.2
2022-07-14,-0.006639385220602066,0.0,0.04653475755767903,0.45346524244232106,0.3,0.0,0.2
2022-07-15,0.0016674721697954352,0.0,0.04653475755767903,0.45346524244232106,0.3,0.0,0.2
2022-07-18,-0.005934300682595364,0.0,0.04653475755767903,0.45346524244232106,0.3,0.0,0.2
2022-07-19,-0.0017271197452698806,0.0,0.04653475755767903,0.45346524244232106,0.3,0.0,0.2
2022-07-20,-0.0007730092487723051,0.0,0.04653475755767903,0.45346524244232106,0.3,0.0,0.2
2022-07-21,0.011981709453404876,0.0,0.04653475755767903,0.45346524244232106,0.3,0.0,0.2
2022-07-22,0.007659743635612103,0.0,0.04653475755767903,0.45346524244232106,0.3,0.0,0.2
2022-07-25,-0.0054830771010714,0.0,0.04653475755767903,0.45346524244232106,0.3,0.0,0.2
2022-07-26,0.0009885943766460856,0.0,0.04653475755767903,0.45346524244232106,0.3,0.0,0.2
2022-07-27,4.128000279681517e-05,0.0,0.04653475755767903,0.45346524244232106,0.3,0.0,0.2
2022-07-28,0.007708568603868864,0.0,0.04653475755767903,0.45346524244232106,0.3,0.0,0.2
2022-07-29,-0.00048516238724845826,0.0,0.04653475755767903,0.45346524244232106,0.3,0.0,0.2
2022-08-01,0.011705673979020966,0.0,0.04653475755767903,0.45346524244232106,0.3,0.0,0.2
2022-08-02,-0.01040616955758605,0.0,0.04653475755767903,0.45346524244232106,0.3,0.0,0.2
2022-08-03,0.009164110153175295,0.0,0.04653475755767903,0.45346524244232106,0.3,0.0,0.2
2022-08-04,0.003512651985466372,0.0,0.04653475755767903,0.45346524244232106,0.3,0.0,0.2
2022-08-05,-0.01254804079223706,0.0,0.04653475755767903,0.45346524244232106,0.3,0.0,0.2
2022-08-08,0.009525834270788177,0.0,0.04653475755767903,0.45346524244232106,0.3,0.0,0.2
2022-08-09,-0.0012400897543260805,0.0,0.04653475755767903,0.45346524244232106,0.3,0.0,0.2
2022-08-10,-0.004918937673636166,0.0,0.04653475755767903,0.45346524244232106,0.3,0.0,0.2
2022-08-11,-0.011219039019685809,0.0,0.04653475755767903,0.45346524244232106,0.3,0.0,0.2
2022-08-12,0.008927337555132673,0.0,0.04653475755767903,0.45346524244232106,0.3,0.0,0.2
2022-08-15,-0.002290650726986884,0.0,0.04653475755767903,0.45346524244232106,0.3,0.0,0.2
2022-08-16,0.0013809960166341023,0.0,0.04653475755767903,0.45346524244232106,0.3,0.0,0.2
2022-08-17,-0.006722799971154457,0.0,0.04653475755767903,0.45346524244232106,0.3,0.0,0.2
2022-08-18,0.001564347915517766,0.0,0.04653475755767903,0.45346524244232106,0.3,0.0,0.2
2022-08-19,-0.008871067304953635,0.0,0.04653475755767903,0.45346524244232106,0.3,0.0,0.2
2022-08-22,-0.0028252914297493326,0.0,0.04653475755767903,0.45346524244232106,0.3,0.0,0.2
2022-08-23,-0.0013337400247718733,0.0,0.04653475755767903,0.45346524244232106,0.3,0.0,0.2
2022-08-24,-0.0021474712395924845,0.0,0.04653475755767903,0.45346524244232106,0.3,0.0,0.2
2022-08-25,0.0075513980056838795,0.0,0.04653475755767903,0.45346524244232106,0.3,0.0,0.2
2022-08-26,-0.001044860816281681,0.0,0.04653475755767903,0.45346524244232106,0.3,0.0,0.2
2022-08-29,-0.0038052524119135214,0.0,0.04653475755767903,0.45346524244232106,0.3,0.0,0.2
2022-08-30,-0.001954722021489091,0.0,0.04653475755767903,0.45346524244232106,0.3,0.0,0.2
2022-08-31,-0.007144547582794095,0.0,0.04653475755767903,0.45346524244232106,0.3,0.0,0.2
2022-09-01,-0.009006915775897292,0.0,0.04653475755767903,0.45346524244232106,0.3,0.0,0.2
2022-09-02,0.004784167226552827,0.0,0.04653475755767903,0.45346524244232106,0.3,0.0,0.2
2022-09-06,-0.012001877497948791,0.0,0.04653475755767903,0.45346524244232106,0.3,0.0,0.2
2022-09-07,0.009637002628471872,0.0,0.04653475755767903,0.45346524244232106,0.3,0.0,0.2
2022-09-08,-0.005738890993073618,0.0,0.04653475755767903,0.45346524244232106,0.3,0.0,0.2
2022-09-09,0.0018864481700473423,0.0,0.04653475755767903,0.45346524244232106,0.3,0.0,0.2
2022-09-12,-0.0027334034337850757,0.0,0.04653475755767903,0.45346524244232106,0.3,0.0,0.2
2022-09-13,-0.0021165248416423104,0.0,0.04653475755767903,0.45346524244232106,0.3,0.0,0.2
2022-09-14,0.00017393360815598155,0.0,0.04653475755767903,0.45346524244232106,0.3,0.0,0.2
2022-09-15,-0.00628965239608764,0.0,0.04653475755767903,0.45346524244232106,0.3,0.0,0.2
2022-09-16,-0.002470257196053706,0.0,0.04653475755767903,0.45346524244232106,0.3,0.0,0.2
2022-09-19,0.00151450837212667,0.0,0.04653475755767903,0.45346524244232106,0.3,0.0,0.2
2022-09-20,-0.005814189956382188,0.0,0.04653475755767903,0.45346524244232106,0.3,0.0,0.2
2022-09-21,0.010142851996984862,0.0,0.04653475755767903,0.45346524244232106,0.3,0.0,0.2
2022-09-22,-0.01188112855611847,0.0,0.04653475755767903,0.45346524244232106,0.3,0.0,0.2
2022-09-23,-0.0009613273205549217,0.0,0.04653475755767903,0.45346524244232106,0.3,0.0,0.2
2022-09-26,-0.010373545565673005,0.0,0.04653475755767903,0.45346524244232106,0.3,0.0,0.2
2022-09-27,-0.011378950829937954,0.0,0.04653475755767903,0.45346524244232106,0.3,0.0,0.2
2022-09-28,0.019726139875165798,0.0,0.04653475755767903,0.45346524244232106,0.3,0.0,0.2
2022-09-29,-0.004169989995103675,0.0,0.04653475755767903,0.45346524244232106,0.3,0.0,0.2
2022-09-30,-0.00655489685074427,0.0,0.04653475755767903,0.45346524244232106,0.3,0.0,0.2
2022-10-03,0.014798251790790782,0.0,0.04653475755767903,0.45346524244232106,0.3,0.0,0.2
2022-10-04,0.0017412885658257549,0.0,0.04653475755767903,0.45346524244232106,0.3,0.0,0.2
2022-10-05,-0.00421379085228561,0.0,0.04653475755767903,0.45346524244232106,0.3,0.0,0.2
2022-10-06,-0.0013304011652243474,0.0,0.04653475755767903,0.45346524244232106,0.3,0.0,0.2
2022-10-07,-0.008193823484040224,0.0,0.04653475755767903,0.45346524244232106,0.3,0.0,0.2
2022-10-10,-0.011107099194355121,0.0,0.04653475755767903,0.45346524244232106,0.3,0.0,0.2
2022-10-11,0.0012261048991264408,0.0,0.04653475755767903,0.45346524244232106,0.3,0.0,0.2
2022-10-12,0.0036763296133976685,0.0,0.04653475755767903,0.45346524244232106,0.3,0.0,0.2
2022-10-13,-0.006500557484740823,0.0,0.04653475755767903,0.45346524244232106,0.3,0.0,0.2
2022-10-14,-0.007150910783412496,0.0,0.04653475755767903,0.45346524244232106,0.3,0.0,0.2
2022-10-17,-0.00218506503571025,0.0,0.04653475755767903,0.45346524244232106,0.3,0.0,0.2
2022-10-18,0.0021226368621617728,0.0,0.04653475755767903,0.45346524244232106,0.3,0.0,0.2
2022-10-19,-0.011144767337158273,0.0,0.04653475755767903,0.45346524244232106,0.3,0.0,0.2
2022-10-20,-0.008484114679077583,0.0,0.04653475755767903,0.45346524244232106,0.3,0.0,0.2
2022-10-21,-0.0034058480474290723,0.0,0.04653475755767903,0.45346524244232106,0.3,0.0,0.2
2022-10-24,-0.003951943345033007,0.0,0.04653475755767903,0.45346524244232106,0.3,0.0,0.2
2022-10-25,0.012438226440669567,0.0,0.04653475755767903,0.45346524244232106,0.3,0.0,0.2
2022-10-26,0.006011831971078855,0.0,0.04653475755767903,0.45346524244232106,0.3,0.0,0.2
2022-10-27,0.005594398007484188,0.0,0.04653475755767903,0.45346524244232106,0.3,0.0,0.2
2022-10-28,-0.004736777802823442,0.0,0.04653475755767903,0.45346524244232106,0.3,0.0,0.2
2022-10-31,-0.004338099165476097,0.0,0.04653475755767903,0.45346524244232106,0.3,0.0,0.2
2022-11-01,0.007028908613989502,0.0,0.04653475755767903,0.45346524244232106,0.3,0.0,0.2
2022-11-02,-0.004361526746651131,0.0,0.04653475755767903,0.45346524244232106,0.3,0.0,0.2
2022-11-03,-0.0024101596266832056,0.0,0.04653475755767903,0.45346524244232106,0.3,0.0,0.2
2022-11-04,-0.0014897155801099054,0.0,0.04653475755767903,0.45346524244232106,0.3,0.0,0.2
2022-11-07,-0.0064074560119591365,0.0,0.04653475755767903,0.45346524244232106,0.3,0.0,0.2
2022-11-08,0.011262659496752326,0.0,0.04653475755767903,0.45346524244232106,0.3,0.0,0.2
2022-11-09,0.0005169373326783509,0.0,0.04653475755767903,0.45346524244232106,0.3,0.0,0.2
2022-11-10,0.02456574182835182,0.0,0.04653475755767903,0.45346524244232106,0.3,0.0,0.2
2022-11-11,-0.0021188802521275463,0.0,0.04653475755767903,0.45346524244232106,0.3,0.0,0.2
2022-11-14,5.616757345384927e-05,0.0,0.04653475755767903,0.45346524244232106,0.3,0.0,0.2
2022-11-15,0.008094156783766104,0.0,0.04653475755767903,0.45346524244232106,0.3,0.0,0.2
2022-11-16,0.008454193063950328,0.0,0.04653475755767903,0.45346524244232106,0.3,0.0,0.2
2022-11-17,-0.006338936868206083,0.0,0.04653475755767903,0.45346524244232106,0.3,0.0,0.2
2022-11-18,-0.004418428917540008,0.0,0.04653475755767903,0.45346524244232106,0.3,0.0,0.2
2022-11-21,0.0018005846890306835,0.0,0.04653475755767903,0.45346524244232106,0.3,0.0,0.2
2022-11-22,0.0061750928007381425,0.0,0.04653475755767903,0.45346524244232106,0.3,0.0,0.2
2022-11-23,0.007994315200315232,0.0,0.04653475755767903,0.45346524244232106,0.3,0.0,0.2
2022-11-25,-0.001289945455853201,0.0,0.04653475755767903,0.45346524244232106,0.3,0.0,0.2
2022-11-28,-0.00036611774448260664,0.0,0.04653475755767903,0.45346524244232106,0.3,0.0,0.2
2022-11-29,-0.0035677516781678384,0.0,0.04653475755767903,0.45346524244232106,0.3,0.0,0.2
2022-11-30,0.007040423266186041,0.0,0.04653475755767903,0.45346524244232106,0.3,0.0,0.2
2022-12-01,0.017520833826429275,0.0,0.04653475755767903,0.45346524244232106,0.3,0.0,0.2
2022-12-02,0.004399943574080294,0.0,0.04653475755767903,0.45346524244232106,0.3,0.0,0.2
2022-12-05,-0.010706926888708123,0.0,0.04653475755767903,0.45346524244232106,0.3,0.0,0.2
2022-12-06,0.006131532162580461,0.0,0.04653475755767903,0.45346524244232106,0.3,0.0,0.2
2022-12-07,0.012685192644108672,0.0,0.04653475755767903,0.45346524244232106,0.3,0.0,0.2
2022-12-08,-0.0012596353485938882,0.0,0.04653475755767903,0.45346524244232106,0.3,0.0,0.2
2022-12-09,-0.01065692717709644,0.0,0.04653475755767903,0.45346524244232106,0.3,0.0,0.2
2022-12-12,-0.00021621439521472287,0.0,0.04653475755767903,0.45346524244232106,0.3,0.0,0.2
2022-12-13,0.008093499530530752,0.0,0.04653475755767903,0.45346524244232106,0.3,0.0,0.2
2022-12-14,-1.5084933906780312e-05,0.0,0.04653475755767903,0.45346524244232106,0.3,0.0,0.2
2022-12-15,-0.002419682746018953,0.0,0.04653475755767903,0.45346524244232106,0.3,0.0,0.2
2022-12-16,-0.002648234590464541,0.0,0.04653475755767903,0.45346524244232106,0.3,0.0,0.2
2022-12-19,-0.008810745568559122,0.0,0.04653475755767903,0.45346524244232106,0.3,0.0,0.2
2022-12-20,-0.004363779837465661,0.0,0.04653475755767903,0.45346524244232106,0.3,0.0,0.2
2022-12-21,0.0018409028121909505,0.0,0.04653475755767903,0.45346524244232106,0.3,0.0,0.2
2022-12-22,-0.004090715976939829,0.0,0.04653475755767903,0.45346524244232106,0.3,0.0,0.2
2022-12-23,-0.005552274111244449,0.0,0.04653475755767903,0.45346524244232106,0.3,0.0,0.2
2022-12-27,-0.006692378300240066,0.0,0.04653475755767903,0.45346524244232106,0.3,0.0,0.2
2022-12-28,-0.00388672723231672,0.0,0.04653475755767903,0.45346524244232106,0.3,0.0,0.2
2022-12-29,0.006453265382403749,0.0,0.04653475755767903,0.45346524244232106,0.3,0.0,0.2
2022-12-30,-0.0044087755420109676,0.0,0.04653475755767903,0.45346524244232106,0.3,0.0,0.2
2023-01-03,0.013126645528943274,0.0,0.04653475755767903,0.45346524244232106,0.3,0.0,0.2
2023-01-04,0.008683884983056485,0.0,0.04653475755767903,0.45346524244232106,0.3,0.0,0.2
2023-01-05,-0.000514288406629813,0.0,0.04653475755767903,0.45346524244232106,0.3,0.0,0.2
2023-01-06,0.012404033981425928,0.0,0.04653475755767903,0.45346524244232106,0.3,0.0,0.2
2023-01-09,0.0018429250129114874,0.0,0.04653475755767903,0.45346524244232106,0.3,0.0,0.2
2023-01-10,-0.005931393724399224,0.0,0.04653475755767903,0.45346524244232106,0.3,0.0,0.2
2023-01-11,0.007751854609746136,0.0,0.04653475755767903,0.45346524244232106,0.3,0.0,0.2
2023-01-12,0.014109760914485552,0.20883118865905181,0.04653475755767903,0.4446340537832692,0.3,0.20883118865905173,0.0
2023-01-13,0.003996705002538174,0.0,0.04653475755767903,0.4446340537832692,0.3,0.20883118865905173,0.0
2023-01-17,-0.0025081708587810065,0.0,0.04653475755767903,0.4446340537832692,0.3,0.20883118865905173,0.0
2023-01-18,0.005199367161852698,0.0,0.04653475755767903,0.4446340537832692,0.3,0.20883118865905173,0.0
2023-01-19,0.004883235570453439,0.0,0.04653475755767903,0.4446340537832692,0.3,0.20883118865905173,0.0
2023-01-20,-0.004501688957349372,0.0,0.04653475755767903,0.4446340537832692,0.3,0.20883118865905173,0.0
2023-01-23,-0.0011120536621182606,0.0,0.04653475755767903,0.4446340537832692,0.3,0.20883118865905173,0.0
2023-01-24,0.0036909515996600964,0.0,0.04653475755767903,0.4446340537832692,0.3,0.20883118865905173,0.0
2023-01-25,0.003339453152654707,0.0,0.04653475755767903,0.4446340537832692,0.3,0.20883118865905173,0.0
2023-01-26,-0.0030296508975309958,0.0,0.04653475755767903,0.4446340537832692,0.3,0.20883118865905173,0.0
2023-01-27,-0.005643477859617565,0.0,0.04653475755767903,0.4446340537832692,0.3,0.20883118865905173,0.0
2023-01-30,-0.00718559395521281,0.0,0.04653475755767903,0.4446340537832692,0.3,0.20883118865905173,0.0
2023-01-31,0.009071058726567754,0.0,0.04653475755767903,0.4446340537832692,0.3,0.20883118865905173,0.0
2023-02-01,0.0037140101719442768,0.0,0.04653475755767903,0.4446340537832692,0.3,0.20883118865905173,0.0
2023-02-02,-0.007422081468044157,0.0,0.04653475755767903,0.4446340537832692,0.3,0.20883118865905173,0.0
2023-02-03,-0.021439071055978108,0.0,0.04653475755767903,0.4446340537832692,0.3,0.20883118865905173,0.0
2023-02-06,0.0006133873925889882,0.0,0.04653475755767903,0.4446340537832692,0.3,0.20883118865905173,0.0
2023-02-07,0.004521599676958839,0.0,0.04653475755767903,0.4446340537832692,0.3,0.20883118865905173,0.0
2023-02-08,0.005184074651204591,0.0,0.04653475755767903,0.4446340537832692,0.3,0.20883118865905173,0.0
2023-02-09,-0.00930025500010046,0.0,0.04653475755767903,0.4446340537832692,0.3,0.20883118865905173,0.0
2023-02-10,0.0017010738555446685,0.0,0.04653475755767903,0.4446340537832692,0.3,0.20883118865905173,0.0
2023-02-13,0.001658998085849389,0.0,0.04653475755767903,0.4446340537832692,0.3,0.20883118865905173,0.0
2023-02-14,-0.001119181415492745,0.0,0.04653475755767903,0.4446340537832692,0.3,0.20883118865905173,0.0
2023-02-15,-0.008127956588567053,0.0,0.04653475755767903,0.4446340537832692,0.3,0.20883118865905173,0.0
2023-02-16,-0.008910561578133015,0.0,0.04653475755767903,0.4446340537832692,0.3,0.20883118865905173,0.0
2023-02-17,-0.00012546759091867996,0.0,0.04653475755767903,0.4446340537832692,0.3,0.20883118865905173,0.0
2023-02-21,-0.011725429484955363,0.0,0.04653475755767903,0.4446340537832692,0.3,0.20883118865905173,0.0
2023-02-22,-0.003219901154031498,0.0,0.04653475755767903,0.4446340537832692,0.3,0.20883118865905173,0.0
2023-02-23,0.00912988068663411,0.0,0.04653475755767903,0.4446340537832692,0.3,0.20883118865905173,0.0
2023-02-24,-0.006171135588539101,0.0,0.04653475755767903,0.4446340537832692,0.3,0.20883118865905173,0.0
2023-02-27,0.0014682178772233373,0.20883118865905181,0.04653475755767902,0.4446340537832691,0.2999999999999999,1.1576290362033138e-16,0.2088311886590518
2023-02-28,0.003804308948811007,7.285838599102591e-17,0.046534757557679024,0.44463405378326915,0.29999999999999993,1.157629036203314e-16,0.20883118865905181
2023-03-01,-0.004325942206607452,0.0,0.046534757557679024,0.44463405378326915,0.29999999999999993,1.157629036203314e-16,0.20883118865905181
2023-03-02,-0.00264828035365142,0.0,0.046534757557679024,0.44463405378326915,0.29999999999999993,1.157629036203314e-16,0.20883118865905181
2023-03-03,0.013926670796348066,0.0,0.046534757557679024,0.44463405378326915,0.29999999999999993,1.157629036203314e-16,0.20883118865905181
2023-03-06,-0.005223462250656003,0.0,0.046534757557679024,0.44463405378326915,0.29999999999999993,1.157629036203314e-16,0.20883118865905181
2023-03-07,-0.0006450995331524281,0.0,0.046534757557679024,0.44463405378326915,0.29999999999999993,1.157629036203314e-16,0.20883118865905181
2023-03-08,0.00029762513538073314,0.0,0.046534757557679024,0.44463405378326915,0.29999999999999993,1.157629036203314e-16,0.20883118865905181
2023-03-09,0.0026041223535046096,0.0,0.046534757557679024,0.44463405378326915,0.29999999999999993,1.157629036203314e-16,0.20883118865905181
2023-03-10,0.019813328309372446,0.0,0.046534757557679024,0.44463405378326915,0.29999999999999993,1.157629036203314e-16,0.20883118865905181
2023-03-13,0.003914901741477451,0.1053135333820231,0.046534757557679024,0.44463405378326915,0.29999999999999993,0.1053135333820232,0.10351765527702872
2023-03-14,-0.013325382330765122,0.03662991779902192,0.046534757557679024,0.44463405378326915,0.29999999999999993,0.14194345118104512,0.06688773747800679
2023-03-15,0.004786809072035635,0.0,0.046534757557679024,0.44463405378326915,0.29999999999999993,0.14194345118104512,0.06688773747800679
2023-03-16,-0.002276557075442237,0.14194345118104512,0.04653475755767903,0.4446340537832692,0.3,2.4949882371318575e-17,0.20883118865905184
2023-03-17,0.01368736134974369,1.1449174941446927e-16,0.046534757557679024,0.4446340537832691,0.29999999999999993,2.494988237131857e-17,0.2088311886590518
2023-03-20,-0.004534801967454947,7.28583859910259e-17,0.04653475755767903,0.44463405378326915,0.3,2.4949882371318572e-17,0.20883118865905181
2023-03-21,-0.008946208028740367,0.0,0.04653475755767903,0.44463405378326915,0.3,2.4949882371318572e-17,0.20883118865905181
2023-03-22,0.008676837952548908,0.0,0.04653475755767903,0.44463405378326915,0.3,2.4949882371318572e-17,0.20883118865905181
2023-03-23,0.004187491520690058,0.0,0.04653475755767903,0.44463405378326915,0.3,2.4949882371318572e-17,0.20883118865905181
2023-03-24,8.433833663152191e-05,0.0,0.04653475755767903,0.44463405378326915,0.3,2.4949882371318572e-17,0.20883118865905181
2023-03-27,-0.013805376231602908,0.0,0.04653475755767903,0.44463405378326915,0.3,2.4949882371318572e-17,0.20883118865905181
2023-03-28,0.002414458344866701,0.0,0.04653475755767903,0.44463405378326915,0.3,2.4949882371318572e-17,0.20883118865905181
2023-03-29,-0.0011800021324075384,0.0,0.04653475755767903,0.44463405378326915,0.3,2.4949882371318572e-17,0.20883118865905181
2023-03-30,0.004057512420454226,0.0,0.04653475755767903,0.44463405378326915,0.3,2.4949882371318572e-17,0.20883118865905181
2023-03-31,0.006505065493532937,0.0,0.04653475755767903,0.44463405378326915,0.3,2.4949882371318572e-17,0.20883118865905181
2023-04-03,0.015029677108033145,0.18574705268432337,0.04653475755767904,0.44463405378326915,0.3,0.18574705268432343,0.023084135974728456
2023-04-04,0.007453225875361655,0.0,0.04653475755767904,0.44463405378326915,0.3,0.18574705268432343,0.023084135974728456
2023-04-05,0.0042649529537332476,0.002964949413402758,0.04653475755767904,0.44463405378326915,0.3,0.18871200209772618,0.02011918656132569
2023-04-06,-0.0007404376800792599,0.0,0.04653475755767904,0.44463405378326915,0.3,0.18871200209772618,0.02011918656132569
2023-04-10,-0.010568602529086776,0.0,0.04653475755767904,0.44463405378326915,0.3,0.18871200209772618,0.02011918656132569
2023-04-11,0.006670334375259694,0.016718494605694956,0.04653475755767903,0.44463405378326915,0.3,0.20543049670342114,0.0034006919556307524
2023-04-12,0.004731438592984685,0.0,0.04653475755767903,0.44463405378326915,0.3,0.20543049670342114,0.0034006919556307524
2023-04-13,-0.0006241306817393573,0.0,0.04653475755767903,0.44463405378326915,0.3,0.20543049670342114,0.0034006919556307524
2023-04-14,-0.008644218293468292,0.0,0.04653475755767903,0.44463405378326915,0.3,0.20543049670342114,0.0034006919556307524
2023-04-17,-0.010003195316208266,0.0,0.04653475755767903,0.44463405378326915,0.3,0.20543049670342114,0.0034006919556307524
2023-04-18,0.0026188903114901596,0.03148695309899745,0.04653475755767903,0.44463405378326915,0.33148695309899745,0.1739435436044237,0.003400691955630752
2023-04-19,-0.005527922442651243,0.0,0.04653475755767903,0.44463405378326915,0.33148695309899745,0.1739435436044237,0.003400691955630752
2023-04-20,0.0005858122105550973,0.0,0.04653475755767903,0.44463405378326915,0.33148695309899745,0.1739435436044237,0.003400691955630752
2023-04-21,-0.004174116902507096,0.0,0.04653475755767903,0.44463405378326915,0.33148695309899745,0.1739435436044237,0.003400691955630752
2023-04-24,0.007998665974675408,0.0,0.04653475755767903,0.44463405378326915,0.33148695309899745,0.1739435436044237,0.003400691955630752
2023-04-25,0.0034072216661096047,0.0,0.04653475755767903,0.44463405378326915,0.33148695309899745,0.1739435436044237,0.003400691955630752
2023-04-26,-0.012563176668845818,0.0,0.04653475755767903,0.44463405378326915,0.33148695309899745,0.1739435436044237,0.003400691955630752
2023-04-27,-0.002268692676244958,0.0,0.04653475755767903,0.44463405378326915,0.33148695309899745,0.1739435436044237,0.003400691955630752
2023-04-28,0.01213096376633119,0.0,0.04653475755767903,0.44463405378326915,0.33148695309899745,0.1739435436044237,0.003400691955630752
2023-05-01,-0.016787635772454457,0.0,0.04653475755767903,0.44463405378326915,0.33148695309899745,0.1739435436044237,0.003400691955630752
2023-05-02,0.007626861694603023,0.003400691955630696,0.04653475755767903,0.44463405378326915,0.33148695309899745,0.17734423556005435,7.047314121155779e-19
2023-05-03,0.0024487192647301274,0.1361419700750866,0.046534757557679045,0.44463405378326915,0.33148695309899745,0.04120226548496775,0.1361419700750866
2023-05-04,-0.002198413513805772,0.04120226548496777,0.04653475755767904,0.44463405378326903,0.3314869530989974,1.0078893422581166e-16,0.17734423556005433
2023-05-05,-0.006060364613080349,7.28583859910259e-17,0.046534757557679045,0.4446340537832691,0.33148695309899745,1.0078893422581167e-16,0.17734423556005435
2023-05-08,-0.005555931115306345,0.0,0.046534757557679045,0.4446340537832691,0.33148695309899745,1.0078893422581167e-16,0.17734423556005435
2023-05-09,0.0011304792900333842,0.0,0.046534757557679045,0.4446340537832691,0.33148695309899745,1.0078893422581167e-16,0.17734423556005435
2023-05-10,0.003739381104997931,0.0,0.046534757557679045,0.4446340537832691,0.33148695309899745,1.0078893422581167e-16,0.17734423556005435
2023-05-11,0.002925223933219533,0.0,0.046534757557679045,0.4446340537832691,0.33148695309899745,1.0078893422581167e-16,0.17734423556005435
2023-05-12,-0.003205790012546581,0.0,0.046534757557679045,0.4446340537832691,0.33148695309899745,1.0078893422581167e-16,0.17734423556005435
2023-05-15,-0.004239798239993427,0.0,0.046534757557679045,0.4446340537832691,0.33148695309899745,1.0078893422581167e-16,0.17734423556005435
2023-05-16,-0.0053470577881041354,0.0,0.046534757557679045,0.4446340537832691,0.33148695309899745,1.0078893422581167e-16,0.17734423556005435
2023-05-17,-0.0015636124740340267,0.0,0.046534757557679045,0.4446340537832691,0.33148695309899745,1.0078893422581167e-16,0.17734423556005435
2023-05-18,-0.005822921493839523,0.0,0.046534757557679045,0.4446340537832691,0.33148695309899745,1.0078893422581167e-16,0.17734423556005435
2023-05-19,-0.00043090365634583386,0.0,0.046534757557679045,0.4446340537832691,0.33148695309899745,1.0078893422581167e-16,0.17734423556005435
2023-05-22,-0.0022152463203545113,0.0,0.046534757557679045,0.4446340537832691,0.33148695309899745,1.0078893422581167e-16,0.17734423556005435
2023-05-23,0.001657384109400519,0.0,0.046534757557679045,0.4446340537832691,0.33148695309899745,1.0078893422581167e-16,0.17734423556005435
2023-05-24,-0.004587072408827815,0.0,0.046534757557679045,0.4446340537832691,0.33148695309899745,1.0078893422581167e-16,0.17734423556005435
2023-05-25,-0.003081148644871717,0.0,0.046534757557679045,0.4446340537832691,0.33148695309899745,1.0078893422581167e-16,0.17734423556005435
2023-05-26,0.00545649803603012,0.0,0.046534757557679045,0.4446340537832691,0.33148695309899745,1.0078893422581167e-16,0.17734423556005435
2023-05-30,0.006326282943262778,0.0,0.046534757557679045,0.4446340537832691,0.33148695309899745,1.0078893422581167e-16,0.17734423556005435
2023-05-31,0.004437940411884969,0.0,0.046534757557679045,0.4446340537832691,0.33148695309899745,1.0078893422581167e-16,0.17734423556005435
