date,gross,turnover,w_SPY,w_TLT,w_GLD,w_USO,w_UUP
2019-01-02,0.00546346641748283,0.09012107637627509,0.21395590752115357,0.27616516885512155,0.2,0.10987892362372494,0.2
2019-01-03,-0.0038638259360812624,0.1098789236237249,0.32383483114487843,0.27616516885512155,0.2,1.8798457676506576e-17,0.2
2019-01-04,0.0057194749644443035,0.0,0.32383483114487843,0.27616516885512155,0.2,1.8798457676506576e-17,0.2
2019-01-07,0.0015667530407854633,0.0,0.32383483114487843,0.27616516885512155,0.2,1.8798457676506576e-17,0.2
2019-01-08,0.0024061781528125882,0.0,0.32383483114487843,0.27616516885512155,0.2,1.8798457676506576e-17,0.2
2019-01-09,0.00047737281144754826,0.0,0.32383483114487843,0.27616516885512155,0.2,1.8798457676506576e-17,0.2
2019-01-10,-0.0006208186684628162,0.0,0.32383483114487843,0.27616516885512155,0.2,1.8798457676506576e-17,0.2
2019-01-11,0.0017059746154805297,0.0,0.32383483114487843,0.27616516885512155,0.2,1.8798457676506576e-17,0.2
2019-01-14,-0.0025272470381762697,0.0,0.32383483114487843,0.27616516885512155,0.2,1.8798457676506576e-17,0.2
2019-01-15,0.0030686939201279018,0.0,0.32383483114487843,0.27616516885512155,0.2,1.8798457676506576e-17,0.2
2019-01-16,0.001935561791290333,0.0,0.32383483114487843,0.27616516885512155,0.2,1.8798457676506576e-17,0.2
2019-01-17,0.0022640672222729663,0.0,0.32383483114487843,0.27616516885512155,0.2,1.8798457676506576e-17,0.2
2019-01-18,0.0017050332627814827,0.0,0.32383483114487843,0.27616516885512155,0.2,1.8798457676506576e-17,0.2
2019-01-22,-0.0017933894462298053,0.0,0.32383483114487843,0.27616516885512155,0.2,1.8798457676506576e-17,0.2
2019-01-23,-0.00018653664985482122,0.0,0.32383483114487843,0.27616516885512155,0.2,1.8798457676506576e-17,0.2
2019-01-24,0.002848480299514644,0.0,0.32383483114487843,0.27616516885512155,0.2,1.8798457676506576e-17,0.2
2019-01-25,0.0027036636602361416,0.0,0.32383483114487843,0.27616516885512155,0.2,1.8798457676506576e-17,0.2
2019-01-28,-0.0018790819145464391,0.0,0.32383483114487843,0.27616516885512155,0.2,1.8798457676506576e-17,0.2
2019-01-29,0.002167170207694294,0.0,0.32383483114487843,0.27616516885512155,0.2,1.8798457676506576e-17,0.2
2019-01-30,0.005045766102369641,0.0,0.32383483114487843,0.27616516885512155,0.2,1.8798457676506576e-17,0.2
2019-01-31,0.005709978666783897,0.0,0.32383483114487843,0.27616516885512155,0.2,1.8798457676506576e-17,0.2
2019-02-01,-0.0019129006197826839,0.0,0.32383483114487843,0.27616516885512155,0.2,1.8798457676506576e-17,0.2
2019-02-04,0.0007295944079407757,0.0,0.32383483114487843,0.27616516885512155,0.2,1.8798457676506576e-17,0.2
2019-02-05,0.003684808104683129,0.0,0.32383483114487843,0.27616516885512155,0.2,1.8798457676506576e-17,0.2
2019-02-06,-0.0008583442453974014,0.0,0.32383483114487843,0.27616516885512155,0.2,1.8798457676506576e-17,0.2
2019-02-07,-0.0003071829801229902,0.0,0.32383483114487843,0.27616516885512155,0.2,1.8798457676506576e-17,0.2
2019-02-08,0.002567426987113863,0.0,0.32383483114487843,0.27616516885512155,0.2,1.8798457676506576e-17,0.2
2019-02-11,-0.001108348886942701,0.0,0.32383483114487843,0.27616516885512155,0.2,1.8798457676506576e-17,0.2
2019-02-12,0.003185380239067847,0.0,0.32383483114487843,0.27616516885512155,0.2,1.8798457676506576e-17,0.2
2019-02-13,0.00030338486551837623,0.0,0.32383483114487843,0.27616516885512155,0.2,1.8798457676506576e-17,0.2
2019-02-14,0.001741811990472074,0.0,0.32383483114487843,0.27616516885512155,0.2,1.8798457676506576e-17,0.2
2019-02-15,0.004765896933048873,0.0,0.32383483114487843,0.27616516885512155,0.2,1.8798457676506576e-17,0.2
2019-02-19,0.003531480535251815,0.0,0.32383483114487843,0.27616516885512155,0.2,1.8798457676506576e-17,0.2
2019-02-20,-0.0003291772352325078,0.0,0.32383483114487843,0.27616516885512155,0.2,1.8798457676506576e-17,0.2
2019-02-21,-0.005725871456595584,0.0,0.32383483114487843,0.27616516885512155,0.2,1.8798457676506576e-17,0.2
2019-02-22,0.004295240747569329,0.0,0.32383483114487843,0.27616516885512155,0.2,1.8798457676506576e-17,0.2
2019-02-25,-0.00073978065503781,0.0,0.32383483114487843,0.27616516885512155,0.2,1.8798457676506576e-17,0.2
2019-02-26,0.0006921044162378822,0.0,0.32383483114487843,0.27616516885512155,0.2,1.8798457676506576e-17,0.2
2019-02-27,-0.004529071896448814,0.0,0.32383483114487843,0.27616516885512155,0.2,1.8798457676506576e-17,0.2
2019-02-28,-0.0025097846112700785,0.0,0.32383483114487843,0.27616516885512155,0.2,1.8798457676506576e-17,0.2
2019-03-01,-0.003154203083496977,0.0,0.32383483114487843,0.27616516885512155,0.2,1.8798457676506576e-17,0.2
2019-03-04,0.0006945134600909824,0.0,0.32383483114487843,0.27616516885512155,0.2,1.8798457676506576e-17,0.2
2019-03-05,0.0009436286729831394,0.0,0.32383483114487843,0.27616516885512155,0.2,1.8798457676506576e-17,0.2
2019-03-06,-0.0011284714697503335,0.0,0.32383483114487843,0.27616516885512155,0.2,1.8798457676506576e-17,0.2
2019-03-07,0.0006976892297544607,0.0,0.32383483114487843,0.27616516885512155,0.2,1.8798457676506576e-17,0.2
2019-03-08,0.002091085080873023,0.0,0.32383483114487843,0.27616516885512155,0.2,1.8798457676506576e-17,0.2
2019-03-11,0.0024396271393794045,0.0,0.32383483114487843,0.27616516885512155,0.2,1.8798457676506576e-17,0.2
2019-03-12,0.003982811558348591,0.0,0.32383483114487843,0.27616516885512155,0.2,1.8798457676506576e-17,0.2
2019-03-13,0.0020944516318877984,0.0,0.32383483114487843,0.27616516885512155,0.2,1.8798457676506576e-17,0.2
2019-03-14,-0.003890309345279154,0.0,0.32383483114487843,0.27616516885512155,0.2,1.8798457676506576e-17,0.2
2019-03-15,0.004031893341557553,0.0,0.32383483114487843,0.27616516885512155,0.2,1.8798457676506576e-17,0.2
2019-03-18,0.0008968856735477103,0.0,0.32383483114487843,0.27616516885512155,0.2,1.8798457676506576e-17,0.2
2019-03-19,-0.00021279478677033712,0.0,0.32383483114487843,0.27616516885512155,0.2,1.8798457676506576e-17,0.2
2019-03-20,0.0020456395164936726,0.0,0.32383483114487843,0.27616516885512155,0.2,1.8798457676506576e-17,0.2
2019-03-21,0.004710372299026032,0.0,0.32383483114487843,0.27616516885512155,0.2,1.8798457676506576e-17,0.2
2019-03-22,-0.0010852390677341941,0.0,0.32383483114487843,0.27616516885512155,0.2,1.8798457676506576e-17,0.2
2019-03-25,0.001731522136854686,0.0,0.32383483114487843,0.27616516885512155,0.2,1.8798457676506576e-17,0.2
2019-03-26,0.0018425604063113416,0.0,0.32383483114487843,0.27616516885512155,0.2,1.8798457676506576e-17,0.2
2019-03-27,3.404428632748429e-05,0.0,0.32383483114487843,0.27616516885512155,0.2,1.8798457676506576e-17,0.2
2019-03-28,5.5172406359999936e-05,0.0,0.32383483114487843,0.27616516885512155,0.2,1.8798457676506576e-17,0.2
2019-03-29,0.0021913946117204687,0.0,0.32383483114487843,0.27616516885512155,0.2,1.8798457676506576e-17,0.2
2019-04-01,-0.001022881461832909,0.0,0.32383483114487843,0.27616516885512155,0.2,1.8798457676506576e-17,0.2
2019-04-02,0.0016407914404296272,0.0,0.32383483114487843,0.27616516885512155,0.2,1.8798457676506576e-17,0.2
2019-04-03,-0.0024866560752428955,0.0,0.32383483114487843,0.27616516885512155,0.2,1.8798457676506576e-17,0.2
2019-04-04,0.0023815691106580236,0.0,0.32383483114487843,0.27616516885512155,0.2,1.8798457676506576e-17,0.2
2019-04-05,0.0019416997734010486,0.0,0.32383483114487843,0.27616516885512155,0.2,1.8798457676506576e-17,0.2
2019-04-08,-0.0005545014591196147,0.0,0.32383483114487843,0.27616516885512155,0.2,1.8798457676506576e-17,0.2
2019-04-09,0.00033376195148658474,0.0,0.32383483114487843,0.27616516885512155,0.2,1.8798457676506576e-17,0.2
2019-04-10,0.002082004845105178,0.0,0.32383483114487843,0.27616516885512155,0.2,1.8798457676506576e-17,0.2
2019-04-11,-0.003653337398224513,0.0,0.32383483114487843,0.27616516885512155,0.2,1.8798457676506576e-17,0.2
2019-04-12,-0.0004339159493144231,0.0,0.32383483114487843,0.27616516885512155,0.2,1.8798457676506576e-17,0.2
2019-04-15,3.129235080753616e-05,0.0,0.32383483114487843,0.27616516885512155,0.2,1.8798457676506576e-17,0.2
2019-04-16,-0.0028473314632441833,0.0,0.32383483114487843,0.27616516885512155,0.2,1.8798457676506576e-17,0.2
2019-04-17,-0.0012148377280566097,0.0,0.32383483114487843,0.27616516885512155,0.2,1.8798457676506576e-17,0.2
2019-04-18,0.003310258214011924,0.0,0.32383483114487843,0.27616516885512155,0.2,1.8798457676506576e-17,0.2
2019-04-22,-0.001505941369770707,0.0,0.32383483114487843,0.27616516885512155,0.2,1.8798457676506576e-17,0.2
2019-04-23,0.0037740744711540148,0.0,0.32383483114487843,0.27616516885512155,0.2,1.8798457676506576e-17,0.2
2019-04-24,0.0031109635197586723,0.0,0.32383483114487843,0.27616516885512155,0.2,1.8798457676506576e-17,0.2
2019-04-25,-5.53167504662404e-05,0.0,0.32383483114487843,0.27616516885512155,0.2,1.8798457676506576e-17,0.2
2019-04-26,0.0035473301366218788,0.0,0.32383483114487843,0.27616516885512155,0.2,1.8798457676506576e-17,0.2
2019-04-29,-0.00260042225794541,0.0,0.32383483114487843,0.27616516885512155,0.2,1.8798457676506576e-17,0.2
2019-04-30,0.0015824776834841934,0.0,0.32383483114487843,0.27616516885512155,0.2,1.8798457676506576e-17,0.2
2019-05-01,-0.0023856874945931677,0.0,0.32383483114487843,0.27616516885512155,0.2,1.8798457676506576e-17,0.2
2019-05-02,-0.0023204794492519805,0.0,0.32383483114487843,0.27616516885512155,0.2,1.8798457676506576e-17,0.2
2019-05-03,0.0043759818272464945,0.0,0.32383483114487843,0.27616516885512155,0.2,1.8798457676506576e-17,0.2
2019-05-06,-0.00015541870499366267,0.0,0.32383483114487843,0.27616516885512155,0.2,1.8798457676506576e-17,0.2
2019-05-07,-0.002476866049001207,0.0,0.32383483114487843,0.27616516885512155,0.2,1.8798457676506576e-17,0.2
2019-05-08,-0.0020623552606122064,0.0,0.32383483114487843,0.27616516885512155,0.2,1.8798457676506576e-17,0.2
2019-05-09,0.0002503107902841051,0.0,0.32383483114487843,0.27616516885512155,0.2,1.8798457676506576e-17,0.2
2019-05-10,0.0015542053580705983,0.0,0.32383483114487843,0.27616516885512155,0.2,1.8798457676506576e-17,0.2
2019-05-13,-0.003926226554634145,0.0,0.32383483114487843,0.27616516885512155,0.2,1.8798457676506576e-17,0.2
2019-05-14,0.002232372829687902,0.0,0.32383483114487843,0.27616516885512155,0.2,1.8798457676506576e-17,0.2
2019-05-15,0.0035552231026936103,0.0,0.32383483114487843,0.27616516885512155,0.2,1.8798457676506576e-17,0.2
2019-05-16,0.0011754405166935098,0.0,0.32383483114487843,0.27616516885512155,0.2,1.8798457676506576e-17,0.2
2019-05-17,-0.0024375676646888242,0.0,0.32383483114487843,0.27616516885512155,0.2,1.8798457676506576e-17,0.2
2019-05-20,-0.0028796436637302998,0.0,0.32383483114487843,0.27616516885512155,0.2,1.8798457676506576e-17,0.2
2019-05-21,0.0023199806915104658,0.0,0.32383483114487843,0.27616516885512155,0.2,1.8798457676506576e-17,0.2
2019-05-22,0.0005417311002389807,0.0,0.32383483114487843,0.27616516885512155,0.2,1.8798457676506576e-17,0.2
2019-05-23,0.00031730813035449595,0.0,0.32383483114487843,0.27616516885512155,0.2,1.8798457676506576e-17,0.2
2019-05-24,0.0005037417946778081,0.0,0.32383483114487843,0.27616516885512155,0.2,1.8798457676506576e-17,0.2
2019-05-28,-0.0009605120842960837,0.0,0.32383483114487843,0.27616516885512155,0.2,1.8798457676506576e-17,0.2
2019-05-29,-0.000814637272557778,0.0,0.32383483114487843,0.27616516885512155,0.2,1.8798457676506576e-17,0.2
2019-05-30,0.00469171292123283,0.0,0.32383483114487843,0.27616516885512155,0.2,1.8798457676506576e-17,0.2
2019-05-31,0.0009563904050798001,0.0,0.32383483114487843,0.27616516885512155,0.2,1.8798457676506576e-17,0.2
2019-06-03,0.0028465089472633027,0.0,0.32383483114487843,0.27616516885512155,0.2,1.8798457676506576e-17,0.2
2019-06-04,0.0037154930058887065,0.0,0.32383483114487843,0.27616516885512155,0.2,1.8798457676506576e-17,0.2
2019-06-05,0.002444003039939898,0.0,0.32383483114487843,0.27616516885512155,0.2,1.8798457676506576e-17,0.2
2019-06-06,0.0029642571302804176,0.0,0.32383483114487843,0.27616516885512155,0.2,1.8798457676506576e-17,0.2
2019-06-07,0.0059167404596798,0.0,0.32383483114487843,0.27616516885512155,0.2,1.8798457676506576e-17,0.2
2019-06-10,-0.002873625045691193,0.0,0.32383483114487843,0.27616516885512155,0.2,1.8798457676506576e-17,0.2
2019-06-11,-7.195218246628402e-05,0.0,0.32383483114487843,0.27616516885512155,0.2,1.8798457676506576e-17,0.2
2019-06-12,0.0012152844629850937,0.0,0.32383483114487843,0.27616516885512155,0.2,1.8798457676506576e-17,0.2
2019-06-13,0.0036639401021796355,0.0,0.32383483114487843,0.27616516885512155,0.2,1.8798457676506576e-17,0.2
2019-06-14,0.0013439783695801681,0.0,0.32383483114487843,0.27616516885512155,0.2,1.8798457676506576e-17,0.2
2019-06-17,0.0005558713972884456,0.0,0.32383483114487843,0.27616516885512155,0.2,1.8798457676506576e-17,0.2
2019-06-18,0.006091045457738134,0.0,0.32383483114487843,0.27616516885512155,0.2,1.8798457676506576e-17,0.2
2019-06-19,0.0014284598778099666,0.0,0.32383483114487843,0.27616516885512155,0.2,1.8798457676506576e-17,0.2
2019-06-20,0.007639178002546396,0.0,0.32383483114487843,0.27616516885512155,0.2,1.8798457676506576e-17,0.2
2019-06-21,-0.003174544019690244,0.0,0.32383483114487843,0.27616516885512155,0.2,1.8798457676506576e-17,0.2
2019-06-24,0.004324489332397791,0.0,0.32383483114487843,0.27616516885512155,0.2,1.8798457676506576e-17,0.2
2019-06-25,-0.0014696932093062884,0.0,0.32383483114487843,0.27616516885512155,0.2,1.8798457676506576e-17,0.2
2019-06-26,-0.003769359014405645,0.0,0.32383483114487843,0.27616516885512155,0.2,1.8798457676506576e-17,0.2
2019-06-27,0.0028988769558933483,0.0,0.32383483114487843,0.27616516885512155,0.2,1.8798457676506576e-17,0.2
2019-06-28,0.0018675652656331768,0.0,0.32383483114487843,0.27616516885512155,0.2,1.8798457676506576e-17,0.2
2019-07-01,-0.00011676468767689155,0.0,0.32383483114487843,0.27616516885512155,0.2,1.8798457676506576e-17,0.2
2019-07-02,0.007092585463656847,0.0,0.32383483114487843,0.27616516885512155,0.2,1.8798457676506576e-17,0.2
2019-07-03,0.00488776180699404,0.0,0.32383483114487843,0.27616516885512155,0.2,1.8798457676506576e-17,0.2
2019-07-05,-0.0051902381718420786,0.0,0.32383483114487843,0.27616516885512155,0.2,1.8798457676506576e-17,0.2
2019-07-08,-0.0023099104471684924,0.0,0.32383483114487843,0.27616516885512155,0.2,1.8798457676506576e-17,0.2
2019-07-09,0.0011521987194730774,0.0,0.32383483114487843,0.27616516885512155,0.2,1.8798457676506576e-17,0.2
2019-07-10,0.0023489999905013316,0.0,0.32383483114487843,0.27616516885512155,0.2,1.8798457676506576e-17,0.2
2019-07-11,-0.004616298426551366,0.0,0.32383483114487843,0.27616516885512155,0.2,1.8798457676506576e-17,0.2
2019-07-12,0.002638080751474175,0.0,0.32383483114487843,0.27616516885512155,0.2,1.8798457676506576e-17,0.2
2019-07-15,0.002003655672872845,0.0,0.32383483114487843,0.27616516885512155,0.2,1.8798457676506576e-17,0.2
2019-07-16,-0.0026443689505891124,0.0,0.32383483114487843,0.27616516885512155,0.2,1.8798457676506576e-17,0.2
2019-07-17,0.003691952594354519,0.0,0.32383483114487843,0.27616516885512155,0.2,1.8798457676506576e-17,0.2
2019-07-18,0.00296537718724881,0.0,0.32383483114487843,0.27616516885512155,0.2,1.8798457676506576e-17,0.2
2019-07-19,-0.004399082033750432,0.0,0.32383483114487843,0.27616516885512155,0.2,1.8798457676506576e-17,0.2
2019-07-22,0.00167042097766427,0.0,0.32383483114487843,0.27616516885512155,0.2,1.8798457676506576e-17,0.2
2019-07-23,0.0005889541165209866,0.0,0.32383483114487843,0.27616516885512155,0.2,1.8798457676506576e-17,0.2
2019-07-24,0.0037386796995261765,0.0,0.32383483114487843,0.27616516885512155,0.2,1.8798457676506576e-17,0.2
2019-07-25,-0.003903094943496645,0.0,0.32383483114487843,0.27616516885512155,0.2,1.8798457676506576e-17,0.2
2019-07-26,0.003453913574019047,0.0,0.32383483114487843,0.27616516885512155,0.2,1.8798457676506576e-17,0.2
2019-07-29,0.000976937375060329,0.0,0.32383483114487843,0.27616516885512155,0.2,1.8798457676506576e-17,0.2
2019-07-30,0.0005459208727285806,0.0,0.32383483114487843,0.27616516885512155,0.2,1.8798457676506576e-17,0.2
2019-07-31,-0.0027404923309506846,0.0,0.32383483114487843,0.27616516885512155,0.2,1.8798457676506576e-17,0.2
2019-08-01,0.006870668476510796,0.0,0.32383483114487843,0.27616516885512155,0.2,1.8798457676506576e-17,0.2
2019-08-02,-0.0010988025105010259,0.0,0.32383483114487843,0.27616516885512155,0.2,1.8798457676506576e-17,0.2
2019-08-05,-0.0031457567877941272,0.0,0.32383483114487843,0.27616516885512155,0.2,1.8798457676506576e-17,0.2
2019-08-06,0.00860096691597846,0.0,0.32383483114487843,0.27616516885512155,0.2,1.8798457676506576e-17,0.2
2019-08-07,0.003176891797202589,0.0,0.32383483114487843,0.27616516885512155,0.2,1.8798457676506576e-17,0.2
2019-08-08,0.008103345600470371,0.0,0.32383483114487843,0.27616516885512155,0.2,1.8798457676506576e-17,0.2
2019-08-09,-0.003646516564320205,0.0,0.32383483114487843,0.27616516885512155,0.2,1.8798457676506576e-17,0.2
2019-08-12,0.0036044037978717226,0.0,0.32383483114487843,0.27616516885512155,0.2,1.8798457676506576e-17,0.2
2019-08-13,0.0038053259804857347,0.0,0.32383483114487843,0.27616516885512155,0.2,1.8798457676506576e-17,0.2
2019-08-14,-0.0015331451568181631,0.0,0.32383483114487843,0.27616516885512155,0.2,1.8798457676506576e-17,0.2
2019-08-15,0.005407714579849332,0.0,0.32383483114487843,0.27616516885512155,0.2,1.8798457676506576e-17,0.2
2019-08-16,0.001435644377293972,0.0,0.32383483114487843,0.27616516885512155,0.2,1.8798457676506576e-17,0.2
2019-08-19,-0.0019374661666734369,0.0,0.32383483114487843,0.27616516885512155,0.2,1.8798457676506576e-17,0.2
2019-08-20,0.001485345639331818,0.0,0.32383483114487843,0.27616516885512155,0.2,1.8798457676506576e-17,0.2
2019-08-21,0.000385993844039219,0.0,0.32383483114487843,0.27616516885512155,0.2,1.8798457676506576e-17,0.2
2019-08-22,-0.0025913044568107654,0.0,0.32383483114487843,0.27616516885512155,0.2,1.8798457676506576e-17,0.2
2019-08-23,-0.0009866805100013625,0.0,0.32383483114487843,0.27616516885512155,0.2,1.8798457676506576e-17,0.2
2019-08-26,0.003548245465636086,0.0,0.32383483114487843,0.27616516885512155,0.2,1.8798457676506576e-17,0.2
2019-08-27,0.004748892953421456,0.0,0.32383483114487843,0.27616516885512155,0.2,1.8798457676506576e-17,0.2
2019-08-28,0.0025229942415981223,0.0,0.32383483114487843,0.27616516885512155,0.2,1.8798457676506576e-17,0.2
2019-08-29,0.00218134369396167,0.0,0.32383483114487843,0.27616516885512155,0.2,1.8798457676506576e-17,0.2
2019-08-30,0.00016493562794959006,0.0,0.32383483114487843,0.27616516885512155,0.2,1.8798457676506576e-17,0.2
2019-09-03,0.001692614312451708,0.0,0.32383483114487843,0.27616516885512155,0.2,1.8798457676506576e-17,0.2
2019-09-04,0.004074386871177914,0.0,0.32383483114487843,0.27616516885512155,0.2,1.8798457676506576e-17,0.2
2019-09-05,-0.005563832897968121,0.0,0.32383483114487843,0.27616516885512155,0.2,1.8798457676506576e-17,0.2
2019-09-06,0.0005849817083411555,0.0,0.32383483114487843,0.27616516885512155,0.2,1.8798457676506576e-17,0.2
2019-09-09,-0.005863472192513666,0.0,0.32383483114487843,0.27616516885512155,0.2,1.8798457676506576e-17,0.2
2019-09-10,-0.006403704772215498,0.0,0.32383483114487843,0.27616516885512155,0.2,1.8798457676506576e-17,0.2
2019-09-11,0.0036226823625501196,0.0,0.32383483114487843,0.27616516885512155,0.2,1.8798457676506576e-17,0.2
2019-09-12,-0.0008722536193818461,0.0,0.32383483114487843,0.27616516885512155,0.2,1.8798457676506576e-17,0.2
2019-09-13,-0.00806843665800098,0.0,0.32383483114487843,0.27616516885512155,0.2,1.8798457676506576e-17,0.2
2019-09-16,0.0050869898372906935,0.0,0.32383483114487843,0.27616516885512155,0.2,1.8798457676506576e-17,0.2
2019-09-17,0.0018198664348388096,0.0,0.32383483114487843,0.27616516885512155,0.2,1.8798457676506576e-17,0.2
2019-09-18,0.0008571526468292734,0.0,0.32383483114487843,0.27616516885512155,0.2,1.8798457676506576e-17,0.2
2019-09-19,0.0011720322396460798,0.0,0.32383483114487843,0.27616516885512155,0.2,1.8798457676506576e-17,0.2
2019-09-20,0.0050053708180655574,0.0,0.32383483114487843,0.27616516885512155,0.2,1.8798457676506576e-17,0.2
2019-09-23,0.0012831496242740373,0.0,0.32383483114487843,0.27616516885512155,0.2,1.8798457676506576e-17,0.2
2019-09-24,0.001101034310288613,0.0,0.32383483114487843,0.27616516885512155,0.2,1.8798457676506576e-17,0.2
2019-09-25,-0.0042643553327796745,0.0,0.32383483114487843,0.27616516885512155,0.2,1.8798457676506576e-17,0.2
2019-09-26,0.0015643425847752402,0.0,0.32383483114487843,0.27616516885512155,0.2,1.8798457676506576e-17,0.2
2019-09-27,-0.002391144625375742,0.0,0.32383483114487843,0.27616516885512155,0.2,1.8798457676506576e-17,0.2
2019-09-30,-0.0002595790964852469,0.0,0.32383483114487843,0.27616516885512155,0.2,1.8798457676506576e-17,0.2
2019-10-01,-0.0025902322183426964,0.0,0.32383483114487843,0.27616516885512155,0.2,1.8798457676506576e-17,0.2
2019-10-02,-0.0028590799868443892,0.0,0.32383483114487843,0.27616516885512155,0.2,1.8798457676506576e-17,0.2
2019-10-03,0.006004483052549593,0.0,0.32383483114487843,0.27616516885512155,0.2,1.8798457676506576e-17,0.2
2019-10-04,0.006272796141958076,0.0,0.32383483114487843,0.27616516885512155,0.2,1.8798457676506576e-17,0.2
2019-10-07,-0.00502065921126312,0.0,0.32383483114487843,0.27616516885512155,0.2,1.8798457676506576e-17,0.2
2019-10-08,-0.002238951692007343,0.0,0.32383483114487843,0.27616516885512155,0.2,1.8798457676506576e-17,0.2
2019-10-09,0.00155068801307944,0.0,0.32383483114487843,0.27616516885512155,0.2,1.8798457676506576e-17,0.2
2019-10-10,-0.004482793942760963,0.0,0.32383483114487843,0.27616516885512155,0.2,1.8798457676506576e-17,0.2
2019-10-11,-0.0019116519787867998,0.0,0.32383483114487843,0.27616516885512155,0.2,1.8798457676506576e-17,0.2
2019-10-14,0.0030413431290949363,0.0,0.32383483114487843,0.27616516885512155,0.2,1.8798457676506576e-17,0.2
2019-10-15,-0.002121010974672724,0.0,0.32383483114487843,0.27616516885512155,0.2,1.8798457676506576e-17,0.2
2019-10-16,0.0004397544783266736,0.0,0.32383483114487843,0.27616516885512155,0.2,1.8798457676506576e-17,0.2
2019-10-17,-0.00017873558533619007,0.0,0.32383483114487843,0.27616516885512155,0.2,1.8798457676506576e-17,0.2
2019-10-18,-0.0023812979344615087,0.0,0.32383483114487843,0.27616516885512155,0.2,1.8798457676506576e-17,0.2
2019-10-21,-0.0006855481073667995,0.0,0.32383483114487843,0.27616516885512155,0.2,1.8798457676506576e-17,0.2
2019-10-22,0.0015950567756029608,0.0,0.32383483114487843,0.27616516885512155,0.2,1.8798457676506576e-17,0.2
2019-10-23,0.0016154902788620717,0.0,0.32383483114487843,0.27616516885512155,0.2,1.8798457676506576e-17,0.2
2019-10-24,0.001998905747695416,0.0,0.32383483114487843,0.27616516885512155,0.2,1.8798457676506576e-17,0.2
2019-10-25,0.000668094767389441,0.0,0.32383483114487843,0.27616516885512155,0.2,1.8798457676506576e-17,0.2
2019-10-28,-0.002556408652441083,0.0,0.32383483114487843,0.27616516885512155,0.2,1.8798457676506576e-17,0.2
2019-10-29,-0.0005443274876812422,0.0,0.32383483114487843,0.27616516885512155,0.2,1.8798457676506576e-17,0.2
2019-10-30,0.0056832985795704,0.0,0.32383483114487843,0.27616516885512155,0.2,1.8798457676506576e-17,0.2
2019-10-31,0.004487369239071944,0.0,0.32383483114487843,0.27616516885512155,0.2,1.8798457676506576e-17,0.2
2019-11-01,0.00225718432135798,0.0,0.32383483114487843,0.27616516885512155,0.2,1.8798457676506576e-17,0.2
2019-11-04,-0.0021564690928868755,0.0,0.32383483114487843,0.27616516885512155,0.2,1.8798457676506576e-17,0.2
2019-11-05,-0.005950398298430239,0.0,0.32383483114487843,0.27616516885512155,0.2,1.8798457676506576e-17,0.2
2019-11-06,0.002603150228959554,0.0,0.32383483114487843,0.27616516885512155,0.2,1.8798457676506576e-17,0.2
2019-11-07,-0.006521159976990791,0.0,0.32383483114487843,0.27616516885512155,0.2,1.8798457676506576e-17,0.2
2019-11-08,-0.0011891670169794446,0.0,0.32383483114487843,0.27616516885512155,0.2,1.8798457676506576e-17,0.2
2019-11-11,-0.0012118857616785729,0.0,0.32383483114487843,0.27616516885512155,0.2,1.8798457676506576e-17,0.2
2019-11-12,0.0027886285503005903,0.0,0.32383483114487843,0.27616516885512155,0.2,1.8798457676506576e-17,0.2
2019-11-13,0.0026229467537925728,0.0,0.32383483114487843,0.27616516885512155,0.2,1.8798457676506576e-17,0.2
2019-11-14,0.004015919428971752,0.0,0.32383483114487843,0.27616516885512155,0.2,1.8798457676506576e-17,0.2
2019-11-15,0.0010913714725846375,0.0,0.32383483114487843,0.27616516885512155,0.2,1.8798457676506576e-17,0.2
2019-11-18,0.0009603037844517704,0.0,0.32383483114487843,0.27616516885512155,0.2,1.8798457676506576e-17,0.2
2019-11-19,0.0025330980581890097,0.0,0.32383483114487843,0.27616516885512155,0.2,1.8798457676506576e-17,0.2
2019-11-20,0.0017543761903706663,0.0,0.32383483114487843,0.27616516885512155,0.2,1.8798457676506576e-17,0.2
2019-11-21,-0.003046384050221395,0.0,0.32383483114487843,0.27616516885512155,0.2,1.8798457676506576e-17,0.2
2019-11-22,0.001295494019361299,0.0,0.32383483114487843,0.27616516885512155,0.2,1.8798457676506576e-17,0.2
2019-11-25,0.0025094506138600616,0.0,0.32383483114487843,0.27616516885512155,0.2,1.8798457676506576e-17,0.2
2019-11-26,0.003087697137343286,0.0,0.32383483114487843,0.27616516885512155,0.2,1.8798457676506576e-17,0.2
2019-11-27,-0.00012115738600560838,0.0,0.32383483114487843,0.27616516885512155,0.2,1.8798457676506576e-17,0.2
2019-11-29,-0.0007718053283426052,0.0,0.32383483114487843,0.27616516885512155,0.2,1.8798457676506576e-17,0.2
2019-12-02,-0.007352104843752004,0.0,0.32383483114487843,0.27616516885512155,0.2,1.8798457676506576e-17,0.2
2019-12-03,0.005310713272933427,0.0,0.32383483114487843,0.27616516885512155,0.2,1.8798457676506576e-17,0.2
2019-12-04,-0.001256749493370059,0.0,0.32383483114487843,0.27616516885512155,0.2,1.8798457676506576e-17,0.2
2019-12-05,-0.0010946607146470003,0.0,0.32383483114487843,0.27616516885512155,0.2,1.8798457676506576e-17,0.2
2019-12-06,0.00019359387288558308,0.0,0.32383483114487843,0.27616516885512155,0.2,1.8798457676506576e-17,0.2
2019-12-09,-0.0007017001559429522,0.0,0.32383483114487843,0.27616516885512155,0.2,1.8798457676506576e-17,0.2
2019-12-10,1.4208857958746348e-06,0.0,0.32383483114487843,0.27616516885512155,0.2,1.8798457676506576e-17,0.2
2019-12-11,0.003718961002470684,0.0,0.32383483114487843,0.27616516885512155,0.2,1.8798457676506576e-17,0.2
2019-12-12,-0.0021588882653329304,0.0,0.32383483114487843,0.27616516885512155,0.2,1.8798457676506576e-17,0.2
2019-12-13,0.004284256671770377,0.0,0.32383483114487843,0.27616516885512155,0.2,1.8798457676506576e-17,0.2
2019-12-16,-0.0006473330421833193,0.0,0.32383483114487843,0.27616516885512155,0.2,1.8798457676506576e-17,0.2
2019-12-17,2.2732770485049397e-05,0.0,0.32383483114487843,0.27616516885512155,0.2,1.8798457676506576e-17,0.2
2019-12-18,-0.0018580757968169647,0.0,0.32383483114487843,0.27616516885512155,0.2,1.8798457676506576e-17,0.2
2019-12-19,0.0022871477408469825,0.0,0.32383483114487843,0.27616516885512155,0.2,1.8798457676506576e-17,0.2
2019-12-20,0.002658642222032329,0.0,0.32383483114487843,0.27616516885512155,0.2,1.8798457676506576e-17,0.2
2019-12-23,0.0006005763891683571,0.0,0.32383483114487843,0.27616516885512155,0.2,1.8798457676506576e-17,0.2
2019-12-24,0.0026856515479056465,0.0,0.32383483114487843,0.27616516885512155,0.2,1.8798457676506576e-17,0.2
2019-12-26,0.003656630928160427,0.0,0.32383483114487843,0.27616516885512155,0.2,1.8798457676506576e-17,0.2
2019-12-27,-0.000839901463918047,0.0,0.32383483114487843,0.27616516885512155,0.2,1.8798457676506576e-17,0.2
2019-12-30,-0.0027526352920544117,0.0,0.32383483114487843,0.27616516885512155,0.2,1.8798457676506576e-17,0.2
2019-12-31,-0.0020772011454679054,0.0,0.32383483114487843,0.27616516885512155,0.2,1.8798457676506576e-17,0.2
2020-01-02,0.008309950288690283,0.0,0.32383483114487843,0.27616516885512155,0.2,1.8798457676506576e-17,0.2
2020-01-03,0.0046846889256733065,0.0,0.32383483114487843,0.27616516885512155,0.2,1.8798457676506576e-17,0.2
2020-01-06,0.0013052793401435113,0.0,0.32383483114487843,0.27616516885512155,0.2,1.8798457676506576e-17,0.2
2020-01-07,-0.0007896950281329669,0.0,0.32383483114487843,0.27616516885512155,0.2,1.8798457676506576e-17,0.2
2020-01-08,-0.0010639632614328498,0.0,0.32383483114487843,0.27616516885512155,0.2,1.8798457676506576e-17,0.2
2020-01-09,0.002416718024106781,0.0,0.32383483114487843,0.27616516885512155,0.2,1.8798457676506576e-17,0.2
2020-01-10,0.0025762386496398027,0.0,0.32383483114487843,0.27616516885512155,0.2,1.8798457676506576e-17,0.2
2020-01-13,-9.457798580815027e-05,0.0,0.32383483114487843,0.27616516885512155,0.2,1.8798457676506576e-17,0.2
2020-01-14,0.0008247989141075757,0.0,0.32383483114487843,0.27616516885512155,0.2,1.8798457676506576e-17,0.2
2020-01-15,0.003425096735376558,0.0,0.32383483114487843,0.27616516885512155,0.2,1.8798457676506576e-17,0.2
2020-01-16,0.0018153705726681596,0.0,0.32383483114487843,0.27616516885512155,0.2,1.8798457676506576e-17,0.2
2020-01-17,-0.0002975838407478135,0.0,0.32383483114487843,0.27616516885512155,0.2,1.8798457676506576e-17,0.2
2020-01-21,0.0023335641666755954,0.0,0.32383483114487843,0.27616516885512155,0.2,1.8798457676506576e-17,0.2
2020-01-22,0.0009253737179787787,0.0,0.32383483114487843,0.27616516885512155,0.2,1.8798457676506576e-17,0.2
2020-01-23,0.0032874254906053845,0.0,0.32383483114487843,0.27616516885512155,0.2,1.8798457676506576e-17,0.2
2020-01-24,0.0008265945655980991,0.0,0.32383483114487843,0.27616516885512155,0.2,1.8798457676506576e-17,0.2
2020-01-27,0.0007729012053458726,0.0,0.32383483114487843,0.27616516885512155,0.2,1.8798457676506576e-17,0.2
2020-01-28,-0.0005545336854542568,0.0,0.32383483114487843,0.27616516885512155,0.2,1.8798457676506576e-17,0.2
2020-01-29,0.003819401921149217,0.0,0.32383483114487843,0.27616516885512155,0.2,1.8798457676506576e-17,0.2
2020-01-30,0.000498201861027526,0.0,0.32383483114487843,0.27616516885512155,0.2,1.8798457676506576e-17,0.2
2020-01-31,-0.0030339431272273874,0.0,0.32383483114487843,0.27616516885512155,0.2,1.8798457676506576e-17,0.2
2020-02-03,0.0018720536410292304,0.0,0.32383483114487843,0.27616516885512155,0.2,1.8798457676506576e-17,0.2
2020-02-04,-0.0010822346202410457,0.0,0.32383483114487843,0.27616516885512155,0.2,1.8798457676506576e-17,0.2
2020-02-05,0.001721610476525904,0.0,0.32383483114487843,0.27616516885512155,0.2,1.8798457676506576e-17,0.2
2020-02-06,0.0037887167260858257,0.0,0.32383483114487843,0.27616516885512155,0.2,1.8798457676506576e-17,0.2
2020-02-07,0.0027004137273801444,0.0,0.32383483114487843,0.27616516885512155,0.2,1.8798457676506576e-17,0.2
2020-02-10,0.003996682093620528,0.0,0.32383483114487843,0.27616516885512155,0.2,1.8798457676506576e-17,0.2
2020-02-11,-0.0017438261371652516,0.0,0.32383483114487843,0.27616516885512155,0.2,1.8798457676506576e-17,0.2
2020-02-12,0.0010495905334774079,0.0,0.32383483114487843,0.27616516885512155,0.2,1.8798457676506576e-17,0.2
2020-02-13,0.0020771031205353147,0.0,0.32383483114487843,0.27616516885512155,0.2,1.8798457676506576e-17,0.2
2020-02-14,0.002488766630540829,0.0,0.32383483114487843,0.27616516885512155,0.2,1.8798457676506576e-17,0.2
2020-02-18,0.004368008788602518,0.0,0.32383483114487843,0.27616516885512155,0.2,1.8798457676506576e-17,0.2
2020-02-19,0.003067845565454706,0.0,0.32383483114487843,0.27616516885512155,0.2,1.8798457676506576e-17,0.2
2020-02-20,0.0022445515092758463,0.0,0.32383483114487843,0.27616516885512155,0.2,1.8798457676506576e-17,0.2
2020-02-21,0.001063923211252344,0.0,0.32383483114487843,0.27616516885512155,0.2,1.8798457676506576e-17,0.2
2020-02-24,-0.004745727279756049,0.0,0.32383483114487843,0.27616516885512155,0.2,1.8798457676506576e-17,0.2
2020-02-25,-0.012513357349774098,0.0,0.32383483114487843,0.27616516885512155,0.2,1.8798457676506576e-17,0.2
2020-02-26,-0.0016302814707359057,0.0,0.32383483114487843,0.27616516885512155,0.2,1.8798457676506576e-17,0.2
2020-02-27,-0.012704043334778179,0.0,0.32383483114487843,0.27616516885512155,0.2,1.8798457676506576e-17,0.2
2020-02-28,-0.0035480027727132317,0.050268797574787284,0.2735660335700911,0.2761651688551215,0.21481872239196143,2.4179821381427696e-18,0.2354500751828258
2020-03-02,0.009759978986709135,1.1102230246251565e-16,0.2735660335700912,0.27616516885512155,0.21481872239196148,2.41798213814277e-18,0.23545007518282585
2020-03-03,0.002226031705162686,1.1102230246251565e-16,0.2735660335700911,0.2761651688551215,0.21481872239196143,2.4179821381427696e-18,0.2354500751828258
2020-03-04,0.009749368179091032,1.1102230246251565e-16,0.2735660335700912,0.27616516885512155,0.21481872239196148,2.41798213814277e-18,0.23545007518282585
2020-03-05,0.0006352597002359872,1.1102230246251565e-16,0.2735660335700911,0.2761651688551215,0.21481872239196143,2.4179821381427696e-18,0.2354500751828258
2020-03-06,0.00858231008311279,1.1102230246251565e-16,0.2735660335700912,0.27616516885512155,0.21481872239196148,2.41798213814277e-18,0.23545007518282585
2020-03-09,-0.01605779845738588,1.1102230246251565e-16,0.2735660335700911,0.2761651688551215,0.21481872239196143,2.4179821381427696e-18,0.2354500751828258
2020-03-10,-0.0010574486291612447,1.1102230246251565e-16,0.2735660335700912,0.27616516885512155,0.21481872239196148,2.41798213814277e-18,0.23545007518282585
2020-03-11,-0.023902235969960363,1.1102230246251565e-16,0.2735660335700911,0.2761651688551215,0.21481872239196143,2.4179821381427696e-18,0.2354500751828258
2020-03-12,-0.03051137331779517,1.1102230246251565e-16,0.2735660335700912,0.27616516885512155,0.21481872239196148,2.41798213814277e-18,0.23545007518282585
2020-03-13,0.019493723309853918,1.1102230246251565e-16,0.2735660335700911,0.2761651688551215,0.21481872239196143,2.4179821381427696e-18,0.2354500751828258
2020-03-16,-0.0220583701529964,1.1102230246251565e-16,0.2735660335700912,0.27616516885512155,0.21481872239196148,2.41798213814277e-18,0.23545007518282585
2020-03-17,0.003433237101655131,1.1102230246251565e-16,0.2735660335700911,0.2761651688551215,0.21481872239196143,2.4179821381427696e-18,0.2354500751828258
2020-03-18,-0.030138822904945895,1.1102230246251565e-16,0.2735660335700912,0.27616516885512155,0.21481872239196148,2.41798213814277e-18,0.23545007518282585
2020-03-19,0.009616129533562215,1.1102230246251565e-16,0.2735660335700911,0.2761651688551215,0.21481872239196143,2.4179821381427696e-18,0.2354500751828258
2020-03-20,0.01152800607651833,1.1102230246251565e-16,0.2735660335700912,0.27616516885512155,0.21481872239196148,2.41798213814277e-18,0.23545007518282585
2020-03-23,0.013540530914417767,1.1102230246251565e-16,0.2735660335700911,0.2761651688551215,0.21481872239196143,2.4179821381427696e-18,0.2354500751828258
2020-03-24,0.027376619961282586,1.1102230246251565e-16,0.2735660335700912,0.27616516885512155,0.21481872239196148,2.41798213814277e-18,0.23545007518282585
2020-03-25,-0.0016865835949526977,1.1102230246251565e-16,0.2735660335700911,0.2761651688551215,0.21481872239196143,2.4179821381427696e-18,0.2354500751828258
2020-03-26,0.016304879643429186,1.1102230246251565e-16,0.2735660335700912,0.27616516885512155,0.21481872239196148,2.41798213814277e-18,0.23545007518282585
2020-03-27,-0.004086574892734641,1.1102230246251565e-16,0.2735660335700911,0.2761651688551215,0.21481872239196143,2.4179821381427696e-18,0.2354500751828258
2020-03-30,0.008614016693103847,1.1102230246251565e-16,0.2735660335700912,0.27616516885512155,0.21481872239196148,2.41798213814277e-18,0.23545007518282585
2020-03-31,-0.013335877552724546,1.1102230246251565e-16,0.2735660335700911,0.2761651688551215,0.21481872239196143,2.4179821381427696e-18,0.2354500751828258
2020-04-01,-0.004919467927540855,1.1102230246251565e-16,0.2735660335700912,0.27616516885512155,0.21481872239196148,2.41798213814277e-18,0.23545007518282585
2020-04-02,0.01280764347802861,1.1102230246251565e-16,0.2735660335700911,0.2761651688551215,0.21481872239196143,2.4179821381427696e-18,0.2354500751828258
2020-04-03,-0.0009349680148110578,1.1102230246251565e-16,0.2735660335700912,0.27616516885512155,0.21481872239196148,2.41798213814277e-18,0.23545007518282585
2020-04-06,0.023692142415438697,1.1102230246251565e-16,0.2735660335700911,0.2761651688551215,0.21481872239196143,2.4179821381427696e-18,0.2354500751828258
2020-04-07,-0.005919418584827893,1.1102230246251565e-16,0.2735660335700912,0.27616516885512155,0.21481872239196148,2.41798213814277e-18,0.23545007518282585
2020-04-08,0.006130553907105652,1.1102230246251565e-16,0.2735660335700911,0.2761651688551215,0.21481872239196143,2.4179821381427696e-18,0.2354500751828258
2020-04-09,0.008541974857224244,1.1102230246251565e-16,0.2735660335700912,0.27616516885512155,0.21481872239196148,2.41798213814277e-18,0.23545007518282585
2020-04-13,-0.001686209066276336,1.1102230246251565e-16,0.2735660335700911,0.2761651688551215,0.21481872239196143,2.4179821381427696e-18,0.2354500751828258
2020-04-14,0.008378613500922331,1.1102230246251565e-16,0.2735660335700912,0.27616516885512155,0.21481872239196148,2.41798213814277e-18,0.23545007518282585
2020-04-15,0.002166188441439101,1.1102230246251565e-16,0.2735660335700911,0.2761651688551215,0.21481872239196143,2.4179821381427696e-18,0.2354500751828258
2020-04-16,0.005318381702211369,1.1102230246251565e-16,0.2735660335700912,0.27616516885512155,0.21481872239196148,2.41798213814277e-18,0.23545007518282585
2020-04-17,-0.0010912749630342471,1.1102230246251565e-16,0.2735660335700911,0.2761651688551215,0.21481872239196143,2.4179821381427696e-18,0.2354500751828258
2020-04-20,-0.0002825175835126535,1.1102230246251565e-16,0.2735660335700912,0.27616516885512155,0.21481872239196148,2.41798213814277e-18,0.23545007518282585
2020-04-21,-0.005947588533474931,1.1102230246251565e-16,0.2735660335700911,0.2761651688551215,0.21481872239196143,2.4179821381427696e-18,0.2354500751828258
2020-04-22,0.008169860646086137,1.1102230246251565e-16,0.2735660335700912,0.27616516885512155,0.21481872239196148,2.41798213814277e-18,0.23545007518282585
2020-04-23,0.0036712306275220653,1.1102230246251565e-16,0.2735660335700911,0.2761651688551215,0.21481872239196143,2.4179821381427696e-18,0.2354500751828258
2020-04-24,0.0030217809928120864,1.1102230246251565e-16,0.2735660335700912,0.27616516885512155,0.21481872239196148,2.41798213814277e-18,0.23545007518282585
2020-04-27,-0.0032289814197627117,1.1102230246251565e-16,0.2735660335700911,0.2761651688551215,0.21481872239196143,2.4179821381427696e-18,0.2354500751828258
2020-04-28,0.0007030406906331304,1.1102230246251565e-16,0.2735660335700912,0.27616516885512155,0.21481872239196148,2.41798213814277e-18,0.23545007518282585
2020-04-29,0.005960425545894945,1.1102230246251565e-16,0.2735660335700911,0.2761651688551215,0.21481872239196143,2.4179821381427696e-18,0.2354500751828258
2020-04-30,-0.011148314885856322,1.1102230246251565e-16,0.2735660335700912,0.27616516885512155,0.21481872239196148,2.41798213814277e-18,0.23545007518282585
2020-05-01,-0.0032879261015484563,1.1102230246251565e-16,0.2735660335700911,0.2761651688551215,0.21481872239196143,2.4179821381427696e-18,0.2354500751828258
2020-05-04,0.0015252062699250247,1.1102230246251565e-16,0.2735660335700912,0.27616516885512155,0.21481872239196148,2.41798213814277e-18,0.23545007518282585
2020-05-05,0.00184547496283828,1.1102230246251565e-16,0.2735660335700911,0.2761651688551215,0.21481872239196143,2.4179821381427696e-18,0.2354500751828258
2020-05-06,-0.007938030189305506,1.1102230246251565e-16,0.2735660335700912,0.27616516885512155,0.21481872239196148,2.41798213814277e-18,0.23545007518282585
2020-05-07,0.010517869039266808,1.1102230246251565e-16,0.2735660335700911,0.2761651688551215,0.21481872239196143,2.4179821381427696e-18,0.2354500751828258
2020-05-08,-0.0004422336966187143,1.1102230246251565e-16,0.2735660335700912,0.27616516885512155,0.21481872239196148,2.41798213814277e-18,0.23545007518282585
2020-05-11,-0.0025676703571062562,1.1102230246251565e-16,0.2735660335700911,0.2761651688551215,0.21481872239196143,2.4179821381427696e-18,0.2354500751828258
2020-05-12,-0.0022162668038851092,1.1102230246251565e-16,0.2735660335700912,0.27616516885512155,0.21481872239196148,2.41798213814277e-18,0.23545007518282585
2020-05-13,-0.0004043483585320748,1.1102230246251565e-16,0.2735660335700911,0.2761651688551215,0.21481872239196143,2.4179821381427696e-18,0.2354500751828258
2020-05-14,0.00813830279603149,1.1102230246251565e-16,0.2735660335700912,0.27616516885512155,0.21481872239196148,2.41798213814277e-18,0.23545007518282585
2020-05-15,0.0019329865513716814,1.1102230246251565e-16,0.2735660335700911,0.2761651688551215,0.21481872239196143,2.4179821381427696e-18,0.2354500751828258
2020-05-18,-0.0012609927431567148,1.1102230246251565e-16,0.2735660335700912,0.27616516885512155,0.21481872239196148,2.41798213814277e-18,0.23545007518282585
2020-05-19,0.00012180869371050348,1.1102230246251565e-16,0.2735660335700911,0.2761651688551215,0.21481872239196143,2.4179821381427696e-18,0.2354500751828258
2020-05-20,0.005197530487308808,1.1102230246251565e-16,0.2735660335700912,0.27616516885512155,0.21481872239196148,2.41798213814277e-18,0.23545007518282585
2020-05-21,-0.0038041298653526717,1.1102230246251565e-16,0.2735660335700911,0.2761651688551215,0.21481872239196143,2.4179821381427696e-18,0.2354500751828258
2020-05-22,0.004151978362709375,1.1102230246251565e-16,0.2735660335700912,0.27616516885512155,0.21481872239196148,2.41798213814277e-18,0.23545007518282585
2020-05-26,-0.005131142882123306,1.1102230246251565e-16,0.2735660335700911,0.2761651688551215,0.21481872239196143,2.4179821381427696e-18,0.2354500751828258
2020-05-27,0.0038623978305763846,1.1102230246251565e-16,0.2735660335700912,0.27616516885512155,0.21481872239196148,2.41798213814277e-18,0.23545007518282585
2020-05-28,-0.0020321735650787485,1.1102230246251565e-16,0.2735660335700911,0.2761651688551215,0.21481872239196143,2.4179821381427696e-18,0.2354500751828258
2020-05-29,0.0044183576522894615,1.1102230246251565e-16,0.2735660335700912,0.27616516885512155,0.21481872239196148,2.41798213814277e-18,0.23545007518282585
2020-06-01,-0.0010923141016498075,1.1102230246251565e-16,0.2735660335700911,0.2761651688551215,0.21481872239196143,2.4179821381427696e-18,0.2354500751828258
2020-06-02,-0.0003972595568259166,1.1102230246251565e-16,0.2735660335700912,0.27616516885512155,0.21481872239196148,2.41798213814277e-18,0.23545007518282585
2020-06-03,-0.005420945392982086,1.1102230246251565e-16,0.2735660335700911,0.2761651688551215,0.21481872239196143,2.4179821381427696e-18,0.2354500751828258
2020-06-04,-0.00335255272839885,1.1102230246251565e-16,0.2735660335700912,0.27616516885512155,0.21481872239196148,2.41798213814277e-18,0.23545007518282585
2020-06-05,0.001138593132817111,1.1102230246251565e-16,0.2735660335700911,0.2761651688551215,0.21481872239196143,2.4179821381427696e-18,0.2354500751828258
2020-06-08,0.006064169261552779,1.1102230246251565e-16,0.2735660335700912,0.27616516885512155,0.21481872239196148,2.41798213814277e-18,0.23545007518282585
2020-06-09,0.002447628923163893,1.1102230246251565e-16,0.2735660335700911,0.2761651688551215,0.21481872239196143,2.4179821381427696e-18,0.2354500751828258
2020-06-10,0.004470945340717618,1.1102230246251565e-16,0.2735660335700912,0.27616516885512155,0.21481872239196148,2.41798213814277e-18,0.23545007518282585
2020-06-11,-0.009739667685471102,1.1102230246251565e-16,0.2735660335700911,0.2761651688551215,0.21481872239196143,2.4179821381427696e-18,0.2354500751828258
2020-06-12,0.0015469889485354967,1.1102230246251565e-16,0.2735660335700912,0.27616516885512155,0.21481872239196148,2.41798213814277e-18,0.23545007518282585
2020-06-15,0.0013377007846474887,1.1102230246251565e-16,0.2735660335700911,0.2761651688551215,0.21481872239196143,2.4179821381427696e-18,0.2354500751828258
2020-06-16,0.0016453601158787742,1.1102230246251565e-16,0.2735660335700912,0.27616516885512155,0.21481872239196148,2.41798213814277e-18,0.23545007518282585
2020-06-17,0.0005936347427896194,1.1102230246251565e-16,0.2735660335700911,0.2761651688551215,0.21481872239196143,2.4179821381427696e-18,0.2354500751828258
2020-06-18,0.00350333280693238,1.1102230246251565e-16,0.2735660335700912,0.27616516885512155,0.21481872239196148,2.41798213814277e-18,0.23545007518282585
2020-06-19,0.0012961030858278984,1.1102230246251565e-16,0.2735660335700911,0.2761651688551215,0.21481872239196143,2.4179821381427696e-18,0.2354500751828258
2020-06-22,0.001927511282038264,1.1102230246251565e-16,0.2735660335700912,0.27616516885512155,0.21481872239196148,2.41798213814277e-18,0.23545007518282585
2020-06-23,0.00037312891111972385,1.1102230246251565e-16,0.2735660335700911,0.2761651688551215,0.21481872239196143,2.4179821381427696e-18,0.2354500751828258
2020-06-24,-0.003684481554948037,1.1102230246251565e-16,0.2735660335700912,0.27616516885512155,0.21481872239196148,2.41798213814277e-18,0.23545007518282585
2020-06-25,0.003958141750517513,1.1102230246251565e-16,0.2735660335700911,0.2761651688551215,0.21481872239196143,2.4179821381427696e-18,0.2354500751828258
2020-06-26,-0.0022250666725802683,1.1102230246251565e-16,0.2735660335700912,0.27616516885512155,0.21481872239196148,2.41798213814277e-18,0.23545007518282585
2020-06-29,0.0033572786559876292,1.1102230246251565e-16,0.2735660335700911,0.2761651688551215,0.21481872239196143,2.4179821381427696e-18,0.2354500751828258
2020-06-30,0.0027596625858604526,1.1102230246251565e-16,0.2735660335700912,0.27616516885512155,0.21481872239196148,2.41798213814277e-18,0.23545007518282585
2020-07-01,-0.00011934845902481514,1.1102230246251565e-16,0.2735660335700911,0.2761651688551215,0.21481872239196143,2.4179821381427696e-18,0.2354500751828258
2020-07-02,0.0024371347756974226,1.1102230246251565e-16,0.2735660335700912,0.27616516885512155,0.21481872239196148,2.41798213814277e-18,0.23545007518282585
2020-07-06,0.003124385943012381,1.1102230246251565e-16,0.2735660335700911,0.2761651688551215,0.21481872239196143,2.4179821381427696e-18,0.2354500751828258
2020-07-07,0.0029562065223021133,1.1102230246251565e-16,0.2735660335700912,0.27616516885512155,0.21481872239196148,2.41798213814277e-18,0.23545007518282585
2020-07-08,0.0010654705785293596,1.1102230246251565e-16,0.2735660335700911,0.2761651688551215,0.21481872239196143,2.4179821381427696e-18,0.2354500751828258
2020-07-09,0.003071900756269119,1.1102230246251565e-16,0.2735660335700912,0.27616516885512155,0.21481872239196148,2.41798213814277e-18,0.23545007518282585
2020-07-10,0.00048819292328339476,1.1102230246251565e-16,0.2735660335700911,0.2761651688551215,0.21481872239196143,2.4179821381427696e-18,0.2354500751828258
2020-07-13,-0.0015497250734671816,1.1102230246251565e-16,0.2735660335700912,0.27616516885512155,0.21481872239196148,2.41798213814277e-18,0.23545007518282585
2020-07-14,0.004492509783370533,1.1102230246251565e-16,0.2735660335700911,0.2761651688551215,0.21481872239196143,2.4179821381427696e-18,0.2354500751828258
2020-07-15,0.0007803255101592752,1.1102230246251565e-16,0.2735660335700912,0.27616516885512155,0.21481872239196148,2.41798213814277e-18,0.23545007518282585
2020-07-16,-0.000803192376384244,1.1102230246251565e-16,0.2735660335700911,0.2761651688551215,0.21481872239196143,2.4179821381427696e-18,0.2354500751828258
2020-07-17,0.0009899483221712103,1.1102230246251565e-16,0.2735660335700912,0.27616516885512155,0.21481872239196148,2.41798213814277e-18,0.23545007518282585
2020-07-20,0.003561994269585731,1.1102230246251565e-16,0.2735660335700911,0.2761651688551215,0.21481872239196143,2.4179821381427696e-18,0.2354500751828258
2020-07-21,0.001880842234390711,1.1102230246251565e-16,0.2735660335700912,0.27616516885512155,0.21481872239196148,2.41798213814277e-18,0.23545007518282585
2020-07-22,0.0050077242719634455,1.1102230246251565e-16,0.2735660335700911,0.2761651688551215,0.21481872239196143,2.4179821381427696e-18,0.2354500751828258
2020-07-23,0.0013989157684928275,1.1102230246251565e-16,0.2735660335700912,0.27616516885512155,0.21481872239196148,2.41798213814277e-18,0.23545007518282585
2020-07-24,-0.0009465077573318648,1.1102230246251565e-16,0.2735660335700911,0.2761651688551215,0.21481872239196143,2.4179821381427696e-18,0.2354500751828258
2020-07-27,0.0034591001952950615,1.1102230246251565e-16,0.2735660335700912,0.27616516885512155,0.21481872239196148,2.41798213814277e-18,0.23545007518282585
2020-07-28,0.0023394552178962495,1.1102230246251565e-16,0.2735660335700911,0.2761651688551215,0.21481872239196143,2.4179821381427696e-18,0.2354500751828258
2020-07-29,0.0033928713855211753,1.1102230246251565e-16,0.2735660335700912,0.27616516885512155,0.21481872239196148,2.41798213814277e-18,0.23545007518282585
2020-07-30,-0.0016792687910446588,1.1102230246251565e-16,0.2735660335700911,0.2761651688551215,0.21481872239196143,2.4179821381427696e-18,0.2354500751828258
2020-07-31,0.005341940630669729,1.1102230246251565e-16,0.2735660335700912,0.27616516885512155,0.21481872239196148,2.41798213814277e-18,0.23545007518282585
2020-08-03,0.0007547514560567196,1.1102230246251565e-16,0.2735660335700911,0.2761651688551215,0.21481872239196143,2.4179821381427696e-18,0.2354500751828258
2020-08-04,0.007421678030357967,1.1102230246251565e-16,0.2735660335700912,0.27616516885512155,0.21481872239196148,2.41798213814277e-18,0.23545007518282585
2020-08-05,0.0002506497444238324,1.1102230246251565e-16,0.2735660335700911,0.2761651688551215,0.21481872239196143,2.4179821381427696e-18,0.2354500751828258
2020-08-06,0.006222850601275164,1.1102230246251565e-16,0.2735660335700912,0.27616516885512155,0.21481872239196148,2.41798213814277e-18,0.23545007518282585
2020-08-07,-0.003648697969373616,1.1102230246251565e-16,0.2735660335700911,0.2761651688551215,0.21481872239196143,2.4179821381427696e-18,0.2354500751828258
2020-08-10,-0.0007877036743789594,1.1102230246251565e-16,0.2735660335700912,0.27616516885512155,0.21481872239196148,2.41798213814277e-18,0.23545007518282585
2020-08-11,-0.01670218943017616,1.1102230246251565e-16,0.2735660335700911,0.2761651688551215,0.21481872239196143,2.4179821381427696e-18,0.2354500751828258
2020-08-12,-0.00044510151141805053,1.1102230246251565e-16,0.2735660335700912,0.27616516885512155,0.21481872239196148,2.41798213814277e-18,0.23545007518282585
2020-08-13,0.0015340899265215624,1.1102230246251565e-16,0.2735660335700911,0.2761651688551215,0.21481872239196143,2.4179821381427696e-18,0.2354500751828258
2020-08-14,-0.002369898955425728,1.1102230246251565e-16,0.2735660335700912,0.27616516885512155,0.21481872239196148,2.41798213814277e-18,0.23545007518282585
2020-08-17,0.005194490269196064,1.1102230246251565e-16,0.2735660335700911,0.2761651688551215,0.21481872239196143,2.4179821381427696e-18,0.2354500751828258
2020-08-18,0.0031863678114885797,1.1102230246251565e-16,0.2735660335700912,0.27616516885512155,0.21481872239196148,2.41798213814277e-18,0.23545007518282585
2020-08-19,-0.007757343551322399,1.1102230246251565e-16,0.2735660335700911,0.2761651688551215,0.21481872239196143,2.4179821381427696e-18,0.2354500751828258
2020-08-20,0.004177346999163757,1.1102230246251565e-16,0.2735660335700912,0.27616516885512155,0.21481872239196148,2.41798213814277e-18,0.23545007518282585
2020-08-21,0.0020319931281710443,1.1102230246251565e-16,0.2735660335700911,0.2761651688551215,0.21481872239196143,2.4179821381427696e-18,0.2354500751828258
2020-08-24,0.0014818164811547271,1.1102230246251565e-16,0.2735660335700912,0.27616516885512155,0.21481872239196148,2.41798213814277e-18,0.23545007518282585
2020-08-25,-0.0017354750356704046,1.1102230246251565e-16,0.2735660335700911,0.2761651688551215,0.21481872239196143,2.4179821381427696e-18,0.2354500751828258
2020-08-26,0.003941677567055246,1.1102230246251565e-16,0.2735660335700912,0.27616516885512155,0.21481872239196148,2.41798213814277e-18,0.23545007518282585
2020-08-27,-0.006301584991683274,1.1102230246251565e-16,0.2735660335700911,0.2761651688551215,0.21481872239196143,2.4179821381427696e-18,0.2354500751828258
2020-08-28,0.003421402391428366,1.1102230246251565e-16,0.2735660335700912,0.27616516885512155,0.21481872239196148,2.41798213814277e-18,0.23545007518282585
2020-08-31,0.0010723796568356098,1.1102230246251565e-16,0.2735660335700911,0.2761651688551215,0.21481872239196143,2.4179821381427696e-18,0.2354500751828258
2020-09-01,0.006463815451031423,1.1102230246251565e-16,0.2735660335700912,0.27616516885512155,0.21481872239196148,2.41798213814277e-18,0.23545007518282585
2020-09-02,0.004614387029778762,1.1102230246251565e-16,0.2735660335700911,0.2761651688551215,0.21481872239196143,2.4179821381427696e-18,0.2354500751828258
2020-09-03,-0.010276776421701462,1.1102230246251565e-16,0.2735660335700912,0.27616516885512155,0.21481872239196148,2.41798213814277e-18,0.23545007518282585
2020-09-04,-0.006508539315134425,1.1102230246251565e-16,0.2735660335700911,0.2761651688551215,0.21481872239196143,2.4179821381427696e-18,0.2354500751828258
2020-09-08,-0.004971695695743755,1.1102230246251565e-16,0.2735660335700912,0.27616516885512155,0.21481872239196148,2.41798213814277e-18,0.23545007518282585
2020-09-09,0.006372186565793367,1.1102230246251565e-16,0.2735660335700911,0.2761651688551215,0.21481872239196143,2.4179821381427696e-18,0.2354500751828258
2020-09-10,-0.003571305313917302,1.1102230246251565e-16,0.2735660335700912,0.27616516885512155,0.21481872239196148,2.41798213814277e-18,0.23545007518282585
2020-09-11,0.00024970443686173386,1.1102230246251565e-16,0.2735660335700911,0.2761651688551215,0.21481872239196143,2.4179821381427696e-18,0.2354500751828258
2020-09-14,0.0047208883980227115,1.1102230246251565e-16,0.2735660335700912,0.27616516885512155,0.21481872239196148,2.41798213814277e-18,0.23545007518282585
2020-09-15,0.00038375190944628417,1.1102230246251565e-16,0.2735660335700911,0.2761651688551215,0.21481872239196143,2.4179821381427696e-18,0.2354500751828258
2020-09-16,-0.0010203664972198486,1.1102230246251565e-16,0.2735660335700912,0.27616516885512155,0.21481872239196148,2.41798213814277e-18,0.23545007518282585
2020-09-17,-0.0035832144062704083,1.1102230246251565e-16,0.2735660335700911,0.2761651688551215,0.21481872239196143,2.4179821381427696e-18,0.2354500751828258
2020-09-18,-0.00344437759771165,1.1102230246251565e-16,0.2735660335700912,0.27616516885512155,0.21481872239196148,2.41798213814277e-18,0.23545007518282585
2020-09-21,-0.004270615895282904,1.1102230246251565e-16,0.2735660335700911,0.2761651688551215,0.21481872239196143,2.4179821381427696e-18,0.2354500751828258
2020-09-22,0.002364417996965054,1.1102230246251565e-16,0.2735660335700912,0.27616516885512155,0.21481872239196148,2.41798213814277e-18,0.23545007518282585
2020-09-23,-0.009316889684272425,1.1102230246251565e-16,0.2735660335700911,0.2761651688551215,0.21481872239196143,2.4179821381427696e-18,0.2354500751828258
2020-09-24,0.0022165225661575365,1.1102230246251565e-16,0.2735660335700912,0.27616516885512155,0.21481872239196148,2.41798213814277e-18,0.23545007518282585
2020-09-25,0.004457296224058866,1.1102230246251565e-16,0.2735660335700911,0.2761651688551215,0.21481872239196143,2.4179821381427696e-18,0.2354500751828258
2020-09-28,0.005181750156099022,1.1102230246251565e-16,0.2735660335700912,0.27616516885512155,0.21481872239196148,2.41798213814277e-18,0.23545007518282585
2020-09-29,-0.000469142700134291,1.1102230246251565e-16,0.2735660335700911,0.2761651688551215,0.21481872239196143,2.4179821381427696e-18,0.2354500751828258
2020-09-30,-0.0018628713231653268,1.1102230246251565e-16,0.2735660335700912,0.27616516885512155,0.21481872239196148,2.41798213814277e-18,0.23545007518282585
2020-10-01,0.0037567640110394334,1.1102230246251565e-16,0.2735660335700911,0.2761651688551215,0.21481872239196143,2.4179821381427696e-18,0.2354500751828258
2020-10-02,-0.0032629028496926767,1.1102230246251565e-16,0.2735660335700912,0.27616516885512155,0.21481872239196148,2.41798213814277e-18,0.23545007518282585
2020-10-05,-0.0005188233644977105,1.1102230246251565e-16,0.2735660335700911,0.2761651688551215,0.21481872239196143,2.4179821381427696e-18,0.2354500751828258
2020-10-06,-0.004274672067837379,1.1102230246251565e-16,0.2735660335700912,0.27616516885512155,0.21481872239196148,2.41798213814277e-18,0.23545007518282585
2020-10-07,0.002372138794329343,1.1102230246251565e-16,0.2735660335700911,0.2761651688551215,0.21481872239196143,2.4179821381427696e-18,0.2354500751828258
2020-10-08,0.0045863572406738135,1.1102230246251565e-16,0.2735660335700912,0.27616516885512155,0.21481872239196148,2.41798213814277e-18,0.23545007518282585
2020-10-09,0.00489604314539073,1.1102230246251565e-16,0.2735660335700911,0.2761651688551215,0.21481872239196143,2.4179821381427696e-18,0.2354500751828258
2020-10-12,0.004382901836511913,1.1102230246251565e-16,0.2735660335700912,0.27616516885512155,0.21481872239196148,2.41798213814277e-18,0.23545007518282585
2020-10-13,-0.0017800576596909224,1.1102230246251565e-16,0.2735660335700911,0.2761651688551215,0.21481872239196143,2.4179821381427696e-18,0.2354500751828258
2020-10-14,-0.0009816897199435013,1.1102230246251565e-16,0.2735660335700912,0.27616516885512155,0.21481872239196148,2.41798213814277e-18,0.23545007518282585
2020-10-15,0.0010894448249784985,1.1102230246251565e-16,0.2735660335700911,0.2761651688551215,0.21481872239196143,2.4179821381427696e-18,0.2354500751828258
2020-10-16,-0.0019564123976908857,1.1102230246251565e-16,0.2735660335700912,0.27616516885512155,0.21481872239196148,2.41798213814277e-18,0.23545007518282585
2020-10-19,-0.005839323847982954,1.1102230246251565e-16,0.2735660335700911,0.2761651688551215,0.21481872239196143,2.4179821381427696e-18,0.2354500751828258
2020-10-20,-0.0012439490961046774,1.1102230246251565e-16,0.2735660335700912,0.27616516885512155,0.21481872239196148,2.41798213814277e-18,0.23545007518282585
2020-10-21,-0.0010716371979116914,1.1102230246251565e-16,0.2735660335700911,0.2761651688551215,0.21481872239196143,2.4179821381427696e-18,0.2354500751828258
2020-10-22,-0.0025343128894466395,1.1102230246251565e-16,0.2735660335700912,0.27616516885512155,0.21481872239196148,2.41798213814277e-18,0.23545007518282585
2020-10-23,0.0018258475308466854,1.1102230246251565e-16,0.2735660335700911,0.2761651688551215,0.21481872239196143,2.4179821381427696e-18,0.2354500751828258
2020-10-26,-0.0017483687831832406,1.1102230246251565e-16,0.2735660335700912,0.27616516885512155,0.21481872239196148,2.41798213814277e-18,0.23545007518282585
2020-10-27,0.0010069330876568826,1.1102230246251565e-16,0.2735660335700911,0.2761651688551215,0.21481872239196143,2.4179821381427696e-18,0.2354500751828258
2020-10-28,-0.011057961444071472,1.1102230246251565e-16,0.2735660335700912,0.27616516885512155,0.21481872239196148,2.41798213814277e-18,0.23545007518282585
2020-10-29,0.00014193960728658842,1.1102230246251565e-16,0.2735660335700911,0.2761651688551215,0.21481872239196143,2.4179821381427696e-18,0.2354500751828258
2020-10-30,-0.004317884408966573,1.1102230246251565e-16,0.2735660335700912,0.27616516885512155,0.21481872239196148,2.41798213814277e-18,0.23545007518282585
2020-11-02,0.007498183410161941,1.1102230246251565e-16,0.2735660335700911,0.2761651688551215,0.21481872239196143,2.4179821381427696e-18,0.2354500751828258
2020-11-03,0.0031495166351759307,1.1102230246251565e-16,0.2735660335700912,0.27616516885512155,0.21481872239196148,2.41798213814277e-18,0.23545007518282585
2020-11-04,0.01161179505652268,1.1102230246251565e-16,0.2735660335700911,0.2761651688551215,0.21481872239196143,2.4179821381427696e-18,0.2354500751828258
2020-11-05,0.008511906815403748,1.1102230246251565e-16,0.2735660335700912,0.27616516885512155,0.21481872239196148,2.41798213814277e-18,0.23545007518282585
2020-11-06,-0.003942592451952874,1.1102230246251565e-16,0.2735660335700911,0.2761651688551215,0.21481872239196143,2.4179821381427696e-18,0.2354500751828258
2020-11-09,-0.010362783547860646,1.1102230246251565e-16,0.2735660335700912,0.27616516885512155,0.21481872239196148,2.41798213814277e-18,0.23545007518282585
2020-11-10,-0.0012822961795344954,1.1102230246251565e-16,0.2735660335700911,0.2761651688551215,0.21481872239196143,2.4179821381427696e-18,0.2354500751828258
2020-11-11,0.002381497230871393,1.1102230246251565e-16,0.2735660335700912,0.27616516885512155,0.21481872239196148,2.41798213814277e-18,0.23545007518282585
2020-11-12,0.003347883822840324,1.1102230246251565e-16,0.2735660335700911,0.2761651688551215,0.21481872239196143,2.4179821381427696e-18,0.2354500751828258
2020-11-13,0.0044168484083888385,1.1102230246251565e-16,0.2735660335700912,0.27616516885512155,0.21481872239196148,2.41798213814277e-18,0.23545007518282585
2020-11-16,0.0021746039776445437,1.1102230246251565e-16,0.2735660335700911,0.2761651688551215,0.21481872239196143,2.4179821381427696e-18,0.2354500751828258
2020-11-17,-0.0008338875192955178,1.1102230246251565e-16,0.2735660335700912,0.27616516885512155,0.21481872239196148,2.41798213814277e-18,0.23545007518282585
2020-11-18,-0.0036271099483403835,1.1102230246251565e-16,0.2735660335700911,0.2761651688551215,0.21481872239196143,2.4179821381427696e-18,0.2354500751828258
2020-11-19,0.0017917992833964653,1.1102230246251565e-16,0.2735660335700912,0.27616516885512155,0.21481872239196148,2.41798213814277e-18,0.23545007518282585
2020-11-20,0.0015101641847063544,1.1102230246251565e-16,0.2735660335700911,0.2761651688551215,0.21481872239196143,2.4179821381427696e-18,0.2354500751828258
2020-11-23,-0.003478432523631317,1.1102230246251565e-16,0.2735660335700912,0.27616516885512155,0.21481872239196148,2.41798213814277e-18,0.23545007518282585
2020-11-24,-0.0027644145684309262,1.1102230246251565e-16,0.2735660335700911,0.2761651688551215,0.21481872239196143,2.4179821381427696e-18,0.2354500751828258
2020-11-25,-0.0017524298886342452,1.1102230246251565e-16,0.2735660335700912,0.27616516885512155,0.21481872239196148,2.41798213814277e-18,0.23545007518282585
2020-11-27,0.0007878732364981131,1.1102230246251565e-16,0.2735660335700911,0.2761651688551215,0.21481872239196143,2.4179821381427696e-18,0.2354500751828258
2020-11-30,-0.0024192428953645896,1.1102230246251565e-16,0.2735660335700912,0.27616516885512155,0.21481872239196148,2.41798213814277e-18,0.23545007518282585
2020-12-01,0.001357340437256293,1.1102230246251565e-16,0.2735660335700911,0.2761651688551215,0.21481872239196143,2.4179821381427696e-18,0.2354500751828258
2020-12-02,-0.00028774653769869565,1.1102230246251565e-16,0.2735660335700912,0.27616516885512155,0.21481872239196148,2.41798213814277e-18,0.23545007518282585
2020-12-03,0.002598083602860881,1.1102230246251565e-16,0.2735660335700911,0.2761651688551215,0.21481872239196143,2.4179821381427696e-18,0.2354500751828258
2020-12-04,-0.0020128495600606933,1.1102230246251565e-16,0.2735660335700912,0.27616516885512155,0.21481872239196148,2.41798213814277e-18,0.23545007518282585
2020-12-07,0.005517808545951031,1.1102230246251565e-16,0.2735660335700911,0.2761651688551215,0.21481872239196143,2.4179821381427696e-18,0.2354500751828258
2020-12-08,0.0031428856847409985,1.1102230246251565e-16,0.2735660335700912,0.27616516885512155,0.21481872239196148,2.41798213814277e-18,0.23545007518282585
2020-12-09,-0.006942387782037638,1.1102230246251565e-16,0.2735660335700911,0.2761651688551215,0.21481872239196143,2.4179821381427696e-18,0.2354500751828258
2020-12-10,0.0012760890871560669,1.1102230246251565e-16,0.2735660335700912,0.27616516885512155,0.21481872239196148,2.41798213814277e-18,0.23545007518282585
2020-12-11,0.001633047743156308,1.1102230246251565e-16,0.2735660335700911,0.2761651688551215,0.21481872239196143,2.4179821381427696e-18,0.2354500751828258
2020-12-14,-0.0038448068412039837,1.1102230246251565e-16,0.2735660335700912,0.27616516885512155,0.21481872239196148,2.41798213814277e-18,0.23545007518282585
2020-12-15,0.005009707835643831,1.1102230246251565e-16,0.2735660335700911,0.2761651688551215,0.21481872239196143,2.4179821381427696e-18,0.2354500751828258
2020-12-16,0.0005901713006292242,1.1102230246251565e-16,0.2735660335700912,0.27616516885512155,0.21481872239196148,2.41798213814277e-18,0.23545007518282585
2020-12-17,0.0018024120306074547,1.1102230246251565e-16,0.2735660335700911,0.2761651688551215,0.21481872239196143,2.4179821381427696e-18,0.2354500751828258
2020-12-18,-0.0019931693064798,1.1102230246251565e-16,0.2735660335700912,0.27616516885512155,0.21481872239196148,2.41798213814277e-18,0.23545007518282585
2020-12-21,-7.934285198623464e-05,1.1102230246251565e-16,0.2735660335700911,0.2761651688551215,0.21481872239196143,2.4179821381427696e-18,0.2354500751828258
2020-12-22,0.0005254985122878086,1.1102230246251565e-16,0.2735660335700912,0.27616516885512155,0.21481872239196148,2.41798213814277e-18,0.23545007518282585
2020-12-23,-0.001293784768918979,1.1102230246251565e-16,0.2735660335700911,0.2761651688551215,0.21481872239196143,2.4179821381427696e-18,0.2354500751828258
2020-12-24,0.003206600456211772,1.1102230246251565e-16,0.2735660335700912,0.27616516885512155,0.21481872239196148,2.41798213814277e-18,0.23545007518282585
2020-12-28,0.001693521211878232,1.1102230246251565e-16,0.2735660335700911,0.2761651688551215,0.21481872239196143,2.4179821381427696e-18,0.2354500751828258
2020-12-29,-0.0008638981199783019,1.1102230246251565e-16,0.2735660335700912,0.27616516885512155,0.21481872239196148,2.41798213814277e-18,0.23545007518282585
2020-12-30,0.0016621329922649275,1.1102230246251565e-16,0.2735660335700911,0.2761651688551215,0.21481872239196143,2.4179821381427696e-18,0.2354500751828258
2020-12-31,0.003272950786552901,1.1102230246251565e-16,0.2735660335700912,0.27616516885512155,0.21481872239196148,2.41798213814277e-18,0.23545007518282585
2021-01-04,0.0009188419775954862,1.1102230246251565e-16,0.2735660335700911,0.2761651688551215,0.21481872239196143,2.4179821381427696e-18,0.2354500751828258
2021-01-05,-0.0008893667547392164,1.1102230246251565e-16,0.2735660335700912,0.27616516885512155,0.21481872239196148,2.41798213814277e-18,0.23545007518282585
2021-01-06,-0.007815405377076898,1.1102230246251565e-16,0.2735660335700911,0.2761651688551215,0.21481872239196143,2.4179821381427696e-18,0.2354500751828258
2021-01-07,0.0024970220195537555,1.1102230246251565e-16,0.2735660335700912,0.27616516885512155,0.21481872239196148,2.41798213814277e-18,0.23545007518282585
2021-01-08,-0.006292724003893915,1.1102230246251565e-16,0.2735660335700911,0.2761651688551215,0.21481872239196143,2.4179821381427696e-18,0.2354500751828258
2021-01-11,-0.0012666135580794726,1.1102230246251565e-16,0.2735660335700912,0.27616516885512155,0.21481872239196148,2.41798213814277e-18,0.23545007518282585
2021-01-12,-2.426188655821988e-05,1.1102230246251565e-16,0.2735660335700911,0.2761651688551215,0.21481872239196143,2.4179821381427696e-18,0.2354500751828258
2021-01-13,0.003697036505129203,1.1102230246251565e-16,0.2735660335700912,0.27616516885512155,0.21481872239196148,2.41798213814277e-18,0.23545007518282585
2021-01-14,-0.004139689755167901,1.1102230246251565e-16,0.2735660335700911,0.2761651688551215,0.21481872239196143,2.4179821381427696e-18,0.2354500751828258
2021-01-15,-0.0020155605504902996,1.1102230246251565e-16,0.2735660335700912,0.27616516885512155,0.21481872239196148,2.41798213814277e-18,0.23545007518282585
2021-01-19,0.004186124396149258,1.1102230246251565e-16,0.2735660335700911,0.2761651688551215,0.21481872239196143,2.4179821381427696e-18,0.2354500751828258
2021-01-20,0.007459029744077456,1.1102230246251565e-16,0.2735660335700912,0.27616516885512155,0.21481872239196148,2.41798213814277e-18,0.23545007518282585
2021-01-21,-0.002884806801522344,1.1102230246251565e-16,0.2735660335700911,0.2761651688551215,0.21481872239196143,2.4179821381427696e-18,0.2354500751828258
2021-01-22,-0.0012811508219113827,1.1102230246251565e-16,0.2735660335700912,0.27616516885512155,0.21481872239196148,2.41798213814277e-18,0.23545007518282585
2021-01-25,0.00480908009374398,1.1102230246251565e-16,0.2735660335700911,0.2761651688551215,0.21481872239196143,2.4179821381427696e-18,0.2354500751828258
2021-01-26,-0.0021550739024104003,1.1102230246251565e-16,0.2735660335700912,0.27616516885512155,0.21481872239196148,2.41798213814277e-18,0.23545007518282585
2021-01-27,-0.005891558995615788,1.1102230246251565e-16,0.2735660335700911,0.2761651688551215,0.21481872239196143,2.4179821381427696e-18,0.2354500751828258
2021-01-28,0.00044762132271592954,1.1102230246251565e-16,0.2735660335700912,0.27616516885512155,0.21481872239196148,2.41798213814277e-18,0.23545007518282585
2021-01-29,-0.006935523756936848,1.1102230246251565e-16,0.2735660335700911,0.2761651688551215,0.21481872239196143,2.4179821381427696e-18,0.2354500751828258
2021-02-01,0.008046919618837849,1.1102230246251565e-16,0.2735660335700912,0.27616516885512155,0.21481872239196148,2.41798213814277e-18,0.23545007518282585
2021-02-02,-0.00023837792010441682,1.1102230246251565e-16,0.2735660335700911,0.2761651688551215,0.21481872239196143,2.4179821381427696e-18,0.2354500751828258
2021-02-03,-0.0026557478328284203,1.1102230246251565e-16,0.2735660335700912,0.27616516885512155,0.21481872239196148,2.41798213814277e-18,0.23545007518282585
2021-02-04,-0.001199245901757157,1.1102230246251565e-16,0.2735660335700911,0.2761651688551215,0.21481872239196143,2.4179821381427696e-18,0.2354500751828258
2021-02-05,-0.00045127103793614516,1.1102230246251565e-16,0.2735660335700912,0.27616516885512155,0.21481872239196148,2.41798213814277e-18,0.23545007518282585
2021-02-08,0.005255697419591727,1.1102230246251565e-16,0.2735660335700911,0.2761651688551215,0.21481872239196143,2.4179821381427696e-18,0.2354500751828258
2021-02-09,-0.0005247246992988435,1.1102230246251565e-16,0.2735660335700912,0.27616516885512155,0.21481872239196148,2.41798213814277e-18,0.23545007518282585
2021-02-10,0.002408260839496307,1.1102230246251565e-16,0.2735660335700911,0.2761651688551215,0.21481872239196143,2.4179821381427696e-18,0.2354500751828258
2021-02-11,-0.0030323771644238367,1.1102230246251565e-16,0.2735660335700912,0.27616516885512155,0.21481872239196148,2.41798213814277e-18,0.23545007518282585
2021-02-12,-0.00253771672495512,1.1102230246251565e-16,0.2735660335700911,0.2761651688551215,0.21481872239196143,2.4179821381427696e-18,0.2354500751828258
2021-02-16,-0.00752545022011674,1.1102230246251565e-16,0.2735660335700912,0.27616516885512155,0.21481872239196148,2.41798213814277e-18,0.23545007518282585
2021-02-17,0.00034316423086220996,1.1102230246251565e-16,0.2735660335700911,0.2761651688551215,0.21481872239196143,2.4179821381427696e-18,0.2354500751828258
2021-02-18,-0.0030640430468842636,1.1102230246251565e-16,0.2735660335700912,0.27616516885512155,0.21481872239196148,2.41798213814277e-18,0.23545007518282585
2021-02-19,-0.0038414997288841383,1.1102230246251565e-16,0.2735660335700911,0.2761651688551215,0.21481872239196143,2.4179821381427696e-18,0.2354500751828258
2021-02-22,-0.0016662989500398498,1.1102230246251565e-16,0.2735660335700912,0.27616516885512155,0.21481872239196148,2.41798213814277e-18,0.23545007518282585
2021-02-23,-0.0007644419441552823,1.1102230246251565e-16,0.2735660335700911,0.2761651688551215,0.21481872239196143,2.4179821381427696e-18,0.2354500751828258
2021-02-24,0.0006628521427187312,1.1102230246251565e-16,0.2735660335700912,0.27616516885512155,0.21481872239196148,2.41798213814277e-18,0.23545007518282585
2021-02-25,-0.014367410326710545,1.1102230246251565e-16,0.2735660335700911,0.2761651688551215,0.21481872239196143,2.4179821381427696e-18,0.2354500751828258
2021-02-26,0.004266274877307879,1.1102230246251565e-16,0.2735660335700912,0.27616516885512155,0.21481872239196148,2.41798213814277e-18,0.23545007518282585
2021-03-01,0.0028042467146001636,1.1102230246251565e-16,0.2735660335700911,0.2761651688551215,0.21481872239196143,2.4179821381427696e-18,0.2354500751828258
2021-03-02,-0.0018082826837800847,1.1102230246251565e-16,0.2735660335700912,0.27616516885512155,0.21481872239196148,2.41798213814277e-18,0.23545007518282585
2021-03-03,-0.008312432194413872,1.1102230246251565e-16,0.2735660335700911,0.2761651688551215,0.21481872239196143,2.4179821381427696e-18,0.2354500751828258
2021-03-04,-0.005743038185455874,1.1102230246251565e-16,0.2735660335700912,0.27616516885512155,0.21481872239196148,2.41798213814277e-18,0.23545007518282585
2021-03-05,0.006564088479525275,1.1102230246251565e-16,0.2735660335700911,0.2761651688551215,0.21481872239196143,2.4179821381427696e-18,0.2354500751828258
2021-03-08,-0.004405812621544049,1.1102230246251565e-16,0.2735660335700912,0.27616516885512155,0.21481872239196148,2.41798213814277e-18,0.23545007518282585
2021-03-09,0.010979028639855545,1.1102230246251565e-16,0.2735660335700911,0.2761651688551215,0.21481872239196143,2.4179821381427696e-18,0.2354500751828258
2021-03-10,0.002971189698020518,1.1102230246251565e-16,0.2735660335700912,0.27616516885512155,0.21481872239196148,2.41798213814277e-18,0.23545007518282585
2021-03-11,-0.0005468333944012912,1.1102230246251565e-16,0.2735660335700911,0.2761651688551215,0.21481872239196143,2.4179821381427696e-18,0.2354500751828258
2021-03-12,-0.0047667052458483525,1.1102230246251565e-16,0.2735660335700912,0.27616516885512155,0.21481872239196148,2.41798213814277e-18,0.23545007518282585
2021-03-15,0.004676489046321886,1.1102230246251565e-16,0.2735660335700911,0.2761651688551215,0.21481872239196143,2.4179821381427696e-18,0.2354500751828258
2021-03-16,-0.001256205877532691,1.1102230246251565e-16,0.2735660335700912,0.27616516885512155,0.21481872239196148,2.41798213814277e-18,0.23545007518282585
2021-03-17,-0.000740906874530634,1.1102230246251565e-16,0.2735660335700911,0.2761651688551215,0.21481872239196143,2.4179821381427696e-18,0.2354500751828258
2021-03-18,-0.006590381663223842,1.1102230246251565e-16,0.2735660335700912,0.27616516885512155,0.21481872239196148,2.41798213814277e-18,0.23545007518282585
2021-03-19,0.002199106151478546,1.1102230246251565e-16,0.2735660335700911,0.2761651688551215,0.21481872239196143,2.4179821381427696e-18,0.2354500751828258
2021-03-22,0.004488132512302752,1.1102230246251565e-16,0.2735660335700912,0.27616516885512155,0.21481872239196148,2.41798213814277e-18,0.23545007518282585
2021-03-23,0.00019950355554942652,1.1102230246251565e-16,0.2735660335700911,0.2761651688551215,0.21481872239196143,2.4179821381427696e-18,0.2354500751828258
2021-03-24,0.0014069096714572234,1.1102230246251565e-16,0.2735660335700912,0.27616516885512155,0.21481872239196148,2.41798213814277e-18,0.23545007518282585
2021-03-25,-0.0007583102840290857,1.1102230246251565e-16,0.2735660335700911,0.2761651688551215,0.21481872239196143,2.4179821381427696e-18,0.2354500751828258
2021-03-26,0.0037703831381810564,1.1102230246251565e-16,0.2735660335700912,0.27616516885512155,0.21481872239196148,2.41798213814277e-18,0.23545007518282585
2021-03-29,-0.0044725418483263285,1.1102230246251565e-16,0.2735660335700911,0.2761651688551215,0.21481872239196143,2.4179821381427696e-18,0.2354500751828258
2021-03-30,-0.002009985324695104,1.1102230246251565e-16,0.2735660335700912,0.27616516885512155,0.21481872239196148,2.41798213814277e-18,0.23545007518282585
2021-03-31,0.002639037680313405,1.1102230246251565e-16,0.2735660335700911,0.2761651688551215,0.21481872239196143,2.4179821381427696e-18,0.2354500751828258
2021-04-01,0.009219487812393238,1.1102230246251565e-16,0.2735660335700912,0.27616516885512155,0.21481872239196148,2.41798213814277e-18,0.23545007518282585
2021-04-05,0.0018887501122324284,1.1102230246251565e-16,0.2735660335700911,0.2761651688551215,0.21481872239196143,2.4179821381427696e-18,0.2354500751828258
2021-04-06,0.002872476640806613,1.1102230246251565e-16,0.2735660335700912,0.27616516885512155,0.21481872239196148,2.41798213814277e-18,0.23545007518282585
2021-04-07,-0.0019282478830233841,1.1102230246251565e-16,0.2735660335700911,0.2761651688551215,0.21481872239196143,2.4179821381427696e-18,0.2354500751828258
2021-04-08,0.004848072709684202,1.1102230246251565e-16,0.2735660335700912,0.27616516885512155,0.21481872239196148,2.41798213814277e-18,0.23545007518282585
2021-04-09,-0.0004409405719561868,1.1102230246251565e-16,0.2735660335700911,0.2761651688551215,0.21481872239196143,2.4179821381427696e-18,0.2354500751828258
2021-04-12,-0.0014181561039846773,1.1102230246251565e-16,0.2735660335700912,0.27616516885512155,0.21481872239196148,2.41798213814277e-18,0.23545007518282585
2021-04-13,0.003548114290056319,1.1102230246251565e-16,0.2735660335700911,0.2761651688551215,0.21481872239196143,2.4179821381427696e-18,0.2354500751828258
2021-04-14,-0.0030307921500627886,1.1102230246251565e-16,0.2735660335700912,0.27616516885512155,0.21481872239196148,2.41798213814277e-18,0.23545007518282585
2021-04-15,0.011032297375966907,1.1102230246251565e-16,0.2735660335700911,0.2761651688551215,0.21481872239196143,2.4179821381427696e-18,0.2354500751828258
2021-04-16,-0.0002176150102746752,1.1102230246251565e-16,0.2735660335700912,0.27616516885512155,0.21481872239196148,2.41798213814277e-18,0.23545007518282585
2021-04-19,-0.00406853808055983,1.1102230246251565e-16,0.2735660335700911,0.2761651688551215,0.21481872239196143,2.4179821381427696e-18,0.2354500751828258
2021-04-20,0.00041819936091196845,1.1102230246251565e-16,0.2735660335700912,0.27616516885512155,0.21481872239196148,2.41798213814277e-18,0.23545007518282585
2021-04-21,0.004984191335468832,1.1102230246251565e-16,0.2735660335700911,0.2761651688551215,0.21481872239196143,2.4179821381427696e-18,0.2354500751828258
2021-04-22,-0.002013835499269552,1.1102230246251565e-16,0.2735660335700912,0.27616516885512155,0.21481872239196148,2.41798213814277e-18,0.23545007518282585
2021-04-23,0.00015331208618588445,1.1102230246251565e-16,0.2735660335700911,0.2761651688551215,0.21481872239196143,2.4179821381427696e-18,0.2354500751828258
2021-04-26,0.0007449148209489154,1.1102230246251565e-16,0.2735660335700912,0.27616516885512155,0.21481872239196148,2.41798213814277e-18,0.23545007518282585
2021-04-27,-0.0029123737600079387,1.1102230246251565e-16,0.2735660335700911,0.2761651688551215,0.21481872239196143,2.4179821381427696e-18,0.2354500751828258
2021-04-28,-0.00013323043760413568,1.1102230246251565e-16,0.2735660335700912,0.27616516885512155,0.21481872239196148,2.41798213814277e-18,0.23545007518282585
2021-04-29,0.00013569212725519832,1.1102230246251565e-16,0.2735660335700911,0.2761651688551215,0.21481872239196143,2.4179821381427696e-18,0.2354500751828258
2021-04-30,4.932889227351458e-05,1.1102230246251565e-16,0.2735660335700912,0.27616516885512155,0.21481872239196148,2.41798213814277e-18,0.23545007518282585
2021-05-03,0.0024899426164148113,1.1102230246251565e-16,0.2735660335700911,0.2761651688551215,0.21481872239196143,2.4179821381427696e-18,0.2354500751828258
2021-05-04,-0.00032988475457477063,1.1102230246251565e-16,0.2735660335700912,0.27616516885512155,0.21481872239196148,2.41798213814277e-18,0.23545007518282585
2021-05-05,0.0013349313264774134,1.1102230246251565e-16,0.2735660335700911,0.2761651688551215,0.21481872239196143,2.4179821381427696e-18,0.2354500751828258
2021-05-06,0.005072600323432952,1.1102230246251565e-16,0.2735660335700912,0.27616516885512155,0.21481872239196148,2.41798213814277e-18,0.23545007518282585
2021-05-07,0.0008283335675472771,1.1102230246251565e-16,0.2735660335700911,0.2761651688551215,0.21481872239196143,2.4179821381427696e-18,0.2354500751828258
2021-05-10,-0.004854668251359301,1.1102230246251565e-16,0.2735660335700912,0.27616516885512155,0.21481872239196148,2.41798213814277e-18,0.23545007518282585
2021-05-11,-0.004161012128726921,1.1102230246251565e-16,0.2735660335700911,0.2761651688551215,0.21481872239196143,2.4179821381427696e-18,0.2354500751828258
2021-05-12,-0.009100243705528635,1.1102230246251565e-16,0.2735660335700912,0.27616516885512155,0.21481872239196148,2.41798213814277e-18,0.23545007518282585
2021-05-13,0.004210761657279241,1.1102230246251565e-16,0.2735660335700911,0.2761651688551215,0.21481872239196143,2.4179821381427696e-18,0.2354500751828258
2021-05-14,0.007776107994033995,1.1102230246251565e-16,0.2735660335700912,0.27616516885512155,0.21481872239196148,2.41798213814277e-18,0.23545007518282585
2021-05-17,0.0009291686085633026,1.1102230246251565e-16,0.2735660335700911,0.2761651688551215,0.21481872239196143,2.4179821381427696e-18,0.2354500751828258
2021-05-18,-0.003713138561555607,1.1102230246251565e-16,0.2735660335700912,0.27616516885512155,0.21481872239196148,2.41798213814277e-18,0.23545007518282585
2021-05-19,-0.00016535315334113214,1.1102230246251565e-16,0.2735660335700911,0.2761651688551215,0.21481872239196143,2.4179821381427696e-18,0.2354500751828258
2021-05-20,0.0050319480394202705,1.1102230246251565e-16,0.2735660335700912,0.27616516885512155,0.21481872239196148,2.41798213814277e-18,0.23545007518282585
2021-05-21,0.001539487492378604,1.1102230246251565e-16,0.2735660335700911,0.2761651688551215,0.21481872239196143,2.4179821381427696e-18,0.2354500751828258
2021-05-24,0.0036068628066816934,1.1102230246251565e-16,0.2735660335700912,0.27616516885512155,0.21481872239196148,2.41798213814277e-18,0.23545007518282585
2021-05-25,0.0036078098318466805,1.1102230246251565e-16,0.2735660335700911,0.2761651688551215,0.21481872239196143,2.4179821381427696e-18,0.2354500751828258
2021-05-26,0.0005716760761921985,1.1102230246251565e-16,0.2735660335700912,0.27616516885512155,0.21481872239196148,2.41798213814277e-18,0.23545007518282585
2021-05-27,-0.001076930740811318,1.1102230246251565e-16,0.2735660335700911,0.2761651688551215,0.21481872239196143,2.4179821381427696e-18,0.2354500751828258
2021-05-28,0.001055531578404738,1.1102230246251565e-16,0.2735660335700912,0.27616516885512155,0.21481872239196148,2.41798213814277e-18,0.23545007518282585
2021-06-01,-0.0012699086086742871,1.1102230246251565e-16,0.2735660335700911,0.2761651688551215,0.21481872239196143,2.4179821381427696e-18,0.2354500751828258
2021-06-02,0.0021203235286493434,1.1102230246251565e-16,0.2735660335700912,0.27616516885512155,0.21481872239196148,2.41798213814277e-18,0.23545007518282585
2021-06-03,-0.004797109823578302,1.1102230246251565e-16,0.2735660335700911,0.2761651688551215,0.21481872239196143,2.4179821381427696e-18,0.2354500751828258
2021-06-04,0.007729342511609208,1.1102230246251565e-16,0.2735660335700912,0.27616516885512155,0.21481872239196148,2.41798213814277e-18,0.23545007518282585
2021-06-07,-0.0006418874537948196,1.1102230246251565e-16,0.2735660335700911,0.2761651688551215,0.21481872239196143,2.4179821381427696e-18,0.2354500751828258
2021-06-08,0.0016265978158150375,1.1102230246251565e-16,0.2735660335700912,0.27616516885512155,0.21481872239196148,2.41798213814277e-18,0.23545007518282585
2021-06-09,0.0018124546593884763,1.1102230246251565e-16,0.2735660335700911,0.2761651688551215,0.21481872239196143,2.4179821381427696e-18,0.2354500751828258
2021-06-10,0.0036564727837137766,1.1102230246251565e-16,0.2735660335700912,0.27616516885512155,0.21481872239196148,2.41798213814277e-18,0.23545007518282585
2021-06-11,-0.0012444411682031292,1.1102230246251565e-16,0.2735660335700911,0.2761651688551215,0.21481872239196143,2.4179821381427696e-18,0.2354500751828258
2021-06-14,-0.0029552199738584464,1.1102230246251565e-16,0.2735660335700912,0.27616516885512155,0.21481872239196148,2.41798213814277e-18,0.23545007518282585
2021-06-15,-0.00145197967711551,1.1102230246251565e-16,0.2735660335700911,0.2761651688551215,0.21481872239196143,2.4179821381427696e-18,0.2354500751828258
2021-06-16,-0.00345729131209151,1.1102230246251565e-16,0.2735660335700912,0.27616516885512155,0.21481872239196148,2.41798213814277e-18,0.23545007518282585
2021-06-17,-0.0007374086412168983,1.1102230246251565e-16,0.2735660335700911,0.2761651688551215,0.21481872239196143,2.4179821381427696e-18,0.2354500751828258
2021-06-18,0.0010727751593669075,1.1102230246251565e-16,0.2735660335700912,0.27616516885512155,0.21481872239196148,2.41798213814277e-18,0.23545007518282585
2021-06-21,0.0007850771474047172,1.1102230246251565e-16,0.2735660335700911,0.2761651688551215,0.21481872239196143,2.4179821381427696e-18,0.2354500751828258
2021-06-22,0.0008551704001805056,1.1102230246251565e-16,0.2735660335700912,0.27616516885512155,0.21481872239196148,2.41798213814277e-18,0.23545007518282585
2021-06-23,-0.0008014645751531687,1.1102230246251565e-16,0.2735660335700911,0.2761651688551215,0.21481872239196143,2.4179821381427696e-18,0.2354500751828258
2021-06-24,0.0017418141555458604,1.1102230246251565e-16,0.2735660335700912,0.27616516885512155,0.21481872239196148,2.41798213814277e-18,0.23545007518282585
2021-06-25,-0.0010888694930896155,1.1102230246251565e-16,0.2735660335700911,0.2761651688551215,0.21481872239196143,2.4179821381427696e-18,0.2354500751828258
2021-06-28,0.00347342342124395,1.1102230246251565e-16,0.2735660335700912,0.27616516885512155,0.21481872239196148,2.41798213814277e-18,0.23545007518282585
2021-06-29,-0.0010757029451326778,1.1102230246251565e-16,0.2735660335700911,0.2761651688551215,0.21481872239196143,2.4179821381427696e-18,0.2354500751828258
2021-06-30,0.0031682780333979242,1.1102230246251565e-16,0.2735660335700912,0.27616516885512155,0.21481872239196148,2.41798213814277e-18,0.23545007518282585
2021-07-01,0.0029331998368616313,1.1102230246251565e-16,0.2735660335700911,0.2761651688551215,0.21481872239196143,2.4179821381427696e-18,0.2354500751828258
2021-07-02,0.0042206685667177625,1.1102230246251565e-16,0.2735660335700912,0.27616516885512155,0.21481872239196148,2.41798213814277e-18,0.23545007518282585
2021-07-06,0.0046587617656260495,1.1102230246251565e-16,0.2735660335700911,0.2761651688551215,0.21481872239196143,2.4179821381427696e-18,0.2354500751828258
2021-07-07,0.004609600754117916,1.1102230246251565e-16,0.2735660335700912,0.27616516885512155,0.21481872239196148,2.41798213814277e-18,0.23545007518282585
2021-07-08,-0.0022315040507036006,1.1102230246251565e-16,0.2735660335700911,0.2761651688551215,0.21481872239196143,2.4179821381427696e-18,0.2354500751828258
2021-07-09,-0.0008190487089563873,1.1102230246251565e-16,0.2735660335700912,0.27616516885512155,0.21481872239196148,2.41798213814277e-18,0.23545007518282585
2021-07-12,0.0006405958125627818,1.1102230246251565e-16,0.2735660335700911,0.2761651688551215,0.21481872239196143,2.4179821381427696e-18,0.2354500751828258
2021-07-13,-0.0013425439782610185,1.1102230246251565e-16,0.2735660335700912,0.27616516885512155,0.21481872239196148,2.41798213814277e-18,0.23545007518282585
2021-07-14,0.004723938742853021,1.1102230246251565e-16,0.2735660335700911,0.2761651688551215,0.21481872239196143,2.4179821381427696e-18,0.2354500751828258
2021-07-15,0.002813568929266091,1.1102230246251565e-16,0.2735660335700912,0.27616516885512155,0.21481872239196148,2.41798213814277e-18,0.23545007518282585
2021-07-16,-0.004467702035667872,1.1102230246251565e-16,0.2735660335700911,0.2761651688551215,0.21481872239196143,2.4179821381427696e-18,0.2354500751828258
2021-07-19,0.0026472979161560957,1.1102230246251565e-16,0.2735660335700912,0.27616516885512155,0.21481872239196148,2.41798213814277e-18,0.23545007518282585
2021-07-20,0.001262387441492863,1.1102230246251565e-16,0.2735660335700911,0.2761651688551215,0.21481872239196143,2.4179821381427696e-18,0.2354500751828258
2021-07-21,-0.0026472229350481924,1.1102230246251565e-16,0.2735660335700912,0.27616516885512155,0.21481872239196148,2.41798213814277e-18,0.23545007518282585
2021-07-22,0.003886758835009339,1.1102230246251565e-16,0.2735660335700911,0.2761651688551215,0.21481872239196143,2.4179821381427696e-18,0.2354500751828258
2021-07-23,0.0003881434167923685,1.1102230246251565e-16,0.2735660335700912,0.27616516885512155,0.21481872239196148,2.41798213814277e-18,0.23545007518282585
2021-07-26,-0.0014103999434653864,1.1102230246251565e-16,0.2735660335700911,0.2761651688551215,0.21481872239196143,2.4179821381427696e-18,0.2354500751828258
2021-07-27,0.001679548774785392,1.1102230246251565e-16,0.2735660335700912,0.27616516885512155,0.21481872239196148,2.41798213814277e-18,0.23545007518282585
2021-07-28,0.00032751922538430624,1.1102230246251565e-16,0.2735660335700911,0.2761651688551215,0.21481872239196143,2.4179821381427696e-18,0.2354500751828258
2021-07-29,0.001133617782161187,1.1102230246251565e-16,0.2735660335700912,0.27616516885512155,0.21481872239196148,2.41798213814277e-18,0.23545007518282585
2021-07-30,-0.0010565328511849778,1.1102230246251565e-16,0.2735660335700911,0.2761651688551215,0.21481872239196143,2.4179821381427696e-18,0.2354500751828258
2021-08-02,0.0013384419948032546,1.1102230246251565e-16,0.2735660335700912,0.27616516885512155,0.21481872239196148,2.41798213814277e-18,0.23545007518282585
2021-08-03,0.0023154742736661753,1.1102230246251565e-16,0.2735660335700911,0.2761651688551215,0.21481872239196143,2.4179821381427696e-18,0.2354500751828258
2021-08-04,-0.00034660484134921147,1.1102230246251565e-16,0.2735660335700912,0.27616516885512155,0.21481872239196148,2.41798213814277e-18,0.23545007518282585
2021-08-05,-0.0005241270681557675,1.1102230246251565e-16,0.2735660335700911,0.2761651688551215,0.21481872239196143,2.4179821381427696e-18,0.2354500751828258
2021-08-06,-0.008199085591506254,1.1102230246251565e-16,0.2735660335700912,0.27616516885512155,0.21481872239196148,2.41798213814277e-18,0.23545007518282585
2021-08-09,-0.004550816480662703,1.1102230246251565e-16,0.2735660335700911,0.2761651688551215,0.21481872239196143,2.4179821381427696e-18,0.2354500751828258
2021-08-10,-0.0006801133632167789,1.1102230246251565e-16,0.2735660335700912,0.27616516885512155,0.21481872239196148,2.41798213814277e-18,0.23545007518282585
2021-08-11,0.003000553175661265,1.1102230246251565e-16,0.2735660335700911,0.2761651688551215,0.21481872239196143,2.4179821381427696e-18,0.2354500751828258
2021-08-12,0.000702903845155817,1.1102230246251565e-16,0.2735660335700912,0.27616516885512155,0.21481872239196148,2.41798213814277e-18,0.23545007518282585
2021-08-13,0.0068066207775045314,1.1102230246251565e-16,0.2735660335700911,0.2761651688551215,0.21481872239196143,2.4179821381427696e-18,0.2354500751828258
2021-08-16,0.0025744486338126283,1.1102230246251565e-16,0.2735660335700912,0.27616516885512155,0.21481872239196148,2.41798213814277e-18,0.23545007518282585
2021-08-17,-0.0008062887212574223,1.1102230246251565e-16,0.2735660335700911,0.2761651688551215,0.21481872239196143,2.4179821381427696e-18,0.2354500751828258
2021-08-18,-0.0018991813310761775,1.1102230246251565e-16,0.2735660335700912,0.27616516885512155,0.21481872239196148,2.41798213814277e-18,0.23545007518282585
2021-08-19,0.0029563157111995786,1.1102230246251565e-16,0.2735660335700911,0.2761651688551215,0.21481872239196143,2.4179821381427696e-18,0.2354500751828258
2021-08-20,0.0021956226208833746,1.1102230246251565e-16,0.2735660335700912,0.27616516885512155,0.21481872239196148,2.41798213814277e-18,0.23545007518282585
2021-08-23,0.0034329813494287753,1.1102230246251565e-16,0.2735660335700911,0.2761651688551215,0.21481872239196143,2.4179821381427696e-18,0.2354500751828258
2021-08-24,-0.002003824964072903,1.1102230246251565e-16,0.2735660335700912,0.27616516885512155,0.21481872239196148,2.41798213814277e-18,0.23545007518282585
2021-08-25,-0.003398948762666111,1.1102230246251565e-16,0.2735660335700911,0.2761651688551215,0.21481872239196143,2.4179821381427696e-18,0.2354500751828258
2021-08-26,5.4796297586410777e-05,1.1102230246251565e-16,0.2735660335700912,0.27616516885512155,0.21481872239196148,2.41798213814277e-18,0.23545007518282585
2021-08-27,0.006517356928665062,1.1102230246251565e-16,0.2735660335700911,0.2761651688551215,0.21481872239196143,2.4179821381427696e-18,0.2354500751828258
2021-08-30,0.0008634319209857566,1.1102230246251565e-16,0.2735660335700912,0.27616516885512155,0.21481872239196148,2.41798213814277e-18,0.23545007518282585
2021-08-31,-0.001853795366658088,1.1102230246251565e-16,0.2735660335700911,0.2761651688551215,0.21481872239196143,2.4179821381427696e-18,0.2354500751828258
2021-09-01,0.0001476810693764181,1.1102230246251565e-16,0.2735660335700912,0.27616516885512155,0.21481872239196148,2.41798213814277e-18,0.23545007518282585
2021-09-02,0.0009090588405257613,1.1102230246251565e-16,0.2735660335700911,0.2761651688551215,0.21481872239196143,2.4179821381427696e-18,0.2354500751828258
2021-09-03,-0.0007558708264375946,1.1102230246251565e-16,0.2735660335700912,0.27616516885512155,0.21481872239196148,2.41798213814277e-18,0.23545007518282585
2021-09-07,-0.006372294529332372,1.1102230246251565e-16,0.2735660335700911,0.2761651688551215,0.21481872239196143,2.4179821381427696e-18,0.2354500751828258
2021-09-08,0.0013872960467176177,1.1102230246251565e-16,0.2735660335700912,0.27616516885512155,0.21481872239196148,2.41798213814277e-18,0.23545007518282585
2021-09-09,0.002553346404641612,1.1102230246251565e-16,0.2735660335700911,0.2761651688551215,0.21481872239196143,2.4179821381427696e-18,0.2354500751828258
2021-09-10,-0.005298971610211799,1.1102230246251565e-16,0.2735660335700912,0.27616516885512155,0.21481872239196148,2.41798213814277e-18,0.23545007518282585
2021-09-13,0.003094698008730975,1.1102230246251565e-16,0.2735660335700911,0.2761651688551215,0.21481872239196143,2.4179821381427696e-18,0.2354500751828258
2021-09-14,0.003254772282857097,1.1102230246251565e-16,0.2735660335700912,0.27616516885512155,0.21481872239196148,2.41798213814277e-18,0.23545007518282585
2021-09-15,-0.00041687201033572944,1.1102230246251565e-16,0.2735660335700911,0.2761651688551215,0.21481872239196143,2.4179821381427696e-18,0.2354500751828258
2021-09-16,-0.005519507147136579,1.1102230246251565e-16,0.2735660335700912,0.27616516885512155,0.21481872239196148,2.41798213814277e-18,0.23545007518282585
2021-09-17,-0.0034818282635447027,1.1102230246251565e-16,0.2735660335700911,0.2761651688551215,0.21481872239196143,2.4179821381427696e-18,0.2354500751828258
2021-09-20,0.000492331485110983,1.1102230246251565e-16,0.2735660335700912,0.27616516885512155,0.21481872239196148,2.41798213814277e-18,0.23545007518282585
2021-09-21,0.0007481679830152836,1.1102230246251565e-16,0.2735660335700911,0.2761651688551215,0.21481872239196143,2.4179821381427696e-18,0.2354500751828258
2021-09-22,0.004172750037714674,1.1102230246251565e-16,0.2735660335700912,0.27616516885512155,0.21481872239196148,2.41798213814277e-18,0.23545007518282585
2021-09-23,-0.006335831457751033,1.1102230246251565e-16,0.2735660335700911,0.2761651688551215,0.21481872239196143,2.4179821381427696e-18,0.2354500751828258
2021-09-24,-0.0018644609027752839,1.1102230246251565e-16,0.2735660335700912,0.27616516885512155,0.21481872239196148,2.41798213814277e-18,0.23545007518282585
2021-09-27,-0.0010687419708406065,1.1102230246251565e-16,0.2735660335700911,0.2761651688551215,0.21481872239196143,2.4179821381427696e-18,0.2354500751828258
2021-09-28,-0.011056897607340731,1.1102230246251565e-16,0.2735660335700912,0.27616516885512155,0.21481872239196148,2.41798213814277e-18,0.23545007518282585
2021-09-29,0.0016557274355822145,1.1102230246251565e-16,0.2735660335700911,0.2761651688551215,0.21481872239196143,2.4179821381427696e-18,0.2354500751828258
2021-09-30,0.00010835008678370945,1.1102230246251565e-16,0.2735660335700912,0.27616516885512155,0.21481872239196148,2.41798213814277e-18,0.23545007518282585
2021-10-01,0.005593901749160891,1.1102230246251565e-16,0.2735660335700911,0.2761651688551215,0.21481872239196143,2.4179821381427696e-18,0.2354500751828258
2021-10-04,-0.003971496000370388,1.1102230246251565e-16,0.2735660335700912,0.27616516885512155,0.21481872239196148,2.41798213814277e-18,0.23545007518282585
2021-10-05,-0.0003531182650309012,1.1102230246251565e-16,0.2735660335700911,0.2761651688551215,0.21481872239196143,2.4179821381427696e-18,0.2354500751828258
2021-10-06,0.003922350254212277,1.1102230246251565e-16,0.2735660335700912,0.27616516885512155,0.21481872239196148,2.41798213814277e-18,0.23545007518282585
2021-10-07,-0.0017484294563654555,1.1102230246251565e-16,0.2735660335700911,0.2761651688551215,0.21481872239196143,2.4179821381427696e-18,0.2354500751828258
2021-10-08,-0.0025263010006130885,1.1102230246251565e-16,0.2735660335700912,0.27616516885512155,0.21481872239196148,2.41798213814277e-18,0.23545007518282585
2021-10-11,-0.0024345586553210343,1.1102230246251565e-16,0.2735660335700911,0.2761651688551215,0.21481872239196143,2.4179821381427696e-18,0.2354500751828258
2021-10-12,0.005297547309285266,1.1102230246251565e-16,0.2735660335700912,0.27616516885512155,0.21481872239196148,2.41798213814277e-18,0.23545007518282585
2021-10-13,0.006193424033883889,1.1102230246251565e-16,0.2735660335700911,0.2761651688551215,0.21481872239196143,2.4179821381427696e-18,0.2354500751828258
2021-10-14,0.006153376473041984,1.1102230246251565e-16,0.2735660335700912,0.27616516885512155,0.21481872239196148,2.41798213814277e-18,0.23545007518282585
2021-10-15,-0.0032198995387012043,1.1102230246251565e-16,0.2735660335700911,0.2761651688551215,0.21481872239196143,2.4179821381427696e-18,0.2354500751828258
2021-10-18,0.001665521417719962,1.1102230246251565e-16,0.2735660335700912,0.27616516885512155,0.21481872239196148,2.41798213814277e-18,0.23545007518282585
2021-10-19,-0.0015691516135058299,1.1102230246251565e-16,0.2735660335700911,0.2761651688551215,0.21481872239196143,2.4179821381427696e-18,0.2354500751828258
2021-10-20,0.0007185170853194018,1.1102230246251565e-16,0.2735660335700912,0.27616516885512155,0.21481872239196148,2.41798213814277e-18,0.23545007518282585
2021-10-21,0.0007541790841174448,1.1102230246251565e-16,0.2735660335700911,0.2761651688551215,0.21481872239196143,2.4179821381427696e-18,0.2354500751828258
2021-10-22,0.003604269532834565,1.1102230246251565e-16,0.2735660335700912,0.27616516885512155,0.21481872239196148,2.41798213814277e-18,0.23545007518282585
2021-10-25,0.0029056993614379177,1.1102230246251565e-16,0.2735660335700911,0.2761651688551215,0.21481872239196143,2.4179821381427696e-18,0.2354500751828258
2021-10-26,0.0014082371305422611,1.1102230246251565e-16,0.2735660335700912,0.27616516885512155,0.21481872239196148,2.41798213814277e-18,0.23545007518282585
2021-10-27,0.004282923890852668,1.1102230246251565e-16,0.2735660335700911,0.2761651688551215,0.21481872239196143,2.4179821381427696e-18,0.2354500751828258
2021-10-28,0.0002524231177327605,1.1102230246251565e-16,0.2735660335700912,0.27616516885512155,0.21481872239196148,2.41798213814277e-18,0.23545007518282585
2021-10-29,0.0014513175017765343,1.1102230246251565e-16,0.2735660335700911,0.2761651688551215,0.21481872239196143,2.4179821381427696e-18,0.2354500751828258
2021-11-01,-0.0011421722518907384,1.1102230246251565e-16,0.2735660335700912,0.27616516885512155,0.21481872239196148,2.41798213814277e-18,0.23545007518282585
2021-11-02,0.0024313356468425268,1.1102230246251565e-16,0.2735660335700911,0.2761651688551215,0.21481872239196143,2.4179821381427696e-18,0.2354500751828258
2021-11-03,-0.003529786844509391,1.1102230246251565e-16,0.2735660335700912,0.27616516885512155,0.21481872239196148,2.41798213814277e-18,0.23545007518282585
2021-11-04,0.007843903854567139,1.1102230246251565e-16,0.2735660335700911,0.2761651688551215,0.21481872239196143,2.4179821381427696e-18,0.2354500751828258
2021-11-05,0.007699641058884297,1.1102230246251565e-16,0.2735660335700912,0.27616516885512155,0.21481872239196148,2.41798213814277e-18,0.23545007518282585
2021-11-08,2.143188073702078e-05,1.1102230246251565e-16,0.2735660335700911,0.2761651688551215,0.21481872239196143,2.4179821381427696e-18,0.2354500751828258
2021-11-09,0.0034697020712658104,1.1102230246251565e-16,0.2735660335700912,0.27616516885512155,0.21481872239196148,2.41798213814277e-18,0.23545007518282585
2021-11-10,-0.002394639038660937,1.1102230246251565e-16,0.2735660335700911,0.2761651688551215,0.21481872239196143,2.4179821381427696e-18,0.2354500751828258
2021-11-11,0.001436653350737135,1.1102230246251565e-16,0.2735660335700912,0.27616516885512155,0.21481872239196148,2.41798213814277e-18,0.23545007518282585
2021-11-12,0.0009819688713073112,1.1102230246251565e-16,0.2735660335700911,0.2761651688551215,0.21481872239196143,2.4179821381427696e-18,0.2354500751828258
2021-11-15,-0.002413850001358616,1.1102230246251565e-16,0.2735660335700912,0.27616516885512155,0.21481872239196148,2.41798213814277e-18,0.23545007518282585
2021-11-16,-0.00025536536643747196,1.1102230246251565e-16,0.2735660335700911,0.2761651688551215,0.21481872239196143,2.4179821381427696e-18,0.2354500751828258
2021-11-17,0.0030295695585703616,1.1102230246251565e-16,0.2735660335700912,0.27616516885512155,0.21481872239196148,2.41798213814277e-18,0.23545007518282585
2021-11-18,0.0006367905229931139,1.1102230246251565e-16,0.2735660335700911,0.2761651688551215,0.21481872239196143,2.4179821381427696e-18,0.2354500751828258
2021-11-19,0.001978569512212878,1.1102230246251565e-16,0.2735660335700912,0.27616516885512155,0.21481872239196148,2.41798213814277e-18,0.23545007518282585
2021-11-22,-0.0076367002628650055,1.1102230246251565e-16,0.2735660335700911,0.2761651688551215,0.21481872239196143,2.4179821381427696e-18,0.2354500751828258
2021-11-23,-0.005580044528025459,1.1102230246251565e-16,0.2735660335700912,0.27616516885512155,0.21481872239196148,2.41798213814277e-18,0.23545007518282585
2021-11-24,0.0058688435313313525,1.1102230246251565e-16,0.2735660335700911,0.2761651688551215,0.21481872239196143,2.4179821381427696e-18,0.2354500751828258
2021-11-26,-0.001283147443360706,1.1102230246251565e-16,0.2735660335700912,0.27616516885512155,0.21481872239196148,2.41798213814277e-18,0.23545007518282585
2021-11-29,0.0012965440595056402,1.1102230246251565e-16,0.2735660335700911,0.2761651688551215,0.21481872239196143,2.4179821381427696e-18,0.2354500751828258
2021-11-30,-0.0036629595435188605,1.1102230246251565e-16,0.2735660335700912,0.27616516885512155,0.21481872239196148,2.41798213814277e-18,0.23545007518282585
2021-12-01,0.00016323240179703545,1.1102230246251565e-16,0.2735660335700911,0.2761651688551215,0.21481872239196143,2.4179821381427696e-18,0.2354500751828258
2021-12-02,0.0034363212605559666,1.1102230246251565e-16,0.2735660335700912,0.27616516885512155,0.21481872239196148,2.41798213814277e-18,0.23545007518282585
2021-12-03,0.002630671873182254,1.1102230246251565e-16,0.2735660335700911,0.2761651688551215,0.21481872239196143,2.4179821381427696e-18,0.2354500751828258
2021-12-06,-0.0007164481343640335,1.1102230246251565e-16,0.2735660335700912,0.27616516885512155,0.21481872239196148,2.41798213814277e-18,0.23545007518282585
2021-12-07,0.004281110627507914,1.1102230246251565e-16,0.2735660335700911,0.2761651688551215,0.21481872239196143,2.4179821381427696e-18,0.2354500751828258
2021-12-08,-0.005027492850678404,1.1102230246251565e-16,0.2735660335700912,0.27616516885512155,0.21481872239196148,2.41798213814277e-18,0.23545007518282585
2021-12-09,-0.0007904861785697622,1.1102230246251565e-16,0.2735660335700911,0.2761651688551215,0.21481872239196143,2.4179821381427696e-18,0.2354500751828258
2021-12-10,0.002450170617320412,1.1102230246251565e-16,0.2735660335700912,0.27616516885512155,0.21481872239196148,2.41798213814277e-18,0.23545007518282585
2021-12-13,0.0029311171253317394,1.1102230246251565e-16,0.2735660335700911,0.2761651688551215,0.21481872239196143,2.4179821381427696e-18,0.2354500751828258
2021-12-14,-0.004091174703918118,1.1102230246251565e-16,0.2735660335700912,0.27616516885512155,0.21481872239196148,2.41798213814277e-18,0.23545007518282585
2021-12-15,0.002175281317228388,1.1102230246251565e-16,0.2735660335700911,0.2761651688551215,0.21481872239196143,2.4179821381427696e-18,0.2354500751828258
2021-12-16,-0.0007086216403069396,1.1102230246251565e-16,0.2735660335700912,0.27616516885512155,0.21481872239196148,2.41798213814277e-18,0.23545007518282585
2021-12-17,0.0014051686025435195,1.1102230246251565e-16,0.2735660335700911,0.2761651688551215,0.21481872239196143,2.4179821381427696e-18,0.2354500751828258
2021-12-20,-0.006159429337737251,1.1102230246251565e-16,0.2735660335700912,0.27616516885512155,0.21481872239196148,2.41798213814277e-18,0.23545007518282585
2021-12-21,0.0034436594342524135,1.1102230246251565e-16,0.2735660335700911,0.2761651688551215,0.21481872239196143,2.4179821381427696e-18,0.2354500751828258
2021-12-22,0.005121710375282865,1.1102230246251565e-16,0.2735660335700912,0.27616516885512155,0.21481872239196148,2.41798213814277e-18,0.23545007518282585
2021-12-23,-0.00039278030815276775,1.1102230246251565e-16,0.2735660335700911,0.2761651688551215,0.21481872239196143,2.4179821381427696e-18,0.2354500751828258
2021-12-27,0.005140924656621424,1.1102230246251565e-16,0.2735660335700912,0.27616516885512155,0.21481872239196148,2.41798213814277e-18,0.23545007518282585
2021-12-28,-0.0019694882890468205,1.1102230246251565e-16,0.2735660335700911,0.2761651688551215,0.21481872239196143,2.4179821381427696e-18,0.2354500751828258
2021-12-29,-0.00337024307488601,1.1102230246251565e-16,0.2735660335700912,0.27616516885512155,0.21481872239196148,2.41798213814277e-18,0.23545007518282585
2021-12-30,0.0034679559830673974,1.1102230246251565e-16,0.2735660335700911,0.2761651688551215,0.21481872239196143,2.4179821381427696e-18,0.2354500751828258
2021-12-31,0.0003133919662242951,1.1102230246251565e-16,0.2735660335700912,0.27616516885512155,0.21481872239196148,2.41798213814277e-18,0.23545007518282585
2022-01-03,-0.00750022266001561,1.1102230246251565e-16,0.2735660335700911,0.2761651688551215,0.21481872239196143,2.4179821381427696e-18,0.2354500751828258
2022-01-04,0.000525028188964992,1.1102230246251565e-16,0.2735660335700912,0.27616516885512155,0.21481872239196148,2.41798213814277e-18,0.23545007518282585
2022-01-05,-0.007671701470935662,1.1102230246251565e-16,0.2735660335700911,0.2761651688551215,0.21481872239196143,2.4179821381427696e-18,0.2354500751828258
2022-01-06,-0.001989759269434606,1.1102230246251565e-16,0.2735660335700912,0.27616516885512155,0.21481872239196148,2.41798213814277e-18,0.23545007518282585
2022-01-07,-0.0033666715306937866,1.1102230246251565e-16,0.2735660335700911,0.2761651688551215,0.21481872239196143,2.4179821381427696e-18,0.2354500751828258
2022-01-10,0.001542789848851988,1.1102230246251565e-16,0.2735660335700912,0.27616516885512155,0.21481872239196148,2.41798213814277e-18,0.23545007518282585
2022-01-11,0.005916011499161231,1.1102230246251565e-16,0.2735660335700911,0.2761651688551215,0.21481872239196143,2.4179821381427696e-18,0.2354500751828258
2022-01-12,-0.001313641985626416,1.1102230246251565e-16,0.2735660335700912,0.27616516885512155,0.21481872239196148,2.41798213814277e-18,0.23545007518282585
2022-01-13,-0.0021391896744411454,1.1102230246251565e-16,0.2735660335700911,0.2761651688551215,0.21481872239196143,2.4179821381427696e-18,0.2354500751828258
2022-01-14,-0.0040312756219979306,1.1102230246251565e-16,0.2735660335700912,0.27616516885512155,0.21481872239196148,2.41798213814277e-18,0.23545007518282585
2022-01-18,-0.0076088712069042694,1.1102230246251565e-16,0.2735660335700911,0.2761651688551215,0.21481872239196143,2.4179821381427696e-18,0.2354500751828258
2022-01-19,0.0019323673417928435,1.1102230246251565e-16,0.2735660335700912,0.27616516885512155,0.21481872239196148,2.41798213814277e-18,0.23545007518282585
2022-01-20,-0.001125670747449296,1.1102230246251565e-16,0.2735660335700911,0.2761651688551215,0.21481872239196143,2.4179821381427696e-18,0.2354500751828258
2022-01-21,-0.003424904620654683,1.1102230246251565e-16,0.2735660335700912,0.27616516885512155,0.21481872239196148,2.41798213814277e-18,0.23545007518282585
2022-01-24,0.0008088413431007956,1.1102230246251565e-16,0.2735660335700911,0.2761651688551215,0.21481872239196143,2.4179821381427696e-18,0.2354500751828258
2022-01-25,-0.0030074012880396527,1.1102230246251565e-16,0.2735660335700912,0.27616516885512155,0.21481872239196148,2.41798213814277e-18,0.23545007518282585
2022-01-26,-0.006216510803735641,1.1102230246251565e-16,0.2735660335700911,0.2761651688551215,0.21481872239196143,2.4179821381427696e-18,0.2354500751828258
2022-01-27,0.002954254076793247,1.1102230246251565e-16,0.2735660335700912,0.27616516885512155,0.21481872239196148,2.41798213814277e-18,0.23545007518282585
2022-01-28,0.006159322591529154,1.1102230246251565e-16,0.2735660335700911,0.2761651688551215,0.21481872239196143,2.4179821381427696e-18,0.2354500751828258
2022-01-31,0.003145277860013458,1.1102230246251565e-16,0.2735660335700912,0.27616516885512155,0.21481872239196148,2.41798213814277e-18,0.23545007518282585
2022-02-01,0.0004734309770254982,1.1102230246251565e-16,0.2735660335700911,0.2761651688551215,0.21481872239196143,2.4179821381427696e-18,0.2354500751828258
2022-02-02,0.0034592441873125073,1.1102230246251565e-16,0.2735660335700912,0.27616516885512155,0.21481872239196148,2.41798213814277e-18,0.23545007518282585
2022-02-03,-0.010082279509089753,1.1102230246251565e-16,0.2735660335700911,0.2761651688551215,0.21481872239196143,2.4179821381427696e-18,0.2354500751828258
2022-02-04,-0.002637863521331483,1.1102230246251565e-16,0.2735660335700912,0.27616516885512155,0.21481872239196148,2.41798213814277e-18,0.23545007518282585
2022-02-07,0.0009833214063511694,1.1102230246251565e-16,0.2735660335700911,0.2761651688551215,0.21481872239196143,2.4179821381427696e-18,0.2354500751828258
2022-02-08,0.0014294803752259158,1.1102230246251565e-16,0.2735660335700912,0.27616516885512155,0.21481872239196148,2.41798213814277e-18,0.23545007518282585
2022-02-09,0.004977880156165719,1.1102230246251565e-16,0.2735660335700911,0.2761651688551215,0.21481872239196143,2.4179821381427696e-18,0.2354500751828258
2022-02-10,-0.00975102720773509,1.1102230246251565e-16,0.2735660335700912,0.27616516885512155,0.21481872239196148,2.41798213814277e-18,0.23545007518282585
2022-02-11,0.0038052606297242376,1.1102230246251565e-16,0.2735660335700911,0.2761651688551215,0.21481872239196143,2.4179821381427696e-18,0.2354500751828258
2022-02-14,-0.002539908843720355,1.1102230246251565e-16,0.2735660335700912,0.27616516885512155,0.21481872239196148,2.41798213814277e-18,0.23545007518282585
2022-02-15,-0.0016771832416309714,1.1102230246251565e-16,0.2735660335700911,0.2761651688551215,0.21481872239196143,2.4179821381427696e-18,0.2354500751828258
2022-02-16,0.003694441837569855,1.1102230246251565e-16,0.2735660335700912,0.27616516885512155,0.21481872239196148,2.41798213814277e-18,0.23545007518282585
2022-02-17,-0.0007615999525269822,1.1102230246251565e-16,0.2735660335700911,0.2761651688551215,0.21481872239196143,2.4179821381427696e-18,0.2354500751828258
2022-02-18,0.0016209305886256918,1.1102230246251565e-16,0.2735660335700912,0.27616516885512155,0.21481872239196148,2.41798213814277e-18,0.23545007518282585
2022-02-22,-0.0016763633555608253,1.1102230246251565e-16,0.2735660335700911,0.2761651688551215,0.21481872239196143,2.4179821381427696e-18,0.2354500751828258
2022-02-23,-0.007416044762442326,1.1102230246251565e-16,0.2735660335700912,0.27616516885512155,0.21481872239196148,2.41798213814277e-18,0.23545007518282585
2022-02-24,0.004832716134560908,1.1102230246251565e-16,0.2735660335700911,0.2761651688551215,0.21481872239196143,2.4179821381427696e-18,0.2354500751828258
2022-02-25,0.00434383145143982,1.1102230246251565e-16,0.2735660335700912,0.27616516885512155,0.21481872239196148,2.41798213814277e-18,0.23545007518282585
2022-02-28,0.007944394745809597,1.1102230246251565e-16,0.2735660335700911,0.2761651688551215,0.21481872239196143,2.4179821381427696e-18,0.2354500751828258
2022-03-01,0.004747851337922529,1.1102230246251565e-16,0.2735660335700912,0.27616516885512155,0.21481872239196148,2.41798213814277e-18,0.23545007518282585
2022-03-02,-0.006823597121837494,1.1102230246251565e-16,0.2735660335700911,0.2761651688551215,0.21481872239196143,2.4179821381427696e-18,0.2354500751828258
2022-03-03,0.003633294539267942,1.1102230246251565e-16,0.2735660335700912,0.27616516885512155,0.21481872239196148,2.41798213814277e-18,0.23545007518282585
2022-03-04,0.007767116571404021,1.1102230246251565e-16,0.2735660335700911,0.2761651688551215,0.21481872239196143,2.4179821381427696e-18,0.2354500751828258
2022-03-07,-0.0052816242741589164,1.1102230246251565e-16,0.2735660335700912,0.27616516885512155,0.21481872239196148,2.41798213814277e-18,0.23545007518282585
2022-03-08,0.0005814897277416969,1.1102230246251565e-16,0.2735660335700911,0.2761651688551215,0.21481872239196143,2.4179821381427696e-18,0.2354500751828258
2022-03-09,-0.0040642309889922625,1.1102230246251565e-16,0.2735660335700912,0.27616516885512155,0.21481872239196148,2.41798213814277e-18,0.23545007518282585
2022-03-10,-0.0033661112561391765,1.1102230246251565e-16,0.2735660335700911,0.2761651688551215,0.21481872239196143,2.4179821381427696e-18,0.2354500751828258
2022-03-11,-0.0028136696188099625,1.1102230246251565e-16,0.2735660335700912,0.27616516885512155,0.21481872239196148,2.41798213814277e-18,0.23545007518282585
2022-03-14,-0.011774480527509748,1.1102230246251565e-16,0.2735660335700911,0.2761651688551215,0.21481872239196143,2.4179821381427696e-18,0.2354500751828258
2022-03-15,0.0012489823935576913,1.1102230246251565e-16,0.2735660335700912,0.27616516885512155,0.21481872239196148,2.41798213814277e-18,0.23545007518282585
2022-03-16,0.008429460817601913,1.1102230246251565e-16,0.2735660335700911,0.2761651688551215,0.21481872239196143,2.4179821381427696e-18,0.2354500751828258
2022-03-17,0.0018766743132300513,1.1102230246251565e-16,0.2735660335700912,0.27616516885512155,0.21481872239196148,2.41798213814277e-18,0.23545007518282585
2022-03-18,0.004750117544998511,1.1102230246251565e-16,0.2735660335700911,0.2761651688551215,0.21481872239196143,2.4179821381427696e-18,0.2354500751828258
2022-03-21,-0.003936491689030331,1.1102230246251565e-16,0.2735660335700912,0.27616516885512155,0.21481872239196148,2.41798213814277e-18,0.23545007518282585
2022-03-22,-0.0019839895563544575,1.1102230246251565e-16,0.2735660335700911,0.2761651688551215,0.21481872239196143,2.4179821381427696e-18,0.2354500751828258
2022-03-23,0.005731441494734844,1.1102230246251565e-16,0.2735660335700912,0.27616516885512155,0.21481872239196148,2.41798213814277e-18,0.23545007518282585
2022-03-24,0.003788210333624603,1.1102230246251565e-16,0.2735660335700911,0.2761651688551215,0.21481872239196143,2.4179821381427696e-18,0.2354500751828258
2022-03-25,-0.003285727472899702,1.1102230246251565e-16,0.2735660335700912,0.27616516885512155,0.21481872239196148,2.41798213814277e-18,0.23545007518282585
2022-03-28,0.0011096608691077772,1.1102230246251565e-16,0.2735660335700911,0.2761651688551215,0.21481872239196143,2.4179821381427696e-18,0.2354500751828258
2022-03-29,0.004143935673169945,1.1102230246251565e-16,0.2735660335700912,0.27616516885512155,0.21481872239196148,2.41798213814277e-18,0.23545007518282585
2022-03-30,0.0009401793838880264,1.1102230246251565e-16,0.2735660335700911,0.2761651688551215,0.21481872239196143,2.4179821381427696e-18,0.2354500751828258
2022-03-31,-0.002467671299679378,1.1102230246251565e-16,0.2735660335700912,0.27616516885512155,0.21481872239196148,2.41798213814277e-18,0.23545007518282585
2022-04-01,0.000817144358412502,1.1102230246251565e-16,0.2735660335700911,0.2761651688551215,0.21481872239196143,2.4179821381427696e-18,0.2354500751828258
2022-04-04,0.0025380804619633095,1.1102230246251565e-16,0.2735660335700912,0.27616516885512155,0.21481872239196148,2.41798213814277e-18,0.23545007518282585
2022-04-05,-0.009794731956344593,1.1102230246251565e-16,0.2735660335700911,0.2761651688551215,0.21481872239196143,2.4179821381427696e-18,0.2354500751828258
2022-04-06,-0.0042904682459845,1.1102230246251565e-16,0.2735660335700912,0.27616516885512155,0.21481872239196148,2.41798213814277e-18,0.23545007518282585
2022-04-07,0.0005537198413770033,1.1102230246251565e-16,0.2735660335700911,0.2761651688551215,0.21481872239196143,2.4179821381427696e-18,0.2354500751828258
2022-04-08,-0.0023766462575624233,1.1102230246251565e-16,0.2735660335700912,0.27616516885512155,0.21481872239196148,2.41798213814277e-18,0.23545007518282585
2022-04-11,-0.007451051855344558,1.1102230246251565e-16,0.2735660335700911,0.2761651688551215,0.21481872239196143,2.4179821381427696e-18,0.2354500751828258
2022-04-12,0.0010469938877607137,1.1102230246251565e-16,0.2735660335700912,0.27616516885512155,0.21481872239196148,2.41798213814277e-18,0.23545007518282585
2022-04-13,0.0037577975715946538,1.1102230246251565e-16,0.2735660335700911,0.2761651688551215,0.21481872239196143,2.4179821381427696e-18,0.2354500751828258
2022-04-14,-0.008594161928491315,1.1102230246251565e-16,0.2735660335700912,0.27616516885512155,0.21481872239196148,2.41798213814277e-18,0.23545007518282585
2022-04-18,0.00037091699942479303,1.1102230246251565e-16,0.2735660335700911,0.2761651688551215,0.21481872239196143,2.4179821381427696e-18,0.2354500751828258
2022-04-19,-0.00037481822829051894,1.1102230246251565e-16,0.2735660335700912,0.27616516885512155,0.21481872239196148,2.41798213814277e-18,0.23545007518282585
2022-04-20,0.004749911931996174,1.1102230246251565e-16,0.2735660335700911,0.2761651688551215,0.21481872239196143,2.4179821381427696e-18,0.2354500751828258
2022-04-21,-0.006195640019680418,1.1102230246251565e-16,0.2735660335700912,0.27616516885512155,0.21481872239196148,2.41798213814277e-18,0.23545007518282585
2022-04-22,-0.009932071364047758,1.1102230246251565e-16,0.2735660335700911,0.2761651688551215,0.21481872239196143,2.4179821381427696e-18,0.2354500751828258
2022-04-25,0.0016189603518979782,1.1102230246251565e-16,0.2735660335700912,0.27616516885512155,0.21481872239196148,2.41798213814277e-18,0.23545007518282585
2022-04-26,-0.003342313520409185,1.1102230246251565e-16,0.2735660335700911,0.2761651688551215,0.21481872239196143,2.4179821381427696e-18,0.2354500751828258
2022-04-27,-0.0029327386739127596,1.1102230246251565e-16,0.2735660335700912,0.27616516885512155,0.21481872239196148,2.41798213814277e-18,0.23545007518282585
2022-04-28,0.009850119773532808,1.1102230246251565e-16,0.2735660335700911,0.2761651688551215,0.21481872239196143,2.4179821381427696e-18,0.2354500751828258
2022-04-29,-0.014652531554000255,1.1102230246251565e-16,0.2735660335700912,0.27616516885512155,0.21481872239196148,2.41798213814277e-18,0.23545007518282585
2022-05-02,-0.005927478298628429,1.1102230246251565e-16,0.2735660335700911,0.2761651688551215,0.21481872239196143,2.4179821381427696e-18,0.2354500751828258
2022-05-03,0.0032600813897739832,1.1102230246251565e-16,0.2735660335700912,0.27616516885512155,0.21481872239196148,2.41798213814277e-18,0.23545007518282585
2022-05-04,0.010004883495712895,1.1102230246251565e-16,0.2735660335700911,0.2761651688551215,0.21481872239196143,2.4179821381427696e-18,0.2354500751828258
2022-05-05,-0.01613425278119083,1.1102230246251565e-16,0.2735660335700912,0.27616516885512155,0.21481872239196148,2.41798213814277e-18,0.23545007518282585
2022-05-06,-0.004920970113567513,1.1102230246251565e-16,0.2735660335700911,0.2761651688551215,0.21481872239196143,2.4179821381427696e-18,0.2354500751828258
2022-05-09,-0.00935482005311873,1.1102230246251565e-16,0.2735660335700912,0.27616516885512155,0.21481872239196148,2.41798213814277e-18,0.23545007518282585
2022-05-10,0.001832162475946423,1.1102230246251565e-16,0.2735660335700911,0.2761651688551215,0.21481872239196143,2.4179821381427696e-18,0.2354500751828258
2022-05-11,0.002985222599710455,1.1102230246251565e-16,0.2735660335700912,0.27616516885512155,0.21481872239196148,2.41798213814277e-18,0.23545007518282585
2022-05-12,-0.002062832292887583,1.1102230246251565e-16,0.2735660335700911,0.2761651688551215,0.21481872239196143,2.4179821381427696e-18,0.2354500751828258
2022-05-13,4.4817539471555916e-05,1.1102230246251565e-16,0.2735660335700912,0.27616516885512155,0.21481872239196148,2.41798213814277e-18,0.23545007518282585
2022-05-16,-0.00027260633291797997,1.1102230246251565e-16,0.2735660335700911,0.2761651688551215,0.21481872239196143,2.4179821381427696e-18,0.2354500751828258
2022-05-17,-0.001002385596270498,1.1102230246251565e-16,0.2735660335700912,0.27616516885512155,0.21481872239196148,2.41798213814277e-18,0.23545007518282585
2022-05-18,-0.0038335987627191983,1.1102230246251565e-16,0.2735660335700911,0.2761651688551215,0.21481872239196143,2.4179821381427696e-18,0.2354500751828258
2022-05-19,-0.0003155496712357875,1.1102230246251565e-16,0.2735660335700912,0.27616516885512155,0.21481872239196148,2.41798213814277e-18,0.23545007518282585
2022-05-20,0.003918007634484099,1.1102230246251565e-16,0.2735660335700911,0.2761651688551215,0.21481872239196143,2.4179821381427696e-18,0.2354500751828258
2022-05-23,-0.0005640337783699104,1.1102230246251565e-16,0.2735660335700912,0.27616516885512155,0.21481872239196148,2.41798213814277e-18,0.23545007518282585
2022-05-24,0.004286510931410473,1.1102230246251565e-16,0.2735660335700911,0.2761651688551215,0.21481872239196143,2.4179821381427696e-18,0.2354500751828258
2022-05-25,0.0030790129275121095,1.1102230246251565e-16,0.2735660335700912,0.27616516885512155,0.21481872239196148,2.41798213814277e-18,0.23545007518282585
2022-05-26,0.0030434643044619765,1.1102230246251565e-16,0.2735660335700911,0.2761651688551215,0.21481872239196143,2.4179821381427696e-18,0.2354500751828258
2022-05-27,0.00698278405899412,1.1102230246251565e-16,0.2735660335700912,0.27616516885512155,0.21481872239196148,2.41798213814277e-18,0.23545007518282585
2022-05-31,-0.009070871792090013,1.1102230246251565e-16,0.2735660335700911,0.2761651688551215,0.21481872239196143,2.4179821381427696e-18,0.2354500751828258
2022-06-01,0.0006567688016186446,1.1102230246251565e-16,0.2735660335700912,0.27616516885512155,0.21481872239196148,2.41798213814277e-18,0.23545007518282585
2022-06-02,0.005935780007848484,1.1102230246251565e-16,0.2735660335700911,0.2761651688551215,0.21481872239196143,2.4179821381427696e-18,0.2354500751828258
2022-06-03,-0.006224851311608553,1.1102230246251565e-16,0.2735660335700912,0.27616516885512155,0.21481872239196148,2.41798213814277e-18,0.23545007518282585
2022-06-06,-0.00468902441921971,1.1102230246251565e-16,0.2735660335700911,0.2761651688551215,0.21481872239196143,2.4179821381427696e-18,0.2354500751828258
2022-06-07,0.0067488756434228,1.1102230246251565e-16,0.2735660335700912,0.27616516885512155,0.21481872239196148,2.41798213814277e-18,0.23545007518282585
2022-06-08,-0.004930878915684112,1.1102230246251565e-16,0.2735660335700911,0.2761651688551215,0.21481872239196143,2.4179821381427696e-18,0.2354500751828258
2022-06-09,-0.004552186921283498,1.1102230246251565e-16,0.2735660335700912,0.27616516885512155,0.21481872239196148,2.41798213814277e-18,0.23545007518282585
2022-06-10,-0.00488771712892765,1.1102230246251565e-16,0.2735660335700911,0.2761651688551215,0.21481872239196143,2.4179821381427696e-18,0.2354500751828258
2022-06-13,-0.022442116543301006,1.1102230246251565e-16,0.2735660335700912,0.27616516885512155,0.21481872239196148,2.41798213814277e-18,0.23545007518282585
2022-06-14,-0.005524204623218972,1.1102230246251565e-16,0.2735660335700911,0.2761651688551215,0.21481872239196143,2.4179821381427696e-18,0.2354500751828258
2022-06-15,0.010016415914754329,1.1102230246251565e-16,0.2735660335700912,0.27616516885512155,0.21481872239196148,2.41798213814277e-18,0.23545007518282585
2022-06-16,-0.0067214714858227715,1.1102230246251565e-16,0.2735660335700911,0.2761651688551215,0.21481872239196143,2.4179821381427696e-18,0.2354500751828258
2022-06-17,0.002095851587949164,1.1102230246251565e-16,0.2735660335700912,0.27616516885512155,0.21481872239196148,2.41798213814277e-18,0.23545007518282585
2022-06-21,0.0005598773783815044,1.1102230246251565e-16,0.2735660335700911,0.2761651688551215,0.21481872239196143,2.4179821381427696e-18,0.2354500751828258
2022-06-22,0.007616624921326548,1.1102230246251565e-16,0.2735660335700912,0.27616516885512155,0.21481872239196148,2.41798213814277e-18,0.23545007518282585
2022-06-23,0.0038875951098830794,1.1102230246251565e-16,0.2735660335700911,0.2761651688551215,0.21481872239196143,2.4179821381427696e-18,0.2354500751828258
2022-06-24,0.004152865570635647,1.1102230246251565e-16,0.2735660335700912,0.27616516885512155,0.21481872239196148,2.41798213814277e-18,0.23545007518282585
2022-06-27,-0.004063976600542057,1.1102230246251565e-16,0.2735660335700911,0.2761651688551215,0.21481872239196143,2.4179821381427696e-18,0.2354500751828258
2022-06-28,-0.003298379941799447,1.1102230246251565e-16,0.2735660335700912,0.27616516885512155,0.21481872239196148,2.41798213814277e-18,0.23545007518282585
2022-06-29,0.005273825418662175,1.1102230246251565e-16,0.2735660335700911,0.2761651688551215,0.21481872239196143,2.4179821381427696e-18,0.2354500751828258
2022-06-30,-0.0018582155313596682,1.1102230246251565e-16,0.2735660335700912,0.27616516885512155,0.21481872239196148,2.41798213814277e-18,0.23545007518282585
2022-07-01,0.006307984439565078,1.1102230246251565e-16,0.2735660335700911,0.2761651688551215,0.21481872239196143,2.4179821381427696e-18,0.2354500751828258
2022-07-05,0.0014878974841809013,1.1102230246251565e-16,0.2735660335700912,0.27616516885512155,0.21481872239196148,2.41798213814277e-18,0.23545007518282585
2022-07-06,-0.006040472039033083,1.1102230246251565e-16,0.2735660335700911,0.2761651688551215,0.21481872239196143,2.4179821381427696e-18,0.2354500751828258
2022-07-07,0.0018685032489906815,1.1102230246251565e-16,0.2735660335700912,0.27616516885512155,0.21481872239196148,2.41798213814277e-18,0.23545007518282585
2022-07-08,-0.003355809214738387,1.1102230246251565e-16,0.2735660335700911,0.2761651688551215,0.21481872239196143,2.4179821381427696e-18,0.2354500751828258
2022-07-11,0.003205251909813768,1.1102230246251565e-16,0.2735660335700912,0.27616516885512155,0.21481872239196148,2.41798213814277e-18,0.23545007518282585
2022-07-12,-0.001659694838498854,1.1102230246251565e-16,0.2735660335700911,0.2761651688551215,0.21481872239196143,2.4179821381427696e-18,0.2354500751828258
2022-07-13,0.002269322181881539,1.1102230246251565e-16,0.2735660335700912,0.27616516885512155,0.21481872239196148,2.41798213814277e-18,0.23545007518282585
2022-07-14,-0.00430164367816873,1.1102230246251565e-16,0.2735660335700911,0.2761651688551215,0.21481872239196143,2.4179821381427696e-18,0.2354500751828258
2022-07-15,0.004970514283413467,1.1102230246251565e-16,0.2735660335700912,0.27616516885512155,0.21481872239196148,2.41798213814277e-18,0.23545007518282585
2022-07-18,-0.0062386019452704364,1.1102230246251565e-16,0.2735660335700911,0.2761651688551215,0.21481872239196143,2.4179821381427696e-18,0.2354500751828258
2022-07-19,0.004937833327236905,1.1102230246251565e-16,0.2735660335700912,0.27616516885512155,0.21481872239196148,2.41798213814277e-18,0.23545007518282585
2022-07-20,0.0011089566444253403,1.1102230246251565e-16,0.2735660335700911,0.2761651688551215,0.21481872239196143,2.4179821381427696e-18,0.2354500751828258
2022-07-21,0.009929444372245421,1.1102230246251565e-16,0.2735660335700912,0.27616516885512155,0.21481872239196148,2.41798213814277e-18,0.23545007518282585
2022-07-22,0.002310400852061594,1.1102230246251565e-16,0.2735660335700911,0.2761651688551215,0.21481872239196143,2.4179821381427696e-18,0.2354500751828258
2022-07-25,-0.00328889816560973,1.1102230246251565e-16,0.2735660335700912,0.27616516885512155,0.21481872239196148,2.41798213814277e-18,0.23545007518282585
2022-07-26,-0.0014581775440824655,1.1102230246251565e-16,0.2735660335700911,0.2761651688551215,0.21481872239196143,2.4179821381427696e-18,0.2354500751828258
2022-07-27,0.0057681870999761325,1.1102230246251565e-16,0.2735660335700912,0.27616516885512155,0.21481872239196148,2.41798213814277e-18,0.23545007518282585
2022-07-28,0.008081707450443454,1.1102230246251565e-16,0.2735660335700911,0.2761651688551215,0.21481872239196143,2.4179821381427696e-18,0.2354500751828258
2022-07-29,0.002929691814706151,1.1102230246251565e-16,0.2735660335700912,0.27616516885512155,0.21481872239196148,2.41798213814277e-18,0.23545007518282585
2022-08-01,0.006142816765186889,1.1102230246251565e-16,0.2735660335700911,0.2761651688551215,0.21481872239196143,2.4179821381427696e-18,0.2354500751828258
2022-08-02,-0.007420068952703024,1.1102230246251565e-16,0.2735660335700912,0.27616516885512155,0.21481872239196148,2.41798213814277e-18,0.23545007518282585
2022-08-03,0.009819990282189325,1.1102230246251565e-16,0.2735660335700911,0.2761651688551215,0.21481872239196143,2.4179821381427696e-18,0.2354500751828258
2022-08-04,0.0017854818722889416,1.1102230246251565e-16,0.2735660335700912,0.27616516885512155,0.21481872239196148,2.41798213814277e-18,0.23545007518282585
2022-08-05,-0.007452383907169185,1.1102230246251565e-16,0.2735660335700911,0.2761651688551215,0.21481872239196143,2.4179821381427696e-18,0.2354500751828258
2022-08-08,0.005629170200782216,1.1102230246251565e-16,0.2735660335700912,0.27616516885512155,0.21481872239196148,2.41798213814277e-18,0.23545007518282585
2022-08-09,-0.0017505521991228782,1.1102230246251565e-16,0.2735660335700911,0.2761651688551215,0.21481872239196143,2.4179821381427696e-18,0.2354500751828258
2022-08-10,0.000835152970768323,1.1102230246251565e-16,0.2735660335700912,0.27616516885512155,0.21481872239196148,2.41798213814277e-18,0.23545007518282585
2022-08-11,-0.006836409620238046,1.1102230246251565e-16,0.2735660335700911,0.2761651688551215,0.21481872239196143,2.4179821381427696e-18,0.2354500751828258
2022-08-12,0.01032788885682892,1.1102230246251565e-16,0.2735660335700912,0.27616516885512155,0.21481872239196148,2.41798213814277e-18,0.23545007518282585
2022-08-15,0.00020800567719335547,1.1102230246251565e-16,0.2735660335700911,0.2761651688551215,0.21481872239196143,2.4179821381427696e-18,0.2354500751828258
2022-08-16,0.0012253058853211166,1.1102230246251565e-16,0.2735660335700912,0.27616516885512155,0.21481872239196148,2.41798213814277e-18,0.23545007518282585
2022-08-17,-0.005883102615085203,1.1102230246251565e-16,0.2735660335700911,0.2761651688551215,0.21481872239196143,2.4179821381427696e-18,0.2354500751828258
2022-08-18,0.0024577888605113373,1.1102230246251565e-16,0.2735660335700912,0.27616516885512155,0.21481872239196148,2.41798213814277e-18,0.23545007518282585
2022-08-19,-0.008221476579556153,1.1102230246251565e-16,0.2735660335700911,0.2761651688551215,0.21481872239196143,2.4179821381427696e-18,0.2354500751828258
2022-08-22,-0.006097181160523539,1.1102230246251565e-16,0.2735660335700912,0.27616516885512155,0.21481872239196148,2.41798213814277e-18,0.23545007518282585
2022-08-23,-0.0016485691849830904,1.1102230246251565e-16,0.2735660335700911,0.2761651688551215,0.21481872239196143,2.4179821381427696e-18,0.2354500751828258
2022-08-24,-0.0003498258603264791,1.1102230246251565e-16,0.2735660335700912,0.27616516885512155,0.21481872239196148,2.41798213814277e-18,0.23545007518282585
2022-08-25,0.007963744456442039,1.1102230246251565e-16,0.2735660335700911,0.2761651688551215,0.21481872239196143,2.4179821381427696e-18,0.2354500751828258
2022-08-26,-0.008896518428238277,1.1102230246251565e-16,0.2735660335700912,0.27616516885512155,0.21481872239196148,2.41798213814277e-18,0.23545007518282585
2022-08-29,-0.003880049499792599,1.1102230246251565e-16,0.2735660335700911,0.2761651688551215,0.21481872239196143,2.4179821381427696e-18,0.2354500751828258
2022-08-30,-0.0041893676800070995,1.1102230246251565e-16,0.2735660335700912,0.27616516885512155,0.21481872239196148,2.41798213814277e-18,0.23545007518282585
2022-08-31,-0.006543126460496351,1.1102230246251565e-16,0.2735660335700911,0.2761651688551215,0.21481872239196143,2.4179821381427696e-18,0.2354500751828258
2022-09-01,-0.0039831305202857,1.1102230246251565e-16,0.2735660335700912,0.27616516885512155,0.21481872239196148,2.41798213814277e-18,0.23545007518282585
2022-09-02,0.0006493136848489045,1.1102230246251565e-16,0.2735660335700911,0.2761651688551215,0.21481872239196143,2.4179821381427696e-18,0.2354500751828258
2022-09-06,-0.007764439966423082,1.1102230246251565e-16,0.2735660335700912,0.27616516885512155,0.21481872239196148,2.41798213814277e-18,0.23545007518282585
2022-09-07,0.009793391019999076,1.1102230246251565e-16,0.2735660335700911,0.2761651688551215,0.21481872239196143,2.4179821381427696e-18,0.2354500751828258
2022-09-08,-0.0018525128104772666,1.1102230246251565e-16,0.2735660335700912,0.27616516885512155,0.21481872239196148,2.41798213814277e-18,0.23545007518282585
2022-09-09,0.004316375578877547,1.1102230246251565e-16,0.2735660335700911,0.2761651688551215,0.21481872239196143,2.4179821381427696e-18,0.2354500751828258
2022-09-12,0.0005497514979601451,1.1102230246251565e-16,0.2735660335700912,0.27616516885512155,0.21481872239196148,2.41798213814277e-18,0.23545007518282585
2022-09-13,-0.010804478465457592,1.1102230246251565e-16,0.2735660335700911,0.2761651688551215,0.21481872239196143,2.4179821381427696e-18,0.2354500751828258
2022-09-14,0.0006864380888427054,1.1102230246251565e-16,0.2735660335700912,0.27616516885512155,0.21481872239196148,2.41798213814277e-18,0.23545007518282585
2022-09-15,-0.007137124485091216,1.1102230246251565e-16,0.2735660335700911,0.2761651688551215,0.21481872239196143,2.4179821381427696e-18,0.2354500751828258
2022-09-16,-0.003196972085740317,1.1102230246251565e-16,0.2735660335700912,0.27616516885512155,0.21481872239196148,2.41798213814277e-18,0.23545007518282585
2022-09-19,0.002771449784295596,1.1102230246251565e-16,0.2735660335700911,0.2761651688551215,0.21481872239196143,2.4179821381427696e-18,0.2354500751828258
2022-09-20,-0.005997434637030057,1.1102230246251565e-16,0.2735660335700912,0.27616516885512155,0.21481872239196148,2.41798213814277e-18,0.23545007518282585
2022-09-21,0.003164986940910246,1.1102230246251565e-16,0.2735660335700911,0.2761651688551215,0.21481872239196143,2.4179821381427696e-18,0.2354500751828258
2022-09-22,-0.009161599297269826,1.1102230246251565e-16,0.2735660335700912,0.27616516885512155,0.21481872239196148,2.41798213814277e-18,0.23545007518282585
2022-09-23,-0.0034596172208474158,1.1102230246251565e-16,0.2735660335700911,0.2761651688551215,0.21481872239196143,2.4179821381427696e-18,0.2354500751828258
2022-09-26,-0.007842730531218875,1.1102230246251565e-16,0.2735660335700912,0.27616516885512155,0.21481872239196148,2.41798213814277e-18,0.23545007518282585
2022-09-27,-0.007453044550169959,1.1102230246251565e-16,0.2735660335700911,0.2761651688551215,0.21481872239196143,2.4179821381427696e-18,0.2354500751828258
2022-09-28,0.016024003768672967,1.1102230246251565e-16,0.2735660335700912,0.27616516885512155,0.21481872239196148,2.41798213814277e-18,0.23545007518282585
2022-09-29,-0.00811887467300856,1.1102230246251565e-16,0.2735660335700911,0.2761651688551215,0.21481872239196143,2.4179821381427696e-18,0.2354500751828258
2022-09-30,-0.007781997244630304,1.1102230246251565e-16,0.2735660335700912,0.27616516885512155,0.21481872239196148,2.41798213814277e-18,0.23545007518282585
2022-10-03,0.015739560042053867,1.1102230246251565e-16,0.2735660335700911,0.2761651688551215,0.21481872239196143,2.4179821381427696e-18,0.2354500751828258
2022-10-04,0.0075666501056225206,1.1102230246251565e-16,0.2735660335700912,0.27616516885512155,0.21481872239196148,2.41798213814277e-18,0.23545007518282585
2022-10-05,-0.0022399729301722164,1.1102230246251565e-16,0.2735660335700911,0.2761651688551215,0.21481872239196143,2.4179821381427696e-18,0.2354500751828258
2022-10-06,-0.0022350496439289677,1.1102230246251565e-16,0.2735660335700912,0.27616516885512155,0.21481872239196148,2.41798213814277e-18,0.23545007518282585
2022-10-07,-0.011730624093061498,1.1102230246251565e-16,0.2735660335700911,0.2761651688551215,0.21481872239196143,2.4179821381427696e-18,0.2354500751828258
2022-10-10,-0.00863733206609013,1.1102230246251565e-16,0.2735660335700912,0.27616516885512155,0.21481872239196148,2.41798213814277e-18,0.23545007518282585
2022-10-11,-0.0007976470961070454,1.1102230246251565e-16,0.2735660335700911,0.2761651688551215,0.21481872239196143,2.4179821381427696e-18,0.2354500751828258
2022-10-12,0.0016017778451325082,1.1102230246251565e-16,0.2735660335700912,0.27616516885512155,0.21481872239196148,2.41798213814277e-18,0.23545007518282585
2022-10-13,0.0015440626488157855,1.1102230246251565e-16,0.2735660335700911,0.2761651688551215,0.21481872239196143,2.4179821381427696e-18,0.2354500751828258
2022-10-14,-0.009554519469313022,1.1102230246251565e-16,0.2735660335700912,0.27616516885512155,0.21481872239196148,2.41798213814277e-18,0.23545007518282585
2022-10-17,0.003906612412354968,1.1102230246251565e-16,0.2735660335700911,0.2761651688551215,0.21481872239196143,2.4179821381427696e-18,0.2354500751828258
2022-10-18,0.004167661895768676,1.1102230246251565e-16,0.2735660335700912,0.27616516885512155,0.21481872239196148,2.41798213814277e-18,0.23545007518282585
2022-10-19,-0.008125508660774933,1.1102230246251565e-16,0.2735660335700911,0.2761651688551215,0.21481872239196143,2.4179821381427696e-18,0.2354500751828258
2022-10-20,-0.007199184172572597,1.1102230246251565e-16,0.2735660335700912,0.27616516885512155,0.21481872239196148,2.41798213814277e-18,0.23545007518282585
2022-10-21,0.003484796079815766,1.1102230246251565e-16,0.2735660335700911,0.2761651688551215,0.21481872239196143,2.4179821381427696e-18,0.2354500751828258
2022-10-24,0.0006029785332203291,1.1102230246251565e-16,0.2735660335700912,0.27616516885512155,0.21481872239196148,2.41798213814277e-18,0.23545007518282585
2022-10-25,0.010319719370297475,1.1102230246251565e-16,0.2735660335700911,0.2761651688551215,0.21481872239196143,2.4179821381427696e-18,0.2354500751828258
2022-10-26,0.0008362690364905105,1.1102230246251565e-16,0.2735660335700912,0.27616516885512155,0.21481872239196148,2.41798213814277e-18,0.23545007518282585
2022-10-27,0.002933886435888087,1.1102230246251565e-16,0.2735660335700911,0.2761651688551215,0.21481872239196143,2.4179821381427696e-18,0.2354500751828258
2022-10-28,0.002812542799927875,1.1102230246251565e-16,0.2735660335700912,0.27616516885512155,0.21481872239196148,2.41798213814277e-18,0.23545007518282585
2022-10-31,-0.003721338738425123,1.1102230246251565e-16,0.2735660335700911,0.2761651688551215,0.21481872239196143,2.4179821381427696e-18,0.2354500751828258
2022-11-01,0.00349747562220835,1.1102230246251565e-16,0.2735660335700912,0.27616516885512155,0.21481872239196148,2.41798213814277e-18,0.23545007518282585
2022-11-02,-0.008542264723904087,1.1102230246251565e-16,0.2735660335700911,0.2761651688551215,0.21481872239196143,2.4179821381427696e-18,0.2354500751828258
2022-11-03,-0.0031726728725633225,1.1102230246251565e-16,0.2735660335700912,0.27616516885512155,0.21481872239196148,2.41798213814277e-18,0.23545007518282585
2022-11-04,0.0014771852348703495,1.1102230246251565e-16,0.2735660335700911,0.2761651688551215,0.21481872239196143,2.4179821381427696e-18,0.2354500751828258
2022-11-07,-0.0023313783625908938,1.1102230246251565e-16,0.2735660335700912,0.27616516885512155,0.21481872239196148,2.41798213814277e-18,0.23545007518282585
2022-11-08,0.008425904609728637,1.1102230246251565e-16,0.2735660335700911,0.2761651688551215,0.21481872239196143,2.4179821381427696e-18,0.2354500751828258
2022-11-09,-0.004051809529675984,1.1102230246251565e-16,0.2735660335700912,0.27616516885512155,0.21481872239196148,2.41798213814277e-18,0.23545007518282585
2022-11-10,0.02681698850892806,1.1102230246251565e-16,0.2735660335700911,0.2761651688551215,0.21481872239196143,2.4179821381427696e-18,0.2354500751828258
2022-11-11,-0.0003467363046583587,1.1102230246251565e-16,0.2735660335700912,0.27616516885512155,0.21481872239196148,2.41798213814277e-18,0.23545007518282585
2022-11-14,-0.00146595374260621,1.1102230246251565e-16,0.2735660335700911,0.2761651688551215,0.21481872239196143,2.4179821381427696e-18,0.2354500751828258
2022-11-15,0.006739029002417339,1.1102230246251565e-16,0.2735660335700912,0.27616516885512155,0.21481872239196148,2.41798213814277e-18,0.23545007518282585
2022-11-16,0.002966426171894547,1.1102230246251565e-16,0.2735660335700911,0.2761651688551215,0.21481872239196143,2.4179821381427696e-18,0.2354500751828258
2022-11-17,-0.004407441120233262,1.1102230246251565e-16,0.2735660335700912,0.27616516885512155,0.21481872239196148,2.41798213814277e-18,0.23545007518282585
2022-11-18,-0.0014823594480705457,1.1102230246251565e-16,0.2735660335700911,0.2761651688551215,0.21481872239196143,2.4179821381427696e-18,0.2354500751828258
2022-11-21,0.001011520642320163,1.1102230246251565e-16,0.2735660335700912,0.27616516885512155,0.21481872239196148,2.41798213814277e-18,0.23545007518282585
2022-11-22,0.00639446558232876,1.1102230246251565e-16,0.2735660335700911,0.2761651688551215,0.21481872239196143,2.4179821381427696e-18,0.2354500751828258
2022-11-23,0.005433503275702806,1.1102230246251565e-16,0.2735660335700912,0.27616516885512155,0.21481872239196148,2.41798213814277e-18,0.23545007518282585
2022-11-25,-0.0008128436017710262,1.1102230246251565e-16,0.2735660335700911,0.2761651688551215,0.21481872239196143,2.4179821381427696e-18,0.2354500751828258
2022-11-28,-0.0035547954400931294,1.1102230246251565e-16,0.2735660335700912,0.27616516885512155,0.21481872239196148,2.41798213814277e-18,0.23545007518282585
2022-11-29,-0.0022379242030611817,1.1102230246251565e-16,0.2735660335700911,0.2761651688551215,0.21481872239196143,2.4179821381427696e-18,0.2354500751828258
2022-11-30,0.011516605147294098,1.1102230246251565e-16,0.2735660335700912,0.27616516885512155,0.21481872239196148,2.41798213814277e-18,0.23545007518282585
2022-12-01,0.009690039654371081,1.1102230246251565e-16,0.2735660335700911,0.2761651688551215,0.21481872239196143,2.4179821381427696e-18,0.2354500751828258
2022-12-02,0.002165034192855472,1.1102230246251565e-16,0.2735660335700912,0.27616516885512155,0.21481872239196148,2.41798213814277e-18,0.23545007518282585
2022-12-05,-0.010557178724386601,1.1102230246251565e-16,0.2735660335700911,0.2761651688551215,0.21481872239196143,2.4179821381427696e-18,0.2354500751828258
2022-12-06,0.00036708608228951155,1.1102230246251565e-16,0.2735660335700912,0.27616516885512155,0.21481872239196148,2.41798213814277e-18,0.23545007518282585
2022-12-07,0.007239353259428408,1.1102230246251565e-16,0.2735660335700911,0.2761651688551215,0.21481872239196143,2.4179821381427696e-18,0.2354500751828258
2022-12-08,0.0008206959901710369,1.1102230246251565e-16,0.2735660335700912,0.27616516885512155,0.21481872239196148,2.41798213814277e-18,0.23545007518282585
2022-12-09,-0.007967308549901396,1.1102230246251565e-16,0.2735660335700911,0.2761651688551215,0.21481872239196143,2.4179821381427696e-18,0.2354500751828258
2022-12-12,0.003218689160483704,1.1102230246251565e-16,0.2735660335700912,0.27616516885512155,0.21481872239196148,2.41798213814277e-18,0.23545007518282585
2022-12-13,0.006332801659116058,1.1102230246251565e-16,0.2735660335700911,0.2761651688551215,0.21481872239196143,2.4179821381427696e-18,0.2354500751828258
2022-12-14,-0.002180410920020805,1.1102230246251565e-16,0.2735660335700912,0.27616516885512155,0.21481872239196148,2.41798213814277e-18,0.23545007518282585
2022-12-15,-0.006942333418286055,1.1102230246251565e-16,0.2735660335700911,0.2761651688551215,0.21481872239196143,2.4179821381427696e-18,0.2354500751828258
2022-12-16,-0.004027199328820536,1.1102230246251565e-16,0.2735660335700912,0.27616516885512155,0.21481872239196148,2.41798213814277e-18,0.23545007518282585
2022-12-19,-0.007507435020760771,1.1102230246251565e-16,0.2735660335700911,0.2761651688551215,0.21481872239196143,2.4179821381427696e-18,0.2354500751828258
2022-12-20,-0.0025583422098315375,1.1102230246251565e-16,0.2735660335700912,0.27616516885512155,0.21481872239196148,2.41798213814277e-18,0.23545007518282585
2022-12-21,0.005020048808075283,1.1102230246251565e-16,0.2735660335700911,0.2761651688551215,0.21481872239196143,2.4179821381427696e-18,0.2354500751828258
2022-12-22,-0.006215239172586475,1.1102230246251565e-16,0.2735660335700912,0.27616516885512155,0.21481872239196148,2.41798213814277e-18,0.23545007518282585
2022-12-23,-0.0019151086089661475,1.1102230246251565e-16,0.2735660335700911,0.2761651688551215,0.21481872239196143,2.4179821381427696e-18,0.2354500751828258
2022-12-27,-0.004812630441674045,1.1102230246251565e-16,0.2735660335700912,0.27616516885512155,0.21481872239196148,2.41798213814277e-18,0.23545007518282585
2022-12-28,-0.005153073577801666,1.1102230246251565e-16,0.2735660335700911,0.2761651688551215,0.21481872239196143,2.4179821381427696e-18,0.2354500751828258
2022-12-29,0.007835783598275836,1.1102230246251565e-16,0.2735660335700912,0.27616516885512155,0.21481872239196148,2.41798213814277e-18,0.23545007518282585
2022-12-30,-0.003547343015385665,1.1102230246251565e-16,0.2735660335700911,0.2761651688551215,0.21481872239196143,2.4179821381427696e-18,0.2354500751828258
2023-01-03,0.008456686161940476,1.1102230246251565e-16,0.2735660335700912,0.27616516885512155,0.21481872239196148,2.41798213814277e-18,0.23545007518282585
2023-01-04,0.007079794560472859,1.1102230246251565e-16,0.2735660335700911,0.2761651688551215,0.21481872239196143,2.4179821381427696e-18,0.2354500751828258
2023-01-05,-0.0024570638268990386,1.1102230246251565e-16,0.2735660335700912,0.27616516885512155,0.21481872239196148,2.41798213814277e-18,0.23545007518282585
2023-01-06,0.012291138442969052,1.1102230246251565e-16,0.2735660335700911,0.2761651688551215,0.21481872239196143,2.4179821381427696e-18,0.2354500751828258
2023-01-09,0.00036295522211329465,1.1102230246251565e-16,0.2735660335700912,0.27616516885512155,0.21481872239196148,2.41798213814277e-18,0.23545007518282585
2023-01-10,-0.0016925616828506371,1.1102230246251565e-16,0.2735660335700911,0.2761651688551215,0.21481872239196143,2.4179821381427696e-18,0.2354500751828258
2023-01-11,0.007800530986153983,1.1102230246251565e-16,0.2735660335700912,0.27616516885512155,0.21481872239196148,2.41798213814277e-18,0.23545007518282585
2023-01-12,0.00662574602897043,1.1102230246251565e-16,0.2735660335700911,0.2761651688551215,0.21481872239196143,2.4179821381427696e-18,0.2354500751828258
2023-01-13,0.0009654204204556766,1.1102230246251565e-16,0.2735660335700912,0.27616516885512155,0.21481872239196148,2.41798213814277e-18,0.23545007518282585
2023-01-17,-0.003006628754713421,1.1102230246251565e-16,0.2735660335700911,0.2761651688551215,0.21481872239196143,2.4179821381427696e-18,0.2354500751828258
2023-01-18,0.0017559499592926025,1.1102230246251565e-16,0.2735660335700912,0.27616516885512155,0.21481872239196148,2.41798213814277e-18,0.23545007518282585
2023-01-19,-0.0009095389314498466,1.1102230246251565e-16,0.2735660335700911,0.2761651688551215,0.21481872239196143,2.4179821381427696e-18,0.2354500751828258
2023-01-20,-0.0004398958978530246,1.1102230246251565e-16,0.2735660335700912,0.27616516885512155,0.21481872239196148,2.41798213814277e-18,0.23545007518282585
2023-01-23,0.0027327742670702716,1.1102230246251565e-16,0.2735660335700911,0.2761651688551215,0.21481872239196143,2.4179821381427696e-18,0.2354500751828258
2023-01-24,0.004197958216155402,1.1102230246251565e-16,0.2735660335700912,0.27616516885512155,0.21481872239196148,2.41798213814277e-18,0.23545007518282585
2023-01-25,0.0009893277253121698,1.1102230246251565e-16,0.2735660335700911,0.2761651688551215,0.21481872239196143,2.4179821381427696e-18,0.2354500751828258
2023-01-26,0.0003790168079239953,1.1102230246251565e-16,0.2735660335700912,0.27616516885512155,0.21481872239196148,2.41798213814277e-18,0.23545007518282585
2023-01-27,-2.436527706841811e-05,1.1102230246251565e-16,0.2735660335700911,0.2761651688551215,0.21481872239196143,2.4179821381427696e-18,0.2354500751828258
2023-01-30,-0.0041360049168976025,1.1102230246251565e-16,0.2735660335700912,0.27616516885512155,0.21481872239196148,2.41798213814277e-18,0.23545007518282585
2023-01-31,0.006498965218895598,1.1102230246251565e-16,0.2735660335700911,0.2761651688551215,0.21481872239196143,2.4179821381427696e-18,0.2354500751828258
2023-02-01,0.006708045148953613,1.1102230246251565e-16,0.2735660335700912,0.27616516885512155,0.21481872239196148,2.41798213814277e-18,0.23545007518282585
2023-02-02,0.0014369453257546498,1.1102230246251565e-16,0.2735660335700911,0.2761651688551215,0.21481872239196143,2.4179821381427696e-18,0.2354500751828258
2023-02-03,-0.00930920140048365,1.1102230246251565e-16,0.2735660335700912,0.27616516885512155,0.21481872239196148,2.41798213814277e-18,0.23545007518282585
2023-02-06,-0.0019150540179753098,1.1102230246251565e-16,0.2735660335700911,0.2761651688551215,0.21481872239196143,2.4179821381427696e-18,0.2354500751828258
2023-02-07,0.0011379614766522206,1.1102230246251565e-16,0.2735660335700912,0.27616516885512155,0.21481872239196148,2.41798213814277e-18,0.23545007518282585
2023-02-08,-0.0008930439802891151,1.1102230246251565e-16,0.2735660335700911,0.2761651688551215,0.21481872239196143,2.4179821381427696e-18,0.2354500751828258
2023-02-09,-0.007024801633212445,1.1102230246251565e-16,0.2735660335700912,0.27616516885512155,0.21481872239196148,2.41798213814277e-18,0.23545007518282585
2023-02-10,-0.0012822336517841688,1.1102230246251565e-16,0.2735660335700911,0.2761651688551215,0.21481872239196143,2.4179821381427696e-18,0.2354500751828258
2023-02-13,0.0037715733664853293,1.1102230246251565e-16,0.2735660335700912,0.27616516885512155,0.21481872239196148,2.41798213814277e-18,0.23545007518282585
2023-02-14,-0.000768385470523129,1.1102230246251565e-16,0.2735660335700911,0.2761651688551215,0.21481872239196143,2.4179821381427696e-18,0.2354500751828258
2023-02-15,-0.002222921204249108,1.1102230246251565e-16,0.2735660335700912,0.27616516885512155,0.21481872239196148,2.41798213814277e-18,0.23545007518282585
2023-02-16,-0.00751973114272478,1.1102230246251565e-16,0.2735660335700911,0.2761651688551215,0.21481872239196143,2.4179821381427696e-18,0.2354500751828258
2023-02-17,0.0019381164657674957,1.1102230246251565e-16,0.2735660335700912,0.27616516885512155,0.21481872239196148,2.41798213814277e-18,0.23545007518282585
2023-02-21,-0.01090434097803192,1.1102230246251565e-16,0.2735660335700911,0.2761651688551215,0.21481872239196143,2.4179821381427696e-18,0.2354500751828258
2023-02-22,0.0016971373769833727,1.1102230246251565e-16,0.2735660335700912,0.27616516885512155,0.21481872239196148,2.41798213814277e-18,0.23545007518282585
2023-02-23,0.004123284397114331,1.1102230246251565e-16,0.2735660335700911,0.2761651688551215,0.21481872239196143,2.4179821381427696e-18,0.2354500751828258
2023-02-24,-0.0063100033648229035,1.1102230246251565e-16,0.2735660335700912,0.27616516885512155,0.21481872239196148,2.41798213814277e-18,0.23545007518282585
2023-02-27,0.0013001693014646296,1.1102230246251565e-16,0.2735660335700911,0.2761651688551215,0.21481872239196143,2.4179821381427696e-18,0.2354500751828258
2023-02-28,0.0018868728048285275,1.1102230246251565e-16,0.2735660335700912,0.27616516885512155,0.21481872239196148,2.41798213814277e-18,0.23545007518282585
2023-03-01,-0.00401904685509206,1.1102230246251565e-16,0.2735660335700911,0.2761651688551215,0.21481872239196143,2.4179821381427696e-18,0.2354500751828258
2023-03-02,0.000802343833561126,1.1102230246251565e-16,0.2735660335700912,0.27616516885512155,0.21481872239196148,2.41798213814277e-18,0.23545007518282585
2023-03-03,0.012470022183294236,1.1102230246251565e-16,0.2735660335700911,0.2761651688551215,0.21481872239196143,2.4179821381427696e-18,0.2354500751828258
2023-03-06,-0.0033679758084094423,1.1102230246251565e-16,0.2735660335700912,0.27616516885512155,0.21481872239196148,2.41798213814277e-18,0.23545007518282585
2023-03-07,-0.003339816022884895,1.1102230246251565e-16,0.2735660335700911,0.2761651688551215,0.21481872239196143,2.4179821381427696e-18,0.2354500751828258
2023-03-08,0.000533725057412317,1.1102230246251565e-16,0.2735660335700912,0.27616516885512155,0.21481872239196148,2.41798213814277e-18,0.23545007518282585
2023-03-09,-0.0029116532899752666,1.1102230246251565e-16,0.2735660335700911,0.2761651688551215,0.21481872239196143,2.4179821381427696e-18,0.2354500751828258
2023-03-10,0.008722911464004753,1.1102230246251565e-16,0.2735660335700912,0.27616516885512155,0.21481872239196148,2.41798213814277e-18,0.23545007518282585
2023-03-13,0.0030082455358391327,1.1102230246251565e-16,0.2735660335700911,0.2761651688551215,0.21481872239196143,2.4179821381427696e-18,0.2354500751828258
2023-03-14,-0.0012624823416970306,1.1102230246251565e-16,0.2735660335700912,0.27616516885512155,0.21481872239196148,2.41798213814277e-18,0.23545007518282585
2023-03-15,0.007812868586435104,1.1102230246251565e-16,0.2735660335700911,0.2761651688551215,0.21481872239196143,2.4179821381427696e-18,0.2354500751828258
2023-03-16,0.0028244432401217643,1.1102230246251565e-16,0.2735660335700912,0.27616516885512155,0.21481872239196148,2.41798213814277e-18,0.23545007518282585
2023-03-17,0.005873561268698138,1.1102230246251565e-16,0.2735660335700911,0.2761651688551215,0.21481872239196143,2.4179821381427696e-18,0.2354500751828258
2023-03-20,-0.0010531538993906668,1.1102230246251565e-16,0.2735660335700912,0.27616516885512155,0.21481872239196148,2.41798213814277e-18,0.23545007518282585
2023-03-21,-0.0029193936934595564,1.1102230246251565e-16,0.2735660335700911,0.2761651688551215,0.21481872239196143,2.4179821381427696e-18,0.2354500751828258
2023-03-22,0.0009112818156815231,1.1102230246251565e-16,0.2735660335700912,0.27616516885512155,0.21481872239196148,2.41798213814277e-18,0.23545007518282585
2023-03-23,0.003771440831420797,1.1102230246251565e-16,0.2735660335700911,0.2761651688551215,0.21481872239196143,2.4179821381427696e-18,0.2354500751828258
2023-03-24,0.001982610847031094,1.1102230246251565e-16,0.2735660335700912,0.27616516885512155,0.21481872239196148,2.41798213814277e-18,0.23545007518282585
2023-03-27,-0.008720365244551167,1.1102230246251565e-16,0.2735660335700911,0.2761651688551215,0.21481872239196143,2.4179821381427696e-18,0.2354500751828258
2023-03-28,0.0008052488478232997,1.1102230246251565e-16,0.2735660335700912,0.27616516885512155,0.21481872239196148,2.41798213814277e-18,0.23545007518282585
2023-03-29,0.002947806409759967,1.1102230246251565e-16,0.2735660335700911,0.2761651688551215,0.21481872239196143,2.4179821381427696e-18,0.2354500751828258
2023-03-30,0.0037177234099172226,1.1102230246251565e-16,0.2735660335700912,0.27616516885512155,0.21481872239196148,2.41798213814277e-18,0.23545007518282585
2023-03-31,0.007720903046613646,1.1102230246251565e-16,0.2735660335700911,0.2761651688551215,0.21481872239196143,2.4179821381427696e-18,0.2354500751828258
2023-04-03,0.0027910056356583255,1.1102230246251565e-16,0.2735660335700912,0.27616516885512155,0.21481872239196148,2.41798213814277e-18,0.23545007518282585
2023-04-04,0.0029263646993792514,1.1102230246251565e-16,0.2735660335700911,0.2761651688551215,0.21481872239196143,2.4179821381427696e-18,0.2354500751828258
2023-04-05,0.002681049039422234,1.1102230246251565e-16,0.2735660335700912,0.27616516885512155,0.21481872239196148,2.41798213814277e-18,0.23545007518282585
2023-04-06,0.00041876729486145574,1.1102230246251565e-16,0.2735660335700911,0.2761651688551215,0.21481872239196143,2.4179821381427696e-18,0.2354500751828258
2023-04-10,-0.004403837127650623,1.1102230246251565e-16,0.2735660335700912,0.27616516885512155,0.21481872239196148,2.41798213814277e-18,0.23545007518282585
2023-04-11,0.0011563743714578596,1.1102230246251565e-16,0.2735660335700911,0.2761651688551215,0.21481872239196143,2.4179821381427696e-18,0.2354500751828258
2023-04-12,-0.001620062037538371,1.1102230246251565e-16,0.2735660335700912,0.27616516885512155,0.21481872239196148,2.41798213814277e-18,0.23545007518282585
2023-04-13,0.0032599191953169284,1.1102230246251565e-16,0.2735660335700911,0.2761651688551215,0.21481872239196143,2.4179821381427696e-18,0.2354500751828258
2023-04-14,-0.005629866572061656,1.1102230246251565e-16,0.2735660335700912,0.27616516885512155,0.21481872239196148,2.41798213814277e-18,0.23545007518282585
2023-04-17,-0.0020693865264442665,1.1102230246251565e-16,0.2735660335700911,0.2761651688551215,0.21481872239196143,2.4179821381427696e-18,0.2354500751828258
2023-04-18,0.0011498364369879283,1.1102230246251565e-16,0.2735660335700912,0.27616516885512155,0.21481872239196148,2.41798213814277e-18,0.23545007518282585
2023-04-19,-0.0008280937851278881,1.1102230246251565e-16,0.2735660335700911,0.2761651688551215,0.21481872239196143,2.4179821381427696e-18,0.2354500751828258
2023-04-20,0.0017141500935052949,1.1102230246251565e-16,0.2735660335700912,0.27616516885512155,0.21481872239196148,2.41798213814277e-18,0.23545007518282585
2023-04-21,-0.0037176941580893447,1.1102230246251565e-16,0.2735660335700911,0.2761651688551215,0.21481872239196143,2.4179821381427696e-18,0.2354500751828258
2023-04-24,0.0028463559060686924,1.1102230246251565e-16,0.2735660335700912,0.27616516885512155,0.21481872239196148,2.41798213814277e-18,0.23545007518282585
2023-04-25,0.0019176464193885003,1.1102230246251565e-16,0.2735660335700911,0.2761651688551215,0.21481872239196143,2.4179821381427696e-18,0.2354500751828258
2023-04-26,-0.00603278517555733,1.1102230246251565e-16,0.2735660335700912,0.27616516885512155,0.21481872239196148,2.41798213814277e-18,0.23545007518282585
2023-04-27,0.0028025136131099274,1.1102230246251565e-16,0.2735660335700911,0.2761651688551215,0.21481872239196143,2.4179821381427696e-18,0.2354500751828258
2023-04-28,0.007187711678493357,1.1102230246251565e-16,0.2735660335700912,0.27616516885512155,0.21481872239196148,2.41798213814277e-18,0.23545007518282585
2023-05-01,-0.008016342673520908,1.1102230246251565e-16,0.2735660335700911,0.2761651688551215,0.21481872239196143,2.4179821381427696e-18,0.2354500751828258
2023-05-02,0.007361630799398808,1.1102230246251565e-16,0.2735660335700912,0.27616516885512155,0.21481872239196148,2.41798213814277e-18,0.23545007518282585
2023-05-03,0.00021582454164007872,1.1102230246251565e-16,0.2735660335700911,0.2761651688551215,0.21481872239196143,2.4179821381427696e-18,0.2354500751828258
2023-05-04,-0.0028997271831827827,1.1102230246251565e-16,0.2735660335700912,0.27616516885512155,0.21481872239196148,2.41798213814277e-18,0.23545007518282585
2023-05-05,0.0004445063453452575,1.1102230246251565e-16,0.2735660335700911,0.2761651688551215,0.21481872239196143,2.4179821381427696e-18,0.2354500751828258
2023-05-08,-0.0031934640920296725,1.1102230246251565e-16,0.2735660335700912,0.27616516885512155,0.21481872239196148,2.41798213814277e-18,0.23545007518282585
2023-05-09,9.96559078068169e-05,1.1102230246251565e-16,0.2735660335700911,0.2761651688551215,0.21481872239196143,2.4179821381427696e-18,0.2354500751828258
2023-05-10,0.0032275266515761764,1.1102230246251565e-16,0.2735660335700912,0.27616516885512155,0.21481872239196148,2.41798213814277e-18,0.23545007518282585
2023-05-11,0.0021266112692454897,1.1102230246251565e-16,0.2735660335700911,0.2761651688551215,0.21481872239196143,2.4179821381427696e-18,0.2354500751828258
2023-05-12,-0.001519231243120651,1.1102230246251565e-16,0.2735660335700912,0.27616516885512155,0.21481872239196148,2.41798213814277e-18,0.23545007518282585
2023-05-15,-0.00212683387846546,1.1102230246251565e-16,0.2735660335700911,0.2761651688551215,0.21481872239196143,2.4179821381427696e-18,0.2354500751828258
2023-05-16,-0.004754726366910115,1.1102230246251565e-16,0.2735660335700912,0.27616516885512155,0.21481872239196148,2.41798213814277e-18,0.23545007518282585
2023-05-17,0.002190893987022216,1.1102230246251565e-16,0.2735660335700911,0.2761651688551215,0.21481872239196143,2.4179821381427696e-18,0.2354500751828258
2023-05-18,-0.00044048104178958476,1.1102230246251565e-16,0.2735660335700912,0.27616516885512155,0.21481872239196148,2.41798213814277e-18,0.23545007518282585
2023-05-19,-0.0008888230856199237,1.1102230246251565e-16,0.2735660335700911,0.2761651688551215,0.21481872239196143,2.4179821381427696e-18,0.2354500751828258
2023-05-22,-0.0012088254282776256,1.1102230246251565e-16,0.2735660335700912,0.27616516885512155,0.21481872239196148,2.41798213814277e-18,0.23545007518282585
2023-05-23,-0.0013513456168556003,1.1102230246251565e-16,0.2735660335700911,0.2761651688551215,0.21481872239196143,2.4179821381427696e-18,0.2354500751828258
2023-05-24,-0.004251994363267723,1.1102230246251565e-16,0.2735660335700912,0.27616516885512155,0.21481872239196148,2.41798213814277e-18,0.23545007518282585
2023-05-25,0.0006912956770359556,1.1102230246251565e-16,0.2735660335700911,0.2761651688551215,0.21481872239196143,2.4179821381427696e-18,0.2354500751828258
2023-05-26,0.006549535023012137,1.1102230246251565e-16,0.2735660335700912,0.27616516885512155,0.21481872239196148,2.41798213814277e-18,0.23545007518282585
2023-05-30,0.003946283324656525,1.1102230246251565e-16,0.2735660335700911,0.2761651688551215,0.21481872239196143,2.4179821381427696e-18,0.2354500751828258
2023-05-31,0.0016328371041986218,1.1102230246251565e-16,0.2735660335700912,0.27616516885512155,0.21481872239196148,2.41798213814277e-18,0.23545007518282585
