date,gross,turnover,w_SPY,w_TLT,w_GLD,w_USO,w_UUP
2019-01-02,0.005050973884310983,0.13176147550733353,0.2171705028293495,0.22325689677841423,0.19999999999999996,0.06823852449266649,0.2913340758995698
2019-01-03,-0.0017264937490282782,1.1796119636642288e-16,0.21717050282934955,0.2232568967784143,0.2,0.0682385244926665,0.29133407589956983
2019-01-04,0.004193194170981202,1.1796119636642288e-16,0.2171705028293495,0.22325689677841423,0.19999999999999996,0.06823852449266649,0.2913340758995698
2019-01-07,0.0012244662657705915,1.1796119636642288e-16,0.21717050282934955,0.2232568967784143,0.2,0.0682385244926665,0.29133407589956983
2019-01-08,0.0032239550553394385,1.1796119636642288e-16,0.2171705028293495,0.22325689677841423,0.19999999999999996,0.06823852449266649,0.2913340758995698
2019-01-09,0.002774101722874369,1.1796119636642288e-16,0.21717050282934955,0.2232568967784143,0.2,0.0682385244926665,0.29133407589956983
2019-01-10,0.00019498181490570156,0.00020370015199139974,0.21717050282934955,0.2233580971165224,0.2,0.06803482434067498,0.291436575713453
2019-01-11,0.000305028752470049,0.0,0.21717050282934955,0.2233580971165224,0.2,0.06803482434067498,0.291436575713453
2019-01-14,-0.0029907445910299065,0.0,0.21717050282934955,0.2233580971165224,0.2,0.06803482434067498,0.291436575713453
2019-01-15,0.00433652661592733,0.0,0.21717050282934955,0.2233580971165224,0.2,0.06803482434067498,0.291436575713453
2019-01-16,0.002103518384774943,0.0,0.21717050282934955,0.2233580971165224,0.2,0.06803482434067498,0.291436575713453
2019-01-17,0.0012571133483404323,0.0,0.21717050282934955,0.2233580971165224,0.2,0.06803482434067498,0.291436575713453
2019-01-18,0.0025763694524830894,0.0,0.21717050282934955,0.2233580971165224,0.2,0.06803482434067498,0.291436575713453
2019-01-22,-0.001853053356151508,0.0,0.21717050282934955,0.2233580971165224,0.2,0.06803482434067498,0.291436575713453
2019-01-23,-0.0010306782664256228,0.0,0.21717050282934955,0.2233580971165224,0.2,0.06803482434067498,0.291436575713453
2019-01-24,0.0037217643462378585,0.0,0.21717050282934955,0.2233580971165224,0.2,0.06803482434067498,0.291436575713453
2019-01-25,0.0017926554186885103,0.0,0.21717050282934955,0.2233580971165224,0.2,0.06803482434067498,0.291436575713453
2019-01-28,-0.002758163204697707,0.0,0.21717050282934955,0.2233580971165224,0.2,0.06803482434067498,0.291436575713453
2019-01-29,0.0033818750945744523,0.0,0.21717050282934955,0.2233580971165224,0.2,0.06803482434067498,0.291436575713453
2019-01-30,0.004392854359914426,0.0,0.21717050282934955,0.2233580971165224,0.2,0.06803482434067498,0.291436575713453
2019-01-31,0.00420107685792164,0.0,0.21717050282934955,0.2233580971165224,0.2,0.06803482434067498,0.291436575713453
2019-02-01,3.309465354908085e-05,0.0,0.21717050282934955,0.2233580971165224,0.2,0.06803482434067498,0.291436575713453
2019-02-04,-0.000293527790611325,0.0,0.21717050282934955,0.2233580971165224,0.2,0.06803482434067498,0.291436575713453
2019-02-05,0.0020055524739275663,0.0,0.21717050282934955,0.2233580971165224,0.2,0.06803482434067498,0.291436575713453
2019-02-06,-0.0002049909730354614,0.0,0.21717050282934955,0.2233580971165224,0.2,0.06803482434067498,0.291436575713453
2019-02-07,-0.0009279460269274297,0.0,0.21717050282934955,0.2233580971165224,0.2,0.06803482434067498,0.291436575713453
2019-02-08,0.0023800044749491918,0.0,0.21717050282934955,0.2233580971165224,0.2,0.06803482434067498,0.291436575713453
2019-02-11,-0.0010346709824354053,0.0,0.21717050282934955,0.2233580971165224,0.2,0.06803482434067498,0.291436575713453
2019-02-12,0.002556257228078899,0.0,0.21717050282934955,0.2233580971165224,0.2,0.06803482434067498,0.291436575713453
2019-02-13,0.0017517636300663892,0.0,0.21717050282934955,0.2233580971165224,0.2,0.06803482434067498,0.291436575713453
2019-02-14,0.002411439950822004,0.0,0.21717050282934955,0.2233580971165224,0.2,0.06803482434067498,0.291436575713453
2019-02-15,0.004707255997129091,0.0,0.21717050282934955,0.2233580971165224,0.2,0.06803482434067498,0.291436575713453
2019-02-19,0.003264869430636889,0.0,0.21717050282934955,0.2233580971165224,0.2,0.06803482434067498,0.291436575713453
2019-02-20,0.0005444612132685995,0.0,0.21717050282934955,0.2233580971165224,0.2,0.06803482434067498,0.291436575713453
2019-02-21,-0.005088525181038306,0.0,0.21717050282934955,0.2233580971165224,0.2,0.06803482434067498,0.291436575713453
2019-02-22,0.0036846049306286663,0.0,0.21717050282934955,0.2233580971165224,0.2,0.06803482434067498,0.291436575713453
2019-02-25,-0.0029631117389788643,0.0,0.21717050282934955,0.2233580971165224,0.2,0.06803482434067498,0.291436575713453
2019-02-26,0.0005040551220899297,0.0,0.21717050282934955,0.2233580971165224,0.2,0.06803482434067498,0.291436575713453
2019-02-27,-0.0022925534925436236,0.0,0.21717050282934955,0.2233580971165224,0.2,0.06803482434067498,0.291436575713453
2019-02-28,-0.0017167191200098174,0.0,0.21717050282934955,0.2233580971165224,0.2,0.06803482434067498,0.291436575713453
2019-03-01,-0.004626480997668979,0.0,0.21717050282934955,0.2233580971165224,0.2,0.06803482434067498,0.291436575713453
2019-03-04,0.001592080247068065,0.0,0.21717050282934955,0.2233580971165224,0.2,0.06803482434067498,0.291436575713453
2019-03-05,0.0013419145237005342,0.0,0.21717050282934955,0.2233580971165224,0.2,0.06803482434067498,0.291436575713453
2019-03-06,-0.001079138114379026,0.0,0.21717050282934955,0.2233580971165224,0.2,0.06803482434067498,0.291436575713453
2019-03-07,0.0024087880597762224,0.0,0.21717050282934955,0.2233580971165224,0.2,0.06803482434067498,0.291436575713453
2019-03-08,0.0013405041561302179,0.0,0.21717050282934955,0.2233580971165224,0.2,0.06803482434067498,0.291436575713453
2019-03-11,0.00159216528166701,0.0,0.21717050282934955,0.2233580971165224,0.2,0.06803482434067498,0.291436575713453
2019-03-12,0.003206057985017517,0.0,0.21717050282934955,0.2233580971165224,0.2,0.06803482434067498,0.291436575713453
2019-03-13,0.002780549520399277,0.0,0.21717050282934955,0.2233580971165224,0.2,0.06803482434067498,0.291436575713453
2019-03-14,-0.002989225491861041,0.0,0.21717050282934955,0.2233580971165224,0.2,0.06803482434067498,0.291436575713453
2019-03-15,0.002902741226760601,0.0,0.21717050282934955,0.2233580971165224,0.2,0.06803482434067498,0.291436575713453
2019-03-18,0.0010475734503647305,0.0,0.21717050282934955,0.2233580971165224,0.2,0.06803482434067498,0.291436575713453
2019-03-19,-0.0003942896713307883,0.0,0.21717050282934955,0.2233580971165224,0.2,0.06803482434067498,0.291436575713453
2019-03-20,0.002500257945785525,0.0,0.21717050282934955,0.2233580971165224,0.2,0.06803482434067498,0.291436575713453
2019-03-21,0.0036345915333882498,0.0,0.21717050282934955,0.2233580971165224,0.2,0.06803482434067498,0.291436575713453
2019-03-22,-0.0008236114844537481,0.0,0.21717050282934955,0.2233580971165224,0.2,0.06803482434067498,0.291436575713453
2019-03-25,0.001838388840577316,0.0,0.21717050282934955,0.2233580971165224,0.2,0.06803482434067498,0.291436575713453
2019-03-26,0.0025908890475698017,0.0,0.21717050282934955,0.2233580971165224,0.2,0.06803482434067498,0.291436575713453
2019-03-27,-0.0004974362360713623,0.0,0.21717050282934955,0.2233580971165224,0.2,0.06803482434067498,0.291436575713453
2019-03-28,-0.00016064376391095123,0.0,0.21717050282934955,0.2233580971165224,0.2,0.06803482434067498,0.291436575713453
2019-03-29,0.0025007275358565834,0.0,0.21717050282934955,0.2233580971165224,0.2,0.06803482434067498,0.291436575713453
2019-04-01,0.00013370259520892585,0.0,0.21717050282934955,0.2233580971165224,0.2,0.06803482434067498,0.291436575713453
2019-04-02,0.00260463026418341,0.0,0.21717050282934955,0.2233580971165224,0.2,0.06803482434067498,0.291436575713453
2019-04-03,-0.002441790705313004,0.0,0.21717050282934955,0.2233580971165224,0.2,0.06803482434067498,0.291436575713453
2019-04-04,0.0016877979133826096,0.0,0.21717050282934955,0.2233580971165224,0.2,0.06803482434067498,0.291436575713453
2019-04-05,0.002673734382332466,0.0,0.21717050282934955,0.2233580971165224,0.2,0.06803482434067498,0.291436575713453
2019-04-08,0.0005291652434069049,0.0,0.21717050282934955,0.2233580971165224,0.2,0.06803482434067498,0.291436575713453
2019-04-09,0.00039355932086095367,0.0,0.21717050282934955,0.2233580971165224,0.2,0.06803482434067498,0.291436575713453
2019-04-10,0.0018579176468033237,0.0,0.21717050282934955,0.2233580971165224,0.2,0.06803482434067498,0.291436575713453
2019-04-11,-0.0037418310485472285,0.0,0.21717050282934955,0.2233580971165224,0.2,0.06803482434067498,0.291436575713453
2019-04-12,-0.0008365281892347806,0.0,0.21717050282934955,0.2233580971165224,0.2,0.06803482434067498,0.291436575713453
2019-04-15,-0.00037446003833497014,0.0,0.21717050282934955,0.2233580971165224,0.2,0.06803482434067498,0.291436575713453
2019-04-16,-0.0017071326689601682,0.0,0.21717050282934955,0.2233580971165224,0.2,0.06803482434067498,0.291436575713453
2019-04-17,-0.0015037531783604636,0.0,0.21717050282934955,0.2233580971165224,0.2,0.06803482434067498,0.291436575713453
2019-04-18,0.0035212711329298874,0.0,0.21717050282934955,0.2233580971165224,0.2,0.06803482434067498,0.291436575713453
2019-04-22,0.0002333738509403253,0.0,0.21717050282934955,0.2233580971165224,0.2,0.06803482434067498,0.291436575713453
2019-04-23,0.0036156150964387268,0.0,0.21717050282934955,0.2233580971165224,0.2,0.06803482434067498,0.291436575713453
2019-04-24,0.0028285345163987768,0.0,0.21717050282934955,0.2233580971165224,0.2,0.06803482434067498,0.291436575713453
2019-04-25,-0.0004847817231713038,0.0,0.21717050282934955,0.2233580971165224,0.2,0.06803482434067498,0.291436575713453
2019-04-26,0.0005541955466748859,0.0,0.21717050282934955,0.2233580971165224,0.2,0.06803482434067498,0.291436575713453
2019-04-29,-0.001911569518893147,0.0,0.21717050282934955,0.2233580971165224,0.2,0.06803482434067498,0.291436575713453
2019-04-30,0.001287477251989916,0.0,0.21717050282934955,0.2233580971165224,0.2,0.06803482434067498,0.291436575713453
2019-05-01,-0.002055309996128455,0.0,0.21717050282934955,0.2233580971165224,0.2,0.06803482434067498,0.291436575713453
2019-05-02,-0.0036878486383619263,0.0,0.21717050282934955,0.2233580971165224,0.2,0.06803482434067498,0.291436575713453
2019-05-03,0.003099212510483032,0.0,0.21717050282934955,0.2233580971165224,0.2,0.06803482434067498,0.291436575713453
2019-05-06,0.0012655463572263511,0.0,0.21717050282934955,0.2233580971165224,0.2,0.06803482434067498,0.291436575713453
2019-05-07,-0.0028002396166466703,0.0,0.21717050282934955,0.2233580971165224,0.2,0.06803482434067498,0.291436575713453
2019-05-08,-0.0007958912681236485,0.0,0.21717050282934955,0.2233580971165224,0.2,0.06803482434067498,0.291436575713453
2019-05-09,-0.00024004564244034895,0.0,0.21717050282934955,0.2233580971165224,0.2,0.06803482434067498,0.291436575713453
2019-05-10,0.0012145666405268376,0.0,0.21717050282934955,0.2233580971165224,0.2,0.06803482434067498,0.291436575713453
2019-05-13,-0.002508357164078121,0.0,0.21717050282934955,0.2233580971165224,0.2,0.06803482434067498,0.291436575713453
2019-05-14,0.00265239946149587,0.0,0.21717050282934955,0.2233580971165224,0.2,0.06803482434067498,0.291436575713453
2019-05-15,0.0031695904994478094,0.0,0.21717050282934955,0.2233580971165224,0.2,0.06803482434067498,0.291436575713453
2019-05-16,0.0014992723224570125,0.0,0.21717050282934955,0.2233580971165224,0.2,0.06803482434067498,0.291436575713453
2019-05-17,-0.0019675632978391907,0.0,0.21717050282934955,0.2233580971165224,0.2,0.06803482434067498,0.291436575713453
2019-05-20,-0.0017706654238738033,0.0,0.21717050282934955,0.2233580971165224,0.2,0.06803482434067498,0.291436575713453
2019-05-21,0.0014777462221658433,0.0,0.21717050282934955,0.2233580971165224,0.2,0.06803482434067498,0.291436575713453
2019-05-22,-0.001385042733695691,0.0,0.21717050282934955,0.2233580971165224,0.2,0.06803482434067498,0.291436575713453
2019-05-23,-0.002617733613419035,0.0,0.21717050282934955,0.2233580971165224,0.2,0.06803482434067498,0.291436575713453
2019-05-24,0.0006916691710763368,0.0,0.21717050282934955,0.2233580971165224,0.2,0.06803482434067498,0.291436575713453
2019-05-28,3.453240351942045e-05,0.0,0.21717050282934955,0.2233580971165224,0.2,0.06803482434067498,0.291436575713453
2019-05-29,4.847384359013248e-06,0.0,0.21717050282934955,0.2233580971165224,0.2,0.06803482434067498,0.291436575713453
2019-05-30,0.0013128748059931352,0.0,0.21717050282934955,0.2233580971165224,0.2,0.06803482434067498,0.291436575713453
2019-05-31,-0.0024661765828530996,0.0,0.21717050282934955,0.2233580971165224,0.2,0.06803482434067498,0.291436575713453
2019-06-03,0.0016039350705503292,0.0,0.21717050282934955,0.2233580971165224,0.2,0.06803482434067498,0.291436575713453
2019-06-04,0.002949875401748137,0.0,0.21717050282934955,0.2233580971165224,0.2,0.06803482434067498,0.291436575713453
2019-06-05,-0.0002443548768143659,0.0,0.21717050282934955,0.2233580971165224,0.2,0.06803482434067498,0.291436575713453
2019-06-06,0.003618640639592251,0.0,0.21717050282934955,0.2233580971165224,0.2,0.06803482434067498,0.291436575713453
2019-06-07,0.005053577020094937,0.0,0.21717050282934955,0.2233580971165224,0.2,0.06803482434067498,0.291436575713453
2019-06-10,-0.0034877257588515694,0.0,0.21717050282934955,0.2233580971165224,0.2,0.06803482434067498,0.291436575713453
2019-06-11,-4.336362322426862e-05,0.0,0.21717050282934955,0.2233580971165224,0.2,0.06803482434067498,0.291436575713453
2019-06-12,-0.0012696356203438688,0.0,0.21717050282934955,0.2233580971165224,0.2,0.06803482434067498,0.291436575713453
2019-06-13,0.004646545361634067,0.0,0.21717050282934955,0.2233580971165224,0.2,0.06803482434067498,0.291436575713453
2019-06-14,0.0021932686537235128,0.0,0.21717050282934955,0.2233580971165224,0.2,0.06803482434067498,0.291436575713453
2019-06-17,-0.00035076837554445746,0.0,0.21717050282934955,0.2233580971165224,0.2,0.06803482434067498,0.291436575713453
2019-06-18,0.007617664853264251,0.0,0.21717050282934955,0.2233580971165224,0.2,0.06803482434067498,0.291436575713453
2019-06-19,0.0011794190498553184,0.0,0.21717050282934955,0.2233580971165224,0.2,0.06803482434067498,0.291436575713453
2019-06-20,0.009045648650587037,0.0,0.21717050282934955,0.2233580971165224,0.2,0.06803482434067498,0.291436575713453
2019-06-21,-0.002206168670647529,0.0,0.21717050282934955,0.2233580971165224,0.2,0.06803482434067498,0.291436575713453
2019-06-24,0.004147764704813959,0.0,0.21717050282934955,0.2233580971165224,0.2,0.06803482434067498,0.291436575713453
2019-06-25,-0.0004319667758764434,0.0,0.21717050282934955,0.2233580971165224,0.2,0.06803482434067498,0.291436575713453
2019-06-26,-0.001610424036005061,0.0,0.21717050282934955,0.2233580971165224,0.2,0.06803482434067498,0.291436575713453
2019-06-27,0.002148516692765075,0.0,0.21717050282934955,0.2233580971165224,0.2,0.06803482434067498,0.291436575713453
2019-06-28,-9.988220930058286e-05,0.0,0.21717050282934955,0.2233580971165224,0.2,0.06803482434067498,0.291436575713453
2019-07-01,0.0010635911259240767,0.0,0.21717050282934955,0.2233580971165224,0.2,0.06803482434067498,0.291436575713453
2019-07-02,0.0031241562811765364,0.0,0.21717050282934955,0.2233580971165224,0.2,0.06803482434067498,0.291436575713453
2019-07-03,0.0040655307521675395,0.0,0.21717050282934955,0.2233580971165224,0.2,0.06803482434067498,0.291436575713453
2019-07-05,-0.002838249258528964,0.0,0.21717050282934955,0.2233580971165224,0.2,0.06803482434067498,0.291436575713453
2019-07-08,-0.001735535705632906,0.0,0.21717050282934955,0.2233580971165224,0.2,0.06803482434067498,0.291436575713453
2019-07-09,0.001735915038805253,0.0,0.21717050282934955,0.2233580971165224,0.2,0.06803482434067498,0.291436575713453
2019-07-10,0.004517319992173528,0.0,0.21717050282934955,0.2233580971165224,0.2,0.06803482434067498,0.291436575713453
2019-07-11,-0.00405280705137854,0.0,0.21717050282934955,0.2233580971165224,0.2,0.06803482434067498,0.291436575713453
2019-07-12,0.0017628102204059798,0.0,0.21717050282934955,0.2233580971165224,0.2,0.06803482434067498,0.291436575713453
2019-07-15,0.0006082004334934537,0.0,0.21717050282934955,0.2233580971165224,0.2,0.06803482434067498,0.291436575713453
2019-07-16,-0.002996970673185651,0.0,0.21717050282934955,0.2233580971165224,0.2,0.06803482434067498,0.291436575713453
2019-07-17,0.0018703484491902917,0.0,0.21717050282934955,0.2233580971165224,0.2,0.06803482434067498,0.291436575713453
2019-07-18,0.000984022725022259,0.0,0.21717050282934955,0.2233580971165224,0.2,0.06803482434067498,0.291436575713453
2019-07-19,-0.002580792456282054,0.0,0.21717050282934955,0.2233580971165224,0.2,0.06803482434067498,0.291436575713453
2019-07-22,0.0015403690535714374,0.0,0.21717050282934955,0.2233580971165224,0.2,0.06803482434067498,0.291436575713453
2019-07-23,0.001288280102203306,0.0,0.21717050282934955,0.2233580971165224,0.2,0.06803482434067498,0.291436575713453
2019-07-24,0.0017406623477022518,0.0,0.21717050282934955,0.2233580971165224,0.2,0.06803482434067498,0.291436575713453
2019-07-25,-0.0029096380582640776,0.0,0.21717050282934955,0.2233580971165224,0.2,0.06803482434067498,0.291436575713453
2019-07-26,0.0030456510632958173,0.0,0.21717050282934955,0.2233580971165224,0.2,0.06803482434067498,0.291436575713453
2019-07-29,0.0022167835971630143,0.0,0.21717050282934955,0.2233580971165224,0.2,0.06803482434067498,0.291436575713453
2019-07-30,0.0021758387716666033,0.0,0.21717050282934955,0.2233580971165224,0.2,0.06803482434067498,0.291436575713453
2019-07-31,-0.0016728509363566186,0.0,0.21717050282934955,0.2233580971165224,0.2,0.06803482434067498,0.291436575713453
2019-08-01,0.002352035043772494,0.0,0.21717050282934955,0.2233580971165224,0.2,0.06803482434067498,0.291436575713453
2019-08-02,3.308365069201865e-05,0.0,0.21717050282934955,0.2233580971165224,0.2,0.06803482434067498,0.291436575713453
2019-08-05,-0.0019499265446294883,0.0,0.21717050282934955,0.2233580971165224,0.2,0.06803482434067498,0.291436575713453
2019-08-06,0.005410536671705589,0.0,0.21717050282934955,0.2233580971165224,0.2,0.06803482434067498,0.291436575713453
2019-08-07,0.0011938282079781127,0.0,0.21717050282934955,0.2233580971165224,0.2,0.06803482434067498,0.291436575713453
2019-08-08,0.006719684655955144,0.0,0.21717050282934955,0.2233580971165224,0.2,0.06803482434067498,0.291436575713453
2019-08-09,-0.0009317568018126169,0.0,0.21717050282934955,0.2233580971165224,0.2,0.06803482434067498,0.291436575713453
2019-08-12,0.00421524510929285,0.0,0.21717050282934955,0.2233580971165224,0.2,0.06803482434067498,0.291436575713453
2019-08-13,0.0057969247355288515,0.0,0.21717050282934955,0.2233580971165224,0.2,0.06803482434067498,0.291436575713453
2019-08-14,-0.0018270957043969105,0.0,0.21717050282934955,0.2233580971165224,0.2,0.06803482434067498,0.291436575713453
2019-08-15,0.004072161947654623,0.0,0.21717050282934955,0.2233580971165224,0.2,0.06803482434067498,0.291436575713453
2019-08-16,0.0006532235449007145,0.0,0.21717050282934955,0.2233580971165224,0.2,0.06803482434067498,0.291436575713453
2019-08-19,-0.000709841600413736,0.0,0.21717050282934955,0.2233580971165224,0.2,0.06803482434067498,0.291436575713453
2019-08-20,0.0013760576383491088,0.0,0.21717050282934955,0.2233580971165224,0.2,0.06803482434067498,0.291436575713453
2019-08-21,-0.00014391409241028405,0.0,0.21717050282934955,0.2233580971165224,0.2,0.06803482434067498,0.291436575713453
2019-08-22,-0.002745150832286286,0.0,0.21717050282934955,0.2233580971165224,0.2,0.06803482434067498,0.291436575713453
2019-08-23,-0.0016351132621423134,0.0,0.21717050282934955,0.2233580971165224,0.2,0.06803482434067498,0.291436575713453
2019-08-26,0.003004108271272299,0.0,0.21717050282934955,0.2233580971165224,0.2,0.06803482434067498,0.291436575713453
2019-08-27,0.005745604142776553,0.0,0.21717050282934955,0.2233580971165224,0.2,0.06803482434067498,0.291436575713453
2019-08-28,0.0032205163411700333,0.0,0.21717050282934955,0.2233580971165224,0.2,0.06803482434067498,0.291436575713453
2019-08-29,0.0020770241058838683,0.0,0.21717050282934955,0.2233580971165224,0.2,0.06803482434067498,0.291436575713453
2019-08-30,-0.001308630681032401,0.0,0.21717050282934955,0.2233580971165224,0.2,0.06803482434067498,0.291436575713453
2019-09-03,0.001031074646182126,0.00024254449984351806,0.21741304732919306,0.22335809711652235,0.19999999999999996,0.06779227984083162,0.29143657571345294
2019-09-04,0.005170972449281846,7.632783294297951e-17,0.2174130473291931,0.22335809711652238,0.19999999999999998,0.06779227984083164,0.291436575713453
2019-09-05,-0.005999298967150725,0.0,0.2174130473291931,0.22335809711652238,0.19999999999999998,0.06779227984083164,0.291436575713453
2019-09-06,0.0005668714285318359,0.0,0.2174130473291931,0.22335809711652238,0.19999999999999998,0.06779227984083164,0.291436575713453
2019-09-09,-0.003364117081630819,0.0,0.2174130473291931,0.22335809711652238,0.19999999999999998,0.06779227984083164,0.291436575713453
2019-09-10,-0.005911710977356138,0.0,0.2174130473291931,0.22335809711652238,0.19999999999999998,0.06779227984083164,0.291436575713453
2019-09-11,0.0015354711993369268,0.0,0.2174130473291931,0.22335809711652238,0.19999999999999998,0.06779227984083164,0.291436575713453
2019-09-12,-0.002386359667065201,0.0,0.2174130473291931,0.22335809711652238,0.19999999999999998,0.06779227984083164,0.291436575713453
2019-09-13,-0.007183856135895931,0.0,0.2174130473291931,0.22335809711652238,0.19999999999999998,0.06779227984083164,0.291436575713453
2019-09-16,0.013390386997589992,0.0,0.2174130473291931,0.22335809711652238,0.19999999999999998,0.06779227984083164,0.291436575713453
2019-09-17,-0.001998110420062795,0.0,0.2174130473291931,0.22335809711652238,0.19999999999999998,0.06779227984083164,0.291436575713453
2019-09-18,-0.00013645683550999872,0.0,0.2174130473291931,0.22335809711652238,0.19999999999999998,0.06779227984083164,0.291436575713453
2019-09-19,0.0013199175560040196,0.0,0.2174130473291931,0.22335809711652238,0.19999999999999998,0.06779227984083164,0.291436575713453
2019-09-20,0.005105414100559676,0.0,0.2174130473291931,0.22335809711652238,0.19999999999999998,0.06779227984083164,0.291436575713453
2019-09-23,0.0015111727314783422,0.0,0.2174130473291931,0.22335809711652238,0.19999999999999998,0.06779227984083164,0.291436575713453
2019-09-24,-0.000761943069187835,0.0,0.2174130473291931,0.22335809711652238,0.19999999999999998,0.06779227984083164,0.291436575713453
2019-09-25,-0.003973780320205253,0.0,0.2174130473291931,0.22335809711652238,0.19999999999999998,0.06779227984083164,0.291436575713453
2019-09-26,0.0016835964025769226,0.0,0.2174130473291931,0.22335809711652238,0.19999999999999998,0.06779227984083164,0.291436575713453
2019-09-27,-0.002887168830055249,0.0,0.2174130473291931,0.22335809711652238,0.19999999999999998,0.06779227984083164,0.291436575713453
2019-09-30,-0.002438462086060777,0.0,0.2174130473291931,0.22335809711652238,0.19999999999999998,0.06779227984083164,0.291436575713453
2019-10-01,-0.0026837208173986758,0.0,0.2174130473291931,0.22335809711652238,0.19999999999999998,0.06779227984083164,0.291436575713453
2019-10-02,-0.0024477018338938113,0.0004171228885078565,0.21783017021770085,0.22335809711652233,0.19999999999999993,0.06737515695232385,0.29143657571345294
2019-10-03,0.004316419655130056,0.0002210734202048592,0.21805124363790576,0.22335809711652233,0.19999999999999993,0.06715408353211905,0.29143657571345294
2019-10-04,0.005059506484293911,0.0,0.21805124363790576,0.22335809711652233,0.19999999999999993,0.06715408353211905,0.29143657571345294
2019-10-07,-0.003956963887635575,0.0,0.21805124363790576,0.22335809711652233,0.19999999999999993,0.06715408353211905,0.29143657571345294
2019-10-08,-0.0015159181602276126,0.0,0.21805124363790576,0.22335809711652233,0.19999999999999993,0.06715408353211905,0.29143657571345294
2019-10-09,0.00139344006315844,0.0,0.21805124363790576,0.22335809711652233,0.19999999999999993,0.06715408353211905,0.29143657571345294
2019-10-10,-0.003561745153243952,0.0,0.21805124363790576,0.22335809711652233,0.19999999999999993,0.06715408353211905,0.29143657571345294
2019-10-11,-0.0013141093565823354,0.0,0.21805124363790576,0.22335809711652233,0.19999999999999993,0.06715408353211905,0.29143657571345294
2019-10-14,0.0016371316336568837,0.0,0.21805124363790576,0.22335809711652233,0.19999999999999993,0.06715408353211905,0.29143657571345294
2019-10-15,-0.003522748638508039,0.0,0.21805124363790576,0.22335809711652233,0.19999999999999993,0.06715408353211905,0.29143657571345294
2019-10-16,0.0007925575982766424,0.0,0.21805124363790576,0.22335809711652233,0.19999999999999993,0.06715408353211905,0.29143657571345294
2019-10-17,0.00013970107615271564,0.0,0.21805124363790576,0.22335809711652233,0.19999999999999993,0.06715408353211905,0.29143657571345294
2019-10-18,-0.0026185684280492765,0.0,0.21805124363790576,0.22335809711652233,0.19999999999999993,0.06715408353211905,0.29143657571345294
2019-10-21,-0.0009963748264568734,0.0,0.21805124363790576,0.22335809711652233,0.19999999999999993,0.06715408353211905,0.29143657571345294
2019-10-22,0.0026171059295052417,0.0,0.21805124363790576,0.22335809711652233,0.19999999999999993,0.06715408353211905,0.29143657571345294
2019-10-23,0.003056083241260826,0.0,0.21805124363790576,0.22335809711652233,0.19999999999999993,0.06715408353211905,0.29143657571345294
2019-10-24,0.0026680044756074717,0.0,0.21805124363790576,0.22335809711652233,0.19999999999999993,0.06715408353211905,0.29143657571345294
2019-10-25,0.0011681132536344478,0.0,0.21805124363790576,0.22335809711652233,0.19999999999999993,0.06715408353211905,0.29143657571345294
2019-10-28,-0.0037625275433915834,0.0,0.21805124363790576,0.22335809711652233,0.19999999999999993,0.06715408353211905,0.29143657571345294
2019-10-29,-0.0009853377030971781,0.0,0.21805124363790576,0.22335809711652233,0.19999999999999993,0.06715408353211905,0.29143657571345294
2019-10-30,0.0037426795063699517,0.0,0.21805124363790576,0.22335809711652233,0.19999999999999993,0.06715408353211905,0.29143657571345294
2019-10-31,0.002889811284085907,0.0,0.21805124363790576,0.22335809711652233,0.19999999999999993,0.06715408353211905,0.29143657571345294
2019-11-01,0.003723090991676896,0.0,0.21805124363790576,0.22335809711652233,0.19999999999999993,0.06715408353211905,0.29143657571345294
2019-11-04,-0.0008531006567835513,0.0,0.21805124363790576,0.22335809711652233,0.19999999999999993,0.06715408353211905,0.29143657571345294
2019-11-05,-0.004214440741980668,0.0,0.21805124363790576,0.22335809711652233,0.19999999999999993,0.06715408353211905,0.29143657571345294
2019-11-06,0.0015839813557661587,0.0,0.21805124363790576,0.22335809711652233,0.19999999999999993,0.06715408353211905,0.29143657571345294
2019-11-07,-0.005333489795584984,0.0,0.21805124363790576,0.22335809711652233,0.19999999999999993,0.06715408353211905,0.29143657571345294
2019-11-08,-0.0004016282144968401,0.0,0.21805124363790576,0.22335809711652233,0.19999999999999993,0.06715408353211905,0.29143657571345294
2019-11-11,-0.0017411724517840126,0.0,0.21805124363790576,0.22335809711652233,0.19999999999999993,0.06715408353211905,0.29143657571345294
2019-11-12,0.002346347281185379,0.0,0.21805124363790576,0.22335809711652233,0.19999999999999993,0.06715408353211905,0.29143657571345294
2019-11-13,0.002721205406423367,0.0,0.21805124363790576,0.22335809711652233,0.19999999999999993,0.06715408353211905,0.29143657571345294
2019-11-14,0.0029677346596248787,0.0,0.21805124363790576,0.22335809711652233,0.19999999999999993,0.06715408353211905,0.29143657571345294
2019-11-15,0.0011376336667598165,0.0,0.21805124363790576,0.22335809711652233,0.19999999999999993,0.06715408353211905,0.29143657571345294
2019-11-18,-0.00038471501300109683,0.0,0.21805124363790576,0.22335809711652233,0.19999999999999993,0.06715408353211905,0.29143657571345294
2019-11-19,0.0003638145158061891,0.0,0.21805124363790576,0.22335809711652233,0.19999999999999993,0.06715408353211905,0.29143657571345294
2019-11-20,0.0035166952468451917,0.0,0.21805124363790576,0.22335809711652233,0.19999999999999993,0.06715408353211905,0.29143657571345294
2019-11-21,-0.0007161532730143849,0.0,0.21805124363790576,0.22335809711652233,0.19999999999999993,0.06715408353211905,0.29143657571345294
2019-11-22,0.0007694224626946327,0.0,0.21805124363790576,0.22335809711652233,0.19999999999999993,0.06715408353211905,0.29143657571345294
2019-11-25,0.0016028312148050343,0.0,0.21805124363790576,0.22335809711652233,0.19999999999999993,0.06715408353211905,0.29143657571345294
2019-11-26,0.002881207263346948,0.0,0.21805124363790576,0.22335809711652233,0.19999999999999993,0.06715408353211905,0.29143657571345294
2019-11-27,-0.0005788213825562202,0.0,0.21805124363790576,0.22335809711652233,0.19999999999999993,0.06715408353211905,0.29143657571345294
2019-11-29,-0.003245170491859004,0.0,0.21805124363790576,0.22335809711652233,0.19999999999999993,0.06715408353211905,0.29143657571345294
2019-12-02,-0.0058342251720521175,0.0,0.21805124363790576,0.22335809711652233,0.19999999999999993,0.06715408353211905,0.29143657571345294
2019-12-03,0.0053284998078255395,0.0,0.21805124363790576,0.22335809711652233,0.19999999999999993,0.06715408353211905,0.29143657571345294
2019-12-04,0.0009708231391928675,0.0,0.21805124363790576,0.22335809711652233,0.19999999999999993,0.06715408353211905,0.29143657571345294
2019-12-05,-0.001233170241799152,0.0,0.21805124363790576,0.22335809711652233,0.19999999999999993,0.06715408353211905,0.29143657571345294
2019-12-06,0.0005784891239117067,0.0,0.21805124363790576,0.22335809711652233,0.19999999999999993,0.06715408353211905,0.29143657571345294
2019-12-09,-0.0005314773729079461,0.0,0.21805124363790576,0.22335809711652233,0.19999999999999993,0.06715408353211905,0.29143657571345294
2019-12-10,0.0003397910794555821,0.0,0.21805124363790576,0.22335809711652233,0.19999999999999993,0.06715408353211905,0.29143657571345294
2019-12-11,0.002173532293278965,0.0,0.21805124363790576,0.22335809711652233,0.19999999999999993,0.06715408353211905,0.29143657571345294
2019-12-12,-0.0016819688378367545,0.0,0.21805124363790576,0.22335809711652233,0.19999999999999993,0.06715408353211905,0.29143657571345294
2019-12-13,0.004261507641202461,0.0,0.21805124363790576,0.22335809711652233,0.19999999999999993,0.06715408353211905,0.29143657571345294
2019-12-16,-0.0005332033990088812,0.0,0.21805124363790576,0.22335809711652233,0.19999999999999993,0.06715408353211905,0.29143657571345294
2019-12-17,0.0009376214403917064,0.0,0.21805124363790576,0.22335809711652233,0.19999999999999993,0.06715408353211905,0.29143657571345294
2019-12-18,-0.0011539882944484206,0.0,0.21805124363790576,0.22335809711652233,0.19999999999999993,0.06715408353211905,0.29143657571345294
2019-12-19,0.00197990427881351,0.0,0.21805124363790576,0.22335809711652233,0.19999999999999993,0.06715408353211905,0.29143657571345294
2019-12-20,0.0016451331538620143,0.0,0.21805124363790576,0.22335809711652233,0.19999999999999993,0.06715408353211905,0.29143657571345294
2019-12-23,0.0008396785216207314,0.0,0.21805124363790576,0.22335809711652233,0.19999999999999993,0.06715408353211905,0.29143657571345294
2019-12-24,0.0029016002939908467,0.0,0.21805124363790576,0.22335809711652233,0.19999999999999993,0.06715408353211905,0.29143657571345294
2019-12-26,0.003457967384682739,0.0,0.21805124363790576,0.22335809711652233,0.19999999999999993,0.06715408353211905,0.29143657571345294
2019-12-27,-0.0012206566640881502,0.0,0.21805124363790576,0.22335809711652233,0.19999999999999993,0.06715408353211905,0.29143657571345294
2019-12-30,-0.002256404237126444,0.0,0.21805124363790576,0.22335809711652233,0.19999999999999993,0.06715408353211905,0.29143657571345294
2019-12-31,-0.0024795520627125802,0.0,0.21805124363790576,0.22335809711652233,0.19999999999999993,0.06715408353211905,0.29143657571345294
2020-01-02,0.0070411869126381825,0.0,0.21805124363790576,0.22335809711652233,0.19999999999999993,0.06715408353211905,0.29143657571345294
2020-01-03,0.006717396121437652,0.0,0.21805124363790576,0.22335809711652233,0.19999999999999993,0.06715408353211905,0.29143657571345294
2020-01-06,0.0008893984840561368,0.0,0.21805124363790576,0.22335809711652233,0.19999999999999993,0.06715408353211905,0.29143657571345294
2020-01-07,-6.960102588714047e-05,0.0,0.21805124363790576,0.22335809711652233,0.19999999999999993,0.06715408353211905,0.29143657571345294
2020-01-08,-0.003437468146165631,0.0,0.21805124363790576,0.22335809711652233,0.19999999999999993,0.06715408353211905,0.29143657571345294
2020-01-09,0.000786885825607998,0.0,0.21805124363790576,0.22335809711652233,0.19999999999999993,0.06715408353211905,0.29143657571345294
2020-01-10,0.0019113302978103052,0.0,0.21805124363790576,0.22335809711652233,0.19999999999999993,0.06715408353211905,0.29143657571345294
2020-01-13,-0.0017982635102704607,0.0,0.21805124363790576,0.22335809711652233,0.19999999999999993,0.06715408353211905,0.29143657571345294
2020-01-14,0.001189682306021489,0.0,0.21805124363790576,0.22335809711652233,0.19999999999999993,0.06715408353211905,0.29143657571345294
2020-01-15,0.0021495663393214857,0.0,0.21805124363790576,0.22335809711652233,0.19999999999999993,0.06715408353211905,0.29143657571345294
2020-01-16,0.0018478843238146692,0.0,0.21805124363790576,0.22335809711652233,0.19999999999999993,0.06715408353211905,0.29143657571345294
2020-01-17,0.000356900072709632,0.0,0.21805124363790576,0.22335809711652233,0.19999999999999993,0.06715408353211905,0.29143657571345294
2020-01-21,0.00142626168280309,0.0,0.21805124363790576,0.22335809711652233,0.19999999999999993,0.06715408353211905,0.29143657571345294
2020-01-22,-0.0012078576390935564,0.0,0.21805124363790576,0.22335809711652233,0.19999999999999993,0.06715408353211905,0.29143657571345294
2020-01-23,0.0016855635578619467,0.0,0.21805124363790576,0.22335809711652233,0.19999999999999993,0.06715408353211905,0.29143657571345294
2020-01-24,0.00015434014879383672,0.0,0.21805124363790576,0.22335809711652233,0.19999999999999993,0.06715408353211905,0.29143657571345294
2020-01-27,-0.00015305219451501552,0.0,0.21805124363790576,0.22335809711652233,0.19999999999999993,0.06715408353211905,0.29143657571345294
2020-01-28,-0.00034203001355218553,0.0,0.21805124363790576,0.22335809711652233,0.19999999999999993,0.06715408353211905,0.29143657571345294
2020-01-29,0.0029915316175402086,0.0,0.21805124363790576,0.22335809711652233,0.19999999999999993,0.06715408353211905,0.29143657571345294
2020-01-30,-0.0006101768981461039,0.0,0.21805124363790576,0.22335809711652233,0.19999999999999993,0.06715408353211905,0.29143657571345294
2020-01-31,-0.003430982853786929,0.0,0.21805124363790576,0.22335809711652233,0.19999999999999993,0.06715408353211905,0.29143657571345294
2020-02-03,-0.0005869163053761994,0.0,0.21805124363790576,0.22335809711652233,0.19999999999999993,0.06715408353211905,0.29143657571345294
2020-02-04,-0.002164982852569871,0.0,0.21805124363790576,0.22335809711652233,0.19999999999999993,0.06715408353211905,0.29143657571345294
2020-02-05,0.0030956179010688356,0.0,0.21805124363790576,0.22335809711652233,0.19999999999999993,0.06715408353211905,0.29143657571345294
2020-02-06,0.0036179988244740362,0.0,0.21805124363790576,0.22335809711652233,0.19999999999999993,0.06715408353211905,0.29143657571345294
2020-02-07,0.0018110830160527123,0.0,0.21805124363790576,0.22335809711652233,0.19999999999999993,0.06715408353211905,0.29143657571345294
2020-02-10,0.0021823581012569747,0.0,0.21805124363790576,0.22335809711652233,0.19999999999999993,0.06715408353211905,0.29143657571345294
2020-02-11,-0.001248175246364171,0.0,0.21805124363790576,0.22335809711652233,0.19999999999999993,0.06715408353211905,0.29143657571345294
2020-02-12,0.0028582573109503556,0.0,0.21805124363790576,0.22335809711652233,0.19999999999999993,0.06715408353211905,0.29143657571345294
2020-02-13,0.0022763267596334286,0.0,0.21805124363790576,0.22335809711652233,0.19999999999999993,0.06715408353211905,0.29143657571345294
2020-02-14,0.0027353818555293434,0.0,0.21805124363790576,0.22335809711652233,0.19999999999999993,0.06715408353211905,0.29143657571345294
2020-02-18,0.004620651019995983,0.0,0.21805124363790576,0.22335809711652233,0.19999999999999993,0.06715408353211905,0.29143657571345294
2020-02-19,0.004146447646424851,0.0,0.21805124363790576,0.22335809711652233,0.19999999999999993,0.06715408353211905,0.29143657571345294
2020-02-20,0.0031379463719284624,0.0,0.21805124363790576,0.22335809711652233,0.19999999999999993,0.06715408353211905,0.29143657571345294
2020-02-21,0.00040363877776369145,0.0,0.21805124363790576,0.22335809711652233,0.19999999999999993,0.06715408353211905,0.29143657571345294
2020-02-24,-0.004518957720789547,0.0,0.21805124363790576,0.22335809711652233,0.19999999999999993,0.06715408353211905,0.29143657571345294
2020-02-25,-0.011986014715524906,0.001112647388854332,0.2191638910267601,0.22335809711652233,0.19999999999999993,0.06604143614326471,0.29143657571345294
2020-02-26,-0.002230766302108294,0.0,0.2191638910267601,0.22335809711652233,0.19999999999999993,0.06604143614326471,0.29143657571345294
2020-02-27,-0.011780780131204562,0.0002831103851372932,0.21944700141189738,0.22335809711652233,0.19999999999999993,0.06575832575812741,0.29143657571345294
2020-02-28,-0.0023970994305981784,0.18143301937950307,0.10377230779052171,0.2962276922094783,0.19999999999999993,3.185597758406967e-18,0.4
2020-03-02,0.0010564420354053734,0.004984775840248064,0.09878753195027368,0.3012124680497264,0.19999999999999993,0.0,0.4
2020-03-03,0.006467485614960876,0.0,0.09878753195027368,0.3012124680497264,0.19999999999999993,0.0,0.4
2020-03-04,0.0026745265296474283,0.0,0.09878753195027368,0.3012124680497264,0.19999999999999993,0.0,0.4
2020-03-05,0.005500548073650245,0.0,0.09878753195027368,0.3012124680497264,0.19999999999999993,0.0,0.4
2020-03-06,0.011836825100073271,0.00015267685955399485,0.09863485509071969,0.3013651449092804,0.19999999999999993,1.801727798283928e-21,0.4
2020-03-09,-0.0035088685475364667,0.0,0.09863485509071969,0.3013651449092804,0.19999999999999993,1.801727798283928e-21,0.4
2020-03-10,-0.008658952710813973,0.0,0.09863485509071969,0.3013651449092804,0.19999999999999993,1.801727798283928e-21,0.4
2020-03-11,-0.01599712970530605,0.0,0.09863485509071969,0.3013651449092804,0.19999999999999993,1.801727798283928e-21,0.4
2020-03-12,-0.011236544596473797,0.0002886775801897104,0.09834617751053001,0.30165382248947015,0.19999999999999993,1.119988042800746e-18,0.4
2020-03-13,0.010614388575797372,0.0,0.09834617751053001,0.30165382248947015,0.19999999999999993,1.119988042800746e-18,0.4
2020-03-16,-0.006341847351483035,0.0,0.09834617751053001,0.30165382248947015,0.19999999999999993,1.119988042800746e-18,0.4
2020-03-17,-0.005015945521899013,0.0,0.09834617751053001,0.30165382248947015,0.19999999999999993,1.119988042800746e-18,0.4
2020-03-18,-0.01991364723809085,0.0,0.09834617751053001,0.30165382248947015,0.19999999999999993,1.119988042800746e-18,0.4
2020-03-19,0.014115784292646621,0.0,0.09834617751053001,0.30165382248947015,0.19999999999999993,1.119988042800746e-18,0.4
2020-03-20,0.020304740374573596,0.0,0.09834617751053001,0.30165382248947015,0.19999999999999993,1.119988042800746e-18,0.4
2020-03-23,0.018181240488926678,0.0,0.09834617751053001,0.30165382248947015,0.19999999999999993,1.119988042800746e-18,0.4
2020-03-24,0.008424938228676637,0.0,0.09834617751053001,0.30165382248947015,0.19999999999999993,1.119988042800746e-18,0.4
2020-03-25,-0.005711983734207997,0.0,0.09834617751053001,0.30165382248947015,0.19999999999999993,1.119988042800746e-18,0.4
2020-03-26,0.0033310501598855,0.0006514433142788481,0.09769473419625117,0.302305265803749,0.19999999999999993,0.0,0.4
2020-03-27,0.0006021229359292448,0.0,0.09769473419625117,0.302305265803749,0.19999999999999993,0.0,0.4
2020-03-30,0.0033608594823457795,0.0,0.09769473419625117,0.302305265803749,0.19999999999999993,0.0,0.4
2020-03-31,-0.010577241285144113,0.0,0.09769473419625117,0.302305265803749,0.19999999999999993,0.0,0.4
2020-04-01,0.004264304003863248,0.0,0.09769473419625117,0.302305265803749,0.19999999999999993,0.0,0.4
2020-04-02,0.009512142650290102,0.0007980654332844714,0.09689666876296668,0.30310333123703337,0.19999999999999996,0.0,0.4000000000000001
2020-04-03,0.0025190343827665948,2.7755575615628914e-17,0.09689666876296668,0.30310333123703337,0.19999999999999996,0.0,0.4
2020-04-06,0.011405296894223902,0.0,0.09689666876296668,0.30310333123703337,0.19999999999999996,0.0,0.4
2020-04-07,-0.00780916525924833,0.0,0.09689666876296668,0.30310333123703337,0.19999999999999996,0.0,0.4
2020-04-08,0.0007443640340956399,0.0,0.09689666876296668,0.30310333123703337,0.19999999999999996,0.0,0.4
2020-04-09,0.0042968871131464255,0.0004718379241546378,0.09642483083881202,0.303575169161188,0.19999999999999996,6.539881400411094e-19,0.4
2020-04-13,-0.0008174085064371127,0.0,0.09642483083881202,0.303575169161188,0.19999999999999996,6.539881400411094e-19,0.4
2020-04-14,0.002113786063452915,0.0,0.09642483083881202,0.303575169161188,0.19999999999999996,6.539881400411094e-19,0.4
2020-04-15,0.007961562173829853,0.0,0.09642483083881202,0.303575169161188,0.19999999999999996,6.539881400411094e-19,0.4
2020-04-16,0.005520253720139335,0.0,0.09642483083881202,0.303575169161188,0.19999999999999996,6.539881400411094e-19,0.4
2020-04-17,-0.006381785942951921,0.0,0.09642483083881202,0.303575169161188,0.19999999999999996,6.539881400411094e-19,0.4
2020-04-20,0.003501521245395141,0.0,0.09642483083881202,0.303575169161188,0.19999999999999996,6.539881400411094e-19,0.4
2020-04-21,0.00012018331567809157,0.0,0.09642483083881202,0.303575169161188,0.19999999999999996,6.539881400411094e-19,0.4
2020-04-22,0.004151752774677457,0.0,0.09642483083881202,0.303575169161188,0.19999999999999996,6.539881400411094e-19,0.4
2020-04-23,0.003742435942292467,0.0,0.09642483083881202,0.303575169161188,0.19999999999999996,6.539881400411094e-19,0.4
2020-04-24,0.00031450203489664745,0.0002967855148413096,0.09612804532397076,0.30387195467602934,0.19999999999999996,0.0,0.4
2020-04-27,-0.006628696552623117,0.0,0.09612804532397076,0.30387195467602934,0.19999999999999996,0.0,0.4
2020-04-28,0.0017218157450840379,0.0,0.09612804532397076,0.30387195467602934,0.19999999999999996,0.0,0.4
2020-04-29,0.0004209889512517759,0.0,0.09612804532397076,0.30387195467602934,0.19999999999999996,0.0,0.4
2020-04-30,-0.010588935652482097,0.0,0.09612804532397076,0.30387195467602934,0.19999999999999996,0.0,0.4
2020-05-01,0.0017395077232229504,0.0,0.09612804532397076,0.30387195467602934,0.19999999999999996,0.0,0.4
2020-05-04,0.0017725086195586495,0.00018049999308054914,0.09594754533089023,0.3040524546691099,0.19999999999999996,3.1662592713664947e-19,0.4
2020-05-05,8.504698003582991e-05,0.0,0.09594754533089023,0.3040524546691099,0.19999999999999996,3.1662592713664947e-19,0.4
2020-05-06,-0.0062008306869107835,0.0,0.09594754533089023,0.3040524546691099,0.19999999999999996,3.1662592713664947e-19,0.4
2020-05-07,0.008127561616870442,0.0,0.09594754533089023,0.3040524546691099,0.19999999999999996,3.1662592713664947e-19,0.4
2020-05-08,-0.0037178352825750134,7.75595913509662e-05,0.09586998573953927,0.3041300142604609,0.19999999999999996,5.619892693508834e-19,0.4
2020-05-11,-0.0021212876327411753,0.0,0.09586998573953927,0.3041300142604609,0.19999999999999996,5.619892693508834e-19,0.4
2020-05-12,0.0012515950074836655,0.0,0.09586998573953927,0.3041300142604609,0.19999999999999996,5.619892693508834e-19,0.4
2020-05-13,0.0030953047403662177,0.0,0.09586998573953927,0.3041300142604609,0.19999999999999996,5.619892693508834e-19,0.4
2020-05-14,0.006336247458912535,0.0,0.09586998573953927,0.3041300142604609,0.19999999999999996,5.619892693508834e-19,0.4
2020-05-15,0.0010817901386713652,0.0,0.09586998573953927,0.3041300142604609,0.19999999999999996,5.619892693508834e-19,0.4
2020-05-18,-0.00850736073051985,0.0,0.09586998573953927,0.3041300142604609,0.19999999999999996,5.619892693508834e-19,0.4
2020-05-19,0.001786472391130917,0.0,0.09586998573953927,0.3041300142604609,0.19999999999999996,5.619892693508834e-19,0.4
2020-05-20,0.0016777289191019335,0.0,0.09586998573953927,0.3041300142604609,0.19999999999999996,5.619892693508834e-19,0.4
2020-05-21,-0.0019238012193617121,0.0,0.09586998573953927,0.3041300142604609,0.19999999999999996,5.619892693508834e-19,0.4
2020-05-22,0.00438425580456795,0.0,0.09586998573953927,0.3041300142604609,0.19999999999999996,5.619892693508834e-19,0.4
2020-05-26,-0.00870411992226264,0.0,0.09586998573953927,0.3041300142604609,0.19999999999999996,5.619892693508834e-19,0.4
2020-05-27,0.0010789391635281918,0.0,0.09586998573953927,0.3041300142604609,0.19999999999999996,5.619892693508834e-19,0.4
2020-05-28,-0.002717108272008874,0.0,0.09586998573953927,0.3041300142604609,0.19999999999999996,5.619892693508834e-19,0.4
2020-05-29,0.003470124665910364,0.0,0.09586998573953927,0.3041300142604609,0.19999999999999996,5.619892693508834e-19,0.4
2020-06-01,-0.0029949062001436966,0.0,0.09586998573953927,0.3041300142604609,0.19999999999999996,5.619892693508834e-19,0.4
2020-06-02,-0.0020609892384096102,0.0,0.09586998573953927,0.3041300142604609,0.19999999999999996,5.619892693508834e-19,0.4
2020-06-03,-0.008880710135318971,0.0,0.09586998573953927,0.3041300142604609,0.19999999999999996,5.619892693508834e-19,0.4
2020-06-04,-0.004073304522014315,0.0,0.09586998573953927,0.3041300142604609,0.19999999999999996,5.619892693508834e-19,0.4
2020-06-05,-0.00299991646909042,0.0,0.09586998573953927,0.3041300142604609,0.19999999999999996,5.619892693508834e-19,0.4
2020-06-08,0.0034238826028572403,0.0,0.09586998573953927,0.3041300142604609,0.19999999999999996,5.619892693508834e-19,0.4
2020-06-09,0.0034438658707046485,0.0,0.09586998573953927,0.3041300142604609,0.19999999999999996,5.619892693508834e-19,0.4
2020-06-10,0.0048440085044091225,0.0,0.09586998573953927,0.3041300142604609,0.19999999999999996,5.619892693508834e-19,0.4
2020-06-11,0.0027897057925490576,0.0,0.09586998573953927,0.3041300142604609,0.19999999999999996,5.619892693508834e-19,0.4
2020-06-12,-0.00043178068276570713,0.0,0.09586998573953927,0.3041300142604609,0.19999999999999996,5.619892693508834e-19,0.4
2020-06-15,-0.000968581959719557,0.0,0.09586998573953927,0.3041300142604609,0.19999999999999996,5.619892693508834e-19,0.4
2020-06-16,-0.0016929938518242388,0.0,0.09586998573953927,0.3041300142604609,0.19999999999999996,5.619892693508834e-19,0.4
2020-06-17,0.001544408758401949,0.0,0.09586998573953927,0.3041300142604609,0.19999999999999996,5.619892693508834e-19,0.4
2020-06-18,0.004386984777274985,0.0,0.09586998573953927,0.3041300142604609,0.19999999999999996,5.619892693508834e-19,0.4
2020-06-19,0.0023578048476617826,0.0,0.09586998573953927,0.3041300142604609,0.19999999999999996,5.619892693508834e-19,0.4
2020-06-22,-0.00017801009016467275,0.0,0.09586998573953927,0.3041300142604609,0.19999999999999996,5.619892693508834e-19,0.4
2020-06-23,-0.0013251609406637129,0.0,0.09586998573953927,0.3041300142604609,0.19999999999999996,5.619892693508834e-19,0.4
2020-06-24,0.0019549467990498735,0.0,0.09586998573953927,0.3041300142604609,0.19999999999999996,5.619892693508834e-19,0.4
2020-06-25,0.0023933597637886706,0.0,0.09586998573953927,0.3041300142604609,0.19999999999999996,5.619892693508834e-19,0.4
2020-06-26,0.0024787171910644725,0.0,0.09586998573953927,0.3041300142604609,0.19999999999999996,5.619892693508834e-19,0.4
2020-06-29,0.0007120964570814067,0.0,0.09586998573953927,0.3041300142604609,0.19999999999999996,5.619892693508834e-19,0.4
2020-06-30,3.205054288168583e-05,0.0,0.09586998573953927,0.3041300142604609,0.19999999999999996,5.619892693508834e-19,0.4
2020-07-01,-0.001727097564278983,0.0,0.09586998573953927,0.3041300142604609,0.19999999999999996,5.619892693508834e-19,0.4
2020-07-02,0.001581014922400877,0.0,0.09586998573953927,0.3041300142604609,0.19999999999999996,5.619892693508834e-19,0.4
2020-07-06,-0.000698626741080584,0.0,0.09586998573953927,0.3041300142604609,0.19999999999999996,5.619892693508834e-19,0.4
2020-07-07,0.005466158320003253,0.0,0.09586998573953927,0.3041300142604609,0.19999999999999996,5.619892693508834e-19,0.4
2020-07-08,-0.0013767097547880028,0.0,0.09586998573953927,0.3041300142604609,0.19999999999999996,5.619892693508834e-19,0.4
2020-07-09,0.005137195338636868,0.0,0.09586998573953927,0.3041300142604609,0.19999999999999996,5.619892693508834e-19,0.4
2020-07-10,-0.0016799485812979034,0.0,0.09586998573953927,0.3041300142604609,0.19999999999999996,5.619892693508834e-19,0.4
2020-07-13,-0.00018906619432124756,0.0,0.09586998573953927,0.3041300142604609,0.19999999999999996,5.619892693508834e-19,0.4
2020-07-14,0.001845210374947494,0.0,0.09586998573953927,0.3041300142604609,0.19999999999999996,5.619892693508834e-19,0.4
2020-07-15,-0.0014384194119725507,0.0,0.09586998573953927,0.3041300142604609,0.19999999999999996,5.619892693508834e-19,0.4
2020-07-16,0.0006255294775449733,0.0,0.09586998573953927,0.3041300142604609,0.19999999999999996,5.619892693508834e-19,0.4
2020-07-17,-0.00040095023905169073,0.0,0.09586998573953927,0.3041300142604609,0.19999999999999996,5.619892693508834e-19,0.4
2020-07-20,0.0018694539124721346,0.0,0.09586998573953927,0.3041300142604609,0.19999999999999996,5.619892693508834e-19,0.4
2020-07-21,0.00032400746953539046,0.0,0.09586998573953927,0.3041300142604609,0.19999999999999996,5.619892693508834e-19,0.4
2020-07-22,0.0034069229576947514,0.0,0.09586998573953927,0.3041300142604609,0.19999999999999996,5.619892693508834e-19,0.4
2020-07-23,0.0033944064305499464,0.0,0.09586998573953927,0.3041300142604609,0.19999999999999996,5.619892693508834e-19,0.4
2020-07-24,-0.0006376942428311112,0.0,0.09586998573953927,0.3041300142604609,0.19999999999999996,5.619892693508834e-19,0.4
2020-07-27,0.0005406857652307789,0.0,0.09586998573953927,0.3041300142604609,0.19999999999999996,5.619892693508834e-19,0.4
2020-07-28,0.0037964000022660113,0.0,0.09586998573953927,0.3041300142604609,0.19999999999999996,5.619892693508834e-19,0.4
2020-07-29,0.0002696221149128637,0.0,0.09586998573953927,0.3041300142604609,0.19999999999999996,5.619892693508834e-19,0.4
2020-07-30,-0.0014035870524015572,0.0,0.09586998573953927,0.3041300142604609,0.19999999999999996,5.619892693508834e-19,0.4
2020-07-31,0.004767303825349133,0.0,0.09586998573953927,0.3041300142604609,0.19999999999999996,5.619892693508834e-19,0.4
2020-08-03,-0.0006382063460531139,0.0,0.09586998573953927,0.3041300142604609,0.19999999999999996,5.619892693508834e-19,0.4
2020-08-04,0.0061007565777877965,0.0,0.09586998573953927,0.3041300142604609,0.19999999999999996,5.619892693508834e-19,0.4
2020-08-05,-0.0019536215515839482,0.0,0.09586998573953927,0.3041300142604609,0.19999999999999996,5.619892693508834e-19,0.4
2020-08-06,0.004994541926632437,0.0,0.09586998573953927,0.3041300142604609,0.19999999999999996,5.619892693508834e-19,0.4
2020-08-07,-0.0027431551759780344,0.0,0.09586998573953927,0.3041300142604609,0.19999999999999996,5.619892693508834e-19,0.4
2020-08-10,-0.0011317414002708437,0.0,0.09586998573953927,0.3041300142604609,0.19999999999999996,5.619892693508834e-19,0.4
2020-08-11,-0.014511594372960741,0.0,0.09586998573953927,0.3041300142604609,0.19999999999999996,5.619892693508834e-19,0.4
2020-08-12,-0.003627925071843555,0.0,0.09586998573953927,0.3041300142604609,0.19999999999999996,5.619892693508834e-19,0.4
2020-08-13,0.0011411948308914575,0.0,0.09586998573953927,0.3041300142604609,0.19999999999999996,5.619892693508834e-19,0.4
2020-08-14,-0.0026815507121556925,0.0,0.09586998573953927,0.3041300142604609,0.19999999999999996,5.619892693508834e-19,0.4
2020-08-17,0.0036599750000198992,0.0,0.09586998573953927,0.3041300142604609,0.19999999999999996,5.619892693508834e-19,0.4
2020-08-18,0.0019500608330630673,0.0,0.09586998573953927,0.3041300142604609,0.19999999999999996,5.619892693508834e-19,0.4
2020-08-19,-0.00540441848126909,0.0,0.09586998573953927,0.3041300142604609,0.19999999999999996,5.619892693508834e-19,0.4
2020-08-20,0.003316034655642351,0.0,0.09586998573953927,0.3041300142604609,0.19999999999999996,5.619892693508834e-19,0.4
2020-08-21,0.0024759275103153244,0.0,0.09586998573953927,0.3041300142604609,0.19999999999999996,5.619892693508834e-19,0.4
2020-08-24,-1.901563615831512e-05,0.0,0.09586998573953927,0.3041300142604609,0.19999999999999996,5.619892693508834e-19,0.4
2020-08-25,-0.0031765384828936825,0.0,0.09586998573953927,0.3041300142604609,0.19999999999999996,5.619892693508834e-19,0.4
2020-08-26,0.0016817139504349094,0.0,0.09586998573953927,0.3041300142604609,0.19999999999999996,5.619892693508834e-19,0.4
2020-08-27,-0.006797705389412385,0.0,0.09586998573953927,0.3041300142604609,0.19999999999999996,5.619892693508834e-19,0.4
2020-08-28,0.0006855966036024889,0.0,0.09586998573953927,0.3041300142604609,0.19999999999999996,5.619892693508834e-19,0.4
2020-08-31,0.0016684219611529222,0.0,0.09586998573953927,0.3041300142604609,0.19999999999999996,5.619892693508834e-19,0.4
2020-09-01,0.005422803543765594,0.0,0.09586998573953927,0.3041300142604609,0.19999999999999996,5.619892693508834e-19,0.4
2020-09-02,0.0030985848846311675,0.0,0.09586998573953927,0.3041300142604609,0.19999999999999996,5.619892693508834e-19,0.4
2020-09-03,-0.0038961856986493458,0.0,0.09586998573953927,0.3041300142604609,0.19999999999999996,5.619892693508834e-19,0.4
2020-09-04,-0.005366913386408977,0.0,0.09586998573953927,0.3041300142604609,0.19999999999999996,5.619892693508834e-19,0.4
2020-09-08,0.0009364500174872123,0.0,0.09586998573953927,0.3041300142604609,0.19999999999999996,5.619892693508834e-19,0.4
2020-09-09,0.002383229055309114,0.0,0.09586998573953927,0.3041300142604609,0.19999999999999996,5.619892693508834e-19,0.4
2020-09-10,3.072995520527616e-05,0.0,0.09586998573953927,0.3041300142604609,0.19999999999999996,5.619892693508834e-19,0.4
2020-09-11,-0.00010636751782686148,0.0,0.09586998573953927,0.3041300142604609,0.19999999999999996,5.619892693508834e-19,0.4
2020-09-14,0.001869649984968334,0.0,0.09586998573953927,0.3041300142604609,0.19999999999999996,5.619892693508834e-19,0.4
2020-09-15,-0.0004155729006550728,0.0,0.09586998573953927,0.3041300142604609,0.19999999999999996,5.619892693508834e-19,0.4
2020-09-16,-0.0002443675738053351,0.0,0.09586998573953927,0.3041300142604609,0.19999999999999996,5.619892693508834e-19,0.4
2020-09-17,-0.0024418948251442576,0.0,0.09586998573953927,0.3041300142604609,0.19999999999999996,5.619892693508834e-19,0.4
2020-09-18,-0.0013080856120386004,0.0,0.09586998573953927,0.3041300142604609,0.19999999999999996,5.619892693508834e-19,0.4
2020-09-21,-0.0006737830961434247,0.0,0.09586998573953927,0.3041300142604609,0.19999999999999996,5.619892693508834e-19,0.4
2020-09-22,0.0011899489502856186,0.0,0.09586998573953927,0.3041300142604609,0.19999999999999996,5.619892693508834e-19,0.4
2020-09-23,-0.003930647618315771,0.0,0.09586998573953927,0.3041300142604609,0.19999999999999996,5.619892693508834e-19,0.4
2020-09-24,0.0015369855671245615,0.0,0.09586998573953927,0.3041300142604609,0.19999999999999996,5.619892693508834e-19,0.4
2020-09-25,0.002078781079044737,0.0,0.09586998573953927,0.3041300142604609,0.19999999999999996,5.619892693508834e-19,0.4
2020-09-28,0.0014863896797050191,0.0,0.09586998573953927,0.3041300142604609,0.19999999999999996,5.619892693508834e-19,0.4
2020-09-29,-0.00036929386349054743,0.0,0.09586998573953927,0.3041300142604609,0.19999999999999996,5.619892693508834e-19,0.4
2020-09-30,-0.0033893085935194052,0.0,0.09586998573953927,0.3041300142604609,0.19999999999999996,5.619892693508834e-19,0.4
2020-10-01,0.0022702851423791713,0.0,0.09586998573953927,0.3041300142604609,0.19999999999999996,5.619892693508834e-19,0.4
2020-10-02,-0.0012768449988442732,0.0,0.09586998573953927,0.3041300142604609,0.19999999999999996,5.619892693508834e-19,0.4
2020-10-05,-0.005001948206277029,0.0,0.09586998573953927,0.3041300142604609,0.19999999999999996,5.619892693508834e-19,0.4
2020-10-06,-0.0009676107966702738,0.0,0.09586998573953927,0.3041300142604609,0.19999999999999996,5.619892693508834e-19,0.4
2020-10-07,-0.0011131037018068063,0.0,0.09586998573953927,0.3041300142604609,0.19999999999999996,5.619892693508834e-19,0.4
2020-10-08,0.0030448670826662295,0.0,0.09586998573953927,0.3041300142604609,0.19999999999999996,5.619892693508834e-19,0.4
2020-10-09,0.0020587670281068055,0.0,0.09586998573953927,0.3041300142604609,0.19999999999999996,5.619892693508834e-19,0.4
2020-10-12,0.001459507594290864,0.0,0.09586998573953927,0.3041300142604609,0.19999999999999996,5.619892693508834e-19,0.4
2020-10-13,0.0007959409661987393,0.0,0.09586998573953927,0.3041300142604609,0.19999999999999996,5.619892693508834e-19,0.4
2020-10-14,-0.0002379356751576917,0.0,0.09586998573953927,0.3041300142604609,0.19999999999999996,5.619892693508834e-19,0.4
2020-10-15,0.001990303812858896,0.0,0.09586998573953927,0.3041300142604609,0.19999999999999996,5.619892693508834e-19,0.4
2020-10-16,-0.0020703834694625806,0.0,0.09586998573953927,0.3041300142604609,0.19999999999999996,5.619892693508834e-19,0.4
2020-10-19,-0.003771447443101416,0.0,0.09586998573953927,0.3041300142604609,0.19999999999999996,5.619892693508834e-19,0.4
2020-10-20,-0.002815452063264211,0.0,0.09586998573953927,0.3041300142604609,0.19999999999999996,5.619892693508834e-19,0.4
2020-10-21,-0.0017947115884525888,0.0,0.09586998573953927,0.3041300142604609,0.19999999999999996,5.619892693508834e-19,0.4
2020-10-22,-0.0029963538725350947,0.0,0.09586998573953927,0.3041300142604609,0.19999999999999996,5.619892693508834e-19,0.4
2020-10-23,0.0010158763889790844,0.0,0.09586998573953927,0.3041300142604609,0.19999999999999996,5.619892693508834e-19,0.4
2020-10-26,0.002394527672928322,0.0,0.09586998573953927,0.3041300142604609,0.19999999999999996,5.619892693508834e-19,0.4
2020-10-27,0.0014406483133607463,0.0,0.09586998573953927,0.3041300142604609,0.19999999999999996,5.619892693508834e-19,0.4
2020-10-28,-0.0036694005268215622,0.0,0.09586998573953927,0.3041300142604609,0.19999999999999996,5.619892693508834e-19,0.4
2020-10-29,-0.0012220781782671588,0.0,0.09586998573953927,0.3041300142604609,0.19999999999999996,5.619892693508834e-19,0.4
2020-10-30,-0.002614088870400191,0.0,0.09586998573953927,0.3041300142604609,0.19999999999999996,5.619892693508834e-19,0.4
2020-11-02,0.0057666553879846625,0.0,0.09586998573953927,0.3041300142604609,0.19999999999999996,5.619892693508834e-19,0.4
2020-11-03,-0.0011411206640958918,0.0,0.09586998573953927,0.3041300142604609,0.19999999999999996,5.619892693508834e-19,0.4
2020-11-04,0.007994755516341254,0.0,0.09586998573953927,0.3041300142604609,0.19999999999999996,5.619892693508834e-19,0.4
2020-11-05,0.0031884152089219613,0.0,0.09586998573953927,0.3041300142604609,0.19999999999999996,5.619892693508834e-19,0.4
2020-11-06,-0.004853890970171079,0.0,0.09586998573953927,0.3041300142604609,0.19999999999999996,5.619892693508834e-19,0.4
2020-11-09,-0.011469537156639151,0.0,0.09586998573953927,0.3041300142604609,0.19999999999999996,5.619892693508834e-19,0.4
2020-11-10,-0.0012320510392964164,0.0,0.09586998573953927,0.3041300142604609,0.19999999999999996,5.619892693508834e-19,0.4
2020-11-11,0.0014235910443221073,0.0,0.09586998573953927,0.3041300142604609,0.19999999999999996,5.619892693508834e-19,0.4
2020-11-12,0.005457795924737368,0.0,0.09586998573953927,0.3041300142604609,0.19999999999999996,5.619892693508834e-19,0.4
2020-11-13,0.0014905745889762477,0.0,0.09586998573953927,0.3041300142604609,0.19999999999999996,5.619892693508834e-19,0.4
2020-11-16,-0.0005043245643188685,0.0,0.09586998573953927,0.3041300142604609,0.19999999999999996,5.619892693508834e-19,0.4
2020-11-17,9.509005565257319e-05,0.0,0.09586998573953927,0.3041300142604609,0.19999999999999996,5.619892693508834e-19,0.4
2020-11-18,-0.001256695189147667,0.0,0.09586998573953927,0.3041300142604609,0.19999999999999996,5.619892693508834e-19,0.4
2020-11-19,0.0009515530359272254,0.0,0.09586998573953927,0.3041300142604609,0.19999999999999996,5.619892693508834e-19,0.4
2020-11-20,0.0031284804006359436,0.0,0.09586998573953927,0.3041300142604609,0.19999999999999996,5.619892693508834e-19,0.4
2020-11-23,-0.004115854854857718,0.0,0.09586998573953927,0.3041300142604609,0.19999999999999996,5.619892693508834e-19,0.4
2020-11-24,-0.006469731076820704,0.0,0.09586998573953927,0.3041300142604609,0.19999999999999996,5.619892693508834e-19,0.4
2020-11-25,-0.0018224370012061444,0.0,0.09586998573953927,0.3041300142604609,0.19999999999999996,5.619892693508834e-19,0.4
2020-11-27,0.0003831329697860852,0.0,0.09586998573953927,0.3041300142604609,0.19999999999999996,5.619892693508834e-19,0.4
2020-11-30,-0.0011697691316273472,0.0,0.09586998573953927,0.3041300142604609,0.19999999999999996,5.619892693508834e-19,0.4
2020-12-01,-0.0027692002987324323,0.0,0.09586998573953927,0.3041300142604609,0.19999999999999996,5.619892693508834e-19,0.4
2020-12-02,-0.001195590193052858,0.0,0.09586998573953927,0.3041300142604609,0.19999999999999996,5.619892693508834e-19,0.4
2020-12-03,0.0018847508735653053,0.0,0.09586998573953927,0.3041300142604609,0.19999999999999996,5.619892693508834e-19,0.4
2020-12-04,-0.003710327710197796,0.0,0.09586998573953927,0.3041300142604609,0.19999999999999996,5.619892693508834e-19,0.4
2020-12-07,0.00618317243125387,0.0,0.09586998573953927,0.3041300142604609,0.19999999999999996,5.619892693508834e-19,0.4
2020-12-08,0.002904774434699715,0.0,0.09586998573953927,0.3041300142604609,0.19999999999999996,5.619892693508834e-19,0.4
2020-12-09,-0.005120645162013867,0.0,0.09586998573953927,0.3041300142604609,0.19999999999999996,5.619892693508834e-19,0.4
2020-12-10,0.0011411767822668444,0.0,0.09586998573953927,0.3041300142604609,0.19999999999999996,5.619892693508834e-19,0.4
2020-12-11,0.002316210106957276,0.0,0.09586998573953927,0.3041300142604609,0.19999999999999996,5.619892693508834e-19,0.4
2020-12-14,-0.003514480464794941,0.0,0.09586998573953927,0.3041300142604609,0.19999999999999996,5.619892693508834e-19,0.4
2020-12-15,0.0017684245056066692,0.0,0.09586998573953927,0.3041300142604609,0.19999999999999996,5.619892693508834e-19,0.4
2020-12-16,-4.733760743067146e-05,0.0,0.09586998573953927,0.3041300142604609,0.19999999999999996,5.619892693508834e-19,0.4
2020-12-17,-0.0002992685531851922,0.0,0.09586998573953927,0.3041300142604609,0.19999999999999996,5.619892693508834e-19,0.4
2020-12-18,-0.0011385917465161336,0.0,0.09586998573953927,0.3041300142604609,0.19999999999999996,5.619892693508834e-19,0.4
2020-12-21,0.0010530982152641172,0.0,0.09586998573953927,0.3041300142604609,0.19999999999999996,5.619892693508834e-19,0.4
2020-12-22,0.0019663586243052196,0.0,0.09586998573953927,0.3041300142604609,0.19999999999999996,5.619892693508834e-19,0.4
2020-12-23,-0.002485787870269481,0.0,0.09586998573953927,0.3041300142604609,0.19999999999999996,5.619892693508834e-19,0.4
2020-12-24,0.002702145287110844,0.0,0.09586998573953927,0.3041300142604609,0.19999999999999996,5.619892693508834e-19,0.4
2020-12-28,0.0002332225602254662,0.0,0.09586998573953927,0.3041300142604609,0.19999999999999996,5.619892693508834e-19,0.4
2020-12-29,-0.0011550472358480943,0.0,0.09586998573953927,0.3041300142604609,0.19999999999999996,5.619892693508834e-19,0.4
2020-12-30,0.0006776896454580262,0.0,0.09586998573953927,0.3041300142604609,0.19999999999999996,5.619892693508834e-19,0.4
2020-12-31,0.0028324433492999982,0.0,0.09586998573953927,0.3041300142604609,0.19999999999999996,5.619892693508834e-19,0.4
2021-01-04,0.0031102300943118165,0.0,0.09586998573953927,0.3041300142604609,0.19999999999999996,5.619892693508834e-19,0.4
2021-01-05,-0.0033143879391970337,0.0,0.09586998573953927,0.3041300142604609,0.19999999999999996,5.619892693508834e-19,0.4
2021-01-06,-0.009415821610355531,0.0,0.09586998573953927,0.3041300142604609,0.19999999999999996,5.619892693508834e-19,0.4
2021-01-07,0.0006013074840173169,0.0,0.09586998573953927,0.3041300142604609,0.19999999999999996,5.619892693508834e-19,0.4
2021-01-08,-0.006616878245483004,0.0,0.09586998573953927,0.3041300142604609,0.19999999999999996,5.619892693508834e-19,0.4
2021-01-11,0.0009310730040420483,0.0,0.09586998573953927,0.3041300142604609,0.19999999999999996,5.619892693508834e-19,0.4
2021-01-12,-0.0010559230991497848,0.0,0.09586998573953927,0.3041300142604609,0.19999999999999996,5.619892693508834e-19,0.4
2021-01-13,0.004139218775902193,0.0,0.09586998573953927,0.3041300142604609,0.19999999999999996,5.619892693508834e-19,0.4
2021-01-14,-0.004109255030206258,0.0,0.09586998573953927,0.3041300142604609,0.19999999999999996,5.619892693508834e-19,0.4
2021-01-15,0.0006576897483064103,0.0,0.09586998573953927,0.3041300142604609,0.19999999999999996,5.619892693508834e-19,0.4
2021-01-19,0.0022850182532250787,0.0,0.09586998573953927,0.3041300142604609,0.19999999999999996,5.619892693508834e-19,0.4
2021-01-20,0.004718821113658842,0.0,0.09586998573953927,0.3041300142604609,0.19999999999999996,5.619892693508834e-19,0.4
2021-01-21,-0.003975638211943595,0.0,0.09586998573953927,0.3041300142604609,0.19999999999999996,5.619892693508834e-19,0.4
2021-01-22,-0.00010629045758435429,0.0,0.09586998573953927,0.3041300142604609,0.19999999999999996,5.619892693508834e-19,0.4
2021-01-25,0.004627930447972221,0.0,0.09586998573953927,0.3041300142604609,0.19999999999999996,5.619892693508834e-19,0.4
2021-01-26,-0.0023665132227751297,0.0,0.09586998573953927,0.3041300142604609,0.19999999999999996,5.619892693508834e-19,0.4
2021-01-27,-0.00036787111768743106,0.0,0.09586998573953927,0.3041300142604609,0.19999999999999996,5.619892693508834e-19,0.4
2021-01-28,-0.0016527151950714476,0.0,0.09586998573953927,0.3041300142604609,0.19999999999999996,5.619892693508834e-19,0.4
2021-01-29,-0.003337992553863216,0.0,0.09586998573953927,0.3041300142604609,0.19999999999999996,5.619892693508834e-19,0.4
2021-02-01,0.00579103055700686,0.0,0.09586998573953927,0.3041300142604609,0.19999999999999996,5.619892693508834e-19,0.4
2021-02-02,-0.0025498955153969317,0.0,0.09586998573953927,0.3041300142604609,0.19999999999999996,5.619892693508834e-19,0.4
2021-02-03,-0.0030881569515747824,0.0,0.09586998573953927,0.3041300142604609,0.19999999999999996,5.619892693508834e-19,0.4
2021-02-04,-0.002237586588160938,0.0,0.09586998573953927,0.3041300142604609,0.19999999999999996,5.619892693508834e-19,0.4
2021-02-05,-0.0024649292998208125,0.0,0.09586998573953927,0.3041300142604609,0.19999999999999996,5.619892693508834e-19,0.4
2021-02-08,0.0038789243432771794,0.0,0.09586998573953927,0.3041300142604609,0.19999999999999996,5.619892693508834e-19,0.4
2021-02-09,-0.0013065282155341885,0.0,0.09586998573953927,0.3041300142604609,0.19999999999999996,5.619892693508834e-19,0.4
2021-02-10,0.002550029164960693,0.0,0.09586998573953927,0.3041300142604609,0.19999999999999996,5.619892693508834e-19,0.4
2021-02-11,-0.0034112584053989327,0.0,0.09586998573953927,0.3041300142604609,0.19999999999999996,5.619892693508834e-19,0.4
2021-02-12,-0.0035827535877093674,0.0,0.09586998573953927,0.3041300142604609,0.19999999999999996,5.619892693508834e-19,0.4
2021-02-16,-0.00758470357075323,0.0,0.09586998573953927,0.3041300142604609,0.19999999999999996,5.619892693508834e-19,0.4
2021-02-17,0.00132287291501999,0.0,0.09586998573953927,0.3041300142604609,0.19999999999999996,5.619892693508834e-19,0.4
2021-02-18,-0.0029576113780256388,0.0,0.09586998573953927,0.3041300142604609,0.19999999999999996,5.619892693508834e-19,0.4
2021-02-19,-0.004365309848338283,0.0,0.09586998573953927,0.3041300142604609,0.19999999999999996,5.619892693508834e-19,0.4
2021-02-22,-0.0012070685328271612,0.0,0.09586998573953927,0.3041300142604609,0.19999999999999996,5.619892693508834e-19,0.4
2021-02-23,-0.000891296508240312,0.0,0.09586998573953927,0.3041300142604609,0.19999999999999996,5.619892693508834e-19,0.4
2021-02-24,-0.0017390490231958453,0.0,0.09586998573953927,0.3041300142604609,0.19999999999999996,5.619892693508834e-19,0.4
2021-02-25,-0.009720897540757095,0.0,0.09586998573953927,0.3041300142604609,0.19999999999999996,5.619892693508834e-19,0.4
2021-02-26,0.007681629824075531,0.0,0.09586998573953927,0.3041300142604609,0.19999999999999996,5.619892693508834e-19,0.4
2021-03-01,-0.0017126325032836812,0.0,0.09586998573953927,0.3041300142604609,0.19999999999999996,5.619892693508834e-19,0.4
2021-03-02,-0.0011039178671745035,0.0,0.09586998573953927,0.3041300142604609,0.19999999999999996,5.619892693508834e-19,0.4
2021-03-03,-0.005627600571054309,0.0,0.09586998573953927,0.3041300142604609,0.19999999999999996,5.619892693508834e-19,0.4
2021-03-04,-0.002504977505471976,0.0,0.09586998573953927,0.3041300142604609,0.19999999999999996,5.619892693508834e-19,0.4
2021-03-05,0.0039403504206715735,0.0,0.09586998573953927,0.3041300142604609,0.19999999999999996,5.619892693508834e-19,0.4
2021-03-08,-0.0026548274776117004,0.0,0.09586998573953927,0.3041300142604609,0.19999999999999996,5.619892693508834e-19,0.4
2021-03-09,0.007589447828929353,0.0,0.09586998573953927,0.3041300142604609,0.19999999999999996,5.619892693508834e-19,0.4
2021-03-10,0.0015798478027693737,0.0,0.09586998573953927,0.3041300142604609,0.19999999999999996,5.619892693508834e-19,0.4
2021-03-11,-0.003335849915207501,0.0,0.09586998573953927,0.3041300142604609,0.19999999999999996,5.619892693508834e-19,0.4
2021-03-12,-0.005061826070320588,0.0,0.09586998573953927,0.3041300142604609,0.19999999999999996,5.619892693508834e-19,0.4
2021-03-15,0.0040492755195698235,0.0,0.09586998573953927,0.3041300142604609,0.19999999999999996,5.619892693508834e-19,0.4
2021-03-16,-0.0011581366469678256,0.0,0.09586998573953927,0.3041300142604609,0.19999999999999996,5.619892693508834e-19,0.4
2021-03-17,-0.0024601143151365156,0.0,0.09586998573953927,0.3041300142604609,0.19999999999999996,5.619892693508834e-19,0.4
2021-03-18,-0.0031994845064348115,0.0,0.09586998573953927,0.3041300142604609,0.19999999999999996,5.619892693508834e-19,0.4
2021-03-19,0.002705593175112598,0.0,0.09586998573953927,0.3041300142604609,0.19999999999999996,5.619892693508834e-19,0.4
2021-03-22,0.0030723892116138883,0.0,0.09586998573953927,0.3041300142604609,0.19999999999999996,5.619892693508834e-19,0.4
2021-03-23,0.0029568187891793663,0.0,0.09586998573953927,0.3041300142604609,0.19999999999999996,5.619892693508834e-19,0.4
2021-03-24,0.0028062751080633703,0.0,0.09586998573953927,0.3041300142604609,0.19999999999999996,5.619892693508834e-19,0.4
2021-03-25,-0.0014627838471551282,0.0,0.09586998573953927,0.3041300142604609,0.19999999999999996,5.619892693508834e-19,0.4
2021-03-26,0.000569429785073303,0.0,0.09586998573953927,0.3041300142604609,0.19999999999999996,5.619892693508834e-19,0.4
2021-03-29,-0.004048596500814374,0.0,0.09586998573953927,0.3041300142604609,0.19999999999999996,5.619892693508834e-19,0.4
2021-03-30,-0.0004816444090871845,0.0,0.09586998573953927,0.3041300142604609,0.19999999999999996,5.619892693508834e-19,0.4
2021-03-31,0.0014070991982666594,0.0,0.09586998573953927,0.3041300142604609,0.19999999999999996,5.619892693508834e-19,0.4
2021-04-01,0.00685692564535262,0.0,0.09586998573953927,0.3041300142604609,0.19999999999999996,5.619892693508834e-19,0.4
2021-04-05,-0.0013045989772024484,0.0,0.09586998573953927,0.3041300142604609,0.19999999999999996,5.619892693508834e-19,0.4
2021-04-06,0.0026523704704510117,0.0,0.09586998573953927,0.3041300142604609,0.19999999999999996,5.619892693508834e-19,0.4
2021-04-07,-0.0020884079552008976,0.0,0.09586998573953927,0.3041300142604609,0.19999999999999996,5.619892693508834e-19,0.4
2021-04-08,0.0033491993821633172,0.0,0.09586998573953927,0.3041300142604609,0.19999999999999996,5.619892693508834e-19,0.4
2021-04-09,-0.001589707735889688,0.0,0.09586998573953927,0.3041300142604609,0.19999999999999996,5.619892693508834e-19,0.4
2021-04-12,-0.0014715757312763053,0.0,0.09586998573953927,0.3041300142604609,0.19999999999999996,5.619892693508834e-19,0.4
2021-04-13,0.0025288492494947423,0.0,0.09586998573953927,0.3041300142604609,0.19999999999999996,5.619892693508834e-19,0.4
2021-04-14,-0.002648147209973,0.0,0.09586998573953927,0.3041300142604609,0.19999999999999996,5.619892693508834e-19,0.4
2021-04-15,0.009351847611688637,0.0,0.09586998573953927,0.3041300142604609,0.19999999999999996,5.619892693508834e-19,0.4
2021-04-16,-0.0013183705462279191,0.0,0.09586998573953927,0.3041300142604609,0.19999999999999996,5.619892693508834e-19,0.4
2021-04-19,-0.004169443790169338,0.0,0.09586998573953927,0.3041300142604609,0.19999999999999996,5.619892693508834e-19,0.4
2021-04-20,0.0020639190098548166,0.0,0.09586998573953927,0.3041300142604609,0.19999999999999996,5.619892693508834e-19,0.4
2021-04-21,0.003010997317751067,0.0,0.09586998573953927,0.3041300142604609,0.19999999999999996,5.619892693508834e-19,0.4
2021-04-22,0.0002969624494385979,0.0,0.09586998573953927,0.3041300142604609,0.19999999999999996,5.619892693508834e-19,0.4
2021-04-23,-0.0027191293717602236,0.0,0.09586998573953927,0.3041300142604609,0.19999999999999996,5.619892693508834e-19,0.4
2021-04-26,0.000294845654236449,0.0,0.09586998573953927,0.3041300142604609,0.19999999999999996,5.619892693508834e-19,0.4
2021-04-27,-0.003013441724225462,0.0,0.09586998573953927,0.3041300142604609,0.19999999999999996,5.619892693508834e-19,0.4
2021-04-28,-0.0007130561103110103,0.0,0.09586998573953927,0.3041300142604609,0.19999999999999996,5.619892693508834e-19,0.4
2021-04-29,-0.0009506048229573243,0.0,0.09586998573953927,0.3041300142604609,0.19999999999999996,5.619892693508834e-19,0.4
2021-04-30,0.0026813968377657456,0.0,0.09586998573953927,0.3041300142604609,0.19999999999999996,5.619892693508834e-19,0.4
2021-05-03,0.00119471225846946,0.0,0.09586998573953927,0.3041300142604609,0.19999999999999996,5.619892693508834e-19,0.4
2021-05-04,0.001804437717595299,0.0,0.09586998573953927,0.3041300142604609,0.19999999999999996,5.619892693508834e-19,0.4
2021-05-05,0.0011971599404408742,0.0,0.09586998573953927,0.3041300142604609,0.19999999999999996,5.619892693508834e-19,0.4
2021-05-06,0.0026488116381214346,0.0,0.09586998573953927,0.3041300142604609,0.19999999999999996,5.619892693508834e-19,0.4
2021-05-07,-0.0019475741558708606,0.0,0.09586998573953927,0.3041300142604609,0.19999999999999996,5.619892693508834e-19,0.4
2021-05-10,-0.0034231441558500706,0.0,0.09586998573953927,0.3041300142604609,0.19999999999999996,5.619892693508834e-19,0.4
2021-05-11,-0.002871565583448282,0.0,0.09586998573953927,0.3041300142604609,0.19999999999999996,5.619892693508834e-19,0.4
2021-05-12,-0.004250316094349248,0.0,0.09586998573953927,0.3041300142604609,0.19999999999999996,5.619892693508834e-19,0.4
2021-05-13,0.0017892119062245422,0.0,0.09586998573953927,0.3041300142604609,0.19999999999999996,5.619892693508834e-19,0.4
2021-05-14,0.00449928527639341,0.0,0.09586998573953927,0.3041300142604609,0.19999999999999996,5.619892693508834e-19,0.4
2021-05-17,0.000946415971611853,0.0,0.09586998573953927,0.3041300142604609,0.19999999999999996,5.619892693508834e-19,0.4
2021-05-18,-0.0030286458994173903,0.0,0.09586998573953927,0.3041300142604609,0.19999999999999996,5.619892693508834e-19,0.4
2021-05-19,0.0009722279768632743,0.0,0.09586998573953927,0.3041300142604609,0.19999999999999996,5.619892693508834e-19,0.4
2021-05-20,0.002468853980304547,0.0,0.09586998573953927,0.3041300142604609,0.19999999999999996,5.619892693508834e-19,0.4
2021-05-21,0.0023131839166785077,0.0,0.09586998573953927,0.3041300142604609,0.19999999999999996,5.619892693508834e-19,0.4
2021-05-24,0.0014652308391975796,0.0,0.09586998573953927,0.3041300142604609,0.19999999999999996,5.619892693508834e-19,0.4
2021-05-25,0.00392236558073548,0.0,0.09586998573953927,0.3041300142604609,0.19999999999999996,5.619892693508834e-19,0.4
2021-05-26,0.0008104391478095309,0.0,0.09586998573953927,0.3041300142604609,0.19999999999999996,5.619892693508834e-19,0.4
2021-05-27,-0.0014244476533998981,0.0,0.09586998573953927,0.3041300142604609,0.19999999999999996,5.619892693508834e-19,0.4
2021-05-28,0.0007734849312851632,0.0,0.09586998573953927,0.3041300142604609,0.19999999999999996,5.619892693508834e-19,0.4
2021-06-01,-0.0013515282838982906,0.0,0.09586998573953927,0.3041300142604609,0.19999999999999996,5.619892693508834e-19,0.4
2021-06-02,0.0018331305246259608,0.0,0.09586998573953927,0.3041300142604609,0.19999999999999996,5.619892693508834e-19,0.4
2021-06-03,-0.0029316815917537838,0.0,0.09586998573953927,0.3041300142604609,0.19999999999999996,5.619892693508834e-19,0.4
2021-06-04,0.005718650380864359,0.0,0.09586998573953927,0.3041300142604609,0.19999999999999996,5.619892693508834e-19,0.4
2021-06-07,-0.0008863854171466066,0.0,0.09586998573953927,0.3041300142604609,0.19999999999999996,5.619892693508834e-19,0.4
2021-06-08,0.002034992351582006,0.0,0.09586998573953927,0.3041300142604609,0.19999999999999996,5.619892693508834e-19,0.4
2021-06-09,0.0024887203233647437,0.0,0.09586998573953927,0.3041300142604609,0.19999999999999996,5.619892693508834e-19,0.4
2021-06-10,0.002798897533203657,0.0,0.09586998573953927,0.3041300142604609,0.19999999999999996,5.619892693508834e-19,0.4
2021-06-11,-0.0006014978109798621,0.0,0.09586998573953927,0.3041300142604609,0.19999999999999996,5.619892693508834e-19,0.4
2021-06-14,-0.0036155876227993754,0.0,0.09586998573953927,0.3041300142604609,0.19999999999999996,5.619892693508834e-19,0.4
2021-06-15,-0.0009684864987005133,0.0,0.09586998573953927,0.3041300142604609,0.19999999999999996,5.619892693508834e-19,0.4
2021-06-16,-0.0008870608217684509,0.0,0.09586998573953927,0.3041300142604609,0.19999999999999996,5.619892693508834e-19,0.4
2021-06-17,0.0014692348203006493,0.0,0.09586998573953927,0.3041300142604609,0.19999999999999996,5.619892693508834e-19,0.4
2021-06-18,0.004610170519565767,0.0,0.09586998573953927,0.3041300142604609,0.19999999999999996,5.619892693508834e-19,0.4
2021-06-21,-0.0032041011720792215,0.0,0.09586998573953927,0.3041300142604609,0.19999999999999996,5.619892693508834e-19,0.4
2021-06-22,-0.00023085492645064364,0.0,0.09586998573953927,0.3041300142604609,0.19999999999999996,5.619892693508834e-19,0.4
2021-06-23,-0.00038259335882329115,0.0,0.09586998573953927,0.3041300142604609,0.19999999999999996,5.619892693508834e-19,0.4
2021-06-24,0.0006111242125554821,0.0,0.09586998573953927,0.3041300142604609,0.19999999999999996,5.619892693508834e-19,0.4
2021-06-25,-0.0019927937483377985,0.0,0.09586998573953927,0.3041300142604609,0.19999999999999996,5.619892693508834e-19,0.4
2021-06-28,0.003470245596464223,0.0,0.09586998573953927,0.3041300142604609,0.19999999999999996,5.619892693508834e-19,0.4
2021-06-29,-0.0005691573890085515,0.0,0.09586998573953927,0.3041300142604609,0.19999999999999996,5.619892693508834e-19,0.4
2021-06-30,0.003536546502964533,0.0,0.09586998573953927,0.3041300142604609,0.19999999999999996,5.619892693508834e-19,0.4
2021-07-01,0.002363811645011768,0.0,0.09586998573953927,0.3041300142604609,0.19999999999999996,5.619892693508834e-19,0.4
2021-07-02,0.002273185496523592,0.0,0.09586998573953927,0.3041300142604609,0.19999999999999996,5.619892693508834e-19,0.4
2021-07-06,0.005833818016283555,0.0,0.09586998573953927,0.3041300142604609,0.19999999999999996,5.619892693508834e-19,0.4
2021-07-07,0.004437363848935892,0.0,0.09586998573953927,0.3041300142604609,0.19999999999999996,5.619892693508834e-19,0.4
2021-07-08,-0.0013244021307036121,0.0,0.09586998573953927,0.3041300142604609,0.19999999999999996,5.619892693508834e-19,0.4
2021-07-09,-0.0035560411951479913,0.0,0.09586998573953927,0.3041300142604609,0.19999999999999996,5.619892693508834e-19,0.4
2021-07-12,0.00018555747781213056,0.0,0.09586998573953927,0.3041300142604609,0.19999999999999996,5.619892693508834e-19,0.4
2021-07-13,2.5139206867703798e-05,0.0,0.09586998573953927,0.3041300142604609,0.19999999999999996,5.619892693508834e-19,0.4
2021-07-14,0.0038256949334917237,0.0,0.09586998573953927,0.3041300142604609,0.19999999999999996,5.619892693508834e-19,0.4
2021-07-15,0.004190266718100229,0.0,0.09586998573953927,0.3041300142604609,0.19999999999999996,5.619892693508834e-19,0.4
2021-07-16,-0.002784620503996264,0.0,0.09586998573953927,0.3041300142604609,0.19999999999999996,5.619892693508834e-19,0.4
2021-07-19,0.006131258197443056,0.0,0.09586998573953927,0.3041300142604609,0.19999999999999996,5.619892693508834e-19,0.4
2021-07-20,-0.0013367049959902312,0.0,0.09586998573953927,0.3041300142604609,0.19999999999999996,5.619892693508834e-19,0.4
2021-07-21,-0.004779958422082298,0.0,0.09586998573953927,0.3041300142604609,0.19999999999999996,5.619892693508834e-19,0.4
2021-07-22,0.003947952483964096,0.0,0.09586998573953927,0.3041300142604609,0.19999999999999996,5.619892693508834e-19,0.4
2021-07-23,-0.0015147029972734248,0.0,0.09586998573953927,0.3041300142604609,0.19999999999999996,5.619892693508834e-19,0.4
2021-07-26,-0.0024212404670225216,0.0,0.09586998573953927,0.3041300142604609,0.19999999999999996,5.619892693508834e-19,0.4
2021-07-27,0.0024987830790109402,0.0,0.09586998573953927,0.3041300142604609,0.19999999999999996,5.619892693508834e-19,0.4
2021-07-28,-0.000135847490887856,0.0,0.09586998573953927,0.3041300142604609,0.19999999999999996,5.619892693508834e-19,0.4
2021-07-29,-0.0005204089273635427,0.0,0.09586998573953927,0.3041300142604609,0.19999999999999996,5.619892693508834e-19,0.4
2021-07-30,0.0005211643029232492,0.0,0.09586998573953927,0.3041300142604609,0.19999999999999996,5.619892693508834e-19,0.4
2021-08-02,0.0017797197298680468,0.0,0.09586998573953927,0.3041300142604609,0.19999999999999996,5.619892693508834e-19,0.4
2021-08-03,0.0009616760371050749,0.0,0.09586998573953927,0.3041300142604609,0.19999999999999996,5.619892693508834e-19,0.4
2021-08-04,0.0008474121980470611,0.0,0.09586998573953927,0.3041300142604609,0.19999999999999996,5.619892693508834e-19,0.4
2021-08-05,-0.0017334477367170397,0.0,0.09586998573953927,0.3041300142604609,0.19999999999999996,5.619892693508834e-19,0.4
2021-08-06,-0.007660157614497062,0.0,0.09586998573953927,0.3041300142604609,0.19999999999999996,5.619892693508834e-19,0.4
2021-08-09,-0.003913698572157873,0.0,0.09586998573953927,0.3041300142604609,0.19999999999999996,5.619892693508834e-19,0.4
2021-08-10,-0.000903087073709386,0.0,0.09586998573953927,0.3041300142604609,0.19999999999999996,5.619892693508834e-19,0.4
2021-08-11,0.002008446141545798,0.0,0.09586998573953927,0.3041300142604609,0.19999999999999996,5.619892693508834e-19,0.4
2021-08-12,0.0003187334468737027,0.0,0.09586998573953927,0.3041300142604609,0.19999999999999996,5.619892693508834e-19,0.4
2021-08-13,0.005922221977929234,0.0,0.09586998573953927,0.3041300142604609,0.19999999999999996,5.619892693508834e-19,0.4
2021-08-16,0.0022822923258590515,0.0,0.09586998573953927,0.3041300142604609,0.19999999999999996,5.619892693508834e-19,0.4
2021-08-17,0.001361491646391492,0.0,0.09586998573953927,0.3041300142604609,0.19999999999999996,5.619892693508834e-19,0.4
2021-08-18,0.00012812114334690772,0.0,0.09586998573953927,0.3041300142604609,0.19999999999999996,5.619892693508834e-19,0.4
2021-08-19,0.0037194898017328558,0.0,0.09586998573953927,0.3041300142604609,0.19999999999999996,5.619892693508834e-19,0.4
2021-08-20,0.0005960186224425959,0.0,0.09586998573953927,0.3041300142604609,0.19999999999999996,5.619892693508834e-19,0.4
2021-08-23,0.0006881801487623302,0.0,0.09586998573953927,0.3041300142604609,0.19999999999999996,5.619892693508834e-19,0.4
2021-08-24,-0.0026281050279881356,0.0,0.09586998573953927,0.3041300142604609,0.19999999999999996,5.619892693508834e-19,0.4
2021-08-25,-0.004033250808805608,0.0,0.09586998573953927,0.3041300142604609,0.19999999999999996,5.619892693508834e-19,0.4
2021-08-26,0.0016264722726390445,0.0,0.09586998573953927,0.3041300142604609,0.19999999999999996,5.619892693508834e-19,0.4
2021-08-27,0.0041720729976340715,0.0,0.09586998573953927,0.3041300142604609,0.19999999999999996,5.619892693508834e-19,0.4
2021-08-30,0.0002281533956082157,0.0,0.09586998573953927,0.3041300142604609,0.19999999999999996,5.619892693508834e-19,0.4
2021-08-31,-0.0018106532290340037,0.0,0.09586998573953927,0.3041300142604609,0.19999999999999996,5.619892693508834e-19,0.4
2021-09-01,-0.00023134143861742844,0.0,0.09586998573953927,0.3041300142604609,0.19999999999999996,5.619892693508834e-19,0.4
2021-09-02,0.000126290988969087,0.0,0.09586998573953927,0.3041300142604609,0.19999999999999996,5.619892693508834e-19,0.4
2021-09-03,-0.001457574653709931,0.0,0.09586998573953927,0.3041300142604609,0.19999999999999996,5.619892693508834e-19,0.4
2021-09-07,-0.004884161503625195,0.0,0.09586998573953927,0.3041300142604609,0.19999999999999996,5.619892693508834e-19,0.4
2021-09-08,0.002096073653533046,0.0,0.09586998573953927,0.3041300142604609,0.19999999999999996,5.619892693508834e-19,0.4
2021-09-09,0.0031900923341969924,0.0,0.09586998573953927,0.3041300142604609,0.19999999999999996,5.619892693508834e-19,0.4
2021-09-10,-0.003804425132084885,0.0,0.09586998573953927,0.3041300142604609,0.19999999999999996,5.619892693508834e-19,0.4
2021-09-13,0.002759899748886268,0.0,0.09586998573953927,0.3041300142604609,0.19999999999999996,5.619892693508834e-19,0.4
2021-09-14,0.004457288109821089,0.0,0.09586998573953927,0.3041300142604609,0.19999999999999996,5.619892693508834e-19,0.4
2021-09-15,-0.002243057481853242,0.0,0.09586998573953927,0.3041300142604609,0.19999999999999996,5.619892693508834e-19,0.4
2021-09-16,-0.004301173157185321,0.0,0.09586998573953927,0.3041300142604609,0.19999999999999996,5.619892693508834e-19,0.4
2021-09-17,-0.0012676691329821244,0.0,0.09586998573953927,0.3041300142604609,0.19999999999999996,5.619892693508834e-19,0.4
2021-09-20,0.003761980144084438,0.0,0.09586998573953927,0.3041300142604609,0.19999999999999996,5.619892693508834e-19,0.4
2021-09-21,0.0006616237467688421,0.0,0.09586998573953927,0.3041300142604609,0.19999999999999996,5.619892693508834e-19,0.4
2021-09-22,0.0031220611823365363,0.0,0.09586998573953927,0.3041300142604609,0.19999999999999996,5.619892693508834e-19,0.4
2021-09-23,-0.0096117705287745,0.0,0.09586998573953927,0.3041300142604609,0.19999999999999996,5.619892693508834e-19,0.4
2021-09-24,-0.0019503389622340021,0.0,0.09586998573953927,0.3041300142604609,0.19999999999999996,5.619892693508834e-19,0.4
2021-09-27,-0.000496956904535243,0.0,0.09586998573953927,0.3041300142604609,0.19999999999999996,5.619892693508834e-19,0.4
2021-09-28,-0.007177080632478409,0.0,0.09586998573953927,0.3041300142604609,0.19999999999999996,5.619892693508834e-19,0.4
2021-09-29,0.0026486226441769377,0.0,0.09586998573953927,0.3041300142604609,0.19999999999999996,5.619892693508834e-19,0.4
2021-09-30,0.001750330491682469,0.0,0.09586998573953927,0.3041300142604609,0.19999999999999996,5.619892693508834e-19,0.4
2021-10-01,0.0033590200789978776,0.0,0.09586998573953927,0.3041300142604609,0.19999999999999996,5.619892693508834e-19,0.4
2021-10-04,-0.0023415607198460386,0.0,0.09586998573953927,0.3041300142604609,0.19999999999999996,5.619892693508834e-19,0.4
2021-10-05,-0.002076371178613918,0.0,0.09586998573953927,0.3041300142604609,0.19999999999999996,5.619892693508834e-19,0.4
2021-10-06,0.003758539524365667,0.0,0.09586998573953927,0.3041300142604609,0.19999999999999996,5.619892693508834e-19,0.4
2021-10-07,-0.003564055416258619,0.0,0.09586998573953927,0.3041300142604609,0.19999999999999996,5.619892693508834e-19,0.4
2021-10-08,-0.002534427981965985,0.0,0.09586998573953927,0.3041300142604609,0.19999999999999996,5.619892693508834e-19,0.4
2021-10-11,-0.0007352867233421197,0.0,0.09586998573953927,0.3041300142604609,0.19999999999999996,5.619892693508834e-19,0.4
2021-10-12,0.006341116689591788,0.0,0.09586998573953927,0.3041300142604609,0.19999999999999996,5.619892693508834e-19,0.4
2021-10-13,0.004654334167047067,0.0,0.09586998573953927,0.3041300142604609,0.19999999999999996,5.619892693508834e-19,0.4
2021-10-14,0.003232091219427981,0.0,0.09586998573953927,0.3041300142604609,0.19999999999999996,5.619892693508834e-19,0.4
2021-10-15,-0.004696287369821645,0.0,0.09586998573953927,0.3041300142604609,0.19999999999999996,5.619892693508834e-19,0.4
2021-10-18,0.0013726458135264396,0.0,0.09586998573953927,0.3041300142604609,0.19999999999999996,5.619892693508834e-19,0.4
2021-10-19,-0.00376508629292172,0.0,0.09586998573953927,0.3041300142604609,0.19999999999999996,5.619892693508834e-19,0.4
2021-10-20,-0.0005598151808369292,0.0,0.09586998573953927,0.3041300142604609,0.19999999999999996,5.619892693508834e-19,0.4
2021-10-21,0.0006639528202001386,0.0,0.09586998573953927,0.3041300142604609,0.19999999999999996,5.619892693508834e-19,0.4
2021-10-22,0.0036788612547082183,0.0,0.09586998573953927,0.3041300142604609,0.19999999999999996,5.619892693508834e-19,0.4
2021-10-25,0.0020695796756684997,0.0,0.09586998573953927,0.3041300142604609,0.19999999999999996,5.619892693508834e-19,0.4
2021-10-26,0.0019162021295746365,0.0,0.09586998573953927,0.3041300142604609,0.19999999999999996,5.619892693508834e-19,0.4
2021-10-27,0.005474822447815255,0.0,0.09586998573953927,0.3041300142604609,0.19999999999999996,5.619892693508834e-19,0.4
2021-10-28,-0.0025327057837528227,0.0,0.09586998573953927,0.3041300142604609,0.19999999999999996,5.619892693508834e-19,0.4
2021-10-29,0.0026160408543607376,0.0,0.09586998573953927,0.3041300142604609,0.19999999999999996,5.619892693508834e-19,0.4
2021-11-01,-0.0022478716203399403,0.0,0.09586998573953927,0.3041300142604609,0.19999999999999996,5.619892693508834e-19,0.4
2021-11-02,0.0022610991676442257,0.0,0.09586998573953927,0.3041300142604609,0.19999999999999996,5.619892693508834e-19,0.4
2021-11-03,-0.005171722613756963,0.0,0.09586998573953927,0.3041300142604609,0.19999999999999996,5.619892693508834e-19,0.4
2021-11-04,0.007982213117960059,0.0,0.09586998573953927,0.3041300142604609,0.19999999999999996,5.619892693508834e-19,0.4
2021-11-05,0.007177707219386449,0.0,0.09586998573953927,0.3041300142604609,0.19999999999999996,5.619892693508834e-19,0.4
2021-11-08,-0.000561421110082595,0.0,0.09586998573953927,0.3041300142604609,0.19999999999999996,5.619892693508834e-19,0.4
2021-11-09,0.00415246211889624,0.0,0.09586998573953927,0.3041300142604609,0.19999999999999996,5.619892693508834e-19,0.4
2021-11-10,0.0001256984138474596,0.0,0.09586998573953927,0.3041300142604609,0.19999999999999996,5.619892693508834e-19,0.4
2021-11-11,0.0016423331797043043,0.0,0.09586998573953927,0.3041300142604609,0.19999999999999996,5.619892693508834e-19,0.4
2021-11-12,-0.0007034048887941636,0.0,0.09586998573953927,0.3041300142604609,0.19999999999999996,5.619892693508834e-19,0.4
2021-11-15,-0.0018995035442263466,0.0,0.09586998573953927,0.3041300142604609,0.19999999999999996,5.619892693508834e-19,0.4
2021-11-16,-0.0002808005727717702,0.0,0.09586998573953927,0.3041300142604609,0.19999999999999996,5.619892693508834e-19,0.4
2021-11-17,0.0032278340430510473,0.0,0.09586998573953927,0.3041300142604609,0.19999999999999996,5.619892693508834e-19,0.4
2021-11-18,-0.0002623877570680116,0.0,0.09586998573953927,0.3041300142604609,0.19999999999999996,5.619892693508834e-19,0.4
2021-11-19,0.0035397993228718123,0.0,0.09586998573953927,0.3041300142604609,0.19999999999999996,5.619892693508834e-19,0.4
2021-11-22,-0.006301452151500252,0.0,0.09586998573953927,0.3041300142604609,0.19999999999999996,5.619892693508834e-19,0.4
2021-11-23,-0.006155335075955315,0.0,0.09586998573953927,0.3041300142604609,0.19999999999999996,5.619892693508834e-19,0.4
2021-11-24,0.006493595075225553,0.0,0.09586998573953927,0.3041300142604609,0.19999999999999996,5.619892693508834e-19,0.4
2021-11-26,0.0021434485028027886,0.0,0.09586998573953927,0.3041300142604609,0.19999999999999996,5.619892693508834e-19,0.4
2021-11-29,-0.0007683062782137978,0.0,0.09586998573953927,0.3041300142604609,0.19999999999999996,5.619892693508834e-19,0.4
2021-11-30,-0.0004454271223495931,0.0,0.09586998573953927,0.3041300142604609,0.19999999999999996,5.619892693508834e-19,0.4
2021-12-01,0.0026985207517510475,0.0,0.09586998573953927,0.3041300142604609,0.19999999999999996,5.619892693508834e-19,0.4
2021-12-02,0.0008954470840856082,0.0,0.09586998573953927,0.3041300142604609,0.19999999999999996,5.619892693508834e-19,0.4
2021-12-03,0.0043220883663461175,0.0,0.09586998573953927,0.3041300142604609,0.19999999999999996,5.619892693508834e-19,0.4
2021-12-06,-0.002913191886094608,0.0,0.09586998573953927,0.3041300142604609,0.19999999999999996,5.619892693508834e-19,0.4
2021-12-07,0.00039070146334986653,0.0,0.09586998573953927,0.3041300142604609,0.19999999999999996,5.619892693508834e-19,0.4
2021-12-08,-0.0067541114919647295,0.0,0.09586998573953927,0.3041300142604609,0.19999999999999996,5.619892693508834e-19,0.4
2021-12-09,0.0012324255763700152,0.0,0.09586998573953927,0.3041300142604609,0.19999999999999996,5.619892693508834e-19,0.4
2021-12-10,0.0003922557448805056,0.0,0.09586998573953927,0.3041300142604609,0.19999999999999996,5.619892693508834e-19,0.4
2021-12-13,0.0053923025379301005,0.0,0.09586998573953927,0.3041300142604609,0.19999999999999996,5.619892693508834e-19,0.4
2021-12-14,-0.0024782956092446033,0.0,0.09586998573953927,0.3041300142604609,0.19999999999999996,5.619892693508834e-19,0.4
2021-12-15,-0.0011882005864187728,0.0,0.09586998573953927,0.3041300142604609,0.19999999999999996,5.619892693508834e-19,0.4
2021-12-16,-1.048983985856163e-05,0.0,0.09586998573953927,0.3041300142604609,0.19999999999999996,5.619892693508834e-19,0.4
2021-12-17,0.004796154011088713,0.0,0.09586998573953927,0.3041300142604609,0.19999999999999996,5.619892693508834e-19,0.4
2021-12-20,-0.004607265471741295,0.0,0.09586998573953927,0.3041300142604609,0.19999999999999996,5.619892693508834e-19,0.4
2021-12-21,-3.0922512620204165e-06,0.0,0.09586998573953927,0.3041300142604609,0.19999999999999996,5.619892693508834e-19,0.4
2021-12-22,0.002698542002714747,0.0,0.09586998573953927,0.3041300142604609,0.19999999999999996,5.619892693508834e-19,0.4
2021-12-23,-0.0019022618713234983,0.0,0.09586998573953927,0.3041300142604609,0.19999999999999996,5.619892693508834e-19,0.4
2021-12-27,0.0027228069836956787,0.0,0.09586998573953927,0.3041300142604609,0.19999999999999996,5.619892693508834e-19,0.4
2021-12-28,-0.001679462440153586,0.0,0.09586998573953927,0.3041300142604609,0.19999999999999996,5.619892693508834e-19,0.4
2021-12-29,-0.004345623906952666,0.0,0.09586998573953927,0.3041300142604609,0.19999999999999996,5.619892693508834e-19,0.4
2021-12-30,0.004343485602823145,0.0,0.09586998573953927,0.3041300142604609,0.19999999999999996,5.619892693508834e-19,0.4
2021-12-31,1.157653919031578e-05,0.0,0.09586998573953927,0.3041300142604609,0.19999999999999996,5.619892693508834e-19,0.4
2022-01-03,-0.008007977369556113,0.0,0.09586998573953927,0.3041300142604609,0.19999999999999996,5.619892693508834e-19,0.4
2022-01-04,0.00048671861734076154,0.0,0.09586998573953927,0.3041300142604609,0.19999999999999996,5.619892693508834e-19,0.4
2022-01-05,-0.004558004539682737,0.0,0.09586998573953927,0.3041300142604609,0.19999999999999996,5.619892693508834e-19,0.4
2022-01-06,-0.0014413333619090773,0.0,0.09586998573953927,0.3041300142604609,0.19999999999999996,5.619892693508834e-19,0.4
2022-01-07,-0.003825567994847598,0.0,0.09586998573953927,0.3041300142604609,0.19999999999999996,5.619892693508834e-19,0.4
2022-01-10,0.0021724689886915586,0.0,0.09586998573953927,0.3041300142604609,0.19999999999999996,5.619892693508834e-19,0.4
2022-01-11,0.0036012727614072506,0.0,0.09586998573953927,0.3041300142604609,0.19999999999999996,5.619892693508834e-19,0.4
2022-01-12,-0.003032666802304798,0.0,0.09586998573953927,0.3041300142604609,0.19999999999999996,5.619892693508834e-19,0.4
2022-01-13,0.0005432323993537513,0.0,0.09586998573953927,0.3041300142604609,0.19999999999999996,5.619892693508834e-19,0.4
2022-01-14,-0.004030858875171463,0.0,0.09586998573953927,0.3041300142604609,0.19999999999999996,5.619892693508834e-19,0.4
2022-01-18,-0.003798652028441741,0.0,0.09586998573953927,0.3041300142604609,0.19999999999999996,5.619892693508834e-19,0.4
2022-01-19,0.0033510346670869366,0.0,0.09586998573953927,0.3041300142604609,0.19999999999999996,5.619892693508834e-19,0.4
2022-01-20,0.0015647801331876462,0.0,0.09586998573953927,0.3041300142604609,0.19999999999999996,5.619892693508834e-19,0.4
2022-01-21,-3.816271783678264e-06,0.0,0.09586998573953927,0.3041300142604609,0.19999999999999996,5.619892693508834e-19,0.4
2022-01-24,0.0002570695095013495,0.0,0.09586998573953927,0.3041300142604609,0.19999999999999996,5.619892693508834e-19,0.4
2022-01-25,-0.0008664052855320119,0.0,0.09586998573953927,0.3041300142604609,0.19999999999999996,5.619892693508834e-19,0.4
2022-01-26,-0.004972981487450366,0.0,0.09586998573953927,0.3041300142604609,0.19999999999999996,5.619892693508834e-19,0.4
2022-01-27,0.005937321106235919,0.0,0.09586998573953927,0.3041300142604609,0.19999999999999996,5.619892693508834e-19,0.4
2022-01-28,0.001737013206163395,0.0,0.09586998573953927,0.3041300142604609,0.19999999999999996,5.619892693508834e-19,0.4
2022-01-31,-0.001424553955202545,0.0,0.09586998573953927,0.3041300142604609,0.19999999999999996,5.619892693508834e-19,0.4
2022-02-01,-0.0012777073469034449,0.0,0.09586998573953927,0.3041300142604609,0.19999999999999996,5.619892693508834e-19,0.4
2022-02-02,0.0011362833342123287,0.0,0.09586998573953927,0.3041300142604609,0.19999999999999996,5.619892693508834e-19,0.4
2022-02-03,-0.0069351346168287946,0.0,0.09586998573953927,0.3041300142604609,0.19999999999999996,5.619892693508834e-19,0.4
2022-02-04,-0.0040372692770447435,0.0,0.09586998573953927,0.3041300142604609,0.19999999999999996,5.619892693508834e-19,0.4
2022-02-07,0.0015264471251297206,0.0,0.09586998573953927,0.3041300142604609,0.19999999999999996,5.619892693508834e-19,0.4
2022-02-08,-7.316827553671256e-06,0.0,0.09586998573953927,0.3041300142604609,0.19999999999999996,5.619892693508834e-19,0.4
2022-02-09,0.002186522961316347,0.0,0.09586998573953927,0.3041300142604609,0.19999999999999996,5.619892693508834e-19,0.4
2022-02-10,-0.006689369564320875,0.0,0.09586998573953927,0.3041300142604609,0.19999999999999996,5.619892693508834e-19,0.4
2022-02-11,0.008148246113324598,0.0,0.09586998573953927,0.3041300142604609,0.19999999999999996,5.619892693508834e-19,0.4
2022-02-14,-0.0019383277052812014,0.0,0.09586998573953927,0.3041300142604609,0.19999999999999996,5.619892693508834e-19,0.4
2022-02-15,-0.005357600151776708,0.0,0.09586998573953927,0.3041300142604609,0.19999999999999996,5.619892693508834e-19,0.4
2022-02-16,0.0031883384031634416,0.0,0.09586998573953927,0.3041300142604609,0.19999999999999996,5.619892693508834e-19,0.4
2022-02-17,0.0031039222271285576,0.0,0.09586998573953927,0.3041300142604609,0.19999999999999996,5.619892693508834e-19,0.4
2022-02-18,0.0035258280151741718,0.0,0.09586998573953927,0.3041300142604609,0.19999999999999996,5.619892693508834e-19,0.4
2022-02-22,0.00033646206383784543,0.0,0.09586998573953927,0.3041300142604609,0.19999999999999996,5.619892693508834e-19,0.4
2022-02-23,-0.004524328043176788,0.0,0.09586998573953927,0.3041300142604609,0.19999999999999996,5.619892693508834e-19,0.4
2022-02-24,0.0036140463300664075,0.0,0.09586998573953927,0.3041300142604609,0.19999999999999996,5.619892693508834e-19,0.4
2022-02-25,-0.00033078439373330245,0.0,0.09586998573953927,0.3041300142604609,0.19999999999999996,5.619892693508834e-19,0.4
2022-02-28,0.00911308561331989,0.0,0.09586998573953927,0.3041300142604609,0.19999999999999996,5.619892693508834e-19,0.4
2022-03-01,0.008780056001909675,0.0,0.09586998573953927,0.3041300142604609,0.19999999999999996,5.619892693508834e-19,0.4
2022-03-02,-0.011020428519961897,0.0,0.09586998573953927,0.3041300142604609,0.19999999999999996,5.619892693508834e-19,0.4
2022-03-03,0.005345955858973772,0.0,0.09586998573953927,0.3041300142604609,0.19999999999999996,5.619892693508834e-19,0.4
2022-03-04,0.010715594645349448,0.0,0.09586998573953927,0.3041300142604609,0.19999999999999996,5.619892693508834e-19,0.4
2022-03-07,0.0007091807386850401,0.0,0.09586998573953927,0.3041300142604609,0.19999999999999996,5.619892693508834e-19,0.4
2022-03-08,0.0009320378372531485,0.0,0.09586998573953927,0.3041300142604609,0.19999999999999996,5.619892693508834e-19,0.4
2022-03-09,-0.010276568140415275,0.0,0.09586998573953927,0.3041300142604609,0.19999999999999996,5.619892693508834e-19,0.4
2022-03-10,-0.0021965252667122304,0.0,0.09586998573953927,0.3041300142604609,0.19999999999999996,5.619892693508834e-19,0.4
2022-03-11,0.0005171087261397847,0.0,0.09586998573953927,0.3041300142604609,0.19999999999999996,5.619892693508834e-19,0.4
2022-03-14,-0.010967490209662818,0.0,0.09586998573953927,0.3041300142604609,0.19999999999999996,5.619892693508834e-19,0.4
2022-03-15,-0.0026164852344727884,0.0,0.09586998573953927,0.3041300142604609,0.19999999999999996,5.619892693508834e-19,0.4
2022-03-16,0.0034895108356195327,0.0,0.09586998573953927,0.3041300142604609,0.19999999999999996,5.619892693508834e-19,0.4
2022-03-17,-0.0010030440578082372,0.0,0.09586998573953927,0.3041300142604609,0.19999999999999996,5.619892693508834e-19,0.4
2022-03-18,0.0034639434313602797,0.0,0.09586998573953927,0.3041300142604609,0.19999999999999996,5.619892693508834e-19,0.4
2022-03-21,-0.004018466695102787,0.0,0.09586998573953927,0.3041300142604609,0.19999999999999996,5.619892693508834e-19,0.4
2022-03-22,-0.004376578091159061,0.0,0.09586998573953927,0.3041300142604609,0.19999999999999996,5.619892693508834e-19,0.4
2022-03-23,0.008617683049629054,0.0,0.09586998573953927,0.3041300142604609,0.19999999999999996,5.619892693508834e-19,0.4
2022-03-24,0.0009701834621473064,0.0,0.09586998573953927,0.3041300142604609,0.19999999999999996,5.619892693508834e-19,0.4
2022-03-25,-0.004418476838665433,0.0,0.09586998573953927,0.3041300142604609,0.19999999999999996,5.619892693508834e-19,0.4
2022-03-28,0.0008530040806605035,0.0,0.09586998573953927,0.3041300142604609,0.19999999999999996,5.619892693508834e-19,0.4
2022-03-29,0.0011563479075807983,0.0,0.09586998573953927,0.3041300142604609,0.19999999999999996,5.619892693508834e-19,0.4
2022-03-30,0.001261577675516686,0.0,0.09586998573953927,0.3041300142604609,0.19999999999999996,5.619892693508834e-19,0.4
2022-03-31,0.001020580545416233,0.0,0.09586998573953927,0.3041300142604609,0.19999999999999996,5.619892693508834e-19,0.4
2022-04-01,0.000764598897217439,0.0,0.09586998573953927,0.3041300142604609,0.19999999999999996,5.619892693508834e-19,0.4
2022-04-04,0.0014992799925121819,0.0,0.09586998573953927,0.3041300142604609,0.19999999999999996,5.619892693508834e-19,0.4
2022-04-05,-0.007218494411908427,0.0,0.09586998573953927,0.3041300142604609,0.19999999999999996,5.619892693508834e-19,0.4
2022-04-06,-0.002650938528368293,0.0,0.09586998573953927,0.3041300142604609,0.19999999999999996,5.619892693508834e-19,0.4
2022-04-07,-0.0002993900825065492,0.0,0.09586998573953927,0.3041300142604609,0.19999999999999996,5.619892693508834e-19,0.4
2022-04-08,-0.002297228209174077,0.0,0.09586998573953927,0.3041300142604609,0.19999999999999996,5.619892693508834e-19,0.4
2022-04-11,-0.004559635290952982,0.0,0.09586998573953927,0.3041300142604609,0.19999999999999996,5.619892693508834e-19,0.4
2022-04-12,0.0021070517345363146,0.0,0.09586998573953927,0.3041300142604609,0.19999999999999996,5.619892693508834e-19,0.4
2022-04-13,0.00103354228479263,0.0,0.09586998573953927,0.3041300142604609,0.19999999999999996,5.619892693508834e-19,0.4
2022-04-14,-0.006153879407483631,0.0,0.09586998573953927,0.3041300142604609,0.19999999999999996,5.619892693508834e-19,0.4
2022-04-18,0.0007876493449503346,0.0,0.09586998573953927,0.3041300142604609,0.19999999999999996,5.619892693508834e-19,0.4
2022-04-19,-0.002862315777873012,0.0,0.09586998573953927,0.3041300142604609,0.19999999999999996,5.619892693508834e-19,0.4
2022-04-20,0.004214015923176402,0.0,0.09586998573953927,0.3041300142604609,0.19999999999999996,5.619892693508834e-19,0.4
2022-04-21,-0.0032016376640685617,0.0,0.09586998573953927,0.3041300142604609,0.19999999999999996,5.619892693508834e-19,0.4
2022-04-22,-0.004109091373334959,0.0,0.09586998573953927,0.3041300142604609,0.19999999999999996,5.619892693508834e-19,0.4
2022-04-25,0.0019255903683473561,0.0,0.09586998573953927,0.3041300142604609,0.19999999999999996,5.619892693508834e-19,0.4
2022-04-26,0.0030920310064142444,0.0,0.09586998573953927,0.3041300142604609,0.19999999999999996,5.619892693508834e-19,0.4
2022-04-27,-0.0026562994970799293,0.0,0.09586998573953927,0.3041300142604609,0.19999999999999996,5.619892693508834e-19,0.4
2022-04-28,0.006279933083858748,0.0,0.09586998573953927,0.3041300142604609,0.19999999999999996,5.619892693508834e-19,0.4
2022-04-29,-0.009100675894671999,0.0,0.09586998573953927,0.3041300142604609,0.19999999999999996,5.619892693508834e-19,0.4
2022-05-02,-0.00637155253674174,0.0,0.09586998573953927,0.3041300142604609,0.19999999999999996,5.619892693508834e-19,0.4
2022-05-03,0.002297923476432552,0.0,0.09586998573953927,0.3041300142604609,0.19999999999999996,5.619892693508834e-19,0.4
2022-05-04,0.0032337227189388265,0.0,0.09586998573953927,0.3041300142604609,0.19999999999999996,5.619892693508834e-19,0.4
2022-05-05,-0.00914837828923578,0.0,0.09586998573953927,0.3041300142604609,0.19999999999999996,5.619892693508834e-19,0.4
2022-05-06,-0.0039994890254904485,0.0,0.09586998573953927,0.3041300142604609,0.19999999999999996,5.619892693508834e-19,0.4
2022-05-09,-0.003145509232590827,0.0,0.09586998573953927,0.3041300142604609,0.19999999999999996,5.619892693508834e-19,0.4
2022-05-10,0.0021565576852378672,0.0,0.09586998573953927,0.3041300142604609,0.19999999999999996,5.619892693508834e-19,0.4
2022-05-11,0.006403708330245684,0.0,0.09586998573953927,0.3041300142604609,0.19999999999999996,5.619892693508834e-19,0.4
2022-05-12,-0.0002821811085072178,0.0,0.09586998573953927,0.3041300142604609,0.19999999999999996,5.619892693508834e-19,0.4
2022-05-13,-0.004965960777278422,0.0,0.09586998573953927,0.3041300142604609,0.19999999999999996,5.619892693508834e-19,0.4
2022-05-16,-0.00036904199971370404,0.0,0.09586998573953927,0.3041300142604609,0.19999999999999996,5.619892693508834e-19,0.4
2022-05-17,-0.006260956077268866,0.0,0.09586998573953927,0.3041300142604609,0.19999999999999996,5.619892693508834e-19,0.4
2022-05-18,0.004751635711156694,0.0,0.09586998573953927,0.3041300142604609,0.19999999999999996,5.619892693508834e-19,0.4
2022-05-19,-0.0010964251311080114,0.0,0.09586998573953927,0.3041300142604609,0.19999999999999996,5.619892693508834e-19,0.4
2022-05-20,0.004506751547786059,0.0,0.09586998573953927,0.3041300142604609,0.19999999999999996,5.619892693508834e-19,0.4
2022-05-23,-0.005911490619919294,0.0,0.09586998573953927,0.3041300142604609,0.19999999999999996,5.619892693508834e-19,0.4
2022-05-24,0.0056009541140601225,0.0,0.09586998573953927,0.3041300142604609,0.19999999999999996,5.619892693508834e-19,0.4
2022-05-25,0.0023137568272641276,0.0,0.09586998573953927,0.3041300142604609,0.19999999999999996,5.619892693508834e-19,0.4
2022-05-26,-0.0011485824321936559,0.0,0.09586998573953927,0.3041300142604609,0.19999999999999996,5.619892693508834e-19,0.4
2022-05-27,0.0023183570441005765,0.0,0.09586998573953927,0.3041300142604609,0.19999999999999996,5.619892693508834e-19,0.4
2022-05-31,-0.00821612532550766,0.0,0.09586998573953927,0.3041300142604609,0.19999999999999996,5.619892693508834e-19,0.4
2022-06-01,0.0032376833177944534,0.0,0.09586998573953927,0.3041300142604609,0.19999999999999996,5.619892693508834e-19,0.4
2022-06-02,0.0009436286726928486,0.0,0.09586998573953927,0.3041300142604609,0.19999999999999996,5.619892693508834e-19,0.4
2022-06-03,-0.00249181562296798,0.0,0.09586998573953927,0.3041300142604609,0.19999999999999996,5.619892693508834e-19,0.4
2022-06-06,-0.00531889548572948,0.0,0.09586998573953927,0.3041300142604609,0.19999999999999996,5.619892693508834e-19,0.4
2022-06-07,0.005069340422714468,0.0,0.09586998573953927,0.3041300142604609,0.19999999999999996,5.619892693508834e-19,0.4
2022-06-08,-0.0027513283050835348,0.0,0.09586998573953927,0.3041300142604609,0.19999999999999996,5.619892693508834e-19,0.4
2022-06-09,0.0010149318846171445,0.0,0.09586998573953927,0.3041300142604609,0.19999999999999996,5.619892693508834e-19,0.4
2022-06-10,0.001203625940749058,0.0,0.09586998573953927,0.3041300142604609,0.19999999999999996,5.619892693508834e-19,0.4
2022-06-13,-0.014585007395727623,0.0,0.09586998573953927,0.3041300142604609,0.19999999999999996,5.619892693508834e-19,0.4
2022-06-14,-0.004871511060304943,0.0,0.09586998573953927,0.3041300142604609,0.19999999999999996,5.619892693508834e-19,0.4
2022-06-15,0.006525931169792547,0.0,0.09586998573953927,0.3041300142604609,0.19999999999999996,5.619892693508834e-19,0.4
2022-06-16,-0.002375204455550935,0.0,0.09586998573953927,0.3041300142604609,0.19999999999999996,5.619892693508834e-19,0.4
2022-06-17,0.0035898645767561796,0.0,0.09586998573953927,0.3041300142604609,0.19999999999999996,5.619892693508834e-19,0.4
2022-06-21,-0.004920824615268294,0.0,0.09586998573953927,0.3041300142604609,0.19999999999999996,5.619892693508834e-19,0.4
2022-06-22,0.008412463358839255,0.0,0.09586998573953927,0.3041300142604609,0.19999999999999996,5.619892693508834e-19,0.4
2022-06-23,0.002643773277023822,0.0,0.09586998573953927,0.3041300142604609,0.19999999999999996,5.619892693508834e-19,0.4
2022-06-24,-0.0022236971981953926,0.0,0.09586998573953927,0.3041300142604609,0.19999999999999996,5.619892693508834e-19,0.4
2022-06-27,-0.00390333565199037,0.0,0.09586998573953927,0.3041300142604609,0.19999999999999996,5.619892693508834e-19,0.4
2022-06-28,0.0014366227100661793,0.0,0.09586998573953927,0.3041300142604609,0.19999999999999996,5.619892693508834e-19,0.4
2022-06-29,0.00681033750040295,0.0,0.09586998573953927,0.3041300142604609,0.19999999999999996,5.619892693508834e-19,0.4
2022-06-30,-0.0006069002108521572,0.0,0.09586998573953927,0.3041300142604609,0.19999999999999996,5.619892693508834e-19,0.4
2022-07-01,0.005257669752687212,0.0,0.09586998573953927,0.3041300142604609,0.19999999999999996,5.619892693508834e-19,0.4
2022-07-05,0.004032855820597524,0.0,0.09586998573953927,0.3041300142604609,0.19999999999999996,5.619892693508834e-19,0.4
2022-07-06,-0.006123539320678949,0.0,0.09586998573953927,0.3041300142604609,0.19999999999999996,5.619892693508834e-19,0.4
2022-07-07,-0.0009896037147945087,0.0,0.09586998573953927,0.3041300142604609,0.19999999999999996,5.619892693508834e-19,0.4
2022-07-08,-0.00364085920338259,0.0,0.09586998573953927,0.3041300142604609,0.19999999999999996,5.619892693508834e-19,0.4
2022-07-11,0.007697489371217127,0.0,0.09586998573953927,0.3041300142604609,0.19999999999999996,5.619892693508834e-19,0.4
2022-07-12,7.70361728683589e-05,0.0,0.09586998573953927,0.3041300142604609,0.19999999999999996,5.619892693508834e-19,0.4
2022-07-13,0.003110529737480936,0.0,0.09586998573953927,0.3041300142604609,0.19999999999999996,5.619892693508834e-19,0.4
2022-07-14,-0.002748638136170466,0.0,0.09586998573953927,0.3041300142604609,0.19999999999999996,5.619892693508834e-19,0.4
2022-07-15,0.0007991686221663985,0.0,0.09586998573953927,0.3041300142604609,0.19999999999999996,5.619892693508834e-19,0.4
2022-07-18,-0.005988984361346648,0.0,0.09586998573953927,0.3041300142604609,0.19999999999999996,5.619892693508834e-19,0.4
2022-07-19,-0.0010815870905965179,0.0,0.09586998573953927,0.3041300142604609,0.19999999999999996,5.619892693508834e-19,0.4
2022-07-20,0.0006507148606138739,0.0,0.09586998573953927,0.3041300142604609,0.19999999999999996,5.619892693508834e-19,0.4
2022-07-21,0.007933695482478399,0.0,0.09586998573953927,0.3041300142604609,0.19999999999999996,5.619892693508834e-19,0.4
2022-07-22,0.004161403474930981,0.0,0.09586998573953927,0.3041300142604609,0.19999999999999996,5.619892693508834e-19,0.4
2022-07-25,-0.0039689318061911505,0.0,0.09586998573953927,0.3041300142604609,0.19999999999999996,5.619892693508834e-19,0.4
2022-07-26,0.0019560604769037855,0.0,0.09586998573953927,0.3041300142604609,0.19999999999999996,5.619892693508834e-19,0.4
2022-07-27,-0.0005319339864148292,0.0,0.09586998573953927,0.3041300142604609,0.19999999999999996,5.619892693508834e-19,0.4
2022-07-28,0.005779228156453038,0.0,0.09586998573953927,0.3041300142604609,0.19999999999999996,5.619892693508834e-19,0.4
2022-07-29,-0.0004158740113539075,0.0,0.09586998573953927,0.3041300142604609,0.19999999999999996,5.619892693508834e-19,0.4
2022-08-01,0.0066187004039286075,0.0,0.09586998573953927,0.3041300142604609,0.19999999999999996,5.619892693508834e-19,0.4
2022-08-02,-0.005700448283748397,0.0,0.09586998573953927,0.3041300142604609,0.19999999999999996,5.619892693508834e-19,0.4
2022-08-03,0.007905762973298695,0.0,0.09586998573953927,0.3041300142604609,0.19999999999999996,5.619892693508834e-19,0.4
2022-08-04,0.0006095880138298924,0.0,0.09586998573953927,0.3041300142604609,0.19999999999999996,5.619892693508834e-19,0.4
2022-08-05,-0.006253606320446806,0.0,0.09586998573953927,0.3041300142604609,0.19999999999999996,5.619892693508834e-19,0.4
2022-08-08,0.005930374807746401,0.0,0.09586998573953927,0.3041300142604609,0.19999999999999996,5.619892693508834e-19,0.4
2022-08-09,-0.0013723880662301752,0.0,0.09586998573953927,0.3041300142604609,0.19999999999999996,5.619892693508834e-19,0.4
2022-08-10,-0.004836869374872519,0.0,0.09586998573953927,0.3041300142604609,0.19999999999999996,5.619892693508834e-19,0.4
2022-08-11,-0.007332110387329197,0.0,0.09586998573953927,0.3041300142604609,0.19999999999999996,5.619892693508834e-19,0.4
2022-08-12,0.008110205430337518,0.0,0.09586998573953927,0.3041300142604609,0.19999999999999996,5.619892693508834e-19,0.4
2022-08-15,0.0010984248654207556,0.0,0.09586998573953927,0.3041300142604609,0.19999999999999996,5.619892693508834e-19,0.4
2022-08-16,0.0009616995639666029,0.0,0.09586998573953927,0.3041300142604609,0.19999999999999996,5.619892693508834e-19,0.4
2022-08-17,-0.004586768974564162,0.0,0.09586998573953927,0.3041300142604609,0.19999999999999996,5.619892693508834e-19,0.4
2022-08-18,0.003290376511196106,0.0,0.09586998573953927,0.3041300142604609,0.19999999999999996,5.619892693508834e-19,0.4
2022-08-19,-0.005145173372832065,0.0,0.09586998573953927,0.3041300142604609,0.19999999999999996,5.619892693508834e-19,0.4
2022-08-22,-0.001027685148338758,0.0,0.09586998573953927,0.3041300142604609,0.19999999999999996,5.619892693508834e-19,0.4
2022-08-23,-0.0021530880446266557,0.0,0.09586998573953927,0.3041300142604609,0.19999999999999996,5.619892693508834e-19,0.4
2022-08-24,-0.0010537727603949182,0.0,0.09586998573953927,0.3041300142604609,0.19999999999999996,5.619892693508834e-19,0.4
2022-08-25,0.0055164283976687194,0.0,0.09586998573953927,0.3041300142604609,0.19999999999999996,5.619892693508834e-19,0.4
2022-08-26,-0.0018670630084001855,0.0,0.09586998573953927,0.3041300142604609,0.19999999999999996,5.619892693508834e-19,0.4
2022-08-29,-0.002889124899303593,0.0,0.09586998573953927,0.3041300142604609,0.19999999999999996,5.619892693508834e-19,0.4
2022-08-30,-0.0021020196331519333,0.0,0.09586998573953927,0.3041300142604609,0.19999999999999996,5.619892693508834e-19,0.4
2022-08-31,-0.005456915096102165,0.0,0.09586998573953927,0.3041300142604609,0.19999999999999996,5.619892693508834e-19,0.4
2022-09-01,-0.003452699903226869,0.0,0.09586998573953927,0.3041300142604609,0.19999999999999996,5.619892693508834e-19,0.4
2022-09-02,0.00260674944820948,0.0,0.09586998573953927,0.3041300142604609,0.19999999999999996,5.619892693508834e-19,0.4
2022-09-06,-0.006747993993661178,0.0,0.09586998573953927,0.3041300142604609,0.19999999999999996,5.619892693508834e-19,0.4
2022-09-07,0.005723347136216823,0.0,0.09586998573953927,0.3041300142604609,0.19999999999999996,5.619892693508834e-19,0.4
2022-09-08,-0.002875441663200404,0.0,0.09586998573953927,0.3041300142604609,0.19999999999999996,5.619892693508834e-19,0.4
2022-09-09,0.0003643383062350877,0.0,0.09586998573953927,0.3041300142604609,0.19999999999999996,5.619892693508834e-19,0.4
2022-09-12,-0.0025105816530601034,0.0,0.09586998573953927,0.3041300142604609,0.19999999999999996,5.619892693508834e-19,0.4
2022-09-13,-0.0005533971290419236,0.0,0.09586998573953927,0.3041300142604609,0.19999999999999996,5.619892693508834e-19,0.4
2022-09-14,-0.00017384711985512965,0.0,0.09586998573953927,0.3041300142604609,0.19999999999999996,5.619892693508834e-19,0.4
2022-09-15,-0.004748992873849212,0.0,0.09586998573953927,0.3041300142604609,0.19999999999999996,5.619892693508834e-19,0.4
2022-09-16,-0.0021567094055260647,0.0,0.09586998573953927,0.3041300142604609,0.19999999999999996,5.619892693508834e-19,0.4
2022-09-19,0.0013354030264652544,0.0,0.09586998573953927,0.3041300142604609,0.19999999999999996,5.619892693508834e-19,0.4
2022-09-20,-0.0033678958892505205,0.0,0.09586998573953927,0.3041300142604609,0.19999999999999996,5.619892693508834e-19,0.4
2022-09-21,0.008280887545733466,0.0,0.09586998573953927,0.3041300142604609,0.19999999999999996,5.619892693508834e-19,0.4
2022-09-22,-0.008154089772904079,0.0,0.09586998573953927,0.3041300142604609,0.19999999999999996,5.619892693508834e-19,0.4
2022-09-23,0.0024788027266966902,0.0,0.09586998573953927,0.3041300142604609,0.19999999999999996,5.619892693508834e-19,0.4
2022-09-26,-0.004601663660976465,0.0,0.09586998573953927,0.3041300142604609,0.19999999999999996,5.619892693508834e-19,0.4
2022-09-27,-0.007712440493579602,0.0,0.09586998573953927,0.3041300142604609,0.19999999999999996,5.619892693508834e-19,0.4
2022-09-28,0.011009783223880056,0.0,0.09586998573953927,0.3041300142604609,0.19999999999999996,5.619892693508834e-19,0.4
2022-09-29,-0.005201193685224929,0.0,0.09586998573953927,0.3041300142604609,0.19999999999999996,5.619892693508834e-19,0.4
2022-09-30,-0.005396191426687388,0.0,0.09586998573953927,0.3041300142604609,0.19999999999999996,5.619892693508834e-19,0.4
2022-10-03,0.010368225893325986,0.0,0.09586998573953927,0.3041300142604609,0.19999999999999996,5.619892693508834e-19,0.4
2022-10-04,-0.0004780835541169457,0.0,0.09586998573953927,0.3041300142604609,0.19999999999999996,5.619892693508834e-19,0.4
2022-10-05,-0.0004550419245431649,0.0,0.09586998573953927,0.3041300142604609,0.19999999999999996,5.619892693508834e-19,0.4
2022-10-06,0.0011113866174140975,0.0,0.09586998573953927,0.3041300142604609,0.19999999999999996,5.619892693508834e-19,0.4
2022-10-07,-0.006228752247260249,0.0,0.09586998573953927,0.3041300142604609,0.19999999999999996,5.619892693508834e-19,0.4
2022-10-10,-0.006784012975289367,0.0,0.09586998573953927,0.3041300142604609,0.19999999999999996,5.619892693508834e-19,0.4
2022-10-11,0.0005900499259238814,0.0,0.09586998573953927,0.3041300142604609,0.19999999999999996,5.619892693508834e-19,0.4
2022-10-12,0.0022459015445753395,0.0,0.09586998573953927,0.3041300142604609,0.19999999999999996,5.619892693508834e-19,0.4
2022-10-13,-0.004391243627947251,0.0,0.09586998573953927,0.3041300142604609,0.19999999999999996,5.619892693508834e-19,0.4
2022-10-14,-0.0044088344992798,0.0,0.09586998573953927,0.3041300142604609,0.19999999999999996,5.619892693508834e-19,0.4
2022-10-17,-0.0025131447946639194,0.0,0.09586998573953927,0.3041300142604609,0.19999999999999996,5.619892693508834e-19,0.4
2022-10-18,0.0020043911326013486,0.0,0.09586998573953927,0.3041300142604609,0.19999999999999996,5.619892693508834e-19,0.4
2022-10-19,-0.005975361603846697,0.0,0.09586998573953927,0.3041300142604609,0.19999999999999996,5.619892693508834e-19,0.4
2022-10-20,-0.006055242943722371,0.0,0.09586998573953927,0.3041300142604609,0.19999999999999996,5.619892693508834e-19,0.4
2022-10-21,-0.003010447350005745,0.0,0.09586998573953927,0.3041300142604609,0.19999999999999996,5.619892693508834e-19,0.4
2022-10-24,-0.0015904764882718088,0.0,0.09586998573953927,0.3041300142604609,0.19999999999999996,5.619892693508834e-19,0.4
2022-10-25,0.006460914516762267,0.0,0.09586998573953927,0.3041300142604609,0.19999999999999996,5.619892693508834e-19,0.4
2022-10-26,0.000772462819909804,0.0,0.09586998573953927,0.3041300142604609,0.19999999999999996,5.619892693508834e-19,0.4
2022-10-27,0.005481461019946942,0.0,0.09586998573953927,0.3041300142604609,0.19999999999999996,5.619892693508834e-19,0.4
2022-10-28,-0.001179123966489222,0.0,0.09586998573953927,0.3041300142604609,0.19999999999999996,5.619892693508834e-19,0.4
2022-10-31,-0.0011348319225096951,0.0,0.09586998573953927,0.3041300142604609,0.19999999999999996,5.619892693508834e-19,0.4
2022-11-01,0.004330409109193179,0.0,0.09586998573953927,0.3041300142604609,0.19999999999999996,5.619892693508834e-19,0.4
2022-11-02,-0.0033882410227979443,0.0,0.09586998573953927,0.3041300142604609,0.19999999999999996,5.619892693508834e-19,0.4
2022-11-03,-7.309817876710936e-05,0.0,0.09586998573953927,0.3041300142604609,0.19999999999999996,5.619892693508834e-19,0.4
2022-11-04,-0.005090387906581482,0.0,0.09586998573953927,0.3041300142604609,0.19999999999999996,5.619892693508834e-19,0.4
2022-11-07,-0.005189207694097926,0.0,0.09586998573953927,0.3041300142604609,0.19999999999999996,5.619892693508834e-19,0.4
2022-11-08,0.006709425648358422,0.0,0.09586998573953927,0.3041300142604609,0.19999999999999996,5.619892693508834e-19,0.4
2022-11-09,0.001001293271444156,0.0,0.09586998573953927,0.3041300142604609,0.19999999999999996,5.619892693508834e-19,0.4
2022-11-10,0.013915519049310545,0.0,0.09586998573953927,0.3041300142604609,0.19999999999999996,5.619892693508834e-19,0.4
2022-11-11,-0.004644395446118702,0.0,0.09586998573953927,0.3041300142604609,0.19999999999999996,5.619892693508834e-19,0.4
2022-11-14,0.000691354967533048,0.0,0.09586998573953927,0.3041300142604609,0.19999999999999996,5.619892693508834e-19,0.4
2022-11-15,0.005052077960092999,0.0,0.09586998573953927,0.3041300142604609,0.19999999999999996,5.619892693508834e-19,0.4
2022-11-16,0.00462333266072203,0.0,0.09586998573953927,0.3041300142604609,0.19999999999999996,5.619892693508834e-19,0.4
2022-11-17,-0.0034186761235551343,0.0,0.09586998573953927,0.3041300142604609,0.19999999999999996,5.619892693508834e-19,0.4
2022-11-18,-0.0019211369207986547,0.0,0.09586998573953927,0.3041300142604609,0.19999999999999996,5.619892693508834e-19,0.4
2022-11-21,0.003286245657777077,0.0,0.09586998573953927,0.3041300142604609,0.19999999999999996,5.619892693508834e-19,0.4
2022-11-22,0.0033634486640022744,0.0,0.09586998573953927,0.3041300142604609,0.19999999999999996,5.619892693508834e-19,0.4
2022-11-23,0.0029998295024451045,0.0,0.09586998573953927,0.3041300142604609,0.19999999999999996,5.619892693508834e-19,0.4
2022-11-25,-0.0008806295918486861,0.0,0.09586998573953927,0.3041300142604609,0.19999999999999996,5.619892693508834e-19,0.4
2022-11-28,0.0006857634777838275,0.0,0.09586998573953927,0.3041300142604609,0.19999999999999996,5.619892693508834e-19,0.4
2022-11-29,-0.0020481145800358693,0.0,0.09586998573953927,0.3041300142604609,0.19999999999999996,5.619892693508834e-19,0.4
2022-11-30,0.00462302775849271,0.0,0.09586998573953927,0.3041300142604609,0.19999999999999996,5.619892693508834e-19,0.4
2022-12-01,0.008428712721043681,0.0,0.09586998573953927,0.3041300142604609,0.19999999999999996,5.619892693508834e-19,0.4
2022-12-02,0.0025982670566737595,0.0,0.09586998573953927,0.3041300142604609,0.19999999999999996,5.619892693508834e-19,0.4
2022-12-05,-0.006157361733485981,0.0,0.09586998573953927,0.3041300142604609,0.19999999999999996,5.619892693508834e-19,0.4
2022-12-06,0.003363781043664117,0.0,0.09586998573953927,0.3041300142604609,0.19999999999999996,5.619892693508834e-19,0.4
2022-12-07,0.007546631997166084,0.0,0.09586998573953927,0.3041300142604609,0.19999999999999996,5.619892693508834e-19,0.4
2022-12-08,-0.0011820900024516576,0.0,0.09586998573953927,0.3041300142604609,0.19999999999999996,5.619892693508834e-19,0.4
2022-12-09,-0.007071017568114769,0.0,0.09586998573953927,0.3041300142604609,0.19999999999999996,5.619892693508834e-19,0.4
2022-12-12,0.0009846770756268023,0.0,0.09586998573953927,0.3041300142604609,0.19999999999999996,5.619892693508834e-19,0.4
2022-12-13,0.0035550367212855037,0.0,0.09586998573953927,0.3041300142604609,0.19999999999999996,5.619892693508834e-19,0.4
2022-12-14,-0.0016492696450213047,0.0,0.09586998573953927,0.3041300142604609,0.19999999999999996,5.619892693508834e-19,0.4
2022-12-15,-0.0007160769708942838,0.0,0.09586998573953927,0.3041300142604609,0.19999999999999996,5.619892693508834e-19,0.4
2022-12-16,-0.0020796038366238,0.0,0.09586998573953927,0.3041300142604609,0.19999999999999996,5.619892693508834e-19,0.4
2022-12-19,-0.0063877944758640014,0.0,0.09586998573953927,0.3041300142604609,0.19999999999999996,5.619892693508834e-19,0.4
2022-12-20,-0.00465778037290972,0.0,0.09586998573953927,0.3041300142604609,0.19999999999999996,5.619892693508834e-19,0.4
2022-12-21,0.0028710299718180633,0.0,0.09586998573953927,0.3041300142604609,0.19999999999999996,5.619892693508834e-19,0.4
2022-12-22,-0.003270998244420302,0.0,0.09586998573953927,0.3041300142604609,0.19999999999999996,5.619892693508834e-19,0.4
2022-12-23,-0.0034504416892503316,0.0,0.09586998573953927,0.3041300142604609,0.19999999999999996,5.619892693508834e-19,0.4
2022-12-27,-0.0048485970509203604,0.0,0.09586998573953927,0.3041300142604609,0.19999999999999996,5.619892693508834e-19,0.4
2022-12-28,-0.0024543911058140123,0.0,0.09586998573953927,0.3041300142604609,0.19999999999999996,5.619892693508834e-19,0.4
2022-12-29,0.0038751213597891542,0.0,0.09586998573953927,0.3041300142604609,0.19999999999999996,5.619892693508834e-19,0.4
2022-12-30,-0.003990488496458363,0.0,0.09586998573953927,0.3041300142604609,0.19999999999999996,5.619892693508834e-19,0.4
2023-01-03,0.011389485281361387,0.0,0.09586998573953927,0.3041300142604609,0.19999999999999996,5.619892693508834e-19,0.4
2023-01-04,0.005366192467119996,0.0,0.09586998573953927,0.3041300142604609,0.19999999999999996,5.619892693508834e-19,0.4
2023-01-05,0.0013999140324696415,0.0,0.09586998573953927,0.3041300142604609,0.19999999999999996,5.619892693508834e-19,0.4
2023-01-06,0.006299781143177143,0.0,0.09586998573953927,0.3041300142604609,0.19999999999999996,5.619892693508834e-19,0.4
2023-01-09,-0.0004233378745297005,0.0,0.09586998573953927,0.3041300142604609,0.19999999999999996,5.619892693508834e-19,0.4
2023-01-10,-0.0033373053911390092,0.0,0.09586998573953927,0.3041300142604609,0.19999999999999996,5.619892693508834e-19,0.4
2023-01-11,0.006017662553076841,0.0,0.09586998573953927,0.3041300142604609,0.19999999999999996,5.619892693508834e-19,0.4
2023-01-12,0.004756768013601979,0.0,0.09586998573953927,0.3041300142604609,0.19999999999999996,5.619892693508834e-19,0.4
2023-01-13,-0.0002237696048480167,0.0,0.09586998573953927,0.3041300142604609,0.19999999999999996,5.619892693508834e-19,0.4
2023-01-17,-0.0022856650436161776,0.0,0.09586998573953927,0.3041300142604609,0.19999999999999996,5.619892693508834e-19,0.4
2023-01-18,0.005281590125792778,0.0,0.09586998573953927,0.3041300142604609,0.19999999999999996,5.619892693508834e-19,0.4
2023-01-19,-0.0004442415861080199,0.0,0.09586998573953927,0.3041300142604609,0.19999999999999996,5.619892693508834e-19,0.4
2023-01-20,-0.00439362550243072,0.0,0.09586998573953927,0.3041300142604609,0.19999999999999996,5.619892693508834e-19,0.4
2023-01-23,0.0006807747646567609,0.0,0.09586998573953927,0.3041300142604609,0.19999999999999996,5.619892693508834e-19,0.4
2023-01-24,0.0045575340877372335,0.0,0.09586998573953927,0.3041300142604609,0.19999999999999996,5.619892693508834e-19,0.4
2023-01-25,0.0003828756499959482,0.0,0.09586998573953927,0.3041300142604609,0.19999999999999996,5.619892693508834e-19,0.4
2023-01-26,-0.0011488421734979649,0.0,0.09586998573953927,0.3041300142604609,0.19999999999999996,5.619892693508834e-19,0.4
2023-01-27,-0.00024268923954043177,0.0,0.09586998573953927,0.3041300142604609,0.19999999999999996,5.619892693508834e-19,0.4
2023-01-30,-0.0013716035645700028,0.0,0.09586998573953927,0.3041300142604609,0.19999999999999996,5.619892693508834e-19,0.4
2023-01-31,0.0036978264251515437,0.0,0.09586998573953927,0.3041300142604609,0.19999999999999996,5.619892693508834e-19,0.4
2023-02-01,0.0034138367531250037,0.0,0.09586998573953927,0.3041300142604609,0.19999999999999996,5.619892693508834e-19,0.4
2023-02-02,0.0002808719720594111,0.0,0.09586998573953927,0.3041300142604609,0.19999999999999996,5.619892693508834e-19,0.4
2023-02-03,-0.005309267384735344,0.0,0.09586998573953927,0.3041300142604609,0.19999999999999996,5.619892693508834e-19,0.4
2023-02-06,-0.0001194763175514496,0.0,0.09586998573953927,0.3041300142604609,0.19999999999999996,5.619892693508834e-19,0.4
2023-02-07,-0.0017185427855380784,0.0,0.09586998573953927,0.3041300142604609,0.19999999999999996,5.619892693508834e-19,0.4
2023-02-08,0.00132345881329111,0.0,0.09586998573953927,0.3041300142604609,0.19999999999999996,5.619892693508834e-19,0.4
2023-02-09,-0.005867636291163185,0.0,0.09586998573953927,0.3041300142604609,0.19999999999999996,5.619892693508834e-19,0.4
2023-02-10,-0.0015071112741114542,0.0,0.09586998573953927,0.3041300142604609,0.19999999999999996,5.619892693508834e-19,0.4
2023-02-13,0.0015256789551524239,0.0,0.09586998573953927,0.3041300142604609,0.19999999999999996,5.619892693508834e-19,0.4
2023-02-14,-0.0008801647323589469,0.0,0.09586998573953927,0.3041300142604609,0.19999999999999996,5.619892693508834e-19,0.4
2023-02-15,-0.0017916478973234872,0.0,0.09586998573953927,0.3041300142604609,0.19999999999999996,5.619892693508834e-19,0.4
2023-02-16,-0.005222660005782171,0.0,0.09586998573953927,0.3041300142604609,0.19999999999999996,5.619892693508834e-19,0.4
2023-02-17,0.002438179203395264,0.0,0.09586998573953927,0.3041300142604609,0.19999999999999996,5.619892693508834e-19,0.4
2023-02-21,-0.0073005615962496995,0.0,0.09586998573953927,0.3041300142604609,0.19999999999999996,5.619892693508834e-19,0.4
2023-02-22,0.0028071957088670833,0.0,0.09586998573953927,0.3041300142604609,0.19999999999999996,5.619892693508834e-19,0.4
2023-02-23,0.0035173903924970978,0.0,0.09586998573953927,0.3041300142604609,0.19999999999999996,5.619892693508834e-19,0.4
2023-02-24,-0.003446811493649635,0.0,0.09586998573953927,0.3041300142604609,0.19999999999999996,5.619892693508834e-19,0.4
2023-02-27,-0.00015193178405426976,0.0,0.09586998573953927,0.3041300142604609,0.19999999999999996,5.619892693508834e-19,0.4
2023-02-28,0.00306766192970252,0.0,0.09586998573953927,0.3041300142604609,0.19999999999999996,5.619892693508834e-19,0.4
2023-03-01,-0.004591891377698045,0.0,0.09586998573953927,0.3041300142604609,0.19999999999999996,5.619892693508834e-19,0.4
2023-03-02,5.4158482722799564e-05,0.0,0.09586998573953927,0.3041300142604609,0.19999999999999996,5.619892693508834e-19,0.4
2023-03-03,0.0095018317751717,0.0,0.09586998573953927,0.3041300142604609,0.19999999999999996,5.619892693508834e-19,0.4
2023-03-06,-0.0038656249201033223,0.0,0.09586998573953927,0.3041300142604609,0.19999999999999996,5.619892693508834e-19,0.4
2023-03-07,0.001851803342826361,0.0,0.09586998573953927,0.3041300142604609,0.19999999999999996,5.619892693508834e-19,0.4
2023-03-08,0.00022070863560783916,0.0,0.09586998573953927,0.3041300142604609,0.19999999999999996,5.619892693508834e-19,0.4
2023-03-09,-0.00017059388346096289,0.0,0.09586998573953927,0.3041300142604609,0.19999999999999996,5.619892693508834e-19,0.4
2023-03-10,0.010893673147692115,0.0,0.09586998573953927,0.3041300142604609,0.19999999999999996,5.619892693508834e-19,0.4
2023-03-13,0.001475896988110641,0.0,0.09586998573953927,0.3041300142604609,0.19999999999999996,5.619892693508834e-19,0.4
2023-03-14,-0.0045737934665442265,0.0,0.09586998573953927,0.3041300142604609,0.19999999999999996,5.619892693508834e-19,0.4
2023-03-15,0.011106009940872562,0.0,0.09586998573953927,0.3041300142604609,0.19999999999999996,5.619892693508834e-19,0.4
2023-03-16,-0.0007158264309539797,0.0,0.09586998573953927,0.3041300142604609,0.19999999999999996,5.619892693508834e-19,0.4
2023-03-17,0.007011132320355685,0.0,0.09586998573953927,0.3041300142604609,0.19999999999999996,5.619892693508834e-19,0.4
2023-03-20,-0.003947092059662435,0.0,0.09586998573953927,0.3041300142604609,0.19999999999999996,5.619892693508834e-19,0.4
2023-03-21,-0.005271857382777417,0.0,0.09586998573953927,0.3041300142604609,0.19999999999999996,5.619892693508834e-19,0.4
2023-03-22,0.0028281601290444528,0.0,0.09586998573953927,0.3041300142604609,0.19999999999999996,5.619892693508834e-19,0.4
2023-03-23,0.0033418883944466957,0.0,0.09586998573953927,0.3041300142604609,0.19999999999999996,5.619892693508834e-19,0.4
2023-03-24,0.0021056453899837542,0.0,0.09586998573953927,0.3041300142604609,0.19999999999999996,5.619892693508834e-19,0.4
2023-03-27,-0.010100724937493175,0.0,0.09586998573953927,0.3041300142604609,0.19999999999999996,5.619892693508834e-19,0.4
2023-03-28,0.0005447504892796207,0.0,0.09586998573953927,0.3041300142604609,0.19999999999999996,5.619892693508834e-19,0.4
2023-03-29,0.0007960904255214594,0.0,0.09586998573953927,0.3041300142604609,0.19999999999999996,5.619892693508834e-19,0.4
2023-03-30,0.0019055070315350997,0.0,0.09586998573953927,0.3041300142604609,0.19999999999999996,5.619892693508834e-19,0.4
2023-03-31,0.006304873280085448,0.0,0.09586998573953927,0.3041300142604609,0.19999999999999996,5.619892693508834e-19,0.4
2023-04-03,0.001371375660904462,0.0,0.09586998573953927,0.3041300142604609,0.19999999999999996,5.619892693508834e-19,0.4
2023-04-04,0.0031227857781211156,0.0,0.09586998573953927,0.3041300142604609,0.19999999999999996,5.619892693508834e-19,0.4
2023-04-05,0.003926747769923636,0.0,0.09586998573953927,0.3041300142604609,0.19999999999999996,5.619892693508834e-19,0.4
2023-04-06,2.2353729296875624e-05,0.0,0.09586998573953927,0.3041300142604609,0.19999999999999996,5.619892693508834e-19,0.4
2023-04-10,-0.003978346227120549,0.0,0.09586998573953927,0.3041300142604609,0.19999999999999996,5.619892693508834e-19,0.4
2023-04-11,0.0004828123119186231,0.0,0.09586998573953927,0.3041300142604609,0.19999999999999996,5.619892693508834e-19,0.4
2023-04-12,-0.0018847773300569182,0.0,0.09586998573953927,0.3041300142604609,0.19999999999999996,5.619892693508834e-19,0.4
2023-04-13,-0.00029408163635423566,0.0,0.09586998573953927,0.3041300142604609,0.19999999999999996,5.619892693508834e-19,0.4
2023-04-14,-0.004232422702213726,0.0,0.09586998573953927,0.3041300142604609,0.19999999999999996,5.619892693508834e-19,0.4
2023-04-17,-0.0021414414607540196,0.0,0.09586998573953927,0.3041300142604609,0.19999999999999996,5.619892693508834e-19,0.4
2023-04-18,0.0004846021634484539,0.0,0.09586998573953927,0.3041300142604609,0.19999999999999996,5.619892693508834e-19,0.4
2023-04-19,-0.00039793465359100745,0.0,0.09586998573953927,0.3041300142604609,0.19999999999999996,5.619892693508834e-19,0.4
2023-04-20,0.0028645724813182536,0.0,0.09586998573953927,0.3041300142604609,0.19999999999999996,5.619892693508834e-19,0.4
2023-04-21,-0.004044076990260671,0.0,0.09586998573953927,0.3041300142604609,0.19999999999999996,5.619892693508834e-19,0.4
2023-04-24,0.002352851011619028,0.0,0.09586998573953927,0.3041300142604609,0.19999999999999996,5.619892693508834e-19,0.4
2023-04-25,0.00584755245435771,0.0,0.09586998573953927,0.3041300142604609,0.19999999999999996,5.619892693508834e-19,0.4
2023-04-26,-0.006030538521224107,0.0,0.09586998573953927,0.3041300142604609,0.19999999999999996,5.619892693508834e-19,0.4
2023-04-27,-0.0009539314440205056,0.0,0.09586998573953927,0.3041300142604609,0.19999999999999996,5.619892693508834e-19,0.4
2023-04-28,0.00635563487840066,0.0,0.09586998573953927,0.3041300142604609,0.19999999999999996,5.619892693508834e-19,0.4
2023-05-01,-0.007746541076278259,0.0,0.09586998573953927,0.3041300142604609,0.19999999999999996,5.619892693508834e-19,0.4
2023-05-02,0.009356756679916879,0.0,0.09586998573953927,0.3041300142604609,0.19999999999999996,5.619892693508834e-19,0.4
2023-05-03,0.0005787581319926019,0.0,0.09586998573953927,0.3041300142604609,0.19999999999999996,5.619892693508834e-19,0.4
2023-05-04,-0.0018431874187003457,0.0,0.09586998573953927,0.3041300142604609,0.19999999999999996,5.619892693508834e-19,0.4
2023-05-05,-0.0029438239156671813,0.0,0.09586998573953927,0.3041300142604609,0.19999999999999996,5.619892693508834e-19,0.4
2023-05-08,-0.0034129601978114665,0.0,0.09586998573953927,0.3041300142604609,0.19999999999999996,5.619892693508834e-19,0.4
2023-05-09,0.0012084877566455325,0.0,0.09586998573953927,0.3041300142604609,0.19999999999999996,5.619892693508834e-19,0.4
2023-05-10,0.0023936905324482803,0.0,0.09586998573953927,0.3041300142604609,0.19999999999999996,5.619892693508834e-19,0.4
2023-05-11,0.003927083311751878,0.0,0.09586998573953927,0.3041300142604609,0.19999999999999996,5.619892693508834e-19,0.4
2023-05-12,-0.00043421409061144634,0.0,0.09586998573953927,0.3041300142604609,0.19999999999999996,5.619892693508834e-19,0.4
2023-05-15,-0.003529758871461435,0.0,0.09586998573953927,0.3041300142604609,0.19999999999999996,5.619892693508834e-19,0.4
2023-05-16,-0.0030549309109611563,0.0,0.09586998573953927,0.3041300142604609,0.19999999999999996,5.619892693508834e-19,0.4
2023-05-17,0.00029649884075295117,0.0,0.09586998573953927,0.3041300142604609,0.19999999999999996,5.619892693508834e-19,0.4
2023-05-18,-0.0009392545076952273,0.0,0.09586998573953927,0.3041300142604609,0.19999999999999996,5.619892693508834e-19,0.4
2023-05-19,-0.0014390457514091683,0.0,0.09586998573953927,0.3041300142604609,0.19999999999999996,5.619892693508834e-19,0.4
2023-05-22,-0.0012294608890025653,0.0,0.09586998573953927,0.3041300142604609,0.19999999999999996,5.619892693508834e-19,0.4
2023-05-23,0.001170959981059767,0.0,0.09586998573953927,0.3041300142604609,0.19999999999999996,5.619892693508834e-19,0.4
2023-05-24,-0.0024034446754979807,0.0,0.09586998573953927,0.3041300142604609,0.19999999999999996,5.619892693508834e-19,0.4
2023-05-25,-2.3174732453579063e-05,0.0,0.09586998573953927,0.3041300142604609,0.19999999999999996,5.619892693508834e-19,0.4
2023-05-26,0.004357360352266243,0.0,0.09586998573953927,0.3041300142604609,0.19999999999999996,5.619892693508834e-19,0.4
2023-05-30,0.0038936136803680264,0.0,0.09586998573953927,0.3041300142604609,0.19999999999999996,5.619892693508834e-19,0.4
2023-05-31,0.003127220650606268,0.0,0.09586998573953927,0.3041300142604609,0.19999999999999996,5.619892693508834e-19,0.4
