date,gross,turnover,w_SPY,w_TLT,w_GLD,w_USO,w_UUP
2019-01-02,0.006332905613371339,0.028696191646123193,0.21754536035128932,0.2111508312948339,0.2,0.17130380835387682,0.2
2019-01-03,-0.000328163448131255,0.0,0.21754536035128932,0.2111508312948339,0.2,0.17130380835387682,0.2
2019-01-04,0.0068715700944094165,0.0,0.21754536035128932,0.2111508312948339,0.2,0.17130380835387682,0.2
2019-01-07,0.002771388271938622,0.0,0.21754536035128932,0.2111508312948339,0.2,0.17130380835387682,0.2
2019-01-08,0.005074441368631455,0.0,0.21754536035128932,0.2111508312948339,0.2,0.17130380835387682,0.2
2019-01-09,0.008500352519484557,0.010864934200079501,0.22252039089061648,0.2170407349555862,0.2,0.1604388741537973,0.2
2019-01-10,0.00012814791685778322,0.0,0.22252039089061648,0.2170407349555862,0.2,0.1604388741537973,0.2
2019-01-11,-0.0014546695444635441,0.0,0.22252039089061648,0.2170407349555862,0.2,0.1604388741537973,0.2
2019-01-14,-0.004780134741549214,0.0,0.22252039089061648,0.2170407349555862,0.2,0.1604388741537973,0.2
2019-01-15,0.006776042607493062,0.0,0.22252039089061648,0.2170407349555862,0.2,0.1604388741537973,0.2
2019-01-16,0.0024723326189779854,0.00887244268577042,0.2263719885710698,0.22206157996090328,0.2,0.15156643146802684,0.2
2019-01-17,0.001100014468585614,0.0,0.2263719885710698,0.22206157996090328,0.2,0.15156643146802684,0.2
2019-01-18,0.004539035037605389,0.0,0.2263719885710698,0.22206157996090328,0.2,0.15156643146802684,0.2
2019-01-22,-0.0033894259489179253,0.0,0.2263719885710698,0.22206157996090328,0.2,0.15156643146802684,0.2
2019-01-23,-0.0013220847407011034,0.0,0.2263719885710698,0.22206157996090328,0.2,0.15156643146802684,0.2
2019-01-24,0.00403642937446203,0.0075308302430301816,0.2294625524316175,0.22650184634338577,0.2,0.14403560122499667,0.2
2019-01-25,0.0031745374370690466,0.0,0.2294625524316175,0.22650184634338577,0.2,0.14403560122499667,0.2
2019-01-28,-0.0049532984504791384,0.0,0.2294625524316175,0.22650184634338577,0.2,0.14403560122499667,0.2
2019-01-29,0.004803135056537583,0.0,0.2294625524316175,0.22650184634338577,0.2,0.14403560122499667,0.2
2019-01-30,0.006686235933142288,0.0,0.2294625524316175,0.22650184634338577,0.2,0.14403560122499667,0.2
2019-01-31,0.0039044455083053244,0.006290488895071972,0.23187702639690413,0.23037786127317111,0.2,0.1377451123299247,0.2
2019-02-01,0.0015617868947066498,0.0054964600381047085,0.23388294148770694,0.2338684062204731,0.2,0.1322486522918201,0.2
2019-02-04,-0.0011927469099702935,0.0,0.23388294148770694,0.2338684062204731,0.2,0.1322486522918201,0.2
2019-02-05,0.0006996108980286869,0.0,0.23388294148770694,0.2338684062204731,0.2,0.1322486522918201,0.2
2019-02-06,-0.0004093284439693806,0.0,0.23388294148770694,0.2338684062204731,0.2,0.1322486522918201,0.2
2019-02-07,-0.0025417381146229847,0.00480166366174449,0.23571266267818883,0.2368403486917357,0.2,0.12744698863007559,0.2
2019-02-08,0.0024070845286252645,0.0,0.23571266267818883,0.2368403486917357,0.2,0.12744698863007559,0.2
2019-02-11,-0.0018081308326178928,0.0,0.23571266267818883,0.2368403486917357,0.2,0.12744698863007559,0.2
2019-02-12,0.003888550343287553,0.0,0.23571266267818883,0.2368403486917357,0.2,0.12744698863007559,0.2
2019-02-13,0.00222167955171135,0.0,0.23571266267818883,0.2368403486917357,0.2,0.12744698863007559,0.2
2019-02-14,0.003252357808024019,0.003980347380159663,0.23670246754672836,0.23983089120335574,0.2,0.12346664124991583,0.2
2019-02-15,0.006233308968313537,0.0,0.23670246754672836,0.23983089120335574,0.2,0.12346664124991583,0.2
2019-02-19,0.0040264290006356345,0.0,0.23670246754672836,0.23983089120335574,0.2,0.12346664124991583,0.2
2019-02-20,0.0011713471641735561,0.0,0.23670246754672836,0.23983089120335574,0.2,0.12346664124991583,0.2
2019-02-21,-0.005608689870108456,0.0,0.23670246754672836,0.23983089120335574,0.2,0.12346664124991583,0.2
2019-02-22,0.004266652481002959,0.0035213518474955102,0.23841432896380854,0.24164038163377105,0.2,0.1199452894024203,0.2
2019-02-25,-0.004567960663632208,0.0,0.23841432896380854,0.24164038163377105,0.2,0.1199452894024203,0.2
2019-02-26,0.0012043479078593486,0.0,0.23841432896380854,0.24164038163377105,0.2,0.1199452894024203,0.2
2019-02-27,-0.0014197374292578627,0.0,0.23841432896380854,0.24164038163377105,0.2,0.1199452894024203,0.2
2019-02-28,-0.0016279281910968942,0.0,0.23841432896380854,0.24164038163377105,0.2,0.1199452894024203,0.2
2019-03-01,-0.006227391536757688,0.002747310585444751,0.23909483384785116,0.2437071873351732,0.20000000000000007,0.11719797881697566,0.20000000000000007
2019-03-04,0.0021555409117288704,0.0,0.23909483384785116,0.2437071873351732,0.20000000000000007,0.11719797881697566,0.20000000000000007
2019-03-05,0.0011879114195219428,0.0025639413195648678,0.23988313587704913,0.24548282662554008,0.20000000000000007,0.11463403749741079,0.20000000000000007
2019-03-06,-0.0014114591378350699,0.0,0.23988313587704913,0.24548282662554008,0.20000000000000007,0.11463403749741079,0.20000000000000007
2019-03-07,0.0017863547141372844,0.0,0.23988313587704913,0.24548282662554008,0.20000000000000007,0.11463403749741079,0.20000000000000007
2019-03-08,0.0013738248081512031,0.002239154081605993,0.24052348654735908,0.24708163003683603,0.20000000000000007,0.11239488341580471,0.20000000000000007
2019-03-11,0.002563280044299305,0.0,0.24052348654735908,0.24708163003683603,0.20000000000000007,0.11239488341580471,0.20000000000000007
2019-03-12,0.003749014404720853,0.0,0.24052348654735908,0.24708163003683603,0.20000000000000007,0.11239488341580471,0.20000000000000007
2019-03-13,0.004433650208591131,0.0,0.24052348654735908,0.24708163003683603,0.20000000000000007,0.11239488341580471,0.20000000000000007
2019-03-14,-0.003350314606738322,0.0,0.24052348654735908,0.24708163003683603,0.20000000000000007,0.11239488341580471,0.20000000000000007
2019-03-15,0.003258054603794242,0.0018158398508756265,0.24106109854147306,0.24835985789359774,0.20000000000000007,0.11057904356492915,0.20000000000000007
2019-03-18,0.001609743150478748,0.0,0.24106109854147306,0.24835985789359774,0.20000000000000007,0.11057904356492915,0.20000000000000007
2019-03-19,-0.00044108825763860215,0.0,0.24106109854147306,0.24835985789359774,0.20000000000000007,0.11057904356492915,0.20000000000000007
2019-03-20,0.003984941648962487,0.0,0.24106109854147306,0.24835985789359774,0.20000000000000007,0.11057904356492915,0.20000000000000007
2019-03-21,0.003183525529864145,0.0,0.24106109854147306,0.24835985789359774,0.20000000000000007,0.11057904356492915,0.20000000000000007
2019-03-22,-0.0017558131943117626,0.001567507731434374,0.24151711911843068,0.2494713450480745,0.20000000000000007,0.10901153583349478,0.20000000000000007
2019-03-25,0.0019289246397328744,0.0,0.24151711911843068,0.2494713450480745,0.20000000000000007,0.10901153583349478,0.20000000000000007
2019-03-26,0.003205958971160021,0.0,0.24151711911843068,0.2494713450480745,0.20000000000000007,0.10901153583349478,0.20000000000000007
2019-03-27,-0.0009176317514986855,0.0,0.24151711911843068,0.2494713450480745,0.20000000000000007,0.10901153583349478,0.20000000000000007
2019-03-28,-0.0002616469775935514,0.0,0.24151711911843068,0.2494713450480745,0.20000000000000007,0.10901153583349478,0.20000000000000007
2019-03-29,0.0030043290492135872,0.0014478347831800575,0.24173925586233433,0.2506970430873509,0.20000000000000007,0.10756370105031472,0.20000000000000007
2019-04-01,0.0011189192864164467,0.0,0.24173925586233433,0.2506970430873509,0.20000000000000007,0.10756370105031472,0.20000000000000007
2019-04-02,0.0031476179558441544,0.0,0.24173925586233433,0.2506970430873509,0.20000000000000007,0.10756370105031472,0.20000000000000007
2019-04-03,-0.00259835462352125,0.005321749704575683,0.24173925586233433,0.2560187927919266,0.20000000000000007,0.10224195134573902,0.20000000000000007
2019-04-04,0.0015556883962559729,0.0,0.24173925586233433,0.2560187927919266,0.20000000000000007,0.10224195134573902,0.20000000000000007
2019-04-05,0.0033384071562598933,0.0,0.24173925586233433,0.2560187927919266,0.20000000000000007,0.10224195134573902,0.20000000000000007
2019-04-08,0.0013981498138920215,0.0,0.24173925586233433,0.2560187927919266,0.20000000000000007,0.10224195134573902,0.20000000000000007
2019-04-09,0.00015681068993792538,0.0,0.24173925586233433,0.2560187927919266,0.20000000000000007,0.10224195134573902,0.20000000000000007
2019-04-10,0.0023668199493831425,0.0,0.24173925586233433,0.2560187927919266,0.20000000000000007,0.10224195134573902,0.20000000000000007
2019-04-11,-0.0045796051366074255,0.0,0.24173925586233433,0.2560187927919266,0.20000000000000007,0.10224195134573902,0.20000000000000007
2019-04-12,-0.00061473533985224,0.0,0.24173925586233433,0.2560187927919266,0.20000000000000007,0.10224195134573902,0.20000000000000007
2019-04-15,-0.0004271252792648556,0.0,0.24173925586233433,0.2560187927919266,0.20000000000000007,0.10224195134573902,0.20000000000000007
2019-04-16,-0.0017710759235606338,0.0,0.24173925586233433,0.2560187927919266,0.20000000000000007,0.10224195134573902,0.20000000000000007
2019-04-17,-0.0017104503406613581,0.0,0.24173925586233433,0.2560187927919266,0.20000000000000007,0.10224195134573902,0.20000000000000007
2019-04-18,0.00335110104895903,0.0,0.24173925586233433,0.2560187927919266,0.20000000000000007,0.10224195134573902,0.20000000000000007
2019-04-22,0.0012065553098299462,0.0,0.24173925586233433,0.2560187927919266,0.20000000000000007,0.10224195134573902,0.20000000000000007
2019-04-23,0.003890581307090967,0.0,0.24173925586233433,0.2560187927919266,0.20000000000000007,0.10224195134573902,0.20000000000000007
2019-04-24,0.0023132235818965514,0.0,0.24173925586233433,0.2560187927919266,0.20000000000000007,0.10224195134573902,0.20000000000000007
2019-04-25,-0.0010964734891735827,0.0,0.24173925586233433,0.2560187927919266,0.20000000000000007,0.10224195134573902,0.20000000000000007
2019-04-26,-0.0002284993625692516,0.0,0.24173925586233433,0.2560187927919266,0.20000000000000007,0.10224195134573902,0.20000000000000007
2019-04-29,-0.0015070848579916368,0.0,0.24173925586233433,0.2560187927919266,0.20000000000000007,0.10224195134573902,0.20000000000000007
2019-04-30,0.001901082261125666,0.0,0.24173925586233433,0.2560187927919266,0.20000000000000007,0.10224195134573902,0.20000000000000007
2019-05-01,-0.002390238989082152,0.0,0.24173925586233433,0.2560187927919266,0.20000000000000007,0.10224195134573902,0.20000000000000007
2019-05-02,-0.0051408317090071345,0.0,0.24173925586233433,0.2560187927919266,0.20000000000000007,0.10224195134573902,0.20000000000000007
2019-05-03,0.003914001482726764,0.0,0.24173925586233433,0.2560187927919266,0.20000000000000007,0.10224195134573902,0.20000000000000007
2019-05-06,0.0017159084721775691,0.0,0.24173925586233433,0.2560187927919266,0.20000000000000007,0.10224195134573902,0.20000000000000007
2019-05-07,-0.003919993119941353,0.0,0.24173925586233433,0.2560187927919266,0.20000000000000007,0.10224195134573902,0.20000000000000007
2019-05-08,-0.0005761523758725542,0.0,0.24173925586233433,0.2560187927919266,0.20000000000000007,0.10224195134573902,0.20000000000000007
2019-05-09,-0.0002183921392934304,0.0,0.24173925586233433,0.2560187927919266,0.20000000000000007,0.10224195134573902,0.20000000000000007
2019-05-10,0.0014086257384866505,0.0,0.24173925586233433,0.2560187927919266,0.20000000000000007,0.10224195134573902,0.20000000000000007
2019-05-13,-0.0032954583047714557,0.0,0.24173925586233433,0.2560187927919266,0.20000000000000007,0.10224195134573902,0.20000000000000007
2019-05-14,0.0030812499367556152,0.0,0.24173925586233433,0.2560187927919266,0.20000000000000007,0.10224195134573902,0.20000000000000007
2019-05-15,0.003745020074249714,0.0,0.24173925586233433,0.2560187927919266,0.20000000000000007,0.10224195134573902,0.20000000000000007
2019-05-16,0.0018223002134242555,0.0,0.24173925586233433,0.2560187927919266,0.20000000000000007,0.10224195134573902,0.20000000000000007
2019-05-17,-0.0024185396169157914,0.0,0.24173925586233433,0.2560187927919266,0.20000000000000007,0.10224195134573902,0.20000000000000007
2019-05-20,-0.0017480544965176267,0.0,0.24173925586233433,0.2560187927919266,0.20000000000000007,0.10224195134573902,0.20000000000000007
2019-05-21,0.0014563606716967027,0.0,0.24173925586233433,0.2560187927919266,0.20000000000000007,0.10224195134573902,0.20000000000000007
2019-05-22,-0.002358558622861331,0.0,0.24173925586233433,0.2560187927919266,0.20000000000000007,0.10224195134573902,0.20000000000000007
2019-05-23,-0.004122608177267895,0.0,0.24173925586233433,0.2560187927919266,0.20000000000000007,0.10224195134573902,0.20000000000000007
2019-05-24,0.0014840768854232557,0.0,0.24173925586233433,0.2560187927919266,0.20000000000000007,0.10224195134573902,0.20000000000000007
2019-05-28,-0.00034199737078984644,0.0,0.24173925586233433,0.2560187927919266,0.20000000000000007,0.10224195134573902,0.20000000000000007
2019-05-29,-0.00024118418599746306,0.0,0.24173925586233433,0.2560187927919266,0.20000000000000007,0.10224195134573902,0.20000000000000007
2019-05-30,0.000284759576187771,0.0,0.24173925586233433,0.2560187927919266,0.20000000000000007,0.10224195134573902,0.20000000000000007
2019-05-31,-0.003927618805528161,0.0,0.24173925586233433,0.2560187927919266,0.20000000000000007,0.10224195134573902,0.20000000000000007
2019-06-03,0.0019073050265915013,0.0,0.24173925586233433,0.2560187927919266,0.20000000000000007,0.10224195134573902,0.20000000000000007
2019-06-04,0.0037246632443597837,0.0007463928199209907,0.24173925586233433,0.2567651856118476,0.20000000000000007,0.10149555852581804,0.20000000000000007
2019-06-05,-0.0017043609000202036,0.0,0.24173925586233433,0.2567651856118476,0.20000000000000007,0.10149555852581804,0.20000000000000007
2019-06-06,0.0051007698199754,0.0,0.24173925586233433,0.2567651856118476,0.20000000000000007,0.10149555852581804,0.20000000000000007
2019-06-07,0.006487400580213047,0.0,0.24173925586233433,0.2567651856118476,0.20000000000000007,0.10149555852581804,0.20000000000000007
2019-06-10,-0.004152305484144153,0.0,0.24173925586233433,0.2567651856118476,0.20000000000000007,0.10149555852581804,0.20000000000000007
2019-06-11,-6.328545336266165e-05,0.0010548906242283662,0.24173925586233433,0.25782007623607595,0.20000000000000007,0.10044066790158968,0.20000000000000007
2019-06-12,-0.002902920264876807,0.0,0.24173925586233433,0.25782007623607595,0.20000000000000007,0.10044066790158968,0.20000000000000007
2019-06-13,0.005527612301512334,0.0,0.24173925586233433,0.25782007623607595,0.20000000000000007,0.10044066790158968,0.20000000000000007
2019-06-14,0.0019424038880332458,0.0,0.24173925586233433,0.25782007623607595,0.20000000000000007,0.10044066790158968,0.20000000000000007
2019-06-17,-0.0007009646257934668,0.0,0.24173925586233433,0.25782007623607595,0.20000000000000007,0.10044066790158968,0.20000000000000007
2019-06-18,0.009188851313991496,0.0010886275387631122,0.24173925586233433,0.25890870377483904,0.20000000000000007,0.09935204036282655,0.20000000000000007
2019-06-19,0.001924879996775979,0.0,0.24173925586233433,0.25890870377483904,0.20000000000000007,0.09935204036282655,0.20000000000000007
2019-06-20,0.011369104608526422,0.0,0.24173925586233433,0.25890870377483904,0.20000000000000007,0.09935204036282655,0.20000000000000007
2019-06-21,-0.0018595367002692503,0.0,0.24173925586233433,0.25890870377483904,0.20000000000000007,0.09935204036282655,0.20000000000000007
2019-06-24,0.004628352528986674,0.0,0.24173925586233433,0.25890870377483904,0.20000000000000007,0.09935204036282655,0.20000000000000007
2019-06-25,-0.0007983387404479083,0.0005925505100188855,0.24173925586233433,0.25950125428485793,0.20000000000000007,0.09875948985280766,0.20000000000000007
2019-06-26,-0.0011941324130743402,0.0,0.24173925586233433,0.25950125428485793,0.20000000000000007,0.09875948985280766,0.20000000000000007
2019-06-27,0.0024903317798146223,0.0,0.24173925586233433,0.25950125428485793,0.20000000000000007,0.09875948985280766,0.20000000000000007
2019-06-28,-0.0005525440312888401,0.0,0.24173925586233433,0.25950125428485793,0.20000000000000007,0.09875948985280766,0.20000000000000007
2019-07-01,0.0011455669428466393,0.0,0.24173925586233433,0.25950125428485793,0.20000000000000007,0.09875948985280766,0.20000000000000007
2019-07-02,0.0021078202061394213,0.00040276425590110576,0.24173925586233433,0.25990401854075906,0.20000000000000007,0.09835672559690659,0.20000000000000007
2019-07-03,0.004704577660082426,0.0005774000846374486,0.24173925586233436,0.2604814186253964,0.2000000000000001,0.09777932551226913,0.2000000000000001
2019-07-05,-0.003393430081205736,0.0,0.24173925586233436,0.2604814186253964,0.2000000000000001,0.09777932551226913,0.2000000000000001
2019-07-08,-0.0020438031290196026,0.0,0.24173925586233436,0.2604814186253964,0.2000000000000001,0.09777932551226913,0.2000000000000001
2019-07-09,0.001957334947044115,0.0,0.24173925586233436,0.2604814186253964,0.2000000000000001,0.09777932551226913,0.2000000000000001
2019-07-10,0.006006491219442474,0.0003469784812487678,0.24173925586233436,0.2608283971066452,0.2000000000000001,0.09743234703102036,0.2000000000000001
2019-07-11,-0.004448513863941796,0.0,0.24173925586233436,0.2608283971066452,0.2000000000000001,0.09743234703102036,0.2000000000000001
2019-07-12,0.00201996118434982,0.0,0.24173925586233436,0.2608283971066452,0.2000000000000001,0.09743234703102036,0.2000000000000001
2019-07-15,0.00017595888985095387,0.0,0.24173925586233436,0.2608283971066452,0.2000000000000001,0.09743234703102036,0.2000000000000001
2019-07-16,-0.004155828063605528,0.0,0.24173925586233436,0.2608283971066452,0.2000000000000001,0.09743234703102036,0.2000000000000001
2019-07-17,0.0015105919514493216,0.0002331384836813319,0.24173925586233436,0.2610615355903265,0.2000000000000001,0.09719920854733903,0.2000000000000001
2019-07-18,0.0010919526923543641,0.0,0.24173925586233436,0.2610615355903265,0.2000000000000001,0.09719920854733903,0.2000000000000001
2019-07-19,-0.002982682262835985,0.0,0.24173925586233436,0.2610615355903265,0.2000000000000001,0.09719920854733903,0.2000000000000001
2019-07-22,0.0015233875176630732,0.0,0.24173925586233436,0.2610615355903265,0.2000000000000001,0.09719920854733903,0.2000000000000001
2019-07-23,0.0011662386634026982,0.0,0.24173925586233436,0.2610615355903265,0.2000000000000001,0.09719920854733903,0.2000000000000001
2019-07-24,0.0014831264028855608,0.0002837696026259315,0.24173925586233438,0.26134530519295235,0.20000000000000012,0.09691543894471308,0.20000000000000012
2019-07-25,-0.0033564524090767007,1.249000902703301e-16,0.24173925586233433,0.2613453051929523,0.20000000000000007,0.09691543894471305,0.20000000000000007
2019-07-26,0.003286568516137238,7.632783294297951e-17,0.24173925586233436,0.26134530519295235,0.2000000000000001,0.09691543894471306,0.2000000000000001
2019-07-29,0.0025361438315529864,0.0,0.24173925586233436,0.26134530519295235,0.2000000000000001,0.09691543894471306,0.2000000000000001
2019-07-30,0.002843229065423228,0.0,0.24173925586233436,0.26134530519295235,0.2000000000000001,0.09691543894471306,0.2000000000000001
2019-07-31,-0.0022824364995137555,0.0,0.24173925586233436,0.26134530519295235,0.2000000000000001,0.09691543894471306,0.2000000000000001
2019-08-01,0.0014151338722112584,0.0,0.24173925586233436,0.26134530519295235,0.2000000000000001,0.09691543894471306,0.2000000000000001
2019-08-02,0.0008352589622645985,0.0006650155228455912,0.2417392558623343,0.2620103207157979,0.20000000000000004,0.09625042342186758,0.20000000000000004
2019-08-05,-0.001843875271594378,7.632783294297951e-17,0.24173925586233433,0.26201032071579794,0.20000000000000007,0.0962504234218676,0.20000000000000007
2019-08-06,0.00538958555881189,0.0,0.24173925586233433,0.26201032071579794,0.20000000000000007,0.0962504234218676,0.20000000000000007
2019-08-07,0.0005491839191798381,0.000654366361132204,0.24173925586233433,0.26266468707693014,0.20000000000000007,0.09559605706073539,0.20000000000000007
2019-08-08,0.007521967545706374,0.0,0.24173925586233433,0.26266468707693014,0.20000000000000007,0.09559605706073539,0.20000000000000007
2019-08-09,-0.00026927949199852946,0.0,0.24173925586233433,0.26266468707693014,0.20000000000000007,0.09559605706073539,0.20000000000000007
2019-08-12,0.0050002789151487375,0.0,0.24173925586233433,0.26266468707693014,0.20000000000000007,0.09559605706073539,0.20000000000000007
2019-08-13,0.006866635580385354,0.0,0.24173925586233433,0.26266468707693014,0.20000000000000007,0.09559605706073539,0.20000000000000007
2019-08-14,-0.0028489228070440425,0.0004097428589987795,0.24173925586233433,0.26307442993592894,0.20000000000000007,0.09518631420173664,0.20000000000000007
2019-08-15,0.004296425328247357,0.0,0.24173925586233433,0.26307442993592894,0.20000000000000007,0.09518631420173664,0.20000000000000007
2019-08-16,0.0007485411115331123,0.0,0.24173925586233433,0.26307442993592894,0.20000000000000007,0.09518631420173664,0.20000000000000007
2019-08-19,-0.0005683995151967204,0.0,0.24173925586233433,0.26307442993592894,0.20000000000000007,0.09518631420173664,0.20000000000000007
2019-08-20,0.0017340817084009151,0.0,0.24173925586233433,0.26307442993592894,0.20000000000000007,0.09518631420173664,0.20000000000000007
2019-08-21,-0.0003609880711806571,0.0005356795691714433,0.24173925586233433,0.2636101095051004,0.20000000000000007,0.09465063463256519,0.20000000000000007
2019-08-22,-0.003134870533636533,0.0,0.24173925586233433,0.2636101095051004,0.20000000000000007,0.09465063463256519,0.20000000000000007
2019-08-23,-0.0018752900461778662,0.0,0.24173925586233433,0.2636101095051004,0.20000000000000007,0.09465063463256519,0.20000000000000007
2019-08-26,0.002606587127462756,0.0,0.24173925586233433,0.2636101095051004,0.20000000000000007,0.09465063463256519,0.20000000000000007
2019-08-27,0.00690941979192811,0.0,0.24173925586233433,0.2636101095051004,0.20000000000000007,0.09465063463256519,0.20000000000000007
2019-08-28,0.003741373334864251,0.000598195967970401,0.24173925586233433,0.2642083054730708,0.20000000000000007,0.09405243866459478,0.20000000000000007
2019-08-29,0.00230926368842566,0.0,0.24173925586233433,0.2642083054730708,0.20000000000000007,0.09405243866459478,0.20000000000000007
2019-08-30,-0.0023567574476953345,0.0,0.24173925586233433,0.2642083054730708,0.20000000000000007,0.09405243866459478,0.20000000000000007
2019-09-03,0.00019887075046068044,0.0005117676414753275,0.24173925586233433,0.2647200731145461,0.20000000000000007,0.09354067102311944,0.20000000000000007
2019-09-04,0.007210587353606367,0.0,0.24173925586233433,0.2647200731145461,0.20000000000000007,0.09354067102311944,0.20000000000000007
2019-09-05,-0.006498532049138052,0.0003896175856732409,0.24173925586233433,0.26510969070021934,0.20000000000000007,0.0931510534374462,0.20000000000000007
2019-09-06,0.001000268216080969,0.0,0.24173925586233433,0.26510969070021934,0.20000000000000007,0.0931510534374462,0.20000000000000007
2019-09-09,-0.0032549729659278053,0.0,0.24173925586233433,0.26510969070021934,0.20000000000000007,0.0931510534374462,0.20000000000000007
2019-09-10,-0.006961775733739472,0.0,0.24173925586233433,0.26510969070021934,0.20000000000000007,0.0931510534374462,0.20000000000000007
2019-09-11,0.0007258865291689329,0.0,0.24173925586233433,0.26510969070021934,0.20000000000000007,0.0931510534374462,0.20000000000000007
2019-09-12,-0.002759012301580954,0.0,0.24173925586233433,0.26510969070021934,0.20000000000000007,0.0931510534374462,0.20000000000000007
2019-09-13,-0.008021428688249706,0.0,0.24173925586233433,0.26510969070021934,0.20000000000000007,0.0931510534374462,0.20000000000000007
2019-09-16,0.01651786036940255,0.0,0.24173925586233433,0.26510969070021934,0.20000000000000007,0.0931510534374462,0.20000000000000007
2019-09-17,-0.0023685841569911718,0.0,0.24173925586233433,0.26510969070021934,0.20000000000000007,0.0931510534374462,0.20000000000000007
2019-09-18,-0.0006789637893637539,0.0,0.24173925586233433,0.26510969070021934,0.20000000000000007,0.0931510534374462,0.20000000000000007
2019-09-19,0.00183707741013902,0.0,0.24173925586233433,0.26510969070021934,0.20000000000000007,0.0931510534374462,0.20000000000000007
2019-09-20,0.005323630887839024,0.0,0.24173925586233433,0.26510969070021934,0.20000000000000007,0.0931510534374462,0.20000000000000007
2019-09-23,0.001381117318002042,0.0,0.24173925586233433,0.26510969070021934,0.20000000000000007,0.0931510534374462,0.20000000000000007
2019-09-24,-0.0007530744571777372,0.0,0.24173925586233433,0.26510969070021934,0.20000000000000007,0.0931510534374462,0.20000000000000007
2019-09-25,-0.00537100542611477,0.0,0.24173925586233433,0.26510969070021934,0.20000000000000007,0.0931510534374462,0.20000000000000007
2019-09-26,0.0016661809793676085,0.00029963497051620214,0.24173925586233433,0.26540932567073555,0.20000000000000007,0.09285141846693001,0.20000000000000007
2019-09-27,-0.0030769502570147742,0.0,0.24173925586233433,0.26540932567073555,0.20000000000000007,0.09285141846693001,0.20000000000000007
2019-09-30,-0.003214922822185099,0.0,0.24173925586233433,0.26540932567073555,0.20000000000000007,0.09285141846693001,0.20000000000000007
2019-10-01,-0.0028743004604260772,0.0,0.24173925586233433,0.26540932567073555,0.20000000000000007,0.09285141846693001,0.20000000000000007
2019-10-02,-0.00316914144202232,0.00040335088758293447,0.24173925586233433,0.2658126765583185,0.20000000000000007,0.09244806757934707,0.20000000000000007
2019-10-03,0.004822603168073783,0.000448318779035263,0.24173925586233433,0.26626099533735376,0.20000000000000007,0.09199974880031182,0.20000000000000007
2019-10-04,0.006014635811910807,0.0,0.24173925586233433,0.26626099533735376,0.20000000000000007,0.09199974880031182,0.20000000000000007
2019-10-07,-0.004584345392599506,0.0,0.24173925586233433,0.26626099533735376,0.20000000000000007,0.09199974880031182,0.20000000000000007
2019-10-08,-0.0022411094391118374,0.0,0.24173925586233433,0.26626099533735376,0.20000000000000007,0.09199974880031182,0.20000000000000007
2019-10-09,0.001671830096292784,0.0,0.24173925586233433,0.26626099533735376,0.20000000000000007,0.09199974880031182,0.20000000000000007
2019-10-10,-0.0032293159200812924,0.0003935363125217167,0.24173925586233433,0.26665453164987546,0.20000000000000007,0.09160621248779009,0.20000000000000007
2019-10-11,-0.0007621402695116013,0.0,0.24173925586233433,0.26665453164987546,0.20000000000000007,0.09160621248779009,0.20000000000000007
2019-10-14,0.0011385548908315047,0.0,0.24173925586233433,0.26665453164987546,0.20000000000000007,0.09160621248779009,0.20000000000000007
2019-10-15,-0.0038020958470620005,0.0,0.24173925586233433,0.26665453164987546,0.20000000000000007,0.09160621248779009,0.20000000000000007
2019-10-16,0.0012226690942587384,0.0,0.24173925586233433,0.26665453164987546,0.20000000000000007,0.09160621248779009,0.20000000000000007
2019-10-17,0.0007534895895081843,0.0,0.24173925586233433,0.26665453164987546,0.20000000000000007,0.09160621248779009,0.20000000000000007
2019-10-18,-0.0025092149288014646,0.0,0.24173925586233433,0.26665453164987546,0.20000000000000007,0.09160621248779009,0.20000000000000007
2019-10-21,-0.0012521846728454993,0.0,0.24173925586233433,0.26665453164987546,0.20000000000000007,0.09160621248779009,0.20000000000000007
2019-10-22,0.0028699674112480996,0.0,0.24173925586233433,0.26665453164987546,0.20000000000000007,0.09160621248779009,0.20000000000000007
2019-10-23,0.0038712996848805454,0.0,0.24173925586233433,0.26665453164987546,0.20000000000000007,0.09160621248779009,0.20000000000000007
2019-10-24,0.002512904100898412,0.0,0.24173925586233433,0.26665453164987546,0.20000000000000007,0.09160621248779009,0.20000000000000007
2019-10-25,0.0011593448427109478,0.0,0.24173925586233433,0.26665453164987546,0.20000000000000007,0.09160621248779009,0.20000000000000007
2019-10-28,-0.004326493365367965,0.0,0.24173925586233433,0.26665453164987546,0.20000000000000007,0.09160621248779009,0.20000000000000007
2019-10-29,-0.0010766487997069584,0.0,0.24173925586233433,0.26665453164987546,0.20000000000000007,0.09160621248779009,0.20000000000000007
2019-10-30,0.004422158826274067,0.0,0.24173925586233433,0.26665453164987546,0.20000000000000007,0.09160621248779009,0.20000000000000007
2019-10-31,0.00321999283505983,0.0,0.24173925586233433,0.26665453164987546,0.20000000000000007,0.09160621248779009,0.20000000000000007
2019-11-01,0.004687561344648869,0.0,0.24173925586233433,0.26665453164987546,0.20000000000000007,0.09160621248779009,0.20000000000000007
2019-11-04,-0.0014207718973114083,0.0,0.24173925586233433,0.26665453164987546,0.20000000000000007,0.09160621248779009,0.20000000000000007
2019-11-05,-0.004821842129933379,0.0,0.24173925586233433,0.26665453164987546,0.20000000000000007,0.09160621248779009,0.20000000000000007
2019-11-06,0.0016054446709077358,0.0,0.24173925586233433,0.26665453164987546,0.20000000000000007,0.09160621248779009,0.20000000000000007
2019-11-07,-0.006094571670005117,0.0,0.24173925586233433,0.26665453164987546,0.20000000000000007,0.09160621248779009,0.20000000000000007
2019-11-08,-0.0005033999296279864,0.0,0.24173925586233433,0.26665453164987546,0.20000000000000007,0.09160621248779009,0.20000000000000007
2019-11-11,-0.0018254837159508946,0.0,0.24173925586233433,0.26665453164987546,0.20000000000000007,0.09160621248779009,0.20000000000000007
2019-11-12,0.0024178165642131768,0.0,0.24173925586233433,0.26665453164987546,0.20000000000000007,0.09160621248779009,0.20000000000000007
2019-11-13,0.0032292256811471227,0.0,0.24173925586233433,0.26665453164987546,0.20000000000000007,0.09160621248779009,0.20000000000000007
2019-11-14,0.003415218744376825,0.0,0.24173925586233433,0.26665453164987546,0.20000000000000007,0.09160621248779009,0.20000000000000007
2019-11-15,0.0018151612839116776,0.0,0.24173925586233433,0.26665453164987546,0.20000000000000007,0.09160621248779009,0.20000000000000007
2019-11-18,-0.0004824777577171485,0.0,0.24173925586233433,0.26665453164987546,0.20000000000000007,0.09160621248779009,0.20000000000000007
2019-11-19,-6.28321830222098e-05,0.0,0.24173925586233433,0.26665453164987546,0.20000000000000007,0.09160621248779009,0.20000000000000007
2019-11-20,0.004574054703163238,0.0,0.24173925586233433,0.26665453164987546,0.20000000000000007,0.09160621248779009,0.20000000000000007
2019-11-21,-0.0005453415930035882,0.0,0.24173925586233433,0.26665453164987546,0.20000000000000007,0.09160621248779009,0.20000000000000007
2019-11-22,0.0004248609623046099,0.0,0.24173925586233433,0.26665453164987546,0.20000000000000007,0.09160621248779009,0.20000000000000007
2019-11-25,0.0018453218507131913,0.0,0.24173925586233433,0.26665453164987546,0.20000000000000007,0.09160621248779009,0.20000000000000007
2019-11-26,0.003451296822294975,0.0,0.24173925586233433,0.26665453164987546,0.20000000000000007,0.09160621248779009,0.20000000000000007
2019-11-27,-0.0008352390005804286,0.0,0.24173925586233433,0.26665453164987546,0.20000000000000007,0.09160621248779009,0.20000000000000007
2019-11-29,-0.004370877628346859,0.0,0.24173925586233433,0.26665453164987546,0.20000000000000007,0.09160621248779009,0.20000000000000007
2019-12-02,-0.006133735496019187,0.0,0.24173925586233433,0.26665453164987546,0.20000000000000007,0.09160621248779009,0.20000000000000007
2019-12-03,0.006368362691981132,0.0,0.24173925586233433,0.26665453164987546,0.20000000000000007,0.09160621248779009,0.20000000000000007
2019-12-04,0.0016811967785365848,0.0,0.24173925586233433,0.26665453164987546,0.20000000000000007,0.09160621248779009,0.20000000000000007
2019-12-05,-0.0011960031680253737,0.0,0.24173925586233433,0.26665453164987546,0.20000000000000007,0.09160621248779009,0.20000000000000007
2019-12-06,0.0004732851433455889,0.0,0.24173925586233433,0.26665453164987546,0.20000000000000007,0.09160621248779009,0.20000000000000007
2019-12-09,-0.000389803694938334,0.0,0.24173925586233433,0.26665453164987546,0.20000000000000007,0.09160621248779009,0.20000000000000007
2019-12-10,0.000538037580422941,0.0,0.24173925586233433,0.26665453164987546,0.20000000000000007,0.09160621248779009,0.20000000000000007
2019-12-11,0.0027457125013728824,0.0,0.24173925586233433,0.26665453164987546,0.20000000000000007,0.09160621248779009,0.20000000000000007
2019-12-12,-0.002188609892674221,0.0,0.24173925586233433,0.26665453164987546,0.20000000000000007,0.09160621248779009,0.20000000000000007
2019-12-13,0.005013730237494244,0.0,0.24173925586233433,0.26665453164987546,0.20000000000000007,0.09160621248779009,0.20000000000000007
2019-12-16,-0.000392415706235218,0.0,0.24173925586233433,0.26665453164987546,0.20000000000000007,0.09160621248779009,0.20000000000000007
2019-12-17,0.0009637688461661395,0.0,0.24173925586233433,0.26665453164987546,0.20000000000000007,0.09160621248779009,0.20000000000000007
2019-12-18,-0.0016410827062360328,0.0,0.24173925586233433,0.26665453164987546,0.20000000000000007,0.09160621248779009,0.20000000000000007
2019-12-19,0.00222304714764313,0.0,0.24173925586233433,0.26665453164987546,0.20000000000000007,0.09160621248779009,0.20000000000000007
2019-12-20,0.0012109896900556359,0.0,0.24173925586233433,0.26665453164987546,0.20000000000000007,0.09160621248779009,0.20000000000000007
2019-12-23,0.0009967597039672016,0.0,0.24173925586233433,0.26665453164987546,0.20000000000000007,0.09160621248779009,0.20000000000000007
2019-12-24,0.0031608385604857485,0.0,0.24173925586233433,0.26665453164987546,0.20000000000000007,0.09160621248779009,0.20000000000000007
2019-12-26,0.00405753261075203,0.0,0.24173925586233433,0.26665453164987546,0.20000000000000007,0.09160621248779009,0.20000000000000007
2019-12-27,-0.0006878585725927826,0.0,0.24173925586233433,0.26665453164987546,0.20000000000000007,0.09160621248779009,0.20000000000000007
2019-12-30,-0.0024073098286653914,0.0,0.24173925586233433,0.26665453164987546,0.20000000000000007,0.09160621248779009,0.20000000000000007
2019-12-31,-0.002752013362975855,0.0,0.24173925586233433,0.26665453164987546,0.20000000000000007,0.09160621248779009,0.20000000000000007
2020-01-02,0.007434780655025748,0.0,0.24173925586233433,0.26665453164987546,0.20000000000000007,0.09160621248779009,0.20000000000000007
2020-01-03,0.007805813641242268,0.0,0.24173925586233433,0.26665453164987546,0.20000000000000007,0.09160621248779009,0.20000000000000007
2020-01-06,0.0009070724117739197,0.0,0.24173925586233433,0.26665453164987546,0.20000000000000007,0.09160621248779009,0.20000000000000007
2020-01-07,-0.000720941154787084,0.0,0.24173925586233433,0.26665453164987546,0.20000000000000007,0.09160621248779009,0.20000000000000007
2020-01-08,-0.004717769013196851,0.0,0.24173925586233433,0.26665453164987546,0.20000000000000007,0.09160621248779009,0.20000000000000007
2020-01-09,0.0005966062289886034,0.0,0.24173925586233433,0.26665453164987546,0.20000000000000007,0.09160621248779009,0.20000000000000007
2020-01-10,0.002141164754452871,0.0,0.24173925586233433,0.26665453164987546,0.20000000000000007,0.09160621248779009,0.20000000000000007
2020-01-13,-0.002180480436900446,0.0,0.24173925586233433,0.26665453164987546,0.20000000000000007,0.09160621248779009,0.20000000000000007
2020-01-14,0.0015017502787197943,0.0,0.24173925586233433,0.26665453164987546,0.20000000000000007,0.09160621248779009,0.20000000000000007
2020-01-15,0.002430540083244726,0.0,0.24173925586233433,0.26665453164987546,0.20000000000000007,0.09160621248779009,0.20000000000000007
2020-01-16,0.0019897158290400683,0.0,0.24173925586233433,0.26665453164987546,0.20000000000000007,0.09160621248779009,0.20000000000000007
2020-01-17,-0.0001736461255999605,0.0,0.24173925586233433,0.26665453164987546,0.20000000000000007,0.09160621248779009,0.20000000000000007
2020-01-21,0.001725723496587074,0.0,0.24173925586233433,0.26665453164987546,0.20000000000000007,0.09160621248779009,0.20000000000000007
2020-01-22,-0.0016625646362161779,0.0,0.24173925586233433,0.26665453164987546,0.20000000000000007,0.09160621248779009,0.20000000000000007
2020-01-23,0.0012791841811004157,0.0,0.24173925586233433,0.26665453164987546,0.20000000000000007,0.09160621248779009,0.20000000000000007
2020-01-24,-0.00032723549825802647,0.0,0.24173925586233433,0.26665453164987546,0.20000000000000007,0.09160621248779009,0.20000000000000007
2020-01-27,-0.0007038816689361078,0.0,0.24173925586233433,0.26665453164987546,0.20000000000000007,0.09160621248779009,0.20000000000000007
2020-01-28,-0.00010242695464074067,0.0,0.24173925586233433,0.26665453164987546,0.20000000000000007,0.09160621248779009,0.20000000000000007
2020-01-29,0.0030613580929888945,0.0,0.24173925586233433,0.26665453164987546,0.20000000000000007,0.09160621248779009,0.20000000000000007
2020-01-30,-0.00042622519756890245,0.0,0.24173925586233433,0.26665453164987546,0.20000000000000007,0.09160621248779009,0.20000000000000007
2020-01-31,-0.003614337789140104,0.0,0.24173925586233433,0.26665453164987546,0.20000000000000007,0.09160621248779009,0.20000000000000007
2020-02-03,-0.0016878523464617522,0.0,0.24173925586233433,0.26665453164987546,0.20000000000000007,0.09160621248779009,0.20000000000000007
2020-02-04,-0.0026420533934872967,0.0,0.24173925586233433,0.26665453164987546,0.20000000000000007,0.09160621248779009,0.20000000000000007
2020-02-05,0.0031589748556215443,0.0,0.24173925586233433,0.26665453164987546,0.20000000000000007,0.09160621248779009,0.20000000000000007
2020-02-06,0.0038120551980967126,0.0,0.24173925586233433,0.26665453164987546,0.20000000000000007,0.09160621248779009,0.20000000000000007
2020-02-07,0.0016545595828873943,0.0,0.24173925586233433,0.26665453164987546,0.20000000000000007,0.09160621248779009,0.20000000000000007
2020-02-10,0.001972140688589216,0.0,0.24173925586233433,0.26665453164987546,0.20000000000000007,0.09160621248779009,0.20000000000000007
2020-02-11,-0.0011348680033600668,0.0,0.24173925586233433,0.26665453164987546,0.20000000000000007,0.09160621248779009,0.20000000000000007
2020-02-12,0.003273426482779053,0.0,0.24173925586233433,0.26665453164987546,0.20000000000000007,0.09160621248779009,0.20000000000000007
2020-02-13,0.0023824416993503757,0.0,0.24173925586233433,0.26665453164987546,0.20000000000000007,0.09160621248779009,0.20000000000000007
2020-02-14,0.0032451595506047953,0.0,0.24173925586233433,0.26665453164987546,0.20000000000000007,0.09160621248779009,0.20000000000000007
2020-02-18,0.004514445702593616,0.0,0.24173925586233433,0.26665453164987546,0.20000000000000007,0.09160621248779009,0.20000000000000007
2020-02-19,0.00460013477922026,0.0,0.24173925586233433,0.26665453164987546,0.20000000000000007,0.09160621248779009,0.20000000000000007
2020-02-20,0.003320520071918992,0.00047185322203727176,0.2422111090843716,0.26665453164987546,0.20000000000000007,0.09113435926575282,0.20000000000000007
2020-02-21,0.0008461712084861213,0.0,0.2422111090843716,0.26665453164987546,0.20000000000000007,0.09113435926575282,0.20000000000000007
2020-02-24,-0.005610422953757071,0.0,0.2422111090843716,0.26665453164987546,0.20000000000000007,0.09113435926575282,0.20000000000000007
2020-02-25,-0.012975703080531099,0.0,0.2422111090843716,0.26665453164987546,0.20000000000000007,0.09113435926575282,0.20000000000000007
2020-02-26,-0.0031198817399299287,0.0,0.2422111090843716,0.26665453164987546,0.20000000000000007,0.09113435926575282,0.20000000000000007
2020-02-27,-0.012810275749063058,0.0004462117999567833,0.2426573208843284,0.26665453164987546,0.20000000000000007,0.09068814746579605,0.20000000000000007
2020-02-28,-0.006032316357522302,0.0,0.2426573208843284,0.26665453164987546,0.20000000000000007,0.09068814746579605,0.20000000000000007
2020-03-02,0.013107006952187946,0.0,0.2426573208843284,0.26665453164987546,0.20000000000000007,0.09068814746579605,0.20000000000000007
2020-03-03,0.0023710486146846887,0.0,0.2426573208843284,0.26665453164987546,0.20000000000000007,0.09068814746579605,0.20000000000000007
2020-03-04,0.008128686079444272,0.0,0.2426573208843284,0.26665453164987546,0.20000000000000007,0.09068814746579605,0.20000000000000007
2020-03-05,-0.0013194921474806044,0.05006411884863044,0.29272143973295883,0.26665453164987546,0.20000000000000007,0.0406240286171656,0.20000000000000007
2020-03-06,0.004248236161935039,0.0,0.29272143973295883,0.26665453164987546,0.20000000000000007,0.0406240286171656,0.20000000000000007
2020-03-09,-0.02773844998479458,0.0,0.29272143973295883,0.26665453164987546,0.20000000000000007,0.0406240286171656,0.20000000000000007
2020-03-10,0.004696677140677246,0.0,0.29272143973295883,0.26665453164987546,0.20000000000000007,0.0406240286171656,0.20000000000000007
2020-03-11,-0.026170914522355593,0.0,0.29272143973295883,0.26665453164987546,0.20000000000000007,0.0406240286171656,0.20000000000000007
2020-03-12,-0.03453282933174394,0.0,0.29272143973295883,0.26665453164987546,0.20000000000000007,0.0406240286171656,0.20000000000000007
2020-03-13,0.02306654208797737,0.0,0.29272143973295883,0.26665453164987546,0.20000000000000007,0.0406240286171656,0.20000000000000007
2020-03-16,-0.028775364227753723,0.0,0.29272143973295883,0.26665453164987546,0.20000000000000007,0.0406240286171656,0.20000000000000007
2020-03-17,0.0019904813725878864,0.0,0.29272143973295883,0.26665453164987546,0.20000000000000007,0.0406240286171656,0.20000000000000007
2020-03-18,-0.03792923923773725,0.0,0.29272143973295883,0.26665453164987546,0.20000000000000007,0.0406240286171656,0.20000000000000007
2020-03-19,0.016805510057409382,0.14904430212418202,0.15048292128261864,0.2666545316498755,0.20000000000000012,0.0338182449433238,0.34904430212418197
2020-03-20,0.012863310988113533,0.0,0.15048292128261864,0.2666545316498755,0.20000000000000012,0.0338182449433238,0.34904430212418197
2020-03-23,0.01506792360537516,0.0,0.15048292128261864,0.2666545316498755,0.20000000000000012,0.0338182449433238,0.34904430212418197
2020-03-24,0.015076170228483916,0.0,0.15048292128261864,0.2666545316498755,0.20000000000000012,0.0338182449433238,0.34904430212418197
2020-03-25,-0.0036937735251672344,0.0,0.15048292128261864,0.2666545316498755,0.20000000000000012,0.0338182449433238,0.34904430212418197
2020-03-26,0.006295662391699746,0.02725650333163939,0.15048292128261864,0.2666545316498755,0.20000000000000012,0.00656174161168444,0.3763008054558214
2020-03-27,-0.0022174495525192554,0.0,0.15048292128261864,0.2666545316498755,0.20000000000000012,0.00656174161168444,0.3763008054558214
2020-03-30,0.004909871493276709,0.0,0.15048292128261864,0.2666545316498755,0.20000000000000012,0.00656174161168444,0.3763008054558214
2020-03-31,-0.011088084363058134,0.0,0.15048292128261864,0.2666545316498755,0.20000000000000012,0.00656174161168444,0.3763008054558214
2020-04-01,0.0015039175052310805,0.0,0.15048292128261864,0.2666545316498755,0.20000000000000012,0.00656174161168444,0.3763008054558214
2020-04-02,0.010428505414810276,0.00656174161168441,0.15048292128261864,0.2666545316498755,0.20000000000000012,0.0,0.3828625470675058
2020-04-03,0.001563039493256063,0.0,0.15048292128261864,0.2666545316498755,0.20000000000000012,0.0,0.3828625470675058
2020-04-06,0.015093359128226019,0.0,0.15048292128261864,0.2666545316498755,0.20000000000000012,0.0,0.3828625470675058
2020-04-07,-0.007215896919998072,0.0,0.15048292128261864,0.2666545316498755,0.20000000000000012,0.0,0.3828625470675058
2020-04-08,0.002745023242569725,0.0,0.15048292128261864,0.2666545316498755,0.20000000000000012,0.0,0.3828625470675058
2020-04-09,0.005178679108122218,0.0,0.15048292128261864,0.2666545316498755,0.20000000000000012,0.0,0.3828625470675058
2020-04-13,-0.0009484596977921951,0.0,0.15048292128261864,0.2666545316498755,0.20000000000000012,0.0,0.3828625470675058
2020-04-14,0.0038126246762437343,0.0,0.15048292128261864,0.2666545316498755,0.20000000000000012,0.0,0.3828625470675058
2020-04-15,0.005706880865593986,0.0,0.15048292128261864,0.2666545316498755,0.20000000000000012,0.0,0.3828625470675058
2020-04-16,0.005285486292893066,0.0,0.15048292128261864,0.2666545316498755,0.20000000000000012,0.0,0.3828625470675058
2020-04-17,-0.0043821949156702565,0.0,0.15048292128261864,0.2666545316498755,0.20000000000000012,0.0,0.3828625470675058
2020-04-20,0.002195004407141386,0.0,0.15048292128261864,0.2666545316498755,0.20000000000000012,0.0,0.3828625470675058
2020-04-21,-0.0020114059840122154,0.0,0.15048292128261864,0.2666545316498755,0.20000000000000012,0.0,0.3828625470675058
2020-04-22,0.005678264907941927,0.0,0.15048292128261864,0.2666545316498755,0.20000000000000012,0.0,0.3828625470675058
2020-04-23,0.003536251598051478,0.0,0.15048292128261864,0.2666545316498755,0.20000000000000012,0.0,0.3828625470675058
2020-04-24,0.0010225609990449865,0.0,0.15048292128261864,0.2666545316498755,0.20000000000000012,0.0,0.3828625470675058
2020-04-27,-0.00510806652905541,0.0,0.15048292128261864,0.2666545316498755,0.20000000000000012,0.0,0.3828625470675058
2020-04-28,0.0010624169471089326,0.0,0.15048292128261864,0.2666545316498755,0.20000000000000012,0.0,0.3828625470675058
2020-04-29,0.0021066580323542534,0.0,0.15048292128261864,0.2666545316498755,0.20000000000000012,0.0,0.3828625470675058
2020-04-30,-0.010552351507761591,0.0,0.15048292128261864,0.2666545316498755,0.20000000000000012,0.0,0.3828625470675058
2020-05-01,-3.734041199921021e-05,0.0,0.15048292128261864,0.2666545316498755,0.20000000000000012,0.0,0.3828625470675058
2020-05-04,0.0020029862096346013,0.0,0.15048292128261864,0.2666545316498755,0.20000000000000012,0.0,0.3828625470675058
2020-05-05,0.0008156059717620086,0.0,0.15048292128261864,0.2666545316498755,0.20000000000000012,0.0,0.3828625470675058
2020-05-06,-0.006049646200128862,0.0,0.15048292128261864,0.2666545316498755,0.20000000000000012,0.0,0.3828625470675058
2020-05-07,0.008211417069106823,0.0,0.15048292128261864,0.2666545316498755,0.20000000000000012,0.0,0.3828625470675058
2020-05-08,-0.0023206200858403455,0.0,0.15048292128261864,0.2666545316498755,0.20000000000000012,0.0,0.3828625470675058
2020-05-11,-0.00188095104502861,0.0,0.15048292128261864,0.2666545316498755,0.20000000000000012,0.0,0.3828625470675058
2020-05-12,-0.00018999471633097823,0.0,0.15048292128261864,0.2666545316498755,0.20000000000000012,0.0,0.3828625470675058
2020-05-13,0.0018355703797812606,0.0,0.15048292128261864,0.2666545316498755,0.20000000000000012,0.0,0.3828625470675058
2020-05-14,0.0066040993769389735,0.0,0.15048292128261864,0.2666545316498755,0.20000000000000012,0.0,0.3828625470675058
2020-05-15,0.0014165940844400994,0.0,0.15048292128261864,0.2666545316498755,0.20000000000000012,0.0,0.3828625470675058
2020-05-18,-0.005882386067239873,0.0,0.15048292128261864,0.2666545316498755,0.20000000000000012,0.0,0.3828625470675058
2020-05-19,0.0010980486001069367,0.0,0.15048292128261864,0.2666545316498755,0.20000000000000012,0.0,0.3828625470675058
2020-05-20,0.0025505255431320538,0.0,0.15048292128261864,0.2666545316498755,0.20000000000000012,0.0,0.3828625470675058
2020-05-21,-0.002432734997218187,0.0,0.15048292128261864,0.2666545316498755,0.20000000000000012,0.0,0.3828625470675058
2020-05-22,0.00421157532386161,0.0,0.15048292128261864,0.2666545316498755,0.20000000000000012,0.0,0.3828625470675058
2020-05-26,-0.007401740972343294,0.0,0.15048292128261864,0.2666545316498755,0.20000000000000012,0.0,0.3828625470675058
2020-05-27,0.00196676944933507,0.0,0.15048292128261864,0.2666545316498755,0.20000000000000012,0.0,0.3828625470675058
2020-05-28,-0.002590375136019516,0.0,0.15048292128261864,0.2666545316498755,0.20000000000000012,0.0,0.3828625470675058
2020-05-29,0.003471598935891433,0.0,0.15048292128261864,0.2666545316498755,0.20000000000000012,0.0,0.3828625470675058
2020-06-01,-0.002425240092108703,0.0,0.15048292128261864,0.2666545316498755,0.20000000000000012,0.0,0.3828625470675058
2020-06-02,-0.0014530799341822486,0.0,0.15048292128261864,0.2666545316498755,0.20000000000000012,0.0,0.3828625470675058
2020-06-03,-0.007551811917697914,0.0,0.15048292128261864,0.2666545316498755,0.20000000000000012,0.0,0.3828625470675058
2020-06-04,-0.0036088817164564445,0.0,0.15048292128261864,0.2666545316498755,0.20000000000000012,0.0,0.3828625470675058
2020-06-05,-0.0013660208004757366,0.0,0.15048292128261864,0.2666545316498755,0.20000000000000012,0.0,0.3828625470675058
2020-06-08,0.003985761178564881,0.0,0.15048292128261864,0.2666545316498755,0.20000000000000012,0.0,0.3828625470675058
2020-06-09,0.0026633988648788213,0.0,0.15048292128261864,0.2666545316498755,0.20000000000000012,0.0,0.3828625470675058
2020-06-10,0.004069095251031007,0.0,0.15048292128261864,0.2666545316498755,0.20000000000000012,0.0,0.3828625470675058
2020-06-11,-0.0012388343931482183,0.0,0.15048292128261864,0.2666545316498755,0.20000000000000012,0.0,0.3828625470675058
2020-06-12,0.0005377288995589795,0.0,0.15048292128261864,0.2666545316498755,0.20000000000000012,0.0,0.3828625470675058
2020-06-15,-0.00040771088962391136,0.0,0.15048292128261864,0.2666545316498755,0.20000000000000012,0.0,0.3828625470675058
2020-06-16,-0.0001196084036959831,0.0,0.15048292128261864,0.2666545316498755,0.20000000000000012,0.0,0.3828625470675058
2020-06-17,0.0011497630947671204,0.0,0.15048292128261864,0.2666545316498755,0.20000000000000012,0.0,0.3828625470675058
2020-06-18,0.003945970076448425,0.0,0.15048292128261864,0.2666545316498755,0.20000000000000012,0.0,0.3828625470675058
2020-06-19,0.001996178798855936,0.0,0.15048292128261864,0.2666545316498755,0.20000000000000012,0.0,0.3828625470675058
2020-06-22,0.00025867413383697446,0.0,0.15048292128261864,0.2666545316498755,0.20000000000000012,0.0,0.3828625470675058
2020-06-23,-0.0007588521805744412,0.0,0.15048292128261864,0.2666545316498755,0.20000000000000012,0.0,0.3828625470675058
2020-06-24,8.12947480165931e-05,0.0,0.15048292128261864,0.2666545316498755,0.20000000000000012,0.0,0.3828625470675058
2020-06-25,0.0028446310948876735,0.0,0.15048292128261864,0.2666545316498755,0.20000000000000012,0.0,0.3828625470675058
2020-06-26,0.000754478344113373,0.0,0.15048292128261864,0.2666545316498755,0.20000000000000012,0.0,0.3828625470675058
2020-06-29,0.0016261543764111573,0.0,0.15048292128261864,0.2666545316498755,0.20000000000000012,0.0,0.3828625470675058
2020-06-30,0.0009396693486367603,0.0,0.15048292128261864,0.2666545316498755,0.20000000000000012,0.0,0.3828625470675058
2020-07-01,-0.0012327064159822808,0.0,0.15048292128261864,0.2666545316498755,0.20000000000000012,0.0,0.3828625470675058
2020-07-02,0.0018297211774989373,0.0,0.15048292128261864,0.2666545316498755,0.20000000000000012,0.0,0.3828625470675058
2020-07-06,0.00038920928323543007,0.0,0.15048292128261864,0.2666545316498755,0.20000000000000012,0.0,0.3828625470675058
2020-07-07,0.004336823569270674,0.0,0.15048292128261864,0.2666545316498755,0.20000000000000012,0.0,0.3828625470675058
2020-07-08,-0.0007177107433833205,0.0,0.15048292128261864,0.2666545316498755,0.20000000000000012,0.0,0.3828625470675058
2020-07-09,0.004170387308258723,0.0,0.15048292128261864,0.2666545316498755,0.20000000000000012,0.0,0.3828625470675058
2020-07-10,-0.0009078001764094748,0.0,0.15048292128261864,0.2666545316498755,0.20000000000000012,0.0,0.3828625470675058
2020-07-13,-0.0007596308249714518,0.0,0.15048292128261864,0.2666545316498755,0.20000000000000012,0.0,0.3828625470675058
2020-07-14,0.0025319434002124912,0.0,0.15048292128261864,0.2666545316498755,0.20000000000000012,0.0,0.3828625470675058
2020-07-15,-0.0007156890641596652,0.0,0.15048292128261864,0.2666545316498755,0.20000000000000012,0.0,0.3828625470675058
2020-07-16,0.00020828130702515426,0.0,0.15048292128261864,0.2666545316498755,0.20000000000000012,0.0,0.3828625470675058
2020-07-17,-9.176187509610549e-05,0.0,0.15048292128261864,0.2666545316498755,0.20000000000000012,0.0,0.3828625470675058
2020-07-20,0.002245107362221447,0.0,0.15048292128261864,0.2666545316498755,0.20000000000000012,0.0,0.3828625470675058
2020-07-21,0.0005236973330743841,0.0,0.15048292128261864,0.2666545316498755,0.20000000000000012,0.0,0.3828625470675058
2020-07-22,0.0036523874621010905,0.0,0.15048292128261864,0.2666545316498755,0.20000000000000012,0.0,0.3828625470675058
2020-07-23,0.0023384110429460034,0.0,0.15048292128261864,0.2666545316498755,0.20000000000000012,0.0,0.3828625470675058
2020-07-24,-0.0009135802818128166,0.0,0.15048292128261864,0.2666545316498755,0.20000000000000012,0.0,0.3828625470675058
2020-07-27,0.0012057305617632543,0.0,0.15048292128261864,0.2666545316498755,0.20000000000000012,0.0,0.3828625470675058
2020-07-28,0.0031636666582414204,0.0,0.15048292128261864,0.2666545316498755,0.20000000000000012,0.0,0.3828625470675058
2020-07-29,0.0010862284447490512,0.0,0.15048292128261864,0.2666545316498755,0.20000000000000012,0.0,0.3828625470675058
2020-07-30,-0.0017774218959101691,0.0,0.15048292128261864,0.2666545316498755,0.20000000000000012,0.0,0.3828625470675058
2020-07-31,0.005120653215071579,0.0,0.15048292128261864,0.2666545316498755,0.20000000000000012,0.0,0.3828625470675058
2020-08-03,-6.984615205382584e-05,0.0,0.15048292128261864,0.2666545316498755,0.20000000000000012,0.0,0.3828625470675058
2020-08-04,0.006015496119312306,0.0,0.15048292128261864,0.2666545316498755,0.20000000000000012,0.0,0.3828625470675058
2020-08-05,-0.001211953053558781,0.0,0.15048292128261864,0.2666545316498755,0.20000000000000012,0.0,0.3828625470675058
2020-08-06,0.005150264955851574,0.0,0.15048292128261864,0.2666545316498755,0.20000000000000012,0.0,0.3828625470675058
2020-08-07,-0.002556626224562734,0.0,0.15048292128261864,0.2666545316498755,0.20000000000000012,0.0,0.3828625470675058
2020-08-10,-0.0008280317543724212,0.0,0.15048292128261864,0.2666545316498755,0.20000000000000012,0.0,0.3828625470675058
2020-08-11,-0.014544136663981496,0.0,0.15048292128261864,0.2666545316498755,0.20000000000000012,0.0,0.3828625470675058
2020-08-12,-0.0024714231107460342,0.0,0.15048292128261864,0.2666545316498755,0.20000000000000012,0.0,0.3828625470675058
2020-08-13,0.0014498101280483325,0.0,0.15048292128261864,0.2666545316498755,0.20000000000000012,0.0,0.3828625470675058
2020-08-14,-0.002506333277631836,0.0,0.15048292128261864,0.2666545316498755,0.20000000000000012,0.0,0.3828625470675058
2020-08-17,0.003814166423506752,0.0,0.15048292128261864,0.2666545316498755,0.20000000000000012,0.0,0.3828625470675058
2020-08-18,0.0018957261170213342,0.0,0.15048292128261864,0.2666545316498755,0.20000000000000012,0.0,0.3828625470675058
2020-08-19,-0.005535027309258748,0.0,0.15048292128261864,0.2666545316498755,0.20000000000000012,0.0,0.3828625470675058
2020-08-20,0.0031950750970429313,0.0,0.15048292128261864,0.2666545316498755,0.20000000000000012,0.0,0.3828625470675058
2020-08-21,0.002363005879444948,0.0,0.15048292128261864,0.2666545316498755,0.20000000000000012,0.0,0.3828625470675058
2020-08-24,0.0005680556794748722,0.0,0.15048292128261864,0.2666545316498755,0.20000000000000012,0.0,0.3828625470675058
2020-08-25,-0.00263744845332175,0.0,0.15048292128261864,0.2666545316498755,0.20000000000000012,0.0,0.3828625470675058
2020-08-26,0.002393104767420111,0.0,0.15048292128261864,0.2666545316498755,0.20000000000000012,0.0,0.3828625470675058
2020-08-27,-0.006061375452452766,0.0,0.15048292128261864,0.2666545316498755,0.20000000000000012,0.0,0.3828625470675058
2020-08-28,0.0012026439892562253,0.0,0.15048292128261864,0.2666545316498755,0.20000000000000012,0.0,0.3828625470675058
2020-08-31,0.0012423391321070018,0.0,0.15048292128261864,0.2666545316498755,0.20000000000000012,0.0,0.3828625470675058
2020-09-01,0.0054741298747672945,0.0,0.15048292128261864,0.2666545316498755,0.20000000000000012,0.0,0.3828625470675058
2020-09-02,0.0034699146051527584,0.0,0.15048292128261864,0.2666545316498755,0.20000000000000012,0.0,0.3828625470675058
2020-09-03,-0.005889003318127097,0.0,0.15048292128261864,0.2666545316498755,0.20000000000000012,0.0,0.3828625470675058
2020-09-04,-0.005128555702470181,0.0,0.15048292128261864,0.2666545316498755,0.20000000000000012,0.0,0.3828625470675058
2020-09-08,-0.0008748021418382998,0.0,0.15048292128261864,0.2666545316498755,0.20000000000000012,0.0,0.3828625470675058
2020-09-09,0.0035895561505469116,0.0,0.15048292128261864,0.2666545316498755,0.20000000000000012,0.0,0.3828625470675058
2020-09-10,-0.0011420372513003315,0.0,0.15048292128261864,0.2666545316498755,0.20000000000000012,0.0,0.3828625470675058
2020-09-11,-0.00012451934940869384,0.0,0.15048292128261864,0.2666545316498755,0.20000000000000012,0.0,0.3828625470675058
2020-09-14,0.00263208586926184,0.0,0.15048292128261864,0.2666545316498755,0.20000000000000012,0.0,0.3828625470675058
2020-09-15,-6.213877824646276e-05,0.0,0.15048292128261864,0.2666545316498755,0.20000000000000012,0.0,0.3828625470675058
2020-09-16,-0.000369629381824276,0.0,0.15048292128261864,0.2666545316498755,0.20000000000000012,0.0,0.3828625470675058
2020-09-17,-0.002975504600971725,0.0,0.15048292128261864,0.2666545316498755,0.20000000000000012,0.0,0.3828625470675058
2020-09-18,-0.0018408689913727103,0.0,0.15048292128261864,0.2666545316498755,0.20000000000000012,0.0,0.3828625470675058
2020-09-21,-0.0015946070966052217,0.0,0.15048292128261864,0.2666545316498755,0.20000000000000012,0.0,0.3828625470675058
2020-09-22,0.0017148006385036176,0.0,0.15048292128261864,0.2666545316498755,0.20000000000000012,0.0,0.3828625470675058
2020-09-23,-0.005341898295047684,0.0,0.15048292128261864,0.2666545316498755,0.20000000000000012,0.0,0.3828625470675058
2020-09-24,0.0015658955442503435,0.0,0.15048292128261864,0.2666545316498755,0.20000000000000012,0.0,0.3828625470675058
2020-09-25,0.002914622779719156,0.0,0.15048292128261864,0.2666545316498755,0.20000000000000012,0.0,0.3828625470675058
2020-09-28,0.0025538060311007514,0.0,0.15048292128261864,0.2666545316498755,0.20000000000000012,0.0,0.3828625470675058
2020-09-29,-0.0006292342899390751,0.0,0.15048292128261864,0.2666545316498755,0.20000000000000012,0.0,0.3828625470675058
2020-09-30,-0.0026159875100607356,0.0,0.15048292128261864,0.2666545316498755,0.20000000000000012,0.0,0.3828625470675058
2020-10-01,0.002586098388462307,0.0,0.15048292128261864,0.2666545316498755,0.20000000000000012,0.0,0.3828625470675058
2020-10-02,-0.0016960392280931354,0.0,0.15048292128261864,0.2666545316498755,0.20000000000000012,0.0,0.3828625470675058
2020-10-05,-0.0032269844612654347,0.0,0.15048292128261864,0.2666545316498755,0.20000000000000012,0.0,0.3828625470675058
2020-10-06,-0.001993420404427374,0.0,0.15048292128261864,0.2666545316498755,0.20000000000000012,0.0,0.3828625470675058
2020-10-07,0.00013110970324831496,0.0,0.15048292128261864,0.2666545316498755,0.20000000000000012,0.0,0.3828625470675058
2020-10-08,0.003333279103511451,0.0,0.15048292128261864,0.2666545316498755,0.20000000000000012,0.0,0.3828625470675058
2020-10-09,0.002655168392787184,0.0,0.15048292128261864,0.2666545316498755,0.20000000000000012,0.0,0.3828625470675058
2020-10-12,0.0022391529493750216,0.0,0.15048292128261864,0.2666545316498755,0.20000000000000012,0.0,0.3828625470675058
2020-10-13,6.879068447356029e-05,0.0,0.15048292128261864,0.2666545316498755,0.20000000000000012,0.0,0.3828625470675058
2020-10-14,-0.0006260938620281627,0.0,0.15048292128261864,0.2666545316498755,0.20000000000000012,0.0,0.3828625470675058
2020-10-15,0.0019059130971786973,0.0,0.15048292128261864,0.2666545316498755,0.20000000000000012,0.0,0.3828625470675058
2020-10-16,-0.0019788831143691668,0.0,0.15048292128261864,0.2666545316498755,0.20000000000000012,0.0,0.3828625470675058
2020-10-19,-0.004405902221167105,0.0,0.15048292128261864,0.2666545316498755,0.20000000000000012,0.0,0.3828625470675058
2020-10-20,-0.0021856758703711035,0.0,0.15048292128261864,0.2666545316498755,0.20000000000000012,0.0,0.3828625470675058
2020-10-21,-0.001680011729161392,0.0,0.15048292128261864,0.2666545316498755,0.20000000000000012,0.0,0.3828625470675058
2020-10-22,-0.002375687805809905,0.0,0.15048292128261864,0.2666545316498755,0.20000000000000012,0.0,0.3828625470675058
2020-10-23,0.0010131827034478382,0.0,0.15048292128261864,0.2666545316498755,0.20000000000000012,0.0,0.3828625470675058
2020-10-26,0.0009750488356639678,0.0,0.15048292128261864,0.2666545316498755,0.20000000000000012,0.0,0.3828625470675058
2020-10-27,0.0010350574750238833,0.0,0.15048292128261864,0.2666545316498755,0.20000000000000012,0.0,0.3828625470675058
2020-10-28,-0.005620903420740822,0.001465682214900732,0.1490172390677179,0.2666545316498755,0.20000000000000012,0.0,0.3843282292824065
2020-10-29,-0.0003802539326198815,0.0,0.1490172390677179,0.2666545316498755,0.20000000000000012,0.0,0.3843282292824065
2020-10-30,-0.002816970973531756,0.0,0.1490172390677179,0.2666545316498755,0.20000000000000012,0.0,0.3843282292824065
2020-11-02,0.0060631275880009905,0.0,0.1490172390677179,0.2666545316498755,0.20000000000000012,0.0,0.3843282292824065
2020-11-03,0.00010101687801450984,0.0,0.1490172390677179,0.2666545316498755,0.20000000000000012,0.0,0.3843282292824065
2020-11-04,0.008394430685527322,0.0,0.1490172390677179,0.2666545316498755,0.20000000000000012,0.0,0.3843282292824065
2020-11-05,0.004308969754082325,0.0,0.1490172390677179,0.2666545316498755,0.20000000000000012,0.0,0.3843282292824065
2020-11-06,-0.004356704653608467,0.0,0.1490172390677179,0.2666545316498755,0.20000000000000012,0.0,0.3843282292824065
2020-11-09,-0.010114887962994132,0.0,0.1490172390677179,0.2666545316498755,0.20000000000000012,0.0,0.3843282292824065
2020-11-10,-0.0010938679881547907,0.0,0.1490172390677179,0.2666545316498755,0.20000000000000012,0.0,0.3843282292824065
2020-11-11,0.0016643635261892992,0.0,0.1490172390677179,0.2666545316498755,0.20000000000000012,0.0,0.3843282292824065
2020-11-12,0.004304459725050062,0.0,0.1490172390677179,0.2666545316498755,0.20000000000000012,0.0,0.3843282292824065
2020-11-13,0.002307299656730926,0.0,0.1490172390677179,0.2666545316498755,0.20000000000000012,0.0,0.3843282292824065
2020-11-16,0.00028671668178325963,0.0,0.1490172390677179,0.2666545316498755,0.20000000000000012,0.0,0.3843282292824065
2020-11-17,-0.0004102658417040241,0.0,0.1490172390677179,0.2666545316498755,0.20000000000000012,0.0,0.3843282292824065
2020-11-18,-0.0020111816245918348,0.0,0.1490172390677179,0.2666545316498755,0.20000000000000012,0.0,0.3843282292824065
2020-11-19,0.0010075478813274732,0.0,0.1490172390677179,0.2666545316498755,0.20000000000000012,0.0,0.3843282292824065
2020-11-20,0.0024132050138728984,0.0,0.1490172390677179,0.2666545316498755,0.20000000000000012,0.0,0.3843282292824065
2020-11-23,-0.0036507071895369664,0.0,0.1490172390677179,0.2666545316498755,0.20000000000000012,0.0,0.3843282292824065
2020-11-24,-0.005165058360274434,0.0,0.1490172390677179,0.2666545316498755,0.20000000000000012,0.0,0.3843282292824065
2020-11-25,-0.0017637776095015033,0.0,0.1490172390677179,0.2666545316498755,0.20000000000000012,0.0,0.3843282292824065
2020-11-27,0.00019903657577093146,0.0,0.1490172390677179,0.2666545316498755,0.20000000000000012,0.0,0.3843282292824065
2020-11-30,-0.001396262856290563,0.0,0.1490172390677179,0.2666545316498755,0.20000000000000012,0.0,0.3843282292824065
2020-12-01,-0.0014964275979937654,0.0,0.1490172390677179,0.2666545316498755,0.20000000000000012,0.0,0.3843282292824065
2020-12-02,-0.0007672703545004882,0.0,0.1490172390677179,0.2666545316498755,0.20000000000000012,0.0,0.3843282292824065
2020-12-03,0.0016509737410845082,0.0,0.1490172390677179,0.2666545316498755,0.20000000000000012,0.0,0.3843282292824065
2020-12-04,-0.002721929837747282,0.0,0.1490172390677179,0.2666545316498755,0.20000000000000012,0.0,0.3843282292824065
2020-12-07,0.005710287286743105,0.0,0.1490172390677179,0.2666545316498755,0.20000000000000012,0.0,0.3843282292824065
2020-12-08,0.0028640354116338447,0.0,0.1490172390677179,0.2666545316498755,0.20000000000000012,0.0,0.3843282292824065
2020-12-09,-0.005479889888425598,0.0,0.1490172390677179,0.2666545316498755,0.20000000000000012,0.0,0.3843282292824065
2020-12-10,0.000836329831938936,0.0,0.1490172390677179,0.2666545316498755,0.20000000000000012,0.0,0.3843282292824065
2020-12-11,0.002082825626327229,0.0,0.1490172390677179,0.2666545316498755,0.20000000000000012,0.0,0.3843282292824065
2020-12-14,-0.0036038816470895,0.0,0.1490172390677179,0.2666545316498755,0.20000000000000012,0.0,0.3843282292824065
2020-12-15,0.0026636480917022853,0.0,0.1490172390677179,0.2666545316498755,0.20000000000000012,0.0,0.3843282292824065
2020-12-16,0.0001551091250219525,0.0,0.1490172390677179,0.2666545316498755,0.20000000000000012,0.0,0.3843282292824065
2020-12-17,0.00018070455774445897,0.0,0.1490172390677179,0.2666545316498755,0.20000000000000012,0.0,0.3843282292824065
2020-12-18,-0.0012578680649870905,0.0,0.1490172390677179,0.2666545316498755,0.20000000000000012,0.0,0.3843282292824065
2020-12-21,0.0006821296861821773,0.0,0.1490172390677179,0.2666545316498755,0.20000000000000012,0.0,0.3843282292824065
2020-12-22,0.0015995908991304547,0.0,0.1490172390677179,0.2666545316498755,0.20000000000000012,0.0,0.3843282292824065
2020-12-23,-0.0021085908830381886,0.0,0.1490172390677179,0.2666545316498755,0.20000000000000012,0.0,0.3843282292824065
2020-12-24,0.00274775422274975,0.0,0.1490172390677179,0.2666545316498755,0.20000000000000012,0.0,0.3843282292824065
2020-12-28,0.0006731029713466668,0.0,0.1490172390677179,0.2666545316498755,0.20000000000000012,0.0,0.3843282292824065
2020-12-29,-0.001157321806643268,0.0,0.1490172390677179,0.2666545316498755,0.20000000000000012,0.0,0.3843282292824065
2020-12-30,0.0007370104741571148,0.0,0.1490172390677179,0.2666545316498755,0.20000000000000012,0.0,0.3843282292824065
2020-12-31,0.0030023748981737497,0.0,0.1490172390677179,0.2666545316498755,0.20000000000000012,0.0,0.3843282292824065
2021-01-04,0.0024188875135192993,0.0,0.1490172390677179,0.2666545316498755,0.20000000000000012,0.0,0.3843282292824065
2021-01-05,-0.0025795815292457844,0.0,0.1490172390677179,0.2666545316498755,0.20000000000000012,0.0,0.3843282292824065
2021-01-06,-0.008309285202327387,0.0,0.1490172390677179,0.2666545316498755,0.20000000000000012,0.0,0.3843282292824065
2021-01-07,0.0016301788407103214,0.0,0.1490172390677179,0.2666545316498755,0.20000000000000012,0.0,0.3843282292824065
2021-01-08,-0.0062189691351685564,0.0,0.1490172390677179,0.2666545316498755,0.20000000000000012,0.0,0.3843282292824065
2021-01-11,0.0005378777006163058,0.0,0.1490172390677179,0.2666545316498755,0.20000000000000012,0.0,0.3843282292824065
2021-01-12,-0.0009314992349754594,0.0,0.1490172390677179,0.2666545316498755,0.20000000000000012,0.0,0.3843282292824065
2021-01-13,0.003808681128481535,0.0,0.1490172390677179,0.2666545316498755,0.20000000000000012,0.0,0.3843282292824065
2021-01-14,-0.0039121674666919015,0.0,0.1490172390677179,0.2666545316498755,0.20000000000000012,0.0,0.3843282292824065
2021-01-15,1.8297342636394102e-05,0.0,0.1490172390677179,0.2666545316498755,0.20000000000000012,0.0,0.3843282292824065
2021-01-19,0.0026262166564022887,0.0,0.1490172390677179,0.2666545316498755,0.20000000000000012,0.0,0.3843282292824065
2021-01-20,0.0054238062954265155,0.0,0.1490172390677179,0.2666545316498755,0.20000000000000012,0.0,0.3843282292824065
2021-01-21,-0.003593515261962139,0.0,0.1490172390677179,0.2666545316498755,0.20000000000000012,0.0,0.3843282292824065
2021-01-22,-0.00044795737245450443,0.0,0.1490172390677179,0.2666545316498755,0.20000000000000012,0.0,0.3843282292824065
2021-01-25,0.0043765409173497334,0.0,0.1490172390677179,0.2666545316498755,0.20000000000000012,0.0,0.3843282292824065
2021-01-26,-0.002333747764854604,0.0,0.1490172390677179,0.2666545316498755,0.20000000000000012,0.0,0.3843282292824065
2021-01-27,-0.0018588312290511123,0.0,0.1490172390677179,0.2666545316498755,0.20000000000000012,0.0,0.3843282292824065
2021-01-28,-0.000950025523752769,0.0,0.1490172390677179,0.2666545316498755,0.20000000000000012,0.0,0.3843282292824065
2021-01-29,-0.004195800248134193,0.0,0.1490172390677179,0.2666545316498755,0.20000000000000012,0.0,0.3843282292824065
2021-02-01,0.006555243576228865,0.0,0.1490172390677179,0.2666545316498755,0.20000000000000012,0.0,0.3843282292824065
2021-02-02,-0.0015759129054695878,0.0,0.1490172390677179,0.2666545316498755,0.20000000000000012,0.0,0.3843282292824065
2021-02-03,-0.002707467464247999,0.0,0.1490172390677179,0.2666545316498755,0.20000000000000012,0.0,0.3843282292824065
2021-02-04,-0.001603576437887716,0.0,0.1490172390677179,0.2666545316498755,0.20000000000000012,0.0,0.3843282292824065
2021-02-05,-0.001853004004739736,0.0,0.1490172390677179,0.2666545316498755,0.20000000000000012,0.0,0.3843282292824065
2021-02-08,0.004104558181964726,0.0,0.1490172390677179,0.2666545316498755,0.20000000000000012,0.0,0.3843282292824065
2021-02-09,-0.0012865456347194593,0.0,0.1490172390677179,0.2666545316498755,0.20000000000000012,0.0,0.3843282292824065
2021-02-10,0.0022839354179312885,0.0,0.1490172390677179,0.2666545316498755,0.20000000000000012,0.0,0.3843282292824065
2021-02-11,-0.0031138218480476973,0.0,0.1490172390677179,0.2666545316498755,0.20000000000000012,0.0,0.3843282292824065
2021-02-12,-0.0028676430752899583,0.0,0.1490172390677179,0.2666545316498755,0.20000000000000012,0.0,0.3843282292824065
2021-02-16,-0.0070600841998992355,0.0,0.1490172390677179,0.2666545316498755,0.20000000000000012,0.0,0.3843282292824065
2021-02-17,0.0010328154381945456,0.0,0.1490172390677179,0.2666545316498755,0.20000000000000012,0.0,0.3843282292824065
2021-02-18,-0.0029809267509872408,0.0,0.1490172390677179,0.2666545316498755,0.20000000000000012,0.0,0.3843282292824065
2021-02-19,-0.003922535795819725,0.0,0.1490172390677179,0.2666545316498755,0.20000000000000012,0.0,0.3843282292824065
2021-02-22,-0.0012857293975300985,0.0,0.1490172390677179,0.2666545316498755,0.20000000000000012,0.0,0.3843282292824065
2021-02-23,-0.0007315779397300924,0.0,0.1490172390677179,0.2666545316498755,0.20000000000000012,0.0,0.3843282292824065
2021-02-24,-0.000881761551211639,0.0,0.1490172390677179,0.2666545316498755,0.20000000000000012,0.0,0.3843282292824065
2021-02-25,-0.010441214255392746,0.0,0.1490172390677179,0.2666545316498755,0.20000000000000012,0.0,0.3843282292824065
2021-02-26,0.006052996027938401,0.0,0.1490172390677179,0.2666545316498755,0.20000000000000012,0.0,0.3843282292824065
2021-03-01,5.783855050641145e-05,0.0,0.1490172390677179,0.2666545316498755,0.20000000000000012,0.0,0.3843282292824065
2021-03-02,-0.0014638259316230528,0.0,0.1490172390677179,0.2666545316498755,0.20000000000000012,0.0,0.3843282292824065
2021-03-03,-0.005969974427164463,0.0,0.1490172390677179,0.2666545316498755,0.20000000000000012,0.0,0.3843282292824065
2021-03-04,-0.0030232304975011124,0.0,0.1490172390677179,0.2666545316498755,0.20000000000000012,0.0,0.3843282292824065
2021-03-05,0.004787929581825218,0.0,0.1490172390677179,0.2666545316498755,0.20000000000000012,0.0,0.3843282292824065
2021-03-08,-0.0027166466004876913,0.0,0.1490172390677179,0.2666545316498755,0.20000000000000012,0.0,0.3843282292824065
2021-03-09,0.007917028981895011,0.0,0.1490172390677179,0.2666545316498755,0.20000000000000012,0.0,0.3843282292824065
2021-03-10,0.0018608882599423738,0.0,0.1490172390677179,0.2666545316498755,0.20000000000000012,0.0,0.3843282292824065
2021-03-11,-0.0024506280852343554,0.0,0.1490172390677179,0.2666545316498755,0.20000000000000012,0.0,0.3843282292824065
2021-03-12,-0.004245900696924592,0.0,0.1490172390677179,0.2666545316498755,0.20000000000000012,0.0,0.3843282292824065
2021-03-15,0.004114143044351681,0.0,0.1490172390677179,0.2666545316498755,0.20000000000000012,0.0,0.3843282292824065
2021-03-16,-0.0010745806039881727,0.0,0.1490172390677179,0.2666545316498755,0.20000000000000012,0.0,0.3843282292824065
2021-03-17,-0.0019224419654913219,0.0,0.1490172390677179,0.2666545316498755,0.20000000000000012,0.0,0.3843282292824065
2021-03-18,-0.0036887631846442993,0.0,0.1490172390677179,0.2666545316498755,0.20000000000000012,0.0,0.3843282292824065
2021-03-19,0.002368692438715108,0.0,0.1490172390677179,0.2666545316498755,0.20000000000000012,0.0,0.3843282292824065
2021-03-22,0.003108436252603393,0.0,0.1490172390677179,0.2666545316498755,0.20000000000000012,0.0,0.3843282292824065
2021-03-23,0.0021051688532786,0.0,0.1490172390677179,0.2666545316498755,0.20000000000000012,0.0,0.3843282292824065
2021-03-24,0.002296610956016847,0.0,0.1490172390677179,0.2666545316498755,0.20000000000000012,0.0,0.3843282292824065
2021-03-25,-0.0009122855394225699,0.0,0.1490172390677179,0.2666545316498755,0.20000000000000012,0.0,0.3843282292824065
2021-03-26,0.0015758480662065623,0.0,0.1490172390677179,0.2666545316498755,0.20000000000000012,0.0,0.3843282292824065
2021-03-29,-0.003794974084009202,0.0,0.1490172390677179,0.2666545316498755,0.20000000000000012,0.0,0.3843282292824065
2021-03-30,-0.0008815826234423868,0.0,0.1490172390677179,0.2666545316498755,0.20000000000000012,0.0,0.3843282292824065
2021-03-31,0.001844076273053233,0.0,0.1490172390677179,0.2666545316498755,0.20000000000000012,0.0,0.3843282292824065
2021-04-01,0.006877526165404103,0.0,0.1490172390677179,0.2666545316498755,0.20000000000000012,0.0,0.3843282292824065
2021-04-05,-0.00032813281945368554,0.0,0.1490172390677179,0.2666545316498755,0.20000000000000012,0.0,0.3843282292824065
2021-04-06,0.0024041435526204144,0.0,0.1490172390677179,0.2666545316498755,0.20000000000000012,0.0,0.3843282292824065
2021-04-07,-0.001784794130456364,0.0,0.1490172390677179,0.2666545316498755,0.20000000000000012,0.0,0.3843282292824065
2021-04-08,0.0033613243542322284,0.0,0.1490172390677179,0.2666545316498755,0.20000000000000012,0.0,0.3843282292824065
2021-04-09,-0.0010801885941676167,0.0,0.1490172390677179,0.2666545316498755,0.20000000000000012,0.0,0.3843282292824065
2021-04-12,-0.001429541167259143,0.0,0.1490172390677179,0.2666545316498755,0.20000000000000012,0.0,0.3843282292824065
2021-04-13,0.0024624135628885232,0.0,0.1490172390677179,0.2666545316498755,0.20000000000000012,0.0,0.3843282292824065
2021-04-14,-0.0026915778201956455,0.0,0.1490172390677179,0.2666545316498755,0.20000000000000012,0.0,0.3843282292824065
2021-04-15,0.009295658902197234,0.0,0.1490172390677179,0.2666545316498755,0.20000000000000012,0.0,0.3843282292824065
2021-04-16,-0.0008306217095549971,0.0,0.1490172390677179,0.2666545316498755,0.20000000000000012,0.0,0.3843282292824065
2021-04-19,-0.004233896276261407,0.0,0.1490172390677179,0.2666545316498755,0.20000000000000012,0.0,0.3843282292824065
2021-04-20,0.0014765017009315462,0.0,0.1490172390677179,0.2666545316498755,0.20000000000000012,0.0,0.3843282292824065
2021-04-21,0.003457817304261494,0.0,0.1490172390677179,0.2666545316498755,0.20000000000000012,0.0,0.3843282292824065
2021-04-22,-0.0003967288155565787,0.0,0.1490172390677179,0.2666545316498755,0.20000000000000012,0.0,0.3843282292824065
2021-04-23,-0.001965571719313455,0.0,0.1490172390677179,0.2666545316498755,0.20000000000000012,0.0,0.3843282292824065
2021-04-26,0.00045929409804865433,0.0,0.1490172390677179,0.2666545316498755,0.20000000000000012,0.0,0.3843282292824065
2021-04-27,-0.002704404039882376,0.0,0.1490172390677179,0.2666545316498755,0.20000000000000012,0.0,0.3843282292824065
2021-04-28,-0.0006949994466224664,0.0,0.1490172390677179,0.2666545316498755,0.20000000000000012,0.0,0.3843282292824065
2021-04-29,-0.0005075792769926179,0.0,0.1490172390677179,0.2666545316498755,0.20000000000000012,0.0,0.3843282292824065
2021-04-30,0.0021169207771143997,0.0,0.1490172390677179,0.2666545316498755,0.20000000000000012,0.0,0.3843282292824065
2021-05-03,0.0013570212215990392,0.0,0.1490172390677179,0.2666545316498755,0.20000000000000012,0.0,0.3843282292824065
2021-05-04,0.0011518123897257784,0.0,0.1490172390677179,0.2666545316498755,0.20000000000000012,0.0,0.3843282292824065
2021-05-05,0.001158350429430557,0.0,0.1490172390677179,0.2666545316498755,0.20000000000000012,0.0,0.3843282292824065
2021-05-06,0.003088048187579965,0.0,0.1490172390677179,0.2666545316498755,0.20000000000000012,0.0,0.3843282292824065
2021-05-07,-0.001260577383401928,0.0,0.1490172390677179,0.2666545316498755,0.20000000000000012,0.0,0.3843282292824065
2021-05-10,-0.003569922565120181,0.0,0.1490172390677179,0.2666545316498755,0.20000000000000012,0.0,0.3843282292824065
2021-05-11,-0.0031208835876291577,0.0,0.1490172390677179,0.2666545316498755,0.20000000000000012,0.0,0.3843282292824065
2021-05-12,-0.0051019652438182034,0.0,0.1490172390677179,0.2666545316498755,0.20000000000000012,0.0,0.3843282292824065
2021-05-13,0.002395264753801062,0.0,0.1490172390677179,0.2666545316498755,0.20000000000000012,0.0,0.3843282292824065
2021-05-14,0.0050291820872694695,0.0,0.1490172390677179,0.2666545316498755,0.20000000000000012,0.0,0.3843282292824065
2021-05-17,0.000909833970969997,0.0,0.1490172390677179,0.2666545316498755,0.20000000000000012,0.0,0.3843282292824065
2021-05-18,-0.0033196027158360823,0.0,0.1490172390677179,0.2666545316498755,0.20000000000000012,0.0,0.3843282292824065
2021-05-19,0.0008521393669476698,0.0,0.1490172390677179,0.2666545316498755,0.20000000000000012,0.0,0.3843282292824065
2021-05-20,0.0028097338802623396,0.0,0.1490172390677179,0.2666545316498755,0.20000000000000012,0.0,0.3843282292824065
2021-05-21,0.002097592558649805,0.0,0.1490172390677179,0.2666545316498755,0.20000000000000012,0.0,0.3843282292824065
2021-05-24,0.0019070264714217537,0.0,0.1490172390677179,0.2666545316498755,0.20000000000000012,0.0,0.3843282292824065
2021-05-25,0.0034767608417496537,0.0,0.1490172390677179,0.2666545316498755,0.20000000000000012,0.0,0.3843282292824065
2021-05-26,0.0009219533280486572,0.0,0.1490172390677179,0.2666545316498755,0.20000000000000012,0.0,0.3843282292824065
2021-05-27,-0.00123286050229984,0.0,0.1490172390677179,0.2666545316498755,0.20000000000000012,0.0,0.3843282292824065
2021-05-28,0.0009150492842359863,0.0,0.1490172390677179,0.2666545316498755,0.20000000000000012,0.0,0.3843282292824065
2021-06-01,-0.0013640561968851894,0.0,0.1490172390677179,0.2666545316498755,0.20000000000000012,0.0,0.3843282292824065
2021-06-02,0.001829940332627836,0.0,0.1490172390677179,0.2666545316498755,0.20000000000000012,0.0,0.3843282292824065
2021-06-03,-0.0030854802251547783,0.0,0.1490172390677179,0.2666545316498755,0.20000000000000012,0.0,0.3843282292824065
2021-06-04,0.0057495019307318325,0.0,0.1490172390677179,0.2666545316498755,0.20000000000000012,0.0,0.3843282292824065
2021-06-07,-0.0007968928647622005,0.0,0.1490172390677179,0.2666545316498755,0.20000000000000012,0.0,0.3843282292824065
2021-06-08,0.0017635584364565347,0.0,0.1490172390677179,0.2666545316498755,0.20000000000000012,0.0,0.3843282292824065
2021-06-09,0.0020656391896172357,0.0,0.1490172390677179,0.2666545316498755,0.20000000000000012,0.0,0.3843282292824065
2021-06-10,0.0028340536331099408,0.0,0.1490172390677179,0.2666545316498755,0.20000000000000012,0.0,0.3843282292824065
2021-06-11,-0.0005308415950052449,0.0,0.1490172390677179,0.2666545316498755,0.20000000000000012,0.0,0.3843282292824065
2021-06-14,-0.0031966717858465735,0.0,0.1490172390677179,0.2666545316498755,0.20000000000000012,0.0,0.3843282292824065
2021-06-15,-0.0010337490257169599,0.0,0.1490172390677179,0.2666545316498755,0.20000000000000012,0.0,0.3843282292824065
2021-06-16,-0.001280636734129864,0.0,0.1490172390677179,0.2666545316498755,0.20000000000000012,0.0,0.3843282292824065
2021-06-17,0.0007692466310940584,0.0,0.1490172390677179,0.2666545316498755,0.20000000000000012,0.0,0.3843282292824065
2021-06-18,0.003137755555913752,0.0,0.1490172390677179,0.2666545316498755,0.20000000000000012,0.0,0.3843282292824065
2021-06-21,-0.0017400186260971952,0.0,0.1490172390677179,0.2666545316498755,0.20000000000000012,0.0,0.3843282292824065
2021-06-22,-1.2884660564450362e-05,0.0,0.1490172390677179,0.2666545316498755,0.20000000000000012,0.0,0.3843282292824065
2021-06-23,-0.0003755366331477973,0.0,0.1490172390677179,0.2666545316498755,0.20000000000000012,0.0,0.3843282292824065
2021-06-24,0.0008780826701603804,0.0,0.1490172390677179,0.2666545316498755,0.20000000000000012,0.0,0.3843282292824065
2021-06-25,-0.001421254327157099,0.0,0.1490172390677179,0.2666545316498755,0.20000000000000012,0.0,0.3843282292824065
2021-06-28,0.00318572766652992,0.0,0.1490172390677179,0.2666545316498755,0.20000000000000012,0.0,0.3843282292824065
2021-06-29,-0.00064130337993942,0.0,0.1490172390677179,0.2666545316498755,0.20000000000000012,0.0,0.3843282292824065
2021-06-30,0.003370085198962233,0.0,0.1490172390677179,0.2666545316498755,0.20000000000000012,0.0,0.3843282292824065
2021-07-01,0.0026117947032851816,0.0,0.1490172390677179,0.2666545316498755,0.20000000000000012,0.0,0.3843282292824065
2021-07-02,0.0025162149627872797,0.0,0.1490172390677179,0.2666545316498755,0.20000000000000012,0.0,0.3843282292824065
2021-07-06,0.005240897513455222,0.0,0.1490172390677179,0.2666545316498755,0.20000000000000012,0.0,0.3843282292824065
2021-07-07,0.004268011617027745,0.0,0.1490172390677179,0.2666545316498755,0.20000000000000012,0.0,0.3843282292824065
2021-07-08,-0.0018414272641275313,0.0,0.1490172390677179,0.2666545316498755,0.20000000000000012,0.0,0.3843282292824065
2021-07-09,-0.0024238076021533134,0.0,0.1490172390677179,0.2666545316498755,0.20000000000000012,0.0,0.3843282292824065
2021-07-12,0.0004055053926350706,0.0,0.1490172390677179,0.2666545316498755,0.20000000000000012,0.0,0.3843282292824065
2021-07-13,3.600426896851165e-05,0.0,0.1490172390677179,0.2666545316498755,0.20000000000000012,0.0,0.3843282292824065
2021-07-14,0.0035545925322117366,0.0,0.1490172390677179,0.2666545316498755,0.20000000000000012,0.0,0.3843282292824065
2021-07-15,0.003551165081611115,0.0,0.1490172390677179,0.2666545316498755,0.20000000000000012,0.0,0.3843282292824065
2021-07-16,-0.003149676093986084,0.0,0.1490172390677179,0.2666545316498755,0.20000000000000012,0.0,0.3843282292824065
2021-07-19,0.004499454624429585,0.0,0.1490172390677179,0.2666545316498755,0.20000000000000012,0.0,0.3843282292824065
2021-07-20,-0.0002326641186344209,0.0,0.1490172390677179,0.2666545316498755,0.20000000000000012,0.0,0.3843282292824065
2021-07-21,-0.003837349623033833,0.0,0.1490172390677179,0.2666545316498755,0.20000000000000012,0.0,0.3843282292824065
2021-07-22,0.003686136735004155,0.0,0.1490172390677179,0.2666545316498755,0.20000000000000012,0.0,0.3843282292824065
2021-07-23,-0.0007235264619567109,0.0,0.1490172390677179,0.2666545316498755,0.20000000000000012,0.0,0.3843282292824065
2021-07-26,-0.0021295689507702755,0.0,0.1490172390677179,0.2666545316498755,0.20000000000000012,0.0,0.3843282292824065
2021-07-27,0.001881851576573537,0.0,0.1490172390677179,0.2666545316498755,0.20000000000000012,0.0,0.3843282292824065
2021-07-28,-0.00011603785783379547,0.0,0.1490172390677179,0.2666545316498755,0.20000000000000012,0.0,0.3843282292824065
2021-07-29,-3.5244742682379385e-05,0.0,0.1490172390677179,0.2666545316498755,0.20000000000000012,0.0,0.3843282292824065
2021-07-30,4.238463210468925e-05,0.0,0.1490172390677179,0.2666545316498755,0.20000000000000012,0.0,0.3843282292824065
2021-08-02,0.001352934582653198,0.0,0.1490172390677179,0.2666545316498755,0.20000000000000012,0.0,0.3843282292824065
2021-08-03,0.0013678169019794872,0.0,0.1490172390677179,0.2666545316498755,0.20000000000000012,0.0,0.3843282292824065
2021-08-04,0.0004836046316544062,0.0,0.1490172390677179,0.2666545316498755,0.20000000000000012,0.0,0.3843282292824065
2021-08-05,-0.001205851617713765,0.0,0.1490172390677179,0.2666545316498755,0.20000000000000012,0.0,0.3843282292824065
2021-08-06,-0.0070349604738455754,0.0,0.1490172390677179,0.2666545316498755,0.20000000000000012,0.0,0.3843282292824065
2021-08-09,-0.0038539552390339086,0.0,0.1490172390677179,0.2666545316498755,0.20000000000000012,0.0,0.3843282292824065
2021-08-10,-0.0006764789270307704,0.0,0.1490172390677179,0.2666545316498755,0.20000000000000012,0.0,0.3843282292824065
2021-08-11,0.002194873536027698,0.0,0.1490172390677179,0.2666545316498755,0.20000000000000012,0.0,0.3843282292824065
2021-08-12,0.000520584251079159,0.0,0.1490172390677179,0.2666545316498755,0.20000000000000012,0.0,0.3843282292824065
2021-08-13,0.005502256792963299,0.0,0.1490172390677179,0.2666545316498755,0.20000000000000012,0.0,0.3843282292824065
2021-08-16,0.0023039966269399123,0.0,0.1490172390677179,0.2666545316498755,0.20000000000000012,0.0,0.3843282292824065
2021-08-17,0.0009337222311809916,0.0,0.1490172390677179,0.2666545316498755,0.20000000000000012,0.0,0.3843282292824065
2021-08-18,-0.0005794750392248687,0.0,0.1490172390677179,0.2666545316498755,0.20000000000000012,0.0,0.3843282292824065
2021-08-19,0.0034506416327495914,0.0,0.1490172390677179,0.2666545316498755,0.20000000000000012,0.0,0.3843282292824065
2021-08-20,0.0010126872547418695,0.0,0.1490172390677179,0.2666545316498755,0.20000000000000012,0.0,0.3843282292824065
2021-08-23,0.0012741912759775135,0.0,0.1490172390677179,0.2666545316498755,0.20000000000000012,0.0,0.3843282292824065
2021-08-24,-0.0022397645042065164,0.0,0.1490172390677179,0.2666545316498755,0.20000000000000012,0.0,0.3843282292824065
2021-08-25,-0.0035978665931259233,0.0,0.1490172390677179,0.2666545316498755,0.20000000000000012,0.0,0.3843282292824065
2021-08-26,0.0011649281053196475,0.0,0.1490172390677179,0.2666545316498755,0.20000000000000012,0.0,0.3843282292824065
2021-08-27,0.00446126850009971,0.0,0.1490172390677179,0.2666545316498755,0.20000000000000012,0.0,0.3843282292824065
2021-08-30,0.0003640612310630351,0.0,0.1490172390677179,0.2666545316498755,0.20000000000000012,0.0,0.3843282292824065
2021-08-31,-0.0016342983365501451,0.0,0.1490172390677179,0.2666545316498755,0.20000000000000012,0.0,0.3843282292824065
2021-09-01,-0.0002343798611845067,0.0,0.1490172390677179,0.2666545316498755,0.20000000000000012,0.0,0.3843282292824065
2021-09-02,0.0001640377532010296,0.0,0.1490172390677179,0.2666545316498755,0.20000000000000012,0.0,0.3843282292824065
2021-09-03,-0.0010980192255298292,0.0,0.1490172390677179,0.2666545316498755,0.20000000000000012,0.0,0.3843282292824065
2021-09-07,-0.004834102176062305,0.0,0.1490172390677179,0.2666545316498755,0.20000000000000012,0.0,0.3843282292824065
2021-09-08,0.0017510376604454947,0.0,0.1490172390677179,0.2666545316498755,0.20000000000000012,0.0,0.3843282292824065
2021-09-09,0.0025469410432054267,0.0,0.1490172390677179,0.2666545316498755,0.20000000000000012,0.0,0.3843282292824065
2021-09-10,-0.003918324430186996,0.0,0.1490172390677179,0.2666545316498755,0.20000000000000012,0.0,0.3843282292824065
2021-09-13,0.0026686230943098197,0.0,0.1490172390677179,0.2666545316498755,0.20000000000000012,0.0,0.3843282292824065
2021-09-14,0.003716175783741039,0.0,0.1490172390677179,0.2666545316498755,0.20000000000000012,0.0,0.3843282292824065
2021-09-15,-0.0016361948227496838,0.0,0.1490172390677179,0.2666545316498755,0.20000000000000012,0.0,0.3843282292824065
2021-09-16,-0.004283170256239738,0.0,0.1490172390677179,0.2666545316498755,0.20000000000000012,0.0,0.3843282292824065
2021-09-17,-0.0016619448261743996,0.0,0.1490172390677179,0.2666545316498755,0.20000000000000012,0.0,0.3843282292824065
2021-09-20,0.002404761030406603,0.0,0.1490172390677179,0.2666545316498755,0.20000000000000012,0.0,0.3843282292824065
2021-09-21,0.0006562253057115413,0.0,0.1490172390677179,0.2666545316498755,0.20000000000000012,0.0,0.3843282292824065
2021-09-22,0.0033730898335237436,0.0,0.1490172390677179,0.2666545316498755,0.20000000000000012,0.0,0.3843282292824065
2021-09-23,-0.008056700844172607,0.0,0.1490172390677179,0.2666545316498755,0.20000000000000012,0.0,0.3843282292824065
2021-09-24,-0.001540455611748594,0.0,0.1490172390677179,0.2666545316498755,0.20000000000000012,0.0,0.3843282292824065
2021-09-27,-0.0005300057951231649,0.0,0.1490172390677179,0.2666545316498755,0.20000000000000012,0.0,0.3843282292824065
2021-09-28,-0.007720598551927582,0.0,0.1490172390677179,0.2666545316498755,0.20000000000000012,0.0,0.3843282292824065
2021-09-29,0.0025609923167631233,0.0,0.1490172390677179,0.2666545316498755,0.20000000000000012,0.0,0.3843282292824065
2021-09-30,0.0011306560616102094,0.0,0.1490172390677179,0.2666545316498755,0.20000000000000012,0.0,0.3843282292824065
2021-10-01,0.003706228408502069,0.0,0.1490172390677179,0.2666545316498755,0.20000000000000012,0.0,0.3843282292824065
2021-10-04,-0.0028819351982063215,0.0,0.1490172390677179,0.2666545316498755,0.20000000000000012,0.0,0.3843282292824065
2021-10-05,-0.0011926058209980085,0.0,0.1490172390677179,0.2666545316498755,0.20000000000000012,0.0,0.3843282292824065
2021-10-06,0.003724526085741993,0.0,0.1490172390677179,0.2666545316498755,0.20000000000000012,0.0,0.3843282292824065
2021-10-07,-0.0027064583355147177,0.0,0.1490172390677179,0.2666545316498755,0.20000000000000012,0.0,0.3843282292824065
2021-10-08,-0.0023566841194734138,0.0,0.1490172390677179,0.2666545316498755,0.20000000000000012,0.0,0.3843282292824065
2021-10-11,-0.0010683686344787322,0.0,0.1490172390677179,0.2666545316498755,0.20000000000000012,0.0,0.3843282292824065
2021-10-12,0.005550895683481554,0.0,0.1490172390677179,0.2666545316498755,0.20000000000000012,0.0,0.3843282292824065
2021-10-13,0.0045675498254024675,0.0,0.1490172390677179,0.2666545316498755,0.20000000000000012,0.0,0.3843282292824065
2021-10-14,0.003986793809200635,0.0,0.1490172390677179,0.2666545316498755,0.20000000000000012,0.0,0.3843282292824065
2021-10-15,-0.004054517728221148,0.0,0.1490172390677179,0.2666545316498755,0.20000000000000012,0.0,0.3843282292824065
2021-10-18,0.0013480398225734695,0.0,0.1490172390677179,0.2666545316498755,0.20000000000000012,0.0,0.3843282292824065
2021-10-19,-0.0028007944971018186,0.0,0.1490172390677179,0.2666545316498755,0.20000000000000012,0.0,0.3843282292824065
2021-10-20,-7.315310122149371e-05,0.0,0.1490172390677179,0.2666545316498755,0.20000000000000012,0.0,0.3843282292824065
2021-10-21,0.0008097417305326954,0.0,0.1490172390677179,0.2666545316498755,0.20000000000000012,0.0,0.3843282292824065
2021-10-22,0.0032422025151346793,0.0,0.1490172390677179,0.2666545316498755,0.20000000000000012,0.0,0.3843282292824065
2021-10-25,0.0023868608857637048,0.0,0.1490172390677179,0.2666545316498755,0.20000000000000012,0.0,0.3843282292824065
2021-10-26,0.0016230069462570568,0.0,0.1490172390677179,0.2666545316498755,0.20000000000000012,0.0,0.3843282292824065
2021-10-27,0.0045637390381780725,0.0,0.1490172390677179,0.2666545316498755,0.20000000000000012,0.0,0.3843282292824065
2021-10-28,-0.0017997974736087415,0.0,0.1490172390677179,0.2666545316498755,0.20000000000000012,0.0,0.3843282292824065
2021-10-29,0.0024842436318201974,0.0,0.1490172390677179,0.2666545316498755,0.20000000000000012,0.0,0.3843282292824065
2021-11-01,-0.0018369947641390238,0.0,0.1490172390677179,0.2666545316498755,0.20000000000000012,0.0,0.3843282292824065
2021-11-02,0.0022722911343524407,0.0,0.1490172390677179,0.2666545316498755,0.20000000000000012,0.0,0.3843282292824065
2021-11-03,-0.004422720556939015,0.0,0.1490172390677179,0.2666545316498755,0.20000000000000012,0.0,0.3843282292824065
2021-11-04,0.007757870358849782,0.0,0.1490172390677179,0.2666545316498755,0.20000000000000012,0.0,0.3843282292824065
2021-11-05,0.006814001682374559,0.0,0.1490172390677179,0.2666545316498755,0.20000000000000012,0.0,0.3843282292824065
2021-11-08,-0.0004147567385158027,0.0,0.1490172390677179,0.2666545316498755,0.20000000000000012,0.0,0.3843282292824065
2021-11-09,0.0035075396807667555,0.0,0.1490172390677179,0.2666545316498755,0.20000000000000012,0.0,0.3843282292824065
2021-11-10,0.00021540555818891718,0.0,0.1490172390677179,0.2666545316498755,0.20000000000000012,0.0,0.3843282292824065
2021-11-11,0.0016782212758781959,0.0,0.1490172390677179,0.2666545316498755,0.20000000000000012,0.0,0.3843282292824065
2021-11-12,-0.00011926546807217208,0.0,0.1490172390677179,0.2666545316498755,0.20000000000000012,0.0,0.3843282292824065
2021-11-15,-0.0014967789433260545,0.0,0.1490172390677179,0.2666545316498755,0.20000000000000012,0.0,0.3843282292824065
2021-11-16,-3.626412018269533e-05,0.0,0.1490172390677179,0.2666545316498755,0.20000000000000012,0.0,0.3843282292824065
2021-11-17,0.002832167739379313,0.0,0.1490172390677179,0.2666545316498755,0.20000000000000012,0.0,0.3843282292824065
2021-11-18,-0.00018010582025719462,0.0,0.1490172390677179,0.2666545316498755,0.20000000000000012,0.0,0.3843282292824065
2021-11-19,0.002969599854236872,0.0,0.1490172390677179,0.2666545316498755,0.20000000000000012,0.0,0.3843282292824065
2021-11-22,-0.006090675476075431,0.0,0.1490172390677179,0.2666545316498755,0.20000000000000012,0.0,0.3843282292824065
2021-11-23,-0.005536950183616874,0.0,0.1490172390677179,0.2666545316498755,0.20000000000000012,0.0,0.3843282292824065
2021-11-24,0.005973249678007471,0.0,0.1490172390677179,0.2666545316498755,0.20000000000000012,0.0,0.3843282292824065
2021-11-26,0.00013178884866765208,0.0,0.1490172390677179,0.2666545316498755,0.20000000000000012,0.0,0.3843282292824065
2021-11-29,0.0001544692932349172,0.0,0.1490172390677179,0.2666545316498755,0.20000000000000012,0.0,0.3843282292824065
2021-11-30,-0.001976405485405666,0.0,0.1490172390677179,0.2666545316498755,0.20000000000000012,0.0,0.3843282292824065
2021-12-01,0.0018343226307194044,0.0,0.1490172390677179,0.2666545316498755,0.20000000000000012,0.0,0.3843282292824065
2021-12-02,0.001656657429096212,0.0,0.1490172390677179,0.2666545316498755,0.20000000000000012,0.0,0.3843282292824065
2021-12-03,0.003418531458261897,0.0,0.1490172390677179,0.2666545316498755,0.20000000000000012,0.0,0.3843282292824065
2021-12-06,-0.0017933381440174384,0.0,0.1490172390677179,0.2666545316498755,0.20000000000000012,0.0,0.3843282292824065
2021-12-07,0.0017867598115234888,0.0,0.1490172390677179,0.2666545316498755,0.20000000000000012,0.0,0.3843282292824065
2021-12-08,-0.005892785167973566,0.0,0.1490172390677179,0.2666545316498755,0.20000000000000012,0.0,0.3843282292824065
2021-12-09,0.0006090952050431305,0.0,0.1490172390677179,0.2666545316498755,0.20000000000000012,0.0,0.3843282292824065
2021-12-10,0.001007271316786096,0.0,0.1490172390677179,0.2666545316498755,0.20000000000000012,0.0,0.3843282292824065
2021-12-13,0.0043190018518670555,0.0,0.1490172390677179,0.2666545316498755,0.20000000000000012,0.0,0.3843282292824065
2021-12-14,-0.002784990750603465,0.0,0.1490172390677179,0.2666545316498755,0.20000000000000012,0.0,0.3843282292824065
2021-12-15,2.703109905669368e-05,0.0,0.1490172390677179,0.2666545316498755,0.20000000000000012,0.0,0.3843282292824065
2021-12-16,-0.00042703032260729126,0.0,0.1490172390677179,0.2666545316498755,0.20000000000000012,0.0,0.3843282292824065
2021-12-17,0.0036962098008323937,0.0,0.1490172390677179,0.2666545316498755,0.20000000000000012,0.0,0.3843282292824065
2021-12-20,-0.0048735022798681886,0.0,0.1490172390677179,0.2666545316498755,0.20000000000000012,0.0,0.3843282292824065
2021-12-21,0.0011016401281664211,0.0,0.1490172390677179,0.2666545316498755,0.20000000000000012,0.0,0.3843282292824065
2021-12-22,0.0031171514650123,0.0,0.1490172390677179,0.2666545316498755,0.20000000000000012,0.0,0.3843282292824065
2021-12-23,-0.0012342389884519578,0.0,0.1490172390677179,0.2666545316498755,0.20000000000000012,0.0,0.3843282292824065
2021-12-27,0.003378030265001375,0.0,0.1490172390677179,0.2666545316498755,0.20000000000000012,0.0,0.3843282292824065
2021-12-28,-0.0015926334917437514,0.0,0.1490172390677179,0.2666545316498755,0.20000000000000012,0.0,0.3843282292824065
2021-12-29,-0.0038256660617903286,0.0,0.1490172390677179,0.2666545316498755,0.20000000000000012,0.0,0.3843282292824065
2021-12-30,0.00385787322161079,0.0,0.1490172390677179,0.2666545316498755,0.20000000000000012,0.0,0.3843282292824065
2021-12-31,-0.00012885569527822148,0.0,0.1490172390677179,0.2666545316498755,0.20000000000000012,0.0,0.3843282292824065
2022-01-03,-0.006814354840774271,0.0,0.1490172390677179,0.2666545316498755,0.20000000000000012,0.0,0.3843282292824065
2022-01-04,0.00061259570827318,0.0,0.1490172390677179,0.2666545316498755,0.20000000000000012,0.0,0.3843282292824065
2022-01-05,-0.005356939180966961,0.0,0.1490172390677179,0.2666545316498755,0.20000000000000012,0.0,0.3843282292824065
2022-01-06,-0.001600432070759701,0.0,0.1490172390677179,0.2666545316498755,0.20000000000000012,0.0,0.3843282292824065
2022-01-07,-0.0036812414714402146,0.0,0.1490172390677179,0.2666545316498755,0.20000000000000012,0.0,0.3843282292824065
2022-01-10,0.0019774678022961485,0.0,0.1490172390677179,0.2666545316498755,0.20000000000000012,0.0,0.3843282292824065
2022-01-11,0.0039027385851297777,0.0,0.1490172390677179,0.2666545316498755,0.20000000000000012,0.0,0.3843282292824065
2022-01-12,-0.002641372161621392,0.0,0.1490172390677179,0.2666545316498755,0.20000000000000012,0.0,0.3843282292824065
2022-01-13,-0.0005157031326867762,0.0,0.1490172390677179,0.2666545316498755,0.20000000000000012,0.0,0.3843282292824065
2022-01-14,-0.00348603402188737,0.0,0.1490172390677179,0.2666545316498755,0.20000000000000012,0.0,0.3843282292824065
2022-01-18,-0.00431073729007465,0.0,0.1490172390677179,0.2666545316498755,0.20000000000000012,0.0,0.3843282292824065
2022-01-19,0.0025763542692945644,0.0,0.1490172390677179,0.2666545316498755,0.20000000000000012,0.0,0.3843282292824065
2022-01-20,0.0006964451117556438,0.0,0.1490172390677179,0.2666545316498755,0.20000000000000012,0.0,0.3843282292824065
2022-01-21,-0.0014506055543687486,0.0,0.1490172390677179,0.2666545316498755,0.20000000000000012,0.0,0.3843282292824065
2022-01-24,0.0007416804437947123,0.0,0.1490172390677179,0.2666545316498755,0.20000000000000012,0.0,0.3843282292824065
2022-01-25,-0.0014608580112633089,0.0,0.1490172390677179,0.2666545316498755,0.20000000000000012,0.0,0.3843282292824065
2022-01-26,-0.004738457504331592,0.0,0.1490172390677179,0.2666545316498755,0.20000000000000012,0.0,0.3843282292824065
2022-01-27,0.0048532856667594495,0.0,0.1490172390677179,0.2666545316498755,0.20000000000000012,0.0,0.3843282292824065
2022-01-28,0.0030498630258022023,0.0,0.1490172390677179,0.2666545316498755,0.20000000000000012,0.0,0.3843282292824065
2022-01-31,-0.00016528696573083444,0.0,0.1490172390677179,0.2666545316498755,0.20000000000000012,0.0,0.3843282292824065
2022-02-01,-0.0007517710655328216,0.0,0.1490172390677179,0.2666545316498755,0.20000000000000012,0.0,0.3843282292824065
2022-02-02,0.0015863783495791968,0.0,0.1490172390677179,0.2666545316498755,0.20000000000000012,0.0,0.3843282292824065
2022-02-03,-0.00781255320313048,0.0,0.1490172390677179,0.2666545316498755,0.20000000000000012,0.0,0.3843282292824065
2022-02-04,-0.0032226181039191376,0.0,0.1490172390677179,0.2666545316498755,0.20000000000000012,0.0,0.3843282292824065
2022-02-07,0.0013254604849511158,0.0,0.1490172390677179,0.2666545316498755,0.20000000000000012,0.0,0.3843282292824065
2022-02-08,0.000656008010949781,0.0,0.1490172390677179,0.2666545316498755,0.20000000000000012,0.0,0.3843282292824065
2022-02-09,0.002912236979712812,0.0,0.1490172390677179,0.2666545316498755,0.20000000000000012,0.0,0.3843282292824065
2022-02-10,-0.007073122399364123,0.0,0.1490172390677179,0.2666545316498755,0.20000000000000012,0.0,0.3843282292824065
2022-02-11,0.006477260581736437,0.0,0.1490172390677179,0.2666545316498755,0.20000000000000012,0.0,0.3843282292824065
2022-02-14,-0.0016885092817943226,0.0,0.1490172390677179,0.2666545316498755,0.20000000000000012,0.0,0.3843282292824065
2022-02-15,-0.004014278880684697,0.0,0.1490172390677179,0.2666545316498755,0.20000000000000012,0.0,0.3843282292824065
2022-02-16,0.0030562995181231643,0.0,0.1490172390677179,0.2666545316498755,0.20000000000000012,0.0,0.3843282292824065
2022-02-17,0.0016837419979884383,0.0,0.1490172390677179,0.2666545316498755,0.20000000000000012,0.0,0.3843282292824065
2022-02-18,0.0027444249640744666,0.0,0.1490172390677179,0.2666545316498755,0.20000000000000012,0.0,0.3843282292824065
2022-02-22,-0.00033758743738114474,0.0,0.1490172390677179,0.2666545316498755,0.20000000000000012,0.0,0.3843282292824065
2022-02-23,-0.0049688599079486815,0.0,0.1490172390677179,0.2666545316498755,0.20000000000000012,0.0,0.3843282292824065
2022-02-24,0.004261386731301545,0.0,0.1490172390677179,0.2666545316498755,0.20000000000000012,0.0,0.3843282292824065
2022-02-25,0.0008929258712401693,0.0,0.1490172390677179,0.2666545316498755,0.20000000000000012,0.0,0.3843282292824065
2022-02-28,0.008131433162582512,0.0,0.1490172390677179,0.2666545316498755,0.20000000000000012,0.0,0.3843282292824065
2022-03-01,0.007416205214741682,0.0,0.1490172390677179,0.2666545316498755,0.20000000000000012,0.0,0.3843282292824065
2022-03-02,-0.0087496827012089,0.0,0.1490172390677179,0.2666545316498755,0.20000000000000012,0.0,0.3843282292824065
2022-03-03,0.004639539581440426,0.0,0.1490172390677179,0.2666545316498755,0.20000000000000012,0.0,0.3843282292824065
2022-03-04,0.00951699587177576,0.0,0.1490172390677179,0.2666545316498755,0.20000000000000012,0.0,0.3843282292824065
2022-03-07,-0.0006846091471684802,0.0,0.1490172390677179,0.2666545316498755,0.20000000000000012,0.0,0.3843282292824065
2022-03-08,0.0009356282461483421,0.0,0.1490172390677179,0.2666545316498755,0.20000000000000012,0.0,0.3843282292824065
2022-03-09,-0.008330676814774696,0.0,0.1490172390677179,0.2666545316498755,0.20000000000000012,0.0,0.3843282292824065
2022-03-10,-0.0019757274502304454,0.0,0.1490172390677179,0.2666545316498755,0.20000000000000012,0.0,0.3843282292824065
2022-03-11,-0.0003673078744760613,0.0,0.1490172390677179,0.2666545316498755,0.20000000000000012,0.0,0.3843282292824065
2022-03-14,-0.010474973396658292,0.0,0.1490172390677179,0.2666545316498755,0.20000000000000012,0.0,0.3843282292824065
2022-03-15,-0.001364612096655431,0.0,0.1490172390677179,0.2666545316498755,0.20000000000000012,0.0,0.3843282292824065
2022-03-16,0.004412972742247709,0.0,0.1490172390677179,0.2666545316498755,0.20000000000000012,0.0,0.3843282292824065
2022-03-17,-2.3001450338199815e-05,0.0,0.1490172390677179,0.2666545316498755,0.20000000000000012,0.0,0.3843282292824065
2022-03-18,0.0035704383198951815,0.0,0.1490172390677179,0.2666545316498755,0.20000000000000012,0.0,0.3843282292824065
2022-03-21,-0.0032259256773130808,0.0,0.1490172390677179,0.2666545316498755,0.20000000000000012,0.0,0.3843282292824065
2022-03-22,-0.003268602006564457,0.0,0.1490172390677179,0.2666545316498755,0.20000000000000012,0.0,0.3843282292824065
2022-03-23,0.007094135054872308,0.0,0.1490172390677179,0.2666545316498755,0.20000000000000012,0.0,0.3843282292824065
2022-03-24,0.0020470296205420424,0.0,0.1490172390677179,0.2666545316498755,0.20000000000000012,0.0,0.3843282292824065
2022-03-25,-0.0036449691209034956,0.0,0.1490172390677179,0.2666545316498755,0.20000000000000012,0.0,0.3843282292824065
2022-03-28,0.0008631672899813954,0.0,0.1490172390677179,0.2666545316498755,0.20000000000000012,0.0,0.3843282292824065
2022-03-29,0.0016254574972283113,0.0,0.1490172390677179,0.2666545316498755,0.20000000000000012,0.0,0.3843282292824065
2022-03-30,0.0007243504199145626,0.0,0.1490172390677179,0.2666545316498755,0.20000000000000012,0.0,0.3843282292824065
2022-03-31,4.5747671843331464e-05,0.0,0.1490172390677179,0.2666545316498755,0.20000000000000012,0.0,0.3843282292824065
2022-04-01,0.0007487260260468604,0.0,0.1490172390677179,0.2666545316498755,0.20000000000000012,0.0,0.3843282292824065
2022-04-04,0.002143631341059537,0.0,0.1490172390677179,0.2666545316498755,0.20000000000000012,0.0,0.3843282292824065
2022-04-05,-0.007126083209898566,0.0,0.1490172390677179,0.2666545316498755,0.20000000000000012,0.0,0.3843282292824065
2022-04-06,-0.0028908374625685046,0.0,0.1490172390677179,0.2666545316498755,0.20000000000000012,0.0,0.3843282292824065
2022-04-07,0.0002212630339341467,0.0,0.1490172390677179,0.2666545316498755,0.20000000000000012,0.0,0.3843282292824065
2022-04-08,-0.0020334438545858103,0.0,0.1490172390677179,0.2666545316498755,0.20000000000000012,0.0,0.3843282292824065
2022-04-11,-0.004910258002540397,0.0,0.1490172390677179,0.2666545316498755,0.20000000000000012,0.0,0.3843282292824065
2022-04-12,0.0019091005123260448,0.0,0.1490172390677179,0.2666545316498755,0.20000000000000012,0.0,0.3843282292824065
2022-04-13,0.001630359386221701,0.0,0.1490172390677179,0.2666545316498755,0.20000000000000012,0.0,0.3843282292824065
2022-04-14,-0.006134847436332497,0.0,0.1490172390677179,0.2666545316498755,0.20000000000000012,0.0,0.3843282292824065
2022-04-18,0.0009314564225666323,0.0,0.1490172390677179,0.2666545316498755,0.20000000000000012,0.0,0.3843282292824065
2022-04-19,-0.0017585655211198813,0.0,0.1490172390677179,0.2666545316498755,0.20000000000000012,0.0,0.3843282292824065
2022-04-20,0.003530656429923218,0.0,0.1490172390677179,0.2666545316498755,0.20000000000000012,0.0,0.3843282292824065
2022-04-21,-0.003765881079899381,0.0,0.1490172390677179,0.2666545316498755,0.20000000000000012,0.0,0.3843282292824065
2022-04-22,-0.005424782957672282,0.0,0.1490172390677179,0.2666545316498755,0.20000000000000012,0.0,0.3843282292824065
2022-04-25,0.0017835943991999339,0.0,0.1490172390677179,0.2666545316498755,0.20000000000000012,0.0,0.3843282292824065
2022-04-26,0.0010775556103086734,0.0,0.1490172390677179,0.2666545316498755,0.20000000000000012,0.0,0.3843282292824065
2022-04-27,-0.0021236067825317704,0.0,0.1490172390677179,0.2666545316498755,0.20000000000000012,0.0,0.3843282292824065
2022-04-28,0.007475470269445297,0.0,0.1490172390677179,0.2666545316498755,0.20000000000000012,0.0,0.3843282292824065
2022-04-29,-0.010516325072365076,0.0,0.1490172390677179,0.2666545316498755,0.20000000000000012,0.0,0.3843282292824065
2022-05-02,-0.00548160872744545,0.0,0.1490172390677179,0.2666545316498755,0.20000000000000012,0.0,0.3843282292824065
2022-05-03,0.0023171670252087875,0.0,0.1490172390677179,0.2666545316498755,0.20000000000000012,0.0,0.3843282292824065
2022-05-04,0.004776054003473452,0.0,0.1490172390677179,0.2666545316498755,0.20000000000000012,0.0,0.3843282292824065
2022-05-05,-0.01014203431753304,0.0,0.1490172390677179,0.2666545316498755,0.20000000000000012,0.0,0.3843282292824065
2022-05-06,-0.003792831262201584,0.0,0.1490172390677179,0.2666545316498755,0.20000000000000012,0.0,0.3843282292824065
2022-05-09,-0.005182479124503045,0.0,0.1490172390677179,0.2666545316498755,0.20000000000000012,0.0,0.3843282292824065
2022-05-10,0.0019055542281826196,0.0,0.1490172390677179,0.2666545316498755,0.20000000000000012,0.0,0.3843282292824065
2022-05-11,0.004820240482681139,0.0,0.1490172390677179,0.2666545316498755,0.20000000000000012,0.0,0.3843282292824065
2022-05-12,-0.0004030084472334515,0.0,0.1490172390677179,0.2666545316498755,0.20000000000000012,0.0,0.3843282292824065
2022-05-13,-0.0030967193303304266,0.0,0.1490172390677179,0.2666545316498755,0.20000000000000012,0.0,0.3843282292824065
2022-05-16,-0.00048427202440509947,0.0,0.1490172390677179,0.2666545316498755,0.20000000000000012,0.0,0.3843282292824065
2022-05-17,-0.004585492468195664,0.0,0.1490172390677179,0.2666545316498755,0.20000000000000012,0.0,0.3843282292824065
2022-05-18,0.0017308991370091169,0.0,0.1490172390677179,0.2666545316498755,0.20000000000000012,0.0,0.3843282292824065
2022-05-19,-0.001348029547821001,0.0,0.1490172390677179,0.2666545316498755,0.20000000000000012,0.0,0.3843282292824065
2022-05-20,0.0040703813418677,0.0,0.1490172390677179,0.2666545316498755,0.20000000000000012,0.0,0.3843282292824065
2022-05-23,-0.004158213485899122,0.0,0.1490172390677179,0.2666545316498755,0.20000000000000012,0.0,0.3843282292824065
2022-05-24,0.004501714005241076,0.0,0.1490172390677179,0.2666545316498755,0.20000000000000012,0.0,0.3843282292824065
2022-05-25,0.002577530929330914,0.0,0.1490172390677179,0.2666545316498755,0.20000000000000012,0.0,0.3843282292824065
2022-05-26,0.00013459881585600178,0.0,0.1490172390677179,0.2666545316498755,0.20000000000000012,0.0,0.3843282292824065
2022-05-27,0.0035661404503657197,0.0,0.1490172390677179,0.2666545316498755,0.20000000000000012,0.0,0.3843282292824065
2022-05-31,-0.007750125935936868,0.0,0.1490172390677179,0.2666545316498755,0.20000000000000012,0.0,0.3843282292824065
2022-06-01,0.0027296984424183745,0.0,0.1490172390677179,0.2666545316498755,0.20000000000000012,0.0,0.3843282292824065
2022-06-02,0.0020735427993030728,0.0,0.1490172390677179,0.2666545316498755,0.20000000000000012,0.0,0.3843282292824065
2022-06-03,-0.0033526462718884266,0.0,0.1490172390677179,0.2666545316498755,0.20000000000000012,0.0,0.3843282292824065
2022-06-06,-0.004500345304487654,0.0,0.1490172390677179,0.2666545316498755,0.20000000000000012,0.0,0.3843282292824065
2022-06-07,0.005191595128713909,0.0,0.1490172390677179,0.2666545316498755,0.20000000000000012,0.0,0.3843282292824065
2022-06-08,-0.0030429727646652987,0.0,0.1490172390677179,0.2666545316498755,0.20000000000000012,0.0,0.3843282292824065
2022-06-09,-0.0004882442112936593,0.0,0.1490172390677179,0.2666545316498755,0.20000000000000012,0.0,0.3843282292824065
2022-06-10,-0.00022985217217640574,0.0,0.1490172390677179,0.2666545316498755,0.20000000000000012,0.0,0.3843282292824065
2022-06-13,-0.01557901199940053,0.0,0.1490172390677179,0.2666545316498755,0.20000000000000012,0.0,0.3843282292824065
2022-06-14,-0.004592443271488184,0.0,0.1490172390677179,0.2666545316498755,0.20000000000000012,0.0,0.3843282292824065
2022-06-15,0.006706885740708603,0.0,0.1490172390677179,0.2666545316498755,0.20000000000000012,0.0,0.3843282292824065
2022-06-16,-0.0042802301069639285,0.0,0.1490172390677179,0.2666545316498755,0.20000000000000012,0.0,0.3843282292824065
2022-06-17,0.0034250838022934376,0.0,0.1490172390677179,0.2666545316498755,0.20000000000000012,0.0,0.3843282292824065
2022-06-21,-0.0028915382462637324,0.0,0.1490172390677179,0.2666545316498755,0.20000000000000012,0.0,0.3843282292824065
2022-06-22,0.007308010126603377,0.0,0.1490172390677179,0.2666545316498755,0.20000000000000012,0.0,0.3843282292824065
2022-06-23,0.0028399986146729964,0.0,0.1490172390677179,0.2666545316498755,0.20000000000000012,0.0,0.3843282292824065
2022-06-24,1.8598258687978902e-05,0.0,0.1490172390677179,0.2666545316498755,0.20000000000000012,0.0,0.3843282292824065
2022-06-27,-0.0037585362900436343,0.0,0.1490172390677179,0.2666545316498755,0.20000000000000012,0.0,0.3843282292824065
2022-06-28,8.562947294885916e-05,0.0,0.1490172390677179,0.2666545316498755,0.20000000000000012,0.0,0.3843282292824065
2022-06-29,0.006092230734377094,0.0,0.1490172390677179,0.2666545316498755,0.20000000000000012,0.0,0.3843282292824065
2022-06-30,-0.0013175057891037622,0.0,0.1490172390677179,0.2666545316498755,0.20000000000000012,0.0,0.3843282292824065
2022-07-01,0.005384597974930438,0.0,0.1490172390677179,0.2666545316498755,0.20000000000000012,0.0,0.3843282292824065
2022-07-05,0.0036152924483115693,0.0,0.1490172390677179,0.2666545316498755,0.20000000000000012,0.0,0.3843282292824065
2022-07-06,-0.005386402103625258,0.0,0.1490172390677179,0.2666545316498755,0.20000000000000012,0.0,0.3843282292824065
2022-07-07,0.00013070123966775872,0.0,0.1490172390677179,0.2666545316498755,0.20000000000000012,0.0,0.3843282292824065
2022-07-08,-0.0032585444797377833,0.0,0.1490172390677179,0.2666545316498755,0.20000000000000012,0.0,0.3843282292824065
2022-07-11,0.0062630973027090215,0.0,0.1490172390677179,0.2666545316498755,0.20000000000000012,0.0,0.3843282292824065
2022-07-12,-0.000610524545009242,0.0,0.1490172390677179,0.2666545316498755,0.20000000000000012,0.0,0.3843282292824065
2022-07-13,0.002434256536773683,0.0,0.1490172390677179,0.2666545316498755,0.20000000000000012,0.0,0.3843282292824065
2022-07-14,-0.0026806558883223654,0.0,0.1490172390677179,0.2666545316498755,0.20000000000000012,0.0,0.3843282292824065
2022-07-15,0.0016954035631905667,0.0,0.1490172390677179,0.2666545316498755,0.20000000000000012,0.0,0.3843282292824065
2022-07-18,-0.005950500123523677,0.0,0.1490172390677179,0.2666545316498755,0.20000000000000012,0.0,0.3843282292824065
2022-07-19,0.0006548591186467554,0.0,0.1490172390677179,0.2666545316498755,0.20000000000000012,0.0,0.3843282292824065
2022-07-20,0.000847133305639211,0.0,0.1490172390677179,0.2666545316498755,0.20000000000000012,0.0,0.3843282292824065
2022-07-21,0.007871306983217901,0.0,0.1490172390677179,0.2666545316498755,0.20000000000000012,0.0,0.3843282292824065
2022-07-22,0.003060276080853742,0.0,0.1490172390677179,0.2666545316498755,0.20000000000000012,0.0,0.3843282292824065
2022-07-25,-0.0035156571747829326,0.0,0.1490172390677179,0.2666545316498755,0.20000000000000012,0.0,0.3843282292824065
2022-07-26,0.0011772995608541098,0.0,0.1490172390677179,0.2666545316498755,0.20000000000000012,0.0,0.3843282292824065
2022-07-27,0.0011898986762754141,0.0,0.1490172390677179,0.2666545316498755,0.20000000000000012,0.0,0.3843282292824065
2022-07-28,0.006158511074700527,0.0,0.1490172390677179,0.2666545316498755,0.20000000000000012,0.0,0.3843282292824065
2022-07-29,0.0005214798324386688,0.0,0.1490172390677179,0.2666545316498755,0.20000000000000012,0.0,0.3843282292824065
2022-08-01,0.005619720217505212,0.0,0.1490172390677179,0.2666545316498755,0.20000000000000012,0.0,0.3843282292824065
2022-08-02,-0.005358206009869524,0.0,0.1490172390677179,0.2666545316498755,0.20000000000000012,0.0,0.3843282292824065
2022-08-03,0.008103752695155252,0.0,0.1490172390677179,0.2666545316498755,0.20000000000000012,0.0,0.3843282292824065
2022-08-04,0.0006854419186904394,0.0,0.1490172390677179,0.2666545316498755,0.20000000000000012,0.0,0.3843282292824065
2022-08-05,-0.0055844796713291536,0.0,0.1490172390677179,0.2666545316498755,0.20000000000000012,0.0,0.3843282292824065
2022-08-08,0.0052857678226068345,0.0,0.1490172390677179,0.2666545316498755,0.20000000000000012,0.0,0.3843282292824065
2022-08-09,-0.0014212717740421967,0.0,0.1490172390677179,0.2666545316498755,0.20000000000000012,0.0,0.3843282292824065
2022-08-10,-0.0033048940852307487,0.0,0.1490172390677179,0.2666545316498755,0.20000000000000012,0.0,0.3843282292824065
2022-08-11,-0.006469740783740563,0.0,0.1490172390677179,0.2666545316498755,0.20000000000000012,0.0,0.3843282292824065
2022-08-12,0.008568647172758709,0.0,0.1490172390677179,0.2666545316498755,0.20000000000000012,0.0,0.3843282292824065
2022-08-15,0.0012111615178968605,0.0,0.1490172390677179,0.2666545316498755,0.20000000000000012,0.0,0.3843282292824065
2022-08-16,0.0009155159946462743,0.0,0.1490172390677179,0.2666545316498755,0.20000000000000012,0.0,0.3843282292824065
2022-08-17,-0.004594894393845018,0.0,0.1490172390677179,0.2666545316498755,0.20000000000000012,0.0,0.3843282292824065
2022-08-18,0.003268485233439304,0.0,0.1490172390677179,0.2666545316498755,0.20000000000000012,0.0,0.3843282292824065
2022-08-19,-0.005354051651977153,0.0,0.1490172390677179,0.2666545316498755,0.20000000000000012,0.0,0.3843282292824065
2022-08-22,-0.002138375615041061,0.0,0.1490172390677179,0.2666545316498755,0.20000000000000012,0.0,0.3843282292824065
2022-08-23,-0.0020109534874750124,0.0,0.1490172390677179,0.2666545316498755,0.20000000000000012,0.0,0.3843282292824065
2022-08-24,-0.0006201437628870923,0.0,0.1490172390677179,0.2666545316498755,0.20000000000000012,0.0,0.3843282292824065
2022-08-25,0.005771422482467633,0.0,0.1490172390677179,0.2666545316498755,0.20000000000000012,0.0,0.3843282292824065
2022-08-26,-0.00400792739831991,0.0,0.1490172390677179,0.2666545316498755,0.20000000000000012,0.0,0.3843282292824065
2022-08-29,-0.0029358761572870454,0.0,0.1490172390677179,0.2666545316498755,0.20000000000000012,0.0,0.3843282292824065
2022-08-30,-0.0027732180785058767,0.0,0.1490172390677179,0.2666545316498755,0.20000000000000012,0.0,0.3843282292824065
2022-08-31,-0.005492245497446285,0.0,0.1490172390677179,0.2666545316498755,0.20000000000000012,0.0,0.3843282292824065
2022-09-01,-0.0027398061098692053,0.0,0.1490172390677179,0.2666545316498755,0.20000000000000012,0.0,0.3843282292824065
2022-09-02,0.0018290036990572945,0.0,0.1490172390677179,0.2666545316498755,0.20000000000000012,0.0,0.3843282292824065
2022-09-06,-0.006110980190084134,0.0,0.1490172390677179,0.2666545316498755,0.20000000000000012,0.0,0.3843282292824065
2022-09-07,0.006196805937094506,0.0,0.1490172390677179,0.2666545316498755,0.20000000000000012,0.0,0.3843282292824065
2022-09-08,-0.0021756941178745146,0.0,0.1490172390677179,0.2666545316498755,0.20000000000000012,0.0,0.3843282292824065
2022-09-09,0.0012187010916628331,0.0,0.1490172390677179,0.2666545316498755,0.20000000000000012,0.0,0.3843282292824065
2022-09-12,-0.0015508802260544088,0.0,0.1490172390677179,0.2666545316498755,0.20000000000000012,0.0,0.3843282292824065
2022-09-13,-0.0031674632422056797,0.0,0.1490172390677179,0.2666545316498755,0.20000000000000012,0.0,0.3843282292824065
2022-09-14,-6.789323536023764e-05,0.0,0.1490172390677179,0.2666545316498755,0.20000000000000012,0.0,0.3843282292824065
2022-09-15,-0.005338783862205485,0.0,0.1490172390677179,0.2666545316498755,0.20000000000000012,0.0,0.3843282292824065
2022-09-16,-0.0022497701674625108,0.0,0.1490172390677179,0.2666545316498755,0.20000000000000012,0.0,0.3843282292824065
2022-09-19,0.0016707179634430005,0.0,0.1490172390677179,0.2666545316498755,0.20000000000000012,0.0,0.3843282292824065
2022-09-20,-0.003678988094056534,0.0,0.1490172390677179,0.2666545316498755,0.20000000000000012,0.0,0.3843282292824065
2022-09-21,0.006572008415607241,0.0,0.1490172390677179,0.2666545316498755,0.20000000000000012,0.0,0.3843282292824065
2022-09-22,-0.00766410018942535,0.0,0.1490172390677179,0.2666545316498755,0.20000000000000012,0.0,0.3843282292824065
2022-09-23,0.0011884881546672986,0.0,0.1490172390677179,0.2666545316498755,0.20000000000000012,0.0,0.3843282292824065
2022-09-26,-0.0045869933678926115,0.0,0.1490172390677179,0.2666545316498755,0.20000000000000012,0.0,0.3843282292824065
2022-09-27,-0.006866455790663749,0.0,0.1490172390677179,0.2666545316498755,0.20000000000000012,0.0,0.3843282292824065
2022-09-28,0.0110051765272836,0.0,0.1490172390677179,0.2666545316498755,0.20000000000000012,0.0,0.3843282292824065
2022-09-29,-0.006055306468657215,0.0,0.1490172390677179,0.2666545316498755,0.20000000000000012,0.0,0.3843282292824065
2022-09-30,-0.005734192441422597,0.0,0.1490172390677179,0.2666545316498755,0.20000000000000012,0.0,0.3843282292824065
2022-10-03,0.01124867235235009,0.0,0.1490172390677179,0.2666545316498755,0.20000000000000012,0.0,0.3843282292824065
2022-10-04,0.0014875578929406013,0.0,0.1490172390677179,0.2666545316498755,0.20000000000000012,0.0,0.3843282292824065
2022-10-05,-0.00036869469573405774,0.0,0.1490172390677179,0.2666545316498755,0.20000000000000012,0.0,0.3843282292824065
2022-10-06,0.000614084912067133,0.0,0.1490172390677179,0.2666545316498755,0.20000000000000012,0.0,0.3843282292824065
2022-10-07,-0.007409741779722451,0.0,0.1490172390677179,0.2666545316498755,0.20000000000000012,0.0,0.3843282292824065
2022-10-10,-0.0066744696290154,0.0,0.1490172390677179,0.2666545316498755,0.20000000000000012,0.0,0.3843282292824065
2022-10-11,7.733754406790663e-05,0.0,0.1490172390677179,0.2666545316498755,0.20000000000000012,0.0,0.3843282292824065
2022-10-12,0.0018866985956369074,0.0,0.1490172390677179,0.2666545316498755,0.20000000000000012,0.0,0.3843282292824065
2022-10-13,-0.0025271936726283667,0.0,0.1490172390677179,0.2666545316498755,0.20000000000000012,0.0,0.3843282292824065
2022-10-14,-0.005419602619340769,0.0,0.1490172390677179,0.2666545316498755,0.20000000000000012,0.0,0.3843282292824065
2022-10-17,-0.0008054194699599121,0.0,0.1490172390677179,0.2666545316498755,0.20000000000000012,0.0,0.3843282292824065
2022-10-18,0.0025513646785623326,0.0,0.1490172390677179,0.2666545316498755,0.20000000000000012,0.0,0.3843282292824065
2022-10-19,-0.005784131409893679,0.0,0.1490172390677179,0.2666545316498755,0.20000000000000012,0.0,0.3843282292824065
2022-10-20,-0.005870671969219781,0.0,0.1490172390677179,0.2666545316498755,0.20000000000000012,0.0,0.3843282292824065
2022-10-21,-0.0009092912301598456,0.0,0.1490172390677179,0.2666545316498755,0.20000000000000012,0.0,0.3843282292824065
2022-10-24,-0.0006460514621355674,0.0,0.1490172390677179,0.2666545316498755,0.20000000000000012,0.0,0.3843282292824065
2022-10-25,0.006390174555617684,0.0,0.1490172390677179,0.2666545316498755,0.20000000000000012,0.0,0.3843282292824065
2022-10-26,-4.894293872386059e-06,0.0,0.1490172390677179,0.2666545316498755,0.20000000000000012,0.0,0.3843282292824065
2022-10-27,0.004683073672298062,0.0,0.1490172390677179,0.2666545316498755,0.20000000000000012,0.0,0.3843282292824065
2022-10-28,0.00031652356067173753,0.0,0.1490172390677179,0.2666545316498755,0.20000000000000012,0.0,0.3843282292824065
2022-10-31,-0.0013831483696985676,0.0,0.1490172390677179,0.2666545316498755,0.20000000000000012,0.0,0.3843282292824065
2022-11-01,0.003752819395001522,0.0,0.1490172390677179,0.2666545316498755,0.20000000000000012,0.0,0.3843282292824065
2022-11-02,-0.004627264069202543,0.0,0.1490172390677179,0.2666545316498755,0.20000000000000012,0.0,0.3843282292824065
2022-11-03,-0.000548009662931367,0.0,0.1490172390677179,0.2666545316498755,0.20000000000000012,0.0,0.3843282292824065
2022-11-04,-0.003401998173616385,0.0,0.1490172390677179,0.2666545316498755,0.20000000000000012,0.0,0.3843282292824065
2022-11-07,-0.004217622343464379,0.0,0.1490172390677179,0.2666545316498755,0.20000000000000012,0.0,0.3843282292824065
2022-11-08,0.0066550882397600425,0.0,0.1490172390677179,0.2666545316498755,0.20000000000000012,0.0,0.3843282292824065
2022-11-09,-0.0003336141295637394,0.0,0.1490172390677179,0.2666545316498755,0.20000000000000012,0.0,0.3843282292824065
2022-11-10,0.01575255198911415,0.0,0.1490172390677179,0.2666545316498755,0.20000000000000012,0.0,0.3843282292824065
2022-11-11,-0.0037662502027722648,0.0,0.1490172390677179,0.2666545316498755,0.20000000000000012,0.0,0.3843282292824065
2022-11-14,0.0002600071471387243,0.0,0.1490172390677179,0.2666545316498755,0.20000000000000012,0.0,0.3843282292824065
2022-11-15,0.004953466489167751,0.0,0.1490172390677179,0.2666545316498755,0.20000000000000012,0.0,0.3843282292824065
2022-11-16,0.0034311536377007543,0.0,0.1490172390677179,0.2666545316498755,0.20000000000000012,0.0,0.3843282292824065
2022-11-17,-0.0032460884548412036,0.0,0.1490172390677179,0.2666545316498755,0.20000000000000012,0.0,0.3843282292824065
2022-11-18,-0.0014657391737583833,0.0,0.1490172390677179,0.2666545316498755,0.20000000000000012,0.0,0.3843282292824065
2022-11-21,0.0027990436900020175,0.0,0.1490172390677179,0.2666545316498755,0.20000000000000012,0.0,0.3843282292824065
2022-11-22,0.0036438749119421096,0.0,0.1490172390677179,0.2666545316498755,0.20000000000000012,0.0,0.3843282292824065
2022-11-23,0.0028439073907617508,0.0,0.1490172390677179,0.2666545316498755,0.20000000000000012,0.0,0.3843282292824065
2022-11-25,-0.0007654829852683738,0.0,0.1490172390677179,0.2666545316498755,0.20000000000000012,0.0,0.3843282292824065
2022-11-28,-0.000383076257263899,0.0,0.1490172390677179,0.2666545316498755,0.20000000000000012,0.0,0.3843282292824065
2022-11-29,-0.0017271721456442188,0.0,0.1490172390677179,0.2666545316498755,0.20000000000000012,0.0,0.3843282292824065
2022-11-30,0.0061465706035708206,0.0,0.1490172390677179,0.2666545316498755,0.20000000000000012,0.0,0.3843282292824065
2022-12-01,0.007384135142620294,0.0,0.1490172390677179,0.2666545316498755,0.20000000000000012,0.0,0.3843282292824065
2022-12-02,0.0020822993179910585,0.0,0.1490172390677179,0.2666545316498755,0.20000000000000012,0.0,0.3843282292824065
2022-12-05,-0.0067162065700891735,0.0,0.1490172390677179,0.2666545316498755,0.20000000000000012,0.0,0.3843282292824065
2022-12-06,0.002103987240139736,0.0,0.1490172390677179,0.2666545316498755,0.20000000000000012,0.0,0.3843282292824065
2022-12-07,0.006622729081607897,0.0,0.1490172390677179,0.2666545316498755,0.20000000000000012,0.0,0.3843282292824065
2022-12-08,-0.0006133632341179698,0.0,0.1490172390677179,0.2666545316498755,0.20000000000000012,0.0,0.3843282292824065
2022-12-09,-0.006526368354406454,0.0,0.1490172390677179,0.2666545316498755,0.20000000000000012,0.0,0.3843282292824065
2022-12-12,0.0016200349083659638,0.0,0.1490172390677179,0.2666545316498755,0.20000000000000012,0.0,0.3843282292824065
2022-12-13,0.0037335430614541154,0.0,0.1490172390677179,0.2666545316498755,0.20000000000000012,0.0,0.3843282292824065
2022-12-14,-0.0020766925280101558,0.0,0.1490172390677179,0.2666545316498755,0.20000000000000012,0.0,0.3843282292824065
2022-12-15,-0.002307891124921321,0.0,0.1490172390677179,0.2666545316498755,0.20000000000000012,0.0,0.3843282292824065
2022-12-16,-0.0023161815632442777,0.0,0.1490172390677179,0.2666545316498755,0.20000000000000012,0.0,0.3843282292824065
2022-12-19,-0.006212584532256442,0.0,0.1490172390677179,0.2666545316498755,0.20000000000000012,0.0,0.3843282292824065
2022-12-20,-0.003813534016803213,0.0,0.1490172390677179,0.2666545316498755,0.20000000000000012,0.0,0.3843282292824065
2022-12-21,0.003532177165987042,0.0,0.1490172390677179,0.2666545316498755,0.20000000000000012,0.0,0.3843282292824065
2022-12-22,-0.0040444124744902716,0.0,0.1490172390677179,0.2666545316498755,0.20000000000000012,0.0,0.3843282292824065
2022-12-23,-0.002589722024051155,0.0,0.1490172390677179,0.2666545316498755,0.20000000000000012,0.0,0.3843282292824065
2022-12-27,-0.004311569649178389,0.0,0.1490172390677179,0.2666545316498755,0.20000000000000012,0.0,0.3843282292824065
2022-12-28,-0.0029501295533167974,0.0,0.1490172390677179,0.2666545316498755,0.20000000000000012,0.0,0.3843282292824065
2022-12-29,0.004501310445804263,0.0,0.1490172390677179,0.2666545316498755,0.20000000000000012,0.0,0.3843282292824065
2022-12-30,-0.0036630389495996892,0.0,0.1490172390677179,0.2666545316498755,0.20000000000000012,0.0,0.3843282292824065
2023-01-03,0.010281504047126098,0.0,0.1490172390677179,0.2666545316498755,0.20000000000000012,0.0,0.3843282292824065
2023-01-04,0.005318842045650107,0.0,0.1490172390677179,0.2666545316498755,0.20000000000000012,0.0,0.3843282292824065
2023-01-05,0.0004911714226693677,0.0,0.1490172390677179,0.2666545316498755,0.20000000000000012,0.0,0.3843282292824065
2023-01-06,0.0070342545779707374,0.0,0.1490172390677179,0.2666545316498755,0.20000000000000012,0.0,0.3843282292824065
2023-01-09,-0.0005575082630163682,0.0,0.1490172390677179,0.2666545316498755,0.20000000000000012,0.0,0.3843282292824065
2023-01-10,-0.0023556879688823944,0.0,0.1490172390677179,0.2666545316498755,0.20000000000000012,0.0,0.3843282292824065
2023-01-11,0.006080852236464105,0.0,0.1490172390677179,0.2666545316498755,0.20000000000000012,0.0,0.3843282292824065
2023-01-12,0.004365143642808519,0.0,0.1490172390677179,0.2666545316498755,0.20000000000000012,0.0,0.3843282292824065
2023-01-13,0.00033935362860980194,0.0,0.1490172390677179,0.2666545316498755,0.20000000000000012,0.0,0.3843282292824065
2023-01-17,-0.0021864248792523655,0.0,0.1490172390677179,0.2666545316498755,0.20000000000000012,0.0,0.3843282292824065
2023-01-18,0.0035344170591565635,0.0,0.1490172390677179,0.2666545316498755,0.20000000000000012,0.0,0.3843282292824065
2023-01-19,-0.000556740719298432,0.0,0.1490172390677179,0.2666545316498755,0.20000000000000012,0.0,0.3843282292824065
2023-01-20,-0.0027732133009622686,0.0,0.1490172390677179,0.2666545316498755,0.20000000000000012,0.0,0.3843282292824065
2023-01-23,0.0014720594148256117,0.0,0.1490172390677179,0.2666545316498755,0.20000000000000012,0.0,0.3843282292824065
2023-01-24,0.003978707322461797,0.0,0.1490172390677179,0.2666545316498755,0.20000000000000012,0.0,0.3843282292824065
2023-01-25,0.0003632733582177403,0.0,0.1490172390677179,0.2666545316498755,0.20000000000000012,0.0,0.3843282292824065
2023-01-26,-0.00043049513916025366,0.0,0.1490172390677179,0.2666545316498755,0.20000000000000012,0.0,0.3843282292824065
2023-01-27,-4.8821537953354076e-05,0.0,0.1490172390677179,0.2666545316498755,0.20000000000000012,0.0,0.3843282292824065
2023-01-30,-0.0019585284104543864,0.0,0.1490172390677179,0.2666545316498755,0.20000000000000012,0.0,0.3843282292824065
2023-01-31,0.0042137621163944,0.0,0.1490172390677179,0.2666545316498755,0.20000000000000012,0.0,0.3843282292824065
2023-02-01,0.003676296276130722,0.0,0.1490172390677179,0.2666545316498755,0.20000000000000012,0.0,0.3843282292824065
2023-02-02,0.0009025253962844887,0.0,0.1490172390677179,0.2666545316498755,0.20000000000000012,0.0,0.3843282292824065
2023-02-03,-0.0055193738497022185,0.0,0.1490172390677179,0.2666545316498755,0.20000000000000012,0.0,0.3843282292824065
2023-02-06,-0.00025706633233688937,0.0,0.1490172390677179,0.2666545316498755,0.20000000000000012,0.0,0.3843282292824065
2023-02-07,-0.0006946252969351314,0.0,0.1490172390677179,0.2666545316498755,0.20000000000000012,0.0,0.3843282292824065
2023-02-08,0.0005470878840057119,0.0,0.1490172390677179,0.2666545316498755,0.20000000000000012,0.0,0.3843282292824065
2023-02-09,-0.005950919650496992,0.0,0.1490172390677179,0.2666545316498755,0.20000000000000012,0.0,0.3843282292824065
2023-02-10,-0.0010143121659002912,0.0,0.1490172390677179,0.2666545316498755,0.20000000000000012,0.0,0.3843282292824065
2023-02-13,0.0018790329243148505,0.0,0.1490172390677179,0.2666545316498755,0.20000000000000012,0.0,0.3843282292824065
2023-02-14,-0.0008071165844672578,0.0,0.1490172390677179,0.2666545316498755,0.20000000000000012,0.0,0.3843282292824065
2023-02-15,-0.0013764123232971068,0.0,0.1490172390677179,0.2666545316498755,0.20000000000000012,0.0,0.3843282292824065
2023-02-16,-0.005445818786854751,0.0,0.1490172390677179,0.2666545316498755,0.20000000000000012,0.0,0.3843282292824065
2023-02-17,0.0020251410339333356,0.0,0.1490172390677179,0.2666545316498755,0.20000000000000012,0.0,0.3843282292824065
2023-02-21,-0.007688530521556143,0.0,0.1490172390677179,0.2666545316498755,0.20000000000000012,0.0,0.3843282292824065
2023-02-22,0.002340471626568064,0.0,0.1490172390677179,0.2666545316498755,0.20000000000000012,0.0,0.3843282292824065
2023-02-23,0.0034283435605598138,0.0,0.1490172390677179,0.2666545316498755,0.20000000000000012,0.0,0.3843282292824065
2023-02-24,-0.003643710548875081,0.0,0.1490172390677179,0.2666545316498755,0.20000000000000012,0.0,0.3843282292824065
2023-02-27,7.663672209955869e-06,0.0,0.1490172390677179,0.2666545316498755,0.20000000000000012,0.0,0.3843282292824065
2023-02-28,0.002656734239719606,0.0,0.1490172390677179,0.2666545316498755,0.20000000000000012,0.0,0.3843282292824065
2023-03-01,-0.004310427724425573,0.0,0.1490172390677179,0.2666545316498755,0.20000000000000012,0.0,0.3843282292824065
2023-03-02,0.0007166422461273489,0.0,0.1490172390677179,0.2666545316498755,0.20000000000000012,0.0,0.3843282292824065
2023-03-03,0.009506980178129862,0.0,0.1490172390677179,0.2666545316498755,0.20000000000000012,0.0,0.3843282292824065
2023-03-06,-0.0035161073213235408,0.0,0.1490172390677179,0.2666545316498755,0.20000000000000012,0.0,0.3843282292824065
2023-03-07,0.0006132677434676076,0.0,0.1490172390677179,0.2666545316498755,0.20000000000000012,0.0,0.3843282292824065
2023-03-08,0.0002761003497335074,0.0,0.1490172390677179,0.2666545316498755,0.20000000000000012,0.0,0.3843282292824065
2023-03-09,-0.0011993519874516406,0.0,0.1490172390677179,0.2666545316498755,0.20000000000000012,0.0,0.3843282292824065
2023-03-10,0.008933290074436002,0.0,0.1490172390677179,0.2666545316498755,0.20000000000000012,0.0,0.3843282292824065
2023-03-13,0.001458691677791996,0.0,0.1490172390677179,0.2666545316498755,0.20000000000000012,0.0,0.3843282292824065
2023-03-14,-0.0030791104514526282,0.0,0.1490172390677179,0.2666545316498755,0.20000000000000012,0.0,0.3843282292824065
2023-03-15,0.009882567035885224,0.0,0.1490172390677179,0.2666545316498755,0.20000000000000012,0.0,0.3843282292824065
2023-03-16,0.0005263749721075312,0.0,0.1490172390677179,0.2666545316498755,0.20000000000000012,0.0,0.3843282292824065
2023-03-17,0.0059156505560822754,0.0,0.1490172390677179,0.2666545316498755,0.20000000000000012,0.0,0.3843282292824065
2023-03-20,-0.0030174450351082936,0.0,0.1490172390677179,0.2666545316498755,0.20000000000000012,0.0,0.3843282292824065
2023-03-21,-0.004246435771749704,0.0,0.1490172390677179,0.2666545316498755,0.20000000000000012,0.0,0.3843282292824065
2023-03-22,0.001539937982598269,0.0,0.1490172390677179,0.2666545316498755,0.20000000000000012,0.0,0.3843282292824065
2023-03-23,0.0034630202168160523,0.0,0.1490172390677179,0.2666545316498755,0.20000000000000012,0.0,0.3843282292824065
2023-03-24,0.002200290520289955,0.0,0.1490172390677179,0.2666545316498755,0.20000000000000012,0.0,0.3843282292824065
2023-03-27,-0.009070697945797979,0.0,0.1490172390677179,0.2666545316498755,0.20000000000000012,0.0,0.3843282292824065
2023-03-28,0.00041330331832120355,0.0,0.1490172390677179,0.2666545316498755,0.20000000000000012,0.0,0.3843282292824065
2023-03-29,0.001604459843289128,0.0,0.1490172390677179,0.2666545316498755,0.20000000000000012,0.0,0.3843282292824065
2023-03-30,0.002117270161877463,0.0,0.1490172390677179,0.2666545316498755,0.20000000000000012,0.0,0.3843282292824065
2023-03-31,0.006436118091256311,0.0,0.1490172390677179,0.2666545316498755,0.20000000000000012,0.0,0.3843282292824065
2023-04-03,0.0014707227306456126,0.0,0.1490172390677179,0.2666545316498755,0.20000000000000012,0.0,0.3843282292824065
2023-04-04,0.0027037182375082578,0.0,0.1490172390677179,0.2666545316498755,0.20000000000000012,0.0,0.3843282292824065
2023-04-05,0.0033504457946857396,0.0,0.1490172390677179,0.2666545316498755,0.20000000000000012,0.0,0.3843282292824065
2023-04-06,0.00012144368632110698,0.0,0.1490172390677179,0.2666545316498755,0.20000000000000012,0.0,0.3843282292824065
2023-04-10,-0.003409925241593524,0.0,0.1490172390677179,0.2666545316498755,0.20000000000000012,0.0,0.3843282292824065
2023-04-11,0.0004760431803473206,0.0,0.1490172390677179,0.2666545316498755,0.20000000000000012,0.0,0.3843282292824065
2023-04-12,-0.0019783134043151883,0.0,0.1490172390677179,0.2666545316498755,0.20000000000000012,0.0,0.3843282292824065
2023-04-13,0.0007800435820409504,0.0,0.1490172390677179,0.2666545316498755,0.20000000000000012,0.0,0.3843282292824065
2023-04-14,-0.004110592808209041,0.0,0.1490172390677179,0.2666545316498755,0.20000000000000012,0.0,0.3843282292824065
2023-04-17,-0.0015841956877203035,0.0,0.1490172390677179,0.2666545316498755,0.20000000000000012,0.0,0.3843282292824065
2023-04-18,0.00044205672047714195,0.0,0.1490172390677179,0.2666545316498755,0.20000000000000012,0.0,0.3843282292824065
2023-04-19,-0.00040487234735622497,0.0,0.1490172390677179,0.2666545316498755,0.20000000000000012,0.0,0.3843282292824065
2023-04-20,0.0022541549127968715,0.0,0.1490172390677179,0.2666545316498755,0.20000000000000012,0.0,0.3843282292824065
2023-04-21,-0.003775273426398021,0.0,0.1490172390677179,0.2666545316498755,0.20000000000000012,0.0,0.3843282292824065
2023-04-24,0.0020965622503108412,0.0,0.1490172390677179,0.2666545316498755,0.20000000000000012,0.0,0.3843282292824065
2023-04-25,0.004379196566805601,0.0,0.1490172390677179,0.2666545316498755,0.20000000000000012,0.0,0.3843282292824065
2023-04-26,-0.00580546611465628,0.0,0.1490172390677179,0.2666545316498755,0.20000000000000012,0.0,0.3843282292824065
2023-04-27,0.00047031096292915117,0.0,0.1490172390677179,0.2666545316498755,0.20000000000000012,0.0,0.3843282292824065
2023-04-28,0.006182131614378314,0.0,0.1490172390677179,0.2666545316498755,0.20000000000000012,0.0,0.3843282292824065
2023-05-01,-0.00679867925066379,0.0,0.1490172390677179,0.2666545316498755,0.20000000000000012,0.0,0.3843282292824065
2023-05-02,0.007864867292103991,0.0,0.1490172390677179,0.2666545316498755,0.20000000000000012,0.0,0.3843282292824065
2023-05-03,8.92619114357861e-05,0.0,0.1490172390677179,0.2666545316498755,0.20000000000000012,0.0,0.3843282292824065
2023-05-04,-0.0018664074202731724,0.0,0.1490172390677179,0.2666545316498755,0.20000000000000012,0.0,0.3843282292824065
2023-05-05,-0.0018126793695046604,0.0,0.1490172390677179,0.2666545316498755,0.20000000000000012,0.0,0.3843282292824065
2023-05-08,-0.002896245278541844,0.0,0.1490172390677179,0.2666545316498755,0.20000000000000012,0.0,0.3843282292824065
2023-05-09,0.0010585726879509955,0.0,0.1490172390677179,0.2666545316498755,0.20000000000000012,0.0,0.3843282292824065
2023-05-10,0.0023065715692033007,0.0,0.1490172390677179,0.2666545316498755,0.20000000000000012,0.0,0.3843282292824065
2023-05-11,0.0033365125422173013,0.0,0.1490172390677179,0.2666545316498755,0.20000000000000012,0.0,0.3843282292824065
2023-05-12,-0.00029125623570058,0.0,0.1490172390677179,0.2666545316498755,0.20000000000000012,0.0,0.3843282292824065
2023-05-15,-0.002913624383793014,0.0,0.1490172390677179,0.2666545316498755,0.20000000000000012,0.0,0.3843282292824065
2023-05-16,-0.003336674123881533,0.0,0.1490172390677179,0.2666545316498755,0.20000000000000012,0.0,0.3843282292824065
2023-05-17,0.0010230364455386925,0.0,0.1490172390677179,0.2666545316498755,0.20000000000000012,0.0,0.3843282292824065
2023-05-18,-0.000266561084583166,0.0,0.1490172390677179,0.2666545316498755,0.20000000000000012,0.0,0.3843282292824065
2023-05-19,-0.001207157919043023,0.0,0.1490172390677179,0.2666545316498755,0.20000000000000012,0.0,0.3843282292824065
2023-05-22,-0.0010855097997480496,0.0,0.1490172390677179,0.2666545316498755,0.20000000000000012,0.0,0.3843282292824065
2023-05-23,0.00042228610371994,0.0,0.1490172390677179,0.2666545316498755,0.20000000000000012,0.0,0.3843282292824065
2023-05-24,-0.002658264249749394,0.0,0.1490172390677179,0.2666545316498755,0.20000000000000012,0.0,0.3843282292824065
2023-05-25,0.00045870494955076017,0.0,0.1490172390677179,0.2666545316498755,0.20000000000000012,0.0,0.3843282292824065
2023-05-26,0.004748447723827691,0.0,0.1490172390677179,0.2666545316498755,0.20000000000000012,0.0,0.3843282292824065
2023-05-30,0.0035558643051768544,0.0,0.1490172390677179,0.2666545316498755,0.20000000000000012,0.0,0.3843282292824065
2023-05-31,0.002478422894278049,0.0,0.1490172390677179,0.2666545316498755,0.20000000000000012,0.0,0.3843282292824065
