date,gross,turnover,w_SPY,w_TLT,w_GLD,w_USO,w_UUP
2019-01-02,0.00682033918162226,0.0,0.2,0.2,0.2,0.2,0.2
2019-01-03,0.0002549596793360201,0.0,0.2,0.2,0.2,0.2,0.2
2019-01-04,0.007076277279523358,0.0,0.2,0.2,0.2,0.2,0.2
2019-01-07,0.0029759993960644772,0.0,0.2,0.2,0.2,0.2,0.2
2019-01-08,0.005524543715949349,0.0,0.2,0.2,0.2,0.2,0.2
2019-01-09,0.010494021143531974,0.0,0.2,0.2,0.2,0.2,0.2
2019-01-10,0.0003373503365268205,0.0,0.2,0.2,0.2,0.2,0.2
2019-01-11,-0.002242677194774001,0.0,0.2,0.2,0.2,0.2,0.2
2019-01-14,-0.005341510554392493,0.0,0.2,0.2,0.2,0.2,0.2
2019-01-15,0.007727407028271949,0.0,0.2,0.2,0.2,0.2,0.2
2019-01-16,0.0026506374302330826,0.0,0.2,0.2,0.2,0.2,0.2
2019-01-17,0.0007630529898025709,0.0,0.2,0.2,0.2,0.2,0.2
2019-01-18,0.00553319146423974,0.0,0.2,0.2,0.2,0.2,0.2
2019-01-22,-0.003996257354986144,0.0,0.2,0.2,0.2,0.2,0.2
2019-01-23,-0.0016729874015515513,0.0,0.2,0.2,0.2,0.2,0.2
2019-01-24,0.004454523051546345,0.0,0.2,0.2,0.2,0.2,0.2
2019-01-25,0.003452970144806345,0.0,0.2,0.2,0.2,0.2,0.2
2019-01-28,-0.00619536305742825,0.0,0.2,0.2,0.2,0.2,0.2
2019-01-29,0.005781263926984304,0.0,0.2,0.2,0.2,0.2,0.2
2019-01-30,0.007443058071027386,0.0,0.2,0.2,0.2,0.2,0.2
2019-01-31,0.0030901918259420348,0.0,0.2,0.2,0.2,0.2,0.2
2019-02-01,0.0034214317114020566,0.0,0.2,0.2,0.2,0.2,0.2
2019-02-04,-0.002037277128387216,0.0,0.2,0.2,0.2,0.2,0.2
2019-02-05,-0.0008342876405427191,0.0,0.2,0.2,0.2,0.2,0.2
2019-02-06,-0.00020142968733516398,0.0,0.2,0.2,0.2,0.2,0.2
2019-02-07,-0.004047150827044566,0.0,0.2,0.2,0.2,0.2,0.2
2019-02-08,0.002271772515815984,0.0,0.2,0.2,0.2,0.2,0.2
2019-02-11,-0.0021417830321421418,0.0,0.2,0.2,0.2,0.2,0.2
2019-02-12,0.0045114800801576045,0.0,0.2,0.2,0.2,0.2,0.2
2019-02-13,0.003415353802068455,0.0,0.2,0.2,0.2,0.2,0.2
2019-02-14,0.004051672734217559,0.0,0.2,0.2,0.2,0.2,0.2
2019-02-15,0.0073045310037605626,0.0,0.2,0.2,0.2,0.2,0.2
2019-02-19,0.0043192063674838636,0.0,0.2,0.2,0.2,0.2,0.2
2019-02-20,0.002185893508412873,0.0,0.2,0.2,0.2,0.2,0.2
2019-02-21,-0.005442884601534127,0.0,0.2,0.2,0.2,0.2,0.2
2019-02-22,0.0042520808022055824,0.0,0.2,0.2,0.2,0.2,0.2
2019-02-25,-0.007042597928836969,0.0,0.2,0.2,0.2,0.2,0.2
2019-02-26,0.0014408627466500736,0.0,0.2,0.2,0.2,0.2,0.2
2019-02-27,0.0008582305522324642,0.0,0.2,0.2,0.2,0.2,0.2
2019-02-28,-0.001010677477642097,0.0,0.2,0.2,0.2,0.2,0.2
2019-03-01,-0.008076914550496594,0.0,0.2,0.2,0.2,0.2,0.2
2019-03-04,0.0029493872049448427,0.0,0.2,0.2,0.2,0.2,0.2
2019-03-05,0.0012917223467955319,0.0,0.2,0.2,0.2,0.2,0.2
2019-03-06,-0.001842399973601161,0.0,0.2,0.2,0.2,0.2,0.2
2019-03-07,0.002260948584877243,0.0,0.2,0.2,0.2,0.2,0.2
2019-03-08,0.0006631010640555822,0.0,0.2,0.2,0.2,0.2,0.2
2019-03-11,0.003085957486321589,0.0,0.2,0.2,0.2,0.2,0.2
2019-03-12,0.003487650799532993,0.0,0.2,0.2,0.2,0.2,0.2
2019-03-13,0.006464510073856999,0.0,0.2,0.2,0.2,0.2,0.2
2019-03-14,-0.0027687013186762366,0.0,0.2,0.2,0.2,0.2,0.2
2019-03-15,0.0025889705226950447,0.0,0.2,0.2,0.2,0.2,0.2
2019-03-18,0.0022949000566925507,0.0,0.2,0.2,0.2,0.2,0.2
2019-03-19,-0.0005618724237065332,0.0,0.2,0.2,0.2,0.2,0.2
2019-03-20,0.0052046368967480165,0.0,0.2,0.2,0.2,0.2,0.2
2019-03-21,0.002184133267589639,0.0,0.2,0.2,0.2,0.2,0.2
2019-03-22,-0.0032612576007872594,0.0,0.2,0.2,0.2,0.2,0.2
2019-03-25,0.002029693473117056,0.0,0.2,0.2,0.2,0.2,0.2
2019-03-26,0.004566182440318256,0.0,0.2,0.2,0.2,0.2,0.2
2019-03-27,-0.0021043424891543433,0.0,0.2,0.2,0.2,0.2,0.2
2019-03-28,-0.0005178874331646988,0.0,0.2,0.2,0.2,0.2,0.2
2019-03-29,0.003911905145356331,0.0,0.2,0.2,0.2,0.2,0.2
2019-04-01,0.003710424459342199,0.0,0.2,0.2,0.2,0.2,0.2
2019-04-02,0.004403348551289677,0.0,0.2,0.2,0.2,0.2,0.2
2019-04-03,-0.002328747963578559,0.0,0.2,0.2,0.2,0.2,0.2
2019-04-04,0.0007594222156753537,0.0,0.2,0.2,0.2,0.2,0.2
2019-04-05,0.004804299706556159,0.0,0.2,0.2,0.2,0.2,0.2
2019-04-08,0.003423562134013625,0.0,0.2,0.2,0.2,0.2,0.2
2019-04-09,-0.0003167403876220386,0.0,0.2,0.2,0.2,0.2,0.2
2019-04-10,0.002675604949648136,0.0,0.2,0.2,0.2,0.2,0.2
2019-04-11,-0.005259560099000283,0.0,0.2,0.2,0.2,0.2,0.2
2019-04-12,-0.00027714797886000384,0.0,0.2,0.2,0.2,0.2,0.2
2019-04-15,-0.0009823757215691176,0.0,0.2,0.2,0.2,0.2,0.2
2019-04-16,-0.0004878126343994982,0.0,0.2,0.2,0.2,0.2,0.2
2019-04-17,-0.0022893113450624058,0.0,0.2,0.2,0.2,0.2,0.2
2019-04-18,0.003270133976073586,0.0,0.2,0.2,0.2,0.2,0.2
2019-04-22,0.004008233495814562,0.0,0.2,0.2,0.2,0.2,0.2
2019-04-23,0.0042543226266958944,0.0,0.2,0.2,0.2,0.2,0.2
2019-04-24,0.0011690488893528529,0.0,0.2,0.2,0.2,0.2,0.2
2019-04-25,-0.002061085012351427,0.0,0.2,0.2,0.2,0.2,0.2
2019-04-26,-0.0037926735098142263,0.0,0.2,0.2,0.2,0.2,0.2
2019-04-29,-0.0001695368684051069,0.0,0.2,0.2,0.2,0.2,0.2
2019-04-30,0.002036246324619162,0.0,0.2,0.2,0.2,0.2,0.2
2019-05-01,-0.0028225030377355244,0.0,0.2,0.2,0.2,0.2,0.2
2019-05-02,-0.007741829530184675,0.0,0.2,0.2,0.2,0.2,0.2
2019-05-03,0.0037277112115703392,0.0,0.2,0.2,0.2,0.2,0.2
2019-05-06,0.0032528393526416455,0.0,0.2,0.2,0.2,0.2,0.2
2019-05-07,-0.0061952414883295285,0.0,0.2,0.2,0.2,0.2,0.2
2019-05-08,0.0009526856369550086,0.0,0.2,0.2,0.2,0.2,0.2
2019-05-09,-0.0009284454884905813,0.0,0.2,0.2,0.2,0.2,0.2
2019-05-10,0.0015040950903253193,0.0,0.2,0.2,0.2,0.2,0.2
2019-05-13,-0.0039047778315276062,0.0,0.2,0.2,0.2,0.2,0.2
2019-05-14,0.004333459898833026,0.0,0.2,0.2,0.2,0.2,0.2
2019-05-15,0.003916017709299391,0.0,0.2,0.2,0.2,0.2,0.2
2019-05-16,0.002903617863745822,0.0,0.2,0.2,0.2,0.2,0.2
2019-05-17,-0.0027198540623128765,0.0,0.2,0.2,0.2,0.2,0.2
2019-05-20,-0.0008332837694148276,0.0,0.2,0.2,0.2,0.2,0.2
2019-05-21,0.001020485496075829,0.0,0.2,0.2,0.2,0.2,0.2
2019-05-22,-0.0054553968445743015,0.0,0.2,0.2,0.2,0.2,0.2
2019-05-23,-0.009230331370413115,0.0,0.2,0.2,0.2,0.2,0.2
2019-05-24,0.0024731516800192256,0.0,0.2,0.2,0.2,0.2,0.2
2019-05-28,-0.00035709886898736007,0.0,0.2,0.2,0.2,0.2,0.2
2019-05-29,-5.0946127715212385e-05,0.0,0.2,0.2,0.2,0.2,0.2
2019-05-30,-0.004144581719877016,0.0,0.2,0.2,0.2,0.2,0.2
2019-05-31,-0.009552860782853025,0.0,0.2,0.2,0.2,0.2,0.2
2019-06-03,0.0006699529184866601,0.0,0.2,0.2,0.2,0.2,0.2
2019-06-04,0.004989565576230737,0.0,0.2,0.2,0.2,0.2,0.2
2019-06-05,-0.005187444053608138,0.0,0.2,0.2,0.2,0.2,0.2
2019-06-06,0.00729862486032431,0.0,0.2,0.2,0.2,0.2,0.2
2019-06-07,0.00709266986307573,0.0,0.2,0.2,0.2,0.2,0.2
2019-06-10,-0.004862125167463472,0.0,0.2,0.2,0.2,0.2,0.2
2019-06-11,-8.859208744089743e-05,0.0,0.2,0.2,0.2,0.2,0.2
2019-06-12,-0.007085318560822107,0.0,0.2,0.2,0.2,0.2,0.2
2019-06-13,0.007401993316024714,0.0,0.2,0.2,0.2,0.2,0.2
2019-06-14,0.0023920413533746747,0.0,0.2,0.2,0.2,0.2,0.2
2019-06-17,-0.0020010454102792788,0.0,0.2,0.2,0.2,0.2,0.2
2019-06-18,0.012553214363211307,0.0,0.2,0.2,0.2,0.2,0.2
2019-06-19,0.0024617986142005943,0.0,0.2,0.2,0.2,0.2,0.2
2019-06-20,0.015434123592608272,0.0,0.2,0.2,0.2,0.2,0.2
2019-06-21,-0.00013245861289095133,0.0,0.2,0.2,0.2,0.2,0.2
2019-06-24,0.00457655650199158,0.0,0.2,0.2,0.2,0.2,0.2
2019-06-25,-0.0006574981697225369,0.0,0.2,0.2,0.2,0.2,0.2
2019-06-26,0.0016749154477308402,0.0,0.2,0.2,0.2,0.2,0.2
2019-06-27,0.0019230296838618655,0.0,0.2,0.2,0.2,0.2,0.2
2019-06-28,-0.0027864624117369674,0.0,0.2,0.2,0.2,0.2,0.2
2019-07-01,0.002923907504762879,0.0,0.2,0.2,0.2,0.2,0.2
2019-07-02,-0.003263688370019404,0.0,0.2,0.2,0.2,0.2,0.2
2019-07-03,0.004551269987385531,0.0,0.2,0.2,0.2,0.2,0.2
2019-07-05,-0.0009804883523922394,0.0,0.2,0.2,0.2,0.2,0.2
2019-07-08,-0.00206776089645746,0.0,0.2,0.2,0.2,0.2,0.2
2019-07-09,0.002870637680925015,0.0,0.2,0.2,0.2,0.2,0.2
2019-07-10,0.010316300359497021,0.0,0.2,0.2,0.2,0.2,0.2
2019-07-11,-0.003570586790204722,0.0,0.2,0.2,0.2,0.2,0.2
2019-07-12,0.0015177777186258902,0.0,0.2,0.2,0.2,0.2,0.2
2019-07-15,-0.0019905616733701726,0.0,0.2,0.2,0.2,0.2,0.2
2019-07-16,-0.0057579999817994,0.0,0.2,0.2,0.2,0.2,0.2
2019-07-17,-0.001590189271431175,0.0,0.2,0.2,0.2,0.2,0.2
2019-07-18,-0.0007277717963696476,0.0,0.2,0.2,0.2,0.2,0.2
2019-07-19,-0.0016292085938572672,0.0,0.2,0.2,0.2,0.2,0.2
2019-07-22,0.001393018079954378,0.0,0.2,0.2,0.2,0.2,0.2
2019-07-23,0.0023452131491930044,0.0,0.2,0.2,0.2,0.2,0.2
2019-07-24,-0.0008997753228481508,0.0,0.2,0.2,0.2,0.2,0.2
2019-07-25,-0.0027748908512013728,0.0,0.2,0.2,0.2,0.2,0.2
2019-07-26,0.0033062607322292157,0.0,0.2,0.2,0.2,0.2,0.2
2019-07-29,0.004097726055583628,0.0,0.2,0.2,0.2,0.2,0.2
2019-07-30,0.005063947774026123,0.0,0.2,0.2,0.2,0.2,0.2
2019-07-31,-0.0026603953762108336,0.0,0.2,0.2,0.2,0.2,0.2
2019-08-01,-0.005689889589095177,0.0,0.2,0.2,0.2,0.2,0.2
2019-08-02,0.0021359068997839565,0.0,0.2,0.2,0.2,0.2,0.2
2019-08-05,-0.002654801382210437,0.0,0.2,0.2,0.2,0.2,0.2
2019-08-06,0.0022099116554315846,0.0,0.2,0.2,0.2,0.2,0.2
2019-08-07,-0.0023094567246668037,0.0,0.2,0.2,0.2,0.2,0.2
2019-08-08,0.007724545963202623,0.0,0.2,0.2,0.2,0.2,0.2
2019-08-09,0.00318834737550835,0.0,0.2,0.2,0.2,0.2,0.2
2019-08-12,0.004942286357976045,0.0,0.2,0.2,0.2,0.2,0.2
2019-08-13,0.011119463604153678,0.0,0.2,0.2,0.2,0.2,0.2
2019-08-14,-0.006832747009846152,0.0,0.2,0.2,0.2,0.2,0.2
2019-08-15,0.00266019234259971,0.0,0.2,0.2,0.2,0.2,0.2
2019-08-16,0.0010996586827462405,0.0,0.2,0.2,0.2,0.2,0.2
2019-08-19,0.002221332973139756,0.0,0.2,0.2,0.2,0.2,0.2
2019-08-20,0.0011317810186624257,0.0,0.2,0.2,0.2,0.2,0.2
2019-08-21,-0.00045774730455676576,0.0,0.2,0.2,0.2,0.2,0.2
2019-08-22,-0.0034255491446639973,0.0,0.2,0.2,0.2,0.2,0.2
2019-08-23,-0.004955096656050007,0.0,0.2,0.2,0.2,0.2,0.2
2019-08-26,0.002308025222086863,0.0,0.2,0.2,0.2,0.2,0.2
2019-08-27,0.008354536131129754,0.0,0.2,0.2,0.2,0.2,0.2
2019-08-28,0.005405834724313197,0.0,0.2,0.2,0.2,0.2,0.2
2019-08-29,0.0032936942062925523,0.0,0.2,0.2,0.2,0.2,0.2
2019-08-30,-0.005233711627586591,0.0,0.2,0.2,0.2,0.2,0.2
2019-09-03,-0.001870221980840458,0.0,0.2,0.2,0.2,0.2,0.2
2019-09-04,0.011289427788627472,0.0,0.2,0.2,0.2,0.2,0.2
2019-09-05,-0.005947212934558311,0.0,0.2,0.2,0.2,0.2,0.2
2019-09-06,0.001144068881667093,0.0,0.2,0.2,0.2,0.2,0.2
2019-09-09,0.0006949079471390453,0.0,0.2,0.2,0.2,0.2,0.2
2019-09-10,-0.006695265557549335,0.0,0.2,0.2,0.2,0.2,0.2
2019-09-11,-0.0021308978870152816,0.0,0.2,0.2,0.2,0.2,0.2
2019-09-12,-0.004398146351247756,0.0,0.2,0.2,0.2,0.2,0.2
2019-09-13,-0.0068825098064675405,0.0,0.2,0.2,0.2,0.2,0.2
2019-09-16,0.028799564373082932,0.0,0.2,0.2,0.2,0.2,0.2
2019-09-17,-0.00732455245857302,0.0,0.2,0.2,0.2,0.2,0.2
2019-09-18,-0.0026320945090223093,0.0,0.2,0.2,0.2,0.2,0.2
2019-09-19,0.0024387149541936774,0.0,0.2,0.2,0.2,0.2,0.2
2019-09-20,0.004748395103262282,0.0,0.2,0.2,0.2,0.2,0.2
2019-09-23,0.0014922365665170246,0.0,0.2,0.2,0.2,0.2,0.2
2019-09-24,-0.00392321193186691,0.0,0.2,0.2,0.2,0.2,0.2
2019-09-25,-0.0055633700787101285,0.0,0.2,0.2,0.2,0.2,0.2
2019-09-26,0.0013323783069139506,0.0,0.2,0.2,0.2,0.2,0.2
2019-09-27,-0.004284135566730063,0.0,0.2,0.2,0.2,0.2,0.2
2019-09-30,-0.006509508791419117,0.0,0.2,0.2,0.2,0.2,0.2
2019-10-01,-0.0039920385336480015,0.0,0.2,0.2,0.2,0.2,0.2
2019-10-02,-0.004611027457432826,0.0,0.2,0.2,0.2,0.2,0.2
2019-10-03,0.0033843780070460967,0.0,0.2,0.2,0.2,0.2,0.2
2019-10-04,0.006047533592322752,0.0,0.2,0.2,0.2,0.2,0.2
2019-10-07,-0.0038550674831457693,0.0,0.2,0.2,0.2,0.2,0.2
2019-10-08,-0.003238967545752503,0.0,0.2,0.2,0.2,0.2,0.2
2019-10-09,0.00264145263784259,0.0,0.2,0.2,0.2,0.2,0.2
2019-10-10,-0.0005462575369316271,0.0,0.2,0.2,0.2,0.2,0.2
2019-10-11,0.0018580484332133109,0.0,0.2,0.2,0.2,0.2,0.2
2019-10-14,-0.0015770086854382196,0.0,0.2,0.2,0.2,0.2,0.2
2019-10-15,-0.004573070123788604,0.0,0.2,0.2,0.2,0.2,0.2
2019-10-16,0.001992695874693906,0.0,0.2,0.2,0.2,0.2,0.2
2019-10-17,0.002154555517696633,0.0,0.2,0.2,0.2,0.2,0.2
2019-10-18,-0.0029030729565853843,0.0,0.2,0.2,0.2,0.2,0.2
2019-10-21,-0.001130324398140403,0.0,0.2,0.2,0.2,0.2,0.2
2019-10-22,0.003873616741114128,0.0,0.2,0.2,0.2,0.2,0.2
2019-10-23,0.006645992321855299,0.0,0.2,0.2,0.2,0.2,0.2
2019-10-24,0.0033228653557456633,0.0,0.2,0.2,0.2,0.2,0.2
2019-10-25,0.0022380969854796096,0.0,0.2,0.2,0.2,0.2,0.2
2019-10-28,-0.005604715623779244,0.0,0.2,0.2,0.2,0.2,0.2
2019-10-29,-0.001759289388461438,0.0,0.2,0.2,0.2,0.2,0.2
2019-10-30,0.002289049207785343,0.0,0.2,0.2,0.2,0.2,0.2
2019-10-31,0.0008254457447346207,0.0,0.2,0.2,0.2,0.2,0.2
2019-11-01,0.008247096596615044,0.0,0.2,0.2,0.2,0.2,0.2
2019-11-04,0.0004015032626715209,0.0,0.2,0.2,0.2,0.2,0.2
2019-11-05,-0.002924674841816133,0.0,0.2,0.2,0.2,0.2,0.2
2019-11-06,0.00010225644773491653,0.0,0.2,0.2,0.2,0.2,0.2
2019-11-07,-0.004391200872011881,0.0,0.2,0.2,0.2,0.2,0.2
2019-11-08,0.0006777719710570728,0.0,0.2,0.2,0.2,0.2,0.2
2019-11-11,-0.002694288360784092,0.0,0.2,0.2,0.2,0.2,0.2
2019-11-12,0.0018413925434003888,0.0,0.2,0.2,0.2,0.2,0.2
2019-11-13,0.0036050444488664683,0.0,0.2,0.2,0.2,0.2,0.2
2019-11-14,0.002212813025056626,0.0,0.2,0.2,0.2,0.2,0.2
2019-11-15,0.0031327886694679785,0.0,0.2,0.2,0.2,0.2,0.2
2019-11-18,-0.0022493825910694597,0.0,0.2,0.2,0.2,0.2,0.2
2019-11-19,-0.003612091273272955,0.0,0.2,0.2,0.2,0.2,0.2
2019-11-20,0.007131153393945034,0.0,0.2,0.2,0.2,0.2,0.2
2019-11-21,0.002671622756698011,0.0,0.2,0.2,0.2,0.2,0.2
2019-11-22,-0.0005534534186390161,0.0,0.2,0.2,0.2,0.2,0.2
2019-11-25,0.0013265013248133562,0.0,0.2,0.2,0.2,0.2,0.2
2019-11-26,0.003683264228491767,0.0,0.2,0.2,0.2,0.2,0.2
2019-11-27,-0.0012722922903949606,0.0,0.2,0.2,0.2,0.2,0.2
2019-11-29,-0.008716860910366343,0.0,0.2,0.2,0.2,0.2,0.2
2019-12-02,-0.004424058312907842,0.0,0.2,0.2,0.2,0.2,0.2
2019-12-03,0.00608666925904997,0.0,0.2,0.2,0.2,0.2,0.2
2019-12-04,0.006052601084631815,0.0,0.2,0.2,0.2,0.2,0.2
2019-12-05,-0.0009468342632972472,0.0,0.2,0.2,0.2,0.2,0.2
2019-12-06,0.001616886973000842,0.0,0.2,0.2,0.2,0.2,0.2
2019-12-09,-0.0003150948099730044,0.0,0.2,0.2,0.2,0.2,0.2
2019-12-10,0.0011072519316317033,0.0,0.2,0.2,0.2,0.2,0.2
2019-12-11,0.001315868629589545,0.0,0.2,0.2,0.2,0.2,0.2
2019-12-12,-0.0008344942923691481,0.0,0.2,0.2,0.2,0.2,0.2
2019-12-13,0.005269225343526741,0.0,0.2,0.2,0.2,0.2,0.2
2019-12-16,0.0007878805936750944,0.0,0.2,0.2,0.2,0.2,0.2
2019-12-17,0.0021657854148493085,0.0,0.2,0.2,0.2,0.2,0.2
2019-12-18,-0.0009259125868537499,0.0,0.2,0.2,0.2,0.2,0.2
2019-12-19,0.002285638807764912,0.0,0.2,0.2,0.2,0.2,0.2
2019-12-20,-0.00033210982814344567,0.0,0.2,0.2,0.2,0.2,0.2
2019-12-23,0.0016312651722975025,0.0,0.2,0.2,0.2,0.2,0.2
2019-12-24,0.0035665184961808814,0.0,0.2,0.2,0.2,0.2,0.2
2019-12-26,0.004693175745505274,0.0,0.2,0.2,0.2,0.2,0.2
2019-12-27,-0.0005822668236163954,0.0,0.2,0.2,0.2,0.2,0.2
2019-12-30,-0.0021024092878124236,0.0,0.2,0.2,0.2,0.2,0.2
2019-12-31,-0.0028733163872402432,0.0,0.2,0.2,0.2,0.2,0.2
2020-01-02,0.006291702953962997,0.0,0.2,0.2,0.2,0.2,0.2
2020-01-03,0.01022619913105689,0.0,0.2,0.2,0.2,0.2,0.2
2020-01-06,0.000961837285793754,0.0,0.2,0.2,0.2,0.2,0.2
2020-01-07,-0.0005229881112693404,0.0,0.2,0.2,0.2,0.2,0.2
2020-01-08,-0.008379656084774,0.0,0.2,0.2,0.2,0.2,0.2
2020-01-09,-0.001375937537475047,0.0,0.2,0.2,0.2,0.2,0.2
2020-01-10,0.0009743991435610111,0.0,0.2,0.2,0.2,0.2,0.2
2020-01-13,-0.004099542576720361,0.0,0.2,0.2,0.2,0.2,0.2
2020-01-14,0.001933297624701802,0.0,0.2,0.2,0.2,0.2,0.2
2020-01-15,0.001011503064582131,0.0,0.2,0.2,0.2,0.2,0.2
2020-01-16,0.0028314190016882623,0.0,0.2,0.2,0.2,0.2,0.2
2020-01-17,0.0006190295049774311,0.0,0.2,0.2,0.2,0.2,0.2
2020-01-21,0.00031601131836636034,0.0,0.2,0.2,0.2,0.2,0.2
2020-01-22,-0.004912725411893804,0.0,0.2,0.2,0.2,0.2,0.2
2020-01-23,-0.0014214930019496256,0.0,0.2,0.2,0.2,0.2,0.2
2020-01-24,-0.002633308121150879,0.0,0.2,0.2,0.2,0.2,0.2
2020-01-27,-0.004201069372150635,0.0,0.2,0.2,0.2,0.2,0.2
2020-01-28,0.0014469393737993168,0.0,0.2,0.2,0.2,0.2,0.2
2020-01-29,0.0015768673532810642,0.0,0.2,0.2,0.2,0.2,0.2
2020-01-30,-0.0013479331209805825,0.0,0.2,0.2,0.2,0.2,0.2
2020-01-31,-0.005812870415810268,0.0,0.2,0.2,0.2,0.2,0.2
2020-02-03,-0.005443709094443782,0.0,0.2,0.2,0.2,0.2,0.2
2020-02-04,-0.002897245266208915,0.0,0.2,0.2,0.2,0.2,0.2
2020-02-05,0.0061053314201710675,0.0,0.2,0.2,0.2,0.2,0.2
2020-02-06,0.003776399982357548,0.0,0.2,0.2,0.2,0.2,0.2
2020-02-07,-0.0005695082113970963,0.0,0.2,0.2,0.2,0.2,0.2
2020-02-10,-0.0001632871761214406,0.0,0.2,0.2,0.2,0.2,0.2
2020-02-11,-3.905193634758938e-05,0.0,0.2,0.2,0.2,0.2,0.2
2020-02-12,0.0065424211864541625,0.0,0.2,0.2,0.2,0.2,0.2
2020-02-13,0.002472054206991836,0.0,0.2,0.2,0.2,0.2,0.2
2020-02-14,0.003986436453341668,0.0,0.2,0.2,0.2,0.2,0.2
2020-02-18,0.004165502101581665,0.0,0.2,0.2,0.2,0.2,0.2
2020-02-19,0.006681926259142723,0.0,0.2,0.2,0.2,0.2,0.2
2020-02-20,0.003945527032623941,0.0,0.2,0.2,0.2,0.2,0.2
2020-02-21,-0.000499843190591265,0.0,0.2,0.2,0.2,0.2,0.2
2020-02-24,-0.009302641373883258,0.0,0.2,0.2,0.2,0.2,0.2
2020-02-25,-0.015497927782475919,0.0,0.2,0.2,0.2,0.2,0.2
2020-02-26,-0.00480983373599524,0.0,0.2,0.2,0.2,0.2,0.2
2020-02-27,-0.016015761490119983,0.0,0.2,0.2,0.2,0.2,0.2
2020-02-28,-0.011046852988431444,0.0,0.2,0.2,0.2,0.2,0.2
2020-03-02,0.017186748545806707,0.0,0.2,0.2,0.2,0.2,0.2
2020-03-03,0.0022270153377962785,0.0,0.2,0.2,0.2,0.2,0.2
2020-03-04,0.006711893744489905,0.0,0.2,0.2,0.2,0.2,0.2
2020-03-05,-0.003937467715068089,0.0,0.2,0.2,0.2,0.2,0.2
2020-03-06,-0.01228211091613787,0.0,0.2,0.2,0.2,0.2,0.2
2020-03-09,-0.06265010978369541,0.0,0.2,0.2,0.2,0.2,0.2
2020-03-10,0.020915299890551964,0.0,0.2,0.2,0.2,0.2,0.2
2020-03-11,-0.02580216772950583,0.0,0.2,0.2,0.2,0.2,0.2
2020-03-12,-0.035260471412474084,0.0,0.2,0.2,0.2,0.2,0.2
2020-03-13,0.02688183875583208,0.0,0.2,0.2,0.2,0.2,0.2
2020-03-16,-0.04378429477829813,0.0,0.2,0.2,0.2,0.2,0.2
2020-03-17,-0.007527666417649527,0.0,0.2,0.2,0.2,0.2,0.2
2020-03-18,-0.05738606691129964,0.0,0.2,0.2,0.2,0.2,0.2
2020-03-19,0.034852058373972344,0.0,0.2,0.2,0.2,0.2,0.2
2020-03-20,-0.007165132440246479,0.0,0.2,0.2,0.2,0.2,0.2
2020-03-23,0.00924951015824247,0.0,0.2,0.2,0.2,0.2,0.2
2020-03-24,0.025913894455658993,0.0,0.2,0.2,0.2,0.2,0.2
2020-03-25,0.0019373513009743218,0.0,0.2,0.2,0.2,0.2,0.2
2020-03-26,0.002171435747223005,0.0,0.2,0.2,0.2,0.2,0.2
2020-03-27,-0.01845014247307255,0.0,0.2,0.2,0.2,0.2,0.2
2020-03-30,-0.0041109255473647625,0.0,0.2,0.2,0.2,0.2,0.2
2020-03-31,-0.01206841282783291,0.0,0.2,0.2,0.2,0.2,0.2
2020-04-01,0.0050355468818348076,0.0,0.2,0.2,0.2,0.2,0.2
2020-04-02,0.043533322204669614,0.0,0.2,0.2,0.2,0.2,0.2
2020-04-03,0.030597776587618617,0.0,0.2,0.2,0.2,0.2,0.2
2020-04-06,0.0042889927289013335,0.0,0.2,0.2,0.2,0.2,0.2
2020-04-07,-0.019026422027943066,0.0,0.2,0.2,0.2,0.2,0.2
2020-04-08,0.015218161575155011,0.0,0.2,0.2,0.2,0.2,0.2
2020-04-09,-0.007366964650061682,0.0,0.2,0.2,0.2,0.2,0.2
2020-04-13,-0.002528652168107071,0.0,0.2,0.2,0.2,0.2,0.2
2020-04-14,-0.004644801991297332,0.0,0.2,0.2,0.2,0.2,0.2
2020-04-15,-0.00834877012865709,0.0,0.2,0.2,0.2,0.2,0.2
2020-04-16,0.0007932314999010925,0.0,0.2,0.2,0.2,0.2,0.2
2020-04-17,-0.008559076788981202,0.0,0.2,0.2,0.2,0.2,0.2
2020-04-20,-0.021675652891121857,0.0,0.2,0.2,0.2,0.2,0.2
2020-04-21,-0.05475746716408315,0.0,0.2,0.2,0.2,0.2,0.2
2020-04-22,-0.014433042846899037,0.0,0.2,0.2,0.2,0.2,0.2
2020-04-23,0.013470258875094034,0.0,0.2,0.2,0.2,0.2,0.2
2020-04-24,-0.0033437818463860408,0.0,0.2,0.2,0.2,0.2,0.2
2020-04-27,-0.032254263328203844,0.0,0.2,0.2,0.2,0.2,0.2
2020-04-28,-0.005209590117301488,0.0,0.2,0.2,0.2,0.2,0.2
2020-04-29,0.015759453683733573,0.0,0.2,0.2,0.2,0.2,0.2
2020-04-30,0.0033624717417937607,0.0,0.2,0.2,0.2,0.2,0.2
2020-05-01,-0.004843438362045149,0.0,0.2,0.2,0.2,0.2,0.2
2020-05-04,0.01001997317168204,0.0,0.2,0.2,0.2,0.2,0.2
2020-05-05,0.020272871701108183,0.0,0.2,0.2,0.2,0.2,0.2
2020-05-06,-0.012327308878838796,0.0,0.2,0.2,0.2,0.2,0.2
2020-05-07,0.004589719880195387,0.0,0.2,0.2,0.2,0.2,0.2
2020-05-08,0.009203344975302287,0.0,0.2,0.2,0.2,0.2,0.2
2020-05-11,-0.004821581686848986,0.0,0.2,0.2,0.2,0.2,0.2
2020-05-12,-0.0034135800643090076,0.0,0.2,0.2,0.2,0.2,0.2
2020-05-13,-0.0033730121932960657,0.0,0.2,0.2,0.2,0.2,0.2
2020-05-14,0.014594544294477086,0.0,0.2,0.2,0.2,0.2,0.2
2020-05-15,0.010445538291813761,0.0,0.2,0.2,0.2,0.2,0.2
2020-05-18,0.01571991171929912,0.0,0.2,0.2,0.2,0.2,0.2
2020-05-19,0.0015452675077419545,0.0,0.2,0.2,0.2,0.2,0.2
2020-05-20,0.011168001730589405,0.0,0.2,0.2,0.2,0.2,0.2
2020-05-21,0.006595087311788507,0.0,0.2,0.2,0.2,0.2,0.2
2020-05-22,-0.004383380789330959,0.0,0.2,0.2,0.2,0.2,0.2
2020-05-26,-0.0038388764667622866,0.0,0.2,0.2,0.2,0.2,0.2
2020-05-27,-0.002249949428640097,0.0,0.2,0.2,0.2,0.2,0.2
2020-05-28,-0.001240477186218203,0.0,0.2,0.2,0.2,0.2,0.2
2020-05-29,0.010282661519775195,0.0,0.2,0.2,0.2,0.2,0.2
2020-06-01,0.0018823215071294367,0.0,0.2,0.2,0.2,0.2,0.2
2020-06-02,0.005890299867059312,0.0,0.2,0.2,0.2,0.2,0.2
2020-06-03,-0.0045296637817675124,0.0,0.2,0.2,0.2,0.2,0.2
2020-06-04,0.0007248479753193759,0.0,0.2,0.2,0.2,0.2,0.2
2020-06-05,0.009992033252759769,0.0,0.2,0.2,0.2,0.2,0.2
2020-06-08,0.0013526972738776783,0.0,0.2,0.2,0.2,0.2,0.2
2020-06-09,0.002449150472359651,0.0,0.2,0.2,0.2,0.2,0.2
2020-06-10,0.0037870690169923065,0.0,0.2,0.2,0.2,0.2,0.2
2020-06-11,-0.02174894573578772,0.0,0.2,0.2,0.2,0.2,0.2
2020-06-12,0.0018157122444308446,0.0,0.2,0.2,0.2,0.2,0.2
2020-06-15,0.004945535952223268,0.0,0.2,0.2,0.2,0.2,0.2
2020-06-16,0.0061886291967266915,0.0,0.2,0.2,0.2,0.2,0.2
2020-06-17,-0.002075450677380286,0.0,0.2,0.2,0.2,0.2,0.2
2020-06-18,0.007034859607517241,0.0,0.2,0.2,0.2,0.2,0.2
2020-06-19,0.003889773523601448,0.0,0.2,0.2,0.2,0.2,0.2
2020-06-22,0.006663464442127655,0.007133140288240553,0.2,0.20713314028824056,0.2,0.19286685971175946,0.2
2020-06-23,-0.001227277564568194,0.0,0.2,0.20713314028824056,0.2,0.19286685971175946,0.2
2020-06-24,-0.012530966804337719,0.0,0.2,0.20713314028824056,0.2,0.19286685971175946,0.2
2020-06-25,0.007808975778118326,0.0,0.2,0.20713314028824056,0.2,0.19286685971175946,0.2
2020-06-26,-0.005340327727879046,0.0,0.2,0.20713314028824056,0.2,0.19286685971175946,0.2
2020-06-29,0.008886576747960222,0.0,0.2,0.20713314028824056,0.2,0.19286685971175946,0.2
2020-06-30,0.000707885039454177,0.0,0.2,0.20713314028824056,0.2,0.19286685971175946,0.2
2020-07-01,0.0016398841057502376,0.0,0.2,0.20713314028824056,0.2,0.19286685971175946,0.2
2020-07-02,0.0045140062642371115,0.008296712189902383,0.2,0.21542985247814295,0.2,0.18457014752185708,0.2
2020-07-06,0.003685707115056675,0.0,0.2,0.21542985247814295,0.2,0.18457014752185708,0.2
2020-07-07,0.0017540400297549946,0.007582994959792075,0.19999999999999996,0.2230128474379349,0.19999999999999996,0.17698715256206504,0.19999999999999996
2020-07-08,0.003210020629936759,1.249000902703301e-16,0.2,0.22301284743793495,0.2,0.17698715256206507,0.2
2020-07-09,-0.0021082602840355267,1.249000902703301e-16,0.19999999999999996,0.2230128474379349,0.19999999999999996,0.17698715256206504,0.19999999999999996
2020-07-10,0.003959241872401425,1.249000902703301e-16,0.2,0.22301284743793495,0.2,0.17698715256206507,0.2
2020-07-13,-0.004283806787801537,1.249000902703301e-16,0.19999999999999996,0.2230128474379349,0.19999999999999996,0.17698715256206504,0.19999999999999996
2020-07-14,0.005821436294167558,1.249000902703301e-16,0.2,0.22301284743793495,0.2,0.17698715256206507,0.2
2020-07-15,0.0029474795351180074,1.249000902703301e-16,0.19999999999999996,0.2230128474379349,0.19999999999999996,0.17698715256206504,0.19999999999999996
2020-07-16,-0.0015817792840266906,1.249000902703301e-16,0.2,0.22301284743793495,0.2,0.17698715256206507,0.2
2020-07-17,0.0005514660188401894,1.249000902703301e-16,0.19999999999999996,0.2230128474379349,0.19999999999999996,0.17698715256206504,0.19999999999999996
2020-07-20,0.002941705404130052,1.249000902703301e-16,0.2,0.22301284743793495,0.2,0.17698715256206507,0.2
2020-07-21,0.0052371849740127895,0.007126116040771735,0.2,0.2301389634787067,0.2,0.16986103652129333,0.2
2020-07-22,0.004494057100802954,0.0,0.2,0.2301389634787067,0.2,0.16986103652129333,0.2
2020-07-23,-0.0002639346551052504,0.0,0.2,0.2301389634787067,0.2,0.16986103652129333,0.2
2020-07-24,-0.00027160812725743165,0.0,0.2,0.2301389634787067,0.2,0.16986103652129333,0.2
2020-07-27,0.004680385821944374,0.0,0.2,0.2301389634787067,0.2,0.16986103652129333,0.2
2020-07-28,0.00019330658678665103,0.0,0.2,0.2301389634787067,0.2,0.16986103652129333,0.2
2020-07-29,0.0038962609174665536,0.0,0.2,0.2301389634787067,0.2,0.16986103652129333,0.2
2020-07-30,-0.005146301600034123,0.0,0.2,0.2301389634787067,0.2,0.16986103652129333,0.2
2020-07-31,0.005265915574630894,0.0,0.2,0.2301389634787067,0.2,0.16986103652129333,0.2
2020-08-03,0.00193825225248915,0.006818602218085917,0.2,0.2369575656967926,0.2,0.16304243430320742,0.2
2020-08-04,0.008984979107318086,0.006368986028849666,0.2,0.24332655172564227,0.2,0.15667344827435775,0.2
2020-08-05,0.002465542589825344,0.0,0.2,0.24332655172564227,0.2,0.15667344827435775,0.2
2020-08-06,0.0050918212203529024,0.0,0.2,0.24332655172564227,0.2,0.15667344827435775,0.2
2020-08-07,-0.005172379651146283,0.0,0.2,0.24332655172564227,0.2,0.15667344827435775,0.2
2020-08-10,0.0007614958878981613,0.0,0.2,0.24332655172564227,0.2,0.15667344827435775,0.2
2020-08-11,-0.016731302265086914,0.0,0.2,0.24332655172564227,0.2,0.15667344827435775,0.2
2020-08-12,0.0028971110433931354,0.0,0.2,0.24332655172564227,0.2,0.15667344827435775,0.2
2020-08-13,0.0008618349361973494,0.0,0.2,0.24332655172564227,0.2,0.15667344827435775,0.2
2020-08-14,-0.002484475584579873,0.0,0.2,0.24332655172564227,0.2,0.15667344827435775,0.2
2020-08-17,0.0069845736104523935,0.0,0.2,0.24332655172564227,0.2,0.15667344827435775,0.2
2020-08-18,0.0020529959896091743,0.004854410183596669,0.2,0.24818096190923894,0.2,0.15181903809076108,0.2
2020-08-19,-0.006795062924770576,0.0,0.2,0.24818096190923894,0.2,0.15181903809076108,0.2
2020-08-20,0.002998411429540394,0.0,0.2,0.24818096190923894,0.2,0.15181903809076108,0.2
2020-08-21,-0.00013901331895761976,0.0,0.2,0.24818096190923894,0.2,0.15181903809076108,0.2
2020-08-24,0.0016645498630729885,0.0,0.2,0.24818096190923894,0.2,0.15181903809076108,0.2
2020-08-25,0.0011810610661447903,0.0,0.2,0.24818096190923894,0.2,0.15181903809076108,0.2
2020-08-26,0.003227629528955187,0.0,0.2,0.24818096190923894,0.2,0.15181903809076108,0.2
2020-08-27,-0.007133661960517755,0.0,0.2,0.24818096190923894,0.2,0.15181903809076108,0.2
2020-08-28,0.00323909836031007,0.0,0.2,0.24818096190923894,0.2,0.15181903809076108,0.2
2020-08-31,0.0004684306822318168,0.0,0.2,0.24818096190923894,0.2,0.15181903809076108,0.2
2020-09-01,0.005556365672055484,0.004341305910106674,0.2,0.2525222678193456,0.2,0.1474777321806544,0.2
2020-09-02,-0.0002215060294848507,0.0,0.2,0.2525222678193456,0.2,0.1474777321806544,0.2
2020-09-03,-0.00879286446401333,0.0,0.2,0.2525222678193456,0.2,0.1474777321806544,0.2
2020-09-04,-0.011178944786507404,0.0,0.2,0.2525222678193456,0.2,0.1474777321806544,0.2
2020-09-08,-0.01236625940758556,0.0,0.2,0.2525222678193456,0.2,0.1474777321806544,0.2
2020-09-09,0.008534056227020696,0.0,0.2,0.2525222678193456,0.2,0.1474777321806544,0.2
2020-09-10,-0.005772603225276357,0.0,0.2,0.2525222678193456,0.2,0.1474777321806544,0.2
2020-09-11,0.0016091542611776236,0.0,0.2,0.2525222678193456,0.2,0.1474777321806544,0.2
2020-09-14,0.003175468563551158,0.0,0.2,0.2525222678193456,0.2,0.1474777321806544,0.2
2020-09-15,0.0032519259653217723,0.0,0.2,0.2525222678193456,0.2,0.1474777321806544,0.2
2020-09-16,0.005361641485869068,0.004791392600116434,0.2,0.2573136604194621,0.2,0.142686339580538,0.2
2020-09-17,-0.0001507162912363102,0.0,0.2,0.2573136604194621,0.2,0.142686339580538,0.2
2020-09-18,-0.00343053491920077,0.0,0.2,0.2573136604194621,0.2,0.142686339580538,0.2
2020-09-21,-0.007284717935467469,0.0,0.2,0.2573136604194621,0.2,0.142686339580538,0.2
2020-09-22,0.0009705290511672451,0.0,0.2,0.2573136604194621,0.2,0.142686339580538,0.2
2020-09-23,-0.00822059250782578,0.0,0.2,0.2573136604194621,0.2,0.142686339580538,0.2
2020-09-24,0.004341237267661137,0.0,0.2,0.2573136604194621,0.2,0.142686339580538,0.2
2020-09-25,0.002461830699287595,0.0,0.2,0.2573136604194621,0.2,0.142686339580538,0.2
2020-09-28,0.0056866543235500056,0.0,0.2,0.2573136604194621,0.2,0.142686339580538,0.2
2020-09-29,-0.004971814313531578,0.0,0.2,0.2573136604194621,0.2,0.142686339580538,0.2
2020-09-30,0.0008050554072799121,0.002691295724314688,0.2,0.2600049561437767,0.2,0.13999504385622327,0.2
2020-10-01,-0.0006783342033550035,0.0,0.2,0.2600049561437767,0.2,0.13999504385622327,0.2
2020-10-02,-0.00847794880759972,0.0,0.2,0.2600049561437767,0.2,0.13999504385622327,0.2
2020-10-05,0.006818532134996094,0.001883496265561474,0.2,0.2618884524093382,0.2,0.13811154759066183,0.2
2020-10-06,-0.0009936341035008478,0.0034765236021649937,0.19999999999999996,0.2653649760115031,0.19999999999999996,0.1346350239884969,0.19999999999999996
2020-10-07,0.0012190371540761655,8.326672684688674e-17,0.19999999999999998,0.26536497601150316,0.19999999999999998,0.13463502398849692,0.19999999999999998
2020-10-08,0.007394143318282568,0.0,0.19999999999999998,0.26536497601150316,0.19999999999999998,0.13463502398849692,0.19999999999999998
2020-10-09,0.002103115342558748,0.0,0.19999999999999998,0.26536497601150316,0.19999999999999998,0.13463502398849692,0.19999999999999998
2020-10-12,0.0003403561536344259,0.0,0.19999999999999998,0.26536497601150316,0.19999999999999998,0.13463502398849692,0.19999999999999998
2020-10-13,0.0005146133194500937,0.0,0.19999999999999998,0.26536497601150316,0.19999999999999998,0.13463502398849692,0.19999999999999998
2020-10-14,0.0019541432301600848,0.0,0.19999999999999998,0.26536497601150316,0.19999999999999998,0.13463502398849692,0.19999999999999998
2020-10-15,0.0007903507702837354,0.0,0.19999999999999998,0.26536497601150316,0.19999999999999998,0.13463502398849692,0.19999999999999998
2020-10-16,-0.002812087110815919,0.0,0.19999999999999998,0.26536497601150316,0.19999999999999998,0.13463502398849692,0.19999999999999998
2020-10-19,-0.005184796477699563,0.0,0.19999999999999998,0.26536497601150316,0.19999999999999998,0.13463502398849692,0.19999999999999998
2020-10-20,0.0007714316810211186,0.0,0.19999999999999998,0.26536497601150316,0.19999999999999998,0.13463502398849692,0.19999999999999998
2020-10-21,-0.005226173071257139,0.0,0.19999999999999998,0.26536497601150316,0.19999999999999998,0.13463502398849692,0.19999999999999998
2020-10-22,-0.0008577027393063396,0.0,0.19999999999999998,0.26536497601150316,0.19999999999999998,0.13463502398849692,0.19999999999999998
2020-10-23,-0.0013645544083611206,0.0,0.19999999999999998,0.26536497601150316,0.19999999999999998,0.13463502398849692,0.19999999999999998
2020-10-26,-0.00432767497808553,0.0,0.19999999999999998,0.26536497601150316,0.19999999999999998,0.13463502398849692,0.19999999999999998
2020-10-27,0.004100003716192481,0.0,0.19999999999999998,0.26536497601150316,0.19999999999999998,0.13463502398849692,0.19999999999999998
2020-10-28,-0.015250463732246162,0.0,0.19999999999999998,0.26536497601150316,0.19999999999999998,0.13463502398849692,0.19999999999999998
2020-10-29,-0.004213150755730064,0.0,0.19999999999999998,0.26536497601150316,0.19999999999999998,0.13463502398849692,0.19999999999999998
2020-10-30,-0.0053946970394114545,0.0,0.19999999999999998,0.26536497601150316,0.19999999999999998,0.13463502398849692,0.19999999999999998
2020-11-02,0.011792367957478421,0.0,0.19999999999999998,0.26536497601150316,0.19999999999999998,0.13463502398849692,0.19999999999999998
2020-11-03,0.004383013569758409,0.0,0.19999999999999998,0.26536497601150316,0.19999999999999998,0.13463502398849692,0.19999999999999998
2020-11-04,0.013425688548851275,0.0,0.19999999999999998,0.26536497601150316,0.19999999999999998,0.13463502398849692,0.19999999999999998
2020-11-05,0.0056813199592825655,0.0,0.19999999999999998,0.26536497601150316,0.19999999999999998,0.13463502398849692,0.19999999999999998
2020-11-06,-0.007109035887961706,0.0,0.19999999999999998,0.26536497601150316,0.19999999999999998,0.13463502398849692,0.19999999999999998
2020-11-09,-0.0024939537011689945,0.0,0.19999999999999998,0.26536497601150316,0.19999999999999998,0.13463502398849692,0.19999999999999998
2020-11-10,0.002867774625551119,0.0,0.19999999999999998,0.26536497601150316,0.19999999999999998,0.13463502398849692,0.19999999999999998
2020-11-11,0.002423112544940866,0.0,0.19999999999999998,0.26536497601150316,0.19999999999999998,0.13463502398849692,0.19999999999999998
2020-11-12,0.0020261757127441153,0.0,0.19999999999999998,0.26536497601150316,0.19999999999999998,0.13463502398849692,0.19999999999999998
2020-11-13,0.0008925308836418497,0.0,0.19999999999999998,0.26536497601150316,0.19999999999999998,0.13463502398849692,0.19999999999999998
2020-11-16,0.004622679426114112,0.0,0.19999999999999998,0.26536497601150316,0.19999999999999998,0.13463502398849692,0.19999999999999998
2020-11-17,-0.00011718641396579678,0.0,0.19999999999999998,0.26536497601150316,0.19999999999999998,0.13463502398849692,0.19999999999999998
2020-11-18,-0.002096203734021758,0.0,0.19999999999999998,0.26536497601150316,0.19999999999999998,0.13463502398849692,0.19999999999999998
2020-11-19,0.0019290226102480438,0.0,0.19999999999999998,0.26536497601150316,0.19999999999999998,0.13463502398849692,0.19999999999999998
2020-11-20,0.0026636664182092752,0.0,0.19999999999999998,0.26536497601150316,0.19999999999999998,0.13463502398849692,0.19999999999999998
2020-11-23,-0.002485017296815634,0.0,0.19999999999999998,0.26536497601150316,0.19999999999999998,0.13463502398849692,0.19999999999999998
2020-11-24,0.0023929631954802484,0.0,0.19999999999999998,0.26536497601150316,0.19999999999999998,0.13463502398849692,0.19999999999999998
2020-11-25,0.0009499403021869411,0.0,0.19999999999999998,0.26536497601150316,0.19999999999999998,0.13463502398849692,0.19999999999999998
2020-11-27,5.618761642805538e-05,0.0,0.19999999999999998,0.26536497601150316,0.19999999999999998,0.13463502398849692,0.19999999999999998
2020-11-30,-0.003145170121145931,0.0,0.19999999999999998,0.26536497601150316,0.19999999999999998,0.13463502398849692,0.19999999999999998
2020-12-01,-0.0008074567924211754,0.0,0.19999999999999998,0.26536497601150316,0.19999999999999998,0.13463502398849692,0.19999999999999998
2020-12-02,0.0011139408754901018,0.0,0.19999999999999998,0.26536497601150316,0.19999999999999998,0.13463502398849692,0.19999999999999998
2020-12-03,0.0038191706178054238,0.0,0.19999999999999998,0.26536497601150316,0.19999999999999998,0.13463502398849692,0.19999999999999998
2020-12-04,-0.0011543489685220114,0.0,0.19999999999999998,0.26536497601150316,0.19999999999999998,0.13463502398849692,0.19999999999999998
2020-12-07,0.0046100315325490965,0.0,0.19999999999999998,0.26536497601150316,0.19999999999999998,0.13463502398849692,0.19999999999999998
2020-12-08,0.002824384931963724,0.0,0.19999999999999998,0.26536497601150316,0.19999999999999998,0.13463502398849692,0.19999999999999998
2020-12-09,-0.006308047700624936,0.0,0.19999999999999998,0.26536497601150316,0.19999999999999998,0.13463502398849692,0.19999999999999998
2020-12-10,0.004641714102537029,0.0,0.19999999999999998,0.26536497601150316,0.19999999999999998,0.13463502398849692,0.19999999999999998
2020-12-11,0.0008538605322396429,0.0,0.19999999999999998,0.26536497601150316,0.19999999999999998,0.13463502398849692,0.19999999999999998
2020-12-14,-0.002333279495062714,0.0,0.19999999999999998,0.26536497601150316,0.19999999999999998,0.13463502398849692,0.19999999999999998
2020-12-15,0.005508356037367536,0.0,0.19999999999999998,0.26536497601150316,0.19999999999999998,0.13463502398849692,0.19999999999999998
2020-12-16,0.0012927937882375614,0.0,0.19999999999999998,0.26536497601150316,0.19999999999999998,0.13463502398849692,0.19999999999999998
2020-12-17,0.0031800611608440487,0.0,0.19999999999999998,0.26536497601150316,0.19999999999999998,0.13463502398849692,0.19999999999999998
2020-12-18,-0.00038655768044058684,0.0,0.19999999999999998,0.26536497601150316,0.19999999999999998,0.13463502398849692,0.19999999999999998
2020-12-21,-0.0032631102953158404,0.0,0.19999999999999998,0.26536497601150316,0.19999999999999998,0.13463502398849692,0.19999999999999998
2020-12-22,-0.001747383027068396,0.0,0.19999999999999998,0.26536497601150316,0.19999999999999998,0.13463502398849692,0.19999999999999998
2020-12-23,0.0015448336588752788,0.0,0.19999999999999998,0.26536497601150316,0.19999999999999998,0.13463502398849692,0.19999999999999998
2020-12-24,0.003488330154532287,0.0,0.19999999999999998,0.26536497601150316,0.19999999999999998,0.13463502398849692,0.19999999999999998
2020-12-28,-0.00023910777192035155,0.0,0.19999999999999998,0.26536497601150316,0.19999999999999998,0.13463502398849692,0.19999999999999998
2020-12-29,0.0001375726842532601,0.0,0.19999999999999998,0.26536497601150316,0.19999999999999998,0.13463502398849692,0.19999999999999998
2020-12-30,0.0021003771464718386,0.0,0.19999999999999998,0.26536497601150316,0.19999999999999998,0.13463502398849692,0.19999999999999998
2020-12-31,0.003134786706289747,0.0,0.19999999999999998,0.26536497601150316,0.19999999999999998,0.13463502398849692,0.19999999999999998
2021-01-04,-0.0009952262912913418,0.0,0.19999999999999998,0.26536497601150316,0.19999999999999998,0.13463502398849692,0.19999999999999998
2021-01-05,0.005331271805393001,0.0,0.19999999999999998,0.26536497601150316,0.19999999999999998,0.13463502398849692,0.19999999999999998
2021-01-06,-0.00707437138296659,0.0,0.19999999999999998,0.26536497601150316,0.19999999999999998,0.13463502398849692,0.19999999999999998
2021-01-07,0.002985574178825791,0.0,0.19999999999999998,0.26536497601150316,0.19999999999999998,0.13463502398849692,0.19999999999999998
2021-01-08,-0.0027194553782203157,0.0,0.19999999999999998,0.26536497601150316,0.19999999999999998,0.13463502398849692,0.19999999999999998
2021-01-11,-0.0015889050283024735,0.0,0.19999999999999998,0.26536497601150316,0.19999999999999998,0.13463502398849692,0.19999999999999998
2021-01-12,0.0025053140451670574,0.0,0.19999999999999998,0.26536497601150316,0.19999999999999998,0.13463502398849692,0.19999999999999998
2021-01-13,0.002949328933654903,0.0,0.19999999999999998,0.26536497601150316,0.19999999999999998,0.13463502398849692,0.19999999999999998
2021-01-14,-0.0020457140829132896,0.0,0.19999999999999998,0.26536497601150316,0.19999999999999998,0.13463502398849692,0.19999999999999998
2021-01-15,-0.00491487302425672,0.0,0.19999999999999998,0.26536497601150316,0.19999999999999998,0.13463502398849692,0.19999999999999998
2021-01-19,0.0051114146528185266,0.0,0.19999999999999998,0.26536497601150316,0.19999999999999998,0.13463502398849692,0.19999999999999998
2021-01-20,0.0063542363112543965,0.0,0.19999999999999998,0.26536497601150316,0.19999999999999998,0.13463502398849692,0.19999999999999998
2021-01-21,-0.002819858920392969,0.0,0.19999999999999998,0.26536497601150316,0.19999999999999998,0.13463502398849692,0.19999999999999998
2021-01-22,-0.0030074385336237826,0.0,0.19999999999999998,0.26536497601150316,0.19999999999999998,0.13463502398849692,0.19999999999999998
2021-01-25,0.005710980752324019,0.0,0.19999999999999998,0.26536497601150316,0.19999999999999998,0.13463502398849692,0.19999999999999998
2021-01-26,-0.0024110441841757157,0.0,0.19999999999999998,0.26536497601150316,0.19999999999999998,0.13463502398849692,0.19999999999999998
2021-01-27,-0.004056081555496833,0.0,0.19999999999999998,0.26536497601150316,0.19999999999999998,0.13463502398849692,0.19999999999999998
2021-01-28,-0.001000250405736071,0.0,0.19999999999999998,0.26536497601150316,0.19999999999999998,0.13463502398849692,0.19999999999999998
2021-01-29,-0.00570274837228769,0.0,0.19999999999999998,0.26536497601150316,0.19999999999999998,0.13463502398849692,0.19999999999999998
2021-02-01,0.010093977747224675,0.0,0.19999999999999998,0.26536497601150316,0.19999999999999998,0.13463502398849692,0.19999999999999998
2021-02-02,0.0015372052814392177,0.0,0.19999999999999998,0.26536497601150316,0.19999999999999998,0.13463502398849692,0.19999999999999998
2021-02-03,-0.0003138663257682349,0.0,0.19999999999999998,0.26536497601150316,0.19999999999999998,0.13463502398849692,0.19999999999999998
2021-02-04,-0.000515709106054236,0.0,0.19999999999999998,0.26536497601150316,0.19999999999999998,0.13463502398849692,0.19999999999999998
2021-02-05,0.0007576143881934238,0.0,0.19999999999999998,0.26536497601150316,0.19999999999999998,0.13463502398849692,0.19999999999999998
2021-02-08,0.007186261838534095,0.0,0.19999999999999998,0.26536497601150316,0.19999999999999998,0.13463502398849692,0.19999999999999998
2021-02-09,0.0004510455743725822,0.0,0.19999999999999998,0.26536497601150316,0.19999999999999998,0.13463502398849692,0.19999999999999998
2021-02-10,0.0027068402152186483,0.0,0.19999999999999998,0.26536497601150316,0.19999999999999998,0.13463502398849692,0.19999999999999998
2021-02-11,-0.004011365933067177,0.0,0.19999999999999998,0.26536497601150316,0.19999999999999998,0.13463502398849692,0.19999999999999998
2021-02-12,0.0006001080829481703,0.0,0.19999999999999998,0.26536497601150316,0.19999999999999998,0.13463502398849692,0.19999999999999998
2021-02-16,-0.0053654116177275085,0.0,0.19999999999999998,0.26536497601150316,0.19999999999999998,0.13463502398849692,0.19999999999999998
2021-02-17,0.0017450907281843704,0.0,0.19999999999999998,0.26536497601150316,0.19999999999999998,0.13463502398849692,0.19999999999999998
2021-02-18,-0.004631968919578939,0.0,0.19999999999999998,0.26536497601150316,0.19999999999999998,0.13463502398849692,0.19999999999999998
2021-02-19,-0.005514902030100275,0.0,0.19999999999999998,0.26536497601150316,0.19999999999999998,0.13463502398849692,0.19999999999999998
2021-02-22,0.0042906303445841175,0.0,0.19999999999999998,0.26536497601150316,0.19999999999999998,0.13463502398849692,0.19999999999999998
2021-02-23,0.0002911568762475835,0.0,0.19999999999999998,0.26536497601150316,0.19999999999999998,0.13463502398849692,0.19999999999999998
2021-02-24,0.0028386062285710423,0.0,0.19999999999999998,0.26536497601150316,0.19999999999999998,0.13463502398849692,0.19999999999999998
2021-02-25,-0.012383185711188982,0.0,0.19999999999999998,0.26536497601150316,0.19999999999999998,0.13463502398849692,0.19999999999999998
2021-02-26,0.0007380080250882813,0.0,0.19999999999999998,0.26536497601150316,0.19999999999999998,0.13463502398849692,0.19999999999999998
2021-03-01,-0.0011536443649679618,0.0,0.19999999999999998,0.26536497601150316,0.19999999999999998,0.13463502398849692,0.19999999999999998
2021-03-02,-0.0029432590060259316,0.0,0.19999999999999998,0.26536497601150316,0.19999999999999998,0.13463502398849692,0.19999999999999998
2021-03-03,-0.003563835934239768,0.0,0.19999999999999998,0.26536497601150316,0.19999999999999998,0.13463502398849692,0.19999999999999998
2021-03-04,0.0014675391947236638,0.0,0.19999999999999998,0.26536497601150316,0.19999999999999998,0.13463502398849692,0.19999999999999998
2021-03-05,0.009333683815251728,0.0,0.19999999999999998,0.26536497601150316,0.19999999999999998,0.13463502398849692,0.19999999999999998
2021-03-08,-0.006850087920397258,0.0,0.19999999999999998,0.26536497601150316,0.19999999999999998,0.13463502398849692,0.19999999999999998
2021-03-09,0.008455964782464562,0.0,0.19999999999999998,0.26536497601150316,0.19999999999999998,0.13463502398849692,0.19999999999999998
2021-03-10,0.004440854526031648,0.0,0.19999999999999998,0.26536497601150316,0.19999999999999998,0.13463502398849692,0.19999999999999998
2021-03-11,0.0016171660802552677,0.0,0.19999999999999998,0.26536497601150316,0.19999999999999998,0.13463502398849692,0.19999999999999998
2021-03-12,-0.005503760473054776,0.0,0.19999999999999998,0.26536497601150316,0.19999999999999998,0.13463502398849692,0.19999999999999998
2021-03-15,0.0037641088472325462,0.0,0.19999999999999998,0.26536497601150316,0.19999999999999998,0.13463502398849692,0.19999999999999998
2021-03-16,-0.002441721703138141,0.0,0.19999999999999998,0.26536497601150316,0.19999999999999998,0.13463502398849692,0.19999999999999998
2021-03-17,-0.0008755928340385753,0.0,0.19999999999999998,0.26536497601150316,0.19999999999999998,0.13463502398849692,0.19999999999999998
2021-03-18,-0.015833263286646512,0.0,0.19999999999999998,0.26536497601150316,0.19999999999999998,0.13463502398849692,0.19999999999999998
2021-03-19,0.00651678536005911,0.0,0.19999999999999998,0.26536497601150316,0.19999999999999998,0.13463502398849692,0.19999999999999998
2021-03-22,0.0036796134780191676,0.0,0.19999999999999998,0.26536497601150316,0.19999999999999998,0.13463502398849692,0.19999999999999998
2021-03-23,-0.006979049776750165,0.0,0.19999999999999998,0.26536497601150316,0.19999999999999998,0.13463502398849692,0.19999999999999998
2021-03-24,0.008699040835149472,0.0,0.19999999999999998,0.26536497601150316,0.19999999999999998,0.13463502398849692,0.19999999999999998
2021-03-25,-0.006199750019688826,0.0,0.19999999999999998,0.26536497601150316,0.19999999999999998,0.13463502398849692,0.19999999999999998
2021-03-26,0.008158312433340024,0.0,0.19999999999999998,0.26536497601150316,0.19999999999999998,0.13463502398849692,0.19999999999999998
2021-03-29,-0.002988217533858749,0.0,0.19999999999999998,0.26536497601150316,0.19999999999999998,0.13463502398849692,0.19999999999999998
2021-03-30,-0.004168505265444758,0.0,0.19999999999999998,0.26536497601150316,0.19999999999999998,0.13463502398849692,0.19999999999999998
2021-03-31,0.00011160608487404376,0.0,0.19999999999999998,0.26536497601150316,0.19999999999999998,0.13463502398849692,0.19999999999999998
2021-04-01,0.012565530152975603,0.0,0.19999999999999998,0.26536497601150316,0.19999999999999998,0.13463502398849692,0.19999999999999998
2021-04-05,-0.004020983148980353,0.0,0.19999999999999998,0.26536497601150316,0.19999999999999998,0.13463502398849692,0.19999999999999998
2021-04-06,0.004212737162068211,0.0,0.19999999999999998,0.26536497601150316,0.19999999999999998,0.13463502398849692,0.19999999999999998
2021-04-07,-0.0014098876912906357,0.0,0.19999999999999998,0.26536497601150316,0.19999999999999998,0.13463502398849692,0.19999999999999998
2021-04-08,0.004275181361957522,0.0,0.19999999999999998,0.26536497601150316,0.19999999999999998,0.13463502398849692,0.19999999999999998
2021-04-09,-0.0014472348524851117,0.0,0.19999999999999998,0.26536497601150316,0.19999999999999998,0.13463502398849692,0.19999999999999998
2021-04-12,-0.0004747742355456345,0.0,0.19999999999999998,0.26536497601150316,0.19999999999999998,0.13463502398849692,0.19999999999999998
2021-04-13,0.004918689726374244,0.0,0.19999999999999998,0.26536497601150316,0.19999999999999998,0.13463502398849692,0.19999999999999998
2021-04-14,0.002695556501847697,0.0,0.19999999999999998,0.26536497601150316,0.19999999999999998,0.13463502398849692,0.19999999999999998
2021-04-15,0.010541234601938664,0.0,0.19999999999999998,0.26536497601150316,0.19999999999999998,0.13463502398849692,0.19999999999999998
2021-04-16,-0.0007061755720159295,0.0,0.19999999999999998,0.26536497601150316,0.19999999999999998,0.13463502398849692,0.19999999999999998
2021-04-19,-0.0029972604300679325,0.0,0.19999999999999998,0.26536497601150316,0.19999999999999998,0.13463502398849692,0.19999999999999998
2021-04-20,-0.001006109349220843,0.0,0.19999999999999998,0.26536497601150316,0.19999999999999998,0.13463502398849692,0.19999999999999998
2021-04-21,0.00110727613322549,0.0,0.19999999999999998,0.26536497601150316,0.19999999999999998,0.13463502398849692,0.19999999999999998
2021-04-22,-0.00036277110508173976,0.0,0.19999999999999998,0.26536497601150316,0.19999999999999998,0.13463502398849692,0.19999999999999998
2021-04-23,0.0008232171696565926,0.0,0.19999999999999998,0.26536497601150316,0.19999999999999998,0.13463502398849692,0.19999999999999998
2021-04-26,0.00015536444697074716,0.0,0.19999999999999998,0.26536497601150316,0.19999999999999998,0.13463502398849692,0.19999999999999998
2021-04-27,-0.0002986434587994623,0.0,0.19999999999999998,0.26536497601150316,0.19999999999999998,0.13463502398849692,0.19999999999999998
2021-04-28,0.0012793958107188775,0.0,0.19999999999999998,0.26536497601150316,0.19999999999999998,0.13463502398849692,0.19999999999999998
2021-04-29,0.002003344361097774,0.0,0.19999999999999998,0.26536497601150316,0.19999999999999998,0.13463502398849692,0.19999999999999998
2021-04-30,-0.00274467606539356,0.0,0.19999999999999998,0.26536497601150316,0.19999999999999998,0.13463502398849692,0.19999999999999998
2021-05-03,0.0045002763812025635,0.0,0.19999999999999998,0.26536497601150316,0.19999999999999998,0.13463502398849692,0.19999999999999998
2021-05-04,0.002724473904758538,0.0,0.19999999999999998,0.26536497601150316,0.19999999999999998,0.13463502398849692,0.19999999999999998
2021-05-05,0.0006170553541660047,0.0,0.19999999999999998,0.26536497601150316,0.19999999999999998,0.13463502398849692,0.19999999999999998
2021-05-06,0.0036396378865715335,0.0,0.19999999999999998,0.26536497601150316,0.19999999999999998,0.13463502398849692,0.19999999999999998
2021-05-07,0.0005344829298537749,0.0,0.19999999999999998,0.26536497601150316,0.19999999999999998,0.13463502398849692,0.19999999999999998
2021-05-10,-0.003910207239259836,0.0,0.19999999999999998,0.26536497601150316,0.19999999999999998,0.13463502398849692,0.19999999999999998
2021-05-11,-0.002236230177602941,0.0,0.19999999999999998,0.26536497601150316,0.19999999999999998,0.13463502398849692,0.19999999999999998
2021-05-12,-0.0064895576091380126,0.0,0.19999999999999998,0.26536497601150316,0.19999999999999998,0.13463502398849692,0.19999999999999998
2021-05-13,-0.0008905430362667068,0.0,0.19999999999999998,0.26536497601150316,0.19999999999999998,0.13463502398849692,0.19999999999999998
2021-05-14,0.009321583088830689,0.0,0.19999999999999998,0.26536497601150316,0.19999999999999998,0.13463502398849692,0.19999999999999998
2021-05-17,0.003058188212547116,0.0,0.19999999999999998,0.26536497601150316,0.19999999999999998,0.13463502398849692,0.19999999999999998
2021-05-18,-0.004551172073380566,0.0,0.19999999999999998,0.26536497601150316,0.19999999999999998,0.13463502398849692,0.19999999999999998
2021-05-19,-0.004351613482602015,0.0,0.19999999999999998,0.26536497601150316,0.19999999999999998,0.13463502398849692,0.19999999999999998
2021-05-20,0.0013143000782855083,0.0,0.19999999999999998,0.26536497601150316,0.19999999999999998,0.13463502398849692,0.19999999999999998
2021-05-21,0.005307491779634472,0.0,0.19999999999999998,0.26536497601150316,0.19999999999999998,0.13463502398849692,0.19999999999999998
2021-05-24,0.0069454051545287075,0.0,0.19999999999999998,0.26536497601150316,0.19999999999999998,0.13463502398849692,0.19999999999999998
2021-05-25,0.0032815036522642095,0.0,0.19999999999999998,0.26536497601150316,0.19999999999999998,0.13463502398849692,0.19999999999999998
2021-05-26,0.001177078663971071,0.0,0.19999999999999998,0.26536497601150316,0.19999999999999998,0.13463502398849692,0.19999999999999998
2021-05-27,-6.162954794411001e-06,0.0,0.19999999999999998,0.26536497601150316,0.19999999999999998,0.13463502398849692,0.19999999999999998
2021-05-28,0.0004716814229727516,0.0,0.19999999999999998,0.26536497601150316,0.19999999999999998,0.13463502398849692,0.19999999999999998
2021-06-01,0.0015932035357353628,0.0,0.19999999999999998,0.26536497601150316,0.19999999999999998,0.13463502398849692,0.19999999999999998
2021-06-02,0.0035635592156323137,0.0,0.19999999999999998,0.26536497601150316,0.19999999999999998,0.13463502398849692,0.19999999999999998
2021-06-03,-0.004212378679407311,0.0,0.19999999999999998,0.26536497601150316,0.19999999999999998,0.13463502398849692,0.19999999999999998
2021-06-04,0.007711208045972187,0.0,0.19999999999999998,0.26536497601150316,0.19999999999999998,0.13463502398849692,0.19999999999999998
2021-06-07,-0.000509715443572238,0.0,0.19999999999999998,0.26536497601150316,0.19999999999999998,0.13463502398849692,0.19999999999999998
2021-06-08,0.003274304306334885,0.0,0.19999999999999998,0.26536497601150316,0.19999999999999998,0.13463502398849692,0.19999999999999998
2021-06-09,0.0009824306342766519,0.0,0.19999999999999998,0.26536497601150316,0.19999999999999998,0.13463502398849692,0.19999999999999998
2021-06-10,0.003922765141105244,0.0,0.19999999999999998,0.26536497601150316,0.19999999999999998,0.13463502398849692,0.19999999999999998
2021-06-11,-0.0006818610037129325,0.0,0.19999999999999998,0.26536497601150316,0.19999999999999998,0.13463502398849692,0.19999999999999998
2021-06-14,-0.002221037923560271,0.0,0.19999999999999998,0.26536497601150316,0.19999999999999998,0.13463502398849692,0.19999999999999998
2021-06-15,0.0005617451503060953,0.0,0.19999999999999998,0.26536497601150316,0.19999999999999998,0.13463502398849692,0.19999999999999998
2021-06-16,-0.0037104140101655208,0.0,0.19999999999999998,0.26536497601150316,0.19999999999999998,0.13463502398849692,0.19999999999999998
2021-06-17,-0.0026543751708296313,0.0,0.19999999999999998,0.26536497601150316,0.19999999999999998,0.13463502398849692,0.19999999999999998
2021-06-18,0.0027264845490306716,0.0,0.19999999999999998,0.26536497601150316,0.19999999999999998,0.13463502398849692,0.19999999999999998
2021-06-21,0.0026866653004148713,0.0,0.19999999999999998,0.26536497601150316,0.19999999999999998,0.13463502398849692,0.19999999999999998
2021-06-22,0.0007186781000802177,0.0,0.19999999999999998,0.26536497601150316,0.19999999999999998,0.13463502398849692,0.19999999999999998
2021-06-23,8.464418923129376e-05,0.0,0.19999999999999998,0.26536497601150316,0.19999999999999998,0.13463502398849692,0.19999999999999998
2021-06-24,0.0016518146004990324,0.0,0.19999999999999998,0.26536497601150316,0.19999999999999998,0.13463502398849692,0.19999999999999998
2021-06-25,-0.00019392093267925478,0.0,0.19999999999999998,0.26536497601150316,0.19999999999999998,0.13463502398849692,0.19999999999999998
2021-06-28,0.001298302367366081,0.0,0.19999999999999998,0.26536497601150316,0.19999999999999998,0.13463502398849692,0.19999999999999998
2021-06-29,-0.0001126028298967126,0.0,0.19999999999999998,0.26536497601150316,0.19999999999999998,0.13463502398849692,0.19999999999999998
2021-06-30,0.002859147780625425,0.0,0.19999999999999998,0.26536497601150316,0.19999999999999998,0.13463502398849692,0.19999999999999998
2021-07-01,0.004371723760450164,0.0,0.19999999999999998,0.26536497601150316,0.19999999999999998,0.13463502398849692,0.19999999999999998
2021-07-02,0.004462906144025295,0.0,0.19999999999999998,0.26536497601150316,0.19999999999999998,0.13463502398849692,0.19999999999999998
2021-07-06,0.0017411816635547151,0.0,0.19999999999999998,0.26536497601150316,0.19999999999999998,0.13463502398849692,0.19999999999999998
2021-07-07,0.0007948922461972027,0.0,0.19999999999999998,0.26536497601150316,0.19999999999999998,0.13463502398849692,0.19999999999999998
2021-07-08,0.0008569632747777005,0.0,0.19999999999999998,0.26536497601150316,0.19999999999999998,0.13463502398849692,0.19999999999999998
2021-07-09,0.001003707851481175,0.0,0.19999999999999998,0.26536497601150316,0.19999999999999998,0.13463502398849692,0.19999999999999998
2021-07-12,9.94630792359469e-05,0.0,0.19999999999999998,0.26536497601150316,0.19999999999999998,0.13463502398849692,0.19999999999999998
2021-07-13,0.0010051264779166282,0.0,0.19999999999999998,0.26536497601150316,0.19999999999999998,0.13463502398849692,0.19999999999999998
2021-07-14,0.000685939005033004,0.0,0.19999999999999998,0.26536497601150316,0.19999999999999998,0.13463502398849692,0.19999999999999998
2021-07-15,0.0010552374413428647,0.0,0.19999999999999998,0.26536497601150316,0.19999999999999998,0.13463502398849692,0.19999999999999998
2021-07-16,-0.003494660558745331,0.0,0.19999999999999998,0.26536497601150316,0.19999999999999998,0.13463502398849692,0.19999999999999998
2021-07-19,-0.005618915046825602,0.0,0.19999999999999998,0.26536497601150316,0.19999999999999998,0.13463502398849692,0.19999999999999998
2021-07-20,0.0022567292876564753,0.0,0.19999999999999998,0.26536497601150316,0.19999999999999998,0.13463502398849692,0.19999999999999998
2021-07-21,0.0021289218175291813,0.0,0.19999999999999998,0.26536497601150316,0.19999999999999998,0.13463502398849692,0.19999999999999998
2021-07-22,0.006069273069864563,0.0,0.19999999999999998,0.26536497601150316,0.19999999999999998,0.13463502398849692,0.19999999999999998
2021-07-23,0.0005572432663716932,0.0,0.19999999999999998,0.26536497601150316,0.19999999999999998,0.13463502398849692,0.19999999999999998
2021-07-26,-0.0008659945052867179,0.0,0.19999999999999998,0.26536497601150316,0.19999999999999998,0.13463502398849692,0.19999999999999998
2021-07-27,0.0013897446692711763,0.0,0.19999999999999998,0.26536497601150316,0.19999999999999998,0.13463502398849692,0.19999999999999998
2021-07-28,0.001062380506161332,0.0,0.19999999999999998,0.26536497601150316,0.19999999999999998,0.13463502398849692,0.19999999999999998
2021-07-29,0.0033437940159544584,0.0,0.19999999999999998,0.26536497601150316,0.19999999999999998,0.13463502398849692,0.19999999999999998
2021-07-30,-0.00068049382378218,0.0,0.19999999999999998,0.26536497601150316,0.19999999999999998,0.13463502398849692,0.19999999999999998
2021-08-02,-0.0024755565425297536,0.0,0.19999999999999998,0.26536497601150316,0.19999999999999998,0.13463502398849692,0.19999999999999998
2021-08-03,0.0008039829155179711,0.0,0.19999999999999998,0.26536497601150316,0.19999999999999998,0.13463502398849692,0.19999999999999998
2021-08-04,-0.004615280833689787,0.0,0.19999999999999998,0.26536497601150316,0.19999999999999998,0.13463502398849692,0.19999999999999998
2021-08-05,0.0016907811929884674,0.0,0.19999999999999998,0.26536497601150316,0.19999999999999998,0.13463502398849692,0.19999999999999998
2021-08-06,-0.009453636818980975,0.0,0.19999999999999998,0.26536497601150316,0.19999999999999998,0.13463502398849692,0.19999999999999998
2021-08-09,-0.007005855342762928,0.0,0.19999999999999998,0.26536497601150316,0.19999999999999998,0.13463502398849692,0.19999999999999998
2021-08-10,0.002365601893595818,0.0,0.19999999999999998,0.26536497601150316,0.19999999999999998,0.13463502398849692,0.19999999999999998
2021-08-11,0.0044417072514593954,0.0,0.19999999999999998,0.26536497601150316,0.19999999999999998,0.13463502398849692,0.19999999999999998
2021-08-12,-0.00010362284816314111,0.0,0.19999999999999998,0.26536497601150316,0.19999999999999998,0.13463502398849692,0.19999999999999998
2021-08-13,0.004584773231337836,0.0,0.19999999999999998,0.26536497601150316,0.19999999999999998,0.13463502398849692,0.19999999999999998
2021-08-16,0.0011655626561917238,0.0,0.19999999999999998,0.26536497601150316,0.19999999999999998,0.13463502398849692,0.19999999999999998
2021-08-17,-0.001827842051915802,0.0,0.19999999999999998,0.26536497601150316,0.19999999999999998,0.13463502398849692,0.19999999999999998
2021-08-18,-0.004552494427031766,0.0,0.19999999999999998,0.26536497601150316,0.19999999999999998,0.13463502398849692,0.19999999999999998
2021-08-19,0.0007680886474930284,0.0,0.19999999999999998,0.26536497601150316,0.19999999999999998,0.13463502398849692,0.19999999999999998
2021-08-20,-0.0023923790757980233,0.0,0.19999999999999998,0.26536497601150316,0.19999999999999998,0.13463502398849692,0.19999999999999998
2021-08-23,0.010326352815335902,0.0,0.19999999999999998,0.26536497601150316,0.19999999999999998,0.13463502398849692,0.19999999999999998
2021-08-24,0.0024621788295860407,0.0,0.19999999999999998,0.26536497601150316,0.19999999999999998,0.13463502398849692,0.19999999999999998
2021-08-25,-0.0020818148563006506,0.0,0.19999999999999998,0.26536497601150316,0.19999999999999998,0.13463502398849692,0.19999999999999998
2021-08-26,-0.0005864888787941856,0.0,0.19999999999999998,0.26536497601150316,0.19999999999999998,0.13463502398849692,0.19999999999999998
2021-08-27,0.007619262998576811,0.0,0.19999999999999998,0.26536497601150316,0.19999999999999998,0.13463502398849692,0.19999999999999998
2021-08-30,0.001283926684970535,0.0,0.19999999999999998,0.26536497601150316,0.19999999999999998,0.13463502398849692,0.19999999999999998
2021-08-31,-0.002702467299090886,0.0,0.19999999999999998,0.26536497601150316,0.19999999999999998,0.13463502398849692,0.19999999999999998
2021-09-01,-0.00014746083908409574,0.0,0.19999999999999998,0.26536497601150316,0.19999999999999998,0.13463502398849692,0.19999999999999998
2021-09-02,0.003625666835615474,0.0,0.19999999999999998,0.26536497601150316,0.19999999999999998,0.13463502398849692,0.19999999999999998
2021-09-03,-0.0015243649771160507,0.0,0.19999999999999998,0.26536497601150316,0.19999999999999998,0.13463502398849692,0.19999999999999998
2021-09-07,-0.007615402694392431,0.0,0.19999999999999998,0.26536497601150316,0.19999999999999998,0.13463502398849692,0.19999999999999998
2021-09-08,0.002924875031310023,0.0,0.19999999999999998,0.26536497601150316,0.19999999999999998,0.13463502398849692,0.19999999999999998
2021-09-09,0.00042993857382869245,0.0,0.19999999999999998,0.26536497601150316,0.19999999999999998,0.13463502398849692,0.19999999999999998
2021-09-10,-0.001645318914070814,0.0,0.19999999999999998,0.26536497601150316,0.19999999999999998,0.13463502398849692,0.19999999999999998
2021-09-13,0.00466734242883277,0.0,0.19999999999999998,0.26536497601150316,0.19999999999999998,0.13463502398849692,0.19999999999999998
2021-09-14,0.0029628562599209813,0.0,0.19999999999999998,0.26536497601150316,0.19999999999999998,0.13463502398849692,0.19999999999999998
2021-09-15,0.0029326475156033274,0.0,0.19999999999999998,0.26536497601150316,0.19999999999999998,0.13463502398849692,0.19999999999999998
2021-09-16,-0.005148413624460834,0.0,0.19999999999999998,0.26536497601150316,0.19999999999999998,0.13463502398849692,0.19999999999999998
2021-09-17,-0.0038269371485686043,0.0,0.19999999999999998,0.26536497601150316,0.19999999999999998,0.13463502398849692,0.19999999999999998
2021-09-20,-0.0004614178660400851,0.0,0.19999999999999998,0.26536497601150316,0.19999999999999998,0.13463502398849692,0.19999999999999998
2021-09-21,0.0007021861507271313,0.0,0.19999999999999998,0.26536497601150316,0.19999999999999998,0.13463502398849692,0.19999999999999998
2021-09-22,0.005790780389758817,0.0,0.19999999999999998,0.26536497601150316,0.19999999999999998,0.13463502398849692,0.19999999999999998
2021-09-23,-0.004272776374024024,0.0,0.19999999999999998,0.26536497601150316,0.19999999999999998,0.13463502398849692,0.19999999999999998
2021-09-24,-0.000807436586003404,0.0,0.19999999999999998,0.26536497601150316,0.19999999999999998,0.13463502398849692,0.19999999999999998
2021-09-27,0.0019400917090421895,0.0,0.19999999999999998,0.26536497601150316,0.19999999999999998,0.13463502398849692,0.19999999999999998
2021-09-28,-0.01068715155110125,0.0,0.19999999999999998,0.26536497601150316,0.19999999999999998,0.13463502398849692,0.19999999999999998
2021-09-29,0.00112083915655111,0.0,0.19999999999999998,0.26536497601150316,0.19999999999999998,0.13463502398849692,0.19999999999999998
2021-09-30,0.0014161413357389996,0.0,0.19999999999999998,0.26536497601150316,0.19999999999999998,0.13463502398849692,0.19999999999999998
2021-10-01,0.006458471225067885,0.0,0.19999999999999998,0.26536497601150316,0.19999999999999998,0.13463502398849692,0.19999999999999998
2021-10-04,0.0001569522830090419,0.0,0.19999999999999998,0.26536497601150316,0.19999999999999998,0.13463502398849692,0.19999999999999998
2021-10-05,0.0018010627988646658,0.0,0.19999999999999998,0.26536497601150316,0.19999999999999998,0.13463502398849692,0.19999999999999998
2021-10-06,-0.00013995766242107526,0.0,0.19999999999999998,0.26536497601150316,0.19999999999999998,0.13463502398849692,0.19999999999999998
2021-10-07,0.0008036690226551206,0.0,0.19999999999999998,0.26536497601150316,0.19999999999999998,0.13463502398849692,0.19999999999999998
2021-10-08,-0.0020273089175697266,0.0,0.19999999999999998,0.26536497601150316,0.19999999999999998,0.13463502398849692,0.19999999999999998
2021-10-11,-0.00022150456119295666,0.0,0.19999999999999998,0.26536497601150316,0.19999999999999998,0.13463502398849692,0.19999999999999998
2021-10-12,0.00501733762558112,0.0,0.19999999999999998,0.26536497601150316,0.19999999999999998,0.13463502398849692,0.19999999999999998
2021-10-13,0.005875616831350264,0.0,0.19999999999999998,0.26536497601150316,0.19999999999999998,0.13463502398849692,0.19999999999999998
2021-10-14,0.0063978417162648005,0.0,0.19999999999999998,0.26536497601150316,0.19999999999999998,0.13463502398849692,0.19999999999999998
2021-10-15,-0.002633791528958855,0.0,0.19999999999999998,0.26536497601150316,0.19999999999999998,0.13463502398849692,0.19999999999999998
2021-10-18,0.0009721635539461045,0.0,0.19999999999999998,0.26536497601150316,0.19999999999999998,0.13463502398849692,0.19999999999999998
2021-10-19,-0.0008636774224541912,0.0,0.19999999999999998,0.26536497601150316,0.19999999999999998,0.13463502398849692,0.19999999999999998
2021-10-20,0.0020702881929954013,0.0,0.19999999999999998,0.26536497601150316,0.19999999999999998,0.13463502398849692,0.19999999999999998
2021-10-21,-0.0011409301992298716,0.0,0.19999999999999998,0.26536497601150316,0.19999999999999998,0.13463502398849692,0.19999999999999998
2021-10-22,0.004995320969872186,0.0,0.19999999999999998,0.26536497601150316,0.19999999999999998,0.13463502398849692,0.19999999999999998
2021-10-25,0.0019047433807949203,0.0,0.19999999999999998,0.26536497601150316,0.19999999999999998,0.13463502398849692,0.19999999999999998
2021-10-26,0.0027353426745657227,0.0,0.19999999999999998,0.26536497601150316,0.19999999999999998,0.13463502398849692,0.19999999999999998
2021-10-27,0.0008172209106026027,0.0,0.19999999999999998,0.26536497601150316,0.19999999999999998,0.13463502398849692,0.19999999999999998
2021-10-28,0.0009767737245765455,0.0,0.19999999999999998,0.26536497601150316,0.19999999999999998,0.13463502398849692,0.19999999999999998
2021-10-29,0.0005256719091944477,0.0,0.19999999999999998,0.26536497601150316,0.19999999999999998,0.13463502398849692,0.19999999999999998
2021-11-01,-0.0002608010037756284,0.0,0.19999999999999998,0.26536497601150316,0.19999999999999998,0.13463502398849692,0.19999999999999998
2021-11-02,0.002033314899780337,0.0,0.19999999999999998,0.26536497601150316,0.19999999999999998,0.13463502398849692,0.19999999999999998
2021-11-03,-0.008784959616071647,0.0,0.19999999999999998,0.26536497601150316,0.19999999999999998,0.13463502398849692,0.19999999999999998
2021-11-04,0.006010756675327349,0.0,0.19999999999999998,0.26536497601150316,0.19999999999999998,0.13463502398849692,0.19999999999999998
2021-11-05,0.011113215298152424,0.0,0.19999999999999998,0.26536497601150316,0.19999999999999998,0.13463502398849692,0.19999999999999998
2021-11-08,0.0012814142755327898,0.0,0.19999999999999998,0.26536497601150316,0.19999999999999998,0.13463502398849692,0.19999999999999998
2021-11-09,0.005616695596696364,0.0,0.19999999999999998,0.26536497601150316,0.19999999999999998,0.13463502398849692,0.19999999999999998
2021-11-10,-0.005978208488319255,0.0,0.19999999999999998,0.26536497601150316,0.19999999999999998,0.13463502398849692,0.19999999999999998
2021-11-11,0.0010233180536786677,0.0,0.19999999999999998,0.26536497601150316,0.19999999999999998,0.13463502398849692,0.19999999999999998
2021-11-12,-8.697714782435586e-05,0.0,0.19999999999999998,0.26536497601150316,0.19999999999999998,0.13463502398849692,0.19999999999999998
2021-11-15,-0.0022586631690844666,0.0,0.19999999999999998,0.26536497601150316,0.19999999999999998,0.13463502398849692,0.19999999999999998
2021-11-16,-0.00023795917759428752,0.0,0.19999999999999998,0.26536497601150316,0.19999999999999998,0.13463502398849692,0.19999999999999998
2021-11-17,0.0001813764748997207,0.0,0.19999999999999998,0.26536497601150316,0.19999999999999998,0.13463502398849692,0.19999999999999998
2021-11-18,0.001836807238384767,0.0,0.19999999999999998,0.26536497601150316,0.19999999999999998,0.13463502398849692,0.19999999999999998
2021-11-19,-0.002360380628204131,0.0,0.19999999999999998,0.26536497601150316,0.19999999999999998,0.13463502398849692,0.19999999999999998
2021-11-22,-0.005472348095218687,0.0,0.19999999999999998,0.26536497601150316,0.19999999999999998,0.13463502398849692,0.19999999999999998
2021-11-23,-0.0010523999929135045,0.0,0.19999999999999998,0.26536497601150316,0.19999999999999998,0.13463502398849692,0.19999999999999998
2021-11-24,0.004609574655409992,0.0,0.19999999999999998,0.26536497601150316,0.19999999999999998,0.13463502398849692,0.19999999999999998
2021-11-26,-0.014676847469350728,0.0,0.19999999999999998,0.26536497601150316,0.19999999999999998,0.13463502398849692,0.19999999999999998
2021-11-29,0.0013141911942737858,0.032044956777413355,0.19999999999999998,0.293962588835463,0.20344734395345354,0.1025900672110836,0.19999999999999998
2021-11-30,-0.00634115563370632,0.0,0.19999999999999998,0.293962588835463,0.20344734395345354,0.1025900672110836,0.19999999999999998
2021-12-01,-0.0009147004362611309,0.0,0.19999999999999998,0.293962588835463,0.20344734395345354,0.1025900672110836,0.19999999999999998
2021-12-02,0.005107096586000994,0.0,0.19999999999999998,0.293962588835463,0.20344734395345354,0.1025900672110836,0.19999999999999998
2021-12-03,0.002785170947163493,0.0,0.19999999999999998,0.293962588835463,0.20344734395345354,0.1025900672110836,0.19999999999999998
2021-12-06,0.0035053928004887924,0.0,0.19999999999999998,0.293962588835463,0.20344734395345354,0.1025900672110836,0.19999999999999998
2021-12-07,0.004755087128071938,0.0,0.19999999999999998,0.293962588835463,0.20344734395345354,0.1025900672110836,0.19999999999999998
2021-12-08,-0.0037207951364854252,0.0,0.19999999999999998,0.293962588835463,0.20344734395345354,0.1025900672110836,0.19999999999999998
2021-12-09,-0.002988803697880667,0.0,0.19999999999999998,0.293962588835463,0.20344734395345354,0.1025900672110836,0.19999999999999998
2021-12-10,0.0037526129949061833,0.0,0.19999999999999998,0.293962588835463,0.20344734395345354,0.1025900672110836,0.19999999999999998
2021-12-13,0.002543652188743922,0.0,0.19999999999999998,0.293962588835463,0.20344734395345354,0.1025900672110836,0.19999999999999998
2021-12-14,-0.004626907429693839,0.0,0.19999999999999998,0.293962588835463,0.20344734395345354,0.1025900672110836,0.19999999999999998
2021-12-15,0.002270863862762322,0.0,0.19999999999999998,0.293962588835463,0.20344734395345354,0.1025900672110836,0.19999999999999998
2021-12-16,0.0004572472539861905,0.0,0.19999999999999998,0.293962588835463,0.20344734395345354,0.1025900672110836,0.19999999999999998
2021-12-17,1.0311293931089364e-05,0.0,0.19999999999999998,0.293962588835463,0.20344734395345354,0.1025900672110836,0.19999999999999998
2021-12-20,-0.007199185604149835,0.0,0.19999999999999998,0.293962588835463,0.20344734395345354,0.1025900672110836,0.19999999999999998
2021-12-21,0.005548639835252226,0.0,0.19999999999999998,0.293962588835463,0.20344734395345354,0.1025900672110836,0.19999999999999998
2021-12-22,0.006309048822077505,0.0,0.19999999999999998,0.293962588835463,0.20344734395345354,0.1025900672110836,0.19999999999999998
2021-12-23,0.00026761988331241364,0.0,0.19999999999999998,0.293962588835463,0.20344734395345354,0.1025900672110836,0.19999999999999998
2021-12-27,0.006786235498736694,0.0,0.19999999999999998,0.293962588835463,0.20344734395345354,0.1025900672110836,0.19999999999999998
2021-12-28,-0.0016899674012899304,0.0,0.19999999999999998,0.293962588835463,0.20344734395345354,0.1025900672110836,0.19999999999999998
2021-12-29,-0.0027897324596289925,0.0,0.19999999999999998,0.293962588835463,0.20344734395345354,0.1025900672110836,0.19999999999999998
2021-12-30,0.0037210603202178045,0.0,0.19999999999999998,0.293962588835463,0.20344734395345354,0.1025900672110836,0.19999999999999998
2021-12-31,-0.0007703075730235611,0.0,0.19999999999999998,0.293962588835463,0.20344734395345354,0.1025900672110836,0.19999999999999998
2022-01-03,-0.007552723717619365,0.0,0.19999999999999998,0.293962588835463,0.20344734395345354,0.1025900672110836,0.19999999999999998
2022-01-04,0.001786406568418044,0.0,0.19999999999999998,0.293962588835463,0.20344734395345354,0.1025900672110836,0.19999999999999998
2022-01-05,-0.006575536552255746,0.0,0.19999999999999998,0.293962588835463,0.20344734395345354,0.1025900672110836,0.19999999999999998
2022-01-06,0.0009393325744673185,0.0,0.19999999999999998,0.293962588835463,0.20344734395345354,0.1025900672110836,0.19999999999999998
2022-01-07,-0.0034598958020292604,0.0,0.19999999999999998,0.293962588835463,0.20344734395345354,0.1025900672110836,0.19999999999999998
2022-01-10,0.0006374110139129503,0.0,0.19999999999999998,0.293962588835463,0.20344734395345354,0.1025900672110836,0.19999999999999998
2022-01-11,0.009032429039877408,0.0,0.19999999999999998,0.293962588835463,0.20344734395345354,0.1025900672110836,0.19999999999999998
2022-01-12,-5.2505489948627025e-05,0.0,0.19999999999999998,0.293962588835463,0.20344734395345354,0.1025900672110836,0.19999999999999998
2022-01-13,-0.0020294804546637226,0.0,0.19999999999999998,0.293962588835463,0.20344734395345354,0.1025900672110836,0.19999999999999998
2022-01-14,-0.0014020851564914504,0.0,0.19999999999999998,0.293962588835463,0.20344734395345354,0.1025900672110836,0.19999999999999998
2022-01-18,-0.005049519209206584,0.0,0.19999999999999998,0.293962588835463,0.20344734395345354,0.1025900672110836,0.19999999999999998
2022-01-19,0.0028563800041708646,0.0,0.19999999999999998,0.293962588835463,0.20344734395345354,0.1025900672110836,0.19999999999999998
2022-01-20,-0.0009394026044455316,0.0,0.19999999999999998,0.293962588835463,0.20344734395345354,0.1025900672110836,0.19999999999999998
2022-01-21,-0.0014321759357425884,0.0,0.19999999999999998,0.293962588835463,0.20344734395345354,0.1025900672110836,0.19999999999999998
2022-01-24,-0.0009538833768054557,0.0,0.19999999999999998,0.293962588835463,0.20344734395345354,0.1025900672110836,0.19999999999999998
2022-01-25,-0.0007203750450719573,0.0,0.19999999999999998,0.293962588835463,0.20344734395345354,0.1025900672110836,0.19999999999999998
2022-01-26,-0.005061803320572978,0.0,0.19999999999999998,0.293962588835463,0.20344734395345354,0.1025900672110836,0.19999999999999998
2022-01-27,0.0037885760781851273,0.0,0.19999999999999998,0.293962588835463,0.20344734395345354,0.1025900672110836,0.19999999999999998
2022-01-28,0.004568466085946288,0.0,0.19999999999999998,0.293962588835463,0.20344734395345354,0.1025900672110836,0.19999999999999998
2022-01-31,0.0027501361611375883,0.0,0.19999999999999998,0.293962588835463,0.20344734395345354,0.1025900672110836,0.19999999999999998
2022-02-01,8.581590476724825e-05,0.0,0.19999999999999998,0.293962588835463,0.20344734395345354,0.1025900672110836,0.19999999999999998
2022-02-02,0.0028846476211969283,0.0,0.19999999999999998,0.293962588835463,0.20344734395345354,0.1025900672110836,0.19999999999999998
2022-02-03,-0.006672044771193413,0.0,0.19999999999999998,0.293962588835463,0.20344734395345354,0.1025900672110836,0.19999999999999998
2022-02-04,-0.0009744947814300557,0.0,0.19999999999999998,0.293962588835463,0.20344734395345354,0.1025900672110836,0.19999999999999998
2022-02-07,0.0007693838323497089,0.0,0.19999999999999998,0.293962588835463,0.20344734395345354,0.1025900672110836,0.19999999999999998
2022-02-08,-0.0010663253875643785,0.0,0.19999999999999998,0.293962588835463,0.20344734395345354,0.1025900672110836,0.19999999999999998
2022-02-09,0.004824441449105377,0.0,0.19999999999999998,0.293962588835463,0.20344734395345354,0.1025900672110836,0.19999999999999998
2022-02-10,-0.009060233137782411,0.0,0.19999999999999998,0.293962588835463,0.20344734395345354,0.1025900672110836,0.19999999999999998
2022-02-11,0.008005901022303807,0.0,0.19999999999999998,0.293962588835463,0.20344734395345354,0.1025900672110836,0.19999999999999998
2022-02-14,-0.0017105915269416214,0.0,0.19999999999999998,0.293962588835463,0.20344734395345354,0.1025900672110836,0.19999999999999998
2022-02-15,-0.006035751699440825,0.0,0.19999999999999998,0.293962588835463,0.20344734395345354,0.1025900672110836,0.19999999999999998
2022-02-16,0.0024884891306600327,0.0,0.19999999999999998,0.293962588835463,0.20344734395345354,0.1025900672110836,0.19999999999999998
2022-02-17,0.001790199277976132,0.0,0.19999999999999998,0.293962588835463,0.20344734395345354,0.1025900672110836,0.19999999999999998
2022-02-18,0.003107484140958804,0.0,0.19999999999999998,0.293962588835463,0.20344734395345354,0.1025900672110836,0.19999999999999998
2022-02-22,0.0003896649246297116,0.0,0.19999999999999998,0.293962588835463,0.20344734395345354,0.1025900672110836,0.19999999999999998
2022-02-23,-0.005353259625090109,0.0,0.19999999999999998,0.293962588835463,0.20344734395345354,0.1025900672110836,0.19999999999999998
2022-02-24,0.0036765940924824653,0.0,0.19999999999999998,0.293962588835463,0.20344734395345354,0.1025900672110836,0.19999999999999998
2022-02-25,0.0021139226640208408,0.0,0.19999999999999998,0.293962588835463,0.20344734395345354,0.1025900672110836,0.19999999999999998
2022-02-28,0.01096929354594683,0.0,0.19999999999999998,0.293962588835463,0.20344734395345354,0.1025900672110836,0.19999999999999998
2022-03-01,0.012191669299148633,0.0,0.19999999999999998,0.293962588835463,0.20344734395345354,0.1025900672110836,0.19999999999999998
2022-03-02,-0.0034974209170930246,0.0,0.19999999999999998,0.293962588835463,0.20344734395345354,0.1025900672110836,0.19999999999999998
2022-03-03,0.002766446688139405,0.0,0.19999999999999998,0.293962588835463,0.20344734395345354,0.1025900672110836,0.19999999999999998
2022-03-04,0.015006020700184143,0.0,0.19999999999999998,0.293962588835463,0.20344734395345354,0.1025900672110836,0.19999999999999998
2022-03-07,8.382076591081575e-05,0.0,0.19999999999999998,0.293962588835463,0.20344734395345354,0.1025900672110836,0.19999999999999998
2022-03-08,0.0045269980153816785,0.0,0.19999999999999998,0.293962588835463,0.20344734395345354,0.1025900672110836,0.19999999999999998
2022-03-09,-0.017485943986331662,0.0,0.19999999999999998,0.293962588835463,0.20344734395345354,0.1025900672110836,0.19999999999999998
2022-03-10,-0.005417435557013248,0.0,0.19999999999999998,0.293962588835463,0.20344734395345354,0.1025900672110836,0.19999999999999998
2022-03-11,0.0013144500531041643,0.0,0.19999999999999998,0.293962588835463,0.20344734395345354,0.1025900672110836,0.19999999999999998
2022-03-14,-0.016247988635162025,0.0,0.19999999999999998,0.293962588835463,0.20344734395345354,0.1025900672110836,0.19999999999999998
2022-03-15,-0.006076476965842643,0.0,0.19999999999999998,0.293962588835463,0.20344734395345354,0.1025900672110836,0.19999999999999998
2022-03-16,0.006632808971551451,0.0,0.19999999999999998,0.293962588835463,0.20344734395345354,0.1025900672110836,0.19999999999999998
2022-03-17,0.00896242928362876,0.0,0.19999999999999998,0.293962588835463,0.20344734395345354,0.1025900672110836,0.19999999999999998
2022-03-18,0.005557801125304742,0.0,0.19999999999999998,0.293962588835463,0.20344734395345354,0.1025900672110836,0.19999999999999998
2022-03-21,0.00218584409321707,0.0,0.19999999999999998,0.293962588835463,0.20344734395345354,0.1025900672110836,0.19999999999999998
2022-03-22,-0.0042409330356586936,0.0,0.19999999999999998,0.293962588835463,0.20344734395345354,0.1025900672110836,0.19999999999999998
2022-03-23,0.011300101809861128,0.0,0.19999999999999998,0.293962588835463,0.20344734395345354,0.1025900672110836,0.19999999999999998
2022-03-24,-0.00033711375354415415,0.0,0.19999999999999998,0.293962588835463,0.20344734395345354,0.1025900672110836,0.19999999999999998
2022-03-25,-0.002585231779742496,0.0,0.19999999999999998,0.293962588835463,0.20344734395345354,0.1025900672110836,0.19999999999999998
2022-03-28,-0.007052398258641673,0.0,0.19999999999999998,0.293962588835463,0.20344734395345354,0.1025900672110836,0.19999999999999998
2022-03-29,0.005807221492226197,0.0,0.19999999999999998,0.293962588835463,0.20344734395345354,0.1025900672110836,0.19999999999999998
2022-03-30,0.004001474910242722,0.0,0.19999999999999998,0.293962588835463,0.20344734395345354,0.1025900672110836,0.19999999999999998
2022-03-31,-0.0064360651684268405,0.0,0.19999999999999998,0.293962588835463,0.20344734395345354,0.1025900672110836,0.19999999999999998
2022-04-01,0.0007640802365980761,0.0,0.19999999999999998,0.293962588835463,0.20344734395345354,0.1025900672110836,0.19999999999999998
2022-04-04,0.005288297682368328,0.0,0.19999999999999998,0.293962588835463,0.20344734395345354,0.1025900672110836,0.19999999999999998
2022-04-05,-0.012133516110387627,0.0,0.19999999999999998,0.293962588835463,0.20344734395345354,0.1025900672110836,0.19999999999999998
2022-04-06,-0.0061523653905356055,0.0,0.19999999999999998,0.293962588835463,0.20344734395345354,0.1025900672110836,0.19999999999999998
2022-04-07,2.35949996308109e-05,0.0,0.19999999999999998,0.293962588835463,0.20344734395345354,0.1025900672110836,0.19999999999999998
2022-04-08,-0.0010407191015963605,0.0,0.19999999999999998,0.293962588835463,0.20344734395345354,0.1025900672110836,0.19999999999999998
2022-04-11,-0.009117003733032727,0.0,0.19999999999999998,0.293962588835463,0.20344734395345354,0.1025900672110836,0.19999999999999998
2022-04-12,0.006310082893412004,0.0,0.19999999999999998,0.293962588835463,0.20344734395345354,0.1025900672110836,0.19999999999999998
2022-04-13,0.006336861248122968,0.0,0.19999999999999998,0.293962588835463,0.20344734395345354,0.1025900672110836,0.19999999999999998
2022-04-14,-0.006652143629623351,0.0,0.19999999999999998,0.293962588835463,0.20344734395345354,0.1025900672110836,0.19999999999999998
2022-04-18,0.0011546996827771112,0.0,0.19999999999999998,0.293962588835463,0.20344734395345354,0.1025900672110836,0.19999999999999998
2022-04-19,-0.006132003369715029,0.0,0.19999999999999998,0.293962588835463,0.20344734395345354,0.1025900672110836,0.19999999999999998
2022-04-20,0.005863662255417639,0.0,0.19999999999999998,0.293962588835463,0.20344734395345354,0.1025900672110836,0.19999999999999998
2022-04-21,-0.00412374261894876,0.0,0.19999999999999998,0.293962588835463,0.20344734395345354,0.1025900672110836,0.19999999999999998
2022-04-22,-0.010502853441254682,0.0,0.19999999999999998,0.293962588835463,0.20344734395345354,0.1025900672110836,0.19999999999999998
2022-04-25,-0.0008272290919901179,0.0,0.19999999999999998,0.293962588835463,0.20344734395345354,0.1025900672110836,0.19999999999999998
2022-04-26,0.001215766090449607,0.0,0.19999999999999998,0.293962588835463,0.20344734395345354,0.1025900672110836,0.19999999999999998
2022-04-27,-0.003623034499890914,0.0,0.19999999999999998,0.293962588835463,0.20344734395345354,0.1025900672110836,0.19999999999999998
2022-04-28,0.01004798487353163,0.0,0.19999999999999998,0.293962588835463,0.20344734395345354,0.1025900672110836,0.19999999999999998
2022-04-29,-0.01323135221320558,0.0,0.19999999999999998,0.293962588835463,0.20344734395345354,0.1025900672110836,0.19999999999999998
2022-05-02,-0.005025931175523177,0.0,0.19999999999999998,0.293962588835463,0.20344734395345354,0.1025900672110836,0.19999999999999998
2022-05-03,0.0008646928150127895,0.0,0.19999999999999998,0.293962588835463,0.20344734395345354,0.1025900672110836,0.19999999999999998
2022-05-04,0.012767866477729265,0.0,0.19999999999999998,0.293962588835463,0.20344734395345354,0.1025900672110836,0.19999999999999998
2022-05-05,-0.013928518392256858,0.0,0.19999999999999998,0.293962588835463,0.20344734395345354,0.1025900672110836,0.19999999999999998
2022-05-06,-0.0027237327443099635,0.0,0.19999999999999998,0.293962588835463,0.20344734395345354,0.1025900672110836,0.19999999999999998
2022-05-09,-0.013636101899689007,0.0,0.19999999999999998,0.293962588835463,0.20344734395345354,0.1025900672110836,0.19999999999999998
2022-05-10,-0.0008903388852222778,0.0,0.19999999999999998,0.293962588835463,0.20344734395345354,0.1025900672110836,0.19999999999999998
2022-05-11,0.009389948727875528,0.0,0.19999999999999998,0.293962588835463,0.20344734395345354,0.1025900672110836,0.19999999999999998
2022-05-12,-0.0007729514158060949,0.0,0.19999999999999998,0.293962588835463,0.20344734395345354,0.1025900672110836,0.19999999999999998
2022-05-13,0.000870697448718245,0.0,0.19999999999999998,0.293962588835463,0.20344734395345354,0.1025900672110836,0.19999999999999998
2022-05-16,0.0023482057898822433,0.0,0.19999999999999998,0.293962588835463,0.20344734395345354,0.1025900672110836,0.19999999999999998
2022-05-17,-0.004835422706041714,0.0,0.19999999999999998,0.293962588835463,0.20344734395345354,0.1025900672110836,0.19999999999999998
2022-05-18,-0.002976289927233684,0.0,0.19999999999999998,0.293962588835463,0.20344734395345354,0.1025900672110836,0.19999999999999998
2022-05-19,0.0020497885833885114,0.0,0.19999999999999998,0.293962588835463,0.20344734395345354,0.1025900672110836,0.19999999999999998
2022-05-20,0.005364824281496047,0.0,0.19999999999999998,0.293962588835463,0.20344734395345354,0.1025900672110836,0.19999999999999998
2022-05-23,-0.0015623065790556665,0.0,0.19999999999999998,0.293962588835463,0.20344734395345354,0.1025900672110836,0.19999999999999998
2022-05-24,0.005255219068581276,0.0,0.19999999999999998,0.293962588835463,0.20344734395345354,0.1025900672110836,0.19999999999999998
2022-05-25,0.003038237205719189,0.0,0.19999999999999998,0.293962588835463,0.20344734395345354,0.1025900672110836,0.19999999999999998
2022-05-26,0.0042552769050097005,0.0,0.19999999999999998,0.293962588835463,0.20344734395345354,0.1025900672110836,0.19999999999999998
2022-05-27,0.006347601228942972,0.0,0.19999999999999998,0.293962588835463,0.20344734395345354,0.1025900672110836,0.19999999999999998
2022-05-31,-0.008975483377919605,0.0,0.19999999999999998,0.293962588835463,0.20344734395345354,0.1025900672110836,0.19999999999999998
2022-06-01,0.0009694649017223018,0.0,0.19999999999999998,0.293962588835463,0.20344734395345354,0.1025900672110836,0.19999999999999998
2022-06-02,0.006765172319867315,0.0,0.19999999999999998,0.293962588835463,0.20344734395345354,0.1025900672110836,0.19999999999999998
2022-06-03,-0.0024865404192453335,0.0,0.19999999999999998,0.293962588835463,0.20344734395345354,0.1025900672110836,0.19999999999999998
2022-06-06,-0.00650747294338027,0.0,0.19999999999999998,0.293962588835463,0.20344734395345354,0.1025900672110836,0.19999999999999998
2022-06-07,0.008115241221973267,0.0,0.19999999999999998,0.293962588835463,0.20344734395345354,0.1025900672110836,0.19999999999999998
2022-06-08,-0.002160200247348168,0.0,0.19999999999999998,0.293962588835463,0.20344734395345354,0.1025900672110836,0.19999999999999998
2022-06-09,-0.0039806100520944155,0.0,0.19999999999999998,0.293962588835463,0.20344734395345354,0.1025900672110836,0.19999999999999998
2022-06-10,-0.004370057928538224,0.0,0.19999999999999998,0.293962588835463,0.20344734395345354,0.1025900672110836,0.19999999999999998
2022-06-13,-0.019989203659860576,0.0,0.19999999999999998,0.293962588835463,0.20344734395345354,0.1025900672110836,0.19999999999999998
2022-06-14,-0.007680205782921485,0.0,0.19999999999999998,0.293962588835463,0.20344734395345354,0.1025900672110836,0.19999999999999998
2022-06-15,0.007665233134405397,0.0,0.19999999999999998,0.293962588835463,0.20344734395345354,0.1025900672110836,0.19999999999999998
2022-06-16,-0.003069213778990917,0.0,0.19999999999999998,0.293962588835463,0.20344734395345354,0.1025900672110836,0.19999999999999998
2022-06-17,-0.003326387880932008,0.0,0.19999999999999998,0.293962588835463,0.20344734395345354,0.1025900672110836,0.19999999999999998
2022-06-21,-0.0005504318125526108,0.0,0.19999999999999998,0.293962588835463,0.20344734395345354,0.1025900672110836,0.19999999999999998
2022-06-22,0.00437579238273267,0.0,0.19999999999999998,0.293962588835463,0.20344734395345354,0.1025900672110836,0.19999999999999998
2022-06-23,0.0009341156988908006,0.0,0.19999999999999998,0.293962588835463,0.20344734395345354,0.1025900672110836,0.19999999999999998
2022-06-24,0.004629864240777012,0.0,0.19999999999999998,0.293962588835463,0.20344734395345354,0.1025900672110836,0.19999999999999998
2022-06-27,-0.0017627549020737072,0.0,0.19999999999999998,0.293962588835463,0.20344734395345354,0.1025900672110836,0.19999999999999998
2022-06-28,0.00031625527431475026,0.0,0.19999999999999998,0.293962588835463,0.20344734395345354,0.1025900672110836,0.19999999999999998
2022-06-29,0.003273502413881281,0.0,0.19999999999999998,0.293962588835463,0.20344734395345354,0.1025900672110836,0.19999999999999998
2022-06-30,-0.0033691813163122175,0.2792803350149538,0.19999999999999998,0.11727232103159277,0.20344734395345354,0.0,0.4792803350149537
2022-07-01,0.004546961250080649,0.0207196649850463,0.19999999999999998,0.09655265604654649,0.2034473439534535,0.0,0.5
2022-07-05,0.003951445628837352,0.0,0.19999999999999998,0.09655265604654649,0.2034473439534535,0.0,0.5
2022-07-06,-0.0018841267634197446,0.0,0.19999999999999998,0.09655265604654649,0.2034473439534535,0.0,0.5
2022-07-07,0.0024336324561577724,0.0,0.19999999999999998,0.09655265604654649,0.2034473439534535,0.0,0.5
2022-07-08,-0.0014958814016187516,0.0,0.19999999999999998,0.09655265604654649,0.2034473439534535,0.0,0.5
2022-07-11,0.004064974400612882,0.0,0.19999999999999998,0.09655265604654649,0.2034473439534535,0.0,0.5
2022-07-12,-0.0021252856981292395,0.0,0.19999999999999998,0.09655265604654649,0.2034473439534535,0.0,0.5
2022-07-13,-7.617400930935185e-06,0.0,0.19999999999999998,0.09655265604654649,0.2034473439534535,0.0,0.5
2022-07-14,-0.0006626140991436735,0.0,0.19999999999999998,0.09655265604654649,0.2034473439534535,0.0,0.5
2022-07-15,0.001027760995982179,0.0,0.19999999999999998,0.09655265604654649,0.2034473439534535,0.0,0.5
2022-07-18,-0.005237329871933089,0.0,0.19999999999999998,0.09655265604654649,0.2034473439534535,0.0,0.5
2022-07-19,0.0022327963251905026,0.0,0.19999999999999998,0.09655265604654649,0.2034473439534535,0.0,0.5
2022-07-20,0.001017707236142671,0.0,0.19999999999999998,0.09655265604654649,0.2034473439534535,0.0,0.5
2022-07-21,0.0051768638364588435,0.0,0.19999999999999998,0.09655265604654649,0.2034473439534535,0.0,0.5
2022-07-22,-0.00042600172119912913,0.0,0.19999999999999998,0.09655265604654649,0.2034473439534535,0.0,0.5
2022-07-25,-0.001961169402563545,0.0,0.19999999999999998,0.09655265604654649,0.2034473439534535,0.0,0.5
2022-07-26,0.001334353474361897,0.0,0.19999999999999998,0.09655265604654649,0.2034473439534535,0.0,0.5
2022-07-27,0.0025359159185015497,0.0,0.19999999999999998,0.09655265604654649,0.2034473439534535,0.0,0.5
2022-07-28,0.005404389637763598,0.0,0.19999999999999998,0.09655265604654649,0.2034473439534535,0.0,0.5
2022-07-29,0.0012886431220638732,0.0,0.19999999999999998,0.09655265604654649,0.2034473439534535,0.0,0.5
2022-08-01,0.0009418919456141253,0.0,0.19999999999999998,0.09655265604654649,0.2034473439534535,0.0,0.5
2022-08-02,-0.0013768792931735017,0.0,0.19999999999999998,0.09655265604654649,0.2034473439534535,0.0,0.5
2022-08-03,0.006558581280886296,0.0,0.19999999999999998,0.09655265604654649,0.2034473439534535,0.0,0.5
2022-08-04,3.2970500104478884e-05,0.0,0.19999999999999998,0.09655265604654649,0.2034473439534535,0.0,0.5
2022-08-05,-0.0006780466338585389,0.0,0.19999999999999998,0.09655265604654649,0.2034473439534535,0.0,0.5
2022-08-08,0.0023477523882222988,0.0,0.19999999999999998,0.09655265604654649,0.2034473439534535,0.0,0.5
2022-08-09,-0.0010740167530646561,0.0,0.19999999999999998,0.09655265604654649,0.2034473439534535,0.0,0.5
2022-08-10,-0.002392915614910281,0.0,0.19999999999999998,0.09655265604654649,0.2034473439534535,0.0,0.5
2022-08-11,-0.0024316580253497372,0.0,0.19999999999999998,0.09655265604654649,0.2034473439534535,0.0,0.5
2022-08-12,0.008190690935352355,0.0,0.19999999999999998,0.09655265604654649,0.2034473439534535,0.0,0.5
2022-08-15,0.002547661989645835,0.0,0.19999999999999998,0.09655265604654649,0.2034473439534535,0.0,0.5
2022-08-16,0.00026166072508247473,0.0,0.19999999999999998,0.09655265604654649,0.2034473439534535,0.0,0.5
2022-08-17,-0.003041343681781053,0.0,0.19999999999999998,0.09655265604654649,0.2034473439534535,0.0,0.5
2022-08-18,0.004047609940310061,0.0,0.19999999999999998,0.09655265604654649,0.2034473439534535,0.0,0.5
2022-08-19,-0.002601184486947266,0.0,0.19999999999999998,0.09655265604654649,0.2034473439534535,0.0,0.5
2022-08-22,-0.0016914404888602303,0.0,0.19999999999999998,0.09655265604654649,0.2034473439534535,0.0,0.5
2022-08-23,-0.0016498980214930178,0.0,0.19999999999999998,0.09655265604654649,0.2034473439534535,0.0,0.5
2022-08-24,0.0008778151208629418,0.0,0.19999999999999998,0.09655265604654649,0.2034473439534535,0.0,0.5
2022-08-25,0.003932186453925951,0.0,0.19999999999999998,0.09655265604654649,0.2034473439534535,0.0,0.5
2022-08-26,-0.006619238076504752,0.0,0.19999999999999998,0.09655265604654649,0.2034473439534535,0.0,0.5
2022-08-29,-0.0018238268505676183,0.0,0.19999999999999998,0.09655265604654649,0.2034473439534535,0.0,0.5
2022-08-30,-0.0038240818591681255,0.0,0.19999999999999998,0.09655265604654649,0.2034473439534535,0.0,0.5
2022-08-31,-0.0043598698778764405,0.0,0.19999999999999998,0.09655265604654649,0.2034473439534535,0.0,0.5
2022-09-01,0.001537274968413768,0.0,0.19999999999999998,0.09655265604654649,0.2034473439534535,0.0,0.5
2022-09-02,0.0003988494055390692,0.0,0.19999999999999998,0.09655265604654649,0.2034473439534535,0.0,0.5
2022-09-06,-0.0014409713546323628,0.0,0.19999999999999998,0.09655265604654649,0.2034473439534535,0.0,0.5
2022-09-07,0.003635510515161997,0.0,0.19999999999999998,0.09655265604654649,0.2034473439534535,0.0,0.5
2022-09-08,0.00011817776416885564,0.0,0.19999999999999998,0.09655265604654649,0.2034473439534535,0.0,0.5
2022-09-09,0.0008249960363026316,0.0,0.19999999999999998,0.09655265604654649,0.2034473439534535,0.0,0.5
2022-09-12,-0.00018207549422387045,0.0,0.19999999999999998,0.09655265604654649,0.2034473439534535,0.0,0.5
2022-09-13,-0.004231842052251945,0.0,0.19999999999999998,0.09655265604654649,0.2034473439534535,0.0,0.5
2022-09-14,-0.000706906047336846,0.0,0.19999999999999998,0.09655265604654649,0.2034473439534535,0.0,0.5
2022-09-15,-0.005793086184969463,0.0,0.19999999999999998,0.09655265604654649,0.2034473439534535,0.0,0.5
2022-09-16,-0.0012016444219589814,0.0,0.19999999999999998,0.09655265604654649,0.2034473439534535,0.0,0.5
2022-09-19,0.001592931769283365,0.0,0.19999999999999998,0.09655265604654649,0.2034473439534535,0.0,0.5
2022-09-20,-0.002036730137144487,0.0,0.19999999999999998,0.09655265604654649,0.2034473439534535,0.0,0.5
2022-09-21,0.003985279872210345,0.0,0.19999999999999998,0.09655265604654649,0.2034473439534535,0.0,0.5
2022-09-22,-0.0035932669048909533,0.0,0.19999999999999998,0.09655265604654649,0.2034473439534535,0.0,0.5
2022-09-23,0.0014011674651206191,0.0,0.19999999999999998,0.09655265604654649,0.2034473439534535,0.0,0.5
2022-09-26,-0.0005836050016368994,0.0,0.19999999999999998,0.09655265604654649,0.2034473439534535,0.0,0.5
2022-09-27,-0.002472798142968954,0.0,0.19999999999999998,0.09655265604654649,0.2034473439534535,0.0,0.5
2022-09-28,0.004876063499378764,0.0,0.19999999999999998,0.09655265604654649,0.2034473439534535,0.0,0.5
2022-09-29,-0.006699193447433524,0.0,0.19999999999999998,0.09655265604654649,0.2034473439534535,0.0,0.5
2022-09-30,-0.004326160582657658,0.0,0.19999999999999998,0.09655265604654649,0.2034473439534535,0.0,0.5
2022-10-03,0.00943851565027952,0.0,0.19999999999999998,0.09655265604654649,0.2034473439534535,0.0,0.5
2022-10-04,0.0020115556794703636,0.0,0.19999999999999998,0.09655265604654649,0.2034473439534535,0.0,0.5
2022-10-05,0.0022141628164956406,0.0,0.19999999999999998,0.09655265604654649,0.2034473439534535,0.0,0.5
2022-10-06,0.002191122404339005,0.0,0.19999999999999998,0.09655265604654649,0.2034473439534535,0.0,0.5
2022-10-07,-0.006758402650172961,0.0,0.19999999999999998,0.09655265604654649,0.2034473439534535,0.0,0.5
2022-10-10,-0.00397549548922119,0.0,0.19999999999999998,0.09655265604654649,0.2034473439534535,0.0,0.5
2022-10-11,-0.0009293762266208659,0.0,0.19999999999999998,0.09655265604654649,0.2034473439534535,0.0,0.5
2022-10-12,0.0009023128862203907,0.0,0.19999999999999998,0.09655265604654649,0.2034473439534535,0.0,0.5
2022-10-13,-0.0003380802457533692,0.0,0.19999999999999998,0.09655265604654649,0.2034473439534535,0.0,0.5
2022-10-14,-0.00441799623860191,0.0,0.19999999999999998,0.09655265604654649,0.2034473439534535,0.0,0.5
2022-10-17,0.0001657372459633261,0.0,0.19999999999999998,0.09655265604654649,0.2034473439534535,0.0,0.5
2022-10-18,0.002682230918622105,0.0,0.19999999999999998,0.09655265604654649,0.2034473439534535,0.0,0.5
2022-10-19,-0.002250092067816894,0.0,0.19999999999999998,0.09655265604654649,0.2034473439534535,0.0,0.5
2022-10-20,-0.0033198952970179335,0.0,0.19999999999999998,0.09655265604654649,0.2034473439534535,0.0,0.5
2022-10-21,0.002466592272924577,0.0,0.19999999999999998,0.09655265604654649,0.2034473439534535,0.0,0.5
2022-10-24,0.0014876330873992095,0.0,0.19999999999999998,0.09655265604654649,0.2034473439534535,0.0,0.5
2022-10-25,0.0009935530878129825,0.0,0.19999999999999998,0.09655265604654649,0.2034473439534535,0.0,0.5
2022-10-26,-0.004020631001905157,0.0,0.19999999999999998,0.09655265604654649,0.2034473439534535,0.0,0.5
2022-10-27,0.003526234149427384,0.0,0.19999999999999998,0.09655265604654649,0.2034473439534535,0.0,0.5
2022-10-28,0.0028580236966304065,0.0,0.19999999999999998,0.09655265604654649,0.2034473439534535,0.0,0.5
2022-10-31,0.00040405861835476897,0.0,0.19999999999999998,0.09655265604654649,0.2034473439534535,0.0,0.5
2022-11-01,0.0019366187513075138,0.0,0.19999999999999998,0.09655265604654649,0.2034473439534535,0.0,0.5
2022-11-02,-0.004691661377627309,0.0,0.19999999999999998,0.09655265604654649,0.2034473439534535,0.0,0.5
2022-11-03,0.0007912026069119625,0.0,0.19999999999999998,0.09655265604654649,0.2034473439534535,0.0,0.5
2022-11-04,-0.0018734659260332027,0.0,0.19999999999999998,0.09655265604654649,0.2034473439534535,0.0,0.5
2022-11-07,-0.002705747957672152,0.0,0.19999999999999998,0.09655265604654649,0.2034473439534535,0.0,0.5
2022-11-08,0.0046428142817662756,0.0,0.19999999999999998,0.09655265604654649,0.2034473439534535,0.0,0.5
2022-11-09,-0.0010987427218278108,0.0,0.19999999999999998,0.09655265604654649,0.2034473439534535,0.0,0.5
2022-11-10,0.009470788704210377,0.0,0.19999999999999998,0.09655265604654649,0.2034473439534535,0.0,0.5
2022-11-11,-0.004297950988963651,0.0,0.19999999999999998,0.09655265604654649,0.2034473439534535,0.0,0.5
2022-11-14,0.0007757567509766147,0.0,0.19999999999999998,0.09655265604654649,0.2034473439534535,0.0,0.5
2022-11-15,0.002246247532198103,0.0,0.19999999999999998,0.09655265604654649,0.2034473439534535,0.0,0.5
2022-11-16,-0.0009275060248731953,0.0,0.19999999999999998,0.09655265604654649,0.2034473439534535,0.0,0.5
2022-11-17,-0.0011876407848637265,0.0,0.19999999999999998,0.09655265604654649,0.2034473439534535,0.0,0.5
2022-11-18,0.0002338989236702803,0.0,0.19999999999999998,0.09655265604654649,0.2034473439534535,0.0,0.5
2022-11-21,0.0028811659586147637,0.0,0.19999999999999998,0.09655265604654649,0.2034473439534535,0.0,0.5
2022-11-22,0.0012034361186575933,0.0,0.19999999999999998,0.09655265604654649,0.2034473439534535,0.0,0.5
2022-11-23,-0.0009817417813847867,0.0,0.19999999999999998,0.09655265604654649,0.2034473439534535,0.0,0.5
2022-11-25,-0.0001973375162593557,0.0,0.19999999999999998,0.09655265604654649,0.2034473439534535,0.0,0.5
2022-11-28,-0.0008532496810358678,0.0,0.19999999999999998,0.09655265604654649,0.2034473439534535,0.0,0.5
2022-11-29,0.0003977721010302842,0.0,0.19999999999999998,0.09655265604654649,0.2034473439534535,0.0,0.5
2022-11-30,0.005623125535703614,0.0,0.19999999999999998,0.09655265604654649,0.2034473439534535,0.0,0.5
2022-12-01,0.0005608788990692109,0.0,0.19999999999999998,0.09655265604654649,0.2034473439534535,0.0,0.5
2022-12-02,-0.0002503928016657235,0.0,0.19999999999999998,0.09655265604654649,0.2034473439534535,0.0,0.5
2022-12-05,-0.004367494875531585,0.0,0.19999999999999998,0.09655265604654649,0.2034473439534535,0.0,0.5
2022-12-06,-0.0007310716297622406,0.0,0.19999999999999998,0.09655265604654649,0.2034473439534535,0.0,0.5
2022-12-07,0.002193620218395839,0.0,0.19999999999999998,0.09655265604654649,0.2034473439534535,0.0,0.5
2022-12-08,-0.0001116061375074633,0.0,0.19999999999999998,0.09655265604654649,0.2034473439534535,0.0,0.5
2022-12-09,-0.002224688325890017,0.0,0.19999999999999998,0.09655265604654649,0.2034473439534535,0.0,0.5
2022-12-12,0.0018642688329322367,0.0,0.19999999999999998,0.09655265604654649,0.2034473439534535,0.0,0.5
2022-12-13,0.0015168783805358222,0.0,0.19999999999999998,0.09655265604654649,0.2034473439534535,0.0,0.5
2022-12-14,-0.0036720720968108425,0.0,0.19999999999999998,0.09655265604654649,0.2034473439534535,0.0,0.5
2022-12-15,-0.0032009919864210016,0.0,0.19999999999999998,0.09655265604654649,0.2034473439534535,0.0,0.5
2022-12-16,-0.00078333712372315,0.0,0.19999999999999998,0.09655265604654649,0.2034473439534535,0.0,0.5
2022-12-19,-0.0037671386614429045,0.0,0.19999999999999998,0.09655265604654649,0.2034473439534535,0.0,0.5
2022-12-20,-0.0014490763701502148,0.0,0.19999999999999998,0.09655265604654649,0.2034473439534535,0.0,0.5
2022-12-21,0.004151698312150018,0.0,0.19999999999999998,0.09655265604654649,0.2034473439534535,0.0,0.5
2022-12-22,-0.004615072353210429,0.0,0.19999999999999998,0.09655265604654649,0.2034473439534535,0.0,0.5
2022-12-23,0.0001663276227794237,0.0,0.19999999999999998,0.09655265604654649,0.2034473439534535,0.0,0.5
2022-12-27,-0.0011614619395262605,0.0,0.19999999999999998,0.09655265604654649,0.2034473439534535,0.0,0.5
2022-12-28,-0.0021835211716782215,0.0,0.19999999999999998,0.09655265604654649,0.2034473439534535,0.0,0.5
2022-12-29,0.002806926685387956,0.0,0.19999999999999998,0.09655265604654649,0.2034473439534535,0.0,0.5
2022-12-30,-0.0022620429339456076,0.0,0.19999999999999998,0.09655265604654649,0.2034473439534535,0.0,0.5
2023-01-03,0.008097334149044861,0.0,0.19999999999999998,0.09655265604654649,0.2034473439534535,0.0,0.5
2023-01-04,0.00300298920159705,0.0,0.19999999999999998,0.09655265604654649,0.2034473439534535,0.0,0.5
2023-01-05,0.0002289149484979245,0.0,0.19999999999999998,0.09655265604654649,0.2034473439534535,0.0,0.5
2023-01-06,0.0036246759754811966,0.0,0.19999999999999998,0.09655265604654649,0.2034473439534535,0.0,0.5
2023-01-09,-0.00218918553563431,0.0,0.19999999999999998,0.09655265604654649,0.2034473439534535,0.0,0.5
2023-01-10,0.0009130974847186381,0.0,0.19999999999999998,0.09655265604654649,0.2034473439534535,0.0,0.5
2023-01-11,0.003958969879700083,0.0,0.19999999999999998,0.09655265604654649,0.2034473439534535,0.0,0.5
2023-01-12,0.00011720001034572864,0.0,0.19999999999999998,0.09655265604654649,0.2034473439534535,0.0,0.5
2023-01-13,0.002130701910082508,0.0,0.19999999999999998,0.09655265604654649,0.2034473439534535,0.0,0.5
2023-01-17,-0.0008659743102692255,0.0,0.19999999999999998,0.09655265604654649,0.2034473439534535,0.0,0.5
2023-01-18,-0.00140222100825118,0.0,0.19999999999999998,0.09655265604654649,0.2034473439534535,0.0,0.5
2023-01-19,-0.00010230819913081292,0.0,0.19999999999999998,0.09655265604654649,0.2034473439534535,0.0,0.5
2023-01-20,0.0007542241643883783,0.0,0.19999999999999998,0.09655265604654649,0.2034473439534535,0.0,0.5
2023-01-23,0.0030597875706192493,0.0,0.19999999999999998,0.09655265604654649,0.2034473439534535,0.0,0.5
2023-01-24,0.0013641184459199606,0.0,0.19999999999999998,0.09655265604654649,0.2034473439534535,0.0,0.5
2023-01-25,-0.00039355473767039456,0.0,0.19999999999999998,0.09655265604654649,0.2034473439534535,0.0,0.5
2023-01-26,0.001185852627568735,0.0,0.19999999999999998,0.09655265604654649,0.2034473439534535,0.0,0.5
2023-01-27,0.0006615648805970678,0.0,0.19999999999999998,0.09655265604654649,0.2034473439534535,0.0,0.5
2023-01-30,-0.001564288401870545,0.0,0.19999999999999998,0.09655265604654649,0.2034473439534535,0.0,0.5
2023-01-31,0.0033642348643577397,0.0,0.19999999999999998,0.09655265604654649,0.2034473439534535,0.0,0.5
2023-02-01,0.0011235141303366477,0.0,0.19999999999999998,0.09655265604654649,0.2034473439534535,0.0,0.5
2023-02-02,0.0021171252775915713,0.0,0.19999999999999998,0.09655265604654649,0.2034473439534535,0.0,0.5
2023-02-03,-0.002085191420091618,0.0,0.19999999999999998,0.09655265604654649,0.2034473439534535,0.0,0.5
2023-02-06,0.0013638173980732333,0.0,0.19999999999999998,0.09655265604654649,0.2034473439534535,0.0,0.5
2023-02-07,0.0011336565453331175,0.0,0.19999999999999998,0.09655265604654649,0.2034473439534535,0.0,0.5
2023-02-08,-0.0006870671655264211,0.0,0.19999999999999998,0.09655265604654649,0.2034473439534535,0.0,0.5
2023-02-09,-0.004974394569295811,0.0,0.19999999999999998,0.09655265604654649,0.2034473439534535,0.0,0.5
2023-02-10,0.0013879027608820487,0.0,0.19999999999999998,0.09655265604654649,0.2034473439534535,0.0,0.5
2023-02-13,0.0006979350116794113,0.0,0.19999999999999998,0.09655265604654649,0.2034473439534535,0.0,0.5
2023-02-14,-0.0005193747935813998,0.0,0.19999999999999998,0.09655265604654649,0.2034473439534535,0.0,0.5
2023-02-15,0.0011292766242597652,0.0,0.19999999999999998,0.09655265604654649,0.2034473439534535,0.0,0.5
2023-02-16,-0.0035758197256151236,0.0,0.19999999999999998,0.09655265604654649,0.2034473439534535,0.0,0.5
2023-02-17,0.000503056124191452,0.0,0.19999999999999998,0.09655265604654649,0.2034473439534535,0.0,0.5
2023-02-21,-0.005047219788977241,0.0,0.19999999999999998,0.09655265604654649,0.2034473439534535,0.0,0.5
2023-02-22,0.0010613978756969418,0.0,0.19999999999999998,0.09655265604654649,0.2034473439534535,0.0,0.5
2023-02-23,0.0020763730241472743,0.0,0.19999999999999998,0.09655265604654649,0.2034473439534535,0.0,0.5
2023-02-24,-0.0011426754235665188,0.0,0.19999999999999998,0.09655265604654649,0.2034473439534535,0.0,0.5
2023-02-27,-0.0008859241252708301,0.0,0.19999999999999998,0.09655265604654649,0.2034473439534535,0.0,0.5
2023-02-28,0.0020377239706611066,0.0,0.19999999999999998,0.09655265604654649,0.2034473439534535,0.0,0.5
2023-03-01,-0.0032691307189874237,0.0,0.19999999999999998,0.09655265604654649,0.2034473439534535,0.0,0.5
2023-03-02,0.0032331789178136183,0.0,0.19999999999999998,0.09655265604654649,0.2034473439534535,0.0,0.5
2023-03-03,0.005793011886194202,0.0,0.19999999999999998,0.09655265604654649,0.2034473439534535,0.0,0.5
2023-03-06,-0.0023427391639790807,0.0,0.19999999999999998,0.09655265604654649,0.2034473439534535,0.0,0.5
2023-03-07,0.0001603841067810887,0.0,0.19999999999999998,0.09655265604654649,0.2034473439534535,0.0,0.5
2023-03-08,0.00015008500267894105,0.0,0.19999999999999998,0.09655265604654649,0.2034473439534535,0.0,0.5
2023-03-09,-0.002847153579709375,0.0,0.19999999999999998,0.09655265604654649,0.2034473439534535,0.0,0.5
2023-03-10,0.0016761027605178974,0.0,0.19999999999999998,0.09655265604654649,0.2034473439534535,0.0,0.5
2023-03-13,1.7635148800704617e-05,0.0,0.19999999999999998,0.09655265604654649,0.2034473439534535,0.0,0.5
2023-03-14,0.0005403948273311507,0.0,0.19999999999999998,0.09655265604654649,0.2034473439534535,0.0,0.5
2023-03-15,0.007541258989995865,0.0,0.19999999999999998,0.09655265604654649,0.2034473439534535,0.0,0.5
2023-03-16,0.0026363065769719946,0.0,0.19999999999999998,0.09655265604654649,0.2034473439534535,0.0,0.5
2023-03-17,0.002214260103982025,0.0,0.19999999999999998,0.09655265604654649,0.2034473439534535,0.0,0.5
2023-03-20,-0.0016857491101389564,0.0,0.19999999999999998,0.09655265604654649,0.2034473439534535,0.0,0.5
2023-03-21,-0.002221816481173421,0.0,0.19999999999999998,0.09655265604654649,0.2034473439534535,0.0,0.5
2023-03-22,-0.002405099258136825,0.0,0.19999999999999998,0.09655265604654649,0.2034473439534535,0.0,0.5
2023-03-23,0.0038103649957087838,0.0,0.19999999999999998,0.09655265604654649,0.2034473439534535,0.0,0.5
2023-03-24,0.002482525290098402,0.0,0.19999999999999998,0.09655265604654649,0.2034473439534535,0.0,0.5
2023-03-27,-0.005382856266668583,0.0,0.19999999999999998,0.09655265604654649,0.2034473439534535,0.0,0.5
2023-03-28,-0.0003966436646073257,0.0,0.19999999999999998,0.09655265604654649,0.2034473439534535,0.0,0.5
2023-03-29,0.002960951110986115,0.0,0.19999999999999998,0.09655265604654649,0.2034473439534535,0.0,0.5
2023-03-30,0.0011254992940618114,0.0,0.19999999999999998,0.09655265604654649,0.2034473439534535,0.0,0.5
2023-03-31,0.005004780792239682,0.0,0.19999999999999998,0.09655265604654649,0.2034473439534535,0.0,0.5
2023-04-03,0.0003504798216905018,0.0,0.19999999999999998,0.09655265604654649,0.2034473439534535,0.0,0.5
2023-04-04,0.0011808948382664424,0.0,0.19999999999999998,0.09655265604654649,0.2034473439534535,0.0,0.5
2023-04-05,0.0017706583020645076,0.0,0.19999999999999998,0.09655265604654649,0.2034473439534535,0.0,0.5
2023-04-06,-6.0767370698888235e-05,0.0,0.19999999999999998,0.09655265604654649,0.2034473439534535,0.0,0.5
2023-04-10,2.6875497648638867e-05,0.0,0.19999999999999998,0.09655265604654649,0.2034473439534535,0.0,0.5
2023-04-11,-0.00025355818545569494,0.0,0.19999999999999998,0.09655265604654649,0.2034473439534535,0.0,0.5
2023-04-12,-0.00261850677438833,0.0,0.19999999999999998,0.09655265604654649,0.2034473439534535,0.0,0.5
2023-04-13,0.0022967133998613677,0.0,0.19999999999999998,0.09655265604654649,0.2034473439534535,0.0,0.5
2023-04-14,-0.002067797432348609,0.0,0.19999999999999998,0.09655265604654649,0.2034473439534535,0.0,0.5
2023-04-17,0.0011919102982001267,0.0,0.19999999999999998,0.09655265604654649,0.2034473439534535,0.0,0.5
2023-04-18,-0.000533247407273882,0.0,0.19999999999999998,0.09655265604654649,0.2034473439534535,0.0,0.5
2023-04-19,-1.6359030567312215e-05,0.0,0.19999999999999998,0.09655265604654649,0.2034473439534535,0.0,0.5
2023-04-20,0.0005352659554982448,0.0,0.19999999999999998,0.09655265604654649,0.2034473439534535,0.0,0.5
2023-04-21,-0.002938807749192399,0.0,0.19999999999999998,0.09655265604654649,0.2034473439534535,0.0,0.5
2023-04-24,0.00013945525017654606,0.0,0.19999999999999998,0.09655265604654649,0.2034473439534535,0.0,0.5
2023-04-25,0.0016298454267446023,0.0,0.19999999999999998,0.09655265604654649,0.2034473439534535,0.0,0.5
2023-04-26,-0.004601763086917376,0.0,0.19999999999999998,0.09655265604654649,0.2034473439534535,0.0,0.5
2023-04-27,0.0032150341342899553,0.0,0.19999999999999998,0.09655265604654649,0.2034473439534535,0.0,0.5
2023-04-28,0.004041315155677298,0.0,0.19999999999999998,0.09655265604654649,0.2034473439534535,0.0,0.5
2023-05-01,-0.0013772320618039898,0.0,0.19999999999999998,0.09655265604654649,0.2034473439534535,0.0,0.5
2023-05-02,0.0028291549562922333,0.0,0.19999999999999998,0.09655265604654649,0.2034473439534535,0.0,0.5
2023-05-03,-0.0018046691212362876,0.0,0.19999999999999998,0.09655265604654649,0.2034473439534535,0.0,0.5
2023-05-04,-0.00039746758298779073,0.0,0.19999999999999998,0.09655265604654649,0.2034473439534535,0.0,0.5
2023-05-05,-0.0005241629820435013,0.0,0.19999999999999998,0.09655265604654649,0.2034473439534535,0.0,0.5
2023-05-08,-0.0003271883945914492,0.0,0.19999999999999998,0.09655265604654649,0.2034473439534535,0.0,0.5
2023-05-09,0.001843797698585372,0.0,0.19999999999999998,0.09655265604654649,0.2034473439534535,0.0,0.5
2023-05-10,0.0006811272416817936,0.0,0.19999999999999998,0.09655265604654649,0.2034473439534535,0.0,0.5
2023-05-11,0.0021702737271035006,0.0,0.19999999999999998,0.09655265604654649,0.2034473439534535,0.0,0.5
2023-05-12,0.0018054011850707431,0.0,0.19999999999999998,0.09655265604654649,0.2034473439534535,0.0,0.5
2023-05-15,-0.0012978361687811535,0.0,0.19999999999999998,0.09655265604654649,0.2034473439534535,0.0,0.5
2023-05-16,-0.002920502631056865,0.0,0.19999999999999998,0.09655265604654649,0.2034473439534535,0.0,0.5
2023-05-17,0.0023319016115751594,0.0,0.19999999999999998,0.09655265604654649,0.2034473439534535,0.0,0.5
2023-05-18,0.0023033845131372175,0.0,0.19999999999999998,0.09655265604654649,0.2034473439534535,0.0,0.5
2023-05-19,-0.00037081493211467333,0.0,0.19999999999999998,0.09655265604654649,0.2034473439534535,0.0,0.5
2023-05-22,-0.00038528469655545145,0.0,0.19999999999999998,0.09655265604654649,0.2034473439534535,0.0,0.5
2023-05-23,-0.0003083604274756401,0.0,0.19999999999999998,0.09655265604654649,0.2034473439534535,0.0,0.5
2023-05-24,-0.0018059027850450752,0.0,0.19999999999999998,0.09655265604654649,0.2034473439534535,0.0,0.5
2023-05-25,0.0018182325993527733,0.0,0.19999999999999998,0.09655265604654649,0.2034473439534535,0.0,0.5
2023-05-26,0.004008122782644854,0.0,0.19999999999999998,0.09655265604654649,0.2034473439534535,0.0,0.5
2023-05-30,0.0017756739284974332,0.0,0.19999999999999998,0.09655265604654649,0.2034473439534535,0.0,0.5
2023-05-31,0.0009208422569622546,0.0,0.19999999999999998,0.09655265604654649,0.2034473439534535,0.0,0.5
