date,gross,turnover,w_SPY,w_TLT,w_GLD,w_USO,w_UUP
2019-01-02,0.003513170671172765,0.5429506780143931,0.7429506780143932,0.0,0.0,0.06730183749975724,0.1897474844858496
2019-01-03,-0.01808165692266627,0.0,0.7429506780143932,0.0,0.0,0.06730183749975724,0.1897474844858496
2019-01-04,0.026143805728278326,0.0,0.7429506780143932,0.0,0.0,0.06730183749975724,0.1897474844858496
2019-01-07,0.005765253539959385,0.0,0.7429506780143932,0.0,0.0,0.06730183749975724,0.1897474844858496
2019-01-08,0.008952577987808177,0.0,0.7429506780143932,0.0,0.0,0.06730183749975724,0.1897474844858496
2019-01-09,0.004924734682400031,0.008134103417017938,0.7383196374542825,0.0,2.3074987676780497e-20,0.06379877464284994,0.19788158790286753
2019-01-10,0.004071363882612913,0.0,0.7383196374542825,0.0,2.3074987676780497e-20,0.06379877464284994,0.19788158790286753
2019-01-11,-0.0007080048488595746,0.0,0.7383196374542825,0.0,2.3074987676780497e-20,0.06379877464284994,0.19788158790286753
2019-01-14,-0.005733510030236325,0.0,0.7383196374542825,0.0,2.3074987676780497e-20,0.06379877464284994,0.19788158790286753
2019-01-15,0.011014092022396081,0.0,0.7383196374542825,0.0,2.3074987676780497e-20,0.06379877464284994,0.19788158790286753
2019-01-16,0.002348621928169298,0.0076789333450073965,0.7338943985360186,3.8885291772066025e-19,0.0,0.060545080216106495,0.2055605212478749
2019-01-17,0.005403511978604012,0.0,0.7338943985360186,3.8885291772066025e-19,0.0,0.060545080216106495,0.2055605212478749
2019-01-18,0.01195026349947044,0.0,0.7338943985360186,3.8885291772066025e-19,0.0,0.060545080216106495,0.2055605212478749
2019-01-22,-0.010932094694978819,0.0,0.7338943985360186,3.8885291772066025e-19,0.0,0.060545080216106495,0.2055605212478749
2019-01-23,0.0006717386000143941,0.0,0.7338943985360186,3.8885291772066025e-19,0.0,0.060545080216106495,0.2055605212478749
2019-01-24,0.002263842790513528,0.007363159849677312,0.7296593975976141,2.0775829609302264e-19,0.0,0.05741692130483372,0.2129236810975523
2019-01-25,0.00484216662090823,0.0,0.7296593975976141,2.0775829609302264e-19,0.0,0.05741692130483372,0.2129236810975523
2019-01-28,-0.006909577857914877,0.0,0.7296593975976141,2.0775829609302264e-19,0.0,0.05741692130483372,0.2129236810975523
2019-01-29,0.00021650827309659516,0.0,0.7296593975976141,2.0775829609302264e-19,0.0,0.05741692130483372,0.2129236810975523
2019-01-30,0.011699117662522442,0.0,0.7296593975976141,2.0775829609302264e-19,0.0,0.05741692130483372,0.2129236810975523
2019-01-31,0.006568199666154738,0.006910263790357144,0.7256810369658836,0.0,0.0,0.054485018146207,0.21983394488790936
2019-02-01,0.0016933551187586421,0.0,0.7256810369658836,0.0,0.0,0.054485018146207,0.21983394488790936
2019-02-04,0.005102743119898594,0.0,0.7256810369658836,0.0,0.0,0.054485018146207,0.21983394488790936
2019-02-05,0.002651395712094654,0.0,0.7256810369658836,0.0,0.0,0.054485018146207,0.21983394488790936
2019-02-06,4.9182946370993985e-05,0.0,0.7256810369658836,0.0,0.0,0.054485018146207,0.21983394488790936
2019-02-07,-0.0074912880218649764,0.006649239052292564,0.7219092407659422,0.0,0.0,0.05160757529385588,0.22648318394020198
2019-02-08,0.0011928924630253321,0.0,0.7219092407659422,0.0,0.0,0.05160757529385588,0.22648318394020198
2019-02-11,0.0009550243366013057,0.0,0.7219092407659422,0.0,0.0,0.05160757529385588,0.22648318394020198
2019-02-12,0.009196926270581206,0.0,0.7219092407659422,0.0,0.0,0.05160757529385588,0.22648318394020198
2019-02-13,0.004408722807674147,0.0,0.7219092407659422,0.0,0.0,0.05160757529385588,0.22648318394020198
2019-02-14,-0.0012609266223426356,0.006454313596309231,0.7182402409843072,7.252895526990861e-20,7.816691880269089e-20,0.04882226147918162,0.23293749753651113
2019-02-15,0.008354561680013134,7.28583859910259e-17,0.7182402409843073,7.252895526990862e-20,7.81669188026909e-20,0.048822261479181624,0.23293749753651116
2019-02-19,0.0006315643738404153,0.0,0.7182402409843073,7.252895526990862e-20,7.81669188026909e-20,0.048822261479181624,0.23293749753651116
2019-02-20,0.0022506161791081957,0.0,0.7182402409843073,7.252895526990862e-20,7.81669188026909e-20,0.048822261479181624,0.23293749753651116
2019-02-21,-0.002577569387161714,0.0,0.7182402409843073,7.252895526990862e-20,7.81669188026909e-20,0.048822261479181624,0.23293749753651116
2019-02-22,0.004611356680260897,0.006058868851009407,0.7147349712393191,0.0,0.0,0.046268662373160366,0.2389963663875205
2019-02-25,-0.000684273265896529,0.0,0.7147349712393191,0.0,0.0,0.046268662373160366,0.2389963663875205
2019-02-26,-0.00120150118249916,0.0,0.7147349712393191,0.0,0.0,0.046268662373160366,0.2389963663875205
2019-02-27,0.0009141309091920495,0.0,0.7147349712393191,0.0,0.0,0.046268662373160366,0.2389963663875205
2019-02-28,-0.0009108994945969294,0.0,0.7147349712393191,0.0,0.0,0.046268662373160366,0.2389963663875205
2019-03-01,0.004332545843110698,0.005798913434453011,0.7113780485588719,0.0,0.0,0.0438266716191546,0.24479527982197358
2019-03-04,-0.001776000677136078,0.0,0.7113780485588719,0.0,0.0,0.0438266716191546,0.24479527982197358
2019-03-05,-0.00022804750937485533,0.0,0.7113780485588719,0.0,0.0,0.0438266716191546,0.24479527982197358
2019-03-06,-0.0045687156739731795,0.0,0.7113780485588719,0.0,0.0,0.0438266716191546,0.24479527982197358
2019-03-07,-0.0035480553554829396,0.0,0.7113780485588719,0.0,0.0,0.0438266716191546,0.24479527982197358
2019-03-08,-0.0024656633900781806,0.0058785454671874265,0.7078844770337803,0.0,4.7783098433085505e-20,0.04144169767705877,0.25067382528916105
2019-03-11,0.01014566601310359,0.0,0.7078844770337803,0.0,4.7783098433085505e-20,0.04144169767705877,0.25067382528916105
2019-03-12,0.0022908329286103657,0.0,0.7078844770337803,0.0,4.7783098433085505e-20,0.04144169767705877,0.25067382528916105
2019-03-13,0.004569018037086222,0.0,0.7078844770337803,0.0,4.7783098433085505e-20,0.04144169767705877,0.25067382528916105
2019-03-14,0.0004275603886772575,0.0,0.7078844770337803,0.0,4.7783098433085505e-20,0.04144169767705877,0.25067382528916105
2019-03-15,0.0030206784598422547,0.005447371724008485,0.7046598231952766,0.0,1.0746594106024515e-20,0.03921897979155392,0.2561211970131695
2019-03-18,0.00261105504662532,0.0,0.7046598231952766,0.0,1.0746594106024515e-20,0.03921897979155392,0.2561211970131695
2019-03-19,-0.00021920190535364357,0.0,0.7046598231952766,0.0,1.0746594106024515e-20,0.03921897979155392,0.2561211970131695
2019-03-20,-0.002910618576628308,0.0,0.7046598231952766,0.0,1.0746594106024515e-20,0.03921897979155392,0.2561211970131695
2019-03-21,0.00937185422695323,0.0,0.7046598231952766,0.0,1.0746594106024515e-20,0.03921897979155392,0.2561211970131695
2019-03-22,-0.01360583346948843,0.006006321267652066,0.7012107632325443,2.9238614887477945e-19,1.0139829640144536e-19,0.03666171848663421,0.26212751828082154
2019-03-25,-0.00046722418177446963,0.0,0.7012107632325443,2.9238614887477945e-19,1.0139829640144536e-19,0.03666171848663421,0.26212751828082154
2019-03-26,0.006697807804136556,0.0,0.7012107632325443,2.9238614887477945e-19,1.0139829640144536e-19,0.03666171848663421,0.26212751828082154
2019-03-27,-0.0037446543858040255,0.0,0.7012107632325443,2.9238614887477945e-19,1.0139829640144536e-19,0.03666171848663421,0.26212751828082154
2019-03-28,0.003598164069799385,0.0,0.7012107632325443,2.9238614887477945e-19,1.0139829640144536e-19,0.03666171848663421,0.26212751828082154
2019-03-29,0.005130749075751803,0.005142247627970314,0.6981073759916213,0.0,3.764300905696649e-21,0.03462285809958682,0.2672697659087918
2019-04-01,0.008960045464424112,8.673617379884035e-17,0.6981073759916214,0.0,3.7643009056966495e-21,0.034622858099586824,0.26726976590879187
2019-04-02,0.0011634495011445623,8.673617379884035e-17,0.6981073759916213,0.0,3.764300905696649e-21,0.03462285809958682,0.2672697659087918
2019-04-03,-0.0025413698789516445,0.5153007697835047,0.48469923021649525,0.35364812815315944,0.1616526416303454,0.0,7.878636323976381e-17
2019-04-04,0.0026995860184014717,0.0,0.48469923021649525,0.35364812815315944,0.1616526416303454,0.0,7.878636323976381e-17
2019-04-05,0.0042494088742026275,0.5153007697835048,0.6989769963630194,5.051393794872178e-17,0.0,0.031186635622683326,0.2698363680142974
2019-04-08,0.00019376922710939107,0.0,0.6989769963630194,5.051393794872178e-17,0.0,0.031186635622683326,0.2698363680142974
2019-04-09,-0.0036411098853252424,0.0,0.6989769963630194,5.051393794872178e-17,0.0,0.031186635622683326,0.2698363680142974
2019-04-10,0.002156100268919419,0.0,0.6989769963630194,5.051393794872178e-17,0.0,0.031186635622683326,0.2698363680142974
2019-04-11,0.0003125077234952239,0.0,0.6989769963630194,5.051393794872178e-17,0.0,0.031186635622683326,0.2698363680142974
2019-04-12,0.004175051296523042,0.0032817692282413177,0.7003629272169698,0.0,0.0,0.027904866394442045,0.27173220638858825
2019-04-15,-0.0006889293650344927,0.0,0.7003629272169698,0.0,0.0,0.027904866394442045,0.27173220638858825
2019-04-16,0.0013609914303592187,0.0,0.7003629272169698,0.0,0.0,0.027904866394442045,0.27173220638858825
2019-04-17,-0.0021104928126146824,0.0,0.7003629272169698,0.0,0.0,0.027904866394442045,0.27173220638858825
2019-04-18,0.0029269258546967807,0.0,0.7003629272169698,0.0,0.0,0.027904866394442045,0.27173220638858825
2019-04-22,0.0006256815777734107,0.003187838732331843,0.7015733085393668,9.774472232731095e-20,0.0,0.024717027662110164,0.273709663798523
2019-04-23,0.00747019738464986,0.0,0.7015733085393668,9.774472232731095e-20,0.0,0.024717027662110164,0.273709663798523
2019-04-24,-0.00039385296364258314,0.0,0.7015733085393668,9.774472232731095e-20,0.0,0.024717027662110164,0.273709663798523
2019-04-25,-0.00018269068731076836,0.0,0.7015733085393668,9.774472232731095e-20,0.0,0.024717027662110164,0.273709663798523
2019-04-26,0.0021516564565723763,0.0,0.7015733085393668,9.774472232731095e-20,0.0,0.024717027662110164,0.273709663798523
2019-04-29,0.0006903660465991203,0.004413565105694982,0.7035423444970609,0.0,0.0,0.020303462556415162,0.27615419294652394
2019-04-30,-0.00039039381364110284,0.0,0.7035423444970609,0.0,0.0,0.020303462556415162,0.27615419294652394
2019-05-01,-0.0050785958558007575,0.0,0.7035423444970609,0.0,0.0,0.020303462556415162,0.27615419294652394
2019-05-02,-0.0015010924206209225,0.0,0.7035423444970609,0.0,0.0,0.020303462556415162,0.27615419294652394
2019-05-03,0.005913895024727711,0.0,0.7035423444970609,0.0,0.0,0.020303462556415162,0.27615419294652394
2019-05-06,-0.0005415166133970637,0.520633553081148,0.479366446918852,0.5206335530811481,1.382520459942631e-18,0.0,0.0
2019-05-07,-0.004016055139639287,0.0,0.479366446918852,0.5206335530811481,1.382520459942631e-18,0.0,0.0
2019-05-08,-0.002916494323632398,0.0,0.479366446918852,0.5206335530811481,1.382520459942631e-18,0.0,0.0
2019-05-09,0.0006836304451954642,0.0,0.479366446918852,0.5206335530811481,1.382520459942631e-18,0.0,0.0
2019-05-10,0.0016998633704691873,0.0,0.479366446918852,0.5206335530811481,1.382520459942631e-18,0.0,0.0
2019-05-13,-0.01790385197824989,0.520633553081148,0.7040515109730401,0.0,4.865237096950341e-19,0.01692783886289166,0.27902065016406824
2019-05-14,0.007260829967228223,0.0,0.7040515109730401,0.0,4.865237096950341e-19,0.01692783886289166,0.27902065016406824
2019-05-15,0.004362006248947298,0.0,0.7040515109730401,0.0,4.865237096950341e-19,0.01692783886289166,0.27902065016406824
2019-05-16,0.007487421353346937,0.0,0.7040515109730401,0.0,4.865237096950341e-19,0.01692783886289166,0.27902065016406824
2019-05-17,-0.003992324216814748,0.0,0.7040515109730401,0.0,4.865237096950341e-19,0.01692783886289166,0.27902065016406824
2019-05-20,-0.004800963366631299,0.0028851083150785413,0.7051889570172716,5.716580806186629e-20,6.538717370820084e-20,0.014042730547813123,0.2807683124349153
2019-05-21,0.0067631832196162305,0.0,0.7051889570172716,5.716580806186629e-20,6.538717370820084e-20,0.014042730547813123,0.2807683124349153
2019-05-22,-0.0023702578599615973,0.0,0.7051889570172716,5.716580806186629e-20,6.538717370820084e-20,0.014042730547813123,0.2807683124349153
2019-05-23,-0.009864911102482249,0.0,0.7051889570172716,5.716580806186629e-20,6.538717370820084e-20,0.014042730547813123,0.2807683124349153
2019-05-24,0.0008031343357047327,0.0,0.7051889570172716,5.716580806186629e-20,6.538717370820084e-20,0.014042730547813123,0.2807683124349153
2019-05-28,-0.005390331513201207,0.0038689939281890233,0.706984476637684,0.0,0.0,0.010173736619624089,0.28284178674269184
2019-05-29,-0.004092224910725174,0.0,0.706984476637684,0.0,0.0,0.010173736619624089,0.28284178674269184
2019-05-30,0.0016391405772402047,0.0,0.706984476637684,0.0,0.0,0.010173736619624089,0.28284178674269184
2019-05-31,-0.011274951385103095,0.0,0.706984476637684,0.0,0.0,0.010173736619624089,0.28284178674269184
2019-06-03,-0.0034031995406690776,0.0,0.706984476637684,0.0,0.0,0.010173736619624089,0.28284178674269184
2019-06-04,0.004634537782734571,0.5156501262899152,0.48434987371008464,0.5156501262899152,9.973589145119585e-19,2.102554545280795e-17,7.607054084798329e-17
2019-06-05,0.0012811870299892455,0.0,0.48434987371008464,0.5156501262899152,9.973589145119585e-19,2.102554545280795e-17,7.607054084798329e-17
2019-06-06,0.004813031894312084,0.0,0.48434987371008464,0.5156501262899152,9.973589145119585e-19,2.102554545280795e-17,7.607054084798329e-17
2019-06-07,0.00930821244501378,0.0,0.48434987371008464,0.5156501262899152,9.973589145119585e-19,2.102554545280795e-17,7.607054084798329e-17
2019-06-10,-0.002630908027247431,0.0,0.48434987371008464,0.5156501262899152,9.973589145119585e-19,2.102554545280795e-17,7.607054084798329e-17
2019-06-11,-5.5636970778909984e-05,0.5136527369428608,0.6990608083461276,0.0019973893470544343,0.0,0.005307979704530327,0.29363382260228765
2019-06-12,-0.000668831707860788,0.0,0.6990608083461276,0.0019973893470544343,0.0,0.005307979704530327,0.29363382260228765
2019-06-13,0.0032355801727779417,0.0,0.6990608083461276,0.0019973893470544343,0.0,0.005307979704530327,0.29363382260228765
2019-06-14,0.0008328398440734605,0.0,0.6990608083461276,0.0019973893470544343,0.0,0.005307979704530327,0.29363382260228765
2019-06-17,0.00031780472812603964,0.0,0.6990608083461276,0.0019973893470544343,0.0,0.005307979704530327,0.29363382260228765
2019-06-18,0.007844614676913306,0.006901477362825826,0.6995632927301242,0.008396382325883729,9.346049425075705e-20,0.0008550249515618921,0.2911852999924303
2019-06-19,0.00027157490476256946,0.0,0.6995632927301242,0.008396382325883729,9.346049425075705e-20,0.0008550249515618921,0.2911852999924303
2019-06-20,0.004969757578238613,0.0,0.6995632927301242,0.008396382325883729,9.346049425075705e-20,0.0008550249515618921,0.2911852999924303
2019-06-21,-0.002551857447685795,0.0,0.6995632927301242,0.008396382325883729,9.346049425075705e-20,0.0008550249515618921,0.2911852999924303
2019-06-24,-0.0012400291642905325,0.0,0.6995632927301242,0.008396382325883729,9.346049425075705e-20,0.0008550249515618921,0.2911852999924303
2019-06-25,-0.003179624828275453,0.5052551163032599,0.48634850137085645,0.5136514986291435,7.15885154447433e-20,4.2410559555462947e-19,1.4957209269849085e-17
2019-06-26,-0.0037721733389072284,0.0,0.48634850137085645,0.5136514986291435,7.15885154447433e-20,4.2410559555462947e-19,1.4957209269849085e-17
2019-06-27,0.005344213896682625,0.0,0.48634850137085645,0.5136514986291435,7.15885154447433e-20,4.2410559555462947e-19,1.4957209269849085e-17
2019-06-28,0.0021550022503298975,0.0,0.48634850137085645,0.5136514986291435,7.15885154447433e-20,4.2410559555462947e-19,1.4957209269849085e-17
2019-07-01,0.0032136968764222397,0.0,0.48634850137085645,0.5136514986291435,7.15885154447433e-20,4.2410559555462947e-19,1.4957209269849085e-17
2019-07-02,0.0017879094102325054,0.48778488959035793,0.6925252527633687,0.025866609038785616,0.0,2.241336917416349e-18,0.2816081381978457
2019-07-03,0.007555274457644969,0.4820847028289919,0.4920486881322225,0.5079513118677775,5.67560586668425e-19,4.344528051950221e-19,0.0
2019-07-05,-0.007297038918312725,0.0,0.4920486881322225,0.5079513118677775,5.67560586668425e-19,4.344528051950221e-19,0.0
2019-07-08,-0.0020130522595253426,0.0,0.4920486881322225,0.5079513118677775,5.67560586668425e-19,4.344528051950221e-19,0.0
2019-07-09,0.00042177423125197284,0.0,0.4920486881322225,0.5079513118677775,5.67560586668425e-19,4.344528051950221e-19,0.0
2019-07-10,-0.0003862998072445092,0.005830844426627235,0.4978795325588497,0.5021204674411502,0.0,0.0,0.0
2019-07-11,-0.005536058284018722,0.0,0.4978795325588497,0.5021204674411502,0.0,0.0,0.0
2019-07-12,0.0028079482321177658,0.0,0.4978795325588497,0.5021204674411502,0.0,0.0,0.0
2019-07-15,0.003057437065282599,0.0,0.4978795325588497,0.5021204674411502,0.0,0.0,0.0
2019-07-16,-0.003101078153444717,0.0,0.4978795325588497,0.5021204674411502,0.0,0.0,0.0
2019-07-17,0.0019614269848060337,0.004120395613846889,0.5019999281726967,0.49800007182730344,0.0,1.4962799219025216e-19,0.0
2019-07-18,0.0018754288807947739,0.0,0.5019999281726967,0.49800007182730344,0.0,1.4962799219025216e-19,0.0
2019-07-19,-0.003958158856508869,0.0,0.5019999281726967,0.49800007182730344,0.0,1.4962799219025216e-19,0.0
2019-07-22,0.0021786041703211034,0.0,0.5019999281726967,0.49800007182730344,0.0,1.4962799219025216e-19,0.0
2019-07-23,0.0008716275255075227,0.0,0.5019999281726967,0.49800007182730344,0.0,1.4962799219025216e-19,0.0
2019-07-24,0.00452349629218657,0.003484532985434441,0.5054844611581311,0.49451553884186894,0.0,3.7097417966177527e-19,0.0
2019-07-25,-0.004778493897993322,0.0,0.5054844611581311,0.49451553884186894,0.0,3.7097417966177527e-19,0.0
2019-07-26,0.0045554707763491515,0.0,0.5054844611581311,0.49451553884186894,0.0,3.7097417966177527e-19,0.0
2019-07-29,-0.0007700384284675304,0.0,0.5054844611581311,0.49451553884186894,0.0,3.7097417966177527e-19,0.0
2019-07-30,-3.773685736781348e-05,0.0,0.5054844611581311,0.49451553884186894,0.0,3.7097417966177527e-19,0.0
2019-07-31,-0.0016290362794119748,0.003961261622404483,0.5094457227805356,0.4905542772194645,1.1350448730679083e-20,1.4607616562375562e-19,1.705452219885452e-19
2019-08-01,0.005306391607964047,0.0,0.5094457227805356,0.4905542772194645,1.1350448730679083e-20,1.4607616562375562e-19,1.705452219885452e-19
2019-08-02,0.0006976084442495535,0.0,0.5094457227805356,0.4905542772194645,1.1350448730679083e-20,1.4607616562375562e-19,1.705452219885452e-19
2019-08-05,-0.006839804471727183,0.0,0.5094457227805356,0.4905542772194645,1.1350448730679083e-20,1.4607616562375562e-19,1.705452219885452e-19
2019-08-06,0.011064988379893979,0.0,0.5094457227805356,0.4905542772194645,1.1350448730679083e-20,1.4607616562375562e-19,1.705452219885452e-19
2019-08-07,0.00047544561958964176,0.00304434851155308,0.5064013742689825,0.49359862573101754,1.044689464913032e-19,0.0,8.327663728323523e-21
2019-08-08,0.010993123067681953,0.0,0.5064013742689825,0.49359862573101754,1.044689464913032e-19,0.0,8.327663728323523e-21
2019-08-09,-0.004415985097157493,0.0037762000204182855,0.5026251742485642,0.4973748257514359,2.900088080667759e-19,0.0,2.4853988851953585e-19
2019-08-12,0.004469299087133324,0.006592597186616839,0.4960325770619473,0.5039674229380526,9.467948256732734e-20,0.0,2.5073748000722396e-20
2019-08-13,0.005937593328650542,0.0025846335984859303,0.4934479434634614,0.5065520565365386,0.0,0.0,0.0
2019-08-14,0.017503384561523765,0.49344794346346144,0.0,0.6796575599720531,0.32034244002794693,1.1380943693904124e-19,1.96123643635805e-19
2019-08-15,0.009689672751836976,0.0,0.0,0.6796575599720531,0.32034244002794693,1.1380943693904124e-19,1.96123643635805e-19
2019-08-16,-0.007495014820900522,0.0,0.0,0.6796575599720531,0.32034244002794693,1.1380943693904124e-19,1.96123643635805e-19
2019-08-19,-0.013467531103078842,0.0,0.0,0.6796575599720531,0.32034244002794693,1.1380943693904124e-19,1.96123643635805e-19
2019-08-20,0.009527678640671233,0.0,0.0,0.6796575599720531,0.32034244002794693,1.1380943693904124e-19,1.96123643635805e-19
2019-08-21,-0.0014120521266964745,0.47744895623906625,0.21772541056325892,0.2022086037329868,0.5800659857037542,0.0,0.0
2019-08-22,-0.002875476454251921,0.004290179192948385,0.2216652724831757,0.2025589210060184,0.5757758065108058,0.0,2.175473444489679e-19
2019-08-23,0.008179963872387883,0.020845358687169982,0.23753821343713538,0.20753133873922872,0.5549304478236359,1.6378076730547405e-19,0.0
2019-08-26,0.0016696650397986508,0.025275774698229253,0.21761600562271036,0.20217777185542452,0.5802062225218652,3.9337647926997015e-19,0.0
2019-08-27,0.00780228922537053,0.0010263378076912633,0.21855822578268883,0.20226188950313734,0.5791798847141739,2.5931951894249105e-19,0.0
2019-08-28,0.00016305625769918466,0.009738802144411016,0.21399333014767305,0.21200069164754828,0.5740059782047786,0.0,0.0
2019-08-29,-0.0021824598414667724,0.0,0.21399333014767305,0.21200069164754828,0.5740059782047786,0.0,0.0
2019-08-30,-0.001511013754165543,0.0,0.21399333014767305,0.21200069164754828,0.5740059782047786,0.0,0.0
2019-09-03,0.007008895129256955,0.0,0.21399333014767305,0.21200069164754828,0.5740059782047786,0.0,0.0
2019-09-04,0.006329493555998593,0.0,0.21399333014767305,0.21200069164754828,0.5740059782047786,0.0,0.0
2019-09-05,-0.014925788044917638,0.010746194379212468,0.2106310567738223,0.2227468860267608,0.5666220571994169,0.0,5.193740024302495e-19
2019-09-06,-0.003081966726032062,0.0,0.2106310567738223,0.2227468860267608,0.5666220571994169,0.0,5.193740024302495e-19
2019-09-09,-0.005967181027227108,0.0,0.2106310567738223,0.2227468860267608,0.5666220571994169,0.0,5.193740024302495e-19
2019-09-10,-0.008802813716767837,0.0,0.2106310567738223,0.2227468860267608,0.5666220571994169,0.0,5.193740024302495e-19
2019-09-11,0.00453779053368389,0.0,0.2106310567738223,0.2227468860267608,0.5666220571994169,0.0,5.193740024302495e-19
2019-09-12,-0.003779967292030304,0.4553123829063344,0.0,0.6780592689330952,0.3219407310669048,2.967590148277288e-18,2.0197447314937667e-17
2019-09-13,-0.0171480116020325,0.0,0.0,0.6780592689330952,0.3219407310669048,2.967590148277288e-18,2.0197447314937667e-17
2019-09-16,0.011328707006632065,0.0,0.0,0.6780592689330952,0.3219407310669048,2.967590148277288e-18,2.0197447314937667e-17
2019-09-17,0.0043154378909605745,0.0,0.0,0.6780592689330952,0.3219407310669048,2.967590148277288e-18,2.0197447314937667e-17
2019-09-18,0.000854013228548273,0.0,0.0,0.6780592689330952,0.3219407310669048,2.967590148277288e-18,2.0197447314937667e-17
2019-09-19,0.0029427058778443748,0.4516015191837325,0.2118025978908358,0.22645774974936275,0.5617396523598015,0.0,2.479151960244384e-21
2019-09-20,0.008630821842613698,0.0,0.2118025978908358,0.22645774974936275,0.5617396523598015,0.0,2.479151960244384e-21
2019-09-23,0.003046201360184898,0.0,0.2118025978908358,0.22645774974936275,0.5617396523598015,0.0,2.479151960244384e-21
2019-09-24,0.004037736633745658,0.0,0.2118025978908358,0.22645774974936275,0.5617396523598015,0.0,2.479151960244384e-21
2019-09-25,-0.012477435152762735,0.0,0.2118025978908358,0.22645774974936275,0.5617396523598015,0.0,2.479151960244384e-21
2019-09-26,-0.00016699601728555036,0.691476831880489,0.6650748103731946,0.09672057022867517,7.646421898832972e-18,0.008355018792312737,0.22984960060581758
2019-09-27,-0.0037841447448178295,0.0,0.6650748103731946,0.09672057022867517,7.646421898832972e-18,0.008355018792312737,0.22984960060581758
2019-09-30,0.003858153820333995,0.0,0.6650748103731946,0.09672057022867517,7.646421898832972e-18,0.008355018792312737,0.22984960060581758
2019-10-01,-0.008493597671258922,0.0,0.6650748103731946,0.09672057022867517,7.646421898832972e-18,0.008355018792312737,0.22984960060581758
2019-10-02,-0.011713854099023325,0.007127082163790218,0.6606220579490908,0.10384765239246535,2.0568742875910942e-20,0.006853324087882522,0.22867696557056136
2019-10-03,0.006280428093493145,0.007166347245639185,0.6562387285645538,0.1110139996381046,0.0,0.0053837980871998346,0.22736347371014193
2019-10-04,0.009585520548565343,9.75781955236954e-17,0.6562387285645537,0.11101399963810457,0.0,0.005383798087199834,0.22736347371014187
2019-10-07,-0.0033299548819802666,7.676151381197371e-17,0.6562387285645538,0.11101399963810459,0.0,0.0053837980871998346,0.2273634737101419
2019-10-08,-0.009625362254548086,0.0,0.6562387285645538,0.11101399963810459,0.0,0.0053837980871998346,0.2273634737101419
2019-10-09,0.005486101878280559,0.0,0.6562387285645538,0.11101399963810459,0.0,0.0053837980871998346,0.2273634737101419
2019-10-10,0.0018038829247071474,0.007046833264771232,0.652063805520576,0.11806083290287576,0.0,0.003930439806629954,0.22594492176991832
2019-10-11,0.004540172255791874,0.0,0.652063805520576,0.11806083290287576,0.0,0.003930439806629954,0.22594492176991832
2019-10-14,0.0007224044649016737,0.0,0.652063805520576,0.11806083290287576,0.0,0.003930439806629954,0.22594492176991832
2019-10-15,0.0043145706673699885,0.0,0.652063805520576,0.11806083290287576,0.0,0.003930439806629954,0.22594492176991832
2019-10-16,-0.001465083009727121,0.0,0.652063805520576,0.11806083290287576,0.0,0.003930439806629954,0.22594492176991832
2019-10-17,0.0008016453563954335,0.006733435820198358,0.6482363060152427,0.12479426872307414,0.0,0.0025473563030847645,0.2244220689585984
2019-10-18,-0.0036930989685116,0.0,0.6482363060152427,0.12479426872307414,0.0,0.0025473563030847645,0.2244220689585984
2019-10-21,0.0036224896963495427,0.0,0.6482363060152427,0.12479426872307414,0.0,0.0025473563030847645,0.2244220689585984
2019-10-22,-0.0008516122141974413,0.0,0.6482363060152427,0.12479426872307414,0.0,0.0025473563030847645,0.2244220689585984
2019-10-23,0.0019968420580464023,0.0,0.6482363060152427,0.12479426872307414,0.0,0.0025473563030847645,0.2244220689585984
2019-10-24,0.0014680980147839416,0.006567833804871507,0.6444831323345357,0.13136210252794564,1.5353886248354433e-20,0.0013124388633529661,0.22284232627416573
2019-10-25,0.002258935512740236,0.0,0.6444831323345357,0.13136210252794564,1.5353886248354433e-20,0.0013124388633529661,0.22284232627416573
2019-10-28,0.0022511861324774657,0.0,0.6444831323345357,0.13136210252794564,1.5353886248354433e-20,0.0013124388633529661,0.22284232627416573
2019-10-29,-0.00019620978980359598,0.0,0.6444831323345357,0.13136210252794564,1.5353886248354433e-20,0.0013124388633529661,0.22284232627416573
2019-10-30,0.003385731609150967,0.0,0.6444831323345357,0.13136210252794564,1.5353886248354433e-20,0.0013124388633529661,0.22284232627416573
2019-10-31,-0.0002528836882162717,0.007186741388939416,0.642283984115486,0.13854884391688504,0.0,1.951298493618907e-20,0.21916717196762892
2019-11-01,0.005441133908452777,0.0,0.642283984115486,0.13854884391688504,0.0,1.951298493618907e-20,0.21916717196762892
2019-11-04,0.0015815489965463627,0.0,0.642283984115486,0.13854884391688504,0.0,1.951298493618907e-20,0.21916717196762892
2019-11-05,-0.0014470523708190381,0.0,0.642283984115486,0.13854884391688504,0.0,1.951298493618907e-20,0.21916717196762892
2019-11-06,0.0009848690145640153,0.0,0.642283984115486,0.13854884391688504,0.0,1.951298493618907e-20,0.21916717196762892
2019-11-07,0.00012001038748940453,0.0055725889194690875,0.6376834819182373,0.1441214328363541,0.0,0.0,0.2181950852454085
2019-11-08,0.0014539606390026926,8.326672684688674e-17,0.6376834819182374,0.14412143283635412,0.0,0.0,0.21819508524540854
2019-11-11,-0.0014459778878215303,0.0,0.6376834819182374,0.14412143283635412,0.0,0.0,0.21819508524540854
2019-11-12,0.0023309347492538003,0.0,0.6376834819182374,0.14412143283635412,0.0,0.0,0.21819508524540854
2019-11-13,0.0010605343391443373,0.0,0.6376834819182374,0.14412143283635412,0.0,0.0,0.21819508524540854
2019-11-14,0.0023087579464077636,0.005721394382468534,0.6335196625689787,0.1498428272188226,1.9776534531526874e-19,2.5197545393954396e-19,0.21663751021219865
2019-11-15,0.003937977552479221,0.0,0.6335196625689787,0.1498428272188226,1.9776534531526874e-19,2.5197545393954396e-19,0.21663751021219865
2019-11-18,0.0003349934208393857,0.0,0.6335196625689787,0.1498428272188226,1.9776534531526874e-19,2.5197545393954396e-19,0.21663751021219865
2019-11-19,0.0013088962979456412,0.0,0.6335196625689787,0.1498428272188226,1.9776534531526874e-19,2.5197545393954396e-19,0.21663751021219865
2019-11-20,-0.0008053845396762192,0.0,0.6335196625689787,0.1498428272188226,1.9776534531526874e-19,2.5197545393954396e-19,0.21663751021219865
2019-11-21,-0.001667847603781089,0.005958123836394949,0.6295797123878435,0.15580095105521755,8.609888702323408e-20,4.783724086821258e-21,0.21461933655693893
2019-11-22,0.002240905952674876,0.0,0.6295797123878435,0.15580095105521755,8.609888702323408e-20,4.783724086821258e-21,0.21461933655693893
2019-11-25,0.005495507341796288,0.0,0.6295797123878435,0.15580095105521755,8.609888702323408e-20,4.783724086821258e-21,0.21461933655693893
2019-11-26,0.0020976748010429307,0.0,0.6295797123878435,0.15580095105521755,8.609888702323408e-20,4.783724086821258e-21,0.21461933655693893
2019-11-27,0.002673143201930344,0.0,0.6295797123878435,0.15580095105521755,8.609888702323408e-20,4.783724086821258e-21,0.21461933655693893
2019-11-29,-0.0029080467340196576,0.006796494858505753,0.6276216835641882,0.16259744591372333,0.0,5.0862844452886626e-20,0.20978087052208846
2019-12-02,-0.008356960233137095,0.0,0.6276216835641882,0.16259744591372333,0.0,5.0862844452886626e-20,0.20978087052208846
2019-12-03,-0.0010348070066080145,0.0,0.6276216835641882,0.16259744591372333,0.0,5.0862844452886626e-20,0.20978087052208846
2019-12-04,0.002013985270097241,0.0,0.6276216835641882,0.16259744591372333,0.0,5.0862844452886626e-20,0.20978087052208846
2019-12-05,-0.00013319025816481422,0.0,0.6276216835641882,0.16259744591372333,0.0,5.0862844452886626e-20,0.20978087052208846
2019-12-06,0.005548893921726777,0.005167508982434413,0.6234644000405865,0.16776495489615775,9.542134287035036e-21,0.0,0.20877064506325585
2019-12-09,-0.0018306824311438423,0.0,0.6234644000405865,0.16776495489615775,9.542134287035036e-21,0.0,0.20877064506325585
2019-12-10,-0.0009171834607451922,0.0,0.6234644000405865,0.16776495489615775,9.542134287035036e-21,0.0,0.20877064506325585
2019-12-11,0.002307497361246412,0.0,0.6234644000405865,0.16776495489615775,9.542134287035036e-21,0.0,0.20877064506325585
2019-12-12,0.0029262828095581463,0.0,0.6234644000405865,0.16776495489615775,9.542134287035036e-21,0.0,0.20877064506325585
2019-12-13,0.0023740143230689898,0.005373554570204456,0.6198043888981828,0.1731385094663622,0.0,7.813784586246068e-20,0.20705710163545504
2019-12-16,0.0023134113667154354,0.0,0.6198043888981828,0.1731385094663622,0.0,7.813784586246068e-20,0.20705710163545504
2019-12-17,0.0002860198128268989,0.0,0.6198043888981828,0.1731385094663622,0.0,7.813784586246068e-20,0.20705710163545504
2019-12-18,-0.0009946806237751858,0.0,0.6198043888981828,0.1731385094663622,0.0,7.813784586246068e-20,0.20705710163545504
2019-12-19,0.002817536231408497,0.0,0.6198043888981828,0.1731385094663622,0.0,7.813784586246068e-20,0.20705710163545504
2019-12-20,0.0036289791736865374,0.005367820666155335,0.6165473686512024,0.17850633013251754,8.190375651129793e-20,0.0,0.2049463012162801
2019-12-23,0.0005717242346276504,0.0,0.6165473686512024,0.17850633013251754,8.190375651129793e-20,0.0,0.2049463012162801
2019-12-24,0.0005292972065283614,0.0,0.6165473686512024,0.17850633013251754,8.190375651129793e-20,0.0,0.2049463012162801
2019-12-26,0.0034001705895919964,0.0,0.6165473686512024,0.17850633013251754,8.190375651129793e-20,0.0,0.2049463012162801
2019-12-27,-0.0009734528808257262,0.0,0.6165473686512024,0.17850633013251754,8.190375651129793e-20,0.0,0.2049463012162801
2019-12-30,-0.004447987763020674,0.006200471729957802,0.6152798505915726,0.18470680186247537,1.097429511315604e-21,1.8127487315924266e-20,0.2000133475459521
2019-12-31,-0.0008521263436938337,0.0,0.6152798505915726,0.18470680186247537,1.097429511315604e-21,1.8127487315924266e-20,0.2000133475459521
2020-01-02,0.00854810598713575,0.004566853375544175,0.6117360912112509,0.18927365523801945,5.043720018923959e-20,6.315258728028431e-20,0.19899025355072952
2020-01-03,-0.0014884515246422815,8.326672684688674e-17,0.611736091211251,0.18927365523801948,5.0437200189239596e-20,6.315258728028432e-20,0.19899025355072955
2020-01-06,0.0008014681577786149,0.0,0.611736091211251,0.18927365523801948,5.0437200189239596e-20,6.315258728028432e-20,0.19899025355072955
2020-01-07,-0.001984485622239392,0.005038446153548912,0.6085117450280114,0.19431210139156832,7.615218406263882e-20,0.0,0.1971761535804202
2020-01-08,0.0024871305914389566,8.326672684688674e-17,0.6085117450280115,0.19431210139156835,7.615218406263883e-20,0.0,0.19717615358042023
2020-01-09,0.00518443111951587,0.0,0.6085117450280115,0.19431210139156835,7.615218406263883e-20,0.0,0.19717615358042023
2020-01-10,-0.00017372182914766844,0.0,0.6085117450280115,0.19431210139156835,7.615218406263883e-20,0.0,0.19717615358042023
2020-01-13,0.0035955103823824197,0.0,0.6085117450280115,0.19431210139156835,7.615218406263883e-20,0.0,0.19717615358042023
2020-01-14,0.00017707182346198523,0.005863015962483176,0.6073326585978034,0.2001751173540515,1.78421958742412e-20,4.2896687181723854e-21,0.19249222404814517
2020-01-15,0.0024063594868723574,0.0,0.6073326585978034,0.2001751173540515,1.78421958742412e-20,4.2896687181723854e-21,0.19249222404814517
2020-01-16,0.004715552603018305,0.0,0.6073326585978034,0.2001751173540515,1.78421958742412e-20,4.2896687181723854e-21,0.19249222404814517
2020-01-17,0.0008395257028868774,0.0,0.6073326585978034,0.2001751173540515,1.78421958742412e-20,4.2896687181723854e-21,0.19249222404814517
2020-01-21,0.0007675921204365367,0.0,0.6073326585978034,0.2001751173540515,1.78421958742412e-20,4.2896687181723854e-21,0.19249222404814517
2020-01-22,0.0006447870911918251,0.0040338368465625,0.6043506172933308,0.20420895420061397,0.0,0.0,0.1914404285060552
2020-01-23,0.0026327750560916434,0.0,0.6043506172933308,0.20420895420061397,0.0,0.0,0.1914404285060552
2020-01-24,-0.003432162345793899,0.0,0.6043506172933308,0.20420895420061397,0.0,0.0,0.1914404285060552
2020-01-27,-0.006220880090960007,0.0,0.6043506172933308,0.20420895420061397,0.0,0.0,0.1914404285060552
2020-01-28,0.004733886242114906,0.0,0.6043506172933308,0.20420895420061397,0.0,0.0,0.1914404285060552
2020-01-29,0.0018352817386330256,0.004902345512092288,0.6012479106235307,0.20911129971270628,1.1605421405076583e-19,1.9852904596622905e-19,0.1896407896637631
2020-01-30,0.001407086048696137,0.0,0.6012479106235307,0.20911129971270628,1.1605421405076583e-19,1.9852904596622905e-19,0.1896407896637631
2020-01-31,-0.009798693153433364,0.0,0.6012479106235307,0.20911129971270628,1.1605421405076583e-19,1.9852904596622905e-19,0.1896407896637631
2020-02-03,0.005235025724681765,0.0,0.6012479106235307,0.20911129971270628,1.1605421405076583e-19,1.9852904596622905e-19,0.1896407896637631
2020-02-04,0.006635068930859787,0.0,0.6012479106235307,0.20911129971270628,1.1605421405076583e-19,1.9852904596622905e-19,0.1896407896637631
2020-02-05,0.005278532353401592,0.005853806164049402,0.600132811604666,0.21496510587675569,0.0,1.8781851808578397e-21,0.18490208251857834
2020-02-06,0.003336509008244123,0.0,0.600132811604666,0.21496510587675569,0.0,1.8781851808578397e-21,0.18490208251857834
2020-02-07,-9.899918686850874e-05,0.0,0.600132811604666,0.21496510587675569,0.0,1.8781851808578397e-21,0.18490208251857834
2020-02-10,0.005352863124903332,0.0,0.600132811604666,0.21496510587675569,0.0,1.8781851808578397e-21,0.18490208251857834
2020-02-11,-0.0002511182681661061,0.0,0.600132811604666,0.21496510587675569,0.0,1.8781851808578397e-21,0.18490208251857834
2020-02-12,0.003217689579577346,0.004259459324589612,0.5969269870975448,0.21922456520134528,0.0,0.0,0.18384844770110997
2020-02-13,0.0004104025562584622,0.0,0.5969269870975448,0.21922456520134528,0.0,0.0,0.18384844770110997
2020-02-14,0.0018474900631145858,0.0,0.5969269870975448,0.21922456520134528,0.0,0.0,0.18384844770110997
2020-02-18,0.0006500989911485983,0.0,0.5969269870975448,0.21922456520134528,0.0,0.0,0.18384844770110997
2020-02-19,0.003181173628174159,0.0,0.5969269870975448,0.21922456520134528,0.0,0.0,0.18384844770110997
2020-02-20,-0.00014561107304882255,0.004666857778804601,0.5940946647829706,0.22389142298014983,9.399742151174977e-20,0.0,0.18201391223687952
2020-02-21,-0.0051059984845028055,0.0,0.5940946647829706,0.22389142298014983,9.399742151174977e-20,0.0,0.18201391223687952
2020-02-24,-0.016293081658708953,0.0,0.5940946647829706,0.22389142298014983,9.399742151174977e-20,0.0,0.18201391223687952
2020-02-25,-0.017352670529946785,0.0,0.5940946647829706,0.22389142298014983,9.399742151174977e-20,0.0,0.18201391223687952
2020-02-26,-0.0032350732089819253,0.0,0.5940946647829706,0.22389142298014983,9.399742151174977e-20,0.0,0.18201391223687952
2020-02-27,-0.025136753986560144,0.005048945340574068,0.5910440578435106,0.22894036832072395,6.379735598046102e-20,5.187408742150618e-20,0.18001557383576552
2020-02-28,0.0020785335712830808,0.0,0.5910440578435106,0.22894036832072395,6.379735598046102e-20,5.187408742150618e-20,0.18001557383576552
2020-03-02,0.022961621545830542,0.0,0.5910440578435106,0.22894036832072395,6.379735598046102e-20,5.187408742150618e-20,0.18001557383576552
2020-03-03,-0.014118835325591208,0.0,0.5910440578435106,0.22894036832072395,6.379735598046102e-20,5.187408742150618e-20,0.18001557383576552
2020-03-04,0.023028519124449684,0.0,0.5910440578435106,0.22894036832072395,6.379735598046102e-20,5.187408742150618e-20,0.18001557383576552
2020-03-05,-0.015071299347212401,0.006297184383422763,0.5895714765726852,0.23523755270414667,2.642131048183493e-20,1.7093837131645504e-20,0.1751909707231681
2020-03-06,0.001491896335411122,0.0,0.5895714765726852,0.23523755270414667,2.642131048183493e-20,1.7093837131645504e-20,0.1751909707231681
2020-03-09,-0.041551290523271465,0.0,0.5895714765726852,0.23523755270414667,2.642131048183493e-20,1.7093837131645504e-20,0.1751909707231681
2020-03-10,-0.002836094862777487,0.5195447939176655,0.17472610144291303,0.13053813391625343,0.4468233214204726,0.006090853245701139,0.24182158997465986
2020-03-11,-0.03712997632695716,0.5195775365713483,0.5895927261144274,0.23524904581608735,0.0,7.274251547019014e-20,0.17515822806948522
2020-03-12,-0.03133950100039204,0.5168651457765356,0.17511470497812925,0.13286192117584988,0.44560622991027554,0.003970543987229284,0.24244659994851603
2020-03-13,0.007793355434947141,0.0,0.17511470497812925,0.13286192117584988,0.44560622991027554,0.003970543987229284,0.24244659994851603
2020-03-16,-0.023951706506588018,0.0,0.17511470497812925,0.13286192117584988,0.44560622991027554,0.003970543987229284,0.24244659994851603
2020-03-17,0.010702686204992849,0.0,0.17511470497812925,0.13286192117584988,0.44560622991027554,0.003970543987229284,0.24244659994851603
2020-03-18,-0.022256841812146773,0.0,0.17511470497812925,0.13286192117584988,0.44560622991027554,0.003970543987229284,0.24244659994851603
2020-03-19,0.0015608653602980846,0.0052691331605246305,0.1750405017526366,0.13353899405079012,0.4437363335737258,0.0006455103887470439,0.24703866023410045
2020-03-20,0.008397160260592479,0.0,0.1750405017526366,0.13353899405079012,0.4437363335737258,0.0006455103887470439,0.24703866023410045
2020-03-23,0.02027113647598613,0.0,0.1750405017526366,0.13353899405079012,0.4437363335737258,0.0006455103887470439,0.24703866023410045
2020-03-24,0.032094969503154755,0.0,0.1750405017526366,0.13353899405079012,0.4437363335737258,0.0006455103887470439,0.24703866023410045
2020-03-25,-0.006067438690222523,0.0,0.1750405017526366,0.13353899405079012,0.4437363335737258,0.0006455103887470439,0.24703866023410045
2020-03-26,0.012585402773835267,0.003430769296621044,0.17466542073849425,0.13696976334741112,0.44209716248160813,3.5220589770350724e-19,0.24626765343248647
2020-03-27,-0.006412916616538017,0.0,0.17466542073849425,0.13696976334741112,0.44209716248160813,3.5220589770350724e-19,0.24626765343248647
2020-03-30,0.0075963431782481335,0.0,0.17466542073849425,0.13696976334741112,0.44209716248160813,3.5220589770350724e-19,0.24626765343248647
2020-03-31,-0.017978024868567654,0.0,0.17466542073849425,0.13696976334741112,0.44209716248160813,3.5220589770350724e-19,0.24626765343248647
2020-04-01,-0.00020085142197479597,0.0,0.17466542073849425,0.13696976334741112,0.44209716248160813,3.5220589770350724e-19,0.24626765343248647
2020-04-02,0.01338881242932941,0.005018383310828545,0.17373844597277419,0.14198814665823972,0.4399092557552682,0.0,0.244364151613718
2020-04-03,0.0013492960911674584,0.0,0.17373844597277419,0.14198814665823972,0.4399092557552682,0.0,0.244364151613718
2020-04-06,0.023578145579678442,0.0,0.17373844597277419,0.14198814665823972,0.4399092557552682,0.0,0.244364151613718
2020-04-07,-0.005902977362379212,0.0,0.17373844597277419,0.14198814665823972,0.4399092557552682,0.0,0.244364151613718
2020-04-08,0.0017836621382286027,0.0,0.17373844597277419,0.14198814665823972,0.4399092557552682,0.0,0.244364151613718
2020-04-09,0.012544692605506821,0.004777123522532831,0.17305264530852923,0.1467652701807725,0.43760036124771484,0.0,0.2425817232629834
2020-04-13,0.004220748779554273,0.0,0.17305264530852923,0.1467652701807725,0.43760036124771484,0.0,0.2425817232629834
2020-04-14,0.00715889188834767,0.0,0.17305264530852923,0.1467652701807725,0.43760036124771484,0.0,0.2425817232629834
2020-04-15,-0.0002090317490717761,0.0,0.17305264530852923,0.1467652701807725,0.43760036124771484,0.0,0.2425817232629834
2020-04-16,0.0032029081171275845,0.0,0.17305264530852923,0.1467652701807725,0.43760036124771484,0.0,0.2425817232629834
2020-04-17,-0.006456435158113564,0.005096638151692021,0.17223650710358246,0.15186190833246457,0.43526742727943457,0.0,0.24063415728451848
2020-04-20,0.0020908764359449795,0.0,0.17223650710358246,0.15186190833246457,0.43526742727943457,0.0,0.24063415728451848
2020-04-21,-0.005933084366801144,0.0,0.17223650710358246,0.15186190833246457,0.43526742727943457,0.0,0.24063415728451848
2020-04-22,0.01154258447599543,0.0,0.17223650710358246,0.15186190833246457,0.43526742727943457,0.0,0.24063415728451848
2020-04-23,0.005215132039219373,0.0,0.17223650710358246,0.15186190833246457,0.43526742727943457,0.0,0.24063415728451848
2020-04-24,0.00034694000215016525,0.0067288959135153315,0.16973940624500578,0.15557477881085327,0.43103563222449587,6.91018509273894e-21,0.24365018271964506
2020-04-27,-0.003938347005306426,0.0,0.16973940624500578,0.15557477881085327,0.43103563222449587,6.91018509273894e-21,0.24365018271964506
2020-04-28,-0.001180323682017541,0.0,0.16973940624500578,0.15557477881085327,0.43103563222449587,6.91018509273894e-21,0.24365018271964506
2020-04-29,0.005031253637097585,0.0,0.16973940624500578,0.15557477881085327,0.43103563222449587,6.91018509273894e-21,0.24365018271964506
2020-04-30,-0.012742293105318674,0.0,0.16973940624500578,0.15557477881085327,0.43103563222449587,6.91018509273894e-21,0.24365018271964506
2020-05-01,-0.0001758894112187184,0.006985068696660865,0.16784519208364038,0.15906851308548,0.4259447776892004,8.9313082725432e-20,0.2471415171416792
2020-05-04,0.002589766482395823,0.0,0.16784519208364038,0.15906851308548,0.4259447776892004,8.9313082725432e-20,0.2471415171416792
2020-05-05,0.0025222936965495907,0.0,0.16784519208364038,0.15906851308548,0.4259447776892004,8.9313082725432e-20,0.2471415171416792
2020-05-06,-0.007989797992637705,0.0,0.16784519208364038,0.15906851308548,0.4259447776892004,8.9313082725432e-20,0.2471415171416792
2020-05-07,0.010492356961835658,0.0,0.16784519208364038,0.15906851308548,0.4259447776892004,8.9313082725432e-20,0.2471415171416792
2020-05-08,-0.002014281265459159,0.007406445266255071,0.1647163246007949,0.1624820318082127,0.4216671999057908,5.1434537609987354e-20,0.2511344436852016
2020-05-11,-0.0029339851695907547,0.0,0.1647163246007949,0.1624820318082127,0.4216671999057908,5.1434537609987354e-20,0.2511344436852016
2020-05-12,-0.00043812452189143157,0.0,0.1647163246007949,0.1624820318082127,0.4216671999057908,5.1434537609987354e-20,0.2511344436852016
2020-05-13,0.002744810862103292,0.0,0.1647163246007949,0.1624820318082127,0.4216671999057908,5.1434537609987354e-20,0.2511344436852016
2020-05-14,0.007570980907709761,0.0,0.1647163246007949,0.1624820318082127,0.4216671999057908,5.1434537609987354e-20,0.2511344436852016
2020-05-15,0.0028649152863915485,0.0070868253257483915,0.16148539293856173,0.16480456498031285,0.41781130624227564,3.015192685047389e-21,0.25589873583884987
2020-05-18,-0.003931066955614937,0.0,0.16148539293856173,0.16480456498031285,0.41781130624227564,3.015192685047389e-21,0.25589873583884987
2020-05-19,0.002800100092725782,0.0,0.16148539293856173,0.16480456498031285,0.41781130624227564,3.015192685047389e-21,0.25589873583884987
2020-05-20,0.0033737915377096504,0.0,0.16148539293856173,0.16480456498031285,0.41781130624227564,3.015192685047389e-21,0.25589873583884987
2020-05-21,-0.0062216525902492005,0.0,0.16148539293856173,0.16480456498031285,0.41781130624227564,3.015192685047389e-21,0.25589873583884987
2020-05-22,0.00453207354612272,0.006431127424498889,0.15881982340139247,0.1678457905773672,0.41404574835494595,1.8221544057154044e-19,0.25928863766629434
2020-05-26,-0.00810097350492591,0.0,0.15881982340139247,0.1678457905773672,0.41404574835494595,1.8221544057154044e-19,0.25928863766629434
2020-05-27,0.002704258867350734,0.0,0.15881982340139247,0.1678457905773672,0.41404574835494595,1.8221544057154044e-19,0.25928863766629434
2020-05-28,-0.0008790030029968458,0.0,0.15881982340139247,0.1678457905773672,0.41404574835494595,1.8221544057154044e-19,0.25928863766629434
2020-05-29,0.0045637238332764075,0.0,0.15881982340139247,0.1678457905773672,0.41404574835494595,1.8221544057154044e-19,0.25928863766629434
2020-06-01,-0.00010579224222278865,0.005884723611978088,0.1564483089052388,0.1703867286528771,0.4105325392391216,1.6658633195219169e-19,0.2626324232027626
2020-06-02,-0.00228088271273398,0.0,0.1564483089052388,0.1703867286528771,0.4105325392391216,1.6658633195219169e-19,0.2626324232027626
2020-06-03,-0.009348570270614903,0.0,0.1564483089052388,0.1703867286528771,0.4105325392391216,1.6658633195219169e-19,0.2626324232027626
2020-06-04,0.0004432827606832288,0.0,0.1564483089052388,0.1703867286528771,0.4105325392391216,1.6658633195219169e-19,0.2626324232027626
2020-06-05,-0.005025781579456721,0.0,0.1564483089052388,0.1703867286528771,0.4105325392391216,1.6658633195219169e-19,0.2626324232027626
2020-06-08,0.006220424341406416,0.005415111162825073,0.15450412161512553,0.17170143251339662,0.4070616153664098,8.890708278925446e-20,0.26673283050506813
2020-06-09,0.003906718587340495,0.0,0.15450412161512553,0.17170143251339662,0.4070616153664098,8.890708278925446e-20,0.26673283050506813
2020-06-10,0.00618418584393389,0.0,0.15450412161512553,0.17170143251339662,0.4070616153664098,8.890708278925446e-20,0.26673283050506813
2020-06-11,-0.005923595623557234,0.0,0.15450412161512553,0.17170143251339662,0.4070616153664098,8.890708278925446e-20,0.26673283050506813
2020-06-12,0.0014842343734324075,0.0,0.15450412161512553,0.17170143251339662,0.4070616153664098,8.890708278925446e-20,0.26673283050506813
2020-06-15,-0.00032918422207553434,0.0053720340769898706,0.15239594785613333,0.17439523656708222,0.4037977550484121,1.7827474980623019e-19,0.2694110605283724
2020-06-16,0.0008843665827318339,0.0,0.15239594785613333,0.17439523656708222,0.4037977550484121,1.7827474980623019e-19,0.2694110605283724
2020-06-17,0.001063814658972333,0.0,0.15239594785613333,0.17439523656708222,0.4037977550484121,1.7827474980623019e-19,0.2694110605283724
2020-06-18,0.002136561046796515,0.0,0.15239594785613333,0.17439523656708222,0.4037977550484121,1.7827474980623019e-19,0.2694110605283724
2020-06-19,0.00403066575788777,0.0,0.15239594785613333,0.17439523656708222,0.4037977550484121,1.7827474980623019e-19,0.2694110605283724
2020-06-22,0.0021688861710672342,0.0017920439877555372,0.1522339538565267,0.1761872805548378,0.4022993372093164,6.43387435716379e-21,0.26927942837931923
2020-06-23,0.001960343907074601,0.0,0.1522339538565267,0.1761872805548378,0.4022993372093164,6.43387435716379e-21,0.26927942837931923
2020-06-24,-0.002159613736173439,0.0,0.1522339538565267,0.1761872805548378,0.4022993372093164,6.43387435716379e-21,0.26927942837931923
2020-06-25,0.0023076150677055047,0.0,0.1522339538565267,0.1761872805548378,0.4022993372093164,6.43387435716379e-21,0.26927942837931923
2020-06-26,0.00047487227693256704,0.0,0.1522339538565267,0.1761872805548378,0.4022993372093164,6.43387435716379e-21,0.26927942837931923
2020-06-29,0.0019884049087242795,0.003856588611526046,0.152195654399217,0.18004386916636386,0.4011018345352604,0.0,0.2666586418991589
2020-06-30,0.002451710350459989,0.0,0.152195654399217,0.18004386916636386,0.4011018345352604,0.0,0.2666586418991589
2020-07-01,-0.0016887761786198044,0.0,0.152195654399217,0.18004386916636386,0.4011018345352604,0.0,0.2666586418991589
2020-07-02,0.0020945371422896033,0.0036296058781606633,0.1522726803395339,0.18359644910420755,0.39975297795439435,0.0,0.2643778926018642
2020-07-06,0.0025844373030736263,0.0,0.1522726803395339,0.18359644910420755,0.39975297795439435,0.0,0.2643778926018642
2020-07-07,0.0041738320554017385,0.0036647292512413665,0.15241727883268216,0.18711657986230068,0.39845697578213113,1.367362132469185e-20,0.26200916552288606
2020-07-08,0.0014933231899866661,0.0,0.15241727883268216,0.18711657986230068,0.39845697578213113,1.367362132469185e-20,0.26200916552288606
2020-07-09,0.0019388619855523013,0.0,0.15241727883268216,0.18711657986230068,0.39845697578213113,1.367362132469185e-20,0.26200916552288606
2020-07-10,-0.0008183018546208502,0.0,0.15241727883268216,0.18711657986230068,0.39845697578213113,1.367362132469185e-20,0.26200916552288606
2020-07-13,-0.0006079185746067501,0.0,0.15241727883268216,0.18711657986230068,0.39845697578213113,1.367362132469185e-20,0.26200916552288606
2020-07-14,0.003605674808603566,0.003811225048480915,0.15253684912805526,0.1908082346154085,0.39717275633544785,1.440451866397925e-20,0.2594821599210884
2020-07-15,0.00016284599574902187,0.0,0.15253684912805526,0.1908082346154085,0.39717275633544785,1.440451866397925e-20,0.2594821599210884
2020-07-16,-0.0024501948552412348,0.0,0.15253684912805526,0.1908082346154085,0.39717275633544785,1.440451866397925e-20,0.2594821599210884
2020-07-17,0.002218502388782601,0.0,0.15253684912805526,0.1908082346154085,0.39717275633544785,1.440451866397925e-20,0.2594821599210884
2020-07-20,0.0032159716343949972,0.0,0.15253684912805526,0.1908082346154085,0.39717275633544785,1.440451866397925e-20,0.2594821599210884
2020-07-21,0.003624877207542488,0.003849393047084579,0.15274850353445804,0.19444597325609028,0.3959179851730682,0.0,0.2568875380363835
2020-07-22,0.006770599473437881,0.0,0.15274850353445804,0.19444597325609028,0.3959179851730682,0.0,0.2568875380363835
2020-07-23,0.0034423828575636025,0.0,0.15274850353445804,0.19444597325609028,0.3959179851730682,0.0,0.2568875380363835
2020-07-24,0.0012979417885610133,0.0,0.15274850353445804,0.19444597325609028,0.3959179851730682,0.0,0.2568875380363835
2020-07-27,0.006299016143618175,0.0,0.15274850353445804,0.19444597325609028,0.3959179851730682,0.0,0.2568875380363835
2020-07-28,0.004097379920776454,0.003886551403781177,0.15292931543505991,0.19815171275926957,0.39506113582142105,8.363741612708535e-20,0.25385783598424944
2020-07-29,0.003308616169331903,0.0,0.15292931543505991,0.19815171275926957,0.39506113582142105,8.363741612708535e-20,0.25385783598424944
2020-07-30,-0.0031697047849057825,0.0,0.15292931543505991,0.19815171275926957,0.39506113582142105,8.363741612708535e-20,0.25385783598424944
2020-07-31,0.0061866870415249915,0.0,0.15292931543505991,0.19815171275926957,0.39506113582142105,8.363741612708535e-20,0.25385783598424944
2020-08-03,0.0005129712839755719,0.0,0.15292931543505991,0.19815171275926957,0.39506113582142105,8.363741612708535e-20,0.25385783598424944
2020-08-04,0.010009373512321833,0.00393441898046612,0.15311721344203907,0.20189823373275662,0.39414402678878124,1.3523481714651485e-19,0.2508405260364232
2020-08-05,0.0017493718902171045,1.249000902703301e-16,0.15311721344203905,0.20189823373275656,0.39414402678878113,1.3523481714651482e-19,0.25084052603642315
2020-08-06,0.007383224302011694,8.326672684688674e-17,0.15311721344203907,0.2018982337327566,0.3941440267887812,1.3523481714651485e-19,0.2508405260364232
2020-08-07,-0.005996724178892931,0.0,0.15311721344203907,0.2018982337327566,0.3941440267887812,1.3523481714651485e-19,0.2508405260364232
2020-08-10,-0.001411295296682177,0.0,0.15311721344203907,0.2018982337327566,0.3941440267887812,1.3523481714651485e-19,0.2508405260364232
2020-08-11,-0.024433381495295173,0.0038597656691156113,0.1533137505290686,0.20556146231484265,0.3932831979498969,1.1120998671763368e-19,0.24784158920619184
2020-08-12,-0.0023517094299837444,0.0,0.1533137505290686,0.20556146231484265,0.3932831979498969,1.1120998671763368e-19,0.24784158920619184
2020-08-13,0.0067161553661671675,0.0,0.1533137505290686,0.20556146231484265,0.3932831979498969,1.1120998671763368e-19,0.24784158920619184
2020-08-14,-0.0028863339146330156,0.0,0.1533137505290686,0.20556146231484265,0.3932831979498969,1.1120998671763368e-19,0.24784158920619184
2020-08-17,0.008365827857970454,0.004282319824087097,0.15540001734084483,0.20688513978218998,0.3890008781258098,0.0,0.24871396475115537
2020-08-18,0.003887591643773705,0.01472085401979692,0.1619624423285626,0.21504356881426914,0.3754532049332814,0.0,0.2475407839238869
2020-08-19,-0.010304400031004999,0.057314016468209675,0.1950045481634057,0.2351229499935182,0.31813918846507167,0.0,0.25173331337800436
2020-08-20,0.004385763993528971,0.06998247960992743,0.15544089082914833,0.21056335264609485,0.3881216680749991,0.0,0.24587408844975767
2020-08-21,0.000528513124481969,0.051588099675620336,0.1837131178420547,0.22872246831218382,0.33653356839937876,0.0,0.25103084544638266
2020-08-24,0.0007346041638050986,0.06402717491517043,0.225915841200112,0.250546919869297,0.2731027001402276,0.0,0.2504345387903634
2020-08-25,-0.0016764293257845143,0.11574687312978248,0.309263401452428,0.2829462327467635,0.18021235826245696,0.0,0.22757800753835158
2020-08-26,0.004108563777874947,0.1947600944423682,0.4733237960161062,0.3136459326254535,0.06287822006626897,0.0,0.15015205129217138
2020-08-27,-0.0044842631610492465,0.06922311898511405,0.5360619268812944,0.3201309207453794,0.030014284213861122,0.0,0.11379286815946527
2020-08-28,0.0028301087174458723,0.003895647482256355,0.5399575743635506,0.31937899096202355,0.02759756575762105,2.2986145750851497e-20,0.11306586891680473
2020-08-31,9.489533024621753e-05,0.0,0.5399575743635506,0.31937899096202355,0.02759756575762105,2.2986145750851497e-20,0.11306586891680473
2020-09-01,0.009035212750120602,0.004705437357539324,0.5411267333124092,0.3223957446232568,0.028117090505068523,0.0,0.10836043155926543
2020-09-02,0.010917759140337041,0.0,0.5411267333124092,0.3223957446232568,0.028117090505068523,0.0,0.10836043155926543
2020-09-03,-0.017779783737849796,0.003684101248334376,0.5374426320640748,0.3230757865340795,0.03031131081104801,1.2194941064714442e-19,0.10917027059079763
2020-09-04,-0.00531515418112784,0.3958465282708298,0.21403219750941985,0.25063969281790477,0.2894318567801014,5.074371896249197e-19,0.245896252892574
2020-09-08,-0.007892841397257298,0.2228565885828117,0.38517172927278853,0.30235674963734777,0.11897480246057393,4.2444187635627006e-20,0.19349671862928974
2020-09-09,0.009261641396956568,0.13162768354955592,0.4988713218483837,0.32028484061130863,0.04938714531888239,0.0,0.13145669222142545
2020-09-10,-0.007610900436205965,0.045014410948097126,0.5401427883553112,0.3240277850524782,0.02855982599710829,0.0,0.10726960059510235
2020-09-11,0.0007516499844070308,0.0,0.5401427883553112,0.3240277850524782,0.02855982599710829,0.0,0.10726960059510235
2020-09-14,0.007064511610508596,0.0,0.5401427883553112,0.3240277850524782,0.02855982599710829,0.0,0.10726960059510235
2020-09-15,0.0019577451477715575,0.0,0.5401427883553112,0.3240277850524782,0.02855982599710829,0.0,0.10726960059510235
2020-09-16,-0.002897118423409899,0.002305149171924606,0.5384114849263367,0.3253619686474038,0.029530791574107325,7.58684367692544e-20,0.1066957548521522
2020-09-17,-0.004284589783049518,0.0,0.5384114849263367,0.3253619686474038,0.029530791574107325,7.58684367692544e-20,0.1066957548521522
2020-09-18,-0.0070434797170107,0.0,0.5384114849263367,0.3253619686474038,0.029530791574107325,7.58684367692544e-20,0.1066957548521522
2020-09-21,-0.00416963926268931,0.0,0.5384114849263367,0.3253619686474038,0.029530791574107325,7.58684367692544e-20,0.1066957548521522
2020-09-22,0.005462572192482957,0.0,0.5384114849263367,0.3253619686474038,0.029530791574107325,7.58684367692544e-20,0.1066957548521522
2020-09-23,-0.012073471136860112,0.0023263291452947383,0.5365990081025055,0.32698963752175236,0.03022945184505339,0.0,0.10618190253068858
2020-09-24,0.0026283676811510634,9.194034422677078e-17,0.5365990081025056,0.3269896375217524,0.030229451845053393,0.0,0.1061819025306886
2020-09-25,0.00888067552225691,0.0,0.5365990081025056,0.3269896375217524,0.030229451845053393,0.0,0.1061819025306886
2020-09-28,0.007953639570985119,0.0,0.5365990081025056,0.3269896375217524,0.030229451845053393,0.0,0.1061819025306886
2020-09-29,-0.002790570670168589,0.0,0.5365990081025056,0.3269896375217524,0.030229451845053393,0.0,0.1061819025306886
2020-09-30,0.0007198645154448103,0.0022811973327857074,0.5348487145830044,0.3286564929215475,0.03084379377804393,0.0,0.10565099871740401
2020-10-01,0.004082560340173658,0.0021385926025427465,0.5332429954750793,0.33023822439815564,0.031400654903978614,0.0,0.10511812522278649
2020-10-02,-0.006075089372390903,0.0,0.5332429954750793,0.33023822439815564,0.031400654903978614,0.0,0.10511812522278649
2020-10-05,0.0027008059471085692,0.0,0.5332429954750793,0.33023822439815564,0.031400654903978614,0.0,0.10511812522278649
2020-10-06,-0.00587881403371949,0.0,0.5332429954750793,0.33023822439815564,0.031400654903978614,0.0,0.10511812522278649
2020-10-07,0.0066981367720256825,0.0020286862255185223,0.5317036669004065,0.33166941422357865,0.03199815130407414,1.1121652429287127e-20,0.10462876757194074
2020-10-08,0.006575554352266257,0.0,0.5317036669004065,0.33166941422357865,0.03199815130407414,1.1121652429287127e-20,0.10462876757194074
2020-10-09,0.00464656452356118,0.0,0.5317036669004065,0.33166941422357865,0.03199815130407414,1.1121652429287127e-20,0.10462876757194074
2020-10-12,0.009393613142449402,0.0,0.5317036669004065,0.33166941422357865,0.03199815130407414,1.1121652429287127e-20,0.10462876757194074
2020-10-13,-0.0009731940928928238,0.0,0.5317036669004065,0.33166941422357865,0.03199815130407414,1.1121652429287127e-20,0.10462876757194074
2020-10-14,-0.0027172403650102647,0.001925921437410192,0.5303987961021481,0.3330864138661668,0.0325070730988962,4.3980827470482927e-20,0.1040077169327889
2020-10-15,-0.0006169097495820919,0.0,0.5303987961021481,0.3330864138661668,0.0325070730988962,4.3980827470482927e-20,0.1040077169327889
2020-10-16,-0.0014823848310154958,0.0,0.5303987961021481,0.3330864138661668,0.0325070730988962,4.3980827470482927e-20,0.1040077169327889
2020-10-19,-0.009635413910480865,0.0,0.5303987961021481,0.3330864138661668,0.0325070730988962,4.3980827470482927e-20,0.1040077169327889
2020-10-20,-0.0012187053911748057,0.0,0.5303987961021481,0.3330864138661668,0.0325070730988962,4.3980827470482927e-20,0.1040077169327889
2020-10-21,-0.0024414335253613627,0.0019463066792112585,0.5290991742106621,0.33440273506020124,0.033137058584073044,2.7932729565777625e-20,0.10336103214506372
2020-10-22,-0.00048589456168927556,0.0,0.5290991742106621,0.33440273506020124,0.033137058584073044,2.7932729565777625e-20,0.10336103214506372
2020-10-23,0.0035582013225811857,0.0,0.5290991742106621,0.33440273506020124,0.033137058584073044,2.7932729565777625e-20,0.10336103214506372
2020-10-26,-0.006312109920358458,0.0,0.5290991742106621,0.33440273506020124,0.033137058584073044,2.7932729565777625e-20,0.10336103214506372
2020-10-27,0.00030144827934626157,0.0,0.5290991742106621,0.33440273506020124,0.033137058584073044,2.7932729565777625e-20,0.10336103214506372
2020-10-28,-0.01761138796589808,0.0020460372537145916,0.5276752536435341,0.335809402993189,0.033776427904799795,0.0,0.10273891545847709
2020-10-29,0.002343595333485976,0.0016915494707356107,0.5259837041727985,0.3363450516268812,0.03484140107795725,0.0,0.10282984312236307
2020-10-30,-0.008540784055353174,0.001829120455834797,0.5278128246286332,0.3358399796218972,0.03359354565360934,1.6208223825568285e-19,0.10275365009586011
2020-11-02,0.00887929857298585,0.0,0.5278128246286332,0.3358399796218972,0.03359354565360934,1.6208223825568285e-19,0.10275365009586011
2020-11-03,0.00699473351501548,0.0,0.5278128246286332,0.3358399796218972,0.03359354565360934,1.6208223825568285e-19,0.10275365009586011
2020-11-04,0.018891325147923726,0.002074827366910781,0.5262225252905355,0.3370681958528516,0.03444015678956585,7.862394870207669e-20,0.10226912206704716
2020-11-05,0.010532468131522981,0.01264574995461704,0.5146535039084842,0.33599146728028584,0.04100884223345669,1.2239134216029073e-19,0.10834618657777337
2020-11-06,-0.004521987472042043,0.012184988162879152,0.5251808487220279,0.33764911062962133,0.03428112497467329,0.0,0.10288891567367763
2020-11-09,-0.0013527195584747912,0.0,0.5251808487220279,0.33764911062962133,0.03428112497467329,0.0,0.10288891567367763
2020-11-10,-0.0004449371077571312,0.4506422167529252,0.16329812270166444,0.24888961989705946,0.3712822856000741,0.0,0.21652997180120204
2020-11-11,0.004575342070293158,0.3915541207741243,0.4702308889827057,0.3335109743901426,0.06454583284928657,3.88837433162492e-19,0.1317123037778653
2020-11-12,0.0008754536604060831,0.05995727629906024,0.5252609630036836,0.3384381766682248,0.03488556423470441,7.042085107906684e-20,0.10141529609338709
2020-11-13,0.006858968842660037,0.0,0.5252609630036836,0.3384381766682248,0.03488556423470441,7.042085107906684e-20,0.10141529609338709
2020-11-16,0.005498232302640986,0.0,0.5252609630036836,0.3384381766682248,0.03488556423470441,7.042085107906684e-20,0.10141529609338709
2020-11-17,-0.000906085233598454,0.0,0.5252609630036836,0.3384381766682248,0.03488556423470441,7.042085107906684e-20,0.10141529609338709
2020-11-18,-0.005499997848452613,0.0,0.5252609630036836,0.3384381766682248,0.03488556423470441,7.042085107906684e-20,0.10141529609338709
2020-11-19,0.0037253902871662494,0.0,0.5252609630036836,0.3384381766682248,0.03488556423470441,7.042085107906684e-20,0.10141529609338709
2020-11-20,-0.0003669019740800269,0.0,0.5252609630036836,0.3384381766682248,0.03488556423470441,7.042085107906684e-20,0.10141529609338709
2020-11-23,0.0010734414090966798,0.0,0.5252609630036836,0.3384381766682248,0.03488556423470441,7.042085107906684e-20,0.10141529609338709
2020-11-24,0.0040376725188317,0.0016005385745900963,0.5240730979236269,0.33946052914197133,0.035463750335548,5.251789773773192e-20,0.10100262259885379
2020-11-25,-0.002032549987843705,0.005335954728281345,0.5187371431953456,0.34155510099078484,0.0384604855477412,4.9034771625340387e-20,0.10124727026612847
2020-11-27,0.004196879500686005,0.004383733157108882,0.5231208763524544,0.3403303350140618,0.03539281256608891,0.0,0.10115597606739488
2020-11-30,-0.002731966734156172,0.0,0.5231208763524544,0.3403303350140618,0.03539281256608891,0.0,0.10115597606739488
2020-12-01,0.0005525801751917331,0.0,0.5231208763524544,0.3403303350140618,0.03539281256608891,0.0,0.10115597606739488
2020-12-02,-0.0013636333121857785,0.05210277422441441,0.47445195551990504,0.33689648162219676,0.06203500801934782,9.208367474305202e-20,0.1266165548385504
2020-12-03,0.002378802701472368,0.05339184621296935,0.5223430556168682,0.3423972277382029,0.036137004792477154,0.0,0.09912271185245168
2020-12-04,-0.0005010235297572491,0.0,0.5223430556168682,0.3423972277382029,0.036137004792477154,0.0,0.09912271185245168
2020-12-07,0.0027163777121103445,0.0,0.5223430556168682,0.3423972277382029,0.036137004792477154,0.0,0.09912271185245168
2020-12-08,0.0033937183014920227,0.0,0.5223430556168682,0.3423972277382029,0.036137004792477154,0.0,0.09912271185245168
2020-12-09,-0.006393725587593726,0.0,0.5223430556168682,0.3423972277382029,0.036137004792477154,0.0,0.09912271185245168
2020-12-10,0.0025123962401604814,0.0,0.5223430556168682,0.3423972277382029,0.036137004792477154,0.0,0.09912271185245168
2020-12-11,0.0009094550322230284,0.0,0.5223430556168682,0.3423972277382029,0.036137004792477154,0.0,0.09912271185245168
2020-12-14,-0.0037691668881375414,0.0,0.5223430556168682,0.3423972277382029,0.036137004792477154,0.0,0.09912271185245168
2020-12-15,0.0060970966237584275,0.0,0.5223430556168682,0.3423972277382029,0.036137004792477154,0.0,0.09912271185245168
2020-12-16,-1.4180926913233156e-05,0.0,0.5223430556168682,0.3423972277382029,0.036137004792477154,0.0,0.09912271185245168
2020-12-17,0.0018660983405492245,0.0025676815765502646,0.5211957002317288,0.3445305767580662,0.036571337349164186,0.0,0.0977023856610409
2020-12-18,-0.003054818431725629,0.0,0.5211957002317288,0.3445305767580662,0.036571337349164186,0.0,0.0977023856610409
2020-12-21,-0.0004117538576355938,0.0,0.5211957002317288,0.3445305767580662,0.036571337349164186,0.0,0.0977023856610409
2020-12-22,0.0011330461905141916,0.0,0.5211957002317288,0.3445305767580662,0.036571337349164186,0.0,0.0977023856610409
2020-12-23,-0.002108573990199315,0.0,0.5211957002317288,0.3445305767580662,0.036571337349164186,0.0,0.0977023856610409
2020-12-24,0.0036168718919935825,0.0,0.5211957002317288,0.3445305767580662,0.036571337349164186,0.0,0.0977023856610409
2020-12-28,0.004498169072151705,0.0,0.5211957002317288,0.3445305767580662,0.036571337349164186,0.0,0.0977023856610409
2020-12-29,-0.0016198399877550384,0.0,0.5211957002317288,0.3445305767580662,0.036571337349164186,0.0,0.0977023856610409
2020-12-30,0.0013663690115385061,0.0,0.5211957002317288,0.3445305767580662,0.036571337349164186,0.0,0.0977023856610409
2020-12-31,0.0035649743771155387,0.0033243341498666312,0.520025373594302,0.34682426159913915,0.037601986657957824,4.0486509417286156e-20,0.09554837814860101
2021-01-04,-0.0065815242378855976,0.0,0.520025373594302,0.34682426159913915,0.037601986657957824,4.0486509417286156e-20,0.09554837814860101
2021-01-05,0.0005658227272098714,0.0,0.520025373594302,0.34682426159913915,0.037601986657957824,4.0486509417286156e-20,0.09554837814860101
2021-01-06,-0.004740261709297448,0.0,0.520025373594302,0.34682426159913915,0.037601986657957824,4.0486509417286156e-20,0.09554837814860101
2021-01-07,0.00513664156638479,0.0,0.520025373594302,0.34682426159913915,0.037601986657957824,4.0486509417286156e-20,0.09554837814860101
2021-01-08,0.0007151601620880338,0.0,0.520025373594302,0.34682426159913915,0.037601986657957824,4.0486509417286156e-20,0.09554837814860101
2021-01-11,-0.0035754929268528865,0.0030572352695445795,0.5192073239942284,0.34885009927507304,0.038633384251568446,0.0,0.09330919247912996
2021-01-12,-0.0004140449999124329,9.367506770274758e-17,0.5192073239942285,0.3488500992750731,0.03863338425156845,0.0,0.09330919247912997
2021-01-13,0.005467877347471985,9.367506770274758e-17,0.5192073239942284,0.34885009927507304,0.038633384251568446,0.0,0.09330919247912996
2021-01-14,-0.005297766892574909,9.367506770274758e-17,0.5192073239942285,0.3488500992750731,0.03863338425156845,0.0,0.09330919247912997
2021-01-15,-0.002267586175904652,9.367506770274758e-17,0.5192073239942284,0.34885009927507304,0.038633384251568446,0.0,0.09330919247912996
2021-01-19,0.005263051598117836,9.367506770274758e-17,0.5192073239942285,0.3488500992750731,0.03863338425156845,0.0,0.09330919247912997
2021-01-20,0.008119474167520624,9.367506770274758e-17,0.5192073239942284,0.34885009927507304,0.038633384251568446,0.0,0.09330919247912996
2021-01-21,-0.002419599968186542,9.367506770274758e-17,0.5192073239942285,0.3488500992750731,0.03863338425156845,0.0,0.09330919247912997
2021-01-22,-0.0008208281081098824,9.367506770274758e-17,0.5192073239942284,0.34885009927507304,0.038633384251568446,0.0,0.09330919247912996
2021-01-25,0.006307238291340539,9.367506770274758e-17,0.5192073239942285,0.3488500992750731,0.03863338425156845,0.0,0.09330919247912997
2021-01-26,-0.0018320579100534634,9.367506770274758e-17,0.5192073239942284,0.34885009927507304,0.038633384251568446,0.0,0.09330919247912996
2021-01-27,-0.011471504627900659,9.367506770274758e-17,0.5192073239942285,0.3488500992750731,0.03863338425156845,0.0,0.09330919247912997
2021-01-28,0.002302963426619237,0.004528775633827607,0.5152240918379359,0.350730643687411,0.04128161547305807,0.0,0.0927636490015949
2021-01-29,-0.012406351368395418,0.004254088556451208,0.5194781803943872,0.34981955059929676,0.03849400880909544,0.0,0.09220826019722064
2021-02-01,0.009866862000135137,9.367506770274758e-17,0.5194781803943871,0.3498195505992967,0.03849400880909543,0.0,0.09220826019722063
2021-02-02,0.004734374448087591,9.367506770274758e-17,0.5194781803943872,0.34981955059929676,0.03849400880909544,0.0,0.09220826019722064
2021-02-03,-0.0027913302393709678,9.367506770274758e-17,0.5194781803943871,0.3498195505992967,0.03849400880909543,0.0,0.09220826019722063
2021-02-04,0.004553733317065989,9.367506770274758e-17,0.5194781803943872,0.34981955059929676,0.03849400880909544,0.0,0.09220826019722064
2021-02-05,-0.001026649158312329,0.002140057997353076,0.5188061533914831,0.3512161238144683,0.03923749359127687,0.0,0.09074022920277162
2021-02-08,0.005647215575163586,9.367506770274758e-17,0.5188061533914832,0.3512161238144684,0.03923749359127688,0.0,0.09074022920277164
2021-02-09,-0.00043849578547217863,9.367506770274758e-17,0.5188061533914831,0.3512161238144683,0.03923749359127687,0.0,0.09074022920277162
2021-02-10,0.0022173030822711156,9.367506770274758e-17,0.5188061533914832,0.3512161238144684,0.03923749359127688,0.0,0.09074022920277164
2021-02-11,-0.0014628915077022023,9.367506770274758e-17,0.5188061533914831,0.3512161238144683,0.03923749359127687,0.0,0.09074022920277162
2021-02-12,-0.0018438760528911332,9.367506770274758e-17,0.5188061533914832,0.3512161238144684,0.03923749359127688,0.0,0.09074022920277164
2021-02-16,-0.006360402959400027,9.367506770274758e-17,0.5188061533914831,0.3512161238144683,0.03923749359127687,0.0,0.09074022920277162
2021-02-17,0.0022761098420614597,9.367506770274758e-17,0.5188061533914832,0.3512161238144684,0.03923749359127688,0.0,0.09074022920277164
2021-02-18,-0.003928247436824209,9.367506770274758e-17,0.5188061533914831,0.3512161238144683,0.03923749359127687,0.0,0.09074022920277162
2021-02-19,-0.005644914653822176,9.367506770274758e-17,0.5188061533914832,0.3512161238144684,0.03923749359127688,0.0,0.09074022920277164
2021-02-22,-0.006335909634650264,9.367506770274758e-17,0.5188061533914831,0.3512161238144683,0.03923749359127687,0.0,0.09074022920277162
2021-02-23,-0.00039822161413842103,9.367506770274758e-17,0.5188061533914832,0.3512161238144684,0.03923749359127688,0.0,0.09074022920277164
2021-02-24,0.003235687542054023,9.367506770274758e-17,0.5188061533914831,0.3512161238144683,0.03923749359127687,0.0,0.09074022920277162
2021-02-25,-0.018675652778989055,9.367506770274758e-17,0.5188061533914832,0.3512161238144684,0.03923749359127688,0.0,0.09074022920277164
2021-02-26,0.00865957680935723,9.367506770274758e-17,0.5188061533914831,0.3512161238144683,0.03923749359127687,0.0,0.09074022920277162
2021-03-01,0.007778743600482457,0.005640950904547085,0.513280434803214,0.3530426840041993,0.043051884306093045,5.002078461101656e-20,0.09062499688649372
2021-03-02,-0.0041385590509722256,0.00536580641126402,0.518646241214478,0.3515090178735358,0.03947042994553675,0.0,0.09037431096644956
2021-03-03,-0.010858628713519919,0.0,0.518646241214478,0.3515090178735358,0.03947042994553675,0.0,0.09037431096644956
2021-03-04,-0.008483465290717855,0.0,0.518646241214478,0.3515090178735358,0.03947042994553675,0.0,0.09037431096644956
2021-03-05,0.010580064673495102,0.0,0.518646241214478,0.3515090178735358,0.03947042994553675,0.0,0.09037431096644956
2021-03-08,-0.005213780470092274,0.0,0.518646241214478,0.3515090178735358,0.03947042994553675,0.0,0.09037431096644956
2021-03-09,0.012607788719469864,0.0,0.518646241214478,0.3515090178735358,0.03947042994553675,0.0,0.09037431096644956
2021-03-10,0.003988003043257645,0.0,0.518646241214478,0.3515090178735358,0.03947042994553675,0.0,0.09037431096644956
2021-03-11,0.002250413690481025,0.0,0.518646241214478,0.3515090178735358,0.03947042994553675,0.0,0.09037431096644956
2021-03-12,-0.006474575424597037,0.0,0.518646241214478,0.3515090178735358,0.03947042994553675,0.0,0.09037431096644956
2021-03-15,0.005516354527594568,0.0,0.518646241214478,0.3515090178735358,0.03947042994553675,0.0,0.09037431096644956
2021-03-16,-0.002030304586980374,0.0,0.518646241214478,0.3515090178735358,0.03947042994553675,0.0,0.09037431096644956
2021-03-17,-0.001018194052128679,0.0,0.518646241214478,0.3515090178735358,0.03947042994553675,0.0,0.09037431096644956
2021-03-18,-0.01078429388348415,0.0,0.518646241214478,0.3515090178735358,0.03947042994553675,0.0,0.09037431096644956
2021-03-19,0.0014205838104898567,0.0,0.518646241214478,0.3515090178735358,0.03947042994553675,0.0,0.09037431096644956
2021-03-22,0.007839896500656786,0.0,0.518646241214478,0.3515090178735358,0.03947042994553675,0.0,0.09037431096644956
2021-03-23,-0.0006491812904905396,0.0,0.518646241214478,0.3515090178735358,0.03947042994553675,0.0,0.09037431096644956
2021-03-24,-0.00039016428294386726,0.0,0.518646241214478,0.3515090178735358,0.03947042994553675,0.0,0.09037431096644956
2021-03-25,0.0002563127611049693,0.0,0.518646241214478,0.3515090178735358,0.03947042994553675,0.0,0.09037431096644956
2021-03-26,0.007131593606151363,0.0,0.518646241214478,0.3515090178735358,0.03947042994553675,0.0,0.09037431096644956
2021-03-29,-0.0034985177844681077,0.0,0.518646241214478,0.3515090178735358,0.03947042994553675,0.0,0.09037431096644956
2021-03-30,0.00015231521517837954,0.0,0.518646241214478,0.3515090178735358,0.03947042994553675,0.0,0.09037431096644956
2021-03-31,0.0006677819330921844,0.0,0.518646241214478,0.3515090178735358,0.03947042994553675,0.0,0.09037431096644956
2021-04-01,0.011537628263612586,0.0,0.518646241214478,0.3515090178735358,0.03947042994553675,0.0,0.09037431096644956
2021-04-05,0.005965551419379213,0.12984474091198628,0.5518666445194934,0.44813335548050665,2.176160476828668e-17,0.0,4.513971540546718e-17
2021-04-06,0.002718228570996854,0.0,0.5518666445194934,0.44813335548050665,2.176160476828668e-17,0.0,4.513971540546718e-17
2021-04-07,-0.0024824918876777263,0.0,0.5518666445194934,0.44813335548050665,2.176160476828668e-17,0.0,4.513971540546718e-17
2021-04-08,0.006290594755148498,0.008157709377553978,0.5600243538970473,0.43997564610295264,0.0,0.0,0.0
2021-04-09,0.0024774491080621023,0.0,0.5600243538970473,0.43997564610295264,0.0,0.0,0.0
2021-04-12,1.2268179365061525e-05,0.0,0.5600243538970473,0.43997564610295264,0.0,0.0,0.0
2021-04-13,0.0049567918243861135,0.0,0.5600243538970473,0.43997564610295264,0.0,0.0,0.0
2021-04-14,-0.003310462704124972,0.0,0.5600243538970473,0.43997564610295264,0.0,0.0,0.0
2021-04-15,0.013354007655625895,0.004135141325656455,0.5641594952227038,0.43584050477729624,0.0,0.0,0.0
2021-04-16,-0.0014994970381505075,0.0,0.5641594952227038,0.43584050477729624,0.0,0.0,0.0
2021-04-19,-0.004023581229211629,0.0,0.5641594952227038,0.43584050477729624,0.0,0.0,0.0
2021-04-20,-0.002121678849649721,0.0,0.5641594952227038,0.43584050477729624,0.0,0.0,0.0
2021-04-21,0.0062129020523010526,0.0,0.5641594952227038,0.43584050477729624,0.0,0.0,0.0
2021-04-22,-0.0033590464017665697,0.00804324710792828,0.5722027423306321,0.42779725766936794,3.915424858292464e-19,1.8344557933750958e-20,1.4028322242505056e-20
2021-04-23,0.005198341363555275,0.0,0.5722027423306321,0.42779725766936794,3.915424858292464e-19,1.8344557933750958e-20,1.4028322242505056e-20
2021-04-26,0.0005838720875209653,0.0,0.5722027423306321,0.42779725766936794,3.915424858292464e-19,1.8344557933750958e-20,1.4028322242505056e-20
2021-04-27,-0.003854864683977458,0.0,0.5722027423306321,0.42779725766936794,3.915424858292464e-19,1.8344557933750958e-20,1.4028322242505056e-20
2021-04-28,0.0001131067557112354,0.0,0.5722027423306321,0.42779725766936794,3.915424858292464e-19,1.8344557933750958e-20,1.4028322242505056e-20
2021-04-29,0.0024196318973562694,0.004019447150604288,0.5762221894812364,0.4237778105187637,7.015613301789031e-20,0.0,0.0
2021-04-30,-0.002805519007026541,0.0,0.5762221894812364,0.4237778105187637,7.015613301789031e-20,0.0,0.0
2021-05-03,0.0014969229203675783,0.0,0.5762221894812364,0.4237778105187637,7.015613301789031e-20,0.0,0.0
2021-05-04,-0.0006792454078883487,0.0,0.5762221894812364,0.4237778105187637,7.015613301789031e-20,0.0,0.0
2021-05-05,0.0008789580306613197,0.0,0.5762221894812364,0.4237778105187637,7.015613301789031e-20,0.0,0.0
2021-05-06,0.005323902825399071,0.0038556171415841944,0.5800778066228206,0.4199221933771795,0.0,0.0,6.443562949938565e-20
2021-05-07,0.002150824762295261,0.0,0.5800778066228206,0.4199221933771795,0.0,0.0,6.443562949938565e-20
2021-05-10,-0.009996714329620605,0.0,0.5800778066228206,0.4199221933771795,0.0,0.0,6.443562949938565e-20
2021-05-11,-0.007553561747207196,0.0,0.5800778066228206,0.4199221933771795,0.0,0.0,6.443562949938565e-20
2021-05-12,-0.01673645773291818,0.0,0.5800778066228206,0.4199221933771795,0.0,0.0,6.443562949938565e-20
2021-05-13,0.007147680998054139,0.12681753655380448,0.5290229935402035,0.34415946990599205,0.08136286034290308,0.0,0.04545467621090136
2021-05-14,0.011897007955211359,0.0,0.5290229935402035,0.34415946990599205,0.08136286034290308,0.0,0.04545467621090136
2021-05-17,-0.001183350940235776,0.0,0.5290229935402035,0.34415946990599205,0.08136286034290308,0.0,0.04545467621090136
2021-05-18,-0.0054863313491122275,0.0,0.5290229935402035,0.34415946990599205,0.08136286034290308,0.0,0.04545467621090136
2021-05-19,-0.0019564278246872024,0.0,0.5290229935402035,0.34415946990599205,0.08136286034290308,0.0,0.04545467621090136
2021-05-20,0.009713385490145273,0.12681753655380437,0.587048097847111,0.412951902152889,4.721554309917068e-17,2.8907681457246627e-19,4.676711294294227e-17
2021-05-21,0.0008435257152455652,0.0,0.587048097847111,0.412951902152889,4.721554309917068e-17,2.8907681457246627e-19,4.676711294294227e-17
2021-05-24,0.007514295971365299,0.0,0.587048097847111,0.412951902152889,4.721554309917068e-17,2.8907681457246627e-19,4.676711294294227e-17
2021-05-25,0.0025226539959616323,0.0,0.587048097847111,0.412951902152889,4.721554309917068e-17,2.8907681457246627e-19,4.676711294294227e-17
2021-05-26,0.0004544996737798708,0.0,0.587048097847111,0.412951902152889,4.721554309917068e-17,2.8907681457246627e-19,4.676711294294227e-17
2021-05-27,-0.0011374242028475844,0.07214176910908018,0.5666744384333522,0.36118379245756754,0.06341633282137742,1.7814396987576455e-19,0.008725436287702787
2021-05-28,0.0005871036022187608,0.031016431102508332,0.5788033210615041,0.380071340931924,0.041125338006571935,0.0,1.8431436932253575e-18
2021-06-01,-0.0006144491232658356,0.041125338006571865,0.5940561191520696,0.40594388084793037,5.500768632136854e-18,1.168502937969439e-19,3.3219491395034264e-19
2021-06-02,0.0018774159175183826,0.004125982224590738,0.5899301369274789,0.41006986307252113,2.344334526040078e-19,2.331047580451783e-19,6.967683535492522e-20
2021-06-03,-0.0037287229523150648,0.0,0.5899301369274789,0.41006986307252113,2.344334526040078e-19,2.331047580451783e-19,6.967683535492522e-20
2021-06-04,0.010982092212125302,0.006338869371476735,0.5962690062989556,0.4037309937010444,9.127417814393315e-20,1.5672988914932214e-19,1.8656249303361383e-19
2021-06-07,-0.0018194308983129311,0.0,0.5962690062989556,0.4037309937010444,9.127417814393315e-20,1.5672988914932214e-19,1.8656249303361383e-19
2021-06-08,0.0029642365706057383,0.0,0.5962690062989556,0.4037309937010444,9.127417814393315e-20,1.5672988914932214e-19,1.8656249303361383e-19
2021-06-09,0.0026747411064761565,0.0,0.5962690062989556,0.4037309937010444,9.127417814393315e-20,1.5672988914932214e-19,1.8656249303361383e-19
2021-06-10,0.005193393006002065,0.0,0.5962690062989556,0.4037309937010444,9.127417814393315e-20,1.5672988914932214e-19,1.8656249303361383e-19
2021-06-11,0.0003623585897843079,0.008613773736504127,0.6048827800354597,0.39511721996454024,2.4415255518740527e-19,3.1045573625961443e-19,2.7992460334668486e-19
2021-06-14,-0.0016720920072771045,0.0,0.6048827800354597,0.39511721996454024,2.4415255518740527e-19,3.1045573625961443e-19,2.7992460334668486e-19
2021-06-15,-0.001584766999217958,0.0,0.6048827800354597,0.39511721996454024,2.4415255518740527e-19,3.1045573625961443e-19,2.7992460334668486e-19
2021-06-16,-0.003713689136080452,0.0,0.6048827800354597,0.39511721996454024,2.4415255518740527e-19,3.1045573625961443e-19,2.7992460334668486e-19
2021-06-17,0.00571505963248797,0.0,0.6048827800354597,0.39511721996454024,2.4415255518740527e-19,3.1045573625961443e-19,2.7992460334668486e-19
2021-06-18,-0.000673080128293548,0.0017473368968960463,0.6031354431385637,0.39686455686143635,0.0,5.928772850799382e-20,5.0524900366903924e-20
2021-06-21,0.0021458816699018125,0.005031323285730971,0.6081667664242947,0.3918332335757054,6.702222215211656e-20,0.0,0.0
2021-06-22,0.004156710433861022,0.017857544072262588,0.5903092223520321,0.40969077764796796,9.951601769681598e-19,8.55936152634227e-19,8.344553990808002e-19
2021-06-23,-0.0017410274247724655,0.018979300943395838,0.6092885232954279,0.3907114767045721,1.867279519547411e-19,4.732988170394646e-19,3.3652538895714684e-19
2021-06-24,0.0042463139195672035,0.003366789786018815,0.6126553130814467,0.3873446869185533,0.0,0.0,0.0
2021-06-25,-0.001781334616625415,0.004632017485979828,0.6172873305674266,0.3827126694325735,0.0,0.0,9.786837329824345e-20
2021-06-28,0.005179394447200084,0.0,0.6172873305674266,0.3827126694325735,0.0,0.0,9.786837329824345e-20
2021-06-29,0.0009722886378615726,0.0,0.6172873305674266,0.3827126694325735,0.0,0.0,9.786837329824345e-20
2021-06-30,0.0022237350797224883,0.0,0.6172873305674266,0.3827126694325735,0.0,0.0,9.786837329824345e-20
2021-07-01,0.00343921780300947,0.0,0.6172873305674266,0.3827126694325735,0.0,0.0,9.786837329824345e-20
2021-07-02,0.006815377329663636,0.11856801475859093,0.5554408690179604,0.3259911162234487,0.10204091261716114,2.3050308659548243e-19,0.016527102141429755
2021-07-06,0.0033647326592777358,0.02408815508433446,0.5689569039022487,0.33656323642349484,0.08517750900623998,0.0,0.009302350668016482
2021-07-07,0.005056649918753163,0.045314678059485844,0.5893486529496491,0.2912485583640091,0.09167027748689567,0.0,0.027732511199446346
2021-07-08,-0.004102930578445213,0.13721241459477945,0.6518845386086743,0.1902139565501896,0.05549246470593562,0.041986262124997155,0.060422778010203335
2021-07-09,0.01140713924416054,0.24570642125612524,0.6620223000691491,2.0367779724212758e-18,0.0,0.25292042933604264,0.08505727059480839
2021-07-12,0.0017397852270038877,0.37766272067986995,0.6223372793201302,0.37766272067986995,0.0,0.0,1.3738968520267671e-17
2021-07-13,-0.0050120554722984,0.0,0.6223372793201302,0.37766272067986995,0.0,0.0,1.3738968520267671e-17
2021-07-14,0.005219604616141482,0.0,0.6223372793201302,0.37766272067986995,0.0,0.0,1.3738968520267671e-17
2021-07-15,0.002040518220116648,0.0,0.6223372793201302,0.37766272067986995,0.0,0.0,1.3738968520267671e-17
2021-07-16,-0.005594000037208373,0.0,0.6223372793201302,0.37766272067986995,0.0,0.0,1.3738968520267671e-17
2021-07-19,-0.0014397577907477813,0.10076793580315685,0.579831560381444,0.31940050381539914,0.1003243297408914,1.26940395699623e-20,0.00044360606226534683
2021-07-20,0.00510065531100351,9.023272580510611e-17,0.5798315603814441,0.3194005038153992,0.10032432974089141,1.2694039569962302e-20,0.0004436060622653469
2021-07-21,0.0002746424856550486,9.719872476332547e-17,0.579831560381444,0.31940050381539914,0.10032432974089138,1.2694039569962299e-20,0.0004436060622653468
2021-07-22,0.004430249511434956,9.023272580510611e-17,0.5798315603814441,0.3194005038153992,0.1003243297408914,1.26940395699623e-20,0.00044360606226534683
2021-07-23,0.0035145595702186262,9.719872476332547e-17,0.579831560381444,0.31940050381539914,0.10032432974089137,1.2694039569962297e-20,0.0004436060622653467
2021-07-26,0.00022467780147078075,0.00874443997083255,0.5786501058517969,0.3193531904543868,0.09280865766071827,0.0,0.0091880460330979
2021-07-27,0.0009103042992403194,9.107298248878237e-17,0.578650105851797,0.31935319045438687,0.09280865766071829,0.0,0.009188046033097901
2021-07-28,0.00022674643945248148,9.107298248878237e-17,0.5786501058517969,0.3193531904543868,0.09280865766071827,0.0,0.0091880460330979
2021-07-29,0.0016258468929443925,9.107298248878237e-17,0.578650105851797,0.31935319045438687,0.09280865766071829,0.0,0.009188046033097901
2021-07-30,-0.002013946159502825,9.107298248878237e-17,0.5786501058517969,0.3193531904543868,0.09280865766071827,0.0,0.0091880460330979
2021-08-02,0.001989258615025049,0.1019967036938161,0.6290135688844158,0.370986431115584,1.1572010975088896e-16,0.0,0.0
2021-08-03,0.005314392588384524,8.326672684688675e-17,0.629013568884416,0.37098643111558405,1.1572010975088898e-16,0.0,0.0
2021-08-04,-0.0023312816264600203,8.326672684688675e-17,0.6290135688844158,0.370986431115584,1.1572010975088896e-16,0.0,0.0
2021-08-05,0.002092590132556026,8.326672684688675e-17,0.629013568884416,0.37098643111558405,1.1572010975088898e-16,0.0,0.0
2021-08-06,-0.005156437801366987,8.326672684688675e-17,0.6290135688844158,0.370986431115584,1.1572010975088896e-16,0.0,0.0
2021-08-09,-0.0018326545567669823,0.0035077162414494955,0.6325212851258654,0.36747871487413464,1.103371274321257e-19,5.16381102793624e-20,4.0765929493897305e-20
2021-08-10,-0.0009102837222868181,0.0,0.6325212851258654,0.36747871487413464,1.103371274321257e-19,5.16381102793624e-20,4.0765929493897305e-20
2021-08-11,0.001346066879877354,0.0,0.6325212851258654,0.36747871487413464,1.103371274321257e-19,5.16381102793624e-20,4.0765929493897305e-20
2021-08-12,0.0012936533124215219,0.0,0.6325212851258654,0.36747871487413464,1.103371274321257e-19,5.16381102793624e-20,4.0765929493897305e-20
2021-08-13,0.006955881325832927,0.0,0.6325212851258654,0.36747871487413464,1.103371274321257e-19,5.16381102793624e-20,4.0765929493897305e-20
2021-08-16,0.0023799358846762187,0.0,0.6325212851258654,0.36747871487413464,1.103371274321257e-19,5.16381102793624e-20,4.0765929493897305e-20
2021-08-17,-0.004282551832470192,0.001940780942800563,0.6305805041830648,0.3694194958169352,0.0,0.0,5.018615419795501e-20
2021-08-18,-0.005660707360847799,0.0,0.6305805041830648,0.3694194958169352,0.0,0.0,5.018615419795501e-20
2021-08-19,0.0036970140028306005,0.0,0.6305805041830648,0.3694194958169352,0.0,0.0,5.018615419795501e-20
2021-08-20,0.005263194030731193,0.0,0.6305805041830648,0.3694194958169352,0.0,0.0,5.018615419795501e-20
2021-08-23,0.0054848391429253174,0.019365269605900903,0.6499457737889657,0.35005422621103427,6.693857618059291e-19,3.1762592525250997e-19,6.976096454997198e-19
2021-08-24,-0.0017473187246828624,0.00605784891434516,0.6438879248746205,0.35611207512537946,1.269503412380488e-19,1.309764874419102e-19,9.447422705089379e-20
2021-08-25,-0.0015455629066747076,0.005890907290798636,0.6497788321654192,0.35022116783458085,2.8176695827156065e-19,8.713505881381224e-20,2.002780074174909e-19
2021-08-26,-0.0028658117681602917,0.0,0.6497788321654192,0.35022116783458085,2.8176695827156065e-19,8.713505881381224e-20,2.002780074174909e-19
2021-08-27,0.008192256459829817,0.0,0.6497788321654192,0.35022116783458085,2.8176695827156065e-19,8.713505881381224e-20,2.002780074174909e-19
2021-08-30,0.0037590395865326103,0.006871340837357021,0.6429074913280621,0.3570925086719378,0.0,0.0,0.0
2021-08-31,-0.0033830898656726175,0.0,0.6429074913280621,0.3570925086719378,0.0,0.0,0.0
2021-09-01,0.0009398560871051899,0.0,0.6429074913280621,0.3570925086719378,0.0,0.0,0.0
2021-09-02,0.003537063335660012,0.0,0.6429074913280621,0.3570925086719378,0.0,0.0,0.0
2021-09-03,-0.0034037832597392207,0.0,0.6429074913280621,0.3570925086719378,0.0,0.0,0.0
2021-09-07,-0.005275976458753039,0.007237989033324899,0.6501454803613871,0.34985451963861297,2.6216444622971554e-19,3.9978740775546955e-19,2.520428451247782e-19
2021-09-08,0.0015890787737657046,0.0,0.6501454803613871,0.34985451963861297,2.6216444622971554e-19,3.9978740775546955e-19,2.520428451247782e-19
2021-09-09,0.001450450129663407,0.0,0.6501454803613871,0.34985451963861297,2.6216444622971554e-19,3.9978740775546955e-19,2.520428451247782e-19
2021-09-10,-0.00821034739286635,0.0,0.6501454803613871,0.34985451963861297,2.6216444622971554e-19,3.9978740775546955e-19,2.520428451247782e-19
2021-09-13,0.0037858069148254876,0.0,0.6501454803613871,0.34985451963861297,2.6216444622971554e-19,3.9978740775546955e-19,2.520428451247782e-19
2021-09-14,0.0006611488433045142,0.004090893620442737,0.6542363739818298,0.3457636260181702,1.7414546358920845e-19,1.0814074429855905e-19,0.0
2021-09-15,0.004251605287795924,0.0,0.6542363739818298,0.3457636260181702,1.7414546358920845e-19,1.0814074429855905e-19,0.0
2021-09-16,-0.0026214037884476392,0.0,0.6542363739818298,0.3457636260181702,1.7414546358920845e-19,1.0814074429855905e-19,0.0
2021-09-17,-0.008033780768430192,0.0,0.6542363739818298,0.3457636260181702,1.7414546358920845e-19,1.0814074429855905e-19,0.0
2021-09-20,-0.006620659563859289,0.0,0.6542363739818298,0.3457636260181702,1.7414546358920845e-19,1.0814074429855905e-19,0.0
2021-09-21,-0.00032137351299315285,0.07890357635960393,0.6503455054862917,0.27075091815410435,0.07890339003202824,8.619344688613575e-19,1.8632757569339718e-07
2021-09-22,0.007682592151993902,0.002310016206252841,0.651822023776754,0.2700152048525957,0.07732908712728409,3.759883394448841e-20,0.0008336842433662395
2021-09-23,0.0008728249723988718,0.0020308187809988235,0.6500737763308323,0.27051950602312147,0.07885560473775707,0.0,0.0005511129082890443
2021-09-24,-0.0017302384825310354,0.011443482236110128,0.6391814070030113,0.2732701752911384,0.08754841770585035,1.9229363402822053e-20,7.64354920989959e-19
2021-09-27,-0.002676987268369243,0.009523103583944648,0.6474125352483556,0.27050612467594715,0.08078936473709698,1.0750484986222816e-19,0.0012919753386003451
2021-09-28,-0.01854149716301898,0.08208134007569717,0.6480249449905675,0.3519750550094324,1.0226804967502237e-16,0.0,0.0
2021-09-29,0.0017015387312221697,0.0,0.6480249449905675,0.3519750550094324,1.0226804967502237e-16,0.0,0.0
2021-09-30,-0.007969156449357966,0.0,0.6480249449905675,0.3519750550094324,1.0226804967502237e-16,0.0,0.0
2021-10-01,0.010245120841083562,0.08789367200488893,0.6608628607996031,0.2640813830045434,0.07505575619585342,0.0,7.369236966870211e-20
2021-10-04,-0.00884350876546922,0.0,0.6608628607996031,0.2640813830045434,0.07505575619585342,0.0,7.369236966870211e-20
2021-10-05,0.003976728281491494,0.0,0.6608628607996031,0.2640813830045434,0.07505575619585342,0.0,7.369236966870211e-20
2021-10-06,0.004436874195642037,0.0,0.6608628607996031,0.2640813830045434,0.07505575619585342,0.0,7.369236966870211e-20
2021-10-07,0.002556165522628028,0.0,0.6608628607996031,0.2640813830045434,0.07505575619585342,0.0,7.369236966870211e-20
2021-10-08,-0.003021392772984474,0.0,0.6608628607996031,0.2640813830045434,0.07505575619585342,0.0,7.369236966870211e-20
2021-10-11,-0.0055961668523568115,0.0,0.6608628607996031,0.2640813830045434,0.07505575619585342,0.0,7.369236966870211e-20
2021-10-12,0.0033172711523227648,0.00611750833596774,0.6547453524636354,0.2678018528557698,0.07745279468059484,2.424406789234059e-19,2.994628261621068e-19
2021-10-13,0.006338516884816894,0.0,0.6547453524636354,0.2678018528557698,0.07745279468059484,2.424406789234059e-19,2.994628261621068e-19
2021-10-14,0.012197901050548174,0.0,0.6547453524636354,0.2678018528557698,0.07745279468059484,2.424406789234059e-19,2.994628261621068e-19
2021-10-15,0.0021948937201905906,0.0,0.6547453524636354,0.2678018528557698,0.07745279468059484,2.424406789234059e-19,2.994628261621068e-19
2021-10-18,0.0030019712114544507,0.0,0.6547453524636354,0.2678018528557698,0.07745279468059484,2.424406789234059e-19,2.994628261621068e-19
2021-10-19,0.0015260857639178096,0.0045562102246762826,0.6501891422389591,0.27128907646980754,0.07852178129123331,2.936753639788181e-20,0.0
2021-10-20,0.0014107575542916398,0.0,0.6501891422389591,0.27128907646980754,0.07852178129123331,2.936753639788181e-20,0.0
2021-10-21,0.0013021150445723456,0.0,0.6501891422389591,0.27128907646980754,0.07852178129123331,2.936753639788181e-20,0.0
2021-10-22,0.002794294664293296,0.0,0.6501891422389591,0.27128907646980754,0.07852178129123331,2.936753639788181e-20,0.0
2021-10-25,0.003615675183901405,0.0,0.6501891422389591,0.27128907646980754,0.07852178129123331,2.936753639788181e-20,0.0
2021-10-26,0.0022542123581311925,0.004851118520841781,0.6453380237181173,0.27428509864462913,0.08037687763725354,3.2821138429156927e-20,1.319668371185438e-19
2021-10-27,0.0023422479443009074,0.0,0.6453380237181173,0.27428509864462913,0.08037687763725354,3.2821138429156927e-20,1.319668371185438e-19
2021-10-28,0.005279409578379724,0.0,0.6453380237181173,0.27428509864462913,0.08037687763725354,3.2821138429156927e-20,1.319668371185438e-19
2021-10-29,0.0014639682929868214,0.0,0.6453380237181173,0.27428509864462913,0.08037687763725354,3.2821138429156927e-20,1.319668371185438e-19
2021-11-01,-0.0004450275205675467,0.0,0.6453380237181173,0.27428509864462913,0.08037687763725354,3.2821138429156927e-20,1.319668371185438e-19
2021-11-02,0.0036720674957630437,0.0034613663598342045,0.6487993900779515,0.273810763297365,0.07738984662468347,0.0,0.0
2021-11-03,0.00048811644928253156,0.0,0.6487993900779515,0.273810763297365,0.07738984662468347,0.0,0.0
2021-11-04,0.006812837369865167,0.0,0.6487993900779515,0.273810763297365,0.07738984662468347,0.0,0.0
2021-11-05,0.007357236267437183,0.0,0.6487993900779515,0.273810763297365,0.07738984662468347,0.0,0.0
2021-11-08,0.00031832188030145986,0.0,0.6487993900779515,0.273810763297365,0.07738984662468347,0.0,0.0
2021-11-09,0.0018670586830112177,0.004878108545475067,0.6439212815324765,0.27696196298754744,0.07911675547997615,0.0,0.0
2021-11-10,-0.009384836071455927,0.0,0.6439212815324765,0.27696196298754744,0.07911675547997615,0.0,0.0
2021-11-11,0.0004622024837843646,0.07703760686730629,0.5668836746651702,0.2889325766198789,0.11339587778585027,0.0,0.030787870929100652
2021-11-12,0.003794634569686572,0.07704558736935797,0.6439292620345282,0.2767176311763929,0.07935310678907893,0.0,4.339959278050239e-18
2021-11-15,-0.0033769519647847365,0.0,0.6439292620345282,0.2767176311763929,0.07935310678907893,0.0,4.339959278050239e-18
2021-11-16,0.001284323546291453,0.0018602150169790368,0.6446852770550902,0.27782183117281,0.07749289177209995,7.005823092719721e-20,0.0
2021-11-17,0.0013437303241813133,0.0,0.6446852770550902,0.27782183117281,0.07749289177209995,7.005823092719721e-20,0.0
2021-11-18,0.0029857638292323232,0.0,0.6446852770550902,0.27782183117281,0.07749289177209995,7.005823092719721e-20,0.0
2021-11-19,0.001187799514606808,0.0,0.6446852770550902,0.27782183117281,0.07749289177209995,7.005823092719721e-20,0.0
2021-11-22,-0.0068106663883779174,0.0,0.6446852770550902,0.27782183117281,0.07749289177209995,7.005823092719721e-20,0.0
2021-11-23,-0.0038117835355772995,0.0022968165490674236,0.6468616128308109,0.27794231194615665,0.07519607522303248,8.257006745343804e-20,0.0
2021-11-24,0.006117507486541941,0.0,0.6468616128308109,0.27794231194615665,0.07519607522303248,8.257006745343804e-20,0.0
2021-11-26,-0.007525183499082836,0.0,0.6468616128308109,0.27794231194615665,0.07519607522303248,8.257006745343804e-20,0.0
2021-11-29,-0.0008993923157348516,0.7087356176589483,0.0,0.21606830711801928,0.20596788559057322,0.0,0.5779638072914075
2021-11-30,-0.007758831538278073,0.6524544414693081,0.5816350308140158,0.2868877177733115,0.09244540372788852,6.238737296374962e-20,0.03903184768478418
2021-12-01,-0.00517631506344743,0.0656398245463767,0.6472748553603925,0.277957959964792,0.07476718467481555,0.0,4.017701193676766e-18
2021-12-02,0.009846466302571261,0.0,0.6472748553603925,0.277957959964792,0.07476718467481555,0.0,4.017701193676766e-18
2021-12-03,-0.0016865161264960266,0.0,0.6472748553603925,0.277957959964792,0.07476718467481555,0.0,4.017701193676766e-18
2021-12-06,0.003664015651043672,0.0,0.6472748553603925,0.277957959964792,0.07476718467481555,0.0,4.017701193676766e-18
2021-12-07,0.011408411408120208,0.0,0.6472748553603925,0.277957959964792,0.07476718467481555,0.0,4.017701193676766e-18
2021-12-08,-0.0030668398980789324,0.002115196954774421,0.6483350204424262,0.27901299183753275,0.07265198772004113,5.504098120078792e-20,8.837396733150592e-21
2021-12-09,-0.0032604394335939606,0.0,0.6483350204424262,0.27901299183753275,0.07265198772004113,5.504098120078792e-20,8.837396733150592e-21
2021-12-10,0.005736341622819602,0.0,0.6483350204424262,0.27901299183753275,0.07265198772004113,5.504098120078792e-20,8.837396733150592e-21
2021-12-13,-0.001436478819913687,0.0,0.6483350204424262,0.27901299183753275,0.07265198772004113,5.504098120078792e-20,8.837396733150592e-21
2021-12-14,-0.005804157828461879,0.0,0.6483350204424262,0.27901299183753275,0.07265198772004113,5.504098120078792e-20,8.837396733150592e-21
2021-12-15,0.007801037144504336,0.0034246662759145202,0.6517596867183407,0.27866812359274207,0.0695721896889173,0.0,9.124535866801488e-21
2021-12-16,-0.0047975839853181285,0.0,0.6517596867183407,0.27866812359274207,0.0695721896889173,0.0,9.124535866801488e-21
2021-12-17,-0.0039277808504687445,0.0,0.6517596867183407,0.27866812359274207,0.0695721896889173,0.0,9.124535866801488e-21
2021-12-20,-0.009312427731728887,0.0,0.6517596867183407,0.27866812359274207,0.0695721896889173,0.0,9.124535866801488e-21
2021-12-21,0.01048427170199637,0.0,0.6517596867183407,0.27866812359274207,0.0695721896889173,0.0,9.124535866801488e-21
2021-12-22,0.008448010087667747,0.0024746247737521612,0.6510710425053691,0.28114274836649417,0.06778620912813674,0.0,6.348444524929412e-20
2021-12-23,0.0017643312391575892,0.0,0.6510710425053691,0.28114274836649417,0.06778620912813674,0.0,6.348444524929412e-20
2021-12-27,0.010055903803534825,0.0,0.6510710425053691,0.28114274836649417,0.06778620912813674,0.0,6.348444524929412e-20
2021-12-28,-0.0019383851254437434,0.0,0.6510710425053691,0.28114274836649417,0.06778620912813674,0.0,6.348444524929412e-20
2021-12-29,-0.00225856603312441,0.0,0.6510710425053691,0.28114274836649417,0.06778620912813674,0.0,6.348444524929412e-20
2021-12-30,0.0010071990268812122,0.003641110630281011,0.6547121531356501,0.28039217782265563,0.0648956690416943,8.434801572852289e-20,9.916983918207194e-21
2021-12-31,0.0005441700883838999,0.17045627748285802,0.4842558756527921,0.3610810035444592,0.15466312080274874,2.362479809801084e-20,0.0
2022-01-03,-0.009053759954553502,0.0,0.4842558756527921,0.3610810035444592,0.15466312080274874,2.362479809801084e-20,0.0
2022-01-04,-0.0005243938242899817,0.0,0.4842558756527921,0.3610810035444592,0.15466312080274874,2.362479809801084e-20,0.0
2022-01-05,-0.011723699981211736,0.0,0.4842558756527921,0.3610810035444592,0.15466312080274874,2.362479809801084e-20,0.0
2022-01-06,0.00033274739328328115,0.15513799509641057,0.6393938707492027,0.3606061292507974,1.5649433539398814e-17,1.0378190084667624e-20,0.0
2022-01-07,-0.0051199208714312015,0.0,0.6393938707492027,0.3606061292507974,1.5649433539398814e-17,1.0378190084667624e-20,0.0
2022-01-10,9.164740689273352e-05,0.0,0.6393938707492027,0.3606061292507974,1.5649433539398814e-17,1.0378190084667624e-20,0.0
2022-01-11,0.008225776272668225,0.0,0.6393938707492027,0.3606061292507974,1.5649433539398814e-17,1.0378190084667624e-20,0.0
2022-01-12,0.0003471875341752055,0.0,0.6393938707492027,0.3606061292507974,1.5649433539398814e-17,1.0378190084667624e-20,0.0
2022-01-13,-0.005697271216380513,0.003954373923370982,0.6433482446725737,0.3566517553274264,1.5918603849463819e-19,7.05486455752042e-20,1.0056674929015913e-19
2022-01-14,-0.005125637933129451,0.0,0.6433482446725737,0.3566517553274264,1.5918603849463819e-19,7.05486455752042e-20,1.0056674929015913e-19
2022-01-18,-0.01641316372758831,0.0,0.6433482446725737,0.3566517553274264,1.5918603849463819e-19,7.05486455752042e-20,1.0056674929015913e-19
2022-01-19,-0.004155048800515619,0.003230585027680394,0.6401176596448933,0.3598823403551068,0.0,0.0,0.0
2022-01-20,-0.004920986879901047,0.0032300451750637005,0.643347704819957,0.35665229518004304,0.0,4.028053347494521e-20,0.0
2022-01-21,-0.002038557523499204,0.35549785090200514,0.2878498539179518,0.3913063312980717,0.3208438147839765,2.868355225083054e-20,0.0
2022-01-24,0.0005231074011859817,0.1716720318448699,0.1593749165020264,0.34810923686912715,0.49251584662884634,0.0,0.0
2022-01-25,-0.0009812936612889958,0.00327003835353451,0.16242239305525719,0.348331798669431,0.48924580827531194,0.0,6.097118056257686e-20
2022-01-26,-0.012210609204965224,0.029261528958682295,0.18326683104996253,0.3567488896334079,0.4599842793166296,1.708689106795772e-19,0.0
2022-01-27,0.00130144253555189,0.1151999163274257,0.26965759732785255,0.38555803968294355,0.3447843629892039,0.0,0.0
2022-01-28,0.0023774388959227235,0.1518497127250784,0.1504210221102092,0.3529449021755085,0.4966340757142823,4.930119108106325e-19,3.0558247080908217e-19
2022-01-31,0.003826861713284756,0.0,0.1504210221102092,0.3529449021755085,0.4966340757142823,4.930119108106325e-19,3.0558247080908217e-19
2022-02-01,0.0002582883244764717,0.0,0.1504210221102092,0.3529449021755085,0.4966340757142823,4.930119108106325e-19,3.0558247080908217e-19
2022-02-02,0.004457458605654073,0.0,0.1504210221102092,0.3529449021755085,0.4966340757142823,4.930119108106325e-19,3.0558247080908217e-19
2022-02-03,-0.006996648434895673,0.0,0.1504210221102092,0.3529449021755085,0.4966340757142823,4.930119108106325e-19,3.0558247080908217e-19
2022-02-04,-0.00018888080926477303,0.5689528232700013,0.6925627532974765,0.2368677771955278,0.04375837742426182,0.0,0.02681109208273396
2022-02-07,-0.001734819918987834,0.0,0.6925627532974765,0.2368677771955278,0.04375837742426182,0.0,0.02681109208273396
2022-02-08,0.004290202149996373,0.0,0.6925627532974765,0.2368677771955278,0.04375837742426182,0.0,0.02681109208273396
2022-02-09,0.010699437435834973,0.0,0.6925627532974765,0.2368677771955278,0.04375837742426182,0.0,0.02681109208273396
2022-02-10,-0.016330963194194546,0.0,0.6925627532974765,0.2368677771955278,0.04375837742426182,0.0,0.02681109208273396
2022-02-11,-0.007603305699184591,0.11382761387051782,0.6493046089339545,0.35069539106604564,0.0,0.0,4.535483339328196e-17
2022-02-14,-0.006485772204647211,0.0,0.6493046089339545,0.35069539106604564,0.0,0.0,4.535483339328196e-17
2022-02-15,0.006489857214337614,0.0,0.6493046089339545,0.35069539106604564,0.0,0.0,4.535483339328196e-17
2022-02-16,0.002806359459583409,0.0,0.6493046089339545,0.35069539106604564,0.0,0.0,4.535483339328196e-17
2022-02-17,-0.01126158658207767,0.0,0.6493046089339545,0.35069539106604564,0.0,0.0,4.535483339328196e-17
2022-02-18,-0.0005123560688051281,0.0,0.6493046089339545,0.35069539106604564,0.0,0.0,4.535483339328196e-17
2022-02-22,-0.006054897087169484,0.0,0.6493046089339545,0.35069539106604564,0.0,0.0,4.535483339328196e-17
2022-02-23,-0.016351042512965003,0.0,0.6493046089339545,0.35069539106604564,0.0,0.0,4.535483339328196e-17
2022-02-24,0.01000246955858592,0.0,0.6493046089339545,0.35069539106604564,0.0,0.0,4.535483339328196e-17
2022-02-25,0.014582781601691599,0.0,0.6493046089339545,0.35069539106604564,0.0,0.0,4.535483339328196e-17
2022-02-28,0.00352489647449166,0.12772950798685725,0.7013839281154689,0.22296588307918833,0.03574256236034548,0.0,0.03990762644499736
2022-03-01,-0.00714687537938136,0.0,0.7013839281154689,0.22296588307918833,0.03574256236034548,0.0,0.03990762644499736
2022-03-02,-0.007910784816976055,0.3948735645298554,0.3065103635856135,0.31228614096444646,0.2678801929238665,7.615094729088749e-19,0.11332330252607359
2022-03-03,-0.0007303003156398486,0.38430287226440096,0.6908132358500145,0.22587727123638857,0.04182288708992766,2.325033976156241e-20,0.0414866058236693
2022-03-04,-0.0009713644012650201,0.010111189986932445,0.7005027353311526,0.22198519550935006,0.035603772830033714,0.0,0.041908296329463676
2022-03-07,-0.02188294323660762,0.1256773817036627,0.6523374227869873,0.34766257721301275,5.220209396849999e-17,0.0,0.0
2022-03-08,-0.008443244159080187,0.0,0.6523374227869873,0.34766257721301275,5.220209396849999e-17,0.0,0.0
2022-03-09,0.014082862798214628,0.0,0.6523374227869873,0.34766257721301275,5.220209396849999e-17,0.0,0.0
2022-03-10,-0.009435373987102265,0.29905607617532176,0.5764895634541928,0.12445436037048543,0.02490986594792844,0.2741462102273933,8.258532255542764e-20
2022-03-11,-0.007135401304881991,0.2990560761753218,0.6526273752494012,0.34737262475059894,0.0,6.98783672956047e-17,0.0
2022-03-14,-0.014841822605228188,0.46207997280033875,0.20359897776615427,0.3343210494335071,0.3656268224430381,2.795593917513904e-20,0.09645315035730055
2022-03-15,-0.003054717240895413,0.0,0.20359897776615427,0.3343210494335071,0.3656268224430381,2.795593917513904e-20,0.09645315035730055
2022-03-16,0.009390246699106295,0.0,0.20359897776615427,0.3343210494335071,0.3656268224430381,2.795593917513904e-20,0.09645315035730055
2022-03-17,0.0016224170505061415,0.0,0.20359897776615427,0.3343210494335071,0.3656268224430381,2.795593917513904e-20,0.09645315035730055
2022-03-18,0.0032094121364075537,0.0,0.20359897776615427,0.3343210494335071,0.3656268224430381,2.795593917513904e-20,0.09645315035730055
2022-03-21,-0.004723965194114013,0.015881327687291433,0.21233688529079647,0.3367752483697071,0.37031604366948734,0.0,0.08057182267000913
2022-03-22,-0.004545680233307095,0.0,0.21233688529079647,0.3367752483697071,0.37031604366948734,0.0,0.08057182267000913
2022-03-23,0.009795854026564351,0.0,0.21233688529079647,0.3367752483697071,0.37031604366948734,0.0,0.08057182267000913
2022-03-24,0.00334326943723461,0.0,0.21233688529079647,0.3367752483697071,0.37031604366948734,0.0,0.08057182267000913
2022-03-25,-0.00512108030257302,0.0,0.21233688529079647,0.3367752483697071,0.37031604366948734,0.0,0.08057182267000913
2022-03-28,-0.0021986119413893415,0.014351133509627814,0.22093386871222767,0.3360354157739611,0.37607019375768397,0.0,0.06696052175612734
2022-03-29,0.005034715294373243,0.0,0.22093386871222767,0.3360354157739611,0.37607019375768397,0.0,0.06696052175612734
2022-03-30,0.003924351781393321,0.0,0.22093386871222767,0.3360354157739611,0.37607019375768397,0.0,0.06696052175612734
2022-03-31,-0.002157374791302554,0.0,0.22093386871222767,0.3360354157739611,0.37607019375768397,0.0,0.06696052175612734
2022-04-01,-0.00038600084130672964,0.0006429551852952034,0.22038819081950983,0.3363903972995966,0.3759729164651066,0.0,0.06724849541578709
2022-04-04,0.0016725374699570169,0.0011585690642368016,0.22000735857306128,0.33677838258597254,0.37519517964731824,0.0,0.06801907919364782
2022-04-05,-0.012378218236111207,7.632783294297951e-17,0.2200073585730613,0.3367783825859726,0.3751951796473183,0.0,0.06801907919364783
2022-04-06,-0.003995614081353394,0.0,0.2200073585730613,0.3367783825859726,0.3751951796473183,0.0,0.06801907919364783
2022-04-07,0.0001198269793088215,0.0,0.2200073585730613,0.3367783825859726,0.3751951796473183,0.0,0.06801907919364783
2022-04-08,-0.0018850237131585706,0.0,0.2200073585730613,0.3367783825859726,0.3751951796473183,0.0,0.06801907919364783
2022-04-11,-0.007055050797695918,0.0013761596152165045,0.21935345578005166,0.33627889681276346,0.37497240859832054,1.6403305284774857e-19,0.0693952388088643
2022-04-12,0.0018352417090563412,0.0,0.21935345578005166,0.33627889681276346,0.37497240859832054,1.6403305284774857e-19,0.0693952388088643
2022-04-13,0.004707029814105365,0.0,0.21935345578005166,0.33627889681276346,0.37497240859832054,1.6403305284774857e-19,0.0693952388088643
2022-04-14,-0.010399234447011428,0.0,0.21935345578005166,0.33627889681276346,0.37497240859832054,1.6403305284774857e-19,0.0693952388088643
2022-04-18,-0.0001348483114893622,0.0,0.21935345578005166,0.33627889681276346,0.37497240859832054,1.6403305284774857e-19,0.0693952388088643
2022-04-19,-0.004506486690939377,0.0006719663948161829,0.21868148938523554,0.33645769691003163,0.37525607569552843,0.0,0.06960473800920448
2022-04-20,0.00795645232293686,0.0,0.21868148938523554,0.33645769691003163,0.37525607569552843,0.0,0.06960473800920448
2022-04-21,-0.006886622234474122,0.0,0.21868148938523554,0.33645769691003163,0.37525607569552843,0.0,0.06960473800920448
2022-04-22,-0.01135217495618401,0.0,0.21868148938523554,0.33645769691003163,0.37525607569552843,0.0,0.06960473800920448
2022-04-25,-0.0017765019228690644,0.0,0.21868148938523554,0.33645769691003163,0.37525607569552843,0.0,0.06960473800920448
2022-04-26,-0.001912378341172472,0.0007330752532560408,0.21794841413197935,0.3366856034837017,0.3753812578887344,0.0,0.06998472449558436
2022-04-27,-0.006107221956119568,1.6653345369377348e-16,0.21794841413197943,0.3366856034837018,0.3753812578887345,0.0,0.06998472449558439
2022-04-28,0.008440161352155548,1.1796119636642288e-16,0.21794841413197938,0.33668560348370175,0.3753812578887344,0.0,0.06998472449558438
2022-04-29,-0.012742836791529108,7.632783294297951e-17,0.2179484141319794,0.3366856034837018,0.37538125788873444,0.0,0.06998472449558439
2022-05-02,-0.011128480048584605,0.0,0.2179484141319794,0.3366856034837018,0.37538125788873444,0.0,0.06998472449558439
2022-05-03,0.004123381070822206,0.002023312742785513,0.21700401348280127,0.3359847063570688,0.3750032429217601,1.862416294493988e-21,0.07200803723836995
2022-05-04,0.01154446642223488,1.1796119636642288e-16,0.2170040134828012,0.33598470635706873,0.37500324292176,1.8624162944939878e-21,0.07200803723836993
2022-05-05,-0.017743757142708524,7.632783294297951e-17,0.21700401348280124,0.3359847063570688,0.37500324292176007,1.862416294493988e-21,0.07200803723836995
2022-05-06,-0.005495019872847668,7.632783294297951e-17,0.21700401348280127,0.33598470635706884,0.3750032429217601,1.8624162944939885e-21,0.07200803723836996
2022-05-09,-0.00939598225053593,1.1796119636642288e-16,0.2170040134828012,0.3359847063570688,0.37500324292176,1.862416294493988e-21,0.07200803723836995
2022-05-10,0.000532229201575495,0.0023924987328188055,0.2157707438828259,0.33499671825478106,0.37483200189120425,1.7776796999474744e-19,0.07440053597118876
2022-05-11,0.006170143943785576,0.0,0.2157707438828259,0.33499671825478106,0.37483200189120425,1.7776796999474744e-19,0.07440053597118876
2022-05-12,-0.005955733270354793,0.0,0.2157707438828259,0.33499671825478106,0.37483200189120425,1.7776796999474744e-19,0.07440053597118876
2022-05-13,-0.0030448283240798787,0.0,0.2157707438828259,0.33499671825478106,0.37483200189120425,1.7776796999474744e-19,0.07440053597118876
2022-05-16,0.0020606658717161066,0.0,0.2157707438828259,0.33499671825478106,0.37483200189120425,1.7776796999474744e-19,0.07440053597118876
2022-05-17,-0.0026080199659312972,0.0023438091617351345,0.21459537257893538,0.3340465934397702,0.37461368884837043,0.0,0.07674434513292384
2022-05-18,-0.000941738590626605,7.632783294297951e-17,0.2145953725789354,0.3340465934397703,0.3746136888483705,0.0,0.07674434513292386
2022-05-19,0.0041901389162976865,7.632783294297951e-17,0.21459537257893543,0.33404659343977033,0.37461368884837054,0.0,0.07674434513292387
2022-05-20,0.004314269955045516,9.020562075079397e-17,0.21459537257893538,0.3340465934397703,0.3746136888483705,0.0,0.07674434513292386
2022-05-23,-0.00043599671999209905,7.632783294297951e-17,0.2145953725789354,0.33404659343977033,0.37461368884837054,0.0,0.07674434513292387
2022-05-24,0.007531161097734342,0.0021080612934643514,0.21343689111288405,0.3330970136123573,0.37472976059804647,0.0,0.07873633467671223
2022-05-25,0.0012326598486137952,0.0,0.21343689111288405,0.3330970136123573,0.37472976059804647,0.0,0.07873633467671223
2022-05-26,0.0018051850912685077,0.0,0.21343689111288405,0.3330970136123573,0.37472976059804647,0.0,0.07873633467671223
2022-05-27,0.006074387299399907,0.0,0.21343689111288405,0.3330970136123573,0.37472976059804647,0.0,0.07873633467671223
2022-05-31,-0.011808761530309348,0.0,0.21343689111288405,0.3330970136123573,0.37472976059804647,0.0,0.07873633467671223
2022-06-01,0.0009103824287158822,0.002098226927980916,0.21245192550424277,0.3322601207627703,0.3744533921282938,5.166804330922939e-20,0.08083456160469314
2022-06-02,0.008119202645953954,0.0,0.21245192550424277,0.3322601207627703,0.3744533921282938,5.166804330922939e-20,0.08083456160469314
2022-06-03,-0.007645721592460731,0.0,0.21245192550424277,0.3322601207627703,0.3744533921282938,5.166804330922939e-20,0.08083456160469314
2022-06-06,-0.006952506719041081,0.0,0.21245192550424277,0.3322601207627703,0.3744533921282938,5.166804330922939e-20,0.08083456160469314
2022-06-07,0.007978581047102482,0.0,0.21245192550424277,0.3322601207627703,0.3744533921282938,5.166804330922939e-20,0.08083456160469314
2022-06-08,-0.005334066826494323,0.002383992861282415,0.21142703879339933,0.3309010146123313,0.3745771582319052,0.0,0.08309478836236417
2022-06-09,-0.0045122507128364025,0.0,0.21142703879339933,0.3309010146123313,0.3745771582319052,0.0,0.08309478836236417
2022-06-10,-0.002496697454476768,0.0,0.21142703879339933,0.3309010146123313,0.3745771582319052,0.0,0.08309478836236417
2022-06-13,-0.027498081283217506,0.0,0.21142703879339933,0.3309010146123313,0.3745771582319052,0.0,0.08309478836236417
2022-06-14,-0.007631237123596568,0.0,0.21142703879339933,0.3309010146123313,0.3745771582319052,0.0,0.08309478836236417
2022-06-15,0.01334406475107834,0.0034291476756337647,0.20997423102654494,0.32918277665890405,0.3743190562765531,0.0,0.08652393603799799
2022-06-16,-0.0009634931220495661,0.0,0.20997423102654494,0.32918277665890405,0.3743190562765531,0.0,0.08652393603799799
2022-06-17,-0.0006889365962916135,0.0,0.20997423102654494,0.32918277665890405,0.3743190562765531,0.0,0.08652393603799799
2022-06-21,-0.0020029303587049156,0.0,0.20997423102654494,0.32918277665890405,0.3743190562765531,0.0,0.08652393603799799
2022-06-22,0.010039484739656747,0.0,0.20997423102654494,0.32918277665890405,0.3743190562765531,0.0,0.08652393603799799
2022-06-23,0.00254001227701216,0.0023545299664314845,0.20877944964153186,0.32802302807748557,0.37470280363190145,2.0374138496779347e-19,0.08849471864908104
2022-06-24,0.0015322516851293605,0.0,0.20877944964153186,0.32802302807748557,0.37470280363190145,2.0374138496779347e-19,0.08849471864908104
2022-06-27,-0.00417284989612922,0.0,0.20877944964153186,0.32802302807748557,0.37470280363190145,2.0374138496779347e-19,0.08849471864908104
2022-06-28,-0.0028443947727472543,0.0,0.20877944964153186,0.32802302807748557,0.37470280363190145,2.0374138496779347e-19,0.08849471864908104
2022-06-29,0.005170405085455497,0.0,0.20877944964153186,0.32802302807748557,0.37470280363190145,2.0374138496779347e-19,0.08849471864908104
2022-06-30,-0.001377506847393939,0.0018483177498847814,0.20771594827860793,0.3274557139398318,0.37448530138259445,0.0,0.0903430363989659
2022-07-01,0.005538302962766172,0.0,0.20771594827860793,0.3274557139398318,0.37448530138259445,0.0,0.0903430363989659
2022-07-05,-0.003469803520597335,0.014640685204556997,0.20197541636114233,0.32169973975623856,0.37134112227909627,0.0,0.10498372160352287
2022-07-06,-0.010122624990479055,0.0,0.20197541636114233,0.32169973975623856,0.37134112227909627,0.0,0.10498372160352287
2022-07-07,0.00043678003026640256,0.0,0.20197541636114233,0.32169973975623856,0.37134112227909627,0.0,0.10498372160352287
2022-07-08,-0.0036076079723508354,0.009135691347548498,0.19886948813073294,0.3181127726191706,0.36889832629902514,7.038584610862756e-20,0.11411941295107138
2022-07-11,0.0025545352735779243,0.0,0.19886948813073294,0.3181127726191706,0.36889832629902514,7.038584610862756e-20,0.11411941295107138
2022-07-12,-0.0012801243739937183,0.0,0.19886948813073294,0.3181127726191706,0.36889832629902514,7.038584610862756e-20,0.11411941295107138
2022-07-13,0.004132250933694008,0.0,0.19886948813073294,0.3181127726191706,0.36889832629902514,7.038584610862756e-20,0.11411941295107138
2022-07-14,-0.007468568981842987,0.0,0.19886948813073294,0.3181127726191706,0.36889832629902514,7.038584610862756e-20,0.11411941295107138
2022-07-15,0.0130456858705627,0.4467559003672265,0.6456253884979595,0.22705336928726216,0.046450423229498605,3.5802981631072944e-20,0.08087081898527984
2022-07-18,-0.008095063438154443,0.001871817590172617,0.6437535709077868,0.22767903315807267,0.04702557453809118,0.0,0.08154182139604936
2022-07-19,0.015766167895467174,0.0,0.6437535709077868,0.22767903315807267,0.04702557453809118,0.0,0.08154182139604936
2022-07-20,0.004486924477509292,0.0,0.6437535709077868,0.22767903315807267,0.04702557453809118,0.0,0.08154182139604936
2022-07-21,0.010918386637668366,0.0017308930779225268,0.6454844639857094,0.22679296501214988,0.04639643246900564,0.0,0.08132613853313515
2022-07-22,0.004166461175125025,0.4516823333479657,0.19380213063774365,0.3118392415278468,0.3631178389673326,0.0,0.13124078886707702
2022-07-25,-0.003994638901496064,0.0,0.19380213063774365,0.3118392415278468,0.3631178389673326,0.0,0.13124078886707702
2022-07-26,-0.0014690934525771536,0.0,0.19380213063774365,0.3118392415278468,0.3631178389673326,0.0,0.13124078886707702
2022-07-27,0.005879645636347672,0.0,0.19380213063774365,0.3118392415278468,0.3631178389673326,0.0,0.13124078886707702
2022-07-28,0.009245674073932236,0.0,0.19380213063774365,0.3118392415278468,0.3631178389673326,0.0,0.13124078886707702
2022-07-29,0.002432148002983871,0.007888609759706122,0.19180298723905848,0.3085845280839007,0.36048308605025775,0.0,0.13912939862678314
2022-08-01,0.008365742023933507,0.0,0.19180298723905848,0.3085845280839007,0.36048308605025775,0.0,0.13912939862678314
2022-08-02,-0.009046881461448573,0.0,0.19180298723905848,0.3085845280839007,0.36048308605025775,0.0,0.13912939862678314
2022-08-03,0.009133532100841741,0.0,0.19180298723905848,0.3085845280839007,0.36048308605025775,0.0,0.13912939862678314
2022-08-04,0.0048487545479915005,0.0,0.19180298723905848,0.3085845280839007,0.36048308605025775,0.0,0.13912939862678314
2022-08-05,-0.010372442535520655,0.007393531441258608,0.19026402241996618,0.30552917158996085,0.35768387592203127,0.0,0.14652293006804173
2022-08-08,0.007538494064518673,0.0003186836868405568,0.1899598630342785,0.30561908103879354,0.3579126501600391,0.0,0.1465084057668888
2022-08-09,-0.0010025410864021064,0.00028299640993234565,0.19024285944421093,0.3055064013388947,0.35777560552398885,0.0,0.14647513369290566
2022-08-10,-0.00044697025834869106,0.0030411543218344106,0.19255001325153373,0.3053886661877181,0.35485218635333093,3.5171751683190857e-19,0.14720913420741719
2022-08-11,-0.00793703587546751,0.0018512538592252855,0.19360342487731064,0.3050358069800504,0.3533537917017734,0.0,0.1480069764408656
2022-08-12,0.006918171466064582,0.602006396484333,0.5436509819421066,0.13665609393999287,0.06773408469836356,0.2519588394195371,6.637604906561373e-18
2022-08-15,-0.005823135001520626,0.0011614937776127687,0.5438949136924308,0.13605601710624188,0.06717266775450173,0.2528764014468256,4.15382780584617e-21
2022-08-16,-0.004435842566473722,0.025826962248889525,0.5578166268954267,0.12532654638804933,0.052075176223804816,0.26478165049271934,0.0
2022-08-17,-0.0025937790189538568,1.0408340855860843e-16,0.5578166268954265,0.1253265463880493,0.0520751762238048,0.2647816504927193,0.0
2022-08-18,0.009608651237673915,1.0061396160665481e-16,0.5578166268954267,0.12532654638804933,0.05207517622380481,0.26478165049271934,0.0
2022-08-19,-0.010423590432778702,0.006033293891250721,0.5544302744437081,0.1253197545410229,0.05810847011505549,0.2621415009002136,0.0
2022-08-22,-0.010142635665946814,0.006543822402386653,0.550905982802417,0.1282720034600516,0.06170004359841343,0.25912197013911803,0.0
2022-08-23,0.004444943368468824,0.13054175320838995,0.4820068048794706,0.17413324097488517,0.13384328629594552,0.1974793948536744,0.012537272996024258
2022-08-24,0.0024683767780347508,0.11985150923374639,0.4337174778024222,0.20201883370299692,0.18193486786612223,0.12591721269697645,0.05641160793148221
2022-08-25,0.011455519246797033,0.2222760138584449,0.557520770925537,0.2514323968515033,0.08557606670465384,8.214866936711136e-18,0.10547076551830604
2022-08-26,-0.019413619967740138,0.05698452677896537,0.6145052977045022,0.249585931266493,0.06332368773534433,8.886885871123934e-20,0.0725850832936604
2022-08-29,-0.004510247089108359,0.24559135008427518,0.3689139476202271,0.2713585575486405,0.1841818295641511,0.0,0.1755456652669814
2022-08-30,-0.004292918357561606,0.14784888490757436,0.22106506271265267,0.285901181003018,0.30102412903546616,0.0,0.19200962724886317
2022-08-31,-0.006922156780162459,0.03314091627161682,0.19357771161539344,0.2893238886486114,0.3307423376614896,5.733324041745781e-20,0.1863560620745056
2022-09-01,-0.006053305001729348,0.00845644423049445,0.18710226841249844,0.2902136458357009,0.3383090247048945,0.0,0.18437506104690612
2022-09-02,0.002852008236474496,0.014802885996995058,0.1759413675822217,0.2865716606689826,0.3429738305174528,1.107596255440995e-19,0.1945131412313429
2022-09-06,-0.008634971300200075,0.001212560358197265,0.17699230840549462,0.28656811496219403,0.34176481586604407,0.0,0.19467476076626722
2022-09-07,0.009796968616364627,0.0012233966302827581,0.17591302368990044,0.28653582413379786,0.3429882124963269,0.0,0.19456293967997487
2022-09-08,-0.003450111048830635,0.0,0.17591302368990044,0.28653582413379786,0.3429882124963269,0.0,0.19456293967997487
2022-09-09,0.0038080193082598583,0.0011361441251000887,0.17704916781500046,0.28600464733752806,0.34263388948307555,0.0,0.19431229536439584
2022-09-12,0.00020335994578540547,0.01189192336178882,0.17283370606718815,0.28164267821493,0.33931939699169716,9.03203002517223e-20,0.20620421872618472
2022-09-13,-0.008434395922535257,0.0,0.17283370606718815,0.28164267821493,0.33931939699169716,9.03203002517223e-20,0.20620421872618472
2022-09-14,-0.00010123050333524502,0.0007390952655236954,0.17209461080166447,0.28200353973841974,0.3395145781608565,0.0,0.20638727129905934
2022-09-15,-0.008337863411105732,0.0,0.17209461080166447,0.28200353973841974,0.3395145781608565,0.0,0.20638727129905934
2022-09-16,-0.0017795867142594525,0.0,0.17209461080166447,0.28200353973841974,0.3395145781608565,0.0,0.20638727129905934
2022-09-19,0.005290522290982919,0.43353493025405215,0.6056295410557165,0.25380021702842936,0.06695089166353414,0.0,0.07361935025231982
2022-09-20,-0.009513362670545741,9.71445146547012e-17,0.6056295410557166,0.2538002170284294,0.06695089166353416,0.0,0.07361935025231983
2022-09-21,-0.005278496987142991,9.71445146547012e-17,0.6056295410557165,0.25380021702842936,0.06695089166353414,0.0,0.07361935025231982
2022-09-22,-0.011511186995960855,9.71445146547012e-17,0.6056295410557166,0.2538002170284294,0.06695089166353416,0.0,0.07361935025231983
2022-09-23,-0.009108046846689127,9.71445146547012e-17,0.6056295410557165,0.25380021702842936,0.06695089166353414,0.0,0.07361935025231982
2022-09-26,-0.01074536504597149,0.008910481187209211,0.5967190598685074,0.25414491517612037,0.07255868307044619,8.770706006859839e-21,0.07657734188492603
2022-09-27,-0.008041657034710744,0.0,0.5967190598685074,0.25414491517612037,0.07255868307044619,8.770706006859839e-21,0.07657734188492603
2022-09-28,0.02007337127022859,0.04219175724310623,0.5545273026254012,0.25735073928762575,0.08865476548283666,3.030392476659038e-20,0.09946719260413645
2022-09-29,-0.005896723659610678,0.3855479116690192,0.168979390956382,0.2775472371834185,0.33515817272494275,0.0,0.21831519913525682
2022-09-30,-0.006174780294007858,0.0,0.168979390956382,0.2775472371834185,0.33515817272494275,0.0,0.21831519913525682
2022-10-03,0.02115783437250801,0.2508470956656892,0.13644749442594964,0.4082266303138947,0.4553258752601557,0.0,0.0
2022-10-04,0.009611698079689533,0.0,0.13644749442594964,0.4082266303138947,0.4553258752601557,0.0,0.0
2022-10-05,-0.006742691794484936,0.0,0.13644749442594964,0.4082266303138947,0.4553258752601557,0.0,0.0
2022-10-06,-0.0041894482855403805,0.0,0.13644749442594964,0.4082266303138947,0.4553258752601557,0.0,0.0
2022-10-07,-0.012760701665879842,0.0,0.13644749442594964,0.4082266303138947,0.4553258752601557,0.0,0.0
2022-10-10,-0.01431253167722105,0.001785800900134055,0.13600424715060824,0.40688407668910204,0.45711167616028975,3.7244289800224333e-19,0.0
2022-10-11,-1.411907561732137e-06,0.0,0.13600424715060824,0.40688407668910204,0.45711167616028975,3.7244289800224333e-19,0.0
2022-10-12,0.003993070836771008,0.0,0.13600424715060824,0.40688407668910204,0.45711167616028975,3.7244289800224333e-19,0.0
2022-10-13,-0.003467887119235239,0.0,0.13600424715060824,0.40688407668910204,0.45711167616028975,3.7244289800224333e-19,0.0
2022-10-14,-0.012151352709079119,0.0,0.13600424715060824,0.40688407668910204,0.45711167616028975,3.7244289800224333e-19,0.0
2022-10-17,0.0028579712798332962,0.0011818549368917272,0.13718610208749998,0.4065266136741398,0.4562872842383603,1.4055694205549606e-19,0.0
2022-10-18,0.00354650519544594,0.0,0.13718610208749998,0.4065266136741398,0.4562872842383603,1.4055694205549606e-19,0.0
2022-10-19,-0.014486938130430364,0.0,0.13718610208749998,0.4065266136741398,0.4562872842383603,1.4055694205549606e-19,0.0
2022-10-20,-0.008821018871447034,0.0,0.13718610208749998,0.4065266136741398,0.4562872842383603,1.4055694205549606e-19,0.0
2022-10-21,0.004141569397913986,0.0,0.13718610208749998,0.4065266136741398,0.4562872842383603,1.4055694205549606e-19,0.0
2022-10-24,-0.0031693890828231003,0.002424830089381283,0.1361824612029147,0.4051054244693438,0.45871211432774156,0.0,2.6906866302380363e-20
2022-10-25,0.015013208264057505,0.0,0.1361824612029147,0.4051054244693438,0.45871211432774156,0.0,2.6906866302380363e-20
2022-10-26,0.007729491681801118,0.0,0.1361824612029147,0.4051054244693438,0.45871211432774156,0.0,2.6906866302380363e-20
2022-10-27,0.0028042346716227145,0.0,0.1361824612029147,0.4051054244693438,0.45871211432774156,0.0,2.6906866302380363e-20
2022-10-28,-0.0042285162895338855,0.0,0.1361824612029147,0.4051054244693438,0.45871211432774156,0.0,2.6906866302380363e-20
2022-10-31,-0.0076146664741564875,0.0012300293803529233,0.1374124905832676,0.4044967066498736,0.4580908027668588,0.0,2.1687776584704723e-19
2022-11-01,0.007853241829950435,0.0,0.1374124905832676,0.4044967066498736,0.4580908027668588,0.0,2.1687776584704723e-19
2022-11-02,-0.008398063435934437,0.0,0.1374124905832676,0.4044967066498736,0.4580908027668588,0.0,2.1687776584704723e-19
2022-11-03,-0.005341682121674901,0.0,0.1374124905832676,0.4044967066498736,0.4580908027668588,0.0,2.1687776584704723e-19
2022-11-04,0.009243770188329527,0.0,0.1374124905832676,0.4044967066498736,0.4580908027668588,0.0,2.1687776584704723e-19
2022-11-07,-0.004471728279806465,0.008661753827806457,0.14337877279858108,0.4071921782623666,0.4494290489390524,0.0,7.297656329009709e-20
2022-11-08,0.015607463897066269,0.0,0.14337877279858108,0.4071921782623666,0.4494290489390524,0.0,7.297656329009709e-20
2022-11-09,-0.0038701112266777706,0.0,0.14337877279858108,0.4071921782623666,0.4494290489390524,0.0,7.297656329009709e-20
2022-11-10,0.03722810326502565,0.0,0.14337877279858108,0.4071921782623666,0.4494290489390524,0.0,7.297656329009709e-20
2022-11-11,-0.007871310747938986,0.6132517287748827,1.7563757553852086e-17,0.15248264312377535,0.23426562810134202,0.0,0.6132517287748827
2022-11-14,-0.0012459841291118715,0.6132517287748827,0.14374498537631208,0.4087515624059845,0.4475034522177035,6.387582938334428e-19,7.053622053963663e-18
2022-11-15,0.009413454357461177,0.0,0.14374498537631208,0.4087515624059845,0.4475034522177035,6.387582938334428e-19,7.053622053963663e-18
2022-11-16,0.006780241731287802,0.0018515304616229836,0.14559651583793504,0.4077410591927837,0.44666242496928127,2.4215075724815936e-19,1.591280627485015e-19
2022-11-17,-0.007976875066362892,0.002872528159491433,0.14846904399742644,0.4061746803749933,0.4453562756275802,0.0,1.3108681086126274e-19
2022-11-18,-0.005214972111015971,0.0022442012357858643,0.1462248427616406,0.40740131375680133,0.44637384348155806,0.0,0.0
2022-11-21,-0.0013326139471363154,0.00530794762763942,0.14250456691671548,0.4058136419740871,0.45168179110919754,0.0,0.0
2022-11-22,0.008207141269627,0.0,0.14250456691671548,0.4058136419740871,0.45168179110919754,0.0,0.0
2022-11-23,0.010790781862455752,0.0,0.14250456691671548,0.4058136419740871,0.45168179110919754,0.0,0.0
2022-11-25,-0.001018152601113849,0.001254229033530091,0.14375879595024554,0.4051382450551099,0.4511029589946446,0.0,5.596245156303327e-20
2022-11-28,-0.008380950035562672,0.2799673020857055,0.415808735894222,0.2628529804946699,0.3134209214693791,0.007917362141728976,4.362275559907372e-18
2022-11-29,-0.0027833949132327626,0.27837775704531986,0.1453483409906312,0.40537567117694506,0.44927598783242384,7.808051438578182e-19,0.0
2022-11-30,0.013258793064677154,0.0020173433943340845,0.14333099759629706,0.4064686934492633,0.45020030895443963,1.1144019360387177e-19,0.0
2022-12-01,0.02115635240380264,0.0,0.14333099759629706,0.4064686934492633,0.45020030895443963,1.1144019360387177e-19,0.0
2022-12-02,0.0033970479732246713,0.0010443163131483304,0.14228668128314872,0.40702612439091806,0.4506871943259332,3.605193947089862e-19,0.0
2022-12-05,-0.015997564143743044,0.0013760592797953247,0.1436627405629441,0.40627290054537335,0.4500643588916826,2.4864509247502683e-19,0.0
2022-12-06,0.0021716108404925783,0.2564589126353946,0.1710890420463888,0.27949502948165394,0.32038331732000735,1.6169309888458487e-19,0.22903261115194984
2022-12-07,0.008391297260038313,0.007349958359423758,0.17843900040581262,0.27913096493665046,0.3141250911833972,8.461726354585495e-20,0.22830494347413977
2022-12-08,0.0002708028638821415,0.012605975815277115,0.19104497622108974,0.2785690309080019,0.3038394300927057,2.1323556762349536e-19,0.22654656277820273
2022-12-09,-0.009410239284442594,0.25383037277160686,0.44487534899269654,0.26652335224118595,0.16476353712488453,1.0657330620896952e-18,0.12383776164123297
2022-12-12,0.003757216913238898,0.12626983068803524,0.3186055183046614,0.27371061566624655,0.22295366418830015,1.9303517351931803e-19,0.18473020184079209
2022-12-13,0.012373721733283438,0.44393313876417073,0.522815029262307,0.13962311537720615,0.09783822755396193,0.23972362780652495,3.2222108768109207e-18
2022-12-14,0.002475440129711064,0.0,0.522815029262307,0.13962311537720615,0.09783822755396193,0.23972362780652495,3.2222108768109207e-18
2022-12-15,-0.018150944934064543,0.0,0.522815029262307,0.13962311537720615,0.09783822755396193,0.23972362780652495,3.2222108768109207e-18
2022-12-16,-0.011409889484251118,0.0,0.522815029262307,0.13962311537720615,0.09783822755396193,0.23972362780652495,3.2222108768109207e-18
2022-12-19,-0.00273376420646446,0.0,0.522815029262307,0.13962311537720615,0.09783822755396193,0.23972362780652495,3.2222108768109207e-18
2022-12-20,0.0002550098094200679,0.62664098760952,0.13589766945931192,0.38298945901475284,0.4334249339686837,0.0,0.047687937557251515
2022-12-21,0.0025629851005007868,0.012117283313031135,0.14621317508582873,0.38000718755805935,0.4242899221123461,3.263130155045903e-19,0.04948971524376589
2022-12-22,-0.007317848693704502,0.02668260133890246,0.17042103045779422,0.37307567327919317,0.4045388350523098,0.0,0.051964461210702834
2022-12-23,-0.002968594830511252,0.04713731958359932,0.21346817239644023,0.3605397787261173,0.3699374100217864,0.0,0.05605463885565618
2022-12-27,-0.005912811954355434,0.24229381731488822,0.4557619897113285,0.29261859847068883,0.20032253832905195,0.0,0.051296873488930896
2022-12-28,-0.010969277453265976,0.29979436778723506,0.5211996587292362,0.1359668613332494,0.10847678116818718,0.23435669876932727,0.0
2022-12-29,0.011361583744530395,0.0,0.5211996587292362,0.1359668613332494,0.10847678116818718,0.23435669876932727,0.0
2022-12-30,0.0030252025244531565,0.0,0.5211996587292362,0.1359668613332494,0.10847678116818718,0.23435669876932727,0.0
2023-01-03,-0.006717673214646058,0.00876843246715426,0.5149919912142387,0.1397445257037437,0.1134675492648471,0.23179593381717056,4.906114890052379e-20
2023-01-04,-0.0044874551841930545,0.0,0.5149919912142387,0.1397445257037437,0.1134675492648471,0.23179593381717056,4.906114890052379e-20
2023-01-05,-0.004982831089157229,0.008986600856824116,0.5090150287989486,0.14331909840041,0.11887957742500488,0.2287862953756365,0.0
2023-01-06,0.01670997306957164,0.0,0.5090150287989486,0.14331909840041,0.11887957742500488,0.2287862953756365,0.0
2023-01-09,0.004446884454206679,0.0,0.5090150287989486,0.14331909840041,0.11887957742500488,0.2287862953756365,0.0
2023-01-10,0.0017041411873490826,0.0,0.5090150287989486,0.14331909840041,0.11887957742500488,0.2287862953756365,0.0
2023-01-11,0.016149692303193353,0.0,0.5090150287989486,0.14331909840041,0.11887957742500488,0.2287862953756365,0.0
2023-01-12,0.008019070617896003,0.00880825448407574,0.5034075441626059,0.14725407641686428,0.12375285389262639,0.22558552552790345,0.0
2023-01-13,0.0067926659937532375,0.0,0.5034075441626059,0.14725407641686428,0.12375285389262639,0.22558552552790345,0.0
2023-01-17,-7.557789804546423e-05,0.0,0.5034075441626059,0.14725407641686428,0.12375285389262639,0.22558552552790345,0.0
2023-01-18,-0.009032737125698562,0.0,0.5034075441626059,0.14725407641686428,0.12375285389262639,0.22558552552790345,0.0
2023-01-19,0.000882327319257083,0.0,0.5034075441626059,0.14725407641686428,0.12375285389262639,0.22558552552790345,0.0
2023-01-20,0.005534771229480076,0.22558552552790345,0.546165767635267,0.25215125706165686,0.1375369388453708,1.0407519636987336e-17,0.06414603645770536
2023-01-23,0.004474541973436439,0.11551508770394735,0.43065067993131967,0.2596381172288562,0.17847888542198737,0.0,0.13123231741783678
2023-01-24,0.0035113925333940723,0.0987880056886355,0.5294386856199552,0.2533053683480064,0.1431401916628426,2.6018455613702564e-19,0.07411575436919597
2023-01-25,0.001259433247808164,0.04724702131024554,0.5766857069302007,0.24999420075128526,0.12754230508227157,5.84509614623716e-20,0.045777787236242526
2023-01-26,0.004168023719526193,0.0019819207847803083,0.5786676277149809,0.2492910248108722,0.12676427498270032,0.0,0.04527707249144643
2023-01-27,0.0005696700113619526,0.004797886357841268,0.574974494924442,0.2523465745854212,0.12850661156599272,0.0,0.04417231892414424
2023-01-30,-0.008305502983658546,1.0061396160665481e-16,0.5749744949244419,0.25234657458542115,0.1285066115659927,0.0,0.044172318924144235
2023-01-31,0.01084267201558024,1.0061396160665481e-16,0.574974494924442,0.2523465745854212,0.12850661156599272,0.0,0.04417231892414424
2023-02-01,0.010345581149044547,1.0061396160665481e-16,0.5749744949244419,0.25234657458542115,0.1285066115659927,0.0,0.044172318924144235
2023-02-02,0.006046696899279862,0.014596209722060112,0.5603782852023819,0.2536104735691208,0.13405878213614358,6.565083101214629e-20,0.05195245909235391
2023-02-03,-0.018001313440287405,0.22195260189938584,0.4990391226336315,0.15010674706646882,0.128901528400514,0.22195260189938582,0.0
2023-02-06,-0.00010254862135789314,0.0,0.4990391226336315,0.15010674706646882,0.128901528400514,0.22195260189938582,0.0
2023-02-07,0.013098963475740463,0.0,0.4990391226336315,0.15010674706646882,0.128901528400514,0.22195260189938582,0.0
2023-02-08,-0.0014105275519676799,0.0,0.4990391226336315,0.15010674706646882,0.128901528400514,0.22195260189938582,0.0
2023-02-09,-0.009224364004619174,0.0,0.4990391226336315,0.15010674706646882,0.128901528400514,0.22195260189938582,0.0
2023-02-10,-0.0011213092511695175,0.22195260189938587,0.5691370008925559,0.2541731497520682,0.13307664893897792,1.0939304416976077e-18,0.043613200416398205
2023-02-13,0.008019627864116188,1.0061396160665481e-16,0.5691370008925558,0.2541731497520681,0.1330766489389779,1.0939304416976075e-18,0.0436132004163982
2023-02-14,-0.0007777912186369927,1.0061396160665481e-16,0.5691370008925559,0.2541731497520682,0.13307664893897792,1.0939304416976077e-18,0.043613200416398205
2023-02-15,-0.001550888649197469,1.0061396160665481e-16,0.5691370008925558,0.2541731497520681,0.1330766489389779,1.0939304416976075e-18,0.0436132004163982
2023-02-16,-0.011484183886613989,1.0061396160665481e-16,0.5691370008925559,0.2541731497520682,0.13307664893897792,1.0939304416976077e-18,0.043613200416398205
2023-02-17,-0.004200086958733418,0.22138612295653412,0.4922976419453956,0.15323958615909253,0.13583120684164346,0.21863156505386852,1.2885933365280604e-19
2023-02-21,-0.014438648954371983,1.1102230246251565e-16,0.4922976419453955,0.1532395861590925,0.13583120684164343,0.21863156505386847,1.2885933365280602e-19
2023-02-22,-0.005840997511493907,6.938893903907228e-17,0.49229764194539555,0.15323958615909253,0.13583120684164346,0.2186315650538685,1.2885933365280604e-19
2023-02-23,0.008961021818228797,0.0,0.49229764194539555,0.15323958615909253,0.13583120684164346,0.2186315650538685,1.2885933365280604e-19
2023-02-24,-0.0058571209547013565,0.0,0.49229764194539555,0.15323958615909253,0.13583120684164346,0.2186315650538685,1.2885933365280604e-19
2023-02-27,-8.72150875432195e-05,0.007618095875464234,0.4875632910342641,0.155115892356793,0.14157299651940725,0.21574782008953572,9.344704410587662e-21
2023-02-28,0.0026739703966317876,0.0,0.4875632910342641,0.155115892356793,0.14157299651940725,0.21574782008953572,9.344704410587662e-21
2023-03-01,4.1131577289012624e-05,0.0,0.4875632910342641,0.155115892356793,0.14157299651940725,0.21574782008953572,9.344704410587662e-21
2023-03-02,0.003026759551779056,0.006748687971337111,0.48954907916592794,0.15821881519227382,0.1432329735235996,0.2089991321181985,0.0
2023-03-03,0.017683686303097853,0.06993266701698711,0.5182311421662253,0.18671350162240985,0.15598889111015332,0.13906646510121146,5.841038392000716e-19
2023-03-06,-0.002379185455428639,0.15665368891380566,0.5509794221138232,0.25609885009311417,0.13840166729755915,1.0397877569210652e-17,0.05452006049550351
2023-03-07,-0.008776478921632842,0.009700421389741606,0.5606798435035648,0.2558547243900232,0.1347090579237179,7.790366878772347e-21,0.0487563741826941
2023-03-08,0.0010794326739824059,0.0036606992230744165,0.5570191442804904,0.25683242112369603,0.13667474202687022,4.2381780268022203e-20,0.049473692568943364
2023-03-09,-0.008493904781067915,0.0023033234486294525,0.5593224677291199,0.2555244312559835,0.13568153003923458,3.3136812443447333e-20,0.049471570975662106
2023-03-10,0.0033546990306784754,0.0,0.5593224677291199,0.2555244312559835,0.13568153003923458,3.3136812443447333e-20,0.049471570975662106
2023-03-13,0.0029428380661265336,0.0368647238171148,0.5661513911634452,0.24433966360898882,0.1580766635651777,0.007640666856846413,0.023791614805541993
2023-03-14,0.003701222375436992,0.014895745979206078,0.5633506761222367,0.24193554539807688,0.16087966262175424,0.01973341377947594,0.014100702078456342
2023-03-15,-0.0027581749254938226,0.085809776839194,0.527678099012596,0.2058990477469798,0.164417493994194,0.1020053592462301,1.9737435045376603e-19
2023-03-16,0.007611805738756019,0.10841481837766181,0.48189004721350615,0.15947329315322079,0.14821648200938115,0.21042017762389198,0.0
2023-03-17,-0.0038435280611651616,0.001394951554418794,0.48146057156059574,0.15895114845567354,0.14777315080541992,0.2118151291783107,0.0
2023-03-20,0.0028578811810305643,0.2199147995514058,0.5553511536585304,0.2576941668853763,0.13967348043232486,0.0,0.047281199023768504
2023-03-21,0.00242474040800943,0.0,0.5553511536585304,0.2576941668853763,0.13967348043232486,0.0,0.047281199023768504
2023-03-22,-0.004007627173912577,0.0,0.5553511536585304,0.2576941668853763,0.13967348043232486,0.0,0.047281199023768504
2023-03-23,0.0033204174104079637,0.0,0.5553511536585304,0.2576941668853763,0.13967348043232486,0.0,0.047281199023768504
2023-03-24,0.0034509564749884035,0.0,0.5553511536585304,0.2576941668853763,0.13967348043232486,0.0,0.047281199023768504
2023-03-27,-0.006570499217529058,0.007450180430574747,0.550410006557214,0.26054402048716363,0.14427380726111236,1.570091034205319e-19,0.0447721656945103
2023-03-28,0.000260128949930812,1.0061396160665481e-16,0.5504100065572138,0.2605440204871636,0.14427380726111233,1.5700910342053187e-19,0.04477216569451029
2023-03-29,0.006873602297516896,1.0061396160665481e-16,0.550410006557214,0.26054402048716363,0.14427380726111236,1.570091034205319e-19,0.0447721656945103
2023-03-30,0.0055173380325599965,1.0061396160665481e-16,0.5504100065572138,0.2605440204871636,0.14427380726111233,1.5700910342053187e-19,0.04477216569451029
2023-03-31,0.011070180952775096,1.0061396160665481e-16,0.550410006557214,0.26054402048716363,0.14427380726111236,1.570091034205319e-19,0.0447721656945103
2023-04-03,0.01575001961022821,0.2136086401760347,0.4792454226635978,0.16287212989925523,0.1481439447611263,0.20973850267602062,0.0
2023-04-04,0.0009409223051938108,0.0026391458486595826,0.4782030973964184,0.16480623072508813,0.14884898978395295,0.2081416820945404,1.4008010460070605e-20
2023-04-05,0.0002633499876055832,6.938893903907228e-17,0.4782030973964185,0.16480623072508815,0.14884898978395297,0.20814168209454043,1.4008010460070608e-20
2023-04-06,0.001289063444410985,0.0,0.4782030973964185,0.16480623072508815,0.14884898978395297,0.20814168209454043,1.4008010460070608e-20
2023-04-10,-0.00474934175872445,0.0,0.4782030973964185,0.16480623072508815,0.14884898978395297,0.20814168209454043,1.4008010460070608e-20
2023-04-11,0.001460099211761033,0.2081796010832312,0.5411141557184802,0.2631779413318407,0.1488110707952622,0.0,0.046896832154416895
2023-04-12,-0.002002323921238884,0.0,0.5411141557184802,0.2631779413318407,0.1488110707952622,0.0,0.046896832154416895
2023-04-13,0.006910139093079524,0.0,0.5411141557184802,0.2631779413318407,0.1488110707952622,0.0,0.046896832154416895
2023-04-14,-0.006091897014022301,0.0,0.5411141557184802,0.2631779413318407,0.1488110707952622,0.0,0.046896832154416895
2023-04-17,-0.0016144944455435666,0.0,0.5411141557184802,0.2631779413318407,0.1488110707952622,0.0,0.046896832154416895
2023-04-18,0.0011651504451329203,0.21161246134418865,0.474881469484782,0.1646949983757671,0.15242283727272335,0.2080006948667275,0.0
2023-04-19,-0.0051719065120817784,0.0,0.474881469484782,0.1646949983757671,0.15242283727272335,0.2080006948667275,0.0
2023-04-20,-0.005685650341232972,0.0,0.474881469484782,0.1646949983757671,0.15242283727272335,0.2080006948667275,0.0
2023-04-21,-0.00018673757582044143,0.0,0.474881469484782,0.1646949983757671,0.15242283727272335,0.2080006948667275,0.0
2023-04-24,0.005723295001603826,0.0,0.474881469484782,0.1646949983757671,0.15242283727272335,0.2080006948667275,0.0
2023-04-25,-0.009140312841400213,0.0035863424711592706,0.4730016402496311,0.1655674535903286,0.15513672452932115,0.20629418163071916,1.4027391127116565e-20
2023-04-26,-0.011506453169183783,0.0,0.4730016402496311,0.1655674535903286,0.15513672452932115,0.20629418163071916,1.4027391127116565e-20
2023-04-27,0.009202358597049733,0.0,0.4730016402496311,0.1655674535903286,0.15513672452932115,0.20629418163071916,1.4027391127116565e-20
2023-04-28,0.012047546042226893,0.0,0.4730016402496311,0.1655674535903286,0.15513672452932115,0.20629418163071916,1.4027391127116565e-20
2023-05-01,-0.008851881090369,0.0,0.4730016402496311,0.1655674535903286,0.15513672452932115,0.20629418163071916,1.4027391127116565e-20
2023-05-02,-0.008912450573852771,0.004474282781176633,0.4685273574684545,0.1660460356190162,0.15905413685598094,0.2063724700565484,0.0
2023-05-03,-0.009908859104450432,0.0,0.4685273574684545,0.1660460356190162,0.15905413685598094,0.2063724700565484,0.0
2023-05-04,-0.002505731250220897,0.0,0.4685273574684545,0.1660460356190162,0.15905413685598094,0.2063724700565484,0.0
2023-05-05,0.013554240007553061,0.0,0.4685273574684545,0.1660460356190162,0.15905413685598094,0.2063724700565484,0.0
2023-05-08,0.002020155884406968,0.0,0.4685273574684545,0.1660460356190162,0.15905413685598094,0.2063724700565484,0.0
2023-05-09,0.00044805694750678425,0.004994938936435336,0.4650540022953279,0.1684503737500723,0.16164473766136017,0.20485088629323964,1.1552245750668987e-20
2023-05-10,0.00206085203410812,0.0,0.4650540022953279,0.1684503737500723,0.16164473766136017,0.20485088629323964,1.1552245750668987e-20
2023-05-11,-0.004044334179428802,0.0,0.4650540022953279,0.1684503737500723,0.16164473766136017,0.20485088629323964,1.1552245750668987e-20
2023-05-12,-0.0061174162599494965,0.0,0.4650540022953279,0.1684503737500723,0.16164473766136017,0.20485088629323964,1.1552245750668987e-20
2023-05-15,0.0032422398847422942,0.0,0.4650540022953279,0.1684503737500723,0.16164473766136017,0.20485088629323964,1.1552245750668987e-20
2023-05-16,-0.006132183700177969,0.21189104454356134,0.5274922129788061,0.2669390671017231,0.15460457941103853,4.845244603116312e-19,0.05096414050843237
2023-05-17,0.00518026817132758,1.0408340855860843e-16,0.527492212978806,0.26693906710172305,0.1546045794110385,4.845244603116311e-19,0.05096414050843236
2023-05-18,0.0014784277492235535,1.0061396160665481e-16,0.5274922129788061,0.2669390671017231,0.15460457941103853,4.845244603116312e-19,0.050964140508432364
2023-05-19,-0.0012685027586576306,1.0408340855860843e-16,0.527492212978806,0.26693906710172305,0.1546045794110385,4.845244603116311e-19,0.05096414050843235
2023-05-22,-0.0010623828469432921,1.0061396160665481e-16,0.5274922129788061,0.2669390671017231,0.15460457941103853,4.845244603116312e-19,0.05096414050843236
2023-05-23,-0.004804027841149946,0.01139074805639926,0.5249103141922543,0.2654307531389687,0.16599532746743767,9.921011446007869e-20,0.04366360520133919
2023-05-24,-0.006301894219746493,1.0061396160665481e-16,0.5249103141922544,0.26543075313896874,0.1659953274674377,9.92101144600787e-20,0.043663605201339196
2023-05-25,0.0024884482393282012,1.0061396160665481e-16,0.5249103141922543,0.2654307531389687,0.16599532746743767,9.921011446007868e-20,0.04366360520133919
2023-05-26,0.009589923952624462,1.0061396160665481e-16,0.5249103141922544,0.26543075313896874,0.1659953274674377,9.921011446007869e-20,0.043663605201339196
2023-05-30,0.0038337610854837943,1.0061396160665481e-16,0.5249103141922543,0.2654307531389687,0.16599532746743767,9.921011446007866e-20,0.04366360520133919
2023-05-31,-0.0003273195163053266,0.025997908676919923,0.5182757657482102,0.24947802000464434,0.16258470036888625,9.5667867636713e-20,0.06966151387825917
