date,gross,turnover,w_SPY,w_TLT,w_GLD,w_USO,w_UUP
2019-01-02,0.0042456646555017515,0.5789642764545258,1.8273342347225557e-16,0.747199331802345,0.2317649446521808,5.1058575578653296e-17,0.02103572354547401
2019-01-03,0.010492108071920116,0.00116898303955205,0.0,0.7463779366024269,0.23293392769173282,0.0,0.02068813570584024
2019-01-04,-0.010554832010672598,0.0012135243789200265,2.663250538122209e-19,0.7471063359609513,0.2317204033128128,7.0339405459544e-19,0.02117326072623584
2019-01-07,-0.0014814239685604518,0.0016087035285138765,4.2351794227244277e-20,0.7460916095769371,0.23332910684132674,7.962124390643347e-20,0.020579283581736264
2019-01-08,-0.0012319463153691256,0.6348041847590582,0.12109088242464752,0.13186670839961515,0.7470424091757374,0.0,0.0
2019-01-09,0.005874044125843047,0.1907573478334201,0.31184823025806757,1.1978983596231763e-17,0.6881517697419324,0.0,0.0
2019-01-10,-0.0031469670014830447,0.020825618069137054,0.29102261218893055,0.0,0.7089773878110694,0.0,1.711903170174718e-21
2019-01-11,0.0012856320605188606,0.03831046085107251,0.3293330730400031,0.0,0.670666926959997,4.980407960016291e-19,6.80550952595966e-20
2019-01-14,-0.00041241450762728526,0.0,0.3293330730400031,0.0,0.670666926959997,4.980407960016291e-19,6.80550952595966e-20
2019-01-15,0.0026208422532208613,0.0,0.3293330730400031,0.0,0.670666926959997,4.980407960016291e-19,6.80550952595966e-20
2019-01-16,0.002940383565459396,0.0034093472017320274,0.3327424202417351,0.0,0.6672575797582649,0.0,2.0690704776712605e-19
2019-01-17,0.0016671134357434778,0.0017848998096769708,0.33452732005141206,0.0,0.6654726799485879,1.1281286522244364e-19,0.0
2019-01-18,-0.0015231158439125815,0.0015870572097615998,0.33294026284165046,1.8994748875398157e-19,0.6670597371583495,0.0,0.0
2019-01-22,-0.002073341668409726,0.0031973724536129844,0.32974289038803745,0.0,0.6702571096119625,2.0419420814780416e-19,0.0
2019-01-23,-0.000316051736212627,0.019394814261713522,0.3103480761263239,9.102722753439146e-20,0.689651923873676,3.5705085956155023e-20,2.4324815700661147e-19
2019-01-24,-0.0008624845924517073,0.025258161607154356,0.3356062377334783,5.177862996433955e-19,0.6643937622665217,6.032806713225179e-19,4.0220595279671525e-19
2019-01-25,0.012903380780554098,0.057176577426604425,0.2784296603068739,9.347531797934788e-19,0.7215703396931261,1.0274263873833003e-18,8.671604960241315e-19
2019-01-28,-6.683208456500834e-05,0.04288378687105229,0.32131344717792615,1.9447847244668725e-19,0.6786865528220738,5.816913485346461e-19,6.181302807424688e-19
2019-01-29,0.003487149939343805,0.01663938357060532,0.30467406360732086,0.0,0.6953259363926791,0.0,0.0
2019-01-30,0.009083193819504853,0.02751397313832485,0.33218803674564573,3.731949187157414e-19,0.6678119632543543,0.0,1.365249584269351e-19
2019-01-31,0.0032799894999831192,0.004959149120689232,0.3371471858663349,2.018439818096427e-19,0.662852814133665,2.976116047936514e-19,9.618459977569099e-20
2019-02-01,-0.0011661108964785968,0.0,0.3371471858663349,2.018439818096427e-19,0.662852814133665,2.976116047936514e-19,9.618459977569099e-20
2019-02-04,-0.00048151490200453644,0.0018863249301086793,0.3390335107964436,1.6327544394121697e-19,0.6609664892035564,2.3854055844954183e-19,0.0
2019-02-05,0.0031229737742749695,0.0027730370180130415,0.33626047377843055,3.0189333273486934e-19,0.6637395262215694,1.947121947733024e-19,0.0
2019-02-06,-0.004929440006559255,0.0,0.33626047377843055,3.0189333273486934e-19,0.6637395262215694,1.947121947733024e-19,0.0
2019-02-07,0.005495751520788829,0.775373437886933,1.3759418692441634e-18,0.7342139380292481,0.224626562113067,0.0,0.04115949985768491
2019-02-08,0.00403447032658574,0.0008819767692621334,0.0,0.7348427087740804,0.2237445853438049,0.0,0.04141270588211471
2019-02-11,-0.003820603214645237,0.0,0.0,0.7348427087740804,0.2237445853438049,0.0,0.04141270588211471
2019-02-12,-0.0015429540424123573,0.0,0.0,0.7348427087740804,0.2237445853438049,0.0,0.04141270588211471
2019-02-13,-0.0034407560803102204,0.0,0.0,0.7348427087740804,0.2237445853438049,0.0,0.04141270588211471
2019-02-14,0.003478307728934249,0.7762554146561951,0.2707002468989906,1.803562761886879e-17,0.7292997531010094,0.0,0.0
2019-02-15,0.007434660588624084,0.027258159020135987,0.2979584059191266,0.0,0.7020415940808734,0.0,0.0
2019-02-19,0.011018884745265224,0.01369791206696655,0.3116563179860931,0.0,0.6883436820139068,0.0,0.0
2019-02-20,-0.00046888478189775773,0.026166610850201,0.3378229288362941,0.0,0.6621770711637058,0.0,0.0
2019-02-21,-0.008456964994345631,0.02981254515037504,0.3676354739866692,9.31728011595112e-19,0.6323645260133308,1.085056043137545e-18,1.0031800751936515e-18
2019-02-22,0.004558763722842929,0.0014240619723927277,0.3690595359590619,0.0,0.6309404640409381,0.0,6.092210793651261e-20
2019-02-25,-0.00011856740104080784,0.013618927445046003,0.3826784634041079,0.0,0.6173215365958921,1.938361272950485e-20,0.0
2019-02-26,0.0007430879206597422,0.007152101936192673,0.3898305653403006,2.462365257522673e-19,0.6101694346596994,2.687598341097564e-19,1.0418181583382047e-20
2019-02-27,-0.004520620590180837,0.004333233405532377,0.3854973319347682,3.16954480874064e-19,0.6145026680652318,0.0,0.0
2019-02-28,-0.004167635269829168,0.0,0.3854973319347682,3.16954480874064e-19,0.6145026680652318,0.0,0.0
2019-03-01,0.0031460784364781592,0.6145026680652316,0.7999999999999999,0.19999999999999987,2.286714001674896e-16,0.0,0.0
2019-03-04,-0.0013424121710725167,0.0,0.7999999999999999,0.19999999999999987,2.286714001674896e-16,0.0,0.0
2019-03-05,-0.0006695569079924633,0.0,0.7999999999999999,0.19999999999999987,2.286714001674896e-16,0.0,0.0
2019-03-06,-0.004111724418295592,0.0,0.7999999999999999,0.19999999999999987,2.286714001674896e-16,0.0,0.0
2019-03-07,-0.005395126369427672,0.0,0.7999999999999999,0.19999999999999987,2.286714001674896e-16,0.0,0.0
2019-03-08,-0.0007574394856947087,0.0,0.7999999999999999,0.19999999999999987,2.286714001674896e-16,0.0,0.0
2019-03-11,0.01100864835554984,0.0,0.7999999999999999,0.19999999999999987,2.286714001674896e-16,0.0,0.0
2019-03-12,0.004419235075354156,0.0,0.7999999999999999,0.19999999999999987,2.286714001674896e-16,0.0,0.0
2019-03-13,0.004918583337815631,0.0,0.7999999999999999,0.19999999999999987,2.286714001674896e-16,0.0,0.0
2019-03-14,-0.001956496061360437,0.0,0.7999999999999999,0.19999999999999987,2.286714001674896e-16,0.0,0.0
2019-03-15,0.005275237436269453,0.0,0.7999999999999999,0.19999999999999987,2.286714001674896e-16,0.0,0.0
2019-03-18,0.002785999428191843,0.0,0.7999999999999999,0.19999999999999987,2.286714001674896e-16,0.0,0.0
2019-03-19,-0.0002456498936588716,0.0,0.7999999999999999,0.19999999999999987,2.286714001674896e-16,0.0,0.0
2019-03-20,-0.00031544440203039575,0.0,0.7999999999999999,0.19999999999999987,2.286714001674896e-16,0.0,0.0
2019-03-21,0.009475618375018643,0.0,0.7999999999999999,0.19999999999999987,2.286714001674896e-16,0.0,0.0
2019-03-22,-0.012290324987203817,0.0,0.7999999999999999,0.19999999999999987,2.286714001674896e-16,0.0,0.0
2019-03-25,-0.00028109029171097103,0.0,0.7999999999999999,0.19999999999999987,2.286714001674896e-16,0.0,0.0
2019-03-26,0.005819032359489638,0.0,0.7999999999999999,0.19999999999999987,2.286714001674896e-16,0.0,0.0
2019-03-27,-0.002342497879059914,0.0,0.7999999999999999,0.19999999999999987,2.286714001674896e-16,0.0,0.0
2019-03-28,0.0037302132937156746,0.0,0.7999999999999999,0.19999999999999987,2.286714001674896e-16,0.0,0.0
2019-03-29,0.004854734266375549,0.0,0.7999999999999999,0.19999999999999987,2.286714001674896e-16,0.0,0.0
2019-04-01,0.006646483711929729,0.0,0.7999999999999999,0.19999999999999987,2.286714001674896e-16,0.0,0.0
2019-04-02,0.0007619366381797394,0.0,0.7999999999999999,0.19999999999999987,2.286714001674896e-16,0.0,0.0
2019-04-03,-0.00047507200496710246,0.0,0.7999999999999999,0.19999999999999987,2.286714001674896e-16,0.0,0.0
2019-04-04,0.0026895024804684644,0.0,0.7999999999999999,0.19999999999999987,2.286714001674896e-16,0.0,0.0
2019-04-05,0.004130534018773124,0.0,0.7999999999999999,0.19999999999999987,2.286714001674896e-16,0.0,0.0
2019-04-08,-9.96595155879895e-05,0.0,0.7999999999999999,0.19999999999999987,2.286714001674896e-16,0.0,0.0
2019-04-09,-0.00346868694518485,0.0,0.7999999999999999,0.19999999999999987,2.286714001674896e-16,0.0,0.0
2019-04-10,0.0032128674283446574,0.0,0.7999999999999999,0.19999999999999987,2.286714001674896e-16,0.0,0.0
2019-04-11,-0.0013968889203565225,0.0,0.7999999999999999,0.19999999999999987,2.286714001674896e-16,0.0,0.0
2019-04-12,0.003988237509075066,0.0,0.7999999999999999,0.19999999999999987,2.286714001674896e-16,0.0,0.0
2019-04-15,-1.8257015396150973e-05,0.0,0.7999999999999999,0.19999999999999987,2.286714001674896e-16,0.0,0.0
2019-04-16,-0.0007282448005772726,0.0,0.7999999999999999,0.19999999999999987,2.286714001674896e-16,0.0,0.0
2019-04-17,-0.001875614092444833,0.0,0.7999999999999999,0.19999999999999987,2.286714001674896e-16,0.0,0.0
2019-04-18,0.002622218391719144,0.0,0.7999999999999999,0.19999999999999987,2.286714001674896e-16,0.0,0.0
2019-04-22,-0.0002705950314290989,0.0,0.7999999999999999,0.19999999999999987,2.286714001674896e-16,0.0,0.0
2019-04-23,0.007618537674724556,0.0,0.7999999999999999,0.19999999999999987,2.286714001674896e-16,0.0,0.0
2019-04-24,-0.00014364505050430427,0.0,0.7999999999999999,0.19999999999999987,2.286714001674896e-16,0.0,0.0
2019-04-25,-0.0007841723412336684,0.0,0.7999999999999999,0.19999999999999987,2.286714001674896e-16,0.0,0.0
2019-04-26,0.004406338111565944,0.0,0.7999999999999999,0.19999999999999987,2.286714001674896e-16,0.0,0.0
2019-04-29,-2.1967263452804834e-05,0.0,0.7999999999999999,0.19999999999999987,2.286714001674896e-16,0.0,0.0
2019-04-30,0.001432616182468438,0.0,0.7999999999999999,0.19999999999999987,2.286714001674896e-16,0.0,0.0
2019-05-01,-0.005188188841271703,0.0,0.7999999999999999,0.19999999999999987,2.286714001674896e-16,0.0,0.0
2019-05-02,-0.0026798384285736665,0.0,0.7999999999999999,0.19999999999999987,2.286714001674896e-16,0.0,0.0
2019-05-03,0.00839814406441284,0.0,0.7999999999999999,0.19999999999999987,2.286714001674896e-16,0.0,0.0
2019-05-06,-0.0027426496624733507,0.0,0.7999999999999999,0.19999999999999987,2.286714001674896e-16,0.0,0.0
2019-05-07,-0.011827000751978156,0.0,0.7999999999999999,0.19999999999999987,2.286714001674896e-16,0.0,0.0
2019-05-08,-0.001976001628034041,0.0,0.7999999999999999,0.19999999999999987,2.286714001674896e-16,0.0,0.0
2019-05-09,-0.0016010546213476751,0.0,0.7999999999999999,0.19999999999999987,2.286714001674896e-16,0.0,0.0
2019-05-10,0.003746914127878954,0.0,0.7999999999999999,0.19999999999999987,2.286714001674896e-16,0.0,0.0
2019-05-13,-0.01853297808148166,0.0,0.7999999999999999,0.19999999999999987,2.286714001674896e-16,0.0,0.0
2019-05-14,0.00664615755070812,0.0,0.7999999999999999,0.19999999999999987,2.286714001674896e-16,0.0,0.0
2019-05-15,0.005914528136696705,0.0,0.7999999999999999,0.19999999999999987,2.286714001674896e-16,0.0,0.0
2019-05-16,0.006743226428106806,0.0,0.7999999999999999,0.19999999999999987,2.286714001674896e-16,0.0,0.0
2019-05-17,-0.0047266724126073375,0.0,0.7999999999999999,0.19999999999999987,2.286714001674896e-16,0.0,0.0
2019-05-20,-0.0057026627954272595,0.0,0.7999999999999999,0.19999999999999987,2.286714001674896e-16,0.0,0.0
2019-05-21,0.006894619407782686,0.0,0.7999999999999999,0.19999999999999987,2.286714001674896e-16,0.0,0.0
2019-05-22,-0.0013100537775331057,0.0,0.7999999999999999,0.19999999999999987,2.286714001674896e-16,0.0,0.0
2019-05-23,-0.007525479259771959,0.0,0.7999999999999999,0.19999999999999987,2.286714001674896e-16,0.0,0.0
2019-05-24,0.0019872258340674076,0.0,0.7999999999999999,0.19999999999999987,2.286714001674896e-16,0.0,0.0
2019-05-28,-0.0060007788084301085,0.0,0.7999999999999999,0.19999999999999987,2.286714001674896e-16,0.0,0.0
2019-05-29,-0.004762328213062172,0.0,0.7999999999999999,0.19999999999999987,2.286714001674896e-16,0.0,0.0
2019-05-30,0.003904863026098271,0.0,0.7999999999999999,0.19999999999999987,2.286714001674896e-16,0.0,0.0
2019-05-31,-0.008276520129318362,0.0,0.7999999999999999,0.19999999999999987,2.286714001674896e-16,0.0,0.0
2019-06-03,0.00689604600486832,0.7999999999999999,4.089328950065325e-17,0.6906313001248253,0.19855726647043836,1.2114899876837848e-18,0.11081143340473631
2019-06-04,-0.00793097174149871,0.0020742785541852035,6.96597384482863e-19,0.6898167130172593,0.19729757502381914,0.0,0.11288571195892147
2019-06-05,-0.002991344516008765,0.002410126981972918,7.781763211682694e-19,0.6883281535173663,0.19637600754173928,3.1961298690176116e-19,0.11529583894089443
2019-06-06,0.0024696630407998778,0.0007622059669324946,8.088597493506652e-20,0.6879935561823279,0.19713821350867175,3.9259409952464905e-19,0.11486823030900029
2019-06-07,0.004360010836640027,0.19693489127717406,4.049376616510099e-18,0.5944039066118739,0.09379297180195179,4.3377880616630035e-18,0.3118031215861744
2019-06-10,0.0017886971949054424,0.7999999999999999,0.8,0.19999999999999996,2.822107885888693e-17,0.0,4.85722573273506e-17
2019-06-11,-7.144568262131839e-05,0.0,0.8,0.19999999999999996,2.822107885888693e-17,0.0,4.85722573273506e-17
2019-06-12,-0.0012588749116196226,0.0,0.8,0.19999999999999996,2.822107885888693e-17,0.0,4.85722573273506e-17
2019-06-13,0.003989563856360512,0.0,0.8,0.19999999999999996,2.822107885888693e-17,0.0,4.85722573273506e-17
2019-06-14,-0.0003804981682423936,0.0,0.8,0.19999999999999996,2.822107885888693e-17,0.0,4.85722573273506e-17
2019-06-17,0.0006540591456041688,0.0,0.8,0.19999999999999996,2.822107885888693e-17,0.0,4.85722573273506e-17
2019-06-18,0.009379293886842444,0.0,0.8,0.19999999999999996,2.822107885888693e-17,0.0,4.85722573273506e-17
2019-06-19,0.00209291950631032,0.0,0.8,0.19999999999999996,2.822107885888693e-17,0.0,4.85722573273506e-17
2019-06-20,0.008171451012845355,0.0,0.8,0.19999999999999996,2.822107885888693e-17,0.0,4.85722573273506e-17
2019-06-21,-0.003360071784207252,0.0,0.8,0.19999999999999996,2.822107885888693e-17,0.0,4.85722573273506e-17
2019-06-24,0.0005116270714077499,0.0,0.8,0.19999999999999996,2.822107885888693e-17,0.0,4.85722573273506e-17
2019-06-25,-0.0072270466611937595,0.0,0.8,0.19999999999999996,2.822107885888693e-17,0.0,4.85722573273506e-17
2019-06-26,-0.0020779688439648723,0.0,0.8,0.19999999999999996,2.822107885888693e-17,0.0,4.85722573273506e-17
2019-06-27,0.004246226449379397,0.0,0.8,0.19999999999999996,2.822107885888693e-17,0.0,4.85722573273506e-17
2019-06-28,0.003981279302074082,0.0,0.8,0.19999999999999996,2.822107885888693e-17,0.0,4.85722573273506e-17
2019-07-01,0.006794673831463349,0.0,0.8,0.19999999999999996,2.822107885888693e-17,0.0,4.85722573273506e-17
2019-07-02,0.0036263315310968384,0.0,0.8,0.19999999999999996,2.822107885888693e-17,0.0,4.85722573273506e-17
2019-07-03,0.007822094721404183,0.0,0.8,0.19999999999999996,2.822107885888693e-17,0.0,4.85722573273506e-17
2019-07-05,-0.003563236015557657,0.0,0.8,0.19999999999999996,2.822107885888693e-17,0.0,4.85722573273506e-17
2019-07-08,-0.004123692980870652,0.0,0.8,0.19999999999999996,2.822107885888693e-17,0.0,4.85722573273506e-17
2019-07-09,0.0009218940136765054,0.0,0.8,0.19999999999999996,2.822107885888693e-17,0.0,4.85722573273506e-17
2019-07-10,0.0027208555192110412,0.0,0.8,0.19999999999999996,2.822107885888693e-17,0.0,4.85722573273506e-17
2019-07-11,-0.0007943105429696336,0.0,0.8,0.19999999999999996,2.822107885888693e-17,0.0,4.85722573273506e-17
2019-07-12,0.0038121136506534367,0.0,0.8,0.19999999999999996,2.822107885888693e-17,0.0,4.85722573273506e-17
2019-07-15,0.00141785398753953,0.0,0.8,0.19999999999999996,2.822107885888693e-17,0.0,4.85722573273506e-17
2019-07-16,-0.0031757864426769315,0.0,0.8,0.19999999999999996,2.822107885888693e-17,0.0,4.85722573273506e-17
2019-07-17,-0.003284493026106672,0.0,0.8,0.19999999999999996,2.822107885888693e-17,0.0,4.85722573273506e-17
2019-07-18,0.0029439355810015225,0.0,0.8,0.19999999999999996,2.822107885888693e-17,0.0,4.85722573273506e-17
2019-07-19,-0.004913564583582785,0.0,0.8,0.19999999999999996,2.822107885888693e-17,0.0,4.85722573273506e-17
2019-07-22,0.0023447476608297714,0.0,0.8,0.19999999999999996,2.822107885888693e-17,0.0,4.85722573273506e-17
2019-07-23,0.004628535585311267,0.0,0.8,0.19999999999999996,2.822107885888693e-17,0.0,4.85722573273506e-17
2019-07-24,0.004628349580667823,0.0,0.8,0.19999999999999996,2.822107885888693e-17,0.0,4.85722573273506e-17
2019-07-25,-0.004777701346224994,0.0,0.8,0.19999999999999996,2.822107885888693e-17,0.0,4.85722573273506e-17
2019-07-26,0.005832785037365751,0.0,0.8,0.19999999999999996,2.822107885888693e-17,0.0,4.85722573273506e-17
2019-07-29,-0.0013959685767735317,0.0,0.8,0.19999999999999996,2.822107885888693e-17,0.0,4.85722573273506e-17
2019-07-30,-0.0014774494905615664,0.0,0.8,0.19999999999999996,2.822107885888693e-17,0.0,4.85722573273506e-17
2019-07-31,-0.007143909983842045,0.0,0.8,0.19999999999999996,2.822107885888693e-17,0.0,4.85722573273506e-17
2019-08-01,-0.002994350498385901,0.0,0.8,0.19999999999999996,2.822107885888693e-17,0.0,4.85722573273506e-17
2019-08-02,-0.004164838253151243,0.0018178444003834843,0.8,0.1981821555996165,4.7751418759750297e-20,0.0018178444003834303,0.0
2019-08-05,-0.020600682713302777,0.0018178444003834882,0.8,0.20000000000000004,1.566126067744677e-19,0.0,1.1655173354219173e-18
2019-08-06,0.011202846781657142,0.43833990729015065,0.5616600927098494,3.2459146462857464e-17,0.4300065144347161,0.008333392855434576,0.0
2019-08-07,0.007102571021964249,0.032422121618544734,0.5292379710913047,0.0,0.46219824969055123,0.008563779218144144,0.0
2019-08-08,0.012016698259649084,0.055000263905148096,0.47423770718615654,0.0,0.5149705153687363,0.010791777445107167,1.9080315695469283e-19
2019-08-09,-0.004483053589039887,0.028654526460241973,0.44558318072591463,1.2045388673986005e-19,0.5424071020701448,0.012009717203940729,4.153675486466306e-20
2019-08-12,-0.0004830173028754108,0.018589733124342523,0.4641729138502571,0.0,0.524611879665336,0.011215206484406957,8.68708606577953e-20
2019-08-13,0.0032550234028977396,0.06953412390757349,0.39463878994268364,2.991119259361176e-20,0.5910936119349707,0.014267598122345772,4.595549819532061e-20
2019-08-14,-0.0081791377727008,0.002241233209014524,0.39688002315169807,4.1259721113149584e-20,0.5898664549046303,0.013253521943671525,1.1381754334599427e-19
2019-08-15,0.004869770213515149,0.0,0.39688002315169807,4.1259721113149584e-20,0.5898664549046303,0.013253521943671525,1.1381754334599427e-19
2019-08-16,0.0021376926341935016,0.0,0.39688002315169807,4.1259721113149584e-20,0.5898664549046303,0.013253521943671525,1.1381754334599427e-19
2019-08-19,-0.0018154102121910008,0.0,0.39688002315169807,4.1259721113149584e-20,0.5898664549046303,0.013253521943671525,1.1381754334599427e-19
2019-08-20,0.0014560744996213956,0.004380406367818745,0.4012604295195169,0.0,0.5855551653703389,0.013184405110144255,0.0
2019-08-21,0.0015352645944954225,0.013168319505183077,0.41442874902469995,0.0,0.5740442601804889,0.011526990794811133,8.94516132942761e-20
2019-08-22,-0.0013696028838245911,0.12221830719133993,0.5366470562160398,0.0,0.4569700621106266,0.00638288167333348,0.0
2019-08-23,-0.01726293646548091,0.46335294378396,0.7999999999999998,0.2000000000000001,0.0,9.321278668271116e-18,1.5178830414797058e-18
2019-08-26,0.0044930251838800105,0.6000866514817644,0.3999133485182355,2.7189100152513634e-17,0.5879035981128462,0.01218305336891826,0.0
2019-08-27,0.003967170136921509,0.025075650832677363,0.42498899935091294,1.5719876419218638e-19,0.5639554726572872,0.011055527991800018,0.0
2019-08-28,0.0014561586149649988,0.016043997196889807,0.40918584206901837,0.0,0.5799994698541769,0.010814688076804736,1.3522106609619407e-19
2019-08-29,0.0037747787361641777,0.13454982006382213,0.5437356621328405,5.558171196739324e-20,0.4511233788506358,0.005140959016523756,1.228055713193695e-20
2019-08-30,-0.00030091335351052357,0.45626433786715953,0.8,0.19999999999999998,8.021711042361364e-20,2.6020852139652106e-18,0.0
2019-09-03,-0.004419144809744324,0.0,0.8,0.19999999999999998,8.021711042361364e-20,2.6020852139652106e-18,0.0
2019-09-04,0.009350941800340526,0.002850472628992977,0.7971495273710071,0.20285047262899297,7.311943103722634e-20,0.0,3.499479001174194e-20
2019-09-05,0.006448095922361015,0.004065214582904014,0.7930843127881031,0.20691568721189701,1.866608718212362e-20,0.0,3.553272509758054e-20
2019-09-06,0.0020405477272601663,0.006915687211897031,0.8,0.1999999999999999,0.0,2.853926957720941e-20,0.0
2019-09-09,-0.0032437352096053936,0.005112054772823518,0.7948879452271765,0.20511205477282343,3.555875355197983e-20,0.0,0.0
2019-09-10,-0.003693353482907692,0.005112054772823435,0.8,0.20000000000000007,0.0,2.792122222232367e-20,4.687381053821696e-21
2019-09-11,0.006365264829697143,0.5152130331771877,0.4847869668228124,0.0,0.5085855525565685,0.006627480620619163,0.0
2019-09-12,0.002451161625941246,0.07544235061415203,0.4093446162086604,1.4037312915633007e-19,0.5816013323852188,0.00905405140612085,5.710390968894334e-20
2019-09-13,-0.005133843878936962,0.0030751896252524686,0.40626942658340787,1.5846793384966823e-19,0.5846274137812908,0.00910315963530127,0.0
2019-09-16,0.004731819890849554,0.0,0.40626942658340787,1.5846793384966823e-19,0.5846274137812908,0.00910315963530127,0.0
2019-09-17,0.001803872879018778,0.0,0.40626942658340787,1.5846793384966823e-19,0.5846274137812908,0.00910315963530127,0.0
2019-09-18,-0.003572244556461838,0.0,0.40626942658340787,1.5846793384966823e-19,0.5846274137812908,0.00910315963530127,0.0
2019-09-19,0.0023973578829415924,0.002118811815724115,0.40838823839913196,1.5760743848643692e-19,0.5833584166126913,0.008253344988176654,2.674698775983817e-20
2019-09-20,0.004972796118779243,8.413408858487514e-17,0.408388238399132,1.5760743848643694e-19,0.5833584166126914,0.008253344988176656,2.6746987759838173e-20
2019-09-23,0.0031755499410849168,1.1188966420050406e-16,0.4083882383991319,1.5760743848643692e-19,0.5833584166126913,0.008253344988176654,2.6746987759838167e-20
2019-09-24,-0.0003298586879090879,8.413408858487514e-17,0.40838823839913196,1.5760743848643694e-19,0.5833584166126914,0.008253344988176656,2.674698775983817e-20
2019-09-25,-0.008472374723830858,0.0,0.40838823839913196,1.5760743848643694e-19,0.5833584166126914,0.008253344988176656,2.674698775983817e-20
2019-09-26,-0.0010199029109070944,0.0023836657980104456,0.41077190419714243,3.029980199912012e-19,0.581925787960908,0.007302307841949632,0.0
2019-09-27,-0.005295541912367628,0.0,0.41077190419714243,3.029980199912012e-19,0.581925787960908,0.007302307841949632,0.0
2019-09-30,-0.007329971744378974,0.0,0.41077190419714243,3.029980199912012e-19,0.581925787960908,0.007302307841949632,0.0
2019-10-01,-0.001797858160625268,0.0,0.41077190419714243,3.029980199912012e-19,0.581925787960908,0.007302307841949632,0.0
2019-10-02,-0.0005999553057535207,0.0,0.41077190419714243,3.029980199912012e-19,0.581925787960908,0.007302307841949632,0.0
2019-10-03,0.005986035576615851,0.002268897971882903,0.41304080216902533,0.0,0.5806590545569343,0.006300143274040378,0.0
2019-10-04,0.0056527134633763245,0.0,0.41304080216902533,0.0,0.5806590545569343,0.006300143274040378,0.0
2019-10-07,-0.006733512755608993,0.0,0.41304080216902533,0.0,0.5806590545569343,0.006300143274040378,0.0
2019-10-08,-0.0014214712823588213,0.0,0.41304080216902533,0.0,0.5806590545569343,0.006300143274040378,0.0
2019-10-09,0.00451211819117951,0.0,0.41304080216902533,0.0,0.5806590545569343,0.006300143274040378,0.0
2019-10-10,-0.0021574715016424973,0.0019833612809534227,0.41502416344997867,7.886410201938956e-20,0.579704242814034,0.005271593735987218,1.0495716479020478e-19
2019-10-11,0.0011996998585122797,8.370040771588094e-17,0.4150241634499787,7.886410201938957e-20,0.5797042428140341,0.005271593735987219,1.0495716479020479e-19
2019-10-14,0.0017451771975315917,0.0,0.4150241634499787,7.886410201938957e-20,0.5797042428140341,0.005271593735987219,1.0495716479020479e-19
2019-10-15,1.1535719136898689e-05,0.0,0.4150241634499787,7.886410201938957e-20,0.5797042428140341,0.005271593735987219,1.0495716479020479e-19
2019-10-16,0.0026933477491851198,0.0,0.4150241634499787,7.886410201938957e-20,0.5797042428140341,0.005271593735987219,1.0495716479020479e-19
2019-10-17,0.002108590103496503,0.0021687768279108092,0.41719294027788956,9.138941271363002e-20,0.5784965001383475,0.004310559583763009,0.0
2019-10-18,-0.002466153723913847,0.0,0.41719294027788956,9.138941271363002e-20,0.5784965001383475,0.004310559583763009,0.0
2019-10-21,6.484977565881946e-05,0.0,0.41719294027788956,9.138941271363002e-20,0.5784965001383475,0.004310559583763009,0.0
2019-10-22,0.00038388524767352214,0.0,0.41719294027788956,9.138941271363002e-20,0.5784965001383475,0.004310559583763009,0.0
2019-10-23,0.0026932904239810513,0.0,0.41719294027788956,9.138941271363002e-20,0.5784965001383475,0.004310559583763009,0.0
2019-10-24,0.0048157328590208515,0.0022544914140827576,0.4194474316919723,4.5391829716239186e-20,0.5771292122415802,0.0034233560664475534,0.0
2019-10-25,0.0030924234576847,0.0,0.4194474316919723,4.5391829716239186e-20,0.5771292122415802,0.0034233560664475534,0.0
2019-10-28,-0.0026510741430790675,0.0,0.4194474316919723,4.5391829716239186e-20,0.5771292122415802,0.0034233560664475534,0.0
2019-10-29,-0.0017453209778761506,0.0,0.4194474316919723,4.5391829716239186e-20,0.5771292122415802,0.0034233560664475534,0.0
2019-10-30,0.0044224561199668845,0.0,0.4194474316919723,4.5391829716239186e-20,0.5771292122415802,0.0034233560664475534,0.0
2019-10-31,0.004593303827931219,0.0025283743273383933,0.4219758060193107,0.0,0.575517044527108,0.0025071494535814027,5.4337036712069134e-21
2019-11-01,0.004520982577190277,0.0,0.4219758060193107,0.0,0.575517044527108,0.0025071494535814027,5.4337036712069134e-21
2019-11-04,6.593908387586787e-05,0.0,0.4219758060193107,0.0,0.575517044527108,0.0025071494535814027,5.4337036712069134e-21
2019-11-05,-0.009753091304361262,0.0,0.4219758060193107,0.0,0.575517044527108,0.0025071494535814027,5.4337036712069134e-21
2019-11-06,0.002540077688879267,0.0,0.4219758060193107,0.0,0.575517044527108,0.0025071494535814027,5.4337036712069134e-21
2019-11-07,-0.007399644665811432,0.002793135388969836,0.4247689414082804,0.0,0.5735961316518834,0.0016349269398360348,0.0
2019-11-08,-0.0025879430170837174,8.337514706413529e-17,0.4247689414082805,0.0,0.5735961316518835,0.001634926939836035,0.0
2019-11-11,-0.0022024951499978423,0.0,0.4247689414082805,0.0,0.5735961316518835,0.001634926939836035,0.0
2019-11-12,0.002437959214069142,0.005917240731061261,0.4306861821393417,0.0,0.5677824929550612,0.0015313249055969925,0.0
2019-11-13,0.0023251249258004055,0.025714543720646667,0.4564007258599884,1.0725187713968242e-18,0.543082426676694,0.0005168474633175862,1.330734763364418e-18
2019-11-14,0.0028377683459016754,0.04059627654310959,0.496997002403098,9.023015117325216e-19,0.503002997596902,2.5870763906695764e-18,4.868971398036026e-19
2019-11-15,0.002259544553367105,0.0068251418407599415,0.490171860562338,0.0,0.5098281394376619,0.0,0.0
2019-11-18,0.0018160385156651448,0.025877670514751455,0.5160495310770895,3.9216471785572395e-19,0.4839504689229105,2.8206901700147403e-19,2.20179427224429e-19
2019-11-19,0.0014942726465828786,0.4839504689229105,0.7932389839235804,0.2067610160764196,3.4104668096789884e-17,0.0,0.0
2019-11-20,-0.0005848053970360762,0.01603523071027692,0.7772037532133035,0.22279624678669652,0.0,1.2789325384585282e-19,5.999405367341579e-20
2019-11-21,-0.0026791121433671653,0.007298508087822259,0.7699052451254812,0.23009475487451875,0.0,5.98324924141756e-20,2.0317277311662237e-19
2019-11-22,0.0020087973805755664,0.0,0.7699052451254812,0.23009475487451875,0.0,5.98324924141756e-20,2.0317277311662237e-19
2019-11-25,0.006641222366586267,0.0,0.7699052451254812,0.23009475487451875,0.0,5.98324924141756e-20,2.0317277311662237e-19
2019-11-26,0.0030888441741532993,0.0,0.7699052451254812,0.23009475487451875,0.0,5.98324924141756e-20,2.0317277311662237e-19
2019-11-27,0.002763771091076241,0.0,0.7699052451254812,0.23009475487451875,0.0,5.98324924141756e-20,2.0317277311662237e-19
2019-11-29,-0.0033426072789390837,0.0021693415144919542,0.7677359036109893,0.23226409638901077,3.4759874380784674e-20,0.0,9.208614695192177e-20
2019-12-02,-0.009618543515401262,0.0,0.7677359036109893,0.23226409638901077,3.4759874380784674e-20,0.0,9.208614695192177e-20
2019-12-03,-0.0002789784659948764,0.0,0.7677359036109893,0.23226409638901077,3.4759874380784674e-20,0.0,9.208614695192177e-20
2019-12-04,0.0024179734687188284,0.0,0.7677359036109893,0.23226409638901077,3.4759874380784674e-20,0.0,9.208614695192177e-20
2019-12-05,0.0002505908205523244,0.0,0.7677359036109893,0.23226409638901077,3.4759874380784674e-20,0.0,9.208614695192177e-20
2019-12-06,0.005697859882130594,0.0020012790190138963,0.7657346245919754,0.23426537540802464,0.0,0.0,0.0
2019-12-09,-0.001899994614545188,0.0,0.7657346245919754,0.23426537540802464,0.0,0.0,0.0
2019-12-10,-0.0008368573058875036,0.0,0.7657346245919754,0.23426537540802464,0.0,0.0,0.0
2019-12-11,0.00401545831813443,0.0,0.7657346245919754,0.23426537540802464,0.0,0.0,0.0
2019-12-12,0.0027443411297332805,0.0,0.7657346245919754,0.23426537540802464,0.0,0.0,0.0
2019-12-13,0.00316850262482137,0.0,0.7657346245919754,0.23426537540802464,0.0,0.0,0.0
2019-12-16,0.003154826067130706,0.0,0.7657346245919754,0.23426537540802464,0.0,0.0,0.0
2019-12-17,-0.00015540254808759027,0.0,0.7657346245919754,0.23426537540802464,0.0,0.0,0.0
2019-12-18,-0.001875824595568799,0.0,0.7657346245919754,0.23426537540802464,0.0,0.0,0.0
2019-12-19,0.00351349291638833,0.0,0.7657346245919754,0.23426537540802464,0.0,0.0,0.0
2019-12-20,0.003655509757291128,0.003428925618103304,0.762305698973872,0.23769430102612787,6.259565003216791e-20,2.2253310720657338e-21,0.0
2019-12-23,0.0008170339571295062,6.938893903907228e-17,0.7623056989738721,0.2376943010261279,6.259565003216793e-20,2.225331072065734e-21,0.0
2019-12-24,0.0007029712644721338,0.0,0.7623056989738721,0.2376943010261279,6.259565003216793e-20,2.225331072065734e-21,0.0
2019-12-26,0.00463094862794806,0.0,0.7623056989738721,0.2376943010261279,6.259565003216793e-20,2.225331072065734e-21,0.0
2019-12-27,7.138373907954065e-05,0.0,0.7623056989738721,0.2376943010261279,6.259565003216793e-20,2.225331072065734e-21,0.0
2019-12-30,-0.00506821520506676,0.0,0.7623056989738721,0.2376943010261279,6.259565003216793e-20,2.225331072065734e-21,0.0
2019-12-31,-0.0004762627081693119,0.0,0.7623056989738721,0.2376943010261279,6.259565003216793e-20,2.225331072065734e-21,0.0
2020-01-02,0.008226491712197257,0.5616021680806118,0.4383978319193882,0.0,0.5616021680806118,1.8666855077874826e-17,1.6322184553393154e-18
2020-01-03,0.004131874261284099,0.0,0.4383978319193882,0.0,0.5616021680806118,1.8666855077874826e-17,1.6322184553393154e-18
2020-01-06,0.0075634477357397,0.0,0.4383978319193882,0.0,0.5616021680806118,1.8666855077874826e-17,1.6322184553393154e-18
2020-01-07,0.0009634004045758905,0.0020704815748043386,0.4404683134941926,0.0,0.5595316865058075,0.0,0.0
2020-01-08,-0.001849752295422932,0.0,0.4404683134941926,0.0,0.5595316865058075,0.0,0.0
2020-01-09,-0.00017583540157812877,0.0,0.4404683134941926,0.0,0.5595316865058075,0.0,0.0
2020-01-10,0.0021044011253119384,0.0,0.4404683134941926,0.0,0.5595316865058075,0.0,0.0
2020-01-13,-0.00112212355384363,0.0,0.4404683134941926,0.0,0.5595316865058075,0.0,0.0
2020-01-14,-0.001171807224978087,0.0021124261805832156,0.44258073967477574,0.0,0.5574192603252243,0.0,1.8682895121866527e-19
2020-01-15,0.004252208159069072,0.0,0.44258073967477574,0.0,0.5574192603252243,0.0,1.8682895121866527e-19
2020-01-16,0.0028068285808821444,0.0,0.44258073967477574,0.0,0.5574192603252243,0.0,1.8682895121866527e-19
2020-01-17,0.002406155467789106,0.0,0.44258073967477574,0.0,0.5574192603252243,0.0,1.8682895121866527e-19
2020-01-21,-0.00025804800552077663,0.0,0.44258073967477574,0.0,0.5574192603252243,0.0,1.8682895121866527e-19
2020-01-22,0.0002428250028776831,0.0021058418892196396,0.44468658156399543,3.107829477486282e-20,0.5553134184360047,3.3806730755302216e-20,0.0
2020-01-23,0.0017582705882607404,0.0,0.44468658156399543,3.107829477486282e-20,0.5553134184360047,3.3806730755302216e-20,0.0
2020-01-24,-0.0007084784277122899,0.0,0.44468658156399543,3.107829477486282e-20,0.5553134184360047,3.3806730755302216e-20,0.0
2020-01-27,-0.003337892776999338,0.0,0.44468658156399543,3.107829477486282e-20,0.5553134184360047,3.3806730755302216e-20,0.0
2020-01-28,-0.0002972312472020827,0.0,0.44468658156399543,3.107829477486282e-20,0.5553134184360047,3.3806730755302216e-20,0.0
2020-01-29,0.002628628365780121,0.002029655143568204,0.4467162367075636,1.067232166688933e-19,0.5532837632924364,0.0,1.5301692348652055e-19
2020-01-30,0.001487032991161889,0.0,0.4467162367075636,1.067232166688933e-19,0.5532837632924364,0.0,1.5301692348652055e-19
2020-01-31,-0.004906587931114367,0.0,0.4467162367075636,1.067232166688933e-19,0.5532837632924364,0.0,1.5301692348652055e-19
2020-02-03,-0.00027554749394246187,0.0,0.4467162367075636,1.067232166688933e-19,0.5532837632924364,0.0,1.5301692348652055e-19
2020-02-04,-0.00038901233066710773,0.0,0.4467162367075636,1.067232166688933e-19,0.5532837632924364,0.0,1.5301692348652055e-19
2020-02-05,0.005859613384302294,0.0020238846973052727,0.44874012140486885,1.4091844488271257e-19,0.5512598785951311,3.44886530212168e-20,2.766067347079561e-20
2020-02-06,0.004480408401795715,0.0,0.44874012140486885,1.4091844488271257e-19,0.5512598785951311,3.44886530212168e-20,2.766067347079561e-20
2020-02-07,-0.0009330083984075517,0.0,0.44874012140486885,1.4091844488271257e-19,0.5512598785951311,3.44886530212168e-20,2.766067347079561e-20
2020-02-10,0.00476731533359903,0.0,0.44874012140486885,1.4091844488271257e-19,0.5512598785951311,3.44886530212168e-20,2.766067347079561e-20
2020-02-11,-0.0011196518345533357,0.0,0.44874012140486885,1.4091844488271257e-19,0.5512598785951311,3.44886530212168e-20,2.766067347079561e-20
2020-02-12,0.0024577717658116043,0.0020267343934636806,0.45076685579833253,0.0,0.5492331442016675,0.0,0.0
2020-02-13,0.0026460136787625982,0.0,0.45076685579833253,0.0,0.5492331442016675,0.0,0.0
2020-02-14,0.003017273391653506,0.0,0.45076685579833253,0.0,0.5492331442016675,0.0,0.0
2020-02-18,0.005878813568194743,0.0,0.45076685579833253,0.0,0.5492331442016675,0.0,0.0
2020-02-19,0.00535792237112732,0.0,0.45076685579833253,0.0,0.5492331442016675,0.0,0.0
2020-02-20,0.0003754787728640576,0.00197010232800357,0.45273695812633613,9.944259011811641e-21,0.5472630418736639,0.0,2.850867128777749e-20
2020-02-21,0.0035602758589053604,0.0,0.45273695812633613,9.944259011811641e-21,0.5472630418736639,0.0,2.850867128777749e-20
2020-02-24,-0.01009792362653081,0.0,0.45273695812633613,9.944259011811641e-21,0.5472630418736639,0.0,2.850867128777749e-20
2020-02-25,-0.023472779391114886,0.0022543131954093076,0.45048264493092677,0.0,0.5495173550690732,0.0,4.4404040091100137e-20
2020-02-26,0.0008237723881346955,0.009832401101655702,0.4406502438292711,2.6184541169459834e-20,0.5593497561707289,2.1173646999643575e-19,2.931007287647891e-19
2020-02-27,-0.020302278064850705,0.013764725847837195,0.4544149696771083,0.0,0.5455850303228917,0.0,9.75727320970868e-21
2020-02-28,-0.007068386093591086,0.7157015352375218,0.07367669004171856,0.12891487175779723,0.2106217747207597,1.3925388057664387e-18,0.5867866634797246
2020-03-02,0.00030963701503640504,0.0,0.07367669004171856,0.12891487175779723,0.2106217747207597,1.3925388057664387e-18,0.5867866634797246
2020-03-03,0.0040668340677324066,0.0,0.07367669004171856,0.12891487175779723,0.2106217747207597,1.3925388057664387e-18,0.5867866634797246
2020-03-04,0.004106975704274086,0.0,0.07367669004171856,0.12891487175779723,0.2106217747207597,1.3925388057664387e-18,0.5867866634797246
2020-03-05,0.0009050173215773157,0.0019721763921717603,0.07386963654811377,0.1306941016435737,0.21038440419896576,7.523615550029259e-20,0.5850518576093467
2020-03-06,0.0023073186683728866,0.0,0.07386963654811377,0.1306941016435737,0.21038440419896576,7.523615550029259e-20,0.5850518576093467
2020-03-09,-0.008174951801076549,0.0,0.07386963654811377,0.1306941016435737,0.21038440419896576,7.523615550029259e-20,0.5850518576093467
2020-03-10,0.0013208286369065698,0.0,0.07386963654811377,0.1306941016435737,0.21038440419896576,7.523615550029259e-20,0.5850518576093467
2020-03-11,-0.008263259838798751,0.0,0.07386963654811377,0.1306941016435737,0.21038440419896576,7.523615550029259e-20,0.5850518576093467
2020-03-12,-0.00839059820486954,0.002021001421423585,0.0738346286290551,0.13271510306499734,0.21033692070158747,2.9671537897871934e-19,0.5831133476043602
2020-03-13,0.018947646388687234,0.0,0.0738346286290551,0.13271510306499734,0.21033692070158747,2.9671537897871934e-19,0.5831133476043602
2020-03-16,-0.020591887955238256,0.0,0.0738346286290551,0.13271510306499734,0.21033692070158747,2.9671537897871934e-19,0.5831133476043602
2020-03-17,0.008306474031396935,0.0,0.0738346286290551,0.13271510306499734,0.21033692070158747,2.9671537897871934e-19,0.5831133476043602
2020-03-18,-0.006570701523651439,0.0,0.0738346286290551,0.13271510306499734,0.21033692070158747,2.9671537897871934e-19,0.5831133476043602
2020-03-19,0.013631498496365147,0.0008480880544063861,0.07346371002570186,0.1335631911194037,0.2100064299593059,4.705426142245093e-19,0.5829666688955886
2020-03-20,0.008366378624471626,0.0,0.07346371002570186,0.1335631911194037,0.2100064299593059,4.705426142245093e-19,0.5829666688955886
2020-03-23,0.012071252525259455,0.0,0.07346371002570186,0.1335631911194037,0.2100064299593059,4.705426142245093e-19,0.5829666688955886
2020-03-24,0.007691817008883838,0.0,0.07346371002570186,0.1335631911194037,0.2100064299593059,4.705426142245093e-19,0.5829666688955886
2020-03-25,-0.00756019449643172,0.0,0.07346371002570186,0.1335631911194037,0.2100064299593059,4.705426142245093e-19,0.5829666688955886
2020-03-26,-0.001716864060200626,0.0016470294717274988,0.07334593292329607,0.13521022059113122,0.20940467467136606,1.676699894551375e-19,0.5820391718142067
2020-03-27,-0.004679673000775413,0.0,0.07334593292329607,0.13521022059113122,0.20940467467136606,1.676699894551375e-19,0.5820391718142067
2020-03-30,0.0048037964926457765,0.0,0.07334593292329607,0.13521022059113122,0.20940467467136606,1.676699894551375e-19,0.5820391718142067
2020-03-31,-0.00929317441098991,0.0,0.07334593292329607,0.13521022059113122,0.20940467467136606,1.676699894551375e-19,0.5820391718142067
2020-04-01,0.004261501952661737,0.0,0.07334593292329607,0.13521022059113122,0.20940467467136606,1.676699894551375e-19,0.5820391718142067
2020-04-02,0.008993614567080423,0.0018203767186183092,0.07326192393198258,0.1370305973097495,0.20866400896978907,0.0,0.5810434697884789
2020-04-03,0.003508867546449034,0.0,0.07326192393198258,0.1370305973097495,0.20866400896978907,0.0,0.5810434697884789
2020-04-06,0.01055789626041894,0.0,0.07326192393198258,0.1370305973097495,0.20866400896978907,0.0,0.5810434697884789
2020-04-07,-0.0077984252677555385,0.0,0.07326192393198258,0.1370305973097495,0.20866400896978907,0.0,0.5810434697884789
2020-04-08,0.0017514834511268016,0.0,0.07326192393198258,0.1370305973097495,0.20866400896978907,0.0,0.5810434697884789
2020-04-09,0.0025331316331287414,0.0015574795322717344,0.0734299572048601,0.13842004356914375,0.20812713157681836,2.1886782295473353e-19,0.5800228676491779
2020-04-13,0.0007723472363378929,0.0,0.0734299572048601,0.13842004356914375,0.20812713157681836,2.1886782295473353e-19,0.5800228676491779
2020-04-14,0.0005363799811937387,0.0,0.0734299572048601,0.13842004356914375,0.20812713157681836,2.1886782295473353e-19,0.5800228676491779
2020-04-15,0.005379448728817095,0.0,0.0734299572048601,0.13842004356914375,0.20812713157681836,2.1886782295473353e-19,0.5800228676491779
2020-04-16,0.004327925546174284,0.0,0.0734299572048601,0.13842004356914375,0.20812713157681836,2.1886782295473353e-19,0.5800228676491779
2020-04-17,-0.0054145110118604435,0.0015221828110167995,0.07357193672544152,0.13980024685957912,0.20762088762932146,0.0,0.579006928785658
2020-04-20,0.0032373190674149345,0.0,0.07357193672544152,0.13980024685957912,0.20762088762932146,0.0,0.579006928785658
2020-04-21,-0.0010359949614194932,0.0,0.07357193672544152,0.13980024685957912,0.20762088762932146,0.0,0.579006928785658
2020-04-22,0.005995414297206725,0.0,0.07357193672544152,0.13980024685957912,0.20762088762932146,0.0,0.579006928785658
2020-04-23,0.0030163173202253845,0.0,0.07357193672544152,0.13980024685957912,0.20762088762932146,0.0,0.579006928785658
2020-04-24,-0.0008025174997532802,0.001347833108372415,0.07385601680467083,0.14086399988872225,0.2076056819884225,4.613557121086307e-19,0.5776743013181845
2020-04-27,-0.004423972719743581,0.0,0.07385601680467083,0.14086399988872225,0.2076056819884225,4.613557121086307e-19,0.5776743013181845
2020-04-28,-0.00028276807888879293,0.0,0.07385601680467083,0.14086399988872225,0.2076056819884225,4.613557121086307e-19,0.5776743013181845
2020-04-29,3.864124122011838e-06,0.0,0.07385601680467083,0.14086399988872225,0.2076056819884225,4.613557121086307e-19,0.5776743013181845
2020-04-30,-0.009736234022205456,0.0,0.07385601680467083,0.14086399988872225,0.2076056819884225,4.613557121086307e-19,0.5776743013181845
2020-05-01,0.0011743371902136692,0.0011529154805245134,0.07417149685696672,0.14170143531695084,0.2071499415095604,2.5521164975926334e-19,0.5769771263165221
2020-05-04,0.0034909761670418034,0.0,0.07417149685696672,0.14170143531695084,0.2071499415095604,2.5521164975926334e-19,0.5769771263165221
2020-05-05,0.0010846535122451407,0.0,0.07417149685696672,0.14170143531695084,0.2071499415095604,2.5521164975926334e-19,0.5769771263165221
2020-05-06,-0.00267310076292923,0.0,0.07417149685696672,0.14170143531695084,0.2071499415095604,2.5521164975926334e-19,0.5769771263165221
2020-05-07,0.004740230746160142,0.0,0.07417149685696672,0.14170143531695084,0.2071499415095604,2.5521164975926334e-19,0.5769771263165221
2020-05-08,-0.002076339801501893,0.0009689258482015046,0.07447800455905235,0.1423133184897352,0.20720047648289192,4.707489890044692e-19,0.5760082004683206
2020-05-11,-0.00025627658840125496,0.0,0.07447800455905235,0.1423133184897352,0.20720047648289192,4.707489890044692e-19,0.5760082004683206
2020-05-12,-0.0002793855144499856,0.0,0.07447800455905235,0.1423133184897352,0.20720047648289192,4.707489890044692e-19,0.5760082004683206
2020-05-13,0.002735771742966302,0.0,0.07447800455905235,0.1423133184897352,0.20720047648289192,4.707489890044692e-19,0.5760082004683206
2020-05-14,0.004754892874551323,0.0,0.07447800455905235,0.1423133184897352,0.20720047648289192,4.707489890044692e-19,0.5760082004683206
2020-05-15,0.001566993032594853,0.0008870726399850539,0.07471860182156956,0.14295979386720306,0.20685553173293883,0.0,0.5754660725782886
2020-05-18,-0.007085329218591195,0.0,0.07471860182156956,0.14295979386720306,0.20685553173293883,0.0,0.5754660725782886
2020-05-19,0.0013367119142971757,0.0,0.07471860182156956,0.14295979386720306,0.20685553173293883,0.0,0.5754660725782886
2020-05-20,0.0002659898103139246,0.0,0.07471860182156956,0.14295979386720306,0.20685553173293883,0.0,0.5754660725782886
2020-05-21,-0.0018881586000523897,0.0,0.07471860182156956,0.14295979386720306,0.20685553173293883,0.0,0.5754660725782886
2020-05-22,0.003937804048347343,0.0008470326653477814,0.07507556948828027,0.1433651915941355,0.20694019900464344,0.0,0.5746190399129408
2020-05-26,-0.008197113034189527,0.0,0.07507556948828027,0.1433651915941355,0.20694019900464344,0.0,0.5746190399129408
2020-05-27,0.0010121917216870248,0.0,0.07507556948828027,0.1433651915941355,0.20694019900464344,0.0,0.5746190399129408
2020-05-28,-0.0029767719007678115,0.0,0.07507556948828027,0.1433651915941355,0.20694019900464344,0.0,0.5746190399129408
2020-05-29,0.0020183130383564806,0.0,0.07507556948828027,0.1433651915941355,0.20694019900464344,0.0,0.5746190399129408
2020-06-01,-0.002948075868386628,0.0010134750554027724,0.07551578679656493,0.14393844934125363,0.20671097662903812,0.0,0.5738347872331434
2020-06-02,-0.0018877359492389012,0.0,0.07551578679656493,0.14393844934125363,0.20671097662903812,0.0,0.5738347872331434
2020-06-03,-0.008198057903539367,0.0,0.07551578679656493,0.14393844934125363,0.20671097662903812,0.0,0.5738347872331434
2020-06-04,-0.002291724967754296,0.0,0.07551578679656493,0.14393844934125363,0.20671097662903812,0.0,0.5738347872331434
2020-06-05,-0.0021843198395468553,0.0,0.07551578679656493,0.14393844934125363,0.20671097662903812,0.0,0.5738347872331434
2020-06-08,0.0021755684398071847,0.0005365631852343178,0.07605234998179922,0.1437815245393435,0.20657328229099756,0.0,0.5735928431878597
2020-06-09,0.0013024137971659247,0.0,0.07605234998179922,0.1437815245393435,0.20657328229099756,0.0,0.5735928431878597
2020-06-10,0.0018052474192701414,0.0,0.07605234998179922,0.1437815245393435,0.20657328229099756,0.0,0.5735928431878597
2020-06-11,0.0025945666440130967,0.0,0.07605234998179922,0.1437815245393435,0.20657328229099756,0.0,0.5735928431878597
2020-06-12,0.0013501171269014347,0.0,0.07605234998179922,0.1437815245393435,0.20657328229099756,0.0,0.5735928431878597
2020-06-15,-0.0019712524458060272,0.0012719836393805806,0.07651861026479723,0.1445707754277069,0.20658975475901678,0.0,0.5723208595484792
2020-06-16,0.0009050843371299596,0.0,0.07651861026479723,0.1445707754277069,0.20658975475901678,0.0,0.5723208595484792
2020-06-17,0.0011100746675272702,0.0,0.07651861026479723,0.1445707754277069,0.20658975475901678,0.0,0.5723208595484792
2020-06-18,0.0033337096204522137,0.0,0.07651861026479723,0.1445707754277069,0.20658975475901678,0.0,0.5723208595484792
2020-06-19,0.002609432726488877,0.0,0.07651861026479723,0.1445707754277069,0.20658975475901678,0.0,0.5723208595484792
2020-06-22,-0.0011900454548933125,0.00045099453578844467,0.07696960480058558,0.14448377083183617,0.20649114095109916,2.495664267163522e-19,0.572055483416479
2020-06-23,-0.000856561526911374,0.0,0.07696960480058558,0.14448377083183617,0.20649114095109916,2.495664267163522e-19,0.572055483416479
2020-06-24,0.0014918677954245075,0.0,0.07696960480058558,0.14448377083183617,0.20649114095109916,2.495664267163522e-19,0.572055483416479
2020-06-25,0.001988341742354866,0.0,0.07696960480058558,0.14448377083183617,0.20649114095109916,2.495664267163522e-19,0.572055483416479
2020-06-26,0.0015096029240399675,0.0,0.07696960480058558,0.14448377083183617,0.20649114095109916,2.495664267163522e-19,0.572055483416479
2020-06-29,0.0010075963069459072,0.0014726822839902232,0.07737097941624409,0.14548973090064424,0.2065564885506228,0.0,0.5705828011324888
2020-06-30,0.00033588904713865975,0.0,0.07737097941624409,0.14548973090064424,0.2065564885506228,0.0,0.5705828011324888
2020-07-01,-0.0019668903976518435,0.0,0.07737097941624409,0.14548973090064424,0.2065564885506228,0.0,0.5705828011324888
2020-07-02,0.0014606682078823702,0.0009409240595251239,0.07783350179256274,0.14587691076465562,0.20664771036981797,3.726111036004133e-19,0.5696418770729638
2020-07-06,-0.0011929245573564212,0.0,0.07783350179256274,0.14587691076465562,0.20664771036981797,3.726111036004133e-19,0.5696418770729638
2020-07-07,0.0038592164350178307,0.001026497752492618,0.07832507700358958,0.14641183330612142,0.20663230783032774,6.020996970756275e-20,0.5686307818599614
2020-07-08,-0.0017407400853854044,0.0,0.07832507700358958,0.14641183330612142,0.20663230783032774,6.020996970756275e-20,0.5686307818599614
2020-07-09,0.003290281979998607,0.0,0.07832507700358958,0.14641183330612142,0.20663230783032774,6.020996970756275e-20,0.5686307818599614
2020-07-10,-0.0013417162972351928,0.0,0.07832507700358958,0.14641183330612142,0.20663230783032774,6.020996970756275e-20,0.5686307818599614
2020-07-13,-0.0008088094563093993,0.0,0.07832507700358958,0.14641183330612142,0.20663230783032774,6.020996970756275e-20,0.5686307818599614
2020-07-14,0.0011079617443481556,0.0011579747418419897,0.07878912244105146,0.14706878436452667,0.2066692860763025,4.857584077937696e-20,0.5674728071181193
2020-07-15,-0.001307005654676112,0.0,0.07878912244105146,0.14706878436452667,0.2066692860763025,4.857584077937696e-20,0.5674728071181193
2020-07-16,0.00045370012366665637,0.0,0.07878912244105146,0.14706878436452667,0.2066692860763025,4.857584077937696e-20,0.5674728071181193
2020-07-17,0.0033209454762637373,0.44677128048794135,0.23194397109609904,0.2104696409658109,0.43688486130791215,6.604906574571467e-19,0.12070152663017801
2020-07-20,0.0063682885170064235,0.3311711675959888,0.4747044715572578,6.938893903907228e-18,0.5252955284427422,1.2729747032580413e-17,7.54150844425196e-18
2020-07-21,0.007324212221489298,0.001618332199194369,0.47632280375645214,1.0337140046864323e-20,0.5236771962435478,0.0,0.0
2020-07-22,0.010672301125962229,0.0,0.47632280375645214,1.0337140046864323e-20,0.5236771962435478,0.0,0.0
2020-07-23,-0.0010617448657064456,0.0,0.47632280375645214,1.0337140046864323e-20,0.5236771962435478,0.0,0.0
2020-07-24,0.0014250164655987114,0.0,0.47632280375645214,1.0337140046864323e-20,0.5236771962435478,0.0,0.0
2020-07-27,0.013818150510264126,0.0,0.47632280375645214,1.0337140046864323e-20,0.5236771962435478,0.0,0.0
2020-07-28,0.00134699818525479,0.0,0.47632280375645214,1.0337140046864323e-20,0.5236771962435478,0.0,0.0
2020-07-29,0.00979098002882752,0.0,0.47632280375645214,1.0337140046864323e-20,0.5236771962435478,0.0,0.0
2020-07-30,-0.005574678499085338,0.0,0.47632280375645214,1.0337140046864323e-20,0.5236771962435478,0.0,0.0
2020-07-31,0.008523119383748754,0.0,0.47632280375645214,1.0337140046864323e-20,0.5236771962435478,0.0,0.0
2020-08-03,0.0039045770160982076,0.0,0.47632280375645214,1.0337140046864323e-20,0.5236771962435478,0.0,0.0
2020-08-04,0.01295877034050999,0.0013606787517823904,0.47768348250823456,2.4285519201578135e-21,0.5223165174917654,5.75894540109461e-21,2.6215844463185995e-20
2020-08-05,0.007815600815227792,0.0,0.47768348250823456,2.4285519201578135e-21,0.5223165174917654,5.75894540109461e-21,2.6215844463185995e-20
2020-08-06,0.010126360686324231,0.0,0.47768348250823456,2.4285519201578135e-21,0.5223165174917654,5.75894540109461e-21,2.6215844463185995e-20
2020-08-07,-0.00795412819124542,0.0,0.47768348250823456,2.4285519201578135e-21,0.5223165174917654,5.75894540109461e-21,2.6215844463185995e-20
2020-08-10,-0.0003790484827791078,0.0,0.47768348250823456,2.4285519201578135e-21,0.5223165174917654,5.75894540109461e-21,2.6215844463185995e-20
2020-08-11,-0.031988526526763345,0.0,0.47768348250823456,2.4285519201578135e-21,0.5223165174917654,5.75894540109461e-21,2.6215844463185995e-20
2020-08-12,0.0022182732906036997,0.09187915224163365,0.39189518394803785,0.09187915224163368,0.5162256638103285,0.0,1.4310341233366137e-20
2020-08-13,0.011455822316447786,0.09187915224163362,0.478344702001762,2.264553852809553e-19,0.521655297998238,0.0,0.0
2020-08-14,-0.0022336775516793713,0.0,0.478344702001762,2.264553852809553e-19,0.521655297998238,0.0,0.0
2020-08-17,0.01283620379432414,0.0,0.478344702001762,2.264553852809553e-19,0.521655297998238,0.0,0.0
2020-08-18,0.005729255772027211,0.0015280324221449326,0.47842502235748036,0.0014477120664265568,0.520127265576093,9.741134211376223e-21,1.966599196044368e-20
2020-08-19,-0.01841910563954777,0.0,0.47842502235748036,0.0014477120664265568,0.520127265576093,9.741134211376223e-21,1.966599196044368e-20
2020-08-20,0.005098793416540504,0.0,0.47842502235748036,0.0014477120664265568,0.520127265576093,9.741134211376223e-21,1.966599196044368e-20
2020-08-21,-0.002460922950314518,0.0,0.47842502235748036,0.0014477120664265568,0.520127265576093,9.741134211376223e-21,1.966599196044368e-20
2020-08-24,0.0019025056465192779,0.0,0.47842502235748036,0.0014477120664265568,0.520127265576093,9.741134211376223e-21,1.966599196044368e-20
2020-08-25,0.002258145168490753,0.003925475154809187,0.47740198992753186,0.005373187221235809,0.5172248228512324,2.07412025016499e-19,1.1812714880069307e-19
2020-08-26,0.010873585514124139,0.0,0.47740198992753186,0.005373187221235809,0.5172248228512324,2.07412025016499e-19,1.1812714880069307e-19
2020-08-27,-0.005027860958136032,0.0,0.47740198992753186,0.005373187221235809,0.5172248228512324,2.07412025016499e-19,1.1812714880069307e-19
2020-08-28,0.012069311921061572,0.0,0.47740198992753186,0.005373187221235809,0.5172248228512324,2.07412025016499e-19,1.1812714880069307e-19
2020-08-31,-0.0004594039651216026,0.0,0.47740198992753186,0.005373187221235809,0.5172248228512324,2.07412025016499e-19,1.1812714880069307e-19
2020-09-01,0.005206088178773181,0.003767399515213609,0.4766636771582848,0.009140586736449373,0.5141957361052658,0.0,0.0
2020-09-02,0.0002292465590493577,0.0,0.4766636771582848,0.009140586736449373,0.5141957361052658,0.0,0.0
2020-09-03,-0.02054534156403136,0.0,0.4766636771582848,0.009140586736449373,0.5141957361052658,0.0,0.0
2020-09-04,-0.002645906270050154,0.0,0.4766636771582848,0.009140586736449373,0.5141957361052658,0.0,0.0
2020-09-08,-0.013958495870048744,0.0,0.4766636771582848,0.009140586736449373,0.5141957361052658,0.0,0.0
2020-09-09,0.014301028812892346,0.004776018256963183,0.47468140216110427,0.013916604993412574,0.5114019928454832,0.0,0.0
2020-09-10,-0.009847042270514493,0.0013456844722435782,0.47602708663334786,0.012914115263953333,0.5110587981026988,0.0,0.0
2020-09-11,0.00024175902740588317,0.0,0.47602708663334786,0.012914115263953333,0.5110587981026988,0.0,0.0
2020-09-14,0.010302692060458002,0.0,0.47602708663334786,0.012914115263953333,0.5110587981026988,0.0,0.0
2020-09-15,0.0011507325296302262,0.0,0.47602708663334786,0.012914115263953333,0.5110587981026988,0.0,0.0
2020-09-16,-0.0004935923636871843,0.00384178720222626,0.47489509203373254,0.016755902466179577,0.5083490055000879,4.775601274506584e-20,6.376291739704309e-20
2020-09-17,-0.006916460467980781,0.0,0.47489509203373254,0.016755902466179577,0.5083490055000879,4.775601274506584e-20,6.376291739704309e-20
2020-09-18,-0.004852677345042847,0.0,0.47489509203373254,0.016755902466179577,0.5083490055000879,4.775601274506584e-20,6.376291739704309e-20
2020-09-21,-0.015411680640697385,0.0,0.47489509203373254,0.016755902466179577,0.5083490055000879,4.775601274506584e-20,6.376291739704309e-20
2020-09-22,0.002359605457642271,0.0,0.47489509203373254,0.016755902466179577,0.5083490055000879,4.775601274506584e-20,6.376291739704309e-20
2020-09-23,-0.021884455148337742,0.003856136362413099,0.4740116365614349,0.020612038828592666,0.5053763246099724,0.0,0.0
2020-09-24,0.003221704099470077,0.0,0.4740116365614349,0.020612038828592666,0.5053763246099724,0.0,0.0
2020-09-25,0.006222978196129988,0.0,0.4740116365614349,0.020612038828592666,0.5053763246099724,0.0,0.0
2020-09-28,0.012898810699666944,0.0,0.4740116365614349,0.020612038828592666,0.5053763246099724,0.0,0.0
2020-09-29,0.0017036869672796917,0.0,0.4740116365614349,0.020612038828592666,0.5053763246099724,0.0,0.0
2020-09-30,0.00033632622917777525,0.003825163649707756,0.47314115647756905,0.02443720247830048,0.5024216410441306,0.0,0.0
2020-10-01,0.007559718341714126,0.0,0.47314115647756905,0.02443720247830048,0.5024216410441306,0.0,0.0
2020-10-02,-0.0050333552416018295,0.0,0.47314115647756905,0.02443720247830048,0.5024216410441306,0.0,0.0
2020-10-05,0.010360941198187623,0.0,0.47314115647756905,0.02443720247830048,0.5024216410441306,0.0,0.0
2020-10-06,-0.012503242071044505,0.0,0.47314115647756905,0.02443720247830048,0.5024216410441306,0.0,0.0
2020-10-07,0.007790978235124046,0.003726848521622198,0.47233399901408335,0.028164050999922627,0.499501949985994,0.0,0.0
2020-10-08,0.0061137986074861605,0.0,0.47233399901408335,0.028164050999922627,0.499501949985994,0.0,0.0
2020-10-09,0.013284463258496602,0.0,0.47233399901408335,0.028164050999922627,0.499501949985994,0.0,0.0
2020-10-12,0.00625395276186798,0.0,0.47233399901408335,0.028164050999922627,0.499501949985994,0.0,0.0
2020-10-13,-0.010737439373418797,0.0,0.47233399901408335,0.028164050999922627,0.499501949985994,0.0,0.0
2020-10-14,-0.00135392504065468,0.0036709127847988805,0.4716317377186337,0.031834963784721525,0.4965332984966448,1.5094170080134656e-19,2.1053255385153744e-19
2020-10-15,0.0011725479995644927,0.0,0.4716317377186337,0.031834963784721525,0.4965332984966448,1.5094170080134656e-19,2.1053255385153744e-19
2020-10-16,-0.002094042721796304,0.0,0.4716317377186337,0.031834963784721525,0.4965332984966448,1.5094170080134656e-19,2.1053255385153744e-19
2020-10-19,-0.007040136579941283,0.0,0.4716317377186337,0.031834963784721525,0.4965332984966448,1.5094170080134656e-19,2.1053255385153744e-19
2020-10-20,0.003979890761780528,0.0,0.4716317377186337,0.031834963784721525,0.4965332984966448,1.5094170080134656e-19,2.1053255385153744e-19
2020-10-21,0.002704525292300795,0.0035931907859046396,0.47088443188183554,0.03542815457062616,0.4936874135475383,0.0,0.0
2020-10-22,-0.0026238533801452263,0.0,0.47088443188183554,0.03542815457062616,0.4936874135475383,0.0,0.0
2020-10-23,0.0012907511671753724,0.0,0.47088443188183554,0.03542815457062616,0.4936874135475383,0.0,0.0
2020-10-26,-0.008621133241186197,0.0,0.47088443188183554,0.03542815457062616,0.4936874135475383,0.0,0.0
2020-10-27,-8.587352597753408e-05,0.0,0.47088443188183554,0.03542815457062616,0.4936874135475383,0.0,0.0
2020-10-28,-0.023955045928963192,0.0036054895250580213,0.4700883239163043,0.03903364409568419,0.49087803198801155,0.0,0.0
2020-10-29,0.0003028739920336971,0.10953140641096165,0.3686119133687832,0.14856505050664584,0.482823036124571,0.0,3.3794098769556995e-20
2020-10-30,-0.003049489138231846,0.10953630691351202,0.4702740826015158,0.039028743593133824,0.4906971738053504,0.0,5.0651708380517964e-21
2020-11-02,0.010325725299316548,0.0,0.4702740826015158,0.039028743593133824,0.4906971738053504,0.0,5.0651708380517964e-21
2020-11-03,0.010862171868187383,0.0,0.4702740826015158,0.039028743593133824,0.4906971738053504,0.0,5.0651708380517964e-21
2020-11-04,0.011138693999860434,0.003547616377046439,0.4692748117332753,0.04257635997018028,0.4881488282965445,0.0,0.0
2020-11-05,0.020445768447557414,0.0,0.4692748117332753,0.04257635997018028,0.4881488282965445,0.0,0.0
2020-11-06,7.223502814881252e-05,0.0,0.4692748117332753,0.04257635997018028,0.4881488282965445,0.0,0.0
2020-11-09,-0.016608773159171673,0.0,0.4692748117332753,0.04257635997018028,0.4881488282965445,0.0,0.0
2020-11-10,-0.00035263853827709874,0.4374630133901992,0.1736013413578632,0.21594956611584692,0.34635928528175736,2.102275352078954e-18,0.26408980724453257
2020-11-11,0.0015504528357780784,0.4340252492351956,0.468893437388733,0.046014124125183964,0.48509243848608313,0.0,2.6572320228841622e-17
2020-11-12,-0.0008256452906011233,0.0,0.468893437388733,0.046014124125183964,0.48509243848608313,0.0,2.6572320228841622e-17
2020-11-13,0.009738762848020478,0.0,0.468893437388733,0.046014124125183964,0.48509243848608313,0.0,2.6572320228841622e-17
2020-11-16,0.005715020128149739,0.0,0.468893437388733,0.046014124125183964,0.48509243848608313,0.0,2.6572320228841622e-17
2020-11-17,-0.004001249518697786,0.0,0.468893437388733,0.046014124125183964,0.48509243848608313,0.0,2.6572320228841622e-17
2020-11-18,-0.008250197339719524,0.0035124019151575657,0.46806288127448775,0.04952652604034151,0.48241059268517084,0.0,0.0
2020-11-19,0.0013184810928697195,0.0,0.46806288127448775,0.04952652604034151,0.48241059268517084,0.0,0.0
2020-11-20,-0.001306224934648881,0.0,0.46806288127448775,0.04952652604034151,0.48241059268517084,0.0,0.0
2020-11-23,-0.006921780036215512,0.0,0.46806288127448775,0.04952652604034151,0.48241059268517084,0.0,0.0
2020-11-24,-0.00034508568826516466,0.0,0.46806288127448775,0.04952652604034151,0.48241059268517084,0.0,0.0
2020-11-25,-0.0011104037078552816,0.0035287925024708004,0.46754227336896514,0.05305531854281232,0.47940240808822265,0.0,0.0
2020-11-27,-0.003047388158552459,0.0,0.46754227336896514,0.05305531854281232,0.47940240808822265,0.0,0.0
2020-11-30,-0.00533617688476844,0.0,0.46754227336896514,0.05305531854281232,0.47940240808822265,0.0,0.0
2020-12-01,0.014427603778381811,0.0,0.46754227336896514,0.05305531854281232,0.47940240808822265,0.0,0.0
2020-12-02,0.00416817105943207,0.0,0.46754227336896514,0.05305531854281232,0.47940240808822265,0.0,0.0
2020-12-03,0.004079448699715728,0.003389853649348098,0.46707053528231657,0.05644517219216039,0.4764842925255231,2.955698963659318e-20,1.0575298335472655e-20
2020-12-04,0.0018462384556690475,0.0,0.46707053528231657,0.05644517219216039,0.4764842925255231,2.955698963659318e-20,1.0575298335472655e-20
2020-12-07,0.00665576323135708,0.0,0.46707053528231657,0.05644517219216039,0.4764842925255231,2.955698963659318e-20,1.0575298335472655e-20
2020-12-08,0.0032953867068934934,0.0,0.46707053528231657,0.05644517219216039,0.4764842925255231,2.955698963659318e-20,1.0575298335472655e-20
2020-12-09,-0.012520797677892204,0.0,0.46707053528231657,0.05644517219216039,0.4764842925255231,2.955698963659318e-20,1.0575298335472655e-20
2020-12-10,-0.0005283574342571601,0.003368570737956888,0.46656911523510414,0.05981374293011723,0.4736171418347786,0.0,7.057360045306363e-21
2020-12-11,0.0005448404962155536,0.0,0.46656911523510414,0.05981374293011723,0.4736171418347786,0.0,7.057360045306363e-21
2020-12-14,-0.004863158427655336,0.0,0.46656911523510414,0.05981374293011723,0.4736171418347786,0.0,7.057360045306363e-21
2020-12-15,0.012733920949844364,0.0,0.46656911523510414,0.05981374293011723,0.4736171418347786,0.0,7.057360045306363e-21
2020-12-16,0.003186948397781245,0.0,0.46656911523510414,0.05981374293011723,0.4736171418347786,0.0,7.057360045306363e-21
2020-12-17,0.007392058280895295,0.0033146461382199087,0.46607468196840823,0.06312838906833719,0.47079692896325465,5.679440560550183e-20,0.0
2020-12-18,-0.0028492819792846546,0.0,0.46607468196840823,0.06312838906833719,0.47079692896325465,5.679440560550183e-20,0.0
2020-12-21,-0.002910330889549017,0.0,0.46607468196840823,0.06312838906833719,0.47079692896325465,5.679440560550183e-20,0.0
2020-12-22,-0.004180451092556854,0.0,0.46607468196840823,0.06312838906833719,0.47079692896325465,5.679440560550183e-20,0.0
2020-12-23,0.0031124440538233085,0.0,0.46607468196840823,0.06312838906833719,0.47079692896325465,5.679440560550183e-20,0.0
2020-12-24,0.003939196056187947,0.0032674597799579527,0.46557392599561703,0.06639584884829514,0.4680302251560879,8.702332920725386e-21,5.3307846160584767e-20
2020-12-28,0.002330630663895245,0.0,0.46557392599561703,0.06639584884829514,0.4680302251560879,8.702332920725386e-21,5.3307846160584767e-20
2020-12-29,0.0007322258622930539,0.0,0.46557392599561703,0.06639584884829514,0.4680302251560879,8.702332920725386e-21,5.3307846160584767e-20
2020-12-30,0.004390736098750408,0.0,0.46557392599561703,0.06639584884829514,0.4680302251560879,8.702332920725386e-21,5.3307846160584767e-20
2020-12-31,0.004192901401849575,0.00321563674467433,0.46508710669465064,0.06961148559296945,0.46530140771237993,0.0,9.865692164629913e-21
2021-01-04,0.003883905667493222,0.0031792536328565588,0.4646082123811653,0.07279073922582598,0.4626010483930087,1.094048353940787e-19,1.9260155307506334e-19
2021-01-05,0.004029398865577943,0.0,0.4646082123811653,0.07279073922582598,0.4626010483930087,1.094048353940787e-19,1.9260155307506334e-19
2021-01-06,-0.006229743864089645,0.0,0.4646082123811653,0.07279073922582598,0.4626010483930087,1.094048353940787e-19,1.9260155307506334e-19
2021-01-07,0.0051812300961095546,0.0,0.4646082123811653,0.07279073922582598,0.4626010483930087,1.094048353940787e-19,1.9260155307506334e-19
2021-01-08,-0.013413130043987283,0.0,0.4646082123811653,0.07279073922582598,0.4626010483930087,1.094048353940787e-19,1.9260155307506334e-19
2021-01-11,-0.004157090989702269,0.0030691677428317105,0.46429224541643715,0.07585990696865773,0.45984784761490516,2.8317504195838805e-21,0.0
2021-01-12,0.003014857506162722,0.0,0.46429224541643715,0.07585990696865773,0.45984784761490516,2.8317504195838805e-21,0.0
2021-01-13,0.00012393676170227455,0.0,0.46429224541643715,0.07585990696865773,0.45984784761490516,2.8317504195838805e-21,0.0
2021-01-14,-0.0025753496053170797,0.0,0.46429224541643715,0.07585990696865773,0.45984784761490516,2.8317504195838805e-21,0.0
2021-01-15,-0.008790508958093536,0.0,0.46429224541643715,0.07585990696865773,0.45984784761490516,2.8317504195838805e-21,0.0
2021-01-19,0.007770811370178372,0.003079578269639602,0.4639413965650556,0.07893948523829726,0.457119118196647,0.0,8.290986137909091e-20
2021-01-20,0.013940950220841708,0.0,0.4639413965650556,0.07893948523829726,0.457119118196647,0.0,8.290986137909091e-20
2021-01-21,-0.00041758360423197117,0.0,0.4639413965650556,0.07893948523829726,0.457119118196647,0.0,8.290986137909091e-20
2021-01-22,-0.004985638595065514,0.0,0.4639413965650556,0.07893948523829726,0.457119118196647,0.0,8.290986137909091e-20
2021-01-25,0.003154259077119423,0.0,0.4639413965650556,0.07893948523829726,0.457119118196647,0.0,8.290986137909091e-20
2021-01-26,-0.00200095945582693,0.003037368160118313,0.463622031047072,0.08197685339841565,0.4544011155545124,0.0,0.0
2021-01-27,-0.014001614810458862,0.0,0.463622031047072,0.08197685339841565,0.4544011155545124,0.0,0.0
2021-01-28,0.003955510139916078,0.0,0.463622031047072,0.08197685339841565,0.4544011155545124,0.0,0.0
2021-01-29,-0.009958818329189836,0.0,0.463622031047072,0.08197685339841565,0.4544011155545124,0.0,0.0
2021-02-01,0.012076937405694484,0.0,0.463622031047072,0.08197685339841565,0.4544011155545124,0.0,0.0
2021-02-02,0.0005051626748553822,0.003010090985077117,0.46323582966249,0.08498694438349273,0.45177722595401726,5.33184149572026e-20,0.0
2021-02-03,-0.0010724075307838273,0.0,0.46323582966249,0.08498694438349273,0.45177722595401726,5.33184149572026e-20,0.0
2021-02-04,-0.004689013781109974,0.0,0.46323582966249,0.08498694438349273,0.45177722595401726,5.33184149572026e-20,0.0
2021-02-05,0.005571575725349326,0.0,0.46323582966249,0.08498694438349273,0.45177722595401726,5.33184149572026e-20,0.0
2021-02-08,0.008268066262710596,0.0,0.46323582966249,0.08498694438349273,0.45177722595401726,5.33184149572026e-20,0.0
2021-02-09,0.0012230073044013166,0.0029062185948246014,0.46302529516593904,0.08789316297831734,0.4490815418557436,0.0,4.3569963136452235e-20
2021-02-10,0.0020271835778762513,0.0,0.46302529516593904,0.08789316297831734,0.4490815418557436,0.0,4.3569963136452235e-20
2021-02-11,-0.003633662622921475,0.0,0.46302529516593904,0.08789316297831734,0.4490815418557436,0.0,4.3569963136452235e-20
2021-02-12,-0.00016829941638360003,0.0,0.46302529516593904,0.08789316297831734,0.4490815418557436,0.0,4.3569963136452235e-20
2021-02-16,-0.008185171603868455,0.0,0.46302529516593904,0.08789316297831734,0.4490815418557436,0.0,4.3569963136452235e-20
2021-02-17,-0.004385643594781777,0.002825560300906013,0.4628749097216912,0.09071872327922334,0.4464063669990854,0.0,0.0
2021-02-18,-0.0023639283364637292,0.0,0.4628749097216912,0.09071872327922334,0.4464063669990854,0.0,0.0
2021-02-19,-0.00017141522249853572,0.0,0.4628749097216912,0.09071872327922334,0.4464063669990854,0.0,0.0
2021-02-22,0.0024318288263839418,0.0,0.4628749097216912,0.09071872327922334,0.4464063669990854,0.0,0.0
2021-02-23,-0.0007264614627756254,0.0,0.4628749097216912,0.09071872327922334,0.4464063669990854,0.0,0.0
2021-02-24,0.00417068458233825,0.002745085228337496,0.4627067003990672,0.09346380850756084,0.44382949109337194,0.0,0.0
2021-02-25,-0.02102693161126397,0.0,0.4627067003990672,0.09346380850756084,0.44382949109337194,0.0,0.0
2021-02-26,-0.010027520335473498,0.0,0.4627067003990672,0.09346380850756084,0.44382949109337194,0.0,0.0
2021-03-01,0.009213724881604653,0.0,0.4627067003990672,0.09346380850756084,0.44382949109337194,0.0,0.0
2021-03-02,-0.0011860173323987456,0.0,0.4627067003990672,0.09346380850756084,0.44382949109337194,0.0,0.0
2021-03-03,-0.012033506637461317,0.002798476345013713,0.4625835687577071,0.09626228485257458,0.44115414638971834,0.0,0.0
2021-03-04,-0.010684646916872561,0.0,0.4625835687577071,0.09626228485257458,0.44115414638971834,0.0,0.0
2021-03-05,0.008974665534820637,0.0,0.4625835687577071,0.09626228485257458,0.44115414638971834,0.0,0.0
2021-03-08,-0.0076256050978533475,0.0,0.4625835687577071,0.09626228485257458,0.44115414638971834,0.0,0.0
2021-03-09,0.017322439015976836,0.0,0.4625835687577071,0.09626228485257458,0.44115414638971834,0.0,0.0
2021-03-10,0.005312755494581683,0.0027671808711237367,0.46248540182357883,0.09902946572369829,0.43848513245272286,0.0,9.017050556108107e-21
2021-03-11,0.0035951279259349217,0.0,0.46248540182357883,0.09902946572369829,0.43848513245272286,0.0,9.017050556108107e-21
2021-03-12,-0.0015600969753581675,0.0,0.46248540182357883,0.09902946572369829,0.43848513245272286,0.0,9.017050556108107e-21
2021-03-15,0.005268166848096821,0.0,0.46248540182357883,0.09902946572369829,0.43848513245272286,0.0,9.017050556108107e-21
2021-03-16,-0.0005758269830211009,0.0,0.46248540182357883,0.09902946572369829,0.43848513245272286,0.0,9.017050556108107e-21
2021-03-17,0.003930568070595782,0.0026264025349598055,0.46247266406134163,0.10165586825865813,0.4358714676800003,0.0,0.0
2021-03-18,-0.01029075705422808,1.556375892917966e-05,0.4624805137361451,0.1016635823427838,0.4358559039210711,0.0,1.0711734320727512e-19
2021-03-19,0.0015977211628841717,0.0,0.4624805137361451,0.1016635823427838,0.4358559039210711,0.0,1.0711734320727512e-19
2021-03-22,0.004191241176084443,0.0,0.4624805137361451,0.1016635823427838,0.4358559039210711,0.0,1.0711734320727512e-19
2021-03-23,-0.005904427818748125,0.0,0.4624805137361451,0.1016635823427838,0.4358559039210711,0.0,1.0711734320727512e-19
2021-03-24,-0.00028956033638426453,0.0026428710266350047,0.4623858836387166,0.10430645336941885,0.4333076629918647,4.016559417079493e-20,2.9385569784535692e-21
2021-03-25,0.00020428544858447535,0.0,0.4623858836387166,0.10430645336941885,0.4333076629918647,4.016559417079493e-20,2.9385569784535692e-21
2021-03-26,0.008318351315147621,0.0,0.4623858836387166,0.10430645336941885,0.4333076629918647,4.016559417079493e-20,2.9385569784535692e-21
2021-03-29,-0.006273768625028393,0.0,0.4623858836387166,0.10430645336941885,0.4333076629918647,4.016559417079493e-20,2.9385569784535692e-21
2021-03-30,-0.008086058588728857,0.0,0.4623858836387166,0.10430645336941885,0.4333076629918647,4.016559417079493e-20,2.9385569784535692e-21
2021-03-31,0.007810013157265075,0.002634201816150407,0.4623981586440661,0.10692838018021968,0.4306734611757142,9.439647456807296e-20,0.0
2021-04-01,0.012206811192265755,0.0,0.4623981586440661,0.10692838018021968,0.4306734611757142,9.439647456807296e-20,0.0
2021-04-05,0.006010679082165774,0.0,0.4623981586440661,0.10692838018021968,0.4306734611757142,9.439647456807296e-20,0.0
2021-04-06,0.003911060827478957,0.0,0.4623981586440661,0.10692838018021968,0.4306734611757142,9.439647456807296e-20,0.0
2021-04-07,-0.0014233753535960467,0.0,0.4623981586440661,0.10692838018021968,0.4306734611757142,9.439647456807296e-20,0.0
2021-04-08,0.0077018165743330215,0.0025536616309892873,0.4624209178007309,0.10945928265454423,0.428119799544725,0.0,0.0
2021-04-09,-0.00026164028671669135,0.0,0.4624209178007309,0.10945928265454423,0.428119799544725,0.0,0.0
2021-04-12,-0.002475110440610286,0.0,0.4624209178007309,0.10945928265454423,0.428119799544725,0.0,0.0
2021-04-13,0.005224622449809901,0.0,0.4624209178007309,0.10945928265454423,0.428119799544725,0.0,0.0
2021-04-14,-0.0037869622822509336,0.0,0.4624209178007309,0.10945928265454423,0.428119799544725,0.0,0.0
2021-04-15,0.01372012954761559,0.0025529955541751595,0.4624608171042114,0.11197237890523881,0.42556680399054975,7.409672744666757e-20,0.0
2021-04-16,0.0032497475487659362,0.0,0.4624608171042114,0.11197237890523881,0.42556680399054975,7.409672744666757e-20,0.0
2021-04-19,-0.003770469379347288,0.0,0.4624608171042114,0.11197237890523881,0.42556680399054975,7.409672744666757e-20,0.0
2021-04-20,-0.0013562618189699133,0.0,0.4624608171042114,0.11197237890523881,0.42556680399054975,7.409672744666757e-20,0.0
2021-04-21,0.008818453286425611,0.0,0.4624608171042114,0.11197237890523881,0.42556680399054975,7.409672744666757e-20,0.0
2021-04-22,-0.006467414208841759,0.002457849974058776,0.46245982385959594,0.11443022887929763,0.42310994726110646,1.0356855974942348e-20,0.0
2021-04-23,0.0031240108774224446,0.0,0.46245982385959594,0.11443022887929763,0.42310994726110646,1.0356855974942348e-20,0.0
2021-04-26,0.0019209062972050904,0.0,0.46245982385959594,0.11443022887929763,0.42310994726110646,1.0356855974942348e-20,0.0
2021-04-27,-0.0021628936211212065,0.0,0.46245982385959594,0.11443022887929763,0.42310994726110646,1.0356855974942348e-20,0.0
2021-04-28,0.0011870824220602014,0.0,0.46245982385959594,0.11443022887929763,0.42310994726110646,1.0356855974942348e-20,0.0
2021-04-29,0.0008629688958070503,0.002445117106269705,0.4624891308649521,0.11684603898021119,0.42066483015483674,0.0,0.0
2021-04-30,-0.004185637435799332,0.0,0.4624891308649521,0.11684603898021119,0.42066483015483674,0.0,0.0
2021-05-03,0.006527163232265851,0.0,0.4624891308649521,0.11684603898021119,0.42066483015483674,0.0,0.0
2021-05-04,-0.005143684435445985,0.0,0.4624891308649521,0.11684603898021119,0.42066483015483674,0.0,0.0
2021-05-05,0.0020797185759346437,0.0,0.4624891308649521,0.11684603898021119,0.42066483015483674,0.0,0.0
2021-05-06,0.010865960483976268,0.0024163233047350755,0.4624840004532707,0.11926236228494627,0.41825363726178305,0.0,1.845633231827149e-20
2021-05-07,0.006540711656072549,0.0,0.4624840004532707,0.11926236228494627,0.41825363726178305,0.0,1.845633231827149e-20
2021-05-10,-0.004519972438059069,0.0,0.4624840004532707,0.11926236228494627,0.41825363726178305,0.0,1.845633231827149e-20
2021-05-11,-0.004729591939278733,0.0,0.4624840004532707,0.11926236228494627,0.41825363726178305,0.0,1.845633231827149e-20
2021-05-12,-0.015233627161055292,0.0,0.4624840004532707,0.11926236228494627,0.41825363726178305,0.0,1.845633231827149e-20
2021-05-13,0.0074517890997316885,0.0023122844796315337,0.46241927838174435,0.12157464676457778,0.41600607485367785,1.2992005804714e-20,9.104065474804478e-20
2021-05-14,0.012029729336229306,0.0,0.46241927838174435,0.12157464676457778,0.41600607485367785,1.2992005804714e-20,9.104065474804478e-20
2021-05-17,0.0034082190748710756,0.0,0.46241927838174435,0.12157464676457778,0.41600607485367785,1.2992005804714e-20,9.104065474804478e-20
2021-05-18,-0.003485573586052745,0.0,0.46241927838174435,0.12157464676457778,0.41600607485367785,1.2992005804714e-20,9.104065474804478e-20
2021-05-19,-0.0012211185688174517,0.0,0.46241927838174435,0.12157464676457778,0.41600607485367785,1.2992005804714e-20,9.104065474804478e-20
2021-05-20,0.007882734178522631,0.0022412674472143818,0.4623456292729569,0.12381591421179218,0.4138384565152509,0.0,8.51159952996332e-21
2021-05-21,0.00020668107268250328,0.0,0.4623456292729569,0.12381591421179218,0.4138384565152509,0.0,8.51159952996332e-21
2021-05-24,0.005900735088197549,0.0,0.4623456292729569,0.12381591421179218,0.4138384565152509,0.0,8.51159952996332e-21
2021-05-25,0.0038757321203422724,0.0,0.4623456292729569,0.12381591421179218,0.4138384565152509,0.0,8.51159952996332e-21
2021-05-26,-1.638234236803012e-05,0.0,0.4623456292729569,0.12381591421179218,0.4138384565152509,0.0,8.51159952996332e-21
2021-05-27,-0.0001020165519246514,0.002233365032608327,0.4622699303201848,0.1260492792444005,0.41168079043541467,0.0,0.0
2021-05-28,0.0021788336016627507,0.0,0.4622699303201848,0.1260492792444005,0.41168079043541467,0.0,0.0
2021-06-01,-0.0015433456452491909,0.0,0.4622699303201848,0.1260492792444005,0.41168079043541467,0.0,0.0
2021-06-02,0.003032244289560503,0.0,0.4622699303201848,0.1260492792444005,0.41168079043541467,0.0,0.0
2021-06-03,-0.010248789764197333,0.0,0.4622699303201848,0.1260492792444005,0.41168079043541467,0.0,0.0
2021-06-04,0.010399766356094632,0.0022090489605468555,0.46222482811917454,0.1282583282049474,0.40951684367587815,0.0,4.4850329324427827e-20
2021-06-07,0.0007985377513983905,0.0,0.46222482811917454,0.1282583282049474,0.40951684367587815,0.0,4.4850329324427827e-20
2021-06-08,-0.00026638637422192197,0.0,0.46222482811917454,0.1282583282049474,0.40951684367587815,0.0,4.4850329324427827e-20
2021-06-09,-0.0003425261654247712,0.0,0.46222482811917454,0.1282583282049474,0.40951684367587815,0.0,4.4850329324427827e-20
2021-06-10,0.004676452330866297,0.0,0.46222482811917454,0.1282583282049474,0.40951684367587815,0.0,4.4850329324427827e-20
2021-06-11,-0.004030528903988187,0.0022365659080215705,0.4621433069292869,0.1304948941129689,0.40736179895774416,0.0,0.0
2021-06-14,-0.0023523089018384685,0.0,0.4621433069292869,0.1304948941129689,0.40736179895774416,0.0,0.0
2021-06-15,-0.002543475908639032,0.0,0.4621433069292869,0.1304948941129689,0.40736179895774416,0.0,0.0
2021-06-16,-0.009572508411558794,0.0,0.4621433069292869,0.1304948941129689,0.40736179895774416,0.0,0.0
2021-06-17,-0.01072196722733066,0.0,0.4621433069292869,0.1304948941129689,0.40736179895774416,0.0,0.0
2021-06-18,-0.005983175305154636,0.002356102639353666,0.46215644474484674,0.13283785893676275,0.4050056963183905,0.0,0.0
2021-06-21,0.009352405050747128,0.0,0.46215644474484674,0.13283785893676275,0.4050056963183905,0.0,0.0
2021-06-22,0.0010971534380832372,0.0,0.46215644474484674,0.13283785893676275,0.4050056963183905,0.0,0.0
2021-06-23,-0.0011673073892756623,0.0,0.46215644474484674,0.13283785893676275,0.4050056963183905,0.0,0.0
2021-06-24,0.0027036189380391135,0.0,0.46215644474484674,0.13283785893676275,0.4050056963183905,0.0,0.0
2021-06-25,0.0015720173138229928,0.0023529594481586785,0.4621904263193722,0.13515683681039595,0.4026527368702318,2.6948492910622338e-20,1.2803626923351979e-20
2021-06-28,0.002297253853679392,0.0,0.4621904263193722,0.13515683681039595,0.4026527368702318,2.6948492910622338e-20,1.2803626923351979e-20
2021-06-29,-0.003755269734075337,0.0,0.4621904263193722,0.13515683681039595,0.4026527368702318,2.6948492910622338e-20,1.2803626923351979e-20
2021-06-30,0.0029451008123467033,0.0,0.4621904263193722,0.13515683681039595,0.4026527368702318,2.6948492910622338e-20,1.2803626923351979e-20
2021-07-01,0.0039522874112001396,0.0,0.4621904263193722,0.13515683681039595,0.4026527368702318,2.6948492910622338e-20,1.2803626923351979e-20
2021-07-02,0.007256721707068498,0.40265273687023184,0.7597224773302732,0.24027752266972682,0.0,0.0,0.0
2021-07-06,0.001432344176472721,0.0,0.7597224773302732,0.24027752266972682,0.0,0.0,0.0
2021-07-07,0.004813691321328795,0.0,0.7597224773302732,0.24027752266972682,0.0,0.0,0.0
2021-07-08,-0.0052489843813355854,0.0,0.7597224773302732,0.24027752266972682,0.0,0.0,0.0
2021-07-09,0.004730958883644579,0.0,0.7597224773302732,0.24027752266972682,0.0,0.0,0.0
2021-07-12,0.0024099092421911365,0.0,0.7597224773302732,0.24027752266972682,0.0,0.0,0.0
2021-07-13,-0.00442887685132685,0.0,0.7597224773302732,0.24027752266972682,0.0,0.0,0.0
2021-07-14,0.003863680798608521,0.0,0.7597224773302732,0.24027752266972682,0.0,0.0,0.0
2021-07-15,5.576879887418066e-05,0.0,0.7597224773302732,0.24027752266972682,0.0,0.0,0.0
2021-07-16,-0.006412433975751702,0.0,0.7597224773302732,0.24027752266972682,0.0,0.0,0.0
2021-07-19,-0.005868382674903606,0.0022397797294877453,0.7574826976007855,0.24251730239921457,0.0,0.0,8.251643353563996e-20
2021-07-20,-0.006592226034746621,0.7574826976007853,0.0,0.675179219025193,0.18969417950272385,2.831241880695761e-18,0.13512660147208322
2021-07-21,-0.008756491564521188,0.17033721688624354,0.0,0.608019395252919,0.08651678638875428,0.0,0.3054638183583268
2021-07-22,0.004002343008923181,0.7406901963389503,0.7406901963389503,0.2593098036610497,0.0,6.771305965447401e-19,0.0
2021-07-23,0.006170454225995312,0.016772815499536353,0.7574630118384866,0.24253698816151337,7.419844712105473e-21,1.357488853637276e-19,6.109204149996816e-20
2021-07-26,0.0011408424971169392,0.0,0.7574630118384866,0.24253698816151337,7.419844712105473e-21,1.357488853637276e-19,6.109204149996816e-20
2021-07-27,-0.0008640890957588689,0.0,0.7574630118384866,0.24253698816151337,7.419844712105473e-21,1.357488853637276e-19,6.109204149996816e-20
2021-07-28,-0.0002942137015610074,0.0,0.7574630118384866,0.24253698816151337,7.419844712105473e-21,1.357488853637276e-19,6.109204149996816e-20
2021-07-29,0.0017961716284532387,0.0,0.7574630118384866,0.24253698816151337,7.419844712105473e-21,1.357488853637276e-19,6.109204149996816e-20
2021-07-30,-0.002537691779929723,0.0,0.7574630118384866,0.24253698816151337,7.419844712105473e-21,1.357488853637276e-19,6.109204149996816e-20
2021-08-02,0.0005970533923338299,0.002086237815202341,0.7553767740232843,0.2446232259767157,0.0,0.0,1.1957378173055536e-19
2021-08-03,0.006275306064169799,0.0,0.7553767740232843,0.2446232259767157,0.0,0.0,1.1957378173055536e-19
2021-08-04,-0.0032126629128854285,0.0,0.7553767740232843,0.2446232259767157,0.0,0.0,1.1957378173055536e-19
2021-08-05,0.003536929088725408,0.0,0.7553767740232843,0.2446232259767157,0.0,0.0,1.1957378173055536e-19
2021-08-06,-0.0028372390055242673,0.0,0.7553767740232843,0.2446232259767157,0.0,0.0,1.1957378173055536e-19
2021-08-09,-0.0015903722704832188,0.03548886684377653,0.7198879071795078,0.28011209282049226,1.3308150592248807e-19,1.6178047683707652e-19,2.932115026642264e-19
2021-08-10,-0.00021423641605302864,0.0313812164439381,0.7512691236234459,0.24873087637655417,0.0,0.0,0.0
2021-08-11,0.001723088004679714,0.0029061830809520295,0.7541753067043979,0.24582469329560214,0.0,0.0,2.737737762494032e-20
2021-08-12,0.0018575979811392375,0.0,0.7541753067043979,0.24582469329560214,0.0,0.0,2.737737762494032e-20
2021-08-13,0.005255604739188114,0.0,0.7541753067043979,0.24582469329560214,0.0,0.0,2.737737762494032e-20
2021-08-16,0.0023717159331981337,0.0026041744490877816,0.7515711322553101,0.24842886774468992,1.0348558127159607e-19,3.782409925028334e-20,6.919437280396913e-20
2021-08-17,-0.005026899327960459,0.0,0.7515711322553101,0.24842886774468992,1.0348558127159607e-19,3.782409925028334e-20,6.919437280396913e-20
2021-08-18,-0.007391416505159934,0.0,0.7515711322553101,0.24842886774468992,1.0348558127159607e-19,3.782409925028334e-20,6.919437280396913e-20
2021-08-19,0.0029932635533352543,0.0,0.7515711322553101,0.24842886774468992,1.0348558127159607e-19,3.782409925028334e-20,6.919437280396913e-20
2021-08-20,0.006145472969397023,0.0,0.7515711322553101,0.24842886774468992,1.0348558127159607e-19,3.782409925028334e-20,6.919437280396913e-20
2021-08-23,0.006446345072231475,0.0,0.7515711322553101,0.24842886774468992,1.0348558127159607e-19,3.782409925028334e-20,6.919437280396913e-20
2021-08-24,-0.0010529105261897608,0.033524641705385216,0.7180464905499249,0.2819535094500751,3.1502634980068684e-21,0.0,0.0
2021-08-25,-0.0004853016662684257,0.03363142068637845,0.7516779112363033,0.24832208876369666,0.0,2.2681252530721432e-20,9.324426832191504e-20
2021-08-26,-0.0037495806423161393,0.0,0.7516779112363033,0.24832208876369666,0.0,2.2681252530721432e-20,9.324426832191504e-20
2021-08-27,0.008410101768436507,0.0,0.7516779112363033,0.24832208876369666,0.0,2.2681252530721432e-20,9.324426832191504e-20
2021-08-30,0.003953482540161849,0.0,0.7516779112363033,0.24832208876369666,0.0,2.2681252530721432e-20,9.324426832191504e-20
2021-08-31,-0.0028038449331578017,0.0,0.7516779112363033,0.24832208876369666,0.0,2.2681252530721432e-20,9.324426832191504e-20
2021-09-01,0.0008154894407293617,0.0,0.7516779112363033,0.24832208876369666,0.0,2.2681252530721432e-20,9.324426832191504e-20
2021-09-02,0.003396808204982213,0.0,0.7516779112363033,0.24832208876369666,0.0,2.2681252530721432e-20,9.324426832191504e-20
2021-09-03,-0.0024409348886217145,0.0,0.7516779112363033,0.24832208876369666,0.0,2.2681252530721432e-20,9.324426832191504e-20
2021-09-07,-0.004782500492020177,0.0,0.7516779112363033,0.24832208876369666,0.0,2.2681252530721432e-20,9.324426832191504e-20
2021-09-08,0.0007948472459118142,0.002555629113245611,0.7491222821230578,0.2508777178769423,1.5270458371224972e-20,0.0,2.926750544151287e-20
2021-09-09,-0.00017079378580817355,0.0,0.7491222821230578,0.2508777178769423,1.5270458371224972e-20,0.0,2.926750544151287e-20
2021-09-10,-0.008118143997313438,0.0,0.7491222821230578,0.2508777178769423,1.5270458371224972e-20,0.0,2.926750544151287e-20
2021-09-13,0.0034388055972219868,0.0,0.7491222821230578,0.2508777178769423,1.5270458371224972e-20,0.0,2.926750544151287e-20
2021-09-14,-0.0010011795438226037,0.0,0.7491222821230578,0.2508777178769423,1.5270458371224972e-20,0.0,2.926750544151287e-20
2021-09-15,0.005376953026342272,0.0,0.7491222821230578,0.2508777178769423,1.5270458371224972e-20,0.0,2.926750544151287e-20
2021-09-16,-0.0023370653674259856,0.0,0.7491222821230578,0.2508777178769423,1.5270458371224972e-20,0.0,2.926750544151287e-20
2021-09-17,-0.008502288349085866,0.0,0.7491222821230578,0.2508777178769423,1.5270458371224972e-20,0.0,2.926750544151287e-20
2021-09-20,-0.009379574907489861,0.0,0.7491222821230578,0.2508777178769423,1.5270458371224972e-20,0.0,2.926750544151287e-20
2021-09-21,-0.000909551031073453,0.17096827219217645,0.5781540099308813,0.4218459900691187,0.0,4.202560571805302e-20,1.910683028043254e-20
2021-09-22,0.008793974147269023,0.16832663944926785,0.7464806493801491,0.25351935061985087,0.0,0.0,0.0
2021-09-23,0.003341030291507831,0.0,0.7464806493801491,0.25351935061985087,0.0,0.0,0.0
2021-09-24,-0.0014436749341407654,0.017131581470610807,0.7293490679095384,0.2706509320904617,0.0,6.619690877268214e-21,0.0
2021-09-27,-0.0030664513401126707,0.018695596638115597,0.748044664547654,0.2519553354523461,0.0,1.6234392766805858e-19,2.48113702119486e-19
2021-09-28,-0.018999116018376283,0.0,0.748044664547654,0.2519553354523461,0.0,1.6234392766805858e-19,2.48113702119486e-19
2021-09-29,0.0023818652884449285,0.748044664547654,3.392943884980933e-17,0.6236154893923294,0.1194033502633436,0.0,0.25698116034432705
2021-09-30,0.0011021944236532955,0.039525125598947,0.0,0.611448545027777,0.09204516902894892,0.0,0.296506285943274
2021-10-01,0.005208260749294566,0.0723808705127083,7.334051511303623e-20,0.6333870899373807,0.14248749463205365,0.0,0.22412541543056577
2021-10-04,-0.009306252781569178,0.6531900918855317,0.6531900918855317,0.3468099081144684,2.807120732780629e-17,0.0,4.190315998201218e-18
2021-10-05,0.005301198796279837,0.09239926351109347,0.7455893553966251,0.25441064460337487,0.0,0.0,0.0
2021-10-06,0.004533786169443662,0.0,0.7455893553966251,0.25441064460337487,0.0,0.0,0.0
2021-10-07,0.003785489735189376,0.0,0.7455893553966251,0.25441064460337487,0.0,0.0,0.0
2021-10-08,-0.003140229541196743,0.0,0.7455893553966251,0.25441064460337487,0.0,0.0,0.0
2021-10-11,-0.0060433391448171895,0.0,0.7455893553966251,0.25441064460337487,0.0,0.0,0.0
2021-10-12,0.002514993136356435,0.0,0.7455893553966251,0.25441064460337487,0.0,0.0,0.0
2021-10-13,0.00515690801950065,0.0,0.7455893553966251,0.25441064460337487,0.0,0.0,0.0
2021-10-14,0.013486701716213542,0.0,0.7455893553966251,0.25441064460337487,0.0,0.0,0.0
2021-10-15,0.0041957195211487115,0.0,0.7455893553966251,0.25441064460337487,0.0,0.0,0.0
2021-10-18,0.0034001903126256628,0.0,0.7455893553966251,0.25441064460337487,0.0,0.0,0.0
2021-10-19,0.0022425780690771904,0.0,0.7455893553966251,0.25441064460337487,0.0,0.0,0.0
2021-10-20,0.001211262166535534,0.0,0.7455893553966251,0.25441064460337487,0.0,0.0,0.0
2021-10-21,0.0016415916635315676,0.0,0.7455893553966251,0.25441064460337487,0.0,0.0,0.0
2021-10-22,0.002029242343920588,0.0,0.7455893553966251,0.25441064460337487,0.0,0.0,0.0
2021-10-25,0.0036101530929775463,0.0,0.7455893553966251,0.25441064460337487,0.0,0.0,0.0
2021-10-26,0.0027748552940375384,0.0,0.7455893553966251,0.25441064460337487,0.0,0.0,0.0
2021-10-27,0.0013255837436198879,0.0,0.7455893553966251,0.25441064460337487,0.0,0.0,0.0
2021-10-28,0.006333087197985723,0.0,0.7455893553966251,0.25441064460337487,0.0,0.0,0.0
2021-10-29,0.0022905127090653535,0.0,0.7455893553966251,0.25441064460337487,0.0,0.0,0.0
2021-11-01,-0.000549110818003567,0.0,0.7455893553966251,0.25441064460337487,0.0,0.0,0.0
2021-11-02,0.0041435999105902685,0.0,0.7455893553966251,0.25441064460337487,0.0,0.0,0.0
2021-11-03,0.0019230439994838136,0.0,0.7455893553966251,0.25441064460337487,0.0,0.0,0.0
2021-11-04,0.006200850736470882,0.0023209773595103123,0.7432683780371148,0.2567316219628852,5.86204989045352e-20,0.0,0.0
2021-11-05,0.006418629258517748,0.0,0.7432683780371148,0.2567316219628852,5.86204989045352e-20,0.0,0.0
2021-11-08,0.0001530580723471229,0.0,0.7432683780371148,0.2567316219628852,5.86204989045352e-20,0.0,0.0
2021-11-09,0.0008853995838191591,0.0,0.7432683780371148,0.2567316219628852,5.86204989045352e-20,0.0,0.0
2021-11-10,-0.010673293337092757,0.0,0.7432683780371148,0.2567316219628852,5.86204989045352e-20,0.0,0.0
2021-11-11,-0.00045453137157717234,0.17358286130438697,0.5696855167327278,0.4303144832672722,2.7531982431429296e-18,0.0,2.7755899884106853e-18
2021-11-12,0.004481804035667784,0.17358734489534866,0.7432728616280765,0.2567271383719235,6.248844985779699e-19,8.046859174476298e-19,7.936792549489601e-19
2021-11-15,-0.0029691015451245744,0.0,0.7432728616280765,0.2567271383719235,6.248844985779699e-19,8.046859174476298e-19,7.936792549489601e-19
2021-11-16,0.0022887345145474482,0.0,0.7432728616280765,0.2567271383719235,6.248844985779699e-19,8.046859174476298e-19,7.936792549489601e-19
2021-11-17,0.00022898864758028894,0.0,0.7432728616280765,0.2567271383719235,6.248844985779699e-19,8.046859174476298e-19,7.936792549489601e-19
2021-11-18,0.0034899698841305044,0.0,0.7432728616280765,0.2567271383719235,6.248844985779699e-19,8.046859174476298e-19,7.936792549489601e-19
2021-11-19,0.0013813441094314924,0.0,0.7432728616280765,0.2567271383719235,6.248844985779699e-19,8.046859174476298e-19,7.936792549489601e-19
2021-11-22,-0.005103384025242902,0.0,0.7432728616280765,0.2567271383719235,6.248844985779699e-19,8.046859174476298e-19,7.936792549489601e-19
2021-11-23,-0.003701791813898898,0.061781126774026196,0.6814917348540503,0.31850826514594976,0.0,0.0,0.0
2021-11-24,0.007000913011277053,0.005060469305845305,0.676431265548205,0.323568734451795,0.0,0.0,2.856152836664871e-20
2021-11-26,-0.009877587878541195,0.06237467333336019,0.7388059388815652,0.26119406111843485,0.0,0.0,0.0
2021-11-29,-0.005081613163255188,0.7388059388815652,0.0,0.6485042627172761,0.16594037624255503,1.5546204704945878e-18,0.1855553610401688
2021-11-30,0.007880623650694881,0.0,0.0,0.6485042627172761,0.16594037624255503,1.5546204704945878e-18,0.1855553610401688
2021-12-01,0.005164638824197111,0.0021015326583234692,0.0,0.6481524891075596,0.16419061719394812,1.4503667841195324e-19,0.1876568936984923
2021-12-02,-2.810209187407368e-05,0.0,0.0,0.6481524891075596,0.16419061719394812,1.4503667841195324e-19,0.1876568936984923
2021-12-03,0.009042510740335036,0.0,0.0,0.6481524891075596,0.16419061719394812,1.4503667841195324e-19,0.1876568936984923
2021-12-06,-0.009015372556667265,0.0,0.0,0.6481524891075596,0.16419061719394812,1.4503667841195324e-19,0.1876568936984923
2021-12-07,-0.004570472530837089,0.0010040075249146824,0.0,0.6471484815826449,0.1649230089361341,0.0,0.187928509481221
2021-12-08,-0.011917262771925192,0.00310292951671344,0.0,0.6440455520659315,0.16760617799531746,0.0,0.1883482699387511
2021-12-09,0.0029079475515435046,0.02912224756281538,0.0,0.6201331505512576,0.19672842555813283,1.7619071224375343e-19,0.18313842389060958
2021-12-10,-0.0011452291154326973,0.03018654308999423,0.0,0.6444080741113111,0.16654188246813856,0.0,0.18905004342055032
2021-12-13,-0.001221729903690338,0.7168320087426356,0.4545515507076371,0.11662610878922591,0.42882234050313706,6.032259448770105e-18,0.0
2021-12-14,-0.007625383972131723,0.048940683469324585,0.5034922341769617,0.06851272793564057,0.4279950378873978,0.0,1.2793456249258564e-20
2021-12-15,0.009722318842020208,0.026864403818687627,0.5303085246714494,0.04164832411695292,0.42804315121159764,0.0,0.0
2021-12-16,0.0004789915076083193,0.004015752597955256,0.5343242772694047,0.03779784988448543,0.4278778728461099,0.0,0.0
2021-12-17,-0.006174479675011311,0.0,0.5343242772694047,0.03779784988448543,0.4278778728461099,0.0,0.0
2021-12-20,-0.0077250838581289505,0.014486059075132816,0.5198382181942719,0.05084404101154179,0.4293177407941864,0.0,0.0
2021-12-21,0.008339488199250898,0.024100565317799243,0.49573765287647265,0.07468564398426702,0.4295767031392604,6.396603385391126e-20,0.0
2021-12-22,0.009339263152146374,0.0017388064196886197,0.493998846456784,0.07469462190807107,0.43130653163514493,3.113331881660735e-20,0.0
2021-12-23,0.0038560593909642282,0.03180946477795894,0.5258083112347429,0.04431109153704995,0.4298805972282071,1.3149964359009883e-19,0.0
2021-12-27,0.008691979390236413,0.010709906585047835,0.5365182178197908,0.034436227065931434,0.42904555511427783,2.9624074276314153e-20,0.0
2021-12-28,-0.002424089383629849,0.0,0.5365182178197908,0.034436227065931434,0.42904555511427783,2.9624074276314153e-20,0.0
2021-12-29,0.00018292452154062725,0.0,0.5365182178197908,0.034436227065931434,0.42904555511427783,2.9624074276314153e-20,0.0
2021-12-30,0.0018545745897174276,0.004282124019676531,0.5390422845328404,0.030154103046254852,0.4308036124209047,0.0,4.350588575644946e-20
2021-12-31,0.0016427303488778205,0.003218027834425336,0.5408311475147288,0.026936075211829554,0.43223277727344167,1.0041076562111876e-19,4.4091817157875157e-20
2022-01-03,-0.0042249654080991385,0.0,0.5408311475147288,0.026936075211829554,0.43223277727344167,1.0041076562111876e-19,4.4091817157875157e-20
2022-01-04,0.0028899039206024546,0.001535313023540463,0.5392958344911883,0.028044900777949917,0.43265926473086175,0.0,8.54767686524612e-21
2022-01-05,-0.011831577383465021,0.0016013131103247667,0.5408971476015131,0.026583822763829604,0.43251902963465727,3.2057026435231144e-21,3.593525188659383e-20
2022-01-06,-0.005750226718132244,0.0034990694182736246,0.5373980781832395,0.028236360736012045,0.4343655610807485,3.400654665556934e-20,0.0
2022-01-07,-0.0003414599182168824,0.002937477184965516,0.540025147241336,0.025331209675936574,0.43433323495585835,0.0003104081268689264,8.045330589943574e-20
2022-01-10,0.0007008239566321339,0.0007465378323161755,0.5402259496730517,0.024839104402947208,0.43407880239653157,0.0008561435274694138,0.0
2022-01-11,0.010300722264843404,0.01192914236802849,0.5294283749844252,0.03676824677097576,0.4338033782445991,0.0,0.0
2022-01-12,0.0025088899727225633,0.010877876603768101,0.5395213992983661,0.02589037016720764,0.4344960568358387,9.217369858758718e-05,0.0
2022-01-13,-0.008815007029532208,0.006551323823512449,0.5423683443745493,0.01933904634369525,0.4349764676158547,0.0033161416659008985,5.430059251161865e-20
2022-01-14,-0.0016108948215792177,0.019840874262858934,0.5258436117775912,0.03765743586406147,0.43649895235834735,0.0,0.0
2022-01-18,-0.010572417004451454,0.01352177355931654,0.5380927763745192,0.02447688419956192,0.4361577304635304,0.0012726089623885418,1.2966665628362432e-20
2022-01-19,0.007021529620991443,0.35128477447962964,0.2091567080985395,0.3757616586791914,0.4150816332222691,0.0,1.55708138632723e-19
2022-01-20,0.002675017213984179,0.27441468148526293,0.0,0.49875197616463274,0.34982365983554564,0.0,0.15142436399982168
2022-01-21,0.005357986959402086,0.09390620372493635,0.0,0.5618656466556656,0.25591745611060934,0.0,0.1822168972337252
2022-01-24,-0.0037022068347383657,0.09975189104697244,0.0,0.6346522114587734,0.15616556506363685,1.7677333581984224e-19,0.20918222347758983
2022-01-25,-0.0004263594102710366,0.004384742123069746,0.0,0.6319368106551015,0.16055030718670657,3.144004484760595e-19,0.20751288215819189
2022-01-26,-0.009057407558797557,0.004282934053654916,4.945885049474218e-19,0.6343437124402052,0.1562673731330517,0.0,0.20938891442674323
2022-01-27,0.01143807324093069,0.0007762812055504556,0.0,0.6349232759875344,0.15549109192750116,2.7187413459258437e-19,0.20958563208496436
2022-01-28,-0.0003184031048380835,0.0019400036277387317,0.0,0.6346440910292264,0.15383027325807047,8.705733629486438e-20,0.2115256357127031
2022-01-31,-0.003831251541408203,0.0,0.0,0.6346440910292264,0.15383027325807047,8.705733629486438e-20,0.2115256357127031
2022-02-01,-0.0025317415703539977,0.004911353243182565,0.0,0.6312373554039813,0.15874162650125306,0.0,0.21002101809476564
2022-02-02,0.00232138122471994,0.18017244836831578,0.0,0.5032075674190466,0.33891407486956887,1.069049768137846e-19,0.1578783577113846
2022-02-03,-0.012269878699604709,0.5632294013009469,0.46295424397066537,0.0978565238294842,0.43918923219985034,0.0,3.3930365099308816e-18
2022-02-04,-0.0008118045383282615,0.11506639344144516,0.3523400445575889,0.21292291727092938,0.4347370381714817,8.101445620101836e-21,9.171490428034014e-20
2022-02-07,0.0014542041996831695,0.20312828379385137,0.5442043774975934,0.009794633477078098,0.43621393126641633,0.009787057758912244,3.750984084230973e-20
2022-02-08,0.005577883660237644,0.0010815769391367162,0.5444598075072361,0.009026097994647214,0.4359008898097105,0.010613204688406262,6.348753584952005e-21
2022-02-09,0.009559191691749737,0.0,0.5444598075072361,0.009026097994647214,0.4359008898097105,0.010613204688406262,6.348753584952005e-21
2022-02-10,-0.011614654878107884,0.0,0.5444598075072361,0.009026097994647214,0.4359008898097105,0.010613204688406262,6.348753584952005e-21
2022-02-11,-0.0019861954644877803,0.0025749823261687183,0.5446293631048165,0.0064511156684784665,0.43713937377389805,0.011780147452807014,3.792874269780883e-20
2022-02-14,9.46925404895424e-05,0.04809875935720538,0.5083107512004181,0.04914348188042312,0.4425457669191588,6.481735431053534e-19,0.0
2022-02-15,0.004127867043807673,0.04333846338567982,0.5413258796864994,0.010359757620342617,0.4379910277935594,0.010323334899598512,1.006116905997362e-19
2022-02-16,0.00535985761970668,0.03250369985296963,0.5191455147331283,0.03839230250975814,0.4424621827571136,1.506310741383359e-19,8.169154774159281e-20
2022-02-17,-0.005269705370584805,0.025927723231102956,0.5369055828079574,0.015970586982396735,0.43895617505337203,0.008167655156273856,0.0
2022-02-18,0.0012598330553679617,0.2954822310091878,0.26367245531978767,0.31145281799158453,0.4248747266886278,0.0,9.386904708428141e-19
2022-02-22,0.0009055810200876712,0.19823569387813905,0.10367406027007846,0.45694649646822655,0.386637427860198,1.070314545419087e-20,0.05274201540149708
2022-02-23,-0.006130923843326417,0.22438047124781346,2.0337115160817668e-17,0.5475886624810687,0.26593101688246296,0.0,0.18648032063646827
2022-02-24,0.0012391550960456665,0.11477893438059553,1.4708452591887224e-19,0.6280370636681287,0.15115208250186746,5.265552862887988e-19,0.22081085383000384
2022-02-25,-0.001149671891304187,0.0,1.4708452591887224e-19,0.6280370636681287,0.15115208250186746,5.265552862887988e-19,0.22081085383000384
2022-02-28,0.015601954348922949,0.0050101228976973805,0.0,0.6230269407704313,0.15451823665978276,0.0,0.22245482256978588
2022-03-01,0.012098800450184088,0.04785755299978588,1.0607094506826292e-19,0.5892128004069208,0.20237578965956868,2.1449116231681335e-19,0.20841140993351054
2022-03-02,-0.023147455192558557,0.0528309109276872,6.036112890977801e-19,0.6266168142663863,0.14954487873188146,2.241405287278536e-19,0.22383830700173227
2022-03-03,0.008131449884626172,0.0,6.036112890977801e-19,0.6266168142663863,0.14954487873188146,2.241405287278536e-19,0.22383830700173227
2022-03-04,0.01492309046033618,0.0047314194521274194,4.0677852141430713e-19,0.6237509075708935,0.15427629818400887,0.0,0.22197279424509764
2022-03-07,-0.0009480494501401589,0.006101525484553616,0.0,0.6261379608549782,0.1481747726994553,0.0,0.22568726644556658
2022-03-08,-0.002670197770087624,0.0,0.0,0.6261379608549782,0.1481747726994553,0.0,0.22568726644556658
2022-03-09,-0.012767580513219572,0.0024234727914002616,0.0,0.6237144880635779,0.14894572248429283,1.1715178441484148e-18,0.22733978945212927
2022-03-10,-0.006886630068501138,0.02547712624118656,7.584602074974407e-19,0.5982373618223913,0.1537903953638545,5.416197730003398e-19,0.24797224281375413
2022-03-11,0.001235558023149954,0.08724776106451683,0.0,0.5606557727842817,0.2410381564283714,4.914262535238057e-19,0.19830607078734697
2022-03-14,-0.016852586004439445,0.09286658151150344,5.817962849360721e-20,0.6224006973630257,0.14817157491686792,7.629110406091851e-19,0.22942772772010633
2022-03-15,-0.004103861553593348,0.000801578008988738,1.203652391458461e-20,0.6228785299616039,0.14736999690787922,0.0,0.22975147313051697
2022-03-16,0.00538227757025031,0.0,1.203652391458461e-20,0.6228785299616039,0.14736999690787922,0.0,0.22975147313051697
2022-03-17,-0.004447000722779796,0.0,1.203652391458461e-20,0.6228785299616039,0.14736999690787922,0.0,0.22975147313051697
2022-03-18,0.006282412684399814,0.01653680596473557,3.839247004479151e-19,0.6113332666142576,0.1639068028726148,0.0,0.2247599305131277
2022-03-21,-0.009316203311671253,0.1213823818319476,6.484281434695286e-19,0.5272950373000277,0.2852891847045624,0.0,0.18741577799540995
2022-03-22,-0.008926827629112606,0.03200198159094414,0.0,0.547520987978459,0.25328720311361824,9.98275522274951e-20,0.19919180890792273
2022-03-23,0.015823941197312015,0.08842950889806996,2.3528380611197533e-19,0.6074887989865271,0.1648576942155483,4.1639045023670773e-19,0.22765350679792468
2022-03-24,-0.0015952075072759287,0.1413780591703488,5.081921518790401e-19,0.5136845540209567,0.3062357533858971,8.10380104367872e-20,0.18007969259314624
2022-03-25,0.0006179268356090862,0.6762704739859603,0.5232134226980587,0.017493772628142612,0.4480030054714151,0.01128979920238344,2.2477980395229548e-17
2022-03-28,-0.00603537271234857,0.03115262188344041,0.5400430146088939,1.806483392582064e-18,0.4343441562161174,0.025612829174988708,0.0
2022-03-29,0.003095132364058242,0.7754185758275906,2.630125521409372e-17,0.5648897539211333,0.22458142417240945,0.0,0.21052882190645733
2022-03-30,0.0007325731210753797,0.7754185758275907,0.5350356099185727,1.0022388016221653e-17,0.4451398233038712,0.019824566777556223,9.056893095369771e-18
2022-03-31,-0.009392828685249497,0.010904979690109205,0.5401048933752117,0.0,0.4342348436137619,0.025660263011026287,7.333560290790787e-20
2022-04-01,-0.0012932146962675631,0.0652104505103367,0.49979220355259246,0.046129992246617575,0.45331530187748104,0.0007625023233088335,0.0
2022-04-04,0.007712421619796412,0.0657062291863697,0.5388548546695118,0.0,0.43373906493772896,0.027406080392759265,1.6227432703589224e-19
2022-04-05,-0.010235763518260247,0.0011110610968320077,0.5388950002930611,0.0,0.43480998041101154,0.026295019295927206,0.0
2022-04-06,-0.004155674359414215,0.19328610882230077,0.37190391076668766,0.18285845093392747,0.44523763829938495,0.0,2.2627348109941313e-19
2022-04-07,-0.0022160629300144825,0.49559453974211853,0.0,0.5002331615647062,0.32154700932395414,7.275436973320307e-19,0.17821982911133977
2022-04-08,-0.002736752937085033,0.17556717788871515,0.11099021014433262,0.4486526707880544,0.3861239770683366,0.0,0.05423314199927642
2022-04-11,-0.0071530534486743,0.2409983279558611,0.30244042245898883,0.2618874848314697,0.4356720927095415,2.887630050053713e-19,0.0
2022-04-12,0.0016690771108404411,0.5143907799276926,8.572362344548759e-17,0.5607357707131424,0.22372173524083766,1.327566311700973e-18,0.21554249404601974
2022-04-13,0.000973720001163889,0.07350152667827484,0.0,0.6096161337087744,0.15022020856256296,3.5862747540345537e-19,0.2401636577286626
2022-04-14,-0.011431609371727096,0.02360837047785551,0.0,0.5937281313240338,0.17382857904041843,1.0970748573797055e-19,0.2324432896355477
2022-04-18,-0.0015156057481897898,0.014810946282029558,0.0,0.6016350005861459,0.1590176327583889,5.762210618020677e-19,0.23934736665546513
2022-04-19,-0.0062691030231086875,0.008743393988116244,4.570755739018362e-19,0.6061410959331938,0.15027423877027268,2.402351394047353e-19,0.24358466529653358
2022-04-20,0.01124559123016725,0.006773990153865872,3.9636903244019146e-20,0.6100335410698309,0.14350024861640684,2.090983405888749e-19,0.24646621031376237
2022-04-21,-0.005136768527565755,0.271001624337692,0.050639423203685655,0.46541954471381103,0.36386244975041304,1.1333051373117227e-18,0.12007858233209012
2022-04-22,-0.01471395515864829,0.35280430386785816,0.32678109197631094,0.23269382317804307,0.44052508484564595,0.0,0.0
2022-04-25,0.004705895833448938,0.6236142468017086,2.286699879890464e-17,0.6107332103735066,0.14369193002024833,0.0,0.245574859606245
2022-04-26,0.007896606225221689,0.0035962538996095863,0.0,0.6079537420104464,0.14287514448369895,0.0,0.24917111350585458
2022-04-27,-0.0073285196127419175,0.0,0.0,0.6079537420104464,0.14287514448369895,0.0,0.24917111350585458
2022-04-28,0.0031256095121465714,0.0,0.0,0.6079537420104464,0.14287514448369895,0.0,0.24917111350585458
2022-04-29,-0.008893378083128772,0.0,0.0,0.6079537420104464,0.14287514448369895,0.0,0.24917111350585458
2022-05-02,-0.01192190577419503,0.0,0.0,0.6079537420104464,0.14287514448369895,0.0,0.24917111350585458
2022-05-03,0.003994506073719256,0.004380151661729753,0.0,0.6046362256390921,0.14181250919332347,0.0,0.25355126516758436
2022-05-04,0.0026161565651336522,0.0,0.0,0.6046362256390921,0.14181250919332347,0.0,0.25355126516758436
2022-05-05,-0.014980415143142356,0.0,0.0,0.6046362256390921,0.14181250919332347,0.0,0.25355126516758436
2022-05-06,-0.007059332483288875,0.07009112737837052,3.847825214263958e-19,0.5345450982607216,0.15791749319926868,1.2521442594147992e-18,0.30753740854000966
2022-05-09,0.002983221339991976,0.04209940879021373,1.114122196196368e-18,0.5766445070509354,0.15110733780939273,8.767481896118411e-20,0.27224815513967193
2022-05-10,0.0032264164993300115,0.1451279816697169,5.035094085467577e-19,0.4315165253812185,0.18074589798508528,9.371902775409596e-19,0.3877375766336963
2022-05-11,0.012648502327981922,0.14735902512858048,1.4606294969599943e-18,0.578875550509799,0.14636941232362383,0.0,0.2747550371665773
2022-05-12,-0.0009017221565957886,0.009726889037026953,0.0,0.569148661472772,0.14848539383575537,0.0,0.28236594469147264
2022-05-13,-0.010570967512178835,0.013931181871851633,5.0631694741718e-19,0.5830798433446236,0.14522929008320185,0.0,0.2716908665721745
2022-05-16,-0.00027478942368189957,0.005589478485412247,4.7687994648478194e-20,0.5774903648592113,0.14730163687860054,2.456772070004917e-19,0.27520799826218806
2022-05-17,-0.01006983384457859,0.03713872323047497,6.60861185005832e-20,0.5691890483549499,0.18444036010907555,0.0,0.2463705915359746
2022-05-18,0.013635404161276682,0.012067823688632365,2.5055998473160943e-20,0.575386092810582,0.17237253642044315,2.4189643297026183e-19,0.25224137076897485
2022-05-19,-0.0007033834510692307,0.1904975384692751,1.4390647723704742e-19,0.38488855434130687,0.1908615727056605,7.944277807283503e-19,0.4242498729530326
2022-05-20,0.005120348635048973,0.032252154054829035,2.495979407364296e-19,0.35263640028647786,0.19900148803705064,0.0,0.44836211167647155
2022-05-23,-0.009893784322102783,0.08883096181751413,5.109155708268483e-19,0.44146736210399196,0.17776758304887297,1.6465298417685413e-18,0.3807650548471351
2022-05-24,0.009046497614132424,0.17176374295981767,0.042870806304808357,0.3959668617459758,0.3066605197038823,1.3184445696471323e-18,0.2545018122453336
2022-05-25,0.0010886236345480907,0.40235192310287105,0.31223137987721855,0.24811675088843826,0.43965186923434324,0.0,1.531220536033229e-17
2022-05-26,0.010808607630996477,0.25770676678896276,0.5314446697089916,2.1545383239858397e-17,0.4300618533338187,0.038493476957189576,9.727840038284367e-20
2022-05-27,0.013677210418369569,0.0009577229045560739,0.5315468593673566,0.0,0.42910413042926276,0.03934901020338083,0.0
2022-05-31,-0.007231068078040805,0.0009653130280977452,0.5319076086592924,0.0,0.42970869416542457,0.038383697175283,7.878509839555424e-20
2022-06-01,-0.0015353068068806072,0.0024476252828090003,0.5310494353488531,0.0,0.42811924219305497,0.04083132245809205,2.9079792185910103e-20
2022-06-02,0.016192939748948455,0.0010046730223770457,0.5312850739402638,0.0,0.4288882766240212,0.0398266494357149,0.0
2022-06-03,-0.012019637564270526,0.0010925895828130978,0.5310621641109998,4.0462049054011866e-20,0.42801859687047217,0.0409192390185281,0.0
2022-06-06,-0.0007507517918090222,0.0021740813702141454,0.5306966276875813,4.854721100425392e-20,0.4301926782406863,0.03911069407173246,1.4800502220789783e-20
2022-06-07,0.008648179052053714,0.0021447278073277905,0.5310052658429428,2.980209347980947e-20,0.4280479504333585,0.04094678372369874,1.297809302412515e-21
2022-06-08,-0.0052389346182722275,0.0016605033615909384,0.5303961133108578,8.140443376878263e-20,0.4269965996038526,0.04260728708528966,6.645550980651514e-21
2022-06-09,-0.014390383962603743,0.0012505877271676985,0.5305731649777816,6.593161326660788e-20,0.42807013566409646,0.041356699358121946,1.4606024020156413e-20
2022-06-10,-0.004129262783830901,0.287692375384878,0.2842374889510256,0.2797763365212915,0.43598617452768296,0.0,4.156533610747367e-18
2022-06-13,-0.01940833176462935,0.582020716274907,3.8662000632369686e-17,0.5871135916165228,0.13820294720380147,0.0,0.27468346117967574
2022-06-14,-0.003922104663094892,0.33990345730906557,0.06953681269429564,0.2472101343074572,0.20253007518207006,0.0,0.4807229778161772
2022-06-15,0.004901312212936765,0.04367491587891169,0.036779582691923295,0.29088505018636884,0.20143824583641737,0.0,0.4708971212852905
2022-06-16,0.00234124803102233,0.20082496004219438,0.0,0.49171001022856325,0.16020971453122088,1.0452393923210064e-18,0.34808027524021595
2022-06-17,0.004130977764825631,0.21688143847054464,0.04919824572027167,0.2748285717580186,0.20177923616848775,2.6825615221038373e-19,0.47419394635322204
2022-06-21,-0.008578005627025482,0.0967601234618494,0.0,0.371588695219868,0.19078950980464363,0.0,0.4376217949754884
2022-06-22,0.014272053421965402,0.1422870551087766,2.7646158733648016e-18,0.5138757503286446,0.15463670868220586,0.0,0.3314875409891496
2022-06-23,0.004217076887717357,0.06432647077475587,0.0,0.5782022211034005,0.13702902052894977,0.0,0.2847687583676498
2022-06-24,-0.00877144395258275,0.0013757898916033635,1.7171335832005622e-19,0.5795780109950038,0.13629945165461993,1.0997601102914355e-18,0.2841225373503763
2022-06-27,-0.005606508117380398,0.0,1.7171335832005622e-19,0.5795780109950038,0.13629945165461993,1.0997601102914355e-18,0.2841225373503763
2022-06-28,0.003972395401332564,0.02099303283665674,1.0023071921316032e-18,0.5680852749627843,0.1572924844912767,0.0,0.27462224054593914
2022-06-29,0.010494036008957949,0.014515316158126845,5.055898171799453e-19,0.5759762112285085,0.14277716833314985,5.055898171799453e-19,0.28124662043834175
2022-06-30,0.0032777949519329805,0.005050360728359793,1.4743573342938623e-19,0.5743087439732493,0.13939427486004924,0.0,0.2862969811667015
2022-07-01,0.006728045612493865,0.003284298750824283,0.0,0.5761420040231471,0.13610997610922498,5.123473845438349e-19,0.287748019867628
2022-07-05,0.00451558397385066,0.3676453776341426,0.0966415891490994,0.20849662638900449,0.2033851897997123,2.661561706489204e-18,0.4914765946621839
2022-07-06,-0.004117820418555828,0.002233268646541686,0.0959722457303827,0.2082129988332313,0.20210489212766047,0.0,0.49370986330872557
2022-07-07,-0.00011000082914330747,0.0,0.0959722457303827,0.2082129988332313,0.20210489212766047,0.0,0.49370986330872557
2022-07-08,-0.002642816338691201,0.0003612630769090495,0.09619878522086693,0.20814007087916236,0.20181655700482035,7.719913446850043e-19,0.4938445868951504
2022-07-11,0.007100843277196893,0.0006135085336396525,0.09634447239998165,0.20804208867135573,0.20228437835934523,1.7507848143482115e-20,0.4933290605693173
2022-07-12,-0.0005337244757408347,0.000885586402133383,0.09612141881025173,0.20821174578822146,0.20162184554694182,2.9633458658890595e-19,0.494044989854585
2022-07-13,0.0018218592005916474,0.0,0.09612141881025173,0.20821174578822146,0.20162184554694182,2.9633458658890595e-19,0.494044989854585
2022-07-14,-0.0013370439140138564,0.0,0.09612141881025173,0.20821174578822146,0.20162184554694182,2.9633458658890595e-19,0.494044989854585
2022-07-15,-0.0002929378684933502,0.000636159192895114,0.09612848124272667,0.2081066202841249,0.20109081185814326,0.0,0.49467408661500517
2022-07-18,-0.005514570197422303,0.0,0.09612848124272667,0.2081066202841249,0.20109081185814326,0.0,0.49467408661500517
2022-07-19,-0.0011477408546053188,0.0,0.09612848124272667,0.2081066202841249,0.20109081185814326,0.0,0.49467408661500517
2022-07-20,0.0006556697281740705,0.0,0.09612848124272667,0.2081066202841249,0.20109081185814326,0.0,0.49467408661500517
2022-07-21,0.006221355532282836,0.012038996005704954,0.09981297504568318,0.20946021807921955,0.208091716265797,5.927045339394549e-19,0.48263509060930015
2022-07-22,0.002410092674580865,0.011653591851389408,0.09653160257346122,0.20801377878572308,0.2011659361801261,0.0,0.49428868246068963
2022-07-25,-0.0031632476587154642,0.0,0.09653160257346122,0.20801377878572308,0.2011659361801261,0.0,0.49428868246068963
2022-07-26,0.00254113584135964,0.00516073373477291,0.09809394144386469,0.2086799966015328,0.2040981132286858,0.0,0.4891279487259167
2022-07-27,-0.000611959893861906,0.001337545687635798,0.0984730496273832,0.20859330904813742,0.20505655073280313,2.0774458976060534e-19,0.48787709059167633
2022-07-28,0.004959614801900051,0.007262171452915203,0.0962752892560255,0.20790331656244174,0.20068213213694128,0.0,0.4951392620445915
2022-07-29,-0.0005116969421039771,0.0002450519557853013,0.09652034121181083,0.20785979883623465,0.2005160714727234,2.163487885423843e-19,0.4951037884792312
2022-08-01,0.003931395276355429,0.0,0.09652034121181083,0.20785979883623465,0.2005160714727234,2.163487885423843e-19,0.4951037884792312
2022-08-02,-0.003063290242134837,0.0,0.09652034121181083,0.20785979883623465,0.2005160714727234,2.163487885423843e-19,0.4951037884792312
2022-08-03,0.006674662561820503,0.0011941079989000458,0.09686307940530889,0.20792459730297072,0.20130264281138924,0.0,0.49390968048033107
2022-08-04,4.63629443967291e-05,0.0012592078884414437,0.09656909928946475,0.20821401600785455,0.200337415038792,0.0,0.49487946966388874
2022-08-05,-0.003268858455659496,0.0055321898325476765,0.09845781518219746,0.2088537842018806,0.20334112078458091,2.1742346187776215e-19,0.4893472798313411
2022-08-08,0.004250520771725378,0.005268664317011146,0.09685496308844371,0.20816649384275115,0.20036259892045294,2.776806727843217e-19,0.4946159441483522
2022-08-09,-0.0010911220323145284,0.010184409136051134,0.09996510511904058,0.2094885709992166,0.20611478886944176,6.3679229528867885e-19,0.4844315350123011
2022-08-10,-0.0032739388811857647,0.11323684010483,0.13807451694088313,0.2223582860099182,0.26837250214172764,9.0282640397443e-20,0.3711946949074711
2022-08-11,-0.005094907216128589,0.11078483120280704,0.10072124322121856,0.20980287021704272,0.20749636045146064,5.753784046057807e-19,0.4819795261102781
2022-08-12,0.0075766356517401245,0.0064885310685249414,0.0989847815931797,0.20890407298897054,0.20364308823904673,0.0,0.48846805717880304
2022-08-15,0.0018001394953438242,0.00868004052107213,0.10166495173349271,0.21002563694857113,0.20852139466020525,0.0,0.4797880166577309
2022-08-16,0.0005402801882267413,0.002587733942675967,0.1024709749472358,0.2103562224905394,0.20997251984716991,0.0,0.477200282715055
2022-08-17,-0.005775092776336857,0.2550579960705945,0.2002718765880164,0.23418401987622595,0.34340181689129723,1.6097880827099381e-19,0.2221422866444605
2022-08-18,0.0010878144695272074,0.41299813847710176,0.47381739392883254,0.04332816804358463,0.4549424293238614,0.02791200870372149,1.5893864607787126e-17
2022-08-19,-0.010306222862683937,0.06155074881365729,0.522971938421559,1.8266879493047392e-18,0.43671984855378876,0.040308213024652324,0.0
2022-08-22,-0.013469691138867847,0.00293394664713137,0.5251311381317826,0.0,0.4337859019066574,0.04108295996156009,0.0
2022-08-23,0.0013206727255525635,0.18699884639839973,0.3792152516949429,0.1682108860584934,0.4525738622465637,0.0,5.849736700577966e-19
2022-08-24,0.0028208268444299147,0.1126802315968975,0.46545221786239116,0.05553065446159591,0.453659450983554,0.025357676692458978,7.011796006598541e-21
2022-08-25,0.00803621609947815,0.032264874649909764,0.4911087798676205,0.02511301678858065,0.4518122140066595,0.031965989337139386,0.0
2022-08-26,-0.02340302638108901,0.04279098252185791,0.5253592291873992,0.0,0.4341342482733822,0.0405065225392186,2.0996042356146377e-20
2022-08-29,-0.002079946310084155,0.7008203848540708,0.09827831349449778,0.20830621783782033,0.20090130165143144,1.565322198030025e-17,0.4925141670162505
2022-08-30,-0.0023923207297422765,0.0015156420262686593,0.0978451085423758,0.2084047305917911,0.19981886457728476,0.0,0.49393129628854837
2022-08-31,-0.004607664121288329,0.001664732026352006,0.09735510128317598,0.20814456400596884,0.19890430639595486,0.0,0.4955960283149004
2022-09-01,-0.0008272460997678607,0.0,0.09735510128317598,0.20814456400596884,0.19890430639595486,0.0,0.4955960283149004
2022-09-02,0.0020654424298040723,0.0007540110837030504,0.09739781109176955,0.20772682606205556,0.19856803325616504,1.913328195891792e-19,0.49630732959000984
2022-09-06,-0.0038148391472949067,0.001853584097266707,0.09790707924801259,0.20752973643830527,0.19991234919718867,2.567037689749336e-19,0.4946508351164934
2022-09-07,0.0035371966185666604,0.001623731688730777,0.09751944539465608,0.20794940613315788,0.19867625136181447,7.838945347390604e-20,0.4958548971103716
2022-09-08,-0.001674153805211142,0.0,0.09751944539465608,0.20794940613315788,0.19867625136181447,7.838945347390604e-20,0.4958548971103716
2022-09-09,-8.252140644278861e-05,0.028350993007755024,0.10639931454315012,0.21140361915548053,0.21469316219875276,1.490470841851744e-19,0.46750390410261655
2022-09-12,-0.0020421050674528816,0.01350504365399472,0.10244127633029854,0.20943999992295015,0.20710977599014008,3.160961056127534e-19,0.48100894775661135
2022-09-13,-0.012582040251434593,0.3302752732864151,0.2382709127608499,0.2381000464761301,0.3728953662928238,4.930037507203237e-19,0.15073367447019623
2022-09-14,-0.0006908592053710822,0.34604516647256833,0.097552137999527,0.20733870964079842,0.19833031141691004,0.0,0.49677884094276453
2022-09-15,-0.012089611858967547,0.4967788409427646,0.33594068584944187,0.2289607540795338,0.4350985600710244,0.0,2.2203039859040533e-18
2022-09-16,-0.0017035617752740053,0.10068817757347628,0.4128189637202033,0.12827257650605756,0.45000407640258705,0.008904383371152177,0.0
2022-09-19,0.004575936482595429,0.15728796730465439,0.5365134623677215,5.737539849798707e-18,0.4209886856039902,0.042497852028288395,0.0
2022-09-20,-0.009064299632954203,0.0,0.5365134623677215,5.737539849798707e-18,0.4209886856039902,0.042497852028288395,0.0
2022-09-21,-0.0077357547331608914,0.0,0.5365134623677215,5.737539849798707e-18,0.4209886856039902,0.042497852028288395,0.0
2022-09-22,-0.004787873617049714,0.035448833708735666,0.5088334315035561,0.015890572887220216,0.44054694642550574,0.034729049183718164,7.126549163437261e-20
2022-09-23,-0.014674940249217767,0.11904740953746784,0.4151642153238134,0.12726059125317066,0.4482243375970231,0.009350855825992986,0.0
2022-09-26,-0.0016339859091674663,0.577308418397196,0.09777425829651575,0.20670519888155314,0.19765673205311757,0.0,0.49786381076881353
2022-09-27,-0.005124852004305702,0.0,0.09777425829651575,0.20670519888155314,0.19765673205311757,0.0,0.49786381076881353
2022-09-28,0.006460229478544997,0.0,0.09777425829651575,0.20670519888155314,0.19765673205311757,0.0,0.49786381076881353
2022-09-29,-0.005124288399734132,0.0,0.09777425829651575,0.20670519888155314,0.19765673205311757,0.0,0.49786381076881353
2022-09-30,-0.004167937990412754,0.0,0.09777425829651575,0.20670519888155314,0.19765673205311757,0.0,0.49786381076881353
2022-10-03,0.008339393605841162,0.0008425347784587133,0.09778423749183704,0.20618213570649832,0.1973372604497137,2.978495534711874e-19,0.49869636635195097
2022-10-04,-0.0015317244965663383,0.0,0.09778423749183704,0.20618213570649832,0.1973372604497137,2.978495534711874e-19,0.49869636635195097
2022-10-05,0.0014254041027088665,0.0,0.09778423749183704,0.20618213570649832,0.1973372604497137,2.978495534711874e-19,0.49869636635195097
2022-10-06,0.0024246810100294514,0.014051920719891586,0.10216056600793713,0.20802926633614147,0.20516572202386205,2.086419717152294e-19,0.4846444456320594
2022-10-07,-0.006096545581759587,0.04458483312869587,0.11670900846399236,0.21376193028372034,0.2294694487489238,1.704282900577954e-19,0.4400596125033635
2022-10-10,-0.004796118818298458,0.05942829985842576,0.09781246255528672,0.20543165406830818,0.19726797101461588,0.0,0.4994879123617893
2022-10-11,0.00020972265790187433,0.00035255952203360613,0.09801585779840007,0.20532017655777401,0.19741713529353605,0.0,0.49924683035028977
2022-10-12,0.0019098401118991999,0.06821930214742157,0.12013155877857785,0.21435855990410574,0.23448235311444818,3.5487753845256996e-19,0.43102752820286827
2022-10-13,0.0017561725632881152,0.34683567921968306,0.2786794175116128,0.2400235383056495,0.3971051951995524,1.2112308519729235e-19,0.08419184898318514
2022-10-14,-0.004208673823808899,0.35694902395357003,0.1166808434548504,0.2131172350628349,0.22906104854555942,0.0,0.44114087293675525
2022-10-17,-0.00297850199949099,0.057708255751151495,0.09832022763917886,0.20484571743312607,0.1979849262397883,0.0,0.49884912868790676
2022-10-18,0.0017225553836624848,0.0014438255578403808,0.09789650974188299,0.20491215999155185,0.19696481857924378,0.0,0.5002265116873214
2022-10-19,-0.003511326636050986,0.005239610753099665,0.09952175275832885,0.20538575756205713,0.20010558874539233,0.0,0.4949869009342217
2022-10-20,-0.004298425392870644,0.005698679839113555,0.09775146330119865,0.204587577880185,0.1969753780452811,4.692938994569265e-19,0.5006855807733352
2022-10-21,-0.002086579785691268,0.0,0.09775146330119865,0.204587577880185,0.1969753780452811,4.692938994569265e-19,0.5006855807733352
2022-10-24,-0.0006233782683381272,0.0014229941470660507,0.09771462539574473,0.20342513492953002,0.19675166475432393,3.1486392110475072e-19,0.5021085749204013
2022-10-25,0.0024476768099039718,0.0008666998849007762,0.09797697542337976,0.20341043818388574,0.1973560146115897,4.593247108374593e-19,0.5012565717811448
2022-10-26,-0.0017712025658011368,0.0008845899004678444,0.09776011496740543,0.20360831741211868,0.1966882851670962,2.9547997912964116e-19,0.5019432824533797
2022-10-27,0.00521876384153812,0.0,0.09776011496740543,0.20360831741211868,0.1966882851670962,2.9547997912964116e-19,0.5019432824533797
2022-10-28,-0.0002507724188539397,0.01675499344609392,0.10302536445904657,0.20582124190183573,0.2059651046318319,0.0,0.4851882890072858
2022-10-31,0.00046867346233052127,0.01788972335112505,0.09780803865675261,0.20258268953143957,0.19653125945339703,2.57028434181404e-19,0.5030780123584109
2022-11-01,0.003343346467226572,0.006849774692373273,0.09994383319793132,0.20356422541794614,0.20026370371808494,0.0,0.4962282376660375
2022-11-02,-0.004321936461842266,0.09835695466869523,0.13330233240451766,0.21630263535992497,0.252523749238215,7.14908638671158e-20,0.3978712829973423
2022-11-03,0.0007268336783884076,0.06380477993184219,0.11107584488620138,0.2083294328884996,0.2189186592961145,2.3284955614725233e-19,0.4616760629291845
2022-11-04,0.0036393859612866963,0.1965980111001239,0.18745194146733113,0.22935673309137572,0.31811327361223257,3.1636260921094672e-19,0.26507805182906063
2022-11-07,-0.0047278537277181685,0.23923321554113042,0.09778670620544402,0.20161334828507477,0.19628867813929024,0.0,0.504311267370191
2022-11-08,0.00553620428595523,0.02384523695766326,0.10533266002180375,0.20501586917980408,0.20918544038586445,0.0,0.4804660304125278
2022-11-09,0.0012812596620428687,0.015217123047675071,0.1004844486056572,0.20286151128317204,0.200970886650968,2.1036068922440794e-19,0.49568315346020286
2022-11-10,0.007607231401839977,0.008179539226934075,0.0979260609260962,0.20167871355000255,0.19653253283676436,4.2832953512856594e-19,0.5038626926871369
2022-11-11,-0.0057725995248866235,0.0,0.0979260609260962,0.20167871355000255,0.19653253283676436,4.2832953512856594e-19,0.5038626926871369
2022-11-14,0.0013952726216961853,0.0010133270424459303,0.09786248261338058,0.20093138462162477,0.19633011303541184,0.0,0.5048760197295828
2022-11-15,0.003022002457638901,0.0,0.09786248261338058,0.20093138462162477,0.19633011303541184,0.0,0.5048760197295828
2022-11-16,0.0021403847354547374,0.0,0.09786248261338058,0.20093138462162477,0.19633011303541184,0.0,0.5048760197295828
2022-11-17,-0.001906061442913988,0.0,0.09786248261338058,0.20093138462162477,0.19633011303541184,0.0,0.5048760197295828
2022-11-18,-0.0008850393512025727,0.0,0.09786248261338058,0.20093138462162477,0.19633011303541184,0.0,0.5048760197295828
2022-11-21,0.0037734410988397356,0.000297444329961212,0.09806667203351849,0.20063653948234966,0.1963275138447257,0.0,0.5049692746394061
2022-11-22,0.0012697336520656266,0.0,0.09806667203351849,0.20063653948234966,0.1963275138447257,0.0,0.5049692746394061
2022-11-23,9.53065513707909e-05,0.0,0.09806667203351849,0.20063653948234966,0.1963275138447257,0.0,0.5049692746394061
2022-11-25,-0.000533467949547745,0.0,0.09806667203351849,0.20063653948234966,0.1963275138447257,0.0,0.5049692746394061
2022-11-28,0.001159407696200549,0.0,0.09806667203351849,0.20063653948234966,0.1963275138447257,0.0,0.5049692746394061
2022-11-29,-0.000666124989661957,0.0006374280458346377,0.09812277630779506,0.20001855775910105,0.19630806752213967,1.162512073518531e-18,0.5055505984109642
2022-11-30,0.0030393456297588377,0.0,0.09812277630779506,0.20001855775910105,0.19630806752213967,1.162512073518531e-18,0.5055505984109642
2022-12-01,0.003742000280761856,0.0,0.09812277630779506,0.20001855775910105,0.19630806752213967,1.162512073518531e-18,0.5055505984109642
2022-12-02,0.0011870950892261256,0.0,0.09812277630779506,0.20001855775910105,0.19630806752213967,1.162512073518531e-18,0.5055505984109642
2022-12-05,-0.0038163132626648603,0.0,0.09812277630779506,0.20001855775910105,0.19630806752213967,1.162512073518531e-18,0.5055505984109642
2022-12-06,0.002054440474361465,0.0,0.09812277630779506,0.20001855775910105,0.19630806752213967,1.162512073518531e-18,0.5055505984109642
2022-12-07,0.004722765356855726,0.0,0.09812277630779506,0.20001855775910105,0.19630806752213967,1.162512073518531e-18,0.5055505984109642
2022-12-08,-0.0012168420826083135,0.0,0.09812277630779506,0.20001855775910105,0.19630806752213967,1.162512073518531e-18,0.5055505984109642
2022-12-09,-0.004168767207840735,0.0,0.09812277630779506,0.20001855775910105,0.19630806752213967,1.162512073518531e-18,0.5055505984109642
2022-12-12,0.0007891985460319276,0.0,0.09812277630779506,0.20001855775910105,0.19630806752213967,1.162512073518531e-18,0.5055505984109642
2022-12-13,0.0015739126313471085,0.0,0.09812277630779506,0.20001855775910105,0.19630806752213967,1.162512073518531e-18,0.5055505984109642
2022-12-14,-0.0025871183426035703,0.0,0.09812277630779506,0.20001855775910105,0.19630806752213967,1.162512073518531e-18,0.5055505984109642
2022-12-15,-0.00013687592750260234,0.0,0.09812277630779506,0.20001855775910105,0.19630806752213967,1.162512073518531e-18,0.5055505984109642
2022-12-16,-0.0007886587693584495,0.0,0.09812277630779506,0.20001855775910105,0.19630806752213967,1.162512073518531e-18,0.5055505984109642
2022-12-19,-0.004620536039642139,0.0,0.09812277630779506,0.20001855775910105,0.19630806752213967,1.162512073518531e-18,0.5055505984109642
2022-12-20,-0.003581740433334063,0.0,0.09812277630779506,0.20001855775910105,0.19630806752213967,1.162512073518531e-18,0.5055505984109642
2022-12-21,0.002914182067488587,0.0,0.09812277630779506,0.20001855775910105,0.19630806752213967,1.162512073518531e-18,0.5055505984109642
2022-12-22,-0.003087391687763658,0.0,0.09812277630779506,0.20001855775910105,0.19630806752213967,1.162512073518531e-18,0.5055505984109642
2022-12-23,-0.0019599365253731345,0.0,0.09812277630779506,0.20001855775910105,0.19630806752213967,1.162512073518531e-18,0.5055505984109642
2022-12-27,-0.0028677282944067546,0.0,0.09812277630779506,0.20001855775910105,0.19630806752213967,1.162512073518531e-18,0.5055505984109642
2022-12-28,-0.0014755188216421607,0.0003787063626953183,0.09835079640993384,0.1996398513964058,0.19636550357619342,0.0,0.505643848617467
2022-12-29,0.0020735420346882183,0.0,0.09835079640993384,0.1996398513964058,0.19636550357619342,0.0,0.505643848617467
2022-12-30,-0.003192412537792938,0.0,0.09835079640993384,0.1996398513964058,0.19636550357619342,0.0,0.505643848617467
2023-01-03,0.015091593258952474,0.36254708828950843,9.330787892579306e-18,0.5621869396859143,0.14895356361553314,0.0,0.28885949669855265
2023-01-04,0.008039912653213938,0.01273128587192299,5.414457798596097e-19,0.5696418572882962,0.13622227774361012,0.0,0.2941358649680937
2023-01-05,0.0034037929141976604,0.005374399111778381,0.0,0.5642674581765178,0.13802765835278444,8.584942021635471e-19,0.29770488347069773
2023-01-06,0.009035387182567954,0.002314031689353666,7.188512929599871e-20,0.5656187229455935,0.13571362666343084,0.0,0.2986676503909758
2023-01-09,0.0014964007051597764,0.0,7.188512929599871e-20,0.5656187229455935,0.13571362666343084,0.0,0.2986676503909758
2023-01-10,-0.006943012755302938,0.12368590290688128,1.1031581326936198e-19,0.4881404673548879,0.2593995295703121,2.4066836963556696e-19,0.25246000307480004
2023-01-11,0.007618327427784096,0.14372486070474633,0.06310617078837381,0.43404266238968103,0.34001821948668454,5.955967618992266e-20,0.16283294733526057
2023-01-12,0.009795992411184564,0.26663580157515787,5.9199690649844345e-18,0.5650339805385179,0.13648858869990055,0.0,0.2984774307615816
2023-01-13,-0.0037663252392883383,0.0,5.9199690649844345e-18,0.5650339805385179,0.13648858869990055,0.0,0.2984774307615816
2023-01-17,-0.0036765041866965147,0.0,5.9199690649844345e-18,0.5650339805385179,0.13648858869990055,0.0,0.2984774307615816
2023-01-18,0.01329966589348115,0.0,5.9199690649844345e-18,0.5650339805385179,0.13648858869990055,0.0,0.2984774307615816
2023-01-19,-0.002129367262889243,0.0,5.9199690649844345e-18,0.5650339805385179,0.13648858869990055,0.0,0.2984774307615816
2023-01-20,-0.010037619754792951,0.0016110483627850725,3.396099624710289e-19,0.5640216365508186,0.13809963706268555,0.0,0.2978787263864958
2023-01-23,-0.0019593759454164875,0.0,3.396099624710289e-19,0.5640216365508186,0.13809963706268555,0.0,0.2978787263864958
2023-01-24,0.008285168434416637,0.0,3.396099624710289e-19,0.5640216365508186,0.13809963706268555,0.0,0.2978787263864958
2023-01-25,0.0010271188511784585,0.0,3.396099624710289e-19,0.5640216365508186,0.13809963706268555,0.0,0.2978787263864958
2023-01-26,-0.003112240001128727,0.0,3.396099624710289e-19,0.5640216365508186,0.13809963706268555,0.0,0.2978787263864958
2023-01-27,-0.0011819956974270626,0.0015997201351434231,5.538223168909496e-19,0.5629554185781629,0.13969935719782903,0.0,0.29734522422400816
2023-01-30,-0.0013335947990108865,0.0,5.538223168909496e-19,0.5629554185781629,0.13969935719782903,0.0,0.29734522422400816
2023-01-31,0.004361637287484074,0.0,5.538223168909496e-19,0.5629554185781629,0.13969935719782903,0.0,0.29734522422400816
2023-02-01,0.005716928509287615,0.0,5.538223168909496e-19,0.5629554185781629,0.13969935719782903,0.0,0.29734522422400816
2023-02-02,-0.00020655494620754793,0.0,5.538223168909496e-19,0.5629554185781629,0.13969935719782903,0.0,0.29734522422400816
2023-02-03,-0.008030842650348279,0.0015135879660571755,5.326151343985874e-19,0.5618764806131948,0.14121294516388616,2.1565009905709586e-19,0.296910574222919
2023-02-06,-0.0021573152917597955,0.0,5.326151343985874e-19,0.5618764806131948,0.14121294516388616,2.1565009905709586e-19,0.296910574222919
2023-02-07,-0.004910776762044506,0.0,5.326151343985874e-19,0.5618764806131948,0.14121294516388616,2.1565009905709586e-19,0.296910574222919
2023-02-08,0.0033423255354782873,0.0,5.326151343985874e-19,0.5618764806131948,0.14121294516388616,2.1565009905709586e-19,0.296910574222919
2023-02-09,-0.006865465019750481,0.0,5.326151343985874e-19,0.5618764806131948,0.14121294516388616,2.1565009905709586e-19,0.296910574222919
2023-02-10,-0.0050390215331552754,0.0021148002228824347,0.0,0.5602460478471154,0.14332774538676857,0.0,0.296426206766116
2023-02-13,0.0031392221725540037,9.71445146547012e-17,0.0,0.5602460478471155,0.1433277453867686,0.0,0.29642620676611603
2023-02-14,-0.0013940322355038115,9.71445146547012e-17,0.0,0.5602460478471154,0.14332774538676857,0.0,0.296426206766116
2023-02-15,-0.004674361597925836,0.006632388478539086,4.165926191947255e-19,0.5559532457255286,0.14996013386530765,0.0,0.29408662040916367
2023-02-16,-0.007620367253679807,0.006464796115779797,1.2265369399632814e-19,0.5594502164190381,0.14349533774952794,2.315892630487844e-19,0.29705444583143403
2023-02-17,0.004567539755611252,0.0,1.2265369399632814e-19,0.5594502164190381,0.14349533774952794,2.315892630487844e-19,0.29705444583143403
2023-02-21,-0.010441988480392711,0.0018198950002650122,7.105467161565228e-20,0.558151190881542,0.14531523274979288,1.252647802399275e-19,0.2965335763686651
2023-02-22,0.0052604047540552685,0.0013663748917560755,0.0,0.5588054158417468,0.1439488578580368,6.349603319934314e-19,0.29724572630021634
2023-02-23,0.005489524927720306,0.0,0.0,0.5588054158417468,0.1439488578580368,6.349603319934314e-19,0.29724572630021634
2023-02-24,-0.006093498595852198,0.0,0.0,0.5588054158417468,0.1439488578580368,6.349603319934314e-19,0.29724572630021634
2023-02-27,0.0005001573699929155,0.005906020633323586,1.6974219612439813e-19,0.5541685866524235,0.14267966641403648,0.0,0.3031517469335399
2023-02-28,0.0040243914952607564,0.0014924221563989981,0.0,0.5532236064554988,0.14417208857043554,0.0,0.30260430497406565
2023-03-01,-0.006708455950002182,0.0,0.0,0.5532236064554988,0.14417208857043554,0.0,0.30260430497406565
2023-03-02,-0.003384255911829626,0.0,0.0,0.5532236064554988,0.14417208857043554,0.0,0.30260430497406565
2023-03-03,0.013777136173055978,0.0,0.0,0.5532236064554988,0.14417208857043554,0.0,0.30260430497406565
2023-03-06,-0.005411155902254718,0.005972877116834793,0.0,0.547250729338664,0.14551053597448,0.0,0.307238734686856
2023-03-07,0.0005100371652487622,0.1592886307865365,0.0,0.4431935845185964,0.3047991667610165,0.0,0.2520072487203871
2023-03-08,0.0003641869046614359,0.16196549110143224,4.7221900761856714e-20,0.5490666265256144,0.14283367565958427,7.790583671895722e-19,0.30809969781480134
2023-03-09,0.0027562013762498644,0.0941727801775702,0.0,0.48656824486865274,0.2370064558371545,0.0,0.27642529929419285
2023-03-10,0.02007441920482206,0.0813280112908548,5.222402836056411e-19,0.5403751672170135,0.1556784445462997,0.0,0.3039463882366869
2023-03-13,0.0016534463260067214,0.013725445996340471,0.0,0.5474466859544581,0.14195299854995921,0.0,0.31060031549558276
2023-03-14,-0.009822856803085166,0.0,0.0,0.5474466859544581,0.14195299854995921,0.0,0.31060031549558276
2023-03-15,0.014996341212366225,0.0,0.0,0.5474466859544581,0.14195299854995921,0.0,0.31060031549558276
2023-03-16,-0.004324122757847031,0.0,0.0,0.5474466859544581,0.14195299854995921,0.0,0.31060031549558276
2023-03-17,0.010598082409480902,0.0,0.0,0.5474466859544581,0.14195299854995921,0.0,0.31060031549558276
2023-03-20,-0.00651165508823733,0.005462246048897848,0.0,0.5424586162590033,0.14147882219651614,0.0,0.31606256154448054
2023-03-21,-0.007443852861193238,0.0,0.0,0.5424586162590033,0.14147882219651614,0.0,0.31606256154448054
2023-03-22,0.007295214408257971,0.0018243838965565228,3.3210774004688926e-19,0.5413825671080896,0.14330320609307276,4.948028097171736e-19,0.31531422679883775
2023-03-23,0.0022321494777844783,0.0015093041316048832,0.0,0.5422196759683849,0.14179390196146782,0.0,0.31598642207014727
2023-03-24,0.002435462501495716,0.011709374718671173,1.1393009087797251e-18,0.5353055967182058,0.15350327668013905,2.3277282689988647e-19,0.3111911266016553
2023-03-27,-0.015040645308236004,0.00927227431149548,3.036904047557836e-19,0.5403240951510199,0.1442310023686435,5.900795372343022e-19,0.31544490248033663
2023-03-28,0.0010359644227338253,0.0,3.036904047557836e-19,0.5403240951510199,0.1442310023686435,5.900795372343022e-19,0.31544490248033663
2023-03-29,-0.0010861855420488493,0.016390165905336082,0.0,0.5305649486775029,0.16062116827397957,3.257333178820467e-19,0.3088138830485175
2023-03-30,0.002463600908803775,0.0017132102345680247,0.0,0.5289821518095094,0.16233437850854762,0.0,0.30868346968194305
2023-03-31,0.007761766694101034,0.025698335992057147,0.0,0.511271253577928,0.1880327145006048,5.355525688309095e-19,0.30069603192146727
2023-04-03,0.007602004944602588,0.8119672854993952,0.5596040082413175,1.2822537631946994e-17,0.39486152194938307,0.04553446980929954,0.0
2023-04-04,0.004307198758793688,0.0024020636189915445,0.5584151007857228,0.0,0.39726358556837454,0.04432131364590269,5.2033560075127994e-21
2023-04-05,-0.0018000603740816756,0.0030193084084909755,0.5598982681730428,2.1176458654889258e-20,0.3942442771598836,0.04585745466707366,1.0891958881521832e-19
2023-04-06,-0.0006153953912728544,0.0,0.5598982681730428,2.1176458654889258e-20,0.3942442771598836,0.04585745466707366,1.0891958881521832e-19
2023-04-10,-0.0026691034062410702,0.0,0.5598982681730428,2.1176458654889258e-20,0.3942442771598836,0.04585745466707366,1.0891958881521832e-19
2023-04-11,0.003496294165945536,0.004143028865710049,0.5574926901711813,6.019021542458348e-20,0.39838730602559363,0.04412000380322509,5.006425286879945e-21
2023-04-12,0.0005333594555152182,0.005372371529844981,0.5601326713139475,0.0,0.3930149344957486,0.046852394190303806,1.755009925640345e-20
2023-04-13,0.012344468007886022,0.0,0.5601326713139475,0.0,0.3930149344957486,0.046852394190303806,1.755009925640345e-20
2023-04-14,-0.008166050999651411,0.001221427470498658,0.5601300977467385,8.3785224394761e-20,0.39423636196624734,0.045633540287014246,0.0
2023-04-17,-0.0005371048364183836,0.0,0.5601300977467385,8.3785224394761e-20,0.39423636196624734,0.045633540287014246,0.0
2023-04-18,0.001806292016866392,0.004621734547855971,0.5633050016901016,0.0,0.38961462741839137,0.047080370891507156,5.175227366578418e-20
2023-04-19,-0.0029087853811049355,0.0,0.5633050016901016,0.0,0.38961462741839137,0.047080370891507156,5.175227366578418e-20
2023-04-20,-0.0026945349440048475,0.0,0.5633050016901016,0.0,0.38961462741839137,0.047080370891507156,5.175227366578418e-20
2023-04-21,-0.0029899249445503938,0.0,0.5633050016901016,0.0,0.38961462741839137,0.047080370891507156,5.175227366578418e-20
2023-04-24,0.0024895586789843663,0.0,0.5633050016901016,0.0,0.38961462741839137,0.047080370891507156,5.175227366578418e-20
2023-04-25,-0.008136867260693756,0.003238906960363233,0.5664369293029442,0.0,0.38637572045802815,0.04718735023902776,6.425356808555366e-20
2023-04-26,-0.00573676744691079,0.031212172292441862,0.5495069738171551,0.007455597284268466,0.41013229546620145,0.032905133432374924,2.9317851080121184e-19
2023-04-27,0.011385598076749595,0.013307069467834842,0.5576476072417864,3.776960005473704e-20,0.4042808232826351,0.03807156947557845,2.092232682519188e-20
2023-04-28,0.005769532647944469,0.00545930419441806,0.5547936469494628,0.0007915002439827377,0.40894862723307046,0.03546622557348409,1.2861209063050784e-19
2023-05-01,-0.002945423151961715,0.015497662856577811,0.5626583475829712,0.0,0.3942424646204754,0.04309918779655351,0.0
2023-05-02,-0.0008596635764968712,0.0021634029173922265,0.5637114470541653,0.0,0.39535276806667347,0.040935784879161254,5.493656327325679e-20
2023-05-03,0.00277837786487129,0.8058780753127706,0.0,0.49913844746443264,0.1941219246872295,0.0,0.30673962784833797
2023-05-04,-0.003823300275687754,0.04410784415067372,0.0,0.5290463300599223,0.1500140805365557,5.988037267404886e-19,0.32093958940352196
2023-05-05,-0.004703453255088233,0.010195604839604355,6.76513214696083e-19,0.5228801508167036,0.16020968537616007,0.0,0.3169101638071363
2023-05-08,-0.0067319315902789004,0.007037779687538867,1.5116437176091755e-19,0.5267753447417287,0.1531719056886212,0.0,0.3200527495696501
2023-05-09,0.0007454637077225549,0.05922039685541336,3.2425127752515146e-19,0.4861354597913307,0.21239230254403457,5.971349335675222e-19,0.3014722376646347
2023-05-10,0.0034706352075900854,0.5355559701456519,0.3430986369739617,0.25205172731031344,0.4048496357157248,0.0,0.0
2023-05-11,-0.005069706515932906,0.2573031160092498,0.5632493139601951,1.4365978811344694e-18,0.39959824701678853,0.037152439023016515,0.0
2023-05-12,-0.0021146068896557113,0.0,0.5632493139601951,1.4365978811344694e-18,0.39959824701678853,0.037152439023016515,0.0
2023-05-15,0.0031772629862981596,0.014503524028659509,0.5544188508720402,0.007110976241434232,0.4069907948040138,0.03147937808251181,0.0
2023-05-16,-0.0038811337997918817,0.7331975743054132,0.0,0.4515524396790583,0.2596914494531526,1.9851853213345954e-17,0.2887561108677892
2023-05-17,-0.001721439257712637,0.008048198648605964,1.3034896437152475e-19,0.44674828347850726,0.26773964810175854,8.514200361655867e-20,0.28551206841973426
2023-05-18,-0.0050769909408071075,0.17656555831049087,0.10113681404643018,0.38639468978306823,0.3431683923658192,1.244903510493481e-19,0.1693001038046824
2023-05-19,-0.0022231937076131,0.23527830253485418,3.723385171725461e-17,0.4848529730337561,0.20902690387739517,1.5059463758317214e-18,0.3061201230888488
2023-05-22,-0.0020173201946891684,0.070026047371678,0.0,0.43900379554744307,0.27905295124907314,1.27427701313411e-19,0.2819432532034838
2023-05-23,0.0010500253644213338,0.1490904548917863,0.08862527473927663,0.38812779010078885,0.3395181314015828,0.0,0.18372880375835174
2023-05-24,-0.003186699689015468,0.1842763515916357,5.977869562879621e-18,0.4583928126128404,0.24386705454922378,0.0,0.29774013283793593
2023-05-25,-0.0013281947550890954,0.08326324672467773,9.440764905686174e-20,0.5127472454981185,0.16060380782454603,9.528115178371772e-20,0.32664894667733557
2023-05-26,0.004675854488844103,0.009922232741964992,2.269907713157729e-19,0.5186747481597207,0.15068157508258107,2.7101017444522752e-19,0.33064367675769835
2023-05-30,0.005773566914081953,0.054794814847259996,0.0,0.48323062111605364,0.20547638992984105,1.8927812259627856e-19,0.3112929889541054
2023-05-31,0.005242109201832912,0.041876980980075335,3.937679335608752e-19,0.5062194117271218,0.16359940894976568,1.197049645535199e-18,0.33018117932311253
