date,gross,turnover,w_SPY,w_TLT,w_GLD,w_USO,w_UUP
2019-01-02,0.0038639476578580913,0.40000000000000013,4.163336342344338e-17,0.40000000000000013,0.40000000000000013,2.2793221925468784e-17,0.19999999999999984
2019-01-03,0.007086165786648448,6.938893903907228e-17,4.163336342344339e-17,0.4000000000000001,0.4000000000000001,2.2793221925468787e-17,0.19999999999999987
2019-01-04,-0.008178287338935929,1.3877787807814463e-17,4.1633363423443395e-17,0.4000000000000001,0.4000000000000001,2.279322192546879e-17,0.1999999999999999
2019-01-07,-0.0006599064881730448,5.551115123125783e-17,4.1633363423443395e-17,0.4,0.4,2.279322192546879e-17,0.1999999999999999
2019-01-08,-0.0015034687791257713,0.0,4.1633363423443395e-17,0.4,0.4,2.279322192546879e-17,0.1999999999999999
2019-01-09,5.384127120502654e-05,0.0,4.1633363423443395e-17,0.4,0.4,2.279322192546879e-17,0.1999999999999999
2019-01-10,-0.003737154317690462,0.0,4.1633363423443395e-17,0.4,0.4,2.279322192546879e-17,0.1999999999999999
2019-01-11,0.0024094295767740355,0.0,4.1633363423443395e-17,0.4,0.4,2.279322192546879e-17,0.1999999999999999
2019-01-14,-0.000536267335438679,0.0,4.1633363423443395e-17,0.4,0.4,2.279322192546879e-17,0.1999999999999999
2019-01-15,-0.0014389247268946186,0.0,4.1633363423443395e-17,0.4,0.4,2.279322192546879e-17,0.1999999999999999
2019-01-16,0.0019156605955221286,0.0,4.1633363423443395e-17,0.4,0.4,2.279322192546879e-17,0.1999999999999999
2019-01-17,-0.00042350717752648293,0.0,4.1633363423443395e-17,0.4,0.4,2.279322192546879e-17,0.1999999999999999
2019-01-18,-0.005039580658483533,0.0,4.1633363423443395e-17,0.4,0.4,2.279322192546879e-17,0.1999999999999999
2019-01-22,0.004131255890796214,0.0,4.1633363423443395e-17,0.4,0.4,2.279322192546879e-17,0.1999999999999999
2019-01-23,-0.001195376956531513,0.0,4.1633363423443395e-17,0.4,0.4,2.279322192546879e-17,0.1999999999999999
2019-01-24,0.0031760907869880393,0.0,4.1633363423443395e-17,0.4,0.4,2.279322192546879e-17,0.1999999999999999
2019-01-25,0.0022938637962433023,0.0,4.1633363423443395e-17,0.4,0.4,2.279322192546879e-17,0.1999999999999999
2019-01-28,0.001158951325259804,0.0,4.1633363423443395e-17,0.4,0.4,2.279322192546879e-17,0.1999999999999999
2019-01-29,0.004343553613248475,0.0,4.1633363423443395e-17,0.4,0.4,2.279322192546879e-17,0.1999999999999999
2019-01-30,0.0009724530302946529,0.0,4.1633363423443395e-17,0.4,0.4,2.279322192546879e-17,0.1999999999999999
2019-01-31,0.004027052388352592,0.0,4.1633363423443395e-17,0.4,0.4,2.279322192546879e-17,0.1999999999999999
2019-02-01,-0.0032174675009891463,0.0,4.1633363423443395e-17,0.4,0.4,2.279322192546879e-17,0.1999999999999999
2019-02-04,-0.0029690578489267594,0.0,4.1633363423443395e-17,0.4,0.4,2.279322192546879e-17,0.1999999999999999
2019-02-05,0.003409164659501273,0.0,4.1633363423443395e-17,0.4,0.4,2.279322192546879e-17,0.1999999999999999
2019-02-06,-0.0017217984544001925,0.0,4.1633363423443395e-17,0.4,0.4,2.279322192546879e-17,0.1999999999999999
2019-02-07,0.004084499560366827,0.0,4.1633363423443395e-17,0.4,0.4,2.279322192546879e-17,0.1999999999999999
2019-02-08,0.0034600540823105153,0.0,4.1633363423443395e-17,0.4,0.4,2.279322192546879e-17,0.1999999999999999
2019-02-11,-0.0027560142667853345,0.0,4.1633363423443395e-17,0.4,0.4,2.279322192546879e-17,0.1999999999999999
2019-02-12,-0.0008732149350580076,0.0,4.1633363423443395e-17,0.4,0.4,2.279322192546879e-17,0.1999999999999999
2019-02-13,-0.002007938676722265,0.0,4.1633363423443395e-17,0.4,0.4,2.279322192546879e-17,0.1999999999999999
2019-02-14,0.00428450418244648,0.0,4.1633363423443395e-17,0.4,0.4,2.279322192546879e-17,0.1999999999999999
2019-02-15,0.00262303747936994,0.0,4.1633363423443395e-17,0.4,0.4,2.279322192546879e-17,0.1999999999999999
2019-02-19,0.006330594535377589,0.0,4.1633363423443395e-17,0.4,0.4,2.279322192546879e-17,0.1999999999999999
2019-02-20,-0.0016835004149938102,0.0,4.1633363423443395e-17,0.4,0.4,2.279322192546879e-17,0.1999999999999999
2019-02-21,-0.007942451996916278,0.0,4.1633363423443395e-17,0.4,0.4,2.279322192546879e-17,0.1999999999999999
2019-02-22,0.00478558223142922,0.39999999999999997,0.3999999999999999,0.4,6.865515138131539e-17,6.720953837358482e-19,0.20000000000000004
2019-02-25,-0.00035886719345070686,0.20000000000000018,0.4000000000000001,0.19999999999999993,0.0,6.52549918690875e-18,0.4000000000000001
2019-02-26,-0.0008526697757003548,5.551115123125783e-17,0.4,0.19999999999999993,0.0,6.52549918690875e-18,0.4
2019-02-27,-0.002125185587783384,0.0,0.4,0.19999999999999993,0.0,6.52549918690875e-18,0.4
2019-02-28,-0.0011134481159318364,0.0,0.4,0.19999999999999993,0.0,6.52549918690875e-18,0.4
2019-03-01,-0.009724095011730723,0.5999999999999999,5.688876622747632e-17,0.39999999999999986,0.39999999999999986,9.855726594804412e-18,0.20000000000000007
2019-03-04,0.002317855946029956,6.938893903907228e-17,5.688876622747633e-17,0.3999999999999999,0.3999999999999999,9.855726594804414e-18,0.2000000000000001
2019-03-05,0.0019061227394303604,6.938893903907228e-17,5.688876622747634e-17,0.39999999999999997,0.39999999999999997,9.855726594804415e-18,0.20000000000000012
2019-03-06,0.0011070535580355748,1.3877787807814457e-16,5.688876622747633e-17,0.39999999999999986,0.39999999999999986,9.855726594804414e-18,0.20000000000000007
2019-03-07,0.004045190050712355,6.938893903907228e-17,5.688876622747634e-17,0.3999999999999999,0.3999999999999999,9.855726594804415e-18,0.2000000000000001
2019-03-08,-0.0011849198353270488,0.6,0.39999999999999997,0.1999999999999998,9.575030553961557e-18,1.2768020369493262e-17,0.40000000000000013
2019-03-11,0.004284793053607961,8.326672684688674e-17,0.4000000000000001,0.19999999999999984,9.575030553961559e-18,1.2768020369493265e-17,0.40000000000000013
2019-03-12,0.002139511277098104,4.163336342344337e-17,0.4000000000000001,0.19999999999999987,9.57503055396156e-18,1.2768020369493266e-17,0.4000000000000001
2019-03-13,0.0004161957847832916,1.3877787807814457e-17,0.4000000000000001,0.1999999999999999,9.575030553961562e-18,1.2768020369493268e-17,0.4000000000000001
2019-03-14,-0.0004583513487927731,1.3877787807814457e-17,0.4000000000000001,0.19999999999999993,9.575030553961563e-18,1.276802036949327e-17,0.4000000000000001
2019-03-15,0.0026798468143319097,5.551115123125783e-17,0.4,0.19999999999999993,9.575030553961563e-18,1.276802036949327e-17,0.4
2019-03-18,0.0008704668172943021,0.0,0.4,0.19999999999999993,9.575030553961563e-18,1.276802036949327e-17,0.4
2019-03-19,-0.0008104075144230059,0.0,0.4,0.19999999999999993,9.575030553961563e-18,1.276802036949327e-17,0.4
2019-03-20,-0.0014426506152554813,0.0,0.4,0.19999999999999993,9.575030553961563e-18,1.276802036949327e-17,0.4
2019-03-21,0.007458785092847942,0.0,0.4,0.19999999999999993,9.575030553961563e-18,1.276802036949327e-17,0.4
2019-03-22,-0.0010963606837609326,0.20000000000000004,0.4,0.4,0.0,0.0,0.20000000000000004
2019-03-25,0.003705967924782261,0.4000000000000001,2.42861286636753e-17,0.4,0.4,1.0099127391843012e-19,0.1999999999999999
2019-03-26,-0.0016529385997622994,0.0,2.42861286636753e-17,0.4,0.4,1.0099127391843012e-19,0.1999999999999999
2019-03-27,0.0018208990053380607,0.0,2.42861286636753e-17,0.4,0.4,1.0099127391843012e-19,0.1999999999999999
2019-03-28,-0.0035708400148184443,0.0,2.42861286636753e-17,0.4,0.4,1.0099127391843012e-19,0.1999999999999999
2019-03-29,0.0002125948641063858,0.0,2.42861286636753e-17,0.4,0.4,1.0099127391843012e-19,0.1999999999999999
2019-04-01,-0.007409189075821332,0.0,2.42861286636753e-17,0.4,0.4,1.0099127391843012e-19,0.1999999999999999
2019-04-02,0.002451775392035316,0.0,2.42861286636753e-17,0.4,0.4,1.0099127391843012e-19,0.1999999999999999
2019-04-03,-0.004364555422100525,0.0,2.42861286636753e-17,0.4,0.4,1.0099127391843012e-19,0.1999999999999999
2019-04-04,0.0023821372762224957,0.0,2.42861286636753e-17,0.4,0.4,1.0099127391843012e-19,0.1999999999999999
2019-04-05,0.000321260473682683,0.0,2.42861286636753e-17,0.4,0.4,1.0099127391843012e-19,0.1999999999999999
2019-04-08,-0.0001978133474254903,0.31817566107371836,0.3181756610737184,0.4,0.25028289231829215,0.0,0.03154144660798944
2019-04-09,-0.0007237688752485386,0.25504056825383303,0.39999999999999997,0.3952423240644592,0.0,0.0,0.20475767593554095
2019-04-10,0.0012324950371717328,0.19524232406445907,0.4,0.20000000000000007,0.0,0.0,0.3999999999999999
2019-04-11,-5.222189383049581e-05,0.0,0.4,0.20000000000000007,0.0,0.0,0.3999999999999999
2019-04-12,-0.0037037406072923497,0.6000000000000001,0.0,0.4000000000000001,0.4000000000000001,1.8995321073535637e-18,0.1999999999999999
2019-04-15,0.0001785946409401662,5.551115123125783e-17,0.0,0.4,0.4,1.8995321073535637e-18,0.1999999999999999
2019-04-16,-0.0056275375465559396,0.0,0.0,0.4,0.4,1.8995321073535637e-18,0.1999999999999999
2019-04-17,-0.0007534796737385995,0.0,0.0,0.4,0.4,1.8995321073535637e-18,0.1999999999999999
2019-04-18,0.003958789217345604,0.4,0.4,0.4,2.417770844642675e-17,5.010985175395147e-19,0.1999999999999999
2019-04-22,-0.0015338942360802574,0.2,0.4,0.2,0.0,0.0,0.39999999999999986
2019-04-23,0.005402836720905047,0.0,0.4,0.2,0.0,0.0,0.39999999999999986
2019-04-24,0.0027317023128488487,0.0,0.4,0.2,0.0,0.0,0.39999999999999986
2019-04-25,0.00022305933579600505,0.0,0.4,0.2,0.0,0.0,0.39999999999999986
2019-04-26,0.0020879486064610212,0.0,0.4,0.2,0.0,0.0,0.39999999999999986
2019-04-29,-0.0015612693458296964,0.0,0.4,0.2,0.0,0.0,0.39999999999999986
2019-04-30,9.352761424752826e-06,0.0,0.4,0.2,0.0,0.0,0.39999999999999986
2019-05-01,-0.0017229984972222836,0.0,0.4,0.2,0.0,0.0,0.39999999999999986
2019-05-02,-0.000900127753585545,0.0,0.4,0.2,0.0,0.0,0.39999999999999986
2019-05-03,0.0029597718957178557,0.0,0.4,0.2,0.0,0.0,0.39999999999999986
2019-05-06,-0.0007906304236815489,0.0,0.4,0.2,0.0,0.0,0.39999999999999986
2019-05-07,-0.004841723690742583,0.0,0.4,0.2,0.0,0.0,0.39999999999999986
2019-05-08,-0.0012676284663507343,0.0,0.4,0.2,0.0,0.0,0.39999999999999986
2019-05-09,-0.0011535922522175387,0.0,0.4,0.2,0.0,0.0,0.39999999999999986
2019-05-10,0.0015844635209534496,0.0,0.4,0.2,0.0,0.0,0.39999999999999986
2019-05-13,-0.00848092188721763,0.0,0.4,0.2,0.0,0.0,0.39999999999999986
2019-05-14,0.0039465501156721984,0.0,0.4,0.2,0.0,0.0,0.39999999999999986
2019-05-15,0.003724159057675181,0.0,0.4,0.2,0.0,0.0,0.39999999999999986
2019-05-16,0.00410646368819989,0.0,0.4,0.2,0.0,0.0,0.39999999999999986
2019-05-17,-0.0012276622115773076,0.0,0.4,0.2,0.0,0.0,0.39999999999999986
2019-05-20,-0.003361329134779023,0.0,0.4,0.2,0.0,0.0,0.39999999999999986
2019-05-21,0.0038958937263678054,0.0,0.4,0.2,0.0,0.0,0.39999999999999986
2019-05-22,0.00022196305102393198,0.0,0.4,0.2,0.0,0.0,0.39999999999999986
2019-05-23,-0.0033958226255862197,0.0,0.4,0.2,0.0,0.0,0.39999999999999986
2019-05-24,-0.00028701801815564864,0.0,0.4,0.2,0.0,0.0,0.39999999999999986
2019-05-28,-0.0006042380121769951,0.0,0.4,0.2,0.0,0.0,0.39999999999999986
2019-05-29,-0.001167592592503475,0.0,0.4,0.2,0.0,0.0,0.39999999999999986
2019-05-30,0.0029636965983210308,0.0,0.4,0.2,0.0,0.0,0.39999999999999986
2019-05-31,-0.00455118788070532,0.0,0.4,0.2,0.0,0.0,0.39999999999999986
2019-06-03,0.0005946046973245972,0.19999999999999998,0.4,0.4,0.0,0.0,0.1999999999999999
2019-06-04,0.0059440239014462385,0.2000000000000001,0.4,0.19999999999999996,1.840601365030339e-18,0.0,0.4
2019-06-05,0.00371116632151054,0.0,0.4,0.19999999999999996,1.840601365030339e-18,0.0,0.4
2019-06-06,0.0018743229155558263,0.0,0.4,0.19999999999999996,1.840601365030339e-18,0.0,0.4
2019-06-07,0.004050648580954785,0.0,0.4,0.19999999999999996,1.840601365030339e-18,0.0,0.4
2019-06-10,0.0004138667757739086,0.0,0.4,0.19999999999999996,1.840601365030339e-18,0.0,0.4
2019-06-11,0.00017901135496529714,0.0,0.4,0.19999999999999996,1.840601365030339e-18,0.0,0.4
2019-06-12,0.0005207877069324685,0.0,0.4,0.19999999999999996,1.840601365030339e-18,0.0,0.4
2019-06-13,0.0026450321847630853,0.0,0.4,0.19999999999999996,1.840601365030339e-18,0.0,0.4
2019-06-14,0.002201283256969955,0.0,0.4,0.19999999999999996,1.840601365030339e-18,0.0,0.4
2019-06-17,0.000654005934289259,0.0,0.4,0.19999999999999996,1.840601365030339e-18,0.0,0.4
2019-06-18,0.005798769632131329,0.0,0.4,0.19999999999999996,1.840601365030339e-18,0.0,0.4
2019-06-19,-0.0006309202929033477,0.0,0.4,0.19999999999999996,1.840601365030339e-18,0.0,0.4
2019-06-20,0.0019107313639733282,0.0,0.4,0.19999999999999996,1.840601365030339e-18,0.0,0.4
2019-06-21,-0.004772523044092725,0.0,0.4,0.19999999999999996,1.840601365030339e-18,0.0,0.4
2019-06-24,0.00038486393200409775,0.0,0.4,0.19999999999999996,1.840601365030339e-18,0.0,0.4
2019-06-25,-0.0023776463432910516,0.0,0.4,0.19999999999999996,1.840601365030339e-18,0.0,0.4
2019-06-26,-0.0013708353626907806,0.0,0.4,0.19999999999999996,1.840601365030339e-18,0.0,0.4
2019-06-27,0.002827788718627788,0.0,0.4,0.19999999999999996,1.840601365030339e-18,0.0,0.4
2019-06-28,0.0016151241521949137,0.0,0.4,0.19999999999999996,1.840601365030339e-18,0.0,0.4
2019-07-01,0.006089948396716949,0.0,0.4,0.19999999999999996,1.840601365030339e-18,0.0,0.4
2019-07-02,0.0022785879114699532,0.0,0.4,0.19999999999999996,1.840601365030339e-18,0.0,0.4
2019-07-03,0.004623941911041163,0.0,0.4,0.19999999999999996,1.840601365030339e-18,0.0,0.4
2019-07-05,-0.000965517318573105,0.0,0.4,0.19999999999999996,1.840601365030339e-18,0.0,0.4
2019-07-08,-0.001164906713490721,0.0,0.4,0.19999999999999996,1.840601365030339e-18,0.0,0.4
2019-07-09,0.0007270724969046239,0.0,0.4,0.19999999999999996,1.840601365030339e-18,0.0,0.4
2019-07-10,-0.0008601100593587316,0.0,0.4,0.19999999999999996,1.840601365030339e-18,0.0,0.4
2019-07-11,-0.001732177588753125,0.0,0.4,0.19999999999999996,1.840601365030339e-18,0.0,0.4
2019-07-12,0.001259205990794765,0.0,0.4,0.19999999999999996,1.840601365030339e-18,0.0,0.4
2019-07-15,0.0018957612040209958,0.0,0.4,0.19999999999999996,1.840601365030339e-18,0.0,0.4
2019-07-16,-5.5694863060318104e-05,0.0,0.4,0.19999999999999996,1.840601365030339e-18,0.0,0.4
2019-07-17,-0.0013214121440503052,0.0,0.4,0.19999999999999996,1.840601365030339e-18,0.0,0.4
2019-07-18,-0.0006497456275291744,0.0,0.4,0.19999999999999996,1.840601365030339e-18,0.0,0.4
2019-07-19,-0.0007039328998949877,0.0,0.4,0.19999999999999996,1.840601365030339e-18,0.0,0.4
2019-07-22,0.002123029642531726,0.0,0.4,0.19999999999999996,1.840601365030339e-18,0.0,0.4
2019-07-23,0.0035908392430278775,0.0,0.4,0.19999999999999996,1.840601365030339e-18,0.0,0.4
2019-07-24,0.0027485281847063445,0.0,0.4,0.19999999999999996,1.840601365030339e-18,0.0,0.4
2019-07-25,-0.002110940646842829,0.0,0.4,0.19999999999999996,1.840601365030339e-18,0.0,0.4
2019-07-26,0.0037561981439512507,0.0,0.4,0.19999999999999996,1.840601365030339e-18,0.0,0.4
2019-07-29,-0.00036618410816422484,0.0,0.4,0.19999999999999996,1.840601365030339e-18,0.0,0.4
2019-07-30,-0.0004953969139043224,0.0,0.4,0.19999999999999996,1.840601365030339e-18,0.0,0.4
2019-07-31,-0.00035920211641355965,0.0,0.4,0.19999999999999996,1.840601365030339e-18,0.0,0.4
2019-08-01,-0.0007082943480291714,0.0,0.4,0.19999999999999996,1.840601365030339e-18,0.0,0.4
2019-08-02,-0.0020640402492903675,0.0,0.4,0.19999999999999996,1.840601365030339e-18,0.0,0.4
2019-08-05,-0.010527191699063734,0.0,0.4,0.19999999999999996,1.840601365030339e-18,0.0,0.4
2019-08-06,0.007661309216183599,0.0,0.4,0.19999999999999996,1.840601365030339e-18,0.0,0.4
2019-08-07,5.737292863816602e-06,0.0,0.4,0.19999999999999996,1.840601365030339e-18,0.0,0.4
2019-08-08,0.0085786688403799,0.0,0.4,0.19999999999999996,1.840601365030339e-18,0.0,0.4
2019-08-09,-0.0035765732217408084,0.0,0.4,0.19999999999999996,1.840601365030339e-18,0.0,0.4
2019-08-12,-0.0010016740855570043,0.0,0.4,0.19999999999999996,1.840601365030339e-18,0.0,0.4
2019-08-13,0.007350449980670338,0.0,0.4,0.19999999999999996,1.840601365030339e-18,0.0,0.4
2019-08-14,-0.006417529065897922,0.0,0.4,0.19999999999999996,1.840601365030339e-18,0.0,0.4
2019-08-15,0.003581218636779404,0.0,0.4,0.19999999999999996,1.840601365030339e-18,0.0,0.4
2019-08-16,0.004600132200068496,0.0,0.4,0.19999999999999996,1.840601365030339e-18,0.0,0.4
2019-08-19,0.002858844398360284,0.0,0.4,0.19999999999999996,1.840601365030339e-18,0.0,0.4
2019-08-20,-0.0018942719558949779,0.0,0.4,0.19999999999999996,1.840601365030339e-18,0.0,0.4
2019-08-21,0.002371239444701124,0.0,0.4,0.19999999999999996,1.840601365030339e-18,0.0,0.4
2019-08-22,-0.0017509689696059813,0.0,0.4,0.19999999999999996,1.840601365030339e-18,0.0,0.4
2019-08-23,-0.009237712369293674,0.0,0.4,0.19999999999999996,1.840601365030339e-18,0.0,0.4
2019-08-26,0.005726472310911879,0.0,0.4,0.19999999999999996,1.840601365030339e-18,0.0,0.4
2019-08-27,0.001212159692591718,0.0,0.4,0.19999999999999996,1.840601365030339e-18,0.0,0.4
2019-08-28,0.003975077211214017,0.0,0.4,0.19999999999999996,1.840601365030339e-18,0.0,0.4
2019-08-29,0.005400028421625503,0.0,0.4,0.19999999999999996,1.840601365030339e-18,0.0,0.4
2019-08-30,0.0013709564854889056,0.0,0.4,0.19999999999999996,1.840601365030339e-18,0.0,0.4
2019-09-03,-0.0011871367346655503,0.0,0.4,0.19999999999999996,1.840601365030339e-18,0.0,0.4
2019-09-04,0.002313799439323461,0.0,0.4,0.19999999999999996,1.840601365030339e-18,0.0,0.4
2019-09-05,0.0016696232081792506,0.0,0.4,0.19999999999999996,1.840601365030339e-18,0.0,0.4
2019-09-06,0.0018812170946890469,0.0,0.4,0.19999999999999996,1.840601365030339e-18,0.0,0.4
2019-09-09,-0.004098566454058282,0.0,0.4,0.19999999999999996,1.840601365030339e-18,0.0,0.4
2019-09-10,-0.003150535915332896,0.0,0.4,0.19999999999999996,1.840601365030339e-18,0.0,0.4
2019-09-11,0.003684805501596711,0.0,0.4,0.19999999999999996,1.840601365030339e-18,0.0,0.4
2019-09-12,-0.0011168469886081661,0.0,0.4,0.19999999999999996,1.840601365030339e-18,0.0,0.4
2019-09-13,-0.0051353351153108785,0.0,0.4,0.19999999999999996,1.840601365030339e-18,0.0,0.4
2019-09-16,0.003109638766022948,0.0,0.4,0.19999999999999996,1.840601365030339e-18,0.0,0.4
2019-09-17,0.00030917649928929826,0.0,0.4,0.19999999999999996,1.840601365030339e-18,0.0,0.4
2019-09-18,0.0025850605431084524,0.0,0.4,0.19999999999999996,1.840601365030339e-18,0.0,0.4
2019-09-19,-0.0003197456243012377,0.0,0.4,0.19999999999999996,1.840601365030339e-18,0.0,0.4
2019-09-20,0.0017984460078737544,0.0,0.4,0.19999999999999996,1.840601365030339e-18,0.0,0.4
2019-09-23,0.0004602286015943814,0.0,0.4,0.19999999999999996,1.840601365030339e-18,0.0,0.4
2019-09-24,-0.0022164428647510454,0.0,0.4,0.19999999999999996,1.840601365030339e-18,0.0,0.4
2019-09-25,0.0025782766943152524,0.0,0.4,0.19999999999999996,1.840601365030339e-18,0.0,0.4
2019-09-26,0.001524808761333379,0.008793815240036959,0.4,0.20879381524003696,6.625800070485467e-19,5.004681452666647e-19,0.3912061847599631
2019-09-27,-0.0022201307115484723,0.0,0.4,0.20879381524003696,6.625800070485467e-19,5.004681452666647e-19,0.3912061847599631
2019-09-30,0.003670607868036847,0.0,0.4,0.20879381524003696,6.625800070485467e-19,5.004681452666647e-19,0.3912061847599631
2019-10-01,-0.005428563454966905,0.0,0.4,0.20879381524003696,6.625800070485467e-19,5.004681452666647e-19,0.3912061847599631
2019-10-02,-0.0068454369765755365,0.0,0.4,0.20879381524003696,6.625800070485467e-19,5.004681452666647e-19,0.3912061847599631
2019-10-03,0.0052036456720519235,0.0175611378486029,0.4,0.22635495308863984,0.0,0.0,0.3736450469113602
2019-10-04,0.006806996213207442,0.0,0.4,0.22635495308863984,0.0,0.0,0.3736450469113602
2019-10-07,-0.00290899025591203,0.0,0.4,0.22635495308863984,0.0,0.0,0.3736450469113602
2019-10-08,-0.0050469031800277776,0.0,0.4,0.22635495308863984,0.0,0.0,0.3736450469113602
2019-10-09,0.002243694789923676,0.0,0.4,0.22635495308863984,0.0,0.0,0.3736450469113602
2019-10-10,-0.002373285634312527,0.017252752778454658,0.4,0.2436077058670945,1.2063924845480378e-18,7.579938084233334e-19,0.3563922941329055
2019-10-11,-0.0001921908525845742,0.0,0.4,0.2436077058670945,1.2063924845480378e-18,7.579938084233334e-19,0.3563922941329055
2019-10-14,0.0023867310162555572,0.0,0.4,0.2436077058670945,1.2063924845480378e-18,7.579938084233334e-19,0.3563922941329055
2019-10-15,-4.438742282159274e-05,0.0,0.4,0.2436077058670945,1.2063924845480378e-18,7.579938084233334e-19,0.3563922941329055
2019-10-16,-0.001276401836335692,0.0,0.4,0.2436077058670945,1.2063924845480378e-18,7.579938084233334e-19,0.3563922941329055
2019-10-17,-0.0007234125745208266,0.01613823497497137,0.4,0.25974594084206587,7.574869583239843e-19,1.408008261815287e-18,0.34025405915793416
2019-10-18,-0.0030276219882994296,0.0,0.4,0.25974594084206587,7.574869583239843e-19,1.408008261815287e-18,0.34025405915793416
2019-10-21,0.00101400177356853,0.0,0.4,0.25974594084206587,7.574869583239843e-19,1.408008261815287e-18,0.34025405915793416
2019-10-22,0.0009803566365561838,0.0,0.4,0.25974594084206587,7.574869583239843e-19,1.408008261815287e-18,0.34025405915793416
2019-10-23,0.001297167903465987,0.0,0.4,0.25974594084206587,7.574869583239843e-19,1.408008261815287e-18,0.34025405915793416
2019-10-24,0.0010762139132755343,0.015645461976416586,0.4,0.27539140281848246,0.0,0.0,0.3246085971815176
2019-10-25,0.0006574261767699329,0.0,0.4,0.27539140281848246,0.0,0.0,0.3246085971815176
2019-10-28,-0.0004932651039940535,0.0,0.4,0.27539140281848246,0.0,0.0,0.3246085971815176
2019-10-29,-5.945953975606042e-05,0.0,0.4,0.27539140281848246,0.0,0.0,0.3246085971815176
2019-10-30,0.004527491827492233,0.0,0.4,0.27539140281848246,0.0,0.0,0.3246085971815176
2019-10-31,0.002273433716282772,0.015157117390647458,0.4,0.2905485202091299,1.2928507041613336e-18,1.2928507041613336e-18,0.3094514797908701
2019-11-01,0.0026947804469550944,0.0,0.4,0.2905485202091299,1.2928507041613336e-18,1.2928507041613336e-18,0.3094514797908701
2019-11-04,-0.0010527894429488809,0.0,0.4,0.2905485202091299,1.2928507041613336e-18,1.2928507041613336e-18,0.3094514797908701
2019-11-05,-0.0025501472990300056,0.0,0.4,0.2905485202091299,1.2928507041613336e-18,1.2928507041613336e-18,0.3094514797908701
2019-11-06,0.001849507122757608,0.0,0.4,0.2905485202091299,1.2928507041613336e-18,1.2928507041613336e-18,0.3094514797908701
2019-11-07,-0.0034574040292344598,0.01439081426599881,0.4,0.3049393344751287,0.0,0.0,0.2950606655248713
2019-11-08,0.0003629888699355978,0.0,0.4,0.3049393344751287,0.0,0.0,0.2950606655248713
2019-11-11,-0.000999095761885043,0.0,0.4,0.3049393344751287,0.0,0.0,0.2950606655248713
2019-11-12,0.002682980603206949,0.0,0.4,0.3049393344751287,0.0,0.0,0.2950606655248713
2019-11-13,0.0019985657194975426,0.0,0.4,0.3049393344751287,0.0,0.0,0.2950606655248713
2019-11-14,0.003664271917136307,0.013697871124747798,0.4,0.3186372055998765,1.241348437343388e-18,9.450739065193133e-19,0.2813627944001235
2019-11-15,0.0019198729398548422,0.0,0.4,0.3186372055998765,1.241348437343388e-18,9.450739065193133e-19,0.2813627944001235
2019-11-18,0.00034851925684587176,0.0,0.4,0.3186372055998765,1.241348437343388e-18,9.450739065193133e-19,0.2813627944001235
2019-11-19,0.0028552648748995536,1.0029782366730927e-21,0.4,0.3186372055998765,1.2401851346675849e-18,9.442312527217703e-19,0.2813627944001235
2019-11-20,0.0018096946887800201,0.0,0.4,0.3186372055998765,1.2401851346675849e-18,9.442312527217703e-19,0.2813627944001235
2019-11-21,-0.002329138816104177,0.014351731085050947,0.4,0.33298893668492746,0.0,0.0,0.26701106331507257
2019-11-22,0.002114694768858886,0.0,0.4,0.33298893668492746,0.0,0.0,0.26701106331507257
2019-11-25,0.0042744210078322405,0.0,0.4,0.33298893668492746,0.0,0.0,0.26701106331507257
2019-11-26,0.002554727125410226,0.0,0.4,0.33298893668492746,0.0,0.0,0.26701106331507257
2019-11-27,0.0012129462743160292,0.0,0.4,0.33298893668492746,0.0,0.0,0.26701106331507257
2019-11-29,-0.002505292322030393,0.014164288687759985,0.4,0.34715322537268745,5.7871019864356e-19,0.0,0.2528467746273126
2019-12-02,-0.009060049774781047,0.0,0.4,0.34715322537268745,5.7871019864356e-19,0.0,0.2528467746273126
2019-12-03,0.004313210052136325,0.0,0.4,0.34715322537268745,5.7871019864356e-19,0.0,0.2528467746273126
2019-12-04,-0.001281683835775759,0.0,0.4,0.34715322537268745,5.7871019864356e-19,0.0,0.2528467746273126
2019-12-05,-0.001536772579133505,0.0,0.4,0.34715322537268745,5.7871019864356e-19,0.0,0.2528467746273126
2019-12-06,0.0025464143412028393,0.014404574920293456,0.4,0.3615578002929809,1.3413711356824956e-18,1.1943155423493396e-19,0.23844219970701913
2019-12-09,-0.0007409962087759545,0.0,0.4,0.3615578002929809,1.3413711356824956e-18,1.1943155423493396e-19,0.23844219970701913
2019-12-10,-0.0006874197773591917,0.0,0.4,0.3615578002929809,1.3413711356824956e-18,1.1943155423493396e-19,0.23844219970701913
2019-12-11,0.0030855042713578045,0.0,0.4,0.3615578002929809,1.3413711356824956e-18,1.1943155423493396e-19,0.23844219970701913
2019-12-12,-0.002144589350208153,0.0,0.4,0.3615578002929809,1.3413711356824956e-18,1.1943155423493396e-19,0.23844219970701913
2019-12-13,0.004578766821626551,0.013563412526039584,0.4000000000000001,0.37512121281902044,9.242328395575876e-20,0.0,0.22487878718097956
2019-12-16,-0.0010459130790720643,2.7755575615628914e-17,0.4,0.37512121281902044,9.242328395575876e-20,0.0,0.22487878718097956
2019-12-17,-7.1520546995022945e-06,0.0,0.4,0.37512121281902044,9.242328395575876e-20,0.0,0.22487878718097956
2019-12-18,-0.0026336638486927763,0.0,0.4,0.37512121281902044,9.242328395575876e-20,0.0,0.22487878718097956
2019-12-19,0.0022397610812014386,0.0,0.4,0.37512121281902044,9.242328395575876e-20,0.0,0.22487878718097956
2019-12-20,0.00297928665048326,0.01301223822919774,0.4000000000000001,0.3881334510482181,0.0,0.0,0.2118665489517818
2019-12-23,-6.958480312510692e-05,4.163336342344337e-17,0.4000000000000001,0.38813345104821817,0.0,0.0,0.21186654895178184
2019-12-24,0.0011215852558370087,2.7755575615628914e-17,0.4,0.38813345104821817,0.0,0.0,0.21186654895178184
2019-12-26,0.002742566940883256,0.0,0.4,0.38813345104821817,0.0,0.0,0.21186654895178184
2019-12-27,-0.0007248608694491964,0.0,0.4,0.38813345104821817,0.0,0.0,0.21186654895178184
2019-12-30,-0.004045014948747538,0.011866548951781852,0.4,0.4,0.0,0.0,0.19999999999999998
2019-12-31,-0.003483616381772792,0.0,0.4,0.4,0.0,0.0,0.19999999999999998
2020-01-02,0.008951154833449992,0.0,0.4,0.4,0.0,0.0,0.19999999999999998
2020-01-03,0.003361310189673272,0.0,0.4,0.4,0.0,0.0,0.19999999999999998
2020-01-06,-0.0012052255319129792,0.0,0.4,0.4,0.0,0.0,0.19999999999999998
2020-01-07,-0.0023996828011491724,0.0,0.4,0.4,0.0,0.0,0.19999999999999998
2020-01-08,2.365996717932327e-05,0.0,0.4,0.4,0.0,0.0,0.19999999999999998
2020-01-09,0.004498236316943238,0.0,0.4,0.4,0.0,0.0,0.19999999999999998
2020-01-10,0.002252794369300215,0.0,0.4,0.4,0.0,0.0,0.19999999999999998
2020-01-13,0.0015374444226073701,0.0,0.4,0.4,0.0,0.0,0.19999999999999998
2020-01-14,0.0015239848137081238,0.0,0.4,0.4,0.0,0.0,0.19999999999999998
2020-01-15,0.0032516041836015085,0.0,0.4,0.4,0.0,0.0,0.19999999999999998
2020-01-16,0.0023727226595548602,0.0,0.4,0.4,0.0,0.0,0.19999999999999998
2020-01-17,-0.001488218349762782,0.0,0.4,0.4,0.0,0.0,0.19999999999999998
2020-01-21,0.0032670665317095617,0.0,0.4,0.4,0.0,0.0,0.19999999999999998
2020-01-22,0.0013015149991941757,0.0,0.4,0.4,0.0,0.0,0.19999999999999998
2020-01-23,0.0037922472714968514,0.0,0.4,0.4,0.0,0.0,0.19999999999999998
2020-01-24,-1.8216911013624066e-05,0.0,0.4,0.4,0.0,0.0,0.19999999999999998
2020-01-27,0.00011312035247867946,0.0,0.4,0.4,0.0,0.0,0.19999999999999998
2020-01-28,0.0010592015024650796,0.0,0.4,0.4,0.0,0.0,0.19999999999999998
2020-01-29,0.0038838975767632182,0.0,0.4,0.4,0.0,0.0,0.19999999999999998
2020-01-30,0.0007490751858356681,0.0,0.4,0.4,0.0,0.0,0.19999999999999998
2020-01-31,-0.0044448214195783155,0.0,0.4,0.4,0.0,0.0,0.19999999999999998
2020-02-03,0.003636647884328337,0.0,0.4,0.4,0.0,0.0,0.19999999999999998
2020-02-04,0.001012751912105125,0.0,0.4,0.4,0.0,0.0,0.19999999999999998
2020-02-05,0.0010011152663475628,0.0,0.4,0.4,0.0,0.0,0.19999999999999998
2020-02-06,0.003525457468623028,0.0,0.4,0.4,0.0,0.0,0.19999999999999998
2020-02-07,0.0033105279871288753,0.0,0.4,0.4,0.0,0.0,0.19999999999999998
2020-02-10,0.004394004014691078,0.0,0.4,0.4,0.0,0.0,0.19999999999999998
2020-02-11,-0.0015475950120305002,0.0,0.4,0.4,0.0,0.0,0.19999999999999998
2020-02-12,0.0010754381404766812,0.0,0.4,0.4,0.0,0.0,0.19999999999999998
2020-02-13,0.001332266691436157,0.0,0.4,0.4,0.0,0.0,0.19999999999999998
2020-02-14,0.0023172027932593098,0.0,0.4,0.4,0.0,0.0,0.19999999999999998
2020-02-18,0.0024560919920932015,0.0,0.4,0.4,0.0,0.0,0.19999999999999998
2020-02-19,0.00225724243648,0.0,0.4,0.4,0.0,0.0,0.19999999999999998
2020-02-20,0.0020848045882540856,0.0,0.4,0.4,0.0,0.0,0.19999999999999998
2020-02-21,-0.0015688376588764543,0.0,0.4,0.4,0.0,0.0,0.19999999999999998
2020-02-24,-0.0072200965892439415,0.0,0.4,0.4,0.0,0.0,0.19999999999999998
2020-02-25,-0.010587096451265232,0.0,0.4,0.4,0.0,0.0,0.19999999999999998
2020-02-26,-0.0034404243782446557,0.0,0.4,0.4,0.0,0.0,0.19999999999999998
2020-02-27,-0.014820335121688278,0.0,0.4,0.4,0.0,0.0,0.19999999999999998
2020-02-28,-0.004130336421117655,0.34411506072285863,0.1641013221389579,0.29178361713818357,0.24736443195397853,2.9223255508252557e-19,0.29675062876888014
2020-03-02,0.004457332821263943,0.015770210359980025,0.15529659145534,0.2848181374618214,0.25751739360731735,6.050244452646627e-20,0.3023678774755213
2020-03-03,0.007506763886392984,0.025016874475060097,0.1414328424036669,0.27366501203843435,0.27373225608677043,2.406279559664947e-19,0.3111698894711283
2020-03-04,0.00458469547755512,0.0,0.1414328424036669,0.27366501203843435,0.27373225608677043,2.406279559664947e-19,0.3111698894711283
2020-03-05,0.005734155802834251,0.00983834049259899,0.14500386535833223,0.279932329576368,0.27231377199535006,0.0,0.30275003306994963
2020-03-06,0.010514398781419501,0.0034304069465127957,0.1427457795892758,0.27876000839891163,0.2752457193150079,1.839430423206766e-19,0.3032484926968046
2020-03-09,-0.006401048651197509,0.0,0.1427457795892758,0.27876000839891163,0.2752457193150079,1.839430423206766e-19,0.3032484926968046
2020-03-10,-0.008233866427830576,0.0,0.1427457795892758,0.27876000839891163,0.2752457193150079,1.839430423206766e-19,0.3032484926968046
2020-03-11,-0.017731739613794685,0.0,0.1427457795892758,0.27876000839891163,0.2752457193150079,1.839430423206766e-19,0.3032484926968046
2020-03-12,-0.019825635865508246,0.0061143437639736425,0.14411063171243224,0.2835095000397289,0.27515891296869466,1.7495124543422215e-19,0.29722095527914427
2020-03-13,0.00875592775888223,0.0,0.14411063171243224,0.2835095000397289,0.27515891296869466,1.7495124543422215e-19,0.29722095527914427
2020-03-16,-0.010088851912606705,0.0,0.14411063171243224,0.2835095000397289,0.27515891296869466,1.7495124543422215e-19,0.29722095527914427
2020-03-17,-0.00213504647517628,0.0,0.14411063171243224,0.2835095000397289,0.27515891296869466,1.7495124543422215e-19,0.29722095527914427
2020-03-18,-0.024263571088698515,0.0,0.14411063171243224,0.2835095000397289,0.27515891296869466,1.7495124543422215e-19,0.29722095527914427
2020-03-19,0.009863484041174524,0.0,0.14411063171243224,0.2835095000397289,0.27515891296869466,1.7495124543422215e-19,0.29722095527914427
2020-03-20,0.018387964048630773,0.0,0.14411063171243224,0.2835095000397289,0.27515891296869466,1.7495124543422215e-19,0.29722095527914427
2020-03-23,0.01973068445706041,0.0,0.14411063171243224,0.2835095000397289,0.27515891296869466,1.7495124543422215e-19,0.29722095527914427
2020-03-24,0.017732464116960264,0.0,0.14411063171243224,0.2835095000397289,0.27515891296869466,1.7495124543422215e-19,0.29722095527914427
2020-03-25,-0.005048122092278023,0.0,0.14411063171243224,0.2835095000397289,0.27515891296869466,1.7495124543422215e-19,0.29722095527914427
2020-03-26,0.008697875161844552,0.008039384082896991,0.14450783202584194,0.29115168380921613,0.2732336581827278,6.78170262277514e-19,0.29110682598221405
2020-03-27,-0.0006741700378306206,0.0,0.14450783202584194,0.29115168380921613,0.2732336581827278,6.78170262277514e-19,0.29110682598221405
2020-03-30,0.004806350680056363,0.0,0.14450783202584194,0.29115168380921613,0.2732336581827278,6.78170262277514e-19,0.29110682598221405
2020-03-31,-0.01343561440123098,0.0,0.14450783202584194,0.29115168380921613,0.2732336581827278,6.78170262277514e-19,0.29110682598221405
2020-04-01,0.0020037681391073866,0.0,0.14450783202584194,0.29115168380921613,0.2732336581827278,6.78170262277514e-19,0.29110682598221405
2020-04-02,0.011163456593073327,0.008260575470118867,0.14490990713118987,0.29901018417398706,0.271115768529654,3.478413655354053e-19,0.28496414016516897
2020-04-03,0.001530631355206678,0.0,0.14490990713118987,0.29901018417398706,0.271115768529654,3.478413655354053e-19,0.28496414016516897
2020-04-06,0.016569352711298474,0.0,0.14490990713118987,0.29901018417398706,0.271115768529654,3.478413655354053e-19,0.28496414016516897
2020-04-07,-0.0070447019689408065,0.0,0.14490990713118987,0.29901018417398706,0.271115768529654,3.478413655354053e-19,0.28496414016516897
2020-04-08,0.0013271044572810784,0.0,0.14490990713118987,0.29901018417398706,0.271115768529654,3.478413655354053e-19,0.28496414016516897
2020-04-09,0.007751016726372058,0.00876401668673446,0.14644246859884222,0.30624163939306914,0.26867880157673546,0.0,0.27863709043135304
2020-04-13,5.891666562496487e-05,0.0,0.14644246859884222,0.30624163939306914,0.26867880157673546,0.0,0.27863709043135304
2020-04-14,0.004805133518409038,0.0,0.14644246859884222,0.30624163939306914,0.26867880157673546,0.0,0.27863709043135304
2020-04-15,0.005711972557692551,0.0,0.14644246859884222,0.30624163939306914,0.26867880157673546,0.0,0.27863709043135304
2020-04-16,0.005192263170179303,0.0,0.14644246859884222,0.30624163939306914,0.26867880157673546,0.0,0.27863709043135304
2020-04-17,-0.00611427154501094,0.01028770380710968,0.1477277315063722,0.31524408029264894,0.26682239481111797,0.0,0.27020579338986095
2020-04-20,0.0027352620274629673,0.0,0.1477277315063722,0.31524408029264894,0.26682239481111797,0.0,0.27020579338986095
2020-04-21,-0.0019382654310305973,0.0,0.1477277315063722,0.31524408029264894,0.26682239481111797,0.0,0.27020579338986095
2020-04-22,0.006103041270300052,0.0,0.1477277315063722,0.31524408029264894,0.26682239481111797,0.0,0.27020579338986095
2020-04-23,0.0044182117567385494,0.0,0.1477277315063722,0.31524408029264894,0.26682239481111797,0.0,0.27020579338986095
2020-04-24,0.0011182329388654496,0.009512200124178583,0.1489693741613411,0.32351463776185857,0.2665667874134281,3.470428467716063e-20,0.2609492006633722
2020-04-27,-0.0063161812328197085,0.0,0.1489693741613411,0.32351463776185857,0.2665667874134281,3.470428467716063e-20,0.2609492006633722
2020-04-28,0.0015622029959792341,0.0,0.1489693741613411,0.32351463776185857,0.2665667874134281,3.470428467716063e-20,0.2609492006633722
2020-04-29,0.0026357436129378353,0.0,0.1489693741613411,0.32351463776185857,0.2665667874134281,3.470428467716063e-20,0.2609492006633722
2020-04-30,-0.011639447330480755,0.0,0.1489693741613411,0.32351463776185857,0.2665667874134281,3.470428467716063e-20,0.2609492006633722
2020-05-01,0.0007728026214419738,0.009076741482494141,0.15063925557445682,0.33092149783123703,0.266530386645759,1.7672018734220496e-19,0.25190885994854717
2020-05-04,0.0012018945639196276,0.0,0.15063925557445682,0.33092149783123703,0.266530386645759,1.7672018734220496e-19,0.25190885994854717
2020-05-05,0.0005907105718388403,0.0,0.15063925557445682,0.33092149783123703,0.266530386645759,1.7672018734220496e-19,0.25190885994854717
2020-05-06,-0.008573725251948317,0.0,0.15063925557445682,0.33092149783123703,0.266530386645759,1.7672018734220496e-19,0.25190885994854717
2020-05-07,0.010694541964249071,0.0,0.15063925557445682,0.33092149783123703,0.266530386645759,1.7672018734220496e-19,0.25190885994854717
2020-05-08,-0.003562990837544855,0.008594459220616496,0.15226091337937583,0.3378942992469345,0.2660568256317828,7.435431235620104e-20,0.24378796174190687
2020-05-11,-0.0033629662918888818,0.0,0.15226091337937583,0.3378942992469345,0.2660568256317828,7.435431235620104e-20,0.24378796174190687
2020-05-12,0.00101901931267861,0.0,0.15226091337937583,0.3378942992469345,0.2660568256317828,7.435431235620104e-20,0.24378796174190687
2020-05-13,0.0026814092994305147,0.0,0.15226091337937583,0.3378942992469345,0.2660568256317828,7.435431235620104e-20,0.24378796174190687
2020-05-14,0.007753413616582491,0.0,0.15226091337937583,0.3378942992469345,0.2660568256317828,7.435431235620104e-20,0.24378796174190687
2020-05-15,0.0014939031349507558,0.00781820980230398,0.1533999038343027,0.3445735185943116,0.26598850039747873,0.0,0.23603807717390696
2020-05-18,-0.0068149274480779,0.0,0.1533999038343027,0.3445735185943116,0.26598850039747873,0.0,0.23603807717390696
2020-05-19,0.0021053351913639306,0.0,0.1533999038343027,0.3445735185943116,0.26598850039747873,0.0,0.23603807717390696
2020-05-20,0.003480528552460973,0.0,0.1533999038343027,0.3445735185943116,0.26598850039747873,0.0,0.23603807717390696
2020-05-21,-0.0035482110010325637,0.0,0.1533999038343027,0.3445735185943116,0.26598850039747873,0.0,0.23603807717390696
2020-05-22,0.004656021211274676,0.008071412725106517,0.15532276339130266,0.3507220717624182,0.26583908102169856,2.0074765537208136e-19,0.22811608382458065
2020-05-26,-0.008258636760983196,0.0,0.15532276339130266,0.3507220717624182,0.26583908102169856,2.0074765537208136e-19,0.22811608382458065
2020-05-27,0.0020607831709473813,0.0,0.15532276339130266,0.3507220717624182,0.26583908102169856,2.0074765537208136e-19,0.22811608382458065
2020-05-28,-0.0018790923319666761,0.0,0.15532276339130266,0.3507220717624182,0.26583908102169856,2.0074765537208136e-19,0.22811608382458065
2020-05-29,0.00481031561864549,0.0,0.15532276339130266,0.3507220717624182,0.26583908102169856,2.0074765537208136e-19,0.22811608382458065
2020-06-01,-0.0017689069498487808,0.008363955714577431,0.15759608984441173,0.3557839599986092,0.26686782204697596,0.0,0.21975212811000322
2020-06-02,-0.001966324863940401,0.0,0.15759608984441173,0.3557839599986092,0.26686782204697596,0.0,0.21975212811000322
2020-06-03,-0.00888823738004535,0.0,0.15759608984441173,0.3557839599986092,0.26686782204697596,0.0,0.21975212811000322
2020-06-04,-0.0035930908034017875,0.0,0.15759608984441173,0.3557839599986092,0.26686782204697596,0.0,0.21975212811000322
2020-06-05,-0.0034861154825878084,0.0,0.15759608984441173,0.3557839599986092,0.26686782204697596,0.0,0.21975212811000322
2020-06-08,0.005662486561005472,0.008275868291732921,0.16072982727346924,0.35961314589370674,0.2681807670145538,6.390693553867682e-21,0.21147625981827028
2020-06-09,0.004824768993838177,0.0,0.16072982727346924,0.35961314589370674,0.2681807670145538,6.390693553867682e-21,0.21147625981827028
2020-06-10,0.007221879700151566,0.0,0.16072982727346924,0.35961314589370674,0.2681807670145538,6.390693553867682e-21,0.21147625981827028
2020-06-11,-0.002282873183456822,0.0,0.16072982727346924,0.35961314589370674,0.2681807670145538,6.390693553867682e-21,0.21147625981827028
2020-06-12,-0.0005972884063235803,0.0,0.16072982727346924,0.35961314589370674,0.2681807670145538,6.390693553867682e-21,0.21147625981827028
2020-06-15,0.0003951023143663879,0.009000090214049988,0.16318753828772817,0.364031100005345,0.2703051921027066,0.0,0.2024761696042203
2020-06-16,-0.0019547069586696125,0.0,0.16318753828772817,0.364031100005345,0.2703051921027066,0.0,0.2024761696042203
2020-06-17,0.0014957668910814282,0.0,0.16318753828772817,0.364031100005345,0.2703051921027066,0.0,0.2024761696042203
2020-06-18,0.0041562445227927925,0.0,0.16318753828772817,0.364031100005345,0.2703051921027066,0.0,0.2024761696042203
2020-06-19,0.002571911389286691,0.0,0.16318753828772817,0.364031100005345,0.2703051921027066,0.0,0.2024761696042203
2020-06-22,0.0018429526953404663,0.008801549586174642,0.165727694453206,0.3678663962494931,0.27273128927925533,5.407270302084154e-19,0.19367462001804567
2020-06-23,-0.00011913701291383846,0.0,0.165727694453206,0.3678663962494931,0.27273128927925533,5.407270302084154e-19,0.19367462001804567
2020-06-24,-0.000343684552320052,0.0,0.165727694453206,0.3678663962494931,0.27273128927925533,5.407270302084154e-19,0.19367462001804567
2020-06-25,0.0029680915512375807,0.0,0.165727694453206,0.3678663962494931,0.27273128927925533,5.407270302084154e-19,0.19367462001804567
2020-06-26,0.0015125642335207983,0.0,0.165727694453206,0.3678663962494931,0.27273128927925533,5.407270302084154e-19,0.19367462001804567
2020-06-29,0.0015158543283192553,0.00903834895171228,0.16783786563376923,0.37187261852460857,0.27565324477528885,3.0625637328685067e-19,0.18463627106633335
2020-06-30,0.0012876937513739287,0.0,0.16783786563376923,0.37187261852460857,0.27565324477528885,3.0625637328685067e-19,0.18463627106633335
2020-07-01,-0.0012025637097707379,0.0,0.16783786563376923,0.37187261852460857,0.27565324477528885,3.0625637328685067e-19,0.18463627106633335
2020-07-02,0.0020639038304457805,0.00899364771433489,0.17028568793570956,0.37550742281328453,0.2785642658990075,0.0,0.1756426233519985
2020-07-06,0.0018235722889501766,0.0,0.17028568793570956,0.37550742281328453,0.2785642658990075,0.0,0.1756426233519985
2020-07-07,0.005702678700315786,0.00920346797970692,0.17294174583955807,0.37901885972535315,0.28160023906279724,4.261536552739568e-19,0.16643915537229154
2020-07-08,0.0006685224312317534,0.0,0.17294174583955807,0.37901885972535315,0.28160023906279724,4.261536552739568e-19,0.16643915537229154
2020-07-09,0.00486351399258252,0.0,0.17294174583955807,0.37901885972535315,0.28160023906279724,4.261536552739568e-19,0.16643915537229154
2020-07-10,-0.001123724457045198,0.0,0.17294174583955807,0.37901885972535315,0.28160023906279724,4.261536552739568e-19,0.16643915537229154
2020-07-13,-0.00014967888175700063,0.0,0.17294174583955807,0.37901885972535315,0.28160023906279724,4.261536552739568e-19,0.16643915537229154
2020-07-14,0.0038524755611417743,0.009867150450974277,0.1754892426529972,0.3832832388983092,0.2846555135273764,0.0,0.1565720049213173
2020-07-15,-0.0003468748953299643,0.0,0.1754892426529972,0.3832832388983092,0.2846555135273764,0.0,0.1565720049213173
2020-07-16,-0.0009051649506761324,0.0,0.1754892426529972,0.3832832388983092,0.2846555135273764,0.0,0.1565720049213173
2020-07-17,0.001389850668924593,0.0,0.1754892426529972,0.3832832388983092,0.2846555135273764,0.0,0.1565720049213173
2020-07-20,0.0034910393739568807,0.0,0.1754892426529972,0.3832832388983092,0.2846555135273764,0.0,0.1565720049213173
2020-07-21,0.0031753023397692766,0.010347764701000878,0.1783493112903874,0.38767325197143776,0.28775319651785847,0.0,0.14622424022031638
2020-07-22,0.006150574438398973,0.0,0.1783493112903874,0.38767325197143776,0.28775319651785847,0.0,0.14622424022031638
2020-07-23,0.004655087045128405,0.0,0.1783493112903874,0.38767325197143776,0.28775319651785847,0.0,0.14622424022031638
2020-07-24,0.0006690415658395889,0.0,0.1783493112903874,0.38767325197143776,0.28775319651785847,0.0,0.14622424022031638
2020-07-27,0.004456420286762717,0.0,0.1783493112903874,0.38767325197143776,0.28775319651785847,0.0,0.14622424022031638
2020-07-28,0.0042170353165192345,0.011830625541857764,0.18097859579998055,0.39224732427640024,0.29238046524516065,0.0,0.13439361467845867
2020-07-29,0.003117365842668417,0.0,0.18097859579998055,0.39224732427640024,0.29238046524516065,0.0,0.13439361467845867
2020-07-30,-0.0007575475912598899,0.0,0.18097859579998055,0.39224732427640024,0.29238046524516065,0.0,0.13439361467845867
2020-07-31,0.004637382992624504,0.0,0.18097859579998055,0.39224732427640024,0.29238046524516065,0.0,0.13439361467845867
2020-08-03,-0.000385539155568047,0.0,0.18097859579998055,0.39224732427640024,0.29238046524516065,0.0,0.13439361467845867
2020-08-04,0.010379220668767904,0.011984662808545404,0.18367051022882444,0.3966943261556446,0.29722621174561775,3.513031070758346e-19,0.12240895186991321
2020-08-05,-0.00010278330043314099,0.0,0.18367051022882444,0.3966943261556446,0.29722621174561775,3.513031070758346e-19,0.12240895186991321
2020-08-06,0.007389103205519668,0.0,0.18367051022882444,0.3966943261556446,0.29722621174561775,3.513031070758346e-19,0.12240895186991321
2020-08-07,-0.006501848297228244,0.0,0.18367051022882444,0.3966943261556446,0.29722621174561775,3.513031070758346e-19,0.12240895186991321
2020-08-10,-0.002059871034397192,0.0,0.18367051022882444,0.3966943261556446,0.29722621174561775,3.513031070758346e-19,0.12240895186991321
2020-08-11,-0.022366633156025897,0.011374559902598273,0.18631760656271834,0.4,0.30264800146996673,0.0,0.11103439196731497
2020-08-12,-0.0028047739350440305,0.0,0.18631760656271834,0.4,0.30264800146996673,0.0,0.11103439196731497
2020-08-13,0.0024919128492510694,0.0,0.18631760656271834,0.4,0.30264800146996673,0.0,0.11103439196731497
2020-08-14,-0.0030374698520437733,0.0,0.18631760656271834,0.4,0.30264800146996673,0.0,0.11103439196731497
2020-08-17,0.0076773436640494444,0.0,0.18631760656271834,0.4,0.30264800146996673,0.0,0.11103439196731497
2020-08-18,0.005476515375926196,0.00841675953019013,0.18862722214374814,0.4,0.3087551454191271,0.0,0.10261763243712485
2020-08-19,-0.012208608952356901,0.0,0.18862722214374814,0.4,0.3087551454191271,0.0,0.10261763243712485
2020-08-20,0.006051699806552154,0.0,0.18862722214374814,0.4,0.3087551454191271,0.0,0.10261763243712485
2020-08-21,0.0010842090243326006,0.0,0.18862722214374814,0.4,0.3087551454191271,0.0,0.10261763243712485
2020-08-24,-0.00032261894229180496,0.0,0.18862722214374814,0.4,0.3087551454191271,0.0,0.10261763243712485
2020-08-25,-0.002348614880059147,0.007736860051819623,0.19155142342989342,0.4,0.3135678041848014,0.0,0.09488077238530522
2020-08-26,0.003979488989576939,0.0,0.19155142342989342,0.4,0.3135678041848014,0.0,0.09488077238530522
2020-08-27,-0.00989692335616642,0.0,0.19155142342989342,0.4,0.3135678041848014,0.0,0.09488077238530522
2020-08-28,0.005634534313501147,0.0,0.19155142342989342,0.4,0.3135678041848014,0.0,0.09488077238530522
2020-08-31,0.002596632368531948,0.0,0.19155142342989342,0.4,0.3135678041848014,0.0,0.09488077238530522
2020-09-01,0.006959964276320476,0.008183518253890298,0.19442219732487345,0.4,0.3188805485437117,3.9468648721562484e-19,0.08669725413141492
2020-09-02,0.0027454942482215265,0.0,0.19442219732487345,0.4,0.3188805485437117,3.9468648721562484e-19,0.08669725413141492
2020-09-03,-0.008103904610519498,0.0,0.19442219732487345,0.4,0.3188805485437117,3.9468648721562484e-19,0.08669725413141492
2020-09-04,-0.008164115874575986,0.0,0.19442219732487345,0.4,0.3188805485437117,3.9468648721562484e-19,0.08669725413141492
2020-09-08,-0.0030195873472947813,0.0,0.19442219732487345,0.4,0.3188805485437117,3.9468648721562484e-19,0.08669725413141492
2020-09-09,0.005824497050935661,0.006995098024874732,0.1966891175517867,0.4,0.32360872634167315,0.0,0.07970215610654018
2020-09-10,-0.002266954616390426,0.0,0.1966891175517867,0.4,0.32360872634167315,0.0,0.07970215610654018
2020-09-11,0.0007772906598045865,0.0,0.1966891175517867,0.4,0.32360872634167315,0.0,0.07970215610654018
2020-09-14,0.004930548491425124,0.0,0.1966891175517867,0.4,0.32360872634167315,0.0,0.07970215610654018
2020-09-15,-0.0006901830707804671,0.0,0.1966891175517867,0.4,0.32360872634167315,0.0,0.07970215610654018
2020-09-16,-0.0009699725062400422,0.006385341881771124,0.1993167919181397,0.4,0.32736639385709126,0.0,0.07331681422476904
2020-09-17,-0.0025897567718616288,0.0,0.1993167919181397,0.4,0.32736639385709126,0.0,0.07331681422476904
2020-09-18,-0.003020749523128752,0.0,0.1993167919181397,0.4,0.32736639385709126,0.0,0.07331681422476904
2020-09-21,-0.006238951236655345,0.0,0.1993167919181397,0.4,0.32736639385709126,0.0,0.07331681422476904
2020-09-22,0.0003879138431504688,0.0,0.1993167919181397,0.4,0.32736639385709126,0.0,0.07331681422476904
2020-09-23,-0.0109153348933994,0.005760146634624236,0.20175690515107228,0.3999999999999999,0.33068642725878283,2.560576212280775e-19,0.06755666759014484
2020-09-24,0.003193383483317021,1.1796119636642288e-16,0.20175690515107234,0.4,0.3306864272587829,2.5605762122807753e-19,0.06755666759014485
2020-09-25,0.0025049188372571903,1.1796119636642288e-16,0.20175690515107228,0.3999999999999999,0.33068642725878283,2.560576212280775e-19,0.06755666759014484
2020-09-28,0.005333783749338313,0.0005595922447042199,0.2023164973957765,0.3999999999999999,0.33028880708605446,0.0,0.067394695518169
2020-09-29,0.001827251387042783,7.632783294297951e-17,0.20231649739577653,0.39999999999999997,0.3302888070860545,0.0,0.06739469551816901
2020-09-30,-0.004284847811767495,0.005636460578130137,0.20471008904098345,0.4000000000000001,0.33353167601897765,0.0,0.0617582349400389
2020-10-01,0.004852895872058659,0.001497707200681122,0.20620779624166458,0.4,0.3324668405065338,0.0,0.06132536325180169
2020-10-02,-0.0036134428225260656,0.0010267047616998384,0.2072345010033643,0.3999999999999999,0.33163694286823253,0.0,0.061128556128403115
2020-10-05,-0.0028195219171294698,0.0018611780076579106,0.20537332299570643,0.4,0.33284153906107294,0.0,0.06178513794322055
2020-10-06,-0.00450023803901373,0.001177416864625431,0.20419590613108105,0.4,0.33373800471298687,2.5407048651397424e-19,0.0620660891559321
2020-10-07,0.00047762084669340007,0.0059728600911737526,0.20755278003696462,0.4,0.336353990898277,0.0,0.0560932290647583
2020-10-08,0.005181371509227454,0.0013140231122070088,0.20886680314917164,0.4000000000000001,0.3354190904037008,3.996424270009645e-19,0.05571410644712753
2020-10-09,0.007460199433295327,0.016530992514452236,0.2253977956636239,0.4000000000000001,0.32143912191521434,0.0,0.05316308242116179
2020-10-12,0.00730368734910602,0.22198722761102685,0.4000000000000001,0.4000000000000001,0.09945189430418747,0.0,0.10054810569581243
2020-10-13,-0.0006062093324739103,0.004768712829871527,0.4,0.4,0.09468318147431605,2.672752659800834e-20,0.10531681852568396
2020-10-14,-0.001526901312555731,0.005236517809721508,0.4,0.4,0.09991969928403756,0.0,0.10008030071596245
2020-10-15,-0.0003442002839806788,0.0,0.4,0.4,0.09991969928403756,0.0,0.10008030071596245
2020-10-16,-0.0018185915444305684,0.0,0.4,0.4,0.09991969928403756,0.0,0.10008030071596245
2020-10-19,-0.007859347108255846,0.0,0.4,0.4,0.09991969928403756,0.0,0.10008030071596245
2020-10-20,-0.0020403582912265276,0.0,0.4,0.4,0.09991969928403756,0.0,0.10008030071596245
2020-10-21,-0.0018363082947518,0.005301924586298648,0.4,0.4,0.1052216238703362,2.6310173043639465e-19,0.0947783761296638
2020-10-22,-0.002616898587150556,0.0,0.4,0.4,0.1052216238703362,2.6310173043639465e-19,0.0947783761296638
2020-10-23,0.003464801790531739,0.0,0.4,0.4,0.1052216238703362,2.6310173043639465e-19,0.0947783761296638
2020-10-26,-0.0033832630432703197,2.7755579596277414e-17,0.4,0.4,0.10522162387033618,2.6309376913939648e-19,0.09477837612966383
2020-10-27,0.0013934013005959275,0.0,0.4,0.4,0.10522162387033618,2.6309376913939648e-19,0.09477837612966383
2020-10-28,-0.014508558832043095,0.0051846162801414825,0.4,0.4,0.11040624015047766,0.0,0.08959375984952235
2020-10-29,7.967960948404443e-05,0.0,0.4,0.4,0.11040624015047766,0.0,0.08959375984952235
2020-10-30,-0.007506582924982415,0.0,0.4,0.4,0.11040624015047766,0.0,0.08959375984952235
2020-11-02,0.008657167903688773,0.0,0.4,0.4,0.11040624015047766,0.0,0.08959375984952235
2020-11-03,0.00487450507003336,0.0,0.4,0.4,0.11040624015047766,0.0,0.08959375984952235
2020-11-04,0.01741818782653337,0.004935887048563563,0.4,0.4,0.11534212719904123,0.0,0.0846578728009588
2020-11-05,0.010341489543877019,0.0,0.4,0.4,0.11534212719904123,0.0,0.0846578728009588
2020-11-06,-0.005065957863075547,0.0,0.4,0.4,0.11534212719904123,0.0,0.0846578728009588
2020-11-09,-0.00794187876537127,0.0,0.4,0.4,0.11534212719904123,0.0,0.0846578728009588
2020-11-10,-0.0024470606399590914,0.019440642854403556,0.3999999999999999,0.3999999999999999,0.13478277005344466,0.0,0.06521722994655534
2020-11-11,0.003991695810529858,0.014770803938098376,0.4,0.4,0.12001196611534637,2.502855147057005e-19,0.07998803388465357
2020-11-12,0.0036541856516418593,0.0,0.4,0.4,0.12001196611534637,2.502855147057005e-19,0.07998803388465357
2020-11-13,0.005666426529584913,0.0,0.4,0.4,0.12001196611534637,2.502855147057005e-19,0.07998803388465357
2020-11-16,0.0038332662739001253,0.0,0.4,0.4,0.12001196611534637,2.502855147057005e-19,0.07998803388465357
2020-11-17,-0.00010857931375102227,0.0,0.4,0.4,0.12001196611534637,2.502855147057005e-19,0.07998803388465357
2020-11-18,-0.004338488998848615,0.0046772038913451,0.4,0.4,0.12468917000669147,4.425465433301433e-20,0.07531082999330847
2020-11-19,0.003387887625218506,0.0,0.4,0.4,0.12468917000669147,4.425465433301433e-20,0.07531082999330847
2020-11-20,0.0012772749897152977,0.0,0.4,0.4,0.12468917000669147,4.425465433301433e-20,0.07531082999330847
2020-11-23,-0.0017699445765476881,0.0,0.4,0.4,0.12468917000669147,4.425465433301433e-20,0.07531082999330847
2020-11-24,0.00019168106368729586,0.0,0.4,0.4,0.12468917000669147,4.425465433301433e-20,0.07531082999330847
2020-11-25,-0.002023685959949711,0.004083701950667651,0.4,0.4,0.12877287195735912,9.404262423648304e-20,0.07122712804264082
2020-11-27,0.0035458610619543223,0.0,0.4,0.4,0.12877287195735912,9.404262423648304e-20,0.07122712804264082
2020-11-30,-0.002957200754469294,0.0,0.4,0.4,0.12877287195735912,9.404262423648304e-20,0.07122712804264082
2020-12-01,0.0005579544802260666,0.0,0.4,0.4,0.12877287195735912,9.404262423648304e-20,0.07122712804264082
2020-12-02,-0.0014515184778599694,0.0,0.4,0.4,0.12877287195735912,9.404262423648304e-20,0.07122712804264082
2020-12-03,0.003809850690516316,0.004270706798982261,0.4,0.4,0.13304357875634143,1.1403345609434356e-19,0.06695642124365861
2020-12-04,-0.00271442120165087,0.0,0.4,0.4,0.13304357875634143,1.1403345609434356e-19,0.06695642124365861
2020-12-07,0.004880086864193242,0.0,0.4,0.4,0.13304357875634143,1.1403345609434356e-19,0.06695642124365861
2020-12-08,0.003606526984045573,0.0,0.4,0.4,0.13304357875634143,1.1403345609434356e-19,0.06695642124365861
2020-12-09,-0.0071563676320903855,0.0,0.4,0.4,0.13304357875634143,1.1403345609434356e-19,0.06695642124365861
2020-12-10,0.0029732659411563596,0.004256666650184433,0.4,0.4,0.13730024540652583,0.0,0.06269975459347414
2020-12-11,0.0013555663088680033,0.0,0.4,0.4,0.13730024540652583,0.0,0.06269975459347414
2020-12-14,-0.0038343097167871268,0.0,0.4,0.4,0.13730024540652583,0.0,0.06269975459347414
2020-12-15,0.005784678238264696,0.0,0.4,0.4,0.13730024540652583,0.0,0.06269975459347414
2020-12-16,0.0002436052982547959,0.0,0.4,0.4,0.13730024540652583,0.0,0.06269975459347414
2020-12-17,0.0023584230800962687,0.004431103587778654,0.4,0.4,0.1417313489943045,1.4939288165991116e-19,0.05826865100569551
2020-12-18,-0.0029645153238265784,0.0,0.4,0.4,0.1417313489943045,1.4939288165991116e-19,0.05826865100569551
2020-12-21,-0.00017344036796315622,0.0,0.4,0.4,0.1417313489943045,1.4939288165991116e-19,0.05826865100569551
2020-12-22,0.0005815713819897388,0.0,0.4,0.4,0.1417313489943045,1.4939288165991116e-19,0.05826865100569551
2020-12-23,-0.0017241110890592443,0.0,0.4,0.4,0.1417313489943045,1.4939288165991116e-19,0.05826865100569551
2020-12-24,0.0037654657777460776,0.004411467714328432,0.4,0.4,0.14614281670863294,1.8473820996693977e-19,0.05385718329136708
2020-12-28,0.003084068826315131,0.0,0.4,0.4,0.14614281670863294,1.8473820996693977e-19,0.05385718329136708
2020-12-29,-0.0009159841904459597,0.0,0.4,0.4,0.14614281670863294,1.8473820996693977e-19,0.05385718329136708
2020-12-30,0.0023329047366036798,0.0,0.4,0.4,0.14614281670863294,1.8473820996693977e-19,0.05385718329136708
2020-12-31,0.0033188911627771,0.0045482021014925725,0.4,0.4,0.1506910188101255,1.7935795817183233e-19,0.0493089811898745
2021-01-04,-0.0024369401403496836,0.004459068665074839,0.3999999999999999,0.3999999999999999,0.15515008747520023,2.7864186953837575e-20,0.04484991252479977
2021-01-05,-1.5061564084302079e-05,1.2836953722228372e-16,0.4,0.4,0.15515008747520026,2.786418695383758e-20,0.04484991252479978
2021-01-06,-0.008395477995684674,1.2836953722228372e-16,0.3999999999999999,0.3999999999999999,0.15515008747520023,2.7864186953837575e-20,0.04484991252479977
2021-01-07,0.0023156195314279373,1.2836953722228372e-16,0.4,0.4,0.15515008747520026,2.786418695383758e-20,0.04484991252479978
2021-01-08,-0.004245381992075203,1.2836953722228372e-16,0.3999999999999999,0.3999999999999999,0.15515008747520023,2.7864186953837575e-20,0.04484991252479977
2021-01-11,-0.0034169495157047518,0.003987389267563438,0.4,0.4,0.15913747674276355,2.5614321093485094e-19,0.04086252325723643
2021-01-12,0.0005794778118234418,0.0,0.4,0.4,0.15913747674276355,2.5614321093485094e-19,0.04086252325723643
2021-01-13,0.0050311099522739435,0.0,0.4,0.4,0.15913747674276355,2.5614321093485094e-19,0.04086252325723643
2021-01-14,-0.005314401257140265,0.0,0.4,0.4,0.15913747674276355,2.5614321093485094e-19,0.04086252325723643
2021-01-15,-0.003035490465593779,0.0,0.4,0.4,0.15913747674276355,2.5614321093485094e-19,0.04086252325723643
2021-01-19,0.005704118869700046,0.0036206838708567647,0.4000000000000001,0.4000000000000001,0.1627581606136202,0.0,0.03724183938637966
2021-01-20,0.008564219138431953,1.734723475976807e-17,0.4000000000000001,0.4000000000000001,0.16275816061362022,0.0,0.03724183938637967
2021-01-21,-0.0027123753223115285,5.551115123125783e-17,0.4,0.4,0.16275816061362022,0.0,0.03724183938637967
2021-01-22,-0.0013260005742276564,0.0,0.4,0.4,0.16275816061362022,0.0,0.03724183938637967
2021-01-25,0.006477920505791929,0.0,0.4,0.4,0.16275816061362022,0.0,0.03724183938637967
2021-01-26,-0.0018865853695454707,0.0038064433966488558,0.4,0.4,0.16656460401026912,9.108283509282073e-20,0.03343539598973086
2021-01-27,-0.00960809346233195,0.0,0.4,0.4,0.16656460401026912,9.108283509282073e-20,0.03343539598973086
2021-01-28,0.0013014273239013796,0.0,0.4,0.4,0.16656460401026912,9.108283509282073e-20,0.03343539598973086
2021-01-29,-0.010440530885594414,0.0,0.4,0.4,0.16656460401026912,9.108283509282073e-20,0.03343539598973086
2021-02-01,0.008849412020641453,0.0,0.4,0.4,0.16656460401026912,9.108283509282073e-20,0.03343539598973086
2021-02-02,0.0010421781649523148,0.003661673529246578,0.4,0.4,0.1702262775395157,8.155576557256091e-20,0.02977372246048427
2021-02-03,-0.003504116326691513,0.0,0.4,0.4,0.1702262775395157,8.155576557256091e-20,0.02977372246048427
2021-02-04,-5.421636814492475e-05,0.0,0.4,0.4,0.1702262775395157,8.155576557256091e-20,0.02977372246048427
2021-02-05,-0.0002636292778828743,0.0,0.4,0.4,0.1702262775395157,8.155576557256091e-20,0.02977372246048427
2021-02-08,0.006347375652672975,0.0,0.4,0.4,0.1702262775395157,8.155576557256091e-20,0.02977372246048427
2021-02-09,0.0004275793350863074,0.0,0.4,0.4,0.1702262775395157,8.155576557256091e-20,0.02977372246048427
2021-02-10,0.0030982591657740806,0.0,0.4,0.4,0.1702262775395157,8.155576557256091e-20,0.02977372246048427
2021-02-11,-0.0030345054921966917,0.0,0.4,0.4,0.1702262775395157,8.155576557256091e-20,0.02977372246048427
2021-02-12,-0.003484525436418243,0.0,0.4,0.4,0.1702262775395157,8.155576557256091e-20,0.02977372246048427
2021-02-16,-0.008880507190970676,0.0,0.4,0.4,0.1702262775395157,8.155576557256091e-20,0.02977372246048427
2021-02-17,0.0007203061003008644,0.0065556424874583605,0.4,0.4,0.17678192002697404,0.0,0.023218079973025902
2021-02-18,-0.003407767843326081,0.0,0.4,0.4,0.17678192002697404,0.0,0.023218079973025902
2021-02-19,-0.005346925415577363,0.0,0.4,0.4,0.17678192002697404,0.0,0.023218079973025902
2021-02-22,-0.003540159808685865,0.0,0.4,0.4,0.17678192002697404,0.0,0.023218079973025902
2021-02-23,-0.0010552803896411954,0.0,0.4,0.4,0.17678192002697404,0.0,0.023218079973025902
2021-02-24,0.001620054940886613,0.0,0.4,0.4,0.17678192002697404,0.0,0.023218079973025902
2021-02-25,-0.019420349163250014,0.0,0.4,0.4,0.17678192002697404,0.0,0.023218079973025902
2021-02-26,0.007058901880798407,0.0,0.4,0.4,0.17678192002697404,0.0,0.023218079973025902
2021-03-01,0.004126223640755929,0.0,0.4,0.4,0.17678192002697404,0.0,0.023218079973025902
2021-03-02,-0.0022149214827574502,0.0,0.4,0.4,0.17678192002697404,0.0,0.023218079973025902
2021-03-03,-0.01159864314784209,0.005759237359064794,0.4,0.4,0.18254115738603882,0.0,0.017458842613961092
2021-03-04,-0.00921115880479971,0.0,0.4,0.4,0.18254115738603882,0.0,0.017458842613961092
2021-03-05,0.00831591768684755,0.0,0.4,0.4,0.18254115738603882,0.0,0.017458842613961092
2021-03-08,-0.006895566533911922,0.0,0.4,0.4,0.18254115738603882,0.0,0.017458842613961092
2021-03-09,0.015038833654254931,0.0,0.4,0.4,0.18254115738603882,0.0,0.017458842613961092
2021-03-10,0.0041938004155096424,0.0,0.4,0.4,0.18254115738603882,0.0,0.017458842613961092
2021-03-11,0.0009276013477628377,0.0,0.4,0.4,0.18254115738603882,0.0,0.017458842613961092
2021-03-12,-0.007927035882026201,0.0,0.4,0.4,0.18254115738603882,0.0,0.017458842613961092
2021-03-15,0.005575258943939426,0.0,0.4,0.4,0.18254115738603882,0.0,0.017458842613961092
2021-03-16,-0.0019431865296823028,0.0,0.4,0.4,0.18254115738603882,0.0,0.017458842613961092
2021-03-17,-0.00035666407780369494,0.00442224754142048,0.4,0.4,0.18696340492745936,0.0,0.01303659507254067
2021-03-18,-0.010877180772132095,0.0,0.4,0.4,0.18696340492745936,0.0,0.01303659507254067
2021-03-19,0.0025263542410525197,0.0,0.4,0.4,0.18696340492745936,0.0,0.01303659507254067
2021-03-22,0.007375111662491213,0.0,0.4,0.4,0.18696340492745936,0.0,0.01303659507254067
2021-03-23,-0.0008235144071681065,0.0,0.4,0.4,0.18696340492745936,0.0,0.01303659507254067
2021-03-24,0.0007979040148875735,0.0,0.4,0.4,0.18696340492745936,0.0,0.01303659507254067
2021-03-25,-0.0015465088186018706,0.0,0.4,0.4,0.18696340492745936,0.0,0.01303659507254067
2021-03-26,0.005562063579487986,0.0,0.4,0.4,0.18696340492745936,0.0,0.01303659507254067
2021-03-29,-0.005790530770228121,0.0,0.4,0.4,0.18696340492745936,0.0,0.01303659507254067
2021-03-30,-0.002108643740515388,0.0,0.4,0.4,0.18696340492745936,0.0,0.01303659507254067
2021-03-31,0.002273099279561264,0.0036395453753060355,0.4,0.4,0.1906029503027654,7.381999079336219e-20,0.009397049697234629
2021-04-01,0.013324261018033563,0.0,0.4,0.4,0.1906029503027654,7.381999079336219e-20,0.009397049697234629
2021-04-05,0.003895183963969971,0.0,0.4,0.4,0.1906029503027654,7.381999079336219e-20,0.009397049697234629
2021-04-06,0.0039886111246737865,0.0,0.4,0.4,0.1906029503027654,7.381999079336219e-20,0.009397049697234629
2021-04-07,-0.002848853527402106,0.0,0.4,0.4,0.1906029503027654,7.381999079336219e-20,0.009397049697234629
2021-04-08,0.007208826912499753,0.0,0.4,0.4,0.1906029503027654,7.381999079336219e-20,0.009397049697234629
2021-04-09,2.9792802540009114e-05,0.0,0.4,0.4,0.1906029503027654,7.381999079336219e-20,0.009397049697234629
2021-04-12,-0.0011881631476887912,0.0,0.4,0.4,0.1906029503027654,7.381999079336219e-20,0.009397049697234629
2021-04-13,0.005499554298750743,0.0,0.4,0.4,0.1906029503027654,7.381999079336219e-20,0.009397049697234629
2021-04-14,-0.003476371702874013,0.0,0.4,0.4,0.1906029503027654,7.381999079336219e-20,0.009397049697234629
2021-04-15,0.014137739061538979,0.00410328985129965,0.4,0.4,0.19470624015406504,2.3124293351709348e-20,0.005293759845934981
2021-04-16,-0.0005986958571563587,0.0,0.4,0.4,0.19470624015406504,2.3124293351709348e-20,0.005293759845934981
2021-04-19,-0.0036826202236595173,0.0,0.4,0.4,0.19470624015406504,2.3124293351709348e-20,0.005293759845934981
2021-04-20,-0.00038385701153786033,0.0,0.4,0.4,0.19470624015406504,2.3124293351709348e-20,0.005293759845934981
2021-04-21,0.006510966600184803,0.0,0.4,0.4,0.19470624015406504,2.3124293351709348e-20,0.005293759845934981
2021-04-22,-0.003154798683458387,0.0,0.4,0.4,0.19470624015406504,2.3124293351709348e-20,0.005293759845934981
2021-04-23,0.0026204765242877257,0.0,0.4,0.4,0.19470624015406504,2.3124293351709348e-20,0.005293759845934981
2021-04-26,0.0007789067475792017,0.0,0.4,0.4,0.19470624015406504,2.3124293351709348e-20,0.005293759845934981
2021-04-27,-0.004063285244573083,0.0,0.4,0.4,0.19470624015406504,2.3124293351709348e-20,0.005293759845934981
2021-04-28,0.0006983983748351416,0.0,0.4,0.4,0.19470624015406504,2.3124293351709348e-20,0.005293759845934981
2021-04-29,0.0005416689867455641,0.004946476154687229,0.4,0.4,0.19965271630875225,1.214647291634481e-19,0.00034728369124773515
2021-04-30,-0.0023724582636219112,0.0,0.4,0.4,0.19965271630875225,1.214647291634481e-19,0.00034728369124773515
2021-05-03,0.0036921682149719166,0.0,0.4,0.4,0.19965271630875225,1.214647291634481e-19,0.00034728369124773515
2021-05-04,-0.0012152634030079138,0.0,0.4,0.4,0.19965271630875225,1.214647291634481e-19,0.00034728369124773515
2021-05-05,0.0016115164866910988,0.0,0.4,0.4,0.19965271630875225,1.214647291634481e-19,0.00034728369124773515
2021-05-06,0.007181476360317941,0.0,0.4,0.4,0.19965271630875225,1.214647291634481e-19,0.00034728369124773515
2021-05-07,0.0027321627232070795,0.0,0.4,0.4,0.19965271630875225,1.214647291634481e-19,0.00034728369124773515
2021-05-10,-0.007406700808060263,0.0,0.4,0.4,0.19965271630875225,1.214647291634481e-19,0.00034728369124773515
2021-05-11,-0.005799158962703417,0.0,0.4,0.4,0.19965271630875225,1.214647291634481e-19,0.00034728369124773515
2021-05-12,-0.014682066311767175,0.0,0.4,0.4,0.19965271630875225,1.214647291634481e-19,0.00034728369124773515
2021-05-13,0.0062459736218911655,0.0003472836912477461,0.4,0.4,0.2,1.1902176560634156e-19,2.710505431213761e-19
2021-05-14,0.011705864976978566,0.0,0.4,0.4,0.2,1.1902176560634156e-19,2.710505431213761e-19
2021-05-17,0.00046378696194917537,0.0,0.4,0.4,0.2,1.1902176560634156e-19,2.710505431213761e-19
2021-05-18,-0.004080585589427388,0.0,0.4,0.4,0.2,1.1902176560634156e-19,2.710505431213761e-19
2021-05-19,-0.0018789140937810257,0.0,0.4,0.4,0.2,1.1902176560634156e-19,2.710505431213761e-19
2021-05-20,0.008508059294262883,0.0,0.4,0.4,0.2,1.1902176560634156e-19,2.710505431213761e-19
2021-05-21,0.0010460077758698283,0.0,0.4,0.4,0.2,1.1902176560634156e-19,2.710505431213761e-19
2021-05-24,0.005911703468081387,0.0,0.4,0.4,0.2,1.1902176560634156e-19,2.710505431213761e-19
2021-05-25,0.004632269979866033,0.0,0.4,0.4,0.2,1.1902176560634156e-19,2.710505431213761e-19
2021-05-26,-0.00024285160237578205,0.0,0.4,0.4,0.2,1.1902176560634156e-19,2.710505431213761e-19
2021-05-27,-0.0013200455542790482,0.0,0.4,0.4,0.2,1.1902176560634156e-19,2.710505431213761e-19
2021-05-28,0.000834688354422264,0.0,0.4,0.4,0.2,1.1902176560634156e-19,2.710505431213761e-19
2021-06-01,-0.0009803465172028014,0.0,0.4,0.4,0.2,1.1902176560634156e-19,2.710505431213761e-19
2021-06-02,0.0025334657195819513,0.0,0.4,0.4,0.2,1.1902176560634156e-19,2.710505431213761e-19
2021-06-03,-0.006901665496741827,0.0,0.4,0.4,0.2,1.1902176560634156e-19,2.710505431213761e-19
2021-06-04,0.011292634199686135,0.0,0.4,0.4,0.2,1.1902176560634156e-19,2.710505431213761e-19
2021-06-07,-0.0008160306010914554,0.0,0.4,0.4,0.2,1.1902176560634156e-19,2.710505431213761e-19
2021-06-08,0.002277741306899151,0.0,0.4,0.4,0.2,1.1902176560634156e-19,2.710505431213761e-19
2021-06-09,0.0025511183977320554,0.0,0.4,0.4,0.2,1.1902176560634156e-19,2.710505431213761e-19
2021-06-10,0.0051175998751709535,0.0,0.4,0.4,0.2,1.1902176560634156e-19,2.710505431213761e-19
2021-06-11,-0.0022345823765173023,0.0,0.4,0.4,0.2,1.1902176560634156e-19,2.710505431213761e-19
2021-06-14,-0.0033404111478702037,0.0,0.4,0.4,0.2,1.1902176560634156e-19,2.710505431213761e-19
2021-06-15,-0.001970431550388474,0.0,0.4,0.4,0.2,1.1902176560634156e-19,2.710505431213761e-19
2021-06-16,-0.005952212359241549,0.0,0.4,0.4,0.2,1.1902176560634156e-19,2.710505431213761e-19
2021-06-17,-0.0002919857928569865,0.0,0.4,0.4,0.2,1.1902176560634156e-19,2.710505431213761e-19
2021-06-18,0.0010167983505822821,0.0,0.4,0.4,0.2,1.1902176560634156e-19,2.710505431213761e-19
2021-06-21,0.0014785829429045279,0.0,0.4,0.4,0.2,1.1902176560634156e-19,2.710505431213761e-19
2021-06-22,0.002277033158678221,0.0,0.4,0.4,0.2,1.1902176560634156e-19,2.710505431213761e-19
2021-06-23,-0.0016449965950993796,0.0,0.4,0.4,0.2,1.1902176560634156e-19,2.710505431213761e-19
2021-06-24,0.0028881451858875805,0.0,0.4,0.4,0.2,1.1902176560634156e-19,2.710505431213761e-19
2021-06-25,-0.002070105659187905,0.0,0.4,0.4,0.2,1.1902176560634156e-19,2.710505431213761e-19
2021-06-28,0.004907097057306387,0.0,0.4,0.4,0.2,1.1902176560634156e-19,2.710505431213761e-19
2021-06-29,-0.001216826638295232,0.0,0.4,0.4,0.2,1.1902176560634156e-19,2.710505431213761e-19
2021-06-30,0.00308855863180626,0.0,0.4,0.4,0.2,1.1902176560634156e-19,2.710505431213761e-19
2021-07-01,0.002925386064016866,0.0,0.4,0.4,0.2,1.1902176560634156e-19,2.710505431213761e-19
2021-07-02,0.0067826907327386285,0.0,0.4,0.4,0.2,1.1902176560634156e-19,2.710505431213761e-19
2021-07-06,0.00495195099980812,0.0,0.4,0.4,0.2,1.1902176560634156e-19,2.710505431213761e-19
2021-07-07,0.005718712961902739,0.0,0.4,0.4,0.2,1.1902176560634156e-19,2.710505431213761e-19
2021-07-08,-0.0018224438248556577,0.0,0.4,0.4,0.2,1.1902176560634156e-19,2.710505431213761e-19
2021-07-09,-0.0006911348967383992,0.0,0.4,0.4,0.2,1.1902176560634156e-19,2.710505431213761e-19
2021-07-12,0.0006662281701341756,0.0,0.4,0.4,0.2,1.1902176560634156e-19,2.710505431213761e-19
2021-07-13,-0.004164729956377001,0.0,0.4,0.4,0.2,1.1902176560634156e-19,2.710505431213761e-19
2021-07-14,0.007292646929369928,0.0,0.4,0.4,0.2,1.1902176560634156e-19,2.710505431213761e-19
2021-07-15,0.0030813969965121316,0.0,0.4,0.4,0.2,1.1902176560634156e-19,2.710505431213761e-19
2021-07-16,-0.005832898113410012,0.0,0.4,0.4,0.2,1.1902176560634156e-19,2.710505431213761e-19
2021-07-19,0.0031003710810978647,0.0,0.4,0.4,0.2,1.1902176560634156e-19,2.710505431213761e-19
2021-07-20,0.0016168324695632558,0.0,0.4,0.4,0.2,1.1902176560634156e-19,2.710505431213761e-19
2021-07-21,-0.002571945993976033,0.0,0.4,0.4,0.2,1.1902176560634156e-19,2.710505431213761e-19
2021-07-22,0.005009961490011473,0.0,0.4,0.4,0.2,1.1902176560634156e-19,2.710505431213761e-19
2021-07-23,0.0008127180443815887,0.0,0.4,0.4,0.2,1.1902176560634156e-19,2.710505431213761e-19
2021-07-26,-0.0006777169423574314,0.0,0.4,0.4,0.2,1.1902176560634156e-19,2.710505431213761e-19
2021-07-27,0.002778299761504099,0.0,0.4,0.4,0.2,1.1902176560634156e-19,2.710505431213761e-19
2021-07-28,0.0008722192310127497,0.0,0.4,0.4,0.2,1.1902176560634156e-19,2.710505431213761e-19
2021-07-29,0.0016613903740351431,0.0,0.4,0.4,0.2,1.1902176560634156e-19,2.710505431213761e-19
2021-07-30,-0.0016384871062648854,0.0,0.4,0.4,0.2,1.1902176560634156e-19,2.710505431213761e-19
2021-08-02,0.002481202764033963,0.0,0.4,0.4,0.2,1.1902176560634156e-19,2.710505431213761e-19
2021-08-03,0.003325164465039343,0.0,0.4,0.4,0.2,1.1902176560634156e-19,2.710505431213761e-19
2021-08-04,-0.0010979387762112493,0.0,0.4,0.4,0.2,1.1902176560634156e-19,2.710505431213761e-19
2021-08-05,-0.00029605253125144517,0.0,0.4,0.4,0.2,1.1902176560634156e-19,2.710505431213761e-19
2021-08-06,-0.011017648707541208,0.0,0.4,0.4,0.2,1.1902176560634156e-19,2.710505431213761e-19
2021-08-09,-0.005307257561426183,0.0,0.4,0.4,0.2,1.1902176560634156e-19,2.710505431213761e-19
2021-08-10,-0.001287812859950277,0.0,0.4,0.4,0.2,1.1902176560634156e-19,2.710505431213761e-19
2021-08-11,0.00350528871505178,0.0,0.4,0.4,0.2,1.1902176560634156e-19,2.710505431213761e-19
2021-08-12,0.0005922378078288216,0.0,0.4,0.4,0.2,1.1902176560634156e-19,2.710505431213761e-19
2021-08-13,0.009911596286480818,0.0,0.4,0.4,0.2,1.1902176560634156e-19,2.710505431213761e-19
2021-08-16,0.0029089271050045,0.0,0.4,0.4,0.2,1.1902176560634156e-19,2.710505431213761e-19
2021-08-17,-0.003082372394982369,0.0,0.4,0.4,0.2,1.1902176560634156e-19,2.710505431213761e-19
2021-08-18,-0.0028785335056906282,0.0,0.4,0.4,0.2,1.1902176560634156e-19,2.710505431213761e-19
2021-08-19,0.0029787539920506094,0.0,0.4,0.4,0.2,1.1902176560634156e-19,2.710505431213761e-19
2021-08-20,0.0035568199396277317,0.0,0.4,0.4,0.2,1.1902176560634156e-19,2.710505431213761e-19
2021-08-23,0.005688439681153668,0.0,0.4,0.4,0.2,1.1902176560634156e-19,2.710505431213761e-19
2021-08-24,-0.0025705568545787653,0.0,0.4,0.4,0.2,1.1902176560634156e-19,2.710505431213761e-19
2021-08-25,-0.003870697640704668,0.0,0.4,0.4,0.2,1.1902176560634156e-19,2.710505431213761e-19
2021-08-26,-0.0010265304429075695,0.0,0.4,0.4,0.2,1.1902176560634156e-19,2.710505431213761e-19
2021-08-27,0.009303550584904086,0.0,0.4,0.4,0.2,1.1902176560634156e-19,2.710505431213761e-19
2021-08-30,0.001815729608954131,0.0,0.4,0.4,0.2,1.1902176560634156e-19,2.710505431213761e-19
2021-08-31,-0.0029137714775140378,0.0,0.4,0.4,0.2,1.1902176560634156e-19,2.710505431213761e-19
2021-09-01,0.0008943834080949565,0.0,0.4,0.4,0.2,1.1902176560634156e-19,2.710505431213761e-19
2021-09-02,0.0024467254045933418,0.0,0.4,0.4,0.2,1.1902176560634156e-19,2.710505431213761e-19
2021-09-03,-0.001596208583521452,0.0,0.4,0.4,0.2,1.1902176560634156e-19,2.710505431213761e-19
2021-09-07,-0.008721324043782742,0.0,0.4,0.4,0.2,1.1902176560634156e-19,2.710505431213761e-19
2021-09-08,0.001734246876436063,0.0,0.4,0.4,0.2,1.1902176560634156e-19,2.710505431213761e-19
2021-09-09,0.004012569071975447,0.0,0.4,0.4,0.2,1.1902176560634156e-19,2.710505431213761e-19
2021-09-10,-0.00769190558928461,0.0,0.4,0.4,0.2,1.1902176560634156e-19,2.710505431213761e-19
2021-09-13,0.004119711760061717,0.0,0.4,0.4,0.2,1.1902176560634156e-19,2.710505431213761e-19
2021-09-14,0.003978310830022469,0.0,0.4,0.4,0.2,1.1902176560634156e-19,2.710505431213761e-19
2021-09-15,0.0007650351092356011,0.0,0.4,0.4,0.2,1.1902176560634156e-19,2.710505431213761e-19
2021-09-16,-0.006995270520353936,0.0,0.4,0.4,0.2,1.1902176560634156e-19,2.710505431213761e-19
2021-09-17,-0.006134788486982633,0.0,0.4,0.4,0.2,1.1902176560634156e-19,2.710505431213761e-19
2021-09-20,-0.0002800188698861561,0.0,0.4,0.4,0.2,1.1902176560634156e-19,2.710505431213761e-19
2021-09-21,0.0006113667195196016,0.0,0.4,0.4,0.2,1.1902176560634156e-19,2.710505431213761e-19
2021-09-22,0.005541128322939227,0.0,0.4,0.4,0.2,1.1902176560634156e-19,2.710505431213761e-19
2021-09-23,-0.006488072389957121,0.0,0.4,0.4,0.2,1.1902176560634156e-19,2.710505431213761e-19
2021-09-24,-0.003507194491915256,0.0,0.4,0.4,0.2,1.1902176560634156e-19,2.710505431213761e-19
2021-09-27,-0.0021985504143184013,0.0,0.4,0.4,0.2,1.1902176560634156e-19,2.710505431213761e-19
2021-09-28,-0.016234678205418664,0.0,0.4,0.4,0.2,1.1902176560634156e-19,2.710505431213761e-19
2021-09-29,0.000466403718317987,0.0,0.4,0.4,0.2,1.1902176560634156e-19,2.710505431213761e-19
2021-09-30,-0.0013490034216927078,0.0,0.4,0.4,0.2,1.1902176560634156e-19,2.710505431213761e-19
2021-10-01,0.008570267220893114,0.0,0.4,0.4,0.2,1.1902176560634156e-19,2.710505431213761e-19
2021-10-04,-0.005240817585442415,0.0,0.4,0.4,0.2,1.1902176560634156e-19,2.710505431213761e-19
2021-10-05,-0.000631873264791727,0.0,0.4,0.4,0.2,1.1902176560634156e-19,2.710505431213761e-19
2021-10-06,0.0044535174736478386,0.0,0.4,0.4,0.2,1.1902176560634156e-19,2.710505431213761e-19
2021-10-07,-0.0017792564291780003,0.0,0.4,0.4,0.2,1.1902176560634156e-19,2.710505431213761e-19
2021-10-08,-0.0034436100496941795,0.0,0.4,0.4,0.2,1.1902176560634156e-19,2.710505431213761e-19
2021-10-11,-0.004288362630832632,0.0,0.4,0.4,0.2,1.1902176560634156e-19,2.710505431213761e-19
2021-10-12,0.006758205770366078,0.0,0.4,0.4,0.2,1.1902176560634156e-19,2.710505431213761e-19
2021-10-13,0.008888361167321703,0.0,0.4,0.4,0.2,1.1902176560634156e-19,2.710505431213761e-19
2021-10-14,0.008704012845052667,0.0,0.4,0.4,0.2,1.1902176560634156e-19,2.710505431213761e-19
2021-10-15,-0.0024631621409905826,0.0,0.4,0.4,0.2,1.1902176560634156e-19,2.710505431213761e-19
2021-10-18,0.002563798877126744,0.0,0.4,0.4,0.2,1.1902176560634156e-19,2.710505431213761e-19
2021-10-19,-0.0017892450000536637,0.0,0.4,0.4,0.2,1.1902176560634156e-19,2.710505431213761e-19
2021-10-20,0.0006237943121952137,0.0,0.4,0.4,0.2,1.1902176560634156e-19,2.710505431213761e-19
2021-10-21,0.0003871635377902917,0.0,0.4,0.4,0.2,1.1902176560634156e-19,2.710505431213761e-19
2021-10-22,0.005214117402084151,0.0,0.4,0.4,0.2,1.1902176560634156e-19,2.710505431213761e-19
2021-10-25,0.0029173620806099976,0.0,0.4,0.4,0.2,1.1902176560634156e-19,2.710505431213761e-19
2021-10-26,0.0021877777012771164,0.0,0.4,0.4,0.2,1.1902176560634156e-19,2.710505431213761e-19
2021-10-27,0.00603037130351587,0.0,0.4,0.4,0.2,1.1902176560634156e-19,2.710505431213761e-19
2021-10-28,0.0024583224052999956,0.0,0.4,0.4,0.2,1.1902176560634156e-19,2.710505431213761e-19
2021-10-29,0.00033254005788694327,0.0,0.4,0.4,0.2,1.1902176560634156e-19,2.710505431213761e-19
2021-11-01,-0.0011476192736148859,0.0,0.4,0.4,0.2,1.1902176560634156e-19,2.710505431213761e-19
2021-11-02,0.0029627406049835825,0.0,0.4,0.4,0.2,1.1902176560634156e-19,2.710505431213761e-19
2021-11-03,-0.003354408598336822,0.0,0.4,0.4,0.2,1.1902176560634156e-19,2.710505431213761e-19
2021-11-04,0.008357104965524177,0.0,0.4,0.4,0.2,1.1902176560634156e-19,2.710505431213761e-19
2021-11-05,0.009982967416184606,0.0,0.4,0.4,0.2,1.1902176560634156e-19,2.710505431213761e-19
2021-11-08,0.00030958240592693375,0.0,0.4,0.4,0.2,1.1902176560634156e-19,2.710505431213761e-19
2021-11-09,0.0048708488624350735,0.0,0.4,0.4,0.2,1.1902176560634156e-19,2.710505431213761e-19
2021-11-10,-0.008359441961679082,0.0,0.4,0.4,0.2,1.1902176560634156e-19,2.710505431213761e-19
2021-11-11,0.0006560199688916858,0.0,0.4,0.4,0.2,1.1902176560634156e-19,2.710505431213761e-19
2021-11-12,0.0016408026652324995,0.0,0.4,0.4,0.2,1.1902176560634156e-19,2.710505431213761e-19
2021-11-15,-0.005195223164818486,0.0,0.4,0.4,0.2,1.1902176560634156e-19,2.710505431213761e-19
2021-11-16,-0.0008810286920049482,0.0,0.4,0.4,0.2,1.1902176560634156e-19,2.710505431213761e-19
2021-11-17,0.004025788407237441,0.0,0.4,0.4,0.2,1.1902176560634156e-19,2.710505431213761e-19
2021-11-18,0.002221025992763326,0.0,0.4,0.4,0.2,1.1902176560634156e-19,2.710505431213761e-19
2021-11-19,0.001978485425797238,0.0,0.4,0.4,0.2,1.1902176560634156e-19,2.710505431213761e-19
2021-11-22,-0.010301409444293275,0.0,0.4,0.4,0.2,1.1902176560634156e-19,2.710505431213761e-19
2021-11-23,-0.0069838014293639675,0.0,0.4,0.4,0.2,1.1902176560634156e-19,2.710505431213761e-19
2021-11-24,0.007298664185775828,0.0,0.4,0.4,0.2,1.1902176560634156e-19,2.710505431213761e-19
2021-11-26,0.0008633726155228283,0.0,0.4,0.4,0.2,1.1902176560634156e-19,2.710505431213761e-19
2021-11-29,-0.0002769349550793233,0.14249533677281687,0.26990513366987784,0.3875995295573053,0.34249533677281685,0.0,3.8001948718816956e-19
2021-11-30,-0.0030467119189531147,0.14249533677281692,0.4,0.4,0.1999999999999999,4.0464737555168257e-19,1.1780352158814353e-18
2021-12-01,-0.0011774603418306393,0.0,0.4,0.4,0.1999999999999999,4.0464737555168257e-19,1.1780352158814353e-18
2021-12-02,0.005517910186502962,0.0,0.4,0.4,0.1999999999999999,4.0464737555168257e-19,1.1780352158814353e-18
2021-12-03,0.0029748629124497043,0.0,0.4,0.4,0.1999999999999999,4.0464737555168257e-19,1.1780352158814353e-18
2021-12-06,-0.0012489687355063724,0.0,0.4,0.4,0.1999999999999999,4.0464737555168257e-19,1.1780352158814353e-18
2021-12-07,0.005752025422566032,0.0,0.4,0.4,0.1999999999999999,4.0464737555168257e-19,1.1780352158814353e-18
2021-12-08,-0.005746961796912276,0.0,0.4,0.4,0.1999999999999999,4.0464737555168257e-19,1.1780352158814353e-18
2021-12-09,-0.0016853142589965619,0.0,0.4,0.4,0.1999999999999999,4.0464737555168257e-19,1.1780352158814353e-18
2021-12-10,0.0036441774748982693,0.0,0.4,0.4,0.1999999999999999,4.0464737555168257e-19,1.1780352158814353e-18
2021-12-13,0.002872376894702011,0.0,0.4,0.4,0.1999999999999999,4.0464737555168257e-19,1.1780352158814353e-18
2021-12-14,-0.0055734777151094095,0.0,0.4,0.4,0.1999999999999999,4.0464737555168257e-19,1.1780352158814353e-18
2021-12-15,0.0032595799548708285,0.0,0.4,0.4,0.1999999999999999,4.0464737555168257e-19,1.1780352158814353e-18
2021-12-16,-0.0009523800708164846,0.0,0.4,0.4,0.1999999999999999,4.0464737555168257e-19,1.1780352158814353e-18
2021-12-17,-0.00015263157578191376,0.0,0.4,0.4,0.1999999999999999,4.0464737555168257e-19,1.1780352158814353e-18
2021-12-20,-0.008096216152458015,0.0,0.4,0.4,0.1999999999999999,4.0464737555168257e-19,1.1780352158814353e-18
2021-12-21,0.005496538128011453,0.0,0.4,0.4,0.1999999999999999,4.0464737555168257e-19,1.1780352158814353e-18
2021-12-22,0.007730461401968513,0.0,0.4,0.4,0.1999999999999999,4.0464737555168257e-19,1.1780352158814353e-18
2021-12-23,-0.0005311240021758758,0.0,0.4,0.4,0.1999999999999999,4.0464737555168257e-19,1.1780352158814353e-18
2021-12-27,0.007103783902327888,0.0,0.4,0.4,0.1999999999999999,4.0464737555168257e-19,1.1780352158814353e-18
2021-12-28,-0.002774134441567244,0.0,0.4,0.4,0.1999999999999999,4.0464737555168257e-19,1.1780352158814353e-18
2021-12-29,-0.003917407317199073,0.0,0.4,0.4,0.1999999999999999,4.0464737555168257e-19,1.1780352158814353e-18
2021-12-30,0.0036841588969594766,0.0,0.4,0.4,0.1999999999999999,4.0464737555168257e-19,1.1780352158814353e-18
2021-12-31,0.001142523873608025,0.0,0.4,0.4,0.1999999999999999,4.0464737555168257e-19,1.1780352158814353e-18
2022-01-03,-0.011260680915745657,0.0,0.4,0.4,0.1999999999999999,4.0464737555168257e-19,1.1780352158814353e-18
2022-01-04,-0.0003240308164764291,0.0,0.4,0.4,0.1999999999999999,4.0464737555168257e-19,1.1780352158814353e-18
2022-01-05,-0.010453388560942023,0.0,0.4,0.4,0.1999999999999999,4.0464737555168257e-19,1.1780352158814353e-18
2022-01-06,-0.0017891892775578442,0.0,0.4,0.4,0.1999999999999999,4.0464737555168257e-19,1.1780352158814353e-18
2022-01-07,-0.0035464816175692975,0.0,0.4,0.4,0.1999999999999999,4.0464737555168257e-19,1.1780352158814353e-18
2022-01-10,0.0010945368144808397,0.0,0.4,0.4,0.1999999999999999,4.0464737555168257e-19,1.1780352158814353e-18
2022-01-11,0.008720684141026513,0.0,0.4,0.4,0.1999999999999999,4.0464737555168257e-19,1.1780352158814353e-18
2022-01-12,7.755192887861609e-05,0.0,0.4,0.4,0.1999999999999999,4.0464737555168257e-19,1.1780352158814353e-18
2022-01-13,-0.0026387072944882516,0.0,0.4,0.4,0.1999999999999999,4.0464737555168257e-19,1.1780352158814353e-18
2022-01-14,-0.006456057116985647,0.0,0.4,0.4,0.1999999999999999,4.0464737555168257e-19,1.1780352158814353e-18
2022-01-18,-0.013043751294902095,0.0,0.4,0.4,0.1999999999999999,4.0464737555168257e-19,1.1780352158814353e-18
2022-01-19,0.0017920973170856933,0.0,0.4,0.4,0.1999999999999999,4.0464737555168257e-19,1.1780352158814353e-18
2022-01-20,-0.0024600377722865385,0.0,0.4,0.4,0.1999999999999999,4.0464737555168257e-19,1.1780352158814353e-18
2022-01-21,-0.0037424020139372946,0.0,0.4,0.4,0.1999999999999999,4.0464737555168257e-19,1.1780352158814353e-18
2022-01-24,-0.0004884261652567732,0.0,0.4,0.4,0.1999999999999999,4.0464737555168257e-19,1.1780352158814353e-18
2022-01-25,-0.004890033677340757,0.0,0.4,0.4,0.1999999999999999,4.0464737555168257e-19,1.1780352158814353e-18
2022-01-26,-0.009074391107731894,0.0,0.4,0.4,0.1999999999999999,4.0464737555168257e-19,1.1780352158814353e-18
2022-01-27,0.0027904825051550796,0.0,0.4,0.4,0.1999999999999999,4.0464737555168257e-19,1.1780352158814353e-18
2022-01-28,0.009477184456150024,0.0,0.4,0.4,0.1999999999999999,4.0464737555168257e-19,1.1780352158814353e-18
2022-01-31,0.0063213393135882695,0.0,0.4,0.4,0.1999999999999999,4.0464737555168257e-19,1.1780352158814353e-18
2022-02-01,0.0015414049017096422,0.0,0.4,0.4,0.1999999999999999,4.0464737555168257e-19,1.1780352158814353e-18
2022-02-02,0.005965715131594829,0.0,0.4,0.4,0.1999999999999999,4.0464737555168257e-19,1.1780352158814353e-18
2022-02-03,-0.012808679569138271,0.0,0.4,0.4,0.1999999999999999,4.0464737555168257e-19,1.1780352158814353e-18
2022-02-04,-0.0037076496601315075,0.0,0.4,0.4,0.1999999999999999,4.0464737555168257e-19,1.1780352158814353e-18
2022-02-07,0.00045592902102451404,0.0,0.4,0.4,0.1999999999999999,4.0464737555168257e-19,1.1780352158814353e-18
2022-02-08,0.0012279862886601651,0.0,0.4,0.4,0.1999999999999999,4.0464737555168257e-19,1.1780352158814353e-18
2022-02-09,0.007286952452361506,0.0,0.4,0.4,0.1999999999999999,4.0464737555168257e-19,1.1780352158814353e-18
2022-02-10,-0.014302629288295489,0.0,0.4,0.4,0.1999999999999999,4.0464737555168257e-19,1.1780352158814353e-18
2022-02-11,0.0018546916706417603,0.0,0.4,0.4,0.1999999999999999,4.0464737555168257e-19,1.1780352158814353e-18
2022-02-14,-0.005213951602441959,0.0,0.4,0.4,0.1999999999999999,4.0464737555168257e-19,1.1780352158814353e-18
2022-02-15,9.627746643482184e-06,0.0,0.4,0.4,0.1999999999999999,4.0464737555168257e-19,1.1780352158814353e-18
2022-02-16,0.0048759873306189125,0.0,0.4,0.4,0.1999999999999999,4.0464737555168257e-19,1.1780352158814353e-18
2022-02-17,-0.002835677338661526,0.0,0.4,0.4,0.1999999999999999,4.0464737555168257e-19,1.1780352158814353e-18
2022-02-18,0.0014742115155863544,0.0,0.4,0.4,0.1999999999999999,4.0464737555168257e-19,1.1780352158814353e-18
2022-02-22,-0.002833212999695878,0.0,0.4,0.4,0.1999999999999999,4.0464737555168257e-19,1.1780352158814353e-18
2022-02-23,-0.011706830932038639,0.0,0.4,0.4,0.1999999999999999,4.0464737555168257e-19,1.1780352158814353e-18
2022-02-24,0.004993204349158088,0.0,0.4,0.4,0.1999999999999999,4.0464737555168257e-19,1.1780352158814353e-18
2022-02-25,0.008451958601262246,0.0,0.4,0.4,0.1999999999999999,4.0464737555168257e-19,1.1780352158814353e-18
2022-02-28,0.009817177206258876,0.0,0.4,0.4,0.1999999999999999,4.0464737555168257e-19,1.1780352158814353e-18
2022-03-01,0.0021652244224626724,0.0,0.4,0.4,0.1999999999999999,4.0464737555168257e-19,1.1780352158814353e-18
2022-03-02,-0.017989074614082015,0.4,0.0,0.4,0.4,9.264028281058035e-18,0.2
2022-03-03,0.007222903166407769,0.0,0.0,0.4,0.4,9.264028281058035e-18,0.2
2022-03-04,0.014806391605531922,0.0,0.0,0.4,0.4,9.264028281058035e-18,0.2
2022-03-07,0.004334944957106935,0.0,0.0,0.4,0.4,9.264028281058035e-18,0.2
2022-03-08,0.0065428592182998025,0.0,0.0,0.4,0.4,9.264028281058035e-18,0.2
2022-03-09,-0.017766299270998223,0.0,0.0,0.4,0.4,9.264028281058035e-18,0.2
2022-03-10,-0.005401616021866573,0.2,0.2,0.4,0.4,1.757788026382786e-17,0.0
2022-03-11,-0.0004103872361421071,0.19999999999999996,0.0,0.4,0.4,9.72455407835993e-18,0.1999999999999999
2022-03-14,-0.015444605255804468,0.0,0.0,0.4,0.4,9.72455407835993e-18,0.1999999999999999
2022-03-15,-0.008406729423458171,0.0,0.0,0.4,0.4,9.72455407835993e-18,0.1999999999999999
2022-03-16,0.004991654426353454,0.0,0.0,0.4,0.4,9.72455407835993e-18,0.1999999999999999
2022-03-17,-0.0014827339991906985,0.0,0.0,0.4,0.4,9.72455407835993e-18,0.1999999999999999
2022-03-18,0.0015979323932677762,0.0,0.0,0.4,0.4,9.72455407835993e-18,0.1999999999999999
2022-03-21,-0.005444146271736017,0.0,0.0,0.4,0.4,9.72455407835993e-18,0.1999999999999999
2022-03-22,-0.008100913696841117,0.0,0.0,0.4,0.4,9.72455407835993e-18,0.1999999999999999
2022-03-23,0.014457413538118313,0.0,0.0,0.4,0.4,9.72455407835993e-18,0.1999999999999999
2022-03-24,-1.3405194842172098e-06,0.0,0.0,0.4,0.4,9.72455407835993e-18,0.1999999999999999
2022-03-25,-0.007111507743726798,0.0,0.0,0.4,0.4,9.72455407835993e-18,0.1999999999999999
2022-03-28,-0.003255855262602393,0.0,0.0,0.4,0.4,9.72455407835993e-18,0.1999999999999999
2022-03-29,0.001991755366111892,0.0,0.0,0.4,0.4,9.72455407835993e-18,0.1999999999999999
2022-03-30,0.005272622359128022,0.0,0.0,0.4,0.4,9.72455407835993e-18,0.1999999999999999
2022-03-31,0.0019664569705691187,0.0,0.0,0.4,0.4,9.72455407835993e-18,0.1999999999999999
2022-04-01,-0.0007194956131526097,0.0,0.0,0.4,0.4,9.72455407835993e-18,0.1999999999999999
2022-04-04,6.990724802640163e-05,0.0,0.0,0.4,0.4,9.72455407835993e-18,0.1999999999999999
2022-04-05,-0.01048461879379521,0.0,0.0,0.4,0.4,9.72455407835993e-18,0.1999999999999999
2022-04-06,-0.002150006947346173,0.0,0.0,0.4,0.4,9.72455407835993e-18,0.1999999999999999
2022-04-07,-0.0011232539161097235,0.0,0.0,0.4,0.4,9.72455407835993e-18,0.1999999999999999
2022-04-08,-0.0018260545009598948,0.0,0.0,0.4,0.4,9.72455407835993e-18,0.1999999999999999
2022-04-11,-0.003896207621731485,0.0,0.0,0.4,0.4,9.72455407835993e-18,0.1999999999999999
2022-04-12,0.0031918862364268114,0.0,0.0,0.4,0.4,9.72455407835993e-18,0.1999999999999999
2022-04-13,0.001908365105859434,0.0,0.0,0.4,0.4,9.72455407835993e-18,0.1999999999999999
2022-04-14,-0.008441135729855056,0.0,0.0,0.4,0.4,9.72455407835993e-18,0.1999999999999999
2022-04-18,7.133042957811991e-05,0.0,0.0,0.4,0.4,9.72455407835993e-18,0.1999999999999999
2022-04-19,-0.00859607565375451,0.0,0.0,0.4,0.4,9.72455407835993e-18,0.1999999999999999
2022-04-20,0.008600985723822598,0.0,0.0,0.4,0.4,9.72455407835993e-18,0.1999999999999999
2022-04-21,-0.003785619701530952,0.0,0.0,0.4,0.4,9.72455407835993e-18,0.1999999999999999
2022-04-22,-0.005216376269886159,0.0,0.0,0.4,0.4,9.72455407835993e-18,0.1999999999999999
2022-04-25,-0.0022267947405458796,0.0,0.0,0.4,0.4,9.72455407835993e-18,0.1999999999999999
2022-04-26,0.005887715290631412,0.0,0.0,0.4,0.4,9.72455407835993e-18,0.1999999999999999
2022-04-27,-0.006910047560101208,0.0,0.0,0.4,0.4,9.72455407835993e-18,0.1999999999999999
2022-04-28,0.003917989675842248,0.0,0.0,0.4,0.4,9.72455407835993e-18,0.1999999999999999
2022-04-29,-0.006029224465737837,0.0,0.0,0.4,0.4,9.72455407835993e-18,0.1999999999999999
2022-05-02,-0.013334164136760763,0.0,0.0,0.4,0.4,9.72455407835993e-18,0.1999999999999999
2022-05-03,0.0033955321200584985,0.0,0.0,0.4,0.4,9.72455407835993e-18,0.1999999999999999
2022-05-04,0.004469964486480539,0.0,0.0,0.4,0.4,9.72455407835993e-18,0.1999999999999999
2022-05-05,-0.010806757974889083,0.0,0.0,0.4,0.4,9.72455407835993e-18,0.1999999999999999
2022-05-06,-0.004870285703172517,0.0,0.0,0.4,0.4,9.72455407835993e-18,0.1999999999999999
2022-05-09,-0.0022006915479994677,0.0,0.0,0.4,0.4,9.72455407835993e-18,0.1999999999999999
2022-05-10,0.0006825559040127601,0.0,0.0,0.4,0.4,9.72455407835993e-18,0.1999999999999999
2022-05-11,0.0111918284738898,0.0,0.0,0.4,0.4,9.72455407835993e-18,0.1999999999999999
2022-05-12,-0.005153720633205073,0.0,0.0,0.4,0.4,9.72455407835993e-18,0.1999999999999999
2022-05-13,-0.00972652789033266,0.0,0.0,0.4,0.4,9.72455407835993e-18,0.1999999999999999
2022-05-16,0.002614984441534985,0.0,0.0,0.4,0.4,9.72455407835993e-18,0.1999999999999999
2022-05-17,-0.008996200140989098,0.0,0.0,0.4,0.4,9.72455407835993e-18,0.1999999999999999
2022-05-18,0.009752915949128306,0.0,0.0,0.4,0.4,9.72455407835993e-18,0.1999999999999999
2022-05-19,0.004748376328562755,0.0,0.0,0.4,0.4,9.72455407835993e-18,0.1999999999999999
2022-05-20,0.005255991433077689,0.0,0.0,0.4,0.4,9.72455407835993e-18,0.1999999999999999
2022-05-23,-0.006537091825870633,0.0,0.0,0.4,0.4,9.72455407835993e-18,0.1999999999999999
2022-05-24,0.01031521422770676,0.0,0.0,0.4,0.4,9.72455407835993e-18,0.1999999999999999
2022-05-25,-9.52232347352761e-05,0.0,0.0,0.4,0.4,9.72455407835993e-18,0.1999999999999999
2022-05-26,-0.0032086766347517275,0.0,0.0,0.4,0.4,9.72455407835993e-18,0.1999999999999999
2022-05-27,0.000743901159162608,0.0,0.0,0.4,0.4,9.72455407835993e-18,0.1999999999999999
2022-05-31,-0.012053763352039538,0.0,0.0,0.4,0.4,9.72455407835993e-18,0.1999999999999999
2022-06-01,0.00363376122750596,0.0,0.0,0.4,0.4,9.72455407835993e-18,0.1999999999999999
2022-06-02,0.003379827763303568,0.0,0.0,0.4,0.4,9.72455407835993e-18,0.1999999999999999
2022-06-03,-0.004037975786652659,0.0,0.0,0.4,0.4,9.72455407835993e-18,0.1999999999999999
2022-06-06,-0.00869929917537764,0.0,0.0,0.4,0.4,9.72455407835993e-18,0.1999999999999999
2022-06-07,0.006708111514121363,0.0,0.0,0.4,0.4,9.72455407835993e-18,0.1999999999999999
2022-06-08,-0.003328959610806593,0.0,0.0,0.4,0.4,9.72455407835993e-18,0.1999999999999999
2022-06-09,0.0015183583452623934,0.0,0.0,0.4,0.4,9.72455407835993e-18,0.1999999999999999
2022-06-10,0.004477667861971258,0.0,0.0,0.4,0.4,9.72455407835993e-18,0.1999999999999999
2022-06-13,-0.021176129152807116,0.0,0.0,0.4,0.4,9.72455407835993e-18,0.1999999999999999
2022-06-14,-0.00849933462901787,0.2364504514357891,0.23645045143578922,0.3635495485642109,0.4,0.0,0.0
2022-06-15,0.015534191374306828,0.03645045143578916,0.2,0.4,0.4,0.0,4.3612196384011716e-20
2022-06-16,0.0010536936862715956,0.0,0.2,0.4,0.4,0.0,4.3612196384011716e-20
2022-06-17,-0.0016345898272249,0.06153189125598507,0.2615318912559851,0.33846810874401495,0.4,0.0,2.981342333050035e-19
2022-06-21,-0.0005554140108243203,0.002217697276421182,0.26374958853240626,0.33625041146759377,0.4,2.2683079986508263e-19,9.119356092334357e-20
2022-06-22,0.010326523923642597,0.0012431503555460635,0.26499273888795233,0.3350072611120477,0.4,0.0,5.217604755911224e-20
2022-06-23,0.001162499889202349,0.25208956265647364,0.01290317623147871,0.3999999999999998,0.3999999999999999,0.0,0.18709682376852144
2022-06-24,-0.006367565554984655,0.012903176231478792,7.806255641895632e-18,0.4,0.4,0.0,0.19999999999999998
2022-06-27,-0.004218159231866903,0.0,7.806255641895632e-18,0.4,0.4,0.0,0.19999999999999998
2022-06-28,0.0023586288092541704,0.0,7.806255641895632e-18,0.4,0.4,0.0,0.19999999999999998
2022-06-29,0.007084129426289465,0.0,7.806255641895632e-18,0.4,0.4,0.0,0.19999999999999998
2022-06-30,0.0004402148551709397,0.0,7.806255641895632e-18,0.4,0.4,0.0,0.19999999999999998
2022-07-01,0.004417935014072283,0.0,7.806255641895632e-18,0.4,0.4,0.0,0.19999999999999998
2022-07-05,-0.005364726884807649,0.26726389650028826,0.2672638965002883,0.3327361034997118,0.4,0.0,3.422444906817489e-17
2022-07-06,-0.011021150876858492,0.0,0.2672638965002883,0.3327361034997118,0.4,0.0,3.422444906817489e-17
2022-07-07,0.0012966522048582872,0.0,0.2672638965002883,0.3327361034997118,0.4,0.0,3.422444906817489e-17
2022-07-08,-0.0037325919826608676,0.0,0.2672638965002883,0.3327361034997118,0.4,0.0,3.422444906817489e-17
2022-07-11,0.0005405361899458337,0.0,0.2672638965002883,0.3327361034997118,0.4,0.0,3.422444906817489e-17
2022-07-12,-0.0018745503914754753,1.6634965837078267e-07,0.26726373015063,0.33273626984937016,0.4,0.0,8.902982028223325e-20
2022-07-13,0.004326629859112479,0.0,0.26726373015063,0.33273626984937016,0.4,0.0,8.902982028223325e-20
2022-07-14,-0.00898251426428352,0.0,0.26726373015063,0.33273626984937016,0.4,0.0,8.902982028223325e-20
2022-07-15,0.006175385261859074,0.0,0.26726373015063,0.33273626984937016,0.4,0.0,8.902982028223325e-20
2022-07-18,-0.005295903373076674,0.0,0.26726373015063,0.33273626984937016,0.4,0.0,8.902982028223325e-20
2022-07-19,0.006381148945346622,0.0,0.26726373015063,0.33273626984937016,0.4,0.0,8.902982028223325e-20
2022-07-20,-0.001184259003303583,0.0,0.26726373015063,0.33273626984937016,0.4,0.0,8.902982028223325e-20
2022-07-21,0.01411416480803427,0.0,0.26726373015063,0.33273626984937016,0.4,0.0,8.902982028223325e-20
2022-07-22,0.0041123188926318575,0.0,0.26726373015063,0.33273626984937016,0.4,0.0,8.902982028223325e-20
2022-07-25,-0.004026552485324191,0.0,0.26726373015063,0.33273626984937016,0.4,0.0,8.902982028223325e-20
2022-07-26,-0.0033811496116555027,0.0,0.26726373015063,0.33273626984937016,0.4,0.0,8.902982028223325e-20
2022-07-27,0.009144428907641479,0.0,0.26726373015063,0.33273626984937016,0.4,0.0,8.902982028223325e-20
2022-07-28,0.01087519708290888,0.0,0.26726373015063,0.33273626984937016,0.4,0.0,8.902982028223325e-20
2022-07-29,0.004116604605901394,0.0,0.26726373015063,0.33273626984937016,0.4,0.0,8.902982028223325e-20
2022-08-01,0.009484923400375921,0.0007321318348096907,0.267908238384195,0.3328238934506148,0.3992678681651903,2.5109873425027786e-19,3.694264616444586e-20
2022-08-02,-0.011180854751160922,0.0,0.267908238384195,0.3328238934506148,0.3992678681651903,2.5109873425027786e-19,3.694264616444586e-20
2022-08-03,0.010409018462497309,0.0,0.267908238384195,0.3328238934506148,0.3992678681651903,2.5109873425027786e-19,3.694264616444586e-20
2022-08-04,0.006311277805584748,0.0,0.267908238384195,0.3328238934506148,0.3992678681651903,2.5109873425027786e-19,3.694264616444586e-20
2022-08-05,-0.012887726155116293,0.004129469533716734,0.2692433910906333,0.33561821027789324,0.39513839863147354,3.4347734637318753e-19,0.0
2022-08-08,0.008451617786193553,0.0,0.2692433910906333,0.33561821027789324,0.39513839863147354,3.4347734637318753e-19,0.0
2022-08-09,-0.0011645724519473036,0.0,0.2692433910906333,0.33561821027789324,0.39513839863147354,3.4347734637318753e-19,0.0
2022-08-10,0.002470415804358691,0.0,0.2692433910906333,0.33561821027789324,0.39513839863147354,3.4347734637318753e-19,0.0
2022-08-11,-0.008865388945064709,0.0,0.2692433910906333,0.33561821027789324,0.39513839863147354,3.4347734637318753e-19,0.0
2022-08-12,0.011610674166819393,0.0034518502157286357,0.2709564232665611,0.33735702831769404,0.3916865484157449,0.0,3.113882249295396e-19
2022-08-15,-0.004215061653716358,0.0,0.2709564232665611,0.33735702831769404,0.3916865484157449,0.0,3.113882249295396e-19
2022-08-16,0.0012476282785141258,0.0,0.2709564232665611,0.33735702831769404,0.3916865484157449,0.0,3.113882249295396e-19
2022-08-17,-0.007977835368599327,0.0,0.2709564232665611,0.33735702831769404,0.3916865484157449,0.0,3.113882249295396e-19
2022-08-18,0.00026251045740684106,0.0,0.2709564232665611,0.33735702831769404,0.3916865484157449,0.0,3.113882249295396e-19
2022-08-19,-0.011968463401636667,0.0037373767572259913,0.27283476427389763,0.3392160640675835,0.3879491716585189,1.2064467183848214e-18,0.0
2022-08-22,-0.009396260390258484,0.0,0.27283476427389763,0.3392160640675835,0.3879491716585189,1.2064467183848214e-18,0.0
2022-08-23,0.00018513572839040128,0.0,0.27283476427389763,0.3392160640675835,0.3879491716585189,1.2064467183848214e-18,0.0
2022-08-24,-0.0004651793541960896,0.0,0.27283476427389763,0.3392160640675835,0.3879491716585189,1.2064467183848214e-18,0.0
2022-08-25,0.00976735722292824,0.0,0.27283476427389763,0.3392160640675835,0.3879491716585189,1.2064467183848214e-18,0.0
2022-08-26,-0.011399295091612667,0.003261603403041852,0.2745387371755729,0.34077369456895007,0.38468756825547706,6.575752935265495e-19,0.0
2022-08-29,-0.0043968215300350865,0.0,0.2745387371755729,0.34077369456895007,0.38468756825547706,6.575752935265495e-19,0.0
2022-08-30,-0.005375485426874677,0.0,0.2745387371755729,0.34077369456895007,0.38468756825547706,6.575752935265495e-19,0.0
2022-08-31,-0.008318898007038271,0.0,0.2745387371755729,0.34077369456895007,0.38468756825547706,6.575752935265495e-19,0.0
2022-09-01,-0.008759080373009705,0.0,0.2745387371755729,0.34077369456895007,0.38468756825547706,6.575752935265495e-19,0.0
2022-09-02,0.0023874595056014997,0.003038356018283617,0.27596042050238084,0.34239036726042577,0.38164921223719345,1.3741363738380719e-19,4.9138745704209134e-20
2022-09-06,-0.01175035181754945,0.0,0.27596042050238084,0.34239036726042577,0.38164921223719345,1.3741363738380719e-19,4.9138745704209134e-20
2022-09-07,0.014253439641539366,0.0,0.27596042050238084,0.34239036726042577,0.38164921223719345,1.3741363738380719e-19,4.9138745704209134e-20
2022-09-08,-0.003998971823163052,0.0,0.27596042050238084,0.34239036726042577,0.38164921223719345,1.3741363738380719e-19,4.9138745704209134e-20
2022-09-09,0.00706387767189943,0.0,0.27596042050238084,0.34239036726042577,0.38164921223719345,1.3741363738380719e-19,4.9138745704209134e-20
2022-09-12,0.0020797080983572225,0.002746289315849776,0.27751387148317824,0.34358320559547817,0.3789029229213437,0.0,1.4539377511332602e-19
2022-09-13,-0.01619727152839051,0.0,0.27751387148317824,0.34358320559547817,0.3789029229213437,0.0,1.4539377511332602e-19
2022-09-14,0.0007817115490869965,0.0,0.27751387148317824,0.34358320559547817,0.3789029229213437,0.0,1.4539377511332602e-19
2022-09-15,-0.010427280952278685,0.002466162377677189,0.2794677935582229,0.3440954458981107,0.3764367605436665,0.0,5.718134242189483e-19
2022-09-16,-0.002878844443723241,0.0024442488643942055,0.27752822227939966,0.3435907683125397,0.3788810094080607,4.215098587861767e-19,0.0
2022-09-19,0.00326347088186563,0.0037875657327360313,0.27964244149903633,0.345264114825639,0.3750934436753246,2.0329287441062898e-19,0.0
2022-09-20,-0.008813518434077149,0.003821281486806799,0.282648320463973,0.3460795173475092,0.37127216218851783,0.0,0.0
2022-09-21,0.0026553563007161145,0.0044402494626196165,0.2792009067738681,0.3450866815749945,0.3757124116511375,5.996688810843125e-19,0.0
2022-09-22,-0.01137867259279789,0.0,0.2792009067738681,0.3450866815749945,0.3757124116511375,5.996688810843125e-19,0.0
2022-09-23,-0.009759465749800893,0.0,0.2792009067738681,0.3450866815749945,0.3757124116511375,5.996688810843125e-19,0.0
2022-09-26,-0.013731886416378226,0.0015682177432710391,0.2800057850797144,0.3458500210124192,0.3741441939078664,0.0,2.3542811370458593e-19
2022-09-27,-0.00905460156854445,0.0,0.2800057850797144,0.3458500210124192,0.3741441939078664,0.0,2.3542811370458593e-19
2022-09-28,0.024866487210633906,0.0,0.2800057850797144,0.3458500210124192,0.3741441939078664,0.0,2.3542811370458593e-19
2022-09-29,-0.00771149777386442,0.0,0.2800057850797144,0.3458500210124192,0.3741441939078664,0.0,2.3542811370458593e-19
2022-09-30,-0.008770983964059693,0.0,0.2800057850797144,0.3458500210124192,0.3741441939078664,0.0,2.3542811370458593e-19
2022-10-03,0.02197810351825405,0.0015597121122526432,0.28076182616292966,0.3466536920414566,0.37258448179561376,9.877927545311322e-19,0.0
2022-10-04,0.013069966754101289,0.0,0.28076182616292966,0.3466536920414566,0.37258448179561376,9.877927545311322e-19,0.0
2022-10-05,-0.006031690539881401,0.0,0.28076182616292966,0.3466536920414566,0.37258448179561376,9.877927545311322e-19,0.0
2022-10-06,-0.005242729434345124,0.0,0.28076182616292966,0.3466536920414566,0.37258448179561376,9.877927545311322e-19,0.0
2022-10-07,-0.015281365165456846,0.0,0.28076182616292966,0.3466536920414566,0.37258448179561376,9.877927545311322e-19,0.0
2022-10-10,-0.013191697611842676,0.0008232255489865338,0.28141101168131444,0.34682773207205836,0.37176125624662726,7.029298730679818e-19,0.0
2022-10-11,-0.0010123511181939356,0.0,0.28141101168131444,0.34682773207205836,0.37176125624662726,7.029298730679818e-19,0.0
2022-10-12,0.002762159451898984,0.0,0.28141101168131444,0.34682773207205836,0.37176125624662726,7.029298730679818e-19,0.0
2022-10-13,0.001534999671763077,0.0,0.28141101168131444,0.34682773207205836,0.37176125624662726,7.029298730679818e-19,0.0
2022-10-14,-0.013906127067897586,0.0,0.28141101168131444,0.34682773207205836,0.37176125624662726,7.029298730679818e-19,0.0
2022-10-17,0.006629919551169247,0.0009962204934250707,0.28225812949583284,0.346976834750965,0.3707650357532022,5.810890589706238e-19,1.768043729029696e-19
2022-10-18,0.004927430444953884,0.0,0.28225812949583284,0.346976834750965,0.3707650357532022,5.810890589706238e-19,1.768043729029696e-19
2022-10-19,-0.013284944688487114,0.0,0.28225812949583284,0.346976834750965,0.3707650357532022,5.810890589706238e-19,1.768043729029696e-19
2022-10-20,-0.008884328726971615,0.0,0.28225812949583284,0.346976834750965,0.3707650357532022,5.810890589706238e-19,1.768043729029696e-19
2022-10-21,0.007215669481347125,0.0,0.28225812949583284,0.346976834750965,0.3707650357532022,5.810890589706238e-19,1.768043729029696e-19
2022-10-24,-0.0005986986346498435,0.00100675027622979,0.2832648797720626,0.3465771223488736,0.3701579978790638,0.0,3.6141598256163173e-19
2022-10-25,0.015456253740887292,0.0,0.2832648797720626,0.3465771223488736,0.3701579978790638,0.0,3.6141598256163173e-19
2022-10-26,0.0052146170953377945,0.0,0.2832648797720626,0.3465771223488736,0.3701579978790638,0.0,3.6141598256163173e-19
2022-10-27,0.0015431129113984586,0.0,0.2832648797720626,0.3465771223488736,0.3701579978790638,0.0,3.6141598256163173e-19
2022-10-28,0.0005771754975455955,0.0,0.2832648797720626,0.3465771223488736,0.3701579978790638,0.0,3.6141598256163173e-19
2022-10-31,-0.007536803897609834,0.0014008547298272336,0.28466573450188987,0.34614020792866046,0.36919405756944973,2.9179313475970454e-19,3.167596030938515e-19
2022-11-01,0.005756440827123642,0.0,0.28466573450188987,0.34614020792866046,0.36919405756944973,2.9179313475970454e-19,3.167596030938515e-19
2022-11-02,-0.011220474096402715,0.0,0.28466573450188987,0.34614020792866046,0.36919405756944973,2.9179313475970454e-19,3.167596030938515e-19
2022-11-03,-0.006204565842223199,0.0,0.28466573450188987,0.34614020792866046,0.36919405756944973,2.9179313475970454e-19,3.167596030938515e-19
2022-11-04,0.00961477985589057,0.0,0.28466573450188987,0.34614020792866046,0.36919405756944973,2.9179313475970454e-19,3.167596030938515e-19
2022-11-07,-0.0021765026283799777,0.0010620060814181822,0.285727740583308,0.34575287618200196,0.36851938323469,0.0,3.818450529240397e-19
2022-11-08,0.013834747138465942,0.0,0.285727740583308,0.34575287618200196,0.36851938323469,0.0,3.818450529240397e-19
2022-11-09,-0.0065988483967475515,0.0,0.285727740583308,0.34575287618200196,0.36851938323469,0.0,3.818450529240397e-19
2022-11-10,0.04022368009267531,0.0,0.285727740583308,0.34575287618200196,0.36851938323469,0.0,3.818450529240397e-19
2022-11-11,0.003933152403469101,0.0,0.285727740583308,0.34575287618200196,0.36851938323469,0.0,3.818450529240397e-19
2022-11-14,-0.002481161720084753,0.0010893923201051039,0.28681713290341315,0.3451850914921723,0.3679977756044146,0.0,1.1795686799948357e-19
2022-11-15,0.009325594208869265,0.0,0.28681713290341315,0.3451850914921723,0.3679977756044146,0.0,1.1795686799948357e-19
2022-11-16,0.004515545376864329,0.0,0.28681713290341315,0.3451850914921723,0.3679977756044146,0.0,1.1795686799948357e-19
2022-11-17,-0.007194438106959636,0.0,0.28681713290341315,0.3451850914921723,0.3679977756044146,0.0,1.1795686799948357e-19
2022-11-18,-0.003608451944330071,0.0,0.28681713290341315,0.3451850914921723,0.3679977756044146,0.0,1.1795686799948357e-19
2022-11-21,-0.00164804705234954,0.001087292163022391,0.28790442506643554,0.3446701842453937,0.3674253906881708,0.0,6.042838297576653e-19
2022-11-22,0.009197154370760397,0.0,0.28790442506643554,0.3446701842453937,0.3674253906881708,0.0,6.042838297576653e-19
2022-11-23,0.010115519950000307,0.0,0.28790442506643554,0.3446701842453937,0.3674253906881708,0.0,6.042838297576653e-19
2022-11-25,-0.0009172480204898926,0.0,0.28790442506643554,0.3446701842453937,0.3674253906881708,0.0,6.042838297576653e-19
2022-11-28,-0.006526770218464406,0.0,0.28790442506643554,0.3446701842453937,0.3674253906881708,0.0,6.042838297576653e-19
2022-11-29,-0.0027238135248947764,0.001117951354255853,0.2890223764206914,0.34440608082859964,0.366571542750709,1.0801265753318521e-19,0.0
2022-11-30,0.01632278784449622,0.0,0.2890223764206914,0.34440608082859964,0.366571542750709,1.0801265753318521e-19,0.0
2022-12-01,0.017528995776848532,0.0,0.2890223764206914,0.34440608082859964,0.366571542750709,1.0801265753318521e-19,0.0
2022-12-02,0.0027309235284254806,0.0,0.2890223764206914,0.34440608082859964,0.366571542750709,1.0801265753318521e-19,0.0
2022-12-05,-0.016313260054025794,0.0,0.2890223764206914,0.34440608082859964,0.366571542750709,1.0801265753318521e-19,0.0
2022-12-06,0.0012540646909394398,0.0011424477981146766,0.29014644165049874,0.34442446339690697,0.36542909495259435,1.4073051381017258e-19,4.472065228361171e-19
2022-12-07,0.010924937547351713,0.0,0.29014644165049874,0.34442446339690697,0.36542909495259435,1.4073051381017258e-19,4.472065228361171e-19
2022-12-08,0.0016366831118340434,0.0,0.29014644165049874,0.34442446339690697,0.36542909495259435,1.4073051381017258e-19,4.472065228361171e-19
2022-12-09,-0.009832278397350885,0.0,0.29014644165049874,0.34442446339690697,0.36542909495259435,1.4073051381017258e-19,4.472065228361171e-19
2022-12-12,0.002265808232520655,0.0,0.29014644165049874,0.34442446339690697,0.36542909495259435,1.4073051381017258e-19,4.472065228361171e-19
2022-12-13,0.01175229066535732,0.0012914184630043182,0.29122354999209876,0.34463877351831124,0.36413767648959,0.0,0.0
2022-12-14,-0.0012760520952462937,0.0,0.29122354999209876,0.34463877351831124,0.36413767648959,0.0,0.0
2022-12-15,-0.011736197257428303,0.0,0.29122354999209876,0.34463877351831124,0.36413767648959,0.0,0.0
2022-12-16,-0.004116723377407473,0.0,0.29122354999209876,0.34463877351831124,0.36413767648959,0.0,0.0
2022-12-19,-0.009287364487610543,0.0,0.29122354999209876,0.34463877351831124,0.36413767648959,0.0,0.0
2022-12-20,0.0003014823944443622,0.0010887905122244914,0.2921302382977402,0.34482087572489434,0.36304888597736557,5.799208428131341e-19,1.0380788902613577e-19
2022-12-21,0.004633533610039684,0.0,0.2921302382977402,0.34482087572489434,0.36304888597736557,5.799208428131341e-19,1.0380788902613577e-19
2022-12-22,-0.008621681463710786,0.0,0.2921302382977402,0.34482087572489434,0.36304888597736557,5.799208428131341e-19,1.0380788902613577e-19
2022-12-23,-0.002286298459688139,0.0,0.2921302382977402,0.34482087572489434,0.36304888597736557,5.799208428131341e-19,1.0380788902613577e-19
2022-12-27,-0.0049096315417799605,0.0,0.2921302382977402,0.34482087572489434,0.36304888597736557,5.799208428131341e-19,1.0380788902613577e-19
2022-12-28,-0.00730359152842518,0.0007717724530196264,0.2929020107507598,0.34446854670534,0.3626294425439002,0.0,7.238407982633189e-19
2022-12-29,0.011212573212495308,0.0,0.2929020107507598,0.34446854670534,0.3626294425439002,0.0,7.238407982633189e-19
2022-12-30,-0.0029070353823715117,0.0,0.2929020107507598,0.34446854670534,0.3626294425439002,0.0,7.238407982633189e-19
2023-01-03,0.008356445466342335,0.0010048800292512823,0.29390689078001103,0.34381056123619985,0.36228254798378906,2.9094058234536716e-19,0.0
2023-01-04,0.010389088208230871,0.0,0.29390689078001103,0.34381056123619985,0.36228254798378906,2.9094058234536716e-19,0.0
2023-01-05,-0.006407068795309872,0.0028060620180115257,0.294027427763324,0.341557759435158,0.36172928776681945,2.849231886193869e-20,0.0026855250346985806
2023-01-06,0.0197581214216897,0.0,0.294027427763324,0.341557759435158,0.36172928776681945,2.849231886193869e-20,0.0026855250346985806
2023-01-09,0.002447670778129643,0.0,0.294027427763324,0.341557759435158,0.36172928776681945,2.849231886193869e-20,0.0026855250346985806
2023-01-10,-0.002259132879287645,0.0,0.294027427763324,0.341557759435158,0.36172928776681945,2.849231886193869e-20,0.0026855250346985806
2023-01-11,0.009021133192523538,0.0,0.294027427763324,0.341557759435158,0.36172928776681945,2.849231886193869e-20,0.0026855250346985806
2023-01-12,0.011849413210716604,0.0037399754724062335,0.29402847597848486,0.3387919105887138,0.3607551611408574,1.0136250757705149e-18,0.0064244522919439774
2023-01-13,0.002292676419522265,0.0,0.29402847597848486,0.3387919105887138,0.3607551611408574,1.0136250757705149e-18,0.0064244522919439774
2023-01-17,-0.005071080361574481,0.0,0.29402847597848486,0.3387919105887138,0.3607551611408574,1.0136250757705149e-18,0.0064244522919439774
2023-01-18,0.0025313374892834903,0.0,0.29402847597848486,0.3387919105887138,0.3607551611408574,1.0136250757705149e-18,0.0064244522919439774
2023-01-19,0.0014471813624465776,0.0,0.29402847597848486,0.3387919105887138,0.3607551611408574,1.0136250757705149e-18,0.0064244522919439774
2023-01-20,-0.0011890183205493328,0.0032188671204728767,0.2937779085419212,0.3358236109048045,0.36098660127102244,0.0,0.00941187928225179
2023-01-23,0.002642116802088198,0.0,0.2937779085419212,0.3358236109048045,0.36098660127102244,0.0,0.00941187928225179
2023-01-24,0.005809834041760986,0.0,0.2937779085419212,0.3358236109048045,0.36098660127102244,0.0,0.00941187928225179
2023-01-25,0.002555630448645492,0.0,0.2937779085419212,0.3358236109048045,0.36098660127102244,0.0,0.00941187928225179
2023-01-26,-0.0015782668511881066,0.0,0.2937779085419212,0.3358236109048045,0.36098660127102244,0.0,0.00941187928225179
2023-01-27,-0.0006505666973897679,0.0029861476106704133,0.2940412577594224,0.33367936839050727,0.36014469617464934,2.262600245323992e-19,0.012134677675421066
2023-01-30,-0.005789066096980455,0.0,0.2940412577594224,0.33367936839050727,0.36014469617464934,2.262600245323992e-19,0.012134677675421066
2023-01-31,0.008274270704661506,0.0,0.2940412577594224,0.33367936839050727,0.36014469617464934,2.262600245323992e-19,0.012134677675421066
2023-02-01,0.011558256145865965,0.0,0.2940412577594224,0.33367936839050727,0.36014469617464934,2.262600245323992e-19,0.012134677675421066
2023-02-02,-0.0026814893776530035,0.0,0.2940412577594224,0.33367936839050727,0.36014469617464934,2.262600245323992e-19,0.012134677675421066
2023-02-03,-0.01692626997931544,0.0013844419633454463,0.29506589954768736,0.3327023787049271,0.35973724389688405,4.629987248678465e-21,0.01249447785050154
2023-02-06,-0.0034479010458495453,8.413408858487514e-17,0.2950658995476874,0.33270237870492714,0.3597372438968841,4.629987248678466e-21,0.012494477850501541
2023-02-07,0.0014976152786544583,8.500145032286355e-17,0.29506589954768736,0.3327023787049271,0.35973724389688405,4.629987248678465e-21,0.012494477850501538
2023-02-08,-0.0007406152354267157,8.413408858487514e-17,0.2950658995476874,0.33270237870492714,0.3597372438968841,4.629987248678466e-21,0.01249447785050154
2023-02-09,-0.008574136475604628,8.500145032286355e-17,0.29506589954768736,0.3327023787049271,0.35973724389688405,4.629987248678465e-21,0.012494477850501536
2023-02-10,-0.002255413479952944,0.005164417815878371,0.2948647409358897,0.32921735868896784,0.35825900470876254,8.310063132285975e-19,0.01765889566637988
2023-02-13,0.004362587124742303,0.0,0.2948647409358897,0.32921735868896784,0.35825900470876254,8.310063132285975e-19,0.01765889566637988
2023-02-14,-0.0006360265135046513,0.0,0.2948647409358897,0.32921735868896784,0.35825900470876254,8.310063132285975e-19,0.01765889566637988
2023-02-15,-0.005555440415169251,0.0012464347431032955,0.2961111756789931,0.32887449431420107,0.35793063521549257,4.883201524553966e-19,0.01708369479131341
2023-02-16,-0.008997985038358813,0.0009411543145017958,0.2951700213644912,0.3292602888576963,0.3583447528111438,6.019368915161213e-19,0.017224936966668648
2023-02-17,0.0028441824530218065,0.0048120442424775985,0.29485074821421614,0.32493275929176124,0.3581795112848764,0.0,0.02203698120914629
2023-02-21,-0.013498761688503984,8.500145032286355e-17,0.2948507482142161,0.3249327592917612,0.35817951128487635,0.0,0.022036981209146288
2023-02-22,0.0006265159142894738,8.500145032286355e-17,0.29485074821421614,0.32493275929176124,0.3581795112848764,0.0,0.02203698120914629
2023-02-23,0.0045615288465922325,8.500145032286355e-17,0.2948507482142161,0.3249327592917612,0.35817951128487635,0.0,0.022036981209146288
2023-02-24,-0.009787594702041432,8.500145032286355e-17,0.29485074821421614,0.32493275929176124,0.3581795112848764,0.0,0.02203698120914629
2023-02-27,0.0031520762482070844,0.004994261245226953,0.29460399378579355,0.32119520972008314,0.3571695540397501,1.7572178210826036e-19,0.027031242454373192
2023-02-28,0.002073923517071951,8.500145032286355e-17,0.2946039937857936,0.3211952097200832,0.35716955403975015,1.7572178210826038e-19,0.027031242454373196
2023-03-01,-0.0026608406579591397,0.0006249979549404744,0.295228991740734,0.3209925646118285,0.35707671465446733,3.9950674458419684e-19,0.02670172899297017
2023-03-02,-0.000617575810398203,0.0,0.295228991740734,0.3209925646118285,0.35707671465446733,3.9950674458419684e-19,0.02670172899297017
2023-03-03,0.016236840725467896,0.0,0.295228991740734,0.3209925646118285,0.35707671465446733,3.9950674458419684e-19,0.02670172899297017
2023-03-06,-0.004100458282472747,0.004962507448388281,0.2942859970116289,0.3169730518925454,0.35730876396640887,2.2354308462390725e-19,0.031432187129416915
2023-03-07,-0.008450017761000362,0.003758180359518217,0.2961705612155179,0.31884666804817463,0.3560452177054402,0.0,0.028937553030867424
2023-03-08,0.0006111685451547274,0.00385897422019639,0.2942619737727063,0.3168962812707897,0.35743975035763126,0.0,0.031401994598872635
2023-03-09,-0.0012822018994708142,0.006613776970360167,0.2975346664477652,0.320237365566091,0.3550417222515463,0.0,0.027186245734597467
2023-03-10,0.014197981220754437,0.005623982403027432,0.29475103099286065,0.3173970186179682,0.3570782425944729,0.0,0.030773707794698353
2023-03-13,0.00815742232881824,0.004130053334372722,0.29439082025386104,0.31411738684848034,0.3565880317685876,0.0,0.03490376112907102
2023-03-14,-0.0023632284902453237,0.0,0.29439082025386104,0.31411738684848034,0.3565880317685876,0.0,0.03490376112907102
2023-03-15,0.007380050531259956,0.0,0.29439082025386104,0.31411738684848034,0.3565880317685876,0.0,0.03490376112907102
2023-03-16,0.0033912214393405178,0.0,0.29439082025386104,0.31411738684848034,0.3565880317685876,0.0,0.03490376112907102
2023-03-17,0.011459469790579758,0.0,0.29439082025386104,0.31411738684848034,0.3565880317685876,0.0,0.03490376112907102
2023-03-20,7.01792748305282e-06,0.004375646998538835,0.2931609947180177,0.3109715653857849,0.3583922278132649,0.0,0.037475212082932634
2023-03-21,-0.005600543199089545,8.673617379884035e-17,0.29316099471801765,0.31097156538578485,0.35839222781326485,0.0,0.03747521208293263
2023-03-22,0.004968291803826785,0.0,0.29316099471801765,0.31097156538578485,0.35839222781326485,0.0,0.03747521208293263
2023-03-23,0.00533991820387897,0.0,0.29316099471801765,0.31097156538578485,0.35839222781326485,0.0,0.03747521208293263
2023-03-24,-0.0005213637982476706,0.004028253589021213,0.2954788742932958,0.312681939399528,0.3557431213109314,5.523909248478728e-19,0.036096064996244924
2023-03-27,-0.010162970996023046,0.0028571982672962776,0.295076823812942,0.3102267916125855,0.3572528907678204,0.0,0.037443493806652156
2023-03-28,0.0026920052567162415,0.004567179832969788,0.2929594567984348,0.30777697879412286,0.35844074720935315,0.0,0.04082281719808921
2023-03-29,0.0020901680159936624,0.01997719953797834,0.30279826820757094,0.317915366922965,0.3512941254730678,1.9568004667420783e-19,0.027992239396396133
2023-03-30,0.0063635717709264435,0.016408407371408945,0.3109732622284265,0.3261487802735185,0.3454837242313886,1.9977044557895608e-20,0.01739423326666647
2023-03-31,0.008220927858935936,0.042930861234573715,0.33768529197262975,0.3423676117638889,0.31994709626348133,7.231400422682436e-19,6.198361013320041e-18
2023-04-03,0.005229701178310443,0.00889705598527785,0.33151854035809314,0.3396373073931477,0.3288441522487592,4.617944047883698e-19,3.5015849021997796e-19
2023-04-04,0.006356302858811902,0.060570132203388666,0.2991341562854915,0.3114515592623607,0.3543962461865296,5.064602862511503e-19,0.03501803826561827
2023-04-05,0.0023499708936052808,0.02468202551206494,0.3113791507763378,0.3238885902835793,0.345747367094972,4.5964923691207495e-20,0.01898489184511093
2023-04-06,0.0005282756822718873,0.10067131151297481,0.38696851977571484,0.34897053279717705,0.26406094742710806,0.0,2.669455846956625e-18
2023-04-10,-0.007519258464603063,0.06406094742710815,0.4,0.4,0.19999999999999993,1.6667817623922118e-19,5.067702763074377e-19
2023-04-11,0.0021957430669597316,0.0,0.4,0.4,0.19999999999999993,1.6667817623922118e-19,5.067702763074377e-19
2023-04-12,-0.001064714029871317,0.0,0.4,0.4,0.19999999999999993,1.6667817623922118e-19,5.067702763074377e-19
2023-04-13,0.004872889101749187,0.0,0.4,0.4,0.19999999999999993,1.6667817623922118e-19,5.067702763074377e-19
2023-04-14,-0.008177879433877643,0.0,0.4,0.4,0.19999999999999993,1.6667817623922118e-19,5.067702763074377e-19
2023-04-17,-0.004213634732198402,0.0,0.4,0.4,0.19999999999999993,1.6667817623922118e-19,5.067702763074377e-19
2023-04-18,0.002462402063681557,0.0,0.4,0.4,0.19999999999999993,1.6667817623922118e-19,5.067702763074377e-19
2023-04-19,-0.001407098576426624,0.0,0.4,0.4,0.19999999999999993,1.6667817623922118e-19,5.067702763074377e-19
2023-04-20,0.002024526967575202,0.0,0.4,0.4,0.19999999999999993,1.6667817623922118e-19,5.067702763074377e-19
2023-04-21,-0.003914540659277965,0.0,0.4,0.4,0.19999999999999993,1.6667817623922118e-19,5.067702763074377e-19
2023-04-24,0.004894813117216712,0.0,0.4,0.4,0.19999999999999993,1.6667817623922118e-19,5.067702763074377e-19
2023-04-25,0.0005496171126984969,0.0,0.4,0.4,0.19999999999999993,1.6667817623922118e-19,5.067702763074377e-19
2023-04-26,-0.007045073785367317,0.0,0.4,0.4,0.19999999999999993,1.6667817623922118e-19,5.067702763074377e-19
2023-04-27,0.004005020754423994,0.0,0.4,0.4,0.19999999999999993,1.6667817623922118e-19,5.067702763074377e-19
2023-04-28,0.009920530808065476,0.0,0.4,0.4,0.19999999999999993,1.6667817623922118e-19,5.067702763074377e-19
2023-05-01,-0.012836065066356083,0.0,0.4,0.4,0.19999999999999993,1.6667817623922118e-19,5.067702763074377e-19
2023-05-02,0.009331520136204929,0.0,0.4,0.4,0.19999999999999993,1.6667817623922118e-19,5.067702763074377e-19
2023-05-03,0.0015879185471636664,0.07251650520652321,0.3843533686534799,0.343130126139997,0.2725165052065232,2.0518982588282122e-19,1.071292714424322e-19
2023-05-04,-0.004786659725754811,0.03754552018151097,0.4,0.3650290149749878,0.23497098502501218,0.0,2.0976454729405485e-19
2023-05-05,0.00294518221272342,0.03497098502501224,0.4,0.4,0.19999999999999993,1.149329345064829e-19,0.0
2023-05-08,-0.00525398180865051,0.0,0.4,0.4,0.19999999999999993,1.149329345064829e-19,0.0
2023-05-09,-0.0017678177886949703,0.0,0.4,0.4,0.19999999999999993,1.149329345064829e-19,0.0
2023-05-10,0.005464756214045785,0.0,0.4,0.4,0.19999999999999993,1.149329345064829e-19,0.0
2023-05-11,0.0018146754141838313,0.0,0.4,0.4,0.19999999999999993,1.149329345064829e-19,0.0
2023-05-12,-0.004213934360102289,0.0,0.4,0.4,0.19999999999999993,1.149329345064829e-19,0.0
2023-05-15,-0.0023346393714849256,0.0,0.4,0.4,0.19999999999999993,1.149329345064829e-19,0.0
2023-05-16,-0.006374638076365312,0.0,0.4,0.4,0.19999999999999993,1.149329345064829e-19,0.0
2023-05-17,0.002996763166370209,0.0,0.4,0.4,0.19999999999999993,1.149329345064829e-19,0.0
2023-05-18,-0.001704859874567809,0.0,0.4,0.4,0.19999999999999993,1.149329345064829e-19,0.0
2023-05-19,-0.0014307124395964716,0.0,0.4,0.4,0.19999999999999993,1.149329345064829e-19,0.0
2023-05-22,-0.0017303537470341633,0.0,0.4,0.4,0.19999999999999993,1.149329345064829e-19,0.0
2023-05-23,-0.003097399328663153,0.0,0.4,0.4,0.19999999999999993,1.149329345064829e-19,0.0
2023-05-24,-0.006491181797392208,0.0,0.4,0.4,0.19999999999999993,1.149329345064829e-19,0.0
2023-05-25,0.0005456664979194956,0.0,0.4,0.4,0.19999999999999993,1.149329345064829e-19,0.0
2023-05-26,0.009210292063101245,0.0,0.4,0.4,0.19999999999999993,1.149329345064829e-19,0.0
2023-05-30,0.00538705969141926,0.0,0.4,0.4,0.19999999999999993,1.149329345064829e-19,0.0
2023-05-31,0.0015761481875491423,0.0,0.4,0.4,0.19999999999999993,1.149329345064829e-19,0.0
