date,gross,turnover,w_SPY,w_TLT,w_GLD,w_USO,w_UUP
2019-01-02,0.00682033918162226,0.0,0.2,0.2,0.2,0.2,0.2
2019-01-03,-0.0013145616035015774,0.04901722583847119,0.2462421094863051,0.20277511635216613,0.2,0.15098277416152883,0.2
2019-01-04,0.00746000747917032,0.0,0.2462421094863051,0.20277511635216613,0.2,0.15098277416152883,0.2
2019-01-07,0.002802762498441502,0.0,0.2462421094863051,0.20277511635216613,0.2,0.15098277416152883,0.2
2019-01-08,0.0044164677672714064,0.048569683669183544,0.2948117931554885,0.2027751163521662,0.20000000000000007,0.10241309049234532,0.20000000000000007
2019-01-09,0.002380071560010563,0.07212683228136614,0.3669386254368546,0.2027751163521662,0.20000000000000007,0.030286258210979154,0.20000000000000007
2019-01-10,0.0001404238628531492,0.0,0.3669386254368546,0.2027751163521662,0.20000000000000007,0.030286258210979154,0.20000000000000007
2019-01-11,0.0008905832926346059,0.0,0.3669386254368546,0.2027751163521662,0.20000000000000007,0.030286258210979154,0.20000000000000007
2019-01-14,-0.003100586707216614,0.0,0.3669386254368546,0.2027751163521662,0.20000000000000007,0.030286258210979154,0.20000000000000007
2019-01-15,0.004708972786365452,0.0,0.3669386254368546,0.2027751163521662,0.20000000000000007,0.030286258210979154,0.20000000000000007
2019-01-16,0.002131692678135182,0.0,0.3669386254368546,0.2027751163521662,0.20000000000000007,0.030286258210979154,0.20000000000000007
2019-01-17,0.0024905933094939593,0.0,0.3669386254368546,0.2027751163521662,0.20000000000000007,0.030286258210979154,0.20000000000000007
2019-01-18,0.003201126529751499,0.019143571701745587,0.3860821971386002,0.2027751163521662,0.20000000000000007,0.011142686509233557,0.20000000000000007
2019-01-22,-0.0033096813001183252,0.002761498286592911,0.3888436954251931,0.2027751163521662,0.20000000000000007,0.008381188222640624,0.20000000000000007
2019-01-23,-2.5370379618704563e-06,0.008381188222640647,0.39722488364783376,0.2027751163521662,0.20000000000000007,0.0,0.20000000000000007
2019-01-24,0.0024056300830629348,0.0,0.39722488364783376,0.2027751163521662,0.20000000000000007,0.0,0.20000000000000007
2019-01-25,0.003676137633934812,0.0,0.39722488364783376,0.2027751163521662,0.20000000000000007,0.0,0.20000000000000007
2019-01-28,-0.002363820805564033,0.0,0.39722488364783376,0.2027751163521662,0.20000000000000007,0.0,0.20000000000000007
2019-01-29,0.001697990998059845,0.0,0.39722488364783376,0.2027751163521662,0.20000000000000007,0.0,0.20000000000000007
2019-01-30,0.006262161575979846,0.0,0.39722488364783376,0.2027751163521662,0.20000000000000007,0.0,0.20000000000000007
2019-01-31,0.005723392100098893,0.0,0.39722488364783376,0.2027751163521662,0.20000000000000007,0.0,0.20000000000000007
2019-02-01,-0.001434330774888752,0.0,0.39722488364783376,0.2027751163521662,0.20000000000000007,0.0,0.20000000000000007
2019-02-04,0.001573546585770004,0.0,0.39722488364783376,0.2027751163521662,0.20000000000000007,0.0,0.20000000000000007
2019-02-05,0.0036572932078489206,0.0,0.39722488364783376,0.2027751163521662,0.20000000000000007,0.0,0.20000000000000007
2019-02-06,-0.0009914923935996922,0.0,0.39722488364783376,0.2027751163521662,0.20000000000000007,0.0,0.20000000000000007
2019-02-07,-0.00149192977461466,0.0,0.39722488364783376,0.2027751163521662,0.20000000000000007,0.0,0.20000000000000007
2019-02-08,0.0023438460827559402,0.0,0.39722488364783376,0.2027751163521662,0.20000000000000007,0.0,0.20000000000000007
2019-02-11,-0.0007797247082122723,0.0,0.39722488364783376,0.2027751163521662,0.20000000000000007,0.0,0.20000000000000007
2019-02-12,0.0043158152161982865,0.0,0.39722488364783376,0.2027751163521662,0.20000000000000007,0.0,0.20000000000000007
2019-02-13,0.0008194153060503542,0.0,0.39722488364783376,0.2027751163521662,0.20000000000000007,0.0,0.20000000000000007
2019-02-14,0.0011607908261502056,0.0,0.39722488364783376,0.2027751163521662,0.20000000000000007,0.0,0.20000000000000007
2019-02-15,0.005451175119416166,0.0,0.39722488364783376,0.2027751163521662,0.20000000000000007,0.0,0.20000000000000007
2019-02-19,0.0034720051032745393,0.0,0.39722488364783376,0.2027751163521662,0.20000000000000007,0.0,0.20000000000000007
2019-02-20,2.875629700206672e-05,0.0,0.39722488364783376,0.2027751163521662,0.20000000000000007,0.0,0.20000000000000007
2019-02-21,-0.005330825263845275,0.0,0.39722488364783376,0.2027751163521662,0.20000000000000007,0.0,0.20000000000000007
2019-02-22,0.004313033803405305,0.0,0.39722488364783376,0.2027751163521662,0.20000000000000007,0.0,0.20000000000000007
2019-02-25,-0.0004225331609085937,0.0,0.39722488364783376,0.2027751163521662,0.20000000000000007,0.0,0.20000000000000007
2019-02-26,0.0002762914660314709,0.0,0.39722488364783376,0.2027751163521662,0.20000000000000007,0.0,0.20000000000000007
2019-02-27,-0.0037291178927183685,0.0,0.39722488364783376,0.2027751163521662,0.20000000000000007,0.0,0.20000000000000007
2019-02-28,-0.002396623004341106,0.0,0.39722488364783376,0.2027751163521662,0.20000000000000007,0.0,0.20000000000000007
2019-03-01,-0.002017671865094924,0.0,0.39722488364783376,0.2027751163521662,0.20000000000000007,0.0,0.20000000000000007
2019-03-04,-0.00014762016312801652,0.0,0.39722488364783376,0.2027751163521662,0.20000000000000007,0.0,0.20000000000000007
2019-03-05,0.0006903873014234365,0.0,0.39722488364783376,0.2027751163521662,0.20000000000000007,0.0,0.20000000000000007
2019-03-06,-0.0018424719847584948,0.0,0.39722488364783376,0.2027751163521662,0.20000000000000007,0.0,0.20000000000000007
2019-03-07,-0.00039214675790258434,0.0,0.39722488364783376,0.2027751163521662,0.20000000000000007,0.0,0.20000000000000007
2019-03-08,0.001635155648148118,0.0,0.39722488364783376,0.2027751163521662,0.20000000000000007,0.0,0.20000000000000007
2019-03-11,0.0037211703490990502,0.0,0.39722488364783376,0.2027751163521662,0.20000000000000007,0.0,0.20000000000000007
2019-03-12,0.00374492148786711,0.0,0.39722488364783376,0.2027751163521662,0.20000000000000007,0.0,0.20000000000000007
2019-03-13,0.002718524381784471,0.0,0.39722488364783376,0.2027751163521662,0.20000000000000007,0.0,0.20000000000000007
2019-03-14,-0.0034071511789791377,0.0,0.39722488364783376,0.2027751163521662,0.20000000000000007,0.0,0.20000000000000007
2019-03-15,0.003909048313237599,0.0,0.39722488364783376,0.2027751163521662,0.20000000000000007,0.0,0.20000000000000007
2019-03-18,0.0012051885011761143,0.0,0.39722488364783376,0.2027751163521662,0.20000000000000007,0.0,0.20000000000000007
2019-03-19,-3.17564163672538e-05,0.0,0.39722488364783376,0.2027751163521662,0.20000000000000007,0.0,0.20000000000000007
2019-03-20,0.0010570491449081638,0.0,0.39722488364783376,0.2027751163521662,0.20000000000000007,0.0,0.20000000000000007
2019-03-21,0.005377792215868727,0.0,0.39722488364783376,0.2027751163521662,0.20000000000000007,0.0,0.20000000000000007
2019-03-22,-0.003637851515973526,0.0,0.39722488364783376,0.2027751163521662,0.20000000000000007,0.0,0.20000000000000007
2019-03-25,0.0015587903472390227,0.0,0.39722488364783376,0.2027751163521662,0.20000000000000007,0.0,0.20000000000000007
2019-03-26,0.002442396556400322,0.0,0.39722488364783376,0.2027751163521662,0.20000000000000007,0.0,0.20000000000000007
2019-03-27,-0.001025009002797663,0.0,0.39722488364783376,0.2027751163521662,0.20000000000000007,0.0,0.20000000000000007
2019-03-28,7.730104727903865e-05,0.0,0.39722488364783376,0.2027751163521662,0.20000000000000007,0.0,0.20000000000000007
2019-03-29,0.0027237086378260477,0.0,0.39722488364783376,0.2027751163521662,0.20000000000000007,0.0,0.20000000000000007
2019-04-01,0.0008899539958186825,0.0,0.39722488364783376,0.2027751163521662,0.20000000000000007,0.0,0.20000000000000007
2019-04-02,0.0015409852330038648,0.0,0.39722488364783376,0.2027751163521662,0.20000000000000007,0.0,0.20000000000000007
2019-04-03,-0.0017350907656792105,0.0,0.39722488364783376,0.2027751163521662,0.20000000000000007,0.0,0.20000000000000007
2019-04-04,0.002368380754521083,0.0,0.39722488364783376,0.2027751163521662,0.20000000000000007,0.0,0.20000000000000007
2019-04-05,0.0022021451250292066,0.0,0.39722488364783376,0.2027751163521662,0.20000000000000007,0.0,0.20000000000000007
2019-04-08,-0.00023823430146041992,0.0,0.39722488364783376,0.2027751163521662,0.20000000000000007,0.0,0.20000000000000007
2019-04-09,-0.00027394935646219787,0.0,0.39722488364783376,0.2027751163521662,0.20000000000000007,0.0,0.20000000000000007
2019-04-10,0.002154805353215875,0.0,0.39722488364783376,0.2027751163521662,0.20000000000000007,0.0,0.20000000000000007
2019-04-11,-0.0032426381710392994,0.0,0.39722488364783376,0.2027751163521662,0.20000000000000007,0.0,0.20000000000000007
2019-04-12,0.0005853452828243867,0.0,0.39722488364783376,0.2027751163521662,0.20000000000000007,0.0,0.20000000000000007
2019-04-15,-0.0002021941533438457,0.0,0.39722488364783376,0.2027751163521662,0.20000000000000007,0.0,0.20000000000000007
2019-04-16,-0.0023397586059877556,0.0,0.39722488364783376,0.2027751163521662,0.20000000000000007,0.0,0.20000000000000007
2019-04-17,-0.0014244574496473364,0.0,0.39722488364783376,0.2027751163521662,0.20000000000000007,0.0,0.20000000000000007
2019-04-18,0.0030706186701419808,0.0,0.39722488364783376,0.2027751163521662,0.20000000000000007,0.0,0.20000000000000007
2019-04-22,-0.0010903509450280436,0.0,0.39722488364783376,0.2027751163521662,0.20000000000000007,0.0,0.20000000000000007
2019-04-23,0.0042779258789469,0.0,0.39722488364783376,0.2027751163521662,0.20000000000000007,0.0,0.20000000000000007
2019-04-24,0.002349387431608746,0.0,0.39722488364783376,0.2027751163521662,0.20000000000000007,0.0,0.20000000000000007
2019-04-25,6.349767794829034e-06,0.0,0.39722488364783376,0.2027751163521662,0.20000000000000007,0.0,0.20000000000000007
2019-04-26,0.0036393040775148724,0.0,0.39722488364783376,0.2027751163521662,0.20000000000000007,0.0,0.20000000000000007
2019-04-29,-0.0020170712599441236,0.0,0.39722488364783376,0.2027751163521662,0.20000000000000007,0.0,0.20000000000000007
2019-04-30,0.0012441037863594314,0.0,0.39722488364783376,0.2027751163521662,0.20000000000000007,0.0,0.20000000000000007
2019-05-01,-0.003240093224290983,0.0,0.39722488364783376,0.2027751163521662,0.20000000000000007,0.0,0.20000000000000007
2019-05-02,-0.0021294653349954486,0.0,0.39722488364783376,0.2027751163521662,0.20000000000000007,0.0,0.20000000000000007
2019-05-03,0.004885994147713246,0.0,0.39722488364783376,0.2027751163521662,0.20000000000000007,0.0,0.20000000000000007
2019-05-06,-0.0006592376861494342,0.0,0.39722488364783376,0.2027751163521662,0.20000000000000007,0.0,0.20000000000000007
2019-05-07,-0.004264719201232587,0.0,0.39722488364783376,0.2027751163521662,0.20000000000000007,0.0,0.20000000000000007
2019-05-08,-0.0018470851878287114,0.0,0.39722488364783376,0.2027751163521662,0.20000000000000007,0.0,0.20000000000000007
2019-05-09,-0.0002726324743089273,0.0,0.39722488364783376,0.2027751163521662,0.20000000000000007,0.0,0.20000000000000007
2019-05-10,0.0020227563288559153,0.0,0.39722488364783376,0.2027751163521662,0.20000000000000007,0.0,0.20000000000000007
2019-05-13,-0.0063470570307000325,0.0,0.39722488364783376,0.2027751163521662,0.20000000000000007,0.0,0.20000000000000007
2019-05-14,0.003112034380428111,0.0,0.39722488364783376,0.2027751163521662,0.20000000000000007,0.0,0.20000000000000007
2019-05-15,0.003534306554604986,0.0,0.39722488364783376,0.2027751163521662,0.20000000000000007,0.0,0.20000000000000007
2019-05-16,0.002099559180242439,0.0,0.39722488364783376,0.2027751163521662,0.20000000000000007,0.0,0.20000000000000007
2019-05-17,-0.00307552445015545,0.0,0.39722488364783376,0.2027751163521662,0.20000000000000007,0.0,0.20000000000000007
2019-05-20,-0.003213472777568499,0.0,0.39722488364783376,0.2027751163521662,0.20000000000000007,0.0,0.20000000000000007
2019-05-21,0.003098428402164601,0.0,0.39722488364783376,0.2027751163521662,0.20000000000000007,0.0,0.20000000000000007
2019-05-22,-0.00010468169586305416,0.0,0.39722488364783376,0.2027751163521662,0.20000000000000007,0.0,0.20000000000000007
2019-05-23,-0.0014048784123685443,0.0,0.39722488364783376,0.2027751163521662,0.20000000000000007,0.0,0.20000000000000007
2019-05-24,0.0006070364605777861,0.0,0.39722488364783376,0.2027751163521662,0.20000000000000007,0.0,0.20000000000000007
2019-05-28,-0.002171482976892236,0.0,0.39722488364783376,0.2027751163521662,0.20000000000000007,0.0,0.20000000000000007
2019-05-29,-0.0015295817944565642,0.0,0.39722488364783376,0.2027751163521662,0.20000000000000007,0.0,0.20000000000000007
2019-05-30,0.004261111021966992,0.0,0.39722488364783376,0.2027751163521662,0.20000000000000007,0.0,0.20000000000000007
2019-05-31,-0.0009512920153440232,0.0,0.39722488364783376,0.2027751163521662,0.20000000000000007,0.0,0.20000000000000007
2019-06-03,0.0021689584505882363,0.0,0.39722488364783376,0.2027751163521662,0.20000000000000007,0.0,0.20000000000000007
2019-06-04,0.0061452648046026355,0.0,0.39722488364783376,0.2027751163521662,0.20000000000000007,0.0,0.20000000000000007
2019-06-05,0.0034945035260905972,0.0,0.39722488364783376,0.2027751163521662,0.20000000000000007,0.0,0.20000000000000007
2019-06-06,0.0032047311258804815,0.0,0.39722488364783376,0.2027751163521662,0.20000000000000007,0.0,0.20000000000000007
2019-06-07,0.006016226965978592,0.0,0.39722488364783376,0.2027751163521662,0.20000000000000007,0.0,0.20000000000000007
2019-06-10,-0.0018460472553429503,0.0,0.39722488364783376,0.2027751163521662,0.20000000000000007,0.0,0.20000000000000007
2019-06-11,-0.00013471655081644655,0.0,0.39722488364783376,0.2027751163521662,0.20000000000000007,0.0,0.20000000000000007
2019-06-12,0.0010295139906124338,0.0,0.39722488364783376,0.2027751163521662,0.20000000000000007,0.0,0.20000000000000007
2019-06-13,0.0037140481111502597,0.0,0.39722488364783376,0.2027751163521662,0.20000000000000007,0.0,0.20000000000000007
2019-06-14,0.001078204739423972,0.0,0.39722488364783376,0.2027751163521662,0.20000000000000007,0.0,0.20000000000000007
2019-06-17,0.0004553791498814794,0.0,0.39722488364783376,0.2027751163521662,0.20000000000000007,0.0,0.20000000000000007
2019-06-18,0.006491680860970383,0.0,0.39722488364783376,0.2027751163521662,0.20000000000000007,0.0,0.20000000000000007
2019-06-19,0.0014887337451368959,0.0,0.39722488364783376,0.2027751163521662,0.20000000000000007,0.0,0.20000000000000007
2019-06-20,0.008146619814658704,0.0,0.39722488364783376,0.2027751163521662,0.20000000000000007,0.0,0.20000000000000007
2019-06-21,-0.002474928751417713,0.0,0.39722488364783376,0.2027751163521662,0.20000000000000007,0.0,0.20000000000000007
2019-06-24,0.0036874015625373412,0.0,0.39722488364783376,0.2027751163521662,0.20000000000000007,0.0,0.20000000000000007
2019-06-25,-0.002416733163260718,0.0,0.39722488364783376,0.2027751163521662,0.20000000000000007,0.0,0.20000000000000007
2019-06-26,-0.0033729389195615357,0.0,0.39722488364783376,0.2027751163521662,0.20000000000000007,0.0,0.20000000000000007
2019-06-27,0.002641963289746808,0.0,0.39722488364783376,0.2027751163521662,0.20000000000000007,0.0,0.20000000000000007
2019-06-28,0.002294888486782277,0.0,0.39722488364783376,0.2027751163521662,0.20000000000000007,0.0,0.20000000000000007
2019-07-01,0.0007211337055747851,0.0,0.39722488364783376,0.2027751163521662,0.20000000000000007,0.0,0.20000000000000007
2019-07-02,0.006717662786183793,0.0,0.39722488364783376,0.2027751163521662,0.20000000000000007,0.0,0.20000000000000007
2019-07-03,0.004951349628872029,0.0,0.39722488364783376,0.2027751163521662,0.20000000000000007,0.0,0.20000000000000007
2019-07-05,-0.004300409226458217,0.0,0.39722488364783376,0.2027751163521662,0.20000000000000007,0.0,0.20000000000000007
2019-07-08,-0.0028129121470635587,0.0,0.39722488364783376,0.2027751163521662,0.20000000000000007,0.0,0.20000000000000007
2019-07-09,0.0012713857976747844,0.0,0.39722488364783376,0.2027751163521662,0.20000000000000007,0.0,0.20000000000000007
2019-07-10,0.0031037793487976332,0.0,0.39722488364783376,0.2027751163521662,0.20000000000000007,0.0,0.20000000000000007
2019-07-11,-0.0034644495676548785,0.0,0.39722488364783376,0.2027751163521662,0.20000000000000007,0.0,0.20000000000000007
2019-07-12,0.002882009120221123,0.0,0.39722488364783376,0.2027751163521662,0.20000000000000007,0.0,0.20000000000000007
2019-07-15,0.0016053738577490168,0.0,0.39722488364783376,0.2027751163521662,0.20000000000000007,0.0,0.20000000000000007
2019-07-16,-0.0026625168282075865,0.0,0.39722488364783376,0.2027751163521662,0.20000000000000007,0.0,0.20000000000000007
2019-07-17,0.0024000121506277104,0.0,0.39722488364783376,0.2027751163521662,0.20000000000000007,0.0,0.20000000000000007
2019-07-18,0.0032285239789495096,0.0,0.39722488364783376,0.2027751163521662,0.20000000000000007,0.0,0.20000000000000007
2019-07-19,-0.004634374851103219,0.0,0.39722488364783376,0.2027751163521662,0.20000000000000007,0.0,0.20000000000000007
2019-07-22,0.0017113380130753275,0.0,0.39722488364783376,0.2027751163521662,0.20000000000000007,0.0,0.20000000000000007
2019-07-23,0.0015141877182013163,0.0,0.39722488364783376,0.2027751163521662,0.20000000000000007,0.0,0.20000000000000007
2019-07-24,0.0037648079927123596,0.0,0.39722488364783376,0.2027751163521662,0.20000000000000007,0.0,0.20000000000000007
2019-07-25,-0.003902897448260511,0.0,0.39722488364783376,0.2027751163521662,0.20000000000000007,0.0,0.20000000000000007
2019-07-26,0.0037722063236899353,0.0,0.39722488364783376,0.2027751163521662,0.20000000000000007,0.0,0.20000000000000007
2019-07-29,0.0008209624250525994,0.0,0.39722488364783376,0.2027751163521662,0.20000000000000007,0.0,0.20000000000000007
2019-07-30,0.00018716022412324873,0.0,0.39722488364783376,0.2027751163521662,0.20000000000000007,0.0,0.20000000000000007
2019-07-31,-0.004133474305225945,0.0,0.39722488364783376,0.2027751163521662,0.20000000000000007,0.0,0.20000000000000007
2019-08-01,0.004774014092936284,0.0,0.39722488364783376,0.2027751163521662,0.20000000000000007,0.0,0.20000000000000007
2019-08-02,-0.002329648493491934,0.0,0.39722488364783376,0.2027751163521662,0.20000000000000007,0.0,0.20000000000000007
2019-08-05,-0.006621567181296582,0.0,0.39722488364783376,0.2027751163521662,0.20000000000000007,0.0,0.20000000000000007
2019-08-06,0.009043504642358844,0.0,0.39722488364783376,0.2027751163521662,0.20000000000000007,0.0,0.20000000000000007
2019-08-07,0.0031940063826803814,0.0,0.39722488364783376,0.2027751163521662,0.20000000000000007,0.0,0.20000000000000007
2019-08-08,0.009386012966591327,0.0,0.39722488364783376,0.2027751163521662,0.20000000000000007,0.0,0.20000000000000007
2019-08-09,-0.003999951950246843,0.0,0.39722488364783376,0.2027751163521662,0.20000000000000007,0.0,0.20000000000000007
2019-08-12,0.0011808348267510357,0.0,0.39722488364783376,0.2027751163521662,0.20000000000000007,0.0,0.20000000000000007
2019-08-13,0.005198165708861739,0.0,0.39722488364783376,0.2027751163521662,0.20000000000000007,0.0,0.20000000000000007
2019-08-14,-0.005356461088608247,0.0,0.39722488364783376,0.2027751163521662,0.20000000000000007,0.0,0.20000000000000007
2019-08-15,0.0047855006498294045,0.0,0.39722488364783376,0.2027751163521662,0.20000000000000007,0.0,0.20000000000000007
2019-08-16,0.003106337086678304,0.0,0.39722488364783376,0.2027751163521662,0.20000000000000007,0.0,0.20000000000000007
2019-08-19,-3.618591001963451e-06,0.0,0.39722488364783376,0.2027751163521662,0.20000000000000007,0.0,0.20000000000000007
2019-08-20,0.0001638411587204314,0.0,0.39722488364783376,0.2027751163521662,0.20000000000000007,0.0,0.20000000000000007
2019-08-21,0.001472234047671673,0.0,0.39722488364783376,0.2027751163521662,0.20000000000000007,0.0,0.20000000000000007
2019-08-22,-0.002126547892460953,0.0,0.39722488364783376,0.2027751163521662,0.20000000000000007,0.0,0.20000000000000007
2019-08-23,-0.004078002361248762,0.0,0.39722488364783376,0.2027751163521662,0.20000000000000007,0.0,0.20000000000000007
2019-08-26,0.004656484966147879,0.0,0.39722488364783376,0.2027751163521662,0.20000000000000007,0.0,0.20000000000000007
2019-08-27,0.003330024772982995,0.0,0.39722488364783376,0.2027751163521662,0.20000000000000007,0.0,0.20000000000000007
2019-08-28,0.0029453332617915898,0.0,0.39722488364783376,0.2027751163521662,0.20000000000000007,0.0,0.20000000000000007
2019-08-29,0.0033968140199866484,0.0,0.39722488364783376,0.2027751163521662,0.20000000000000007,0.0,0.20000000000000007
2019-08-30,0.00011238116302959953,0.0,0.39722488364783376,0.2027751163521662,0.20000000000000007,0.0,0.20000000000000007
2019-09-03,0.0011686737017413248,0.0,0.39722488364783376,0.2027751163521662,0.20000000000000007,0.0,0.20000000000000007
2019-09-04,0.00479773089977736,0.0,0.39722488364783376,0.2027751163521662,0.20000000000000007,0.0,0.20000000000000007
2019-09-05,-0.0032912853474851315,0.0,0.39722488364783376,0.2027751163521662,0.20000000000000007,0.0,0.20000000000000007
2019-09-06,0.00011946877434105088,0.0,0.39722488364783376,0.2027751163521662,0.20000000000000007,0.0,0.20000000000000007
2019-09-09,-0.004522730693917545,0.0,0.39722488364783376,0.2027751163521662,0.20000000000000007,0.0,0.20000000000000007
2019-09-10,-0.005134571165882829,0.0,0.39722488364783376,0.2027751163521662,0.20000000000000007,0.0,0.20000000000000007
2019-09-11,0.004274975506889313,0.0,0.39722488364783376,0.2027751163521662,0.20000000000000007,0.0,0.20000000000000007
2019-09-12,-0.00013724988762895763,0.0,0.39722488364783376,0.2027751163521662,0.20000000000000007,0.0,0.20000000000000007
2019-09-13,-0.006549642750019364,0.0,0.39722488364783376,0.2027751163521662,0.20000000000000007,0.0,0.20000000000000007
2019-09-16,0.003925034033977655,0.0,0.39722488364783376,0.2027751163521662,0.20000000000000007,0.0,0.20000000000000007
2019-09-17,0.0016076483770252024,0.0,0.39722488364783376,0.2027751163521662,0.20000000000000007,0.0,0.20000000000000007
2019-09-18,0.0005896095531343561,0.0,0.39722488364783376,0.2027751163521662,0.20000000000000007,0.0,0.20000000000000007
2019-09-19,0.0009463786882167662,0.0,0.39722488364783376,0.2027751163521662,0.20000000000000007,0.0,0.20000000000000007
2019-09-20,0.003689132908658011,0.0,0.39722488364783376,0.2027751163521662,0.20000000000000007,0.0,0.20000000000000007
2019-09-23,0.0012813933823214575,0.0,0.39722488364783376,0.2027751163521662,0.20000000000000007,0.0,0.20000000000000007
2019-09-24,-0.00035950365320104247,0.0,0.39722488364783376,0.2027751163521662,0.20000000000000007,0.0,0.20000000000000007
2019-09-25,-0.002756731467584221,0.0,0.39722488364783376,0.2027751163521662,0.20000000000000007,0.0,0.20000000000000007
2019-09-26,0.000939357120581073,0.0,0.39722488364783376,0.2027751163521662,0.20000000000000007,0.0,0.20000000000000007
2019-09-27,-0.002966911969710281,0.0,0.39722488364783376,0.2027751163521662,0.20000000000000007,0.0,0.20000000000000007
2019-09-30,-9.919506030729264e-05,0.0,0.39722488364783376,0.2027751163521662,0.20000000000000007,0.0,0.20000000000000007
2019-10-01,-0.0036841170596114865,0.0,0.39722488364783376,0.2027751163521662,0.20000000000000007,0.0,0.20000000000000007
2019-10-02,-0.004334785514507725,0.0,0.39722488364783376,0.2027751163521662,0.20000000000000007,0.0,0.20000000000000007
2019-10-03,0.005936251747724658,0.0,0.39722488364783376,0.2027751163521662,0.20000000000000007,0.0,0.20000000000000007
2019-10-04,0.006724086072584692,0.0,0.39722488364783376,0.2027751163521662,0.20000000000000007,0.0,0.20000000000000007
2019-10-07,-0.0047290553181999284,0.0,0.39722488364783376,0.2027751163521662,0.20000000000000007,0.0,0.20000000000000007
2019-10-08,-0.0035759682351716145,0.0,0.39722488364783376,0.2027751163521662,0.20000000000000007,0.0,0.20000000000000007
2019-10-09,0.002662146919013635,0.0,0.39722488364783376,0.2027751163521662,0.20000000000000007,0.0,0.20000000000000007
2019-10-10,-0.0028933178656907806,0.0,0.39722488364783376,0.2027751163521662,0.20000000000000007,0.0,0.20000000000000007
2019-10-11,-0.00024249574279375545,0.0,0.39722488364783376,0.2027751163521662,0.20000000000000007,0.0,0.20000000000000007
2019-10-14,0.002426581194242455,0.0,0.39722488364783376,0.2027751163521662,0.20000000000000007,0.0,0.20000000000000007
2019-10-15,-0.0005072762350965755,0.0,0.39722488364783376,0.2027751163521662,0.20000000000000007,0.0,0.20000000000000007
2019-10-16,0.00023261909691693557,0.0,0.39722488364783376,0.2027751163521662,0.20000000000000007,0.0,0.20000000000000007
2019-10-17,0.00021603089682320606,0.0,0.39722488364783376,0.2027751163521662,0.20000000000000007,0.0,0.20000000000000007
2019-10-18,-0.0027025382043687363,0.0,0.39722488364783376,0.2027751163521662,0.20000000000000007,0.0,0.20000000000000007
2019-10-21,0.0003640665346770458,0.0,0.39722488364783376,0.2027751163521662,0.20000000000000007,0.0,0.20000000000000007
2019-10-22,0.0009262139159193437,0.0,0.39722488364783376,0.2027751163521662,0.20000000000000007,0.0,0.20000000000000007
2019-10-23,0.0017552309355203335,0.0,0.39722488364783376,0.2027751163521662,0.20000000000000007,0.0,0.20000000000000007
2019-10-24,0.0022661898700582018,0.0,0.39722488364783376,0.2027751163521662,0.20000000000000007,0.0,0.20000000000000007
2019-10-25,0.0013271051394069466,0.0,0.39722488364783376,0.2027751163521662,0.20000000000000007,0.0,0.20000000000000007
2019-10-28,-0.001475124036531128,0.0,0.39722488364783376,0.2027751163521662,0.20000000000000007,0.0,0.20000000000000007
2019-10-29,-0.0006142284254818364,0.0,0.39722488364783376,0.2027751163521662,0.20000000000000007,0.0,0.20000000000000007
2019-10-30,0.0048343526956882285,0.0,0.39722488364783376,0.2027751163521662,0.20000000000000007,0.0,0.20000000000000007
2019-10-31,0.0033018712155912424,0.0,0.39722488364783376,0.2027751163521662,0.20000000000000007,0.0,0.20000000000000007
2019-11-01,0.0031629816138796767,0.0,0.39722488364783376,0.2027751163521662,0.20000000000000007,0.0,0.20000000000000007
2019-11-04,-0.0008956724137196043,0.0,0.39722488364783376,0.2027751163521662,0.20000000000000007,0.0,0.20000000000000007
2019-11-05,-0.005206186006567769,0.0,0.39722488364783376,0.2027751163521662,0.20000000000000007,0.0,0.20000000000000007
2019-11-06,0.0021757401918421826,0.0,0.39722488364783376,0.2027751163521662,0.20000000000000007,0.0,0.20000000000000007
2019-11-07,-0.004933357905228284,0.0,0.39722488364783376,0.2027751163521662,0.20000000000000007,0.0,0.20000000000000007
2019-11-08,-0.0006993800232877054,0.0,0.39722488364783376,0.2027751163521662,0.20000000000000007,0.0,0.20000000000000007
2019-11-11,-0.0014010007608367756,0.0,0.39722488364783376,0.2027751163521662,0.20000000000000007,0.0,0.20000000000000007
2019-11-12,0.0026062724351314575,0.0,0.39722488364783376,0.2027751163521662,0.20000000000000007,0.0,0.20000000000000007
2019-11-13,0.002170472544099563,0.0,0.39722488364783376,0.2027751163521662,0.20000000000000007,0.0,0.20000000000000007
2019-11-14,0.0033646648646160036,0.0,0.39722488364783376,0.2027751163521662,0.20000000000000007,0.0,0.20000000000000007
2019-11-15,0.0017023224628854008,0.0,0.39722488364783376,0.2027751163521662,0.20000000000000007,0.0,0.20000000000000007
2019-11-18,0.0008811897035839629,0.0,0.39722488364783376,0.2027751163521662,0.20000000000000007,0.0,0.20000000000000007
2019-11-19,0.0019004132883598175,0.0,0.39722488364783376,0.2027751163521662,0.20000000000000007,0.0,0.20000000000000007
2019-11-20,0.0007220211021479153,0.0,0.39722488364783376,0.2027751163521662,0.20000000000000007,0.0,0.20000000000000007
2019-11-21,-0.002705158548864641,0.0,0.39722488364783376,0.2027751163521662,0.20000000000000007,0.0,0.20000000000000007
2019-11-22,0.0013642054613669176,0.0,0.39722488364783376,0.2027751163521662,0.20000000000000007,0.0,0.20000000000000007
2019-11-25,0.0028631673303122227,0.0,0.39722488364783376,0.2027751163521662,0.20000000000000007,0.0,0.20000000000000007
2019-11-26,0.0028250544230961454,0.0,0.39722488364783376,0.2027751163521662,0.20000000000000007,0.0,0.20000000000000007
2019-11-27,0.00041917648643510894,0.0,0.39722488364783376,0.2027751163521662,0.20000000000000007,0.0,0.20000000000000007
2019-11-29,-0.0008875211421269936,0.0,0.39722488364783376,0.2027751163521662,0.20000000000000007,0.0,0.20000000000000007
2019-12-02,-0.006997041321394562,0.0,0.39722488364783376,0.2027751163521662,0.20000000000000007,0.0,0.20000000000000007
2019-12-03,0.0032797189303415374,0.0,0.39722488364783376,0.2027751163521662,0.20000000000000007,0.0,0.20000000000000007
2019-12-04,-7.106337894669098e-05,0.0,0.39722488364783376,0.2027751163521662,0.20000000000000007,0.0,0.20000000000000007
2019-12-05,-0.0006057338566918874,0.0,0.39722488364783376,0.2027751163521662,0.20000000000000007,0.0,0.20000000000000007
2019-12-06,0.0012701230230998668,0.0,0.39722488364783376,0.2027751163521662,0.20000000000000007,0.0,0.20000000000000007
2019-12-09,-0.0010916210158933624,0.0,0.39722488364783376,0.2027751163521662,0.20000000000000007,0.0,0.20000000000000007
2019-12-10,-8.566752379833803e-05,0.0,0.39722488364783376,0.2027751163521662,0.20000000000000007,0.0,0.20000000000000007
2019-12-11,0.0033503750074844814,0.0,0.39722488364783376,0.2027751163521662,0.20000000000000007,0.0,0.20000000000000007
2019-12-12,-0.00031849487938468606,0.0,0.39722488364783376,0.2027751163521662,0.20000000000000007,0.0,0.20000000000000007
2019-12-13,0.003479285091650255,0.0,0.39722488364783376,0.2027751163521662,0.20000000000000007,0.0,0.20000000000000007
2019-12-16,0.0005166378962312358,0.0,0.39722488364783376,0.2027751163521662,0.20000000000000007,0.0,0.20000000000000007
2019-12-17,0.00014000646790380335,0.0,0.39722488364783376,0.2027751163521662,0.20000000000000007,0.0,0.20000000000000007
2019-12-18,-0.0012508154006157898,0.0,0.39722488364783376,0.2027751163521662,0.20000000000000007,0.0,0.20000000000000007
2019-12-19,0.0024705390422839184,0.0,0.39722488364783376,0.2027751163521662,0.20000000000000007,0.0,0.20000000000000007
2019-12-20,0.002883639608993645,0.0,0.39722488364783376,0.2027751163521662,0.20000000000000007,0.0,0.20000000000000007
2019-12-23,0.0008201045864675715,0.0,0.39722488364783376,0.2027751163521662,0.20000000000000007,0.0,0.20000000000000007
2019-12-24,0.0024782172018454054,0.0,0.39722488364783376,0.2027751163521662,0.20000000000000007,0.0,0.20000000000000007
2019-12-26,0.0038702703017221363,0.0,0.39722488364783376,0.2027751163521662,0.20000000000000007,0.0,0.20000000000000007
2019-12-27,-0.000938345995142889,0.0,0.39722488364783376,0.2027751163521662,0.20000000000000007,0.0,0.20000000000000007
2019-12-30,-0.0028900187284322497,0.0,0.39722488364783376,0.2027751163521662,0.20000000000000007,0.0,0.20000000000000007
2019-12-31,-0.0011801444499502543,0.0,0.39722488364783376,0.2027751163521662,0.20000000000000007,0.0,0.20000000000000007
2020-01-02,0.008167509646975844,0.0,0.39722488364783376,0.2027751163521662,0.20000000000000007,0.0,0.20000000000000007
2020-01-03,0.002998721242531476,0.0,0.39722488364783376,0.2027751163521662,0.20000000000000007,0.0,0.20000000000000007
2020-01-06,0.0020020039489277567,0.0,0.39722488364783376,0.2027751163521662,0.20000000000000007,0.0,0.20000000000000007
2020-01-07,-0.0006352349606069428,0.0,0.39722488364783376,0.2027751163521662,0.20000000000000007,0.0,0.20000000000000007
2020-01-08,-0.0001876594094743099,0.0,0.39722488364783376,0.2027751163521662,0.20000000000000007,0.0,0.20000000000000007
2020-01-09,0.0026566464020434727,0.0,0.39722488364783376,0.2027751163521662,0.20000000000000007,0.0,0.20000000000000007
2020-01-10,0.0017125818197569055,0.0,0.39722488364783376,0.2027751163521662,0.20000000000000007,0.0,0.20000000000000007
2020-01-13,0.000632816602188735,0.0,0.39722488364783376,0.2027751163521662,0.20000000000000007,0.0,0.20000000000000007
2020-01-14,0.00033537181805242105,0.0,0.39722488364783376,0.2027751163521662,0.20000000000000007,0.0,0.20000000000000007
2020-01-15,0.0031042265257449175,0.0,0.39722488364783376,0.2027751163521662,0.20000000000000007,0.0,0.20000000000000007
2020-01-16,0.0026570992987227796,0.0,0.39722488364783376,0.2027751163521662,0.20000000000000007,0.0,0.20000000000000007
2020-01-17,0.0005582100702642037,0.0,0.39722488364783376,0.2027751163521662,0.20000000000000007,0.0,0.20000000000000007
2020-01-21,0.001418881113279621,0.0,0.39722488364783376,0.2027751163521662,0.20000000000000007,0.0,0.20000000000000007
2020-01-22,0.0006763793687983922,0.0,0.39722488364783376,0.2027751163521662,0.20000000000000007,0.0,0.20000000000000007
2020-01-23,0.0028576781328978713,0.0,0.39722488364783376,0.2027751163521662,0.20000000000000007,0.0,0.20000000000000007
2020-01-24,-0.00041968119091684297,0.0,0.39722488364783376,0.2027751163521662,0.20000000000000007,0.0,0.20000000000000007
2020-01-27,-0.001545033664124222,0.0,0.39722488364783376,0.2027751163521662,0.20000000000000007,0.0,0.20000000000000007
2020-01-28,0.0007892583235935358,0.0,0.39722488364783376,0.2027751163521662,0.20000000000000007,0.0,0.20000000000000007
2020-01-29,0.003041098100702786,0.0,0.39722488364783376,0.2027751163521662,0.20000000000000007,0.0,0.20000000000000007
2020-01-30,0.0007262206996993331,0.0,0.39722488364783376,0.2027751163521662,0.20000000000000007,0.0,0.20000000000000007
2020-01-31,-0.0050366024812149805,0.0,0.39722488364783376,0.2027751163521662,0.20000000000000007,0.0,0.20000000000000007
2020-02-03,0.002476690238903412,0.0,0.39722488364783376,0.2027751163521662,0.20000000000000007,0.0,0.20000000000000007
2020-02-04,0.0010246794697989577,0.0,0.39722488364783376,0.2027751163521662,0.20000000000000007,0.0,0.20000000000000007
2020-02-05,0.0033716430858533814,0.0,0.39722488364783376,0.2027751163521662,0.20000000000000007,0.0,0.20000000000000007
2020-02-06,0.003704901688759931,0.0,0.39722488364783376,0.2027751163521662,0.20000000000000007,0.0,0.20000000000000007
2020-02-07,0.0013935213305702875,0.0,0.39722488364783376,0.2027751163521662,0.20000000000000007,0.0,0.20000000000000007
2020-02-10,0.004341274044730318,0.0,0.39722488364783376,0.2027751163521662,0.20000000000000007,0.0,0.20000000000000007
2020-02-11,-0.0012467148704886101,0.0,0.39722488364783376,0.2027751163521662,0.20000000000000007,0.0,0.20000000000000007
2020-02-12,0.0018942537347729548,0.0,0.39722488364783376,0.2027751163521662,0.20000000000000007,0.0,0.20000000000000007
2020-02-13,0.0017172044658856935,0.0,0.39722488364783376,0.2027751163521662,0.20000000000000007,0.0,0.20000000000000007
2020-02-14,0.0022851180515676556,0.0,0.39722488364783376,0.2027751163521662,0.20000000000000007,0.0,0.20000000000000007
2020-02-18,0.003676225555956556,0.0,0.39722488364783376,0.2027751163521662,0.20000000000000007,0.0,0.20000000000000007
2020-02-19,0.003423791463060549,0.0,0.39722488364783376,0.2027751163521662,0.20000000000000007,0.0,0.20000000000000007
2020-02-20,0.0013681416156476655,0.0,0.39722488364783376,0.2027751163521662,0.20000000000000007,0.0,0.20000000000000007
2020-02-21,-0.0003773672571984704,0.0,0.39722488364783376,0.2027751163521662,0.20000000000000007,0.0,0.20000000000000007
2020-02-24,-0.008275349693583605,0.0,0.39722488364783376,0.2027751163521662,0.20000000000000007,0.0,0.20000000000000007
2020-02-25,-0.015128002243767704,0.0,0.39722488364783376,0.2027751163521662,0.20000000000000007,0.0,0.20000000000000007
2020-02-26,-0.0015115323947132156,0.0,0.39722488364783376,0.2027751163521662,0.20000000000000007,0.0,0.20000000000000007
2020-02-27,-0.016796271237026768,0.0,0.39722488364783376,0.2027751163521662,0.20000000000000007,0.0,0.20000000000000007
2020-02-28,-0.0050643332170456174,0.0,0.39722488364783376,0.2027751163521662,0.20000000000000007,0.0,0.20000000000000007
2020-03-02,0.015760325628800073,0.0,0.39722488364783376,0.2027751163521662,0.20000000000000007,0.0,0.20000000000000007
2020-03-03,-0.0027720340622461146,0.0,0.39722488364783376,0.2027751163521662,0.20000000000000007,0.0,0.20000000000000007
2020-03-04,0.015578986621284124,0.0,0.39722488364783376,0.2027751163521662,0.20000000000000007,0.0,0.20000000000000007
2020-03-05,-0.005353450985615837,0.0,0.39722488364783376,0.2027751163521662,0.20000000000000007,0.0,0.20000000000000007
2020-03-06,0.0029161913669199183,0.0,0.39722488364783376,0.2027751163521662,0.20000000000000007,0.0,0.20000000000000007
2020-03-09,-0.01851196124144829,0.11079179114657059,0.2864330925012632,0.2027751163521662,0.3107917911465707,0.0,0.20000000000000007
2020-03-10,0.000821748667561956,0.0,0.2864330925012632,0.2027751163521662,0.3107917911465707,0.0,0.20000000000000007
2020-03-11,-0.02222493996428637,0.0,0.2864330925012632,0.2027751163521662,0.3107917911465707,0.0,0.20000000000000007
2020-03-12,-0.03640486623308213,0.0,0.2864330925012632,0.2027751163521662,0.3107917911465707,0.0,0.20000000000000007
2020-03-13,0.017982997154568414,0.0,0.2864330925012632,0.2027751163521662,0.3107917911465707,0.0,0.20000000000000007
2020-03-16,-0.02818112144912624,0.0,0.2864330925012632,0.2027751163521662,0.3107917911465707,0.0,0.20000000000000007
2020-03-17,0.009695490707083376,0.0,0.2864330925012632,0.2027751163521662,0.3107917911465707,0.0,0.20000000000000007
2020-03-18,-0.029099896040129754,0.0,0.2864330925012632,0.2027751163521662,0.3107917911465707,0.0,0.20000000000000007
2020-03-19,0.004991222137611022,0.0,0.2864330925012632,0.2027751163521662,0.3107917911465707,0.0,0.20000000000000007
2020-03-20,0.006995070777213715,0.0,0.2864330925012632,0.2027751163521662,0.3107917911465707,0.0,0.20000000000000007
2020-03-23,0.014477840784318532,0.0,0.2864330925012632,0.2027751163521662,0.3107917911465707,0.0,0.20000000000000007
2020-03-24,0.03497174988154586,0.0,0.2864330925012632,0.2027751163521662,0.3107917911465707,0.0,0.20000000000000007
2020-03-25,-0.0023077845475581327,0.0,0.2864330925012632,0.2027751163521662,0.3107917911465707,0.0,0.20000000000000007
2020-03-26,0.01849502774017356,0.0,0.2864330925012632,0.2027751163521662,0.3107917911465707,0.0,0.20000000000000007
2020-03-27,-0.00675947366408451,0.0,0.2864330925012632,0.2027751163521662,0.3107917911465707,0.0,0.20000000000000007
2020-03-30,0.009899020277985166,0.0,0.2864330925012632,0.2027751163521662,0.3107917911465707,0.0,0.20000000000000007
2020-03-31,-0.015961999872082213,0.0,0.2864330925012632,0.2027751163521662,0.3107917911465707,0.0,0.20000000000000007
2020-04-01,-0.005843816798752304,0.0,0.2864330925012632,0.2027751163521662,0.3107917911465707,0.0,0.20000000000000007
2020-04-02,0.014021995955640926,0.0009491264871075988,0.2854839660141556,0.2027751163521662,0.3117409176336783,0.0,0.20000000000000007
2020-04-03,-0.0009992583042229162,0.0,0.2854839660141556,0.2027751163521662,0.3117409176336783,0.0,0.20000000000000007
2020-04-06,0.02735703608688004,0.0,0.2854839660141556,0.2027751163521662,0.3117409176336783,0.0,0.20000000000000007
2020-04-07,-0.005333060573687237,0.0,0.2854839660141556,0.2027751163521662,0.3117409176336783,0.0,0.20000000000000007
2020-04-08,0.006070189239943741,0.0,0.2854839660141556,0.2027751163521662,0.3117409176336783,0.0,0.20000000000000007
2020-04-09,0.011383114145610943,0.0,0.2854839660141556,0.2027751163521662,0.3117409176336783,0.0,0.20000000000000007
2020-04-13,0.000588872192886752,0.0,0.2854839660141556,0.2027751163521662,0.3117409176336783,0.0,0.20000000000000007
2020-04-14,0.00970819419036308,0.0,0.2854839660141556,0.2027751163521662,0.3117409176336783,0.0,0.20000000000000007
2020-04-15,-0.000790477071901054,0.0,0.2854839660141556,0.2027751163521662,0.3117409176336783,0.0,0.20000000000000007
2020-04-16,0.004300780323546208,0.0,0.2854839660141556,0.2027751163521662,0.3117409176336783,0.0,0.20000000000000007
2020-04-17,-0.0015758998943766554,0.0,0.2854839660141556,0.2027751163521662,0.3117409176336783,0.0,0.20000000000000007
2020-04-20,-0.0005103544686712834,0.0,0.2854839660141556,0.2027751163521662,0.3117409176336783,0.0,0.20000000000000007
2020-04-21,-0.007947433530613125,0.0,0.2854839660141556,0.2027751163521662,0.3117409176336783,0.0,0.20000000000000007
2020-04-22,0.010986253000114243,0.0,0.2854839660141556,0.2027751163521662,0.3117409176336783,0.0,0.20000000000000007
2020-04-23,0.0042326137726042875,0.0,0.2854839660141556,0.2027751163521662,0.3117409176336783,0.0,0.20000000000000007
2020-04-24,0.0026784335633419903,0.0,0.2854839660141556,0.2027751163521662,0.3117409176336783,0.0,0.20000000000000007
2020-04-27,-0.0022433723483913886,0.0,0.2854839660141556,0.2027751163521662,0.3117409176336783,0.0,0.20000000000000007
2020-04-28,-0.0005892737540311851,0.0,0.2854839660141556,0.2027751163521662,0.3117409176336783,0.0,0.20000000000000007
2020-04-29,0.007333591944596614,0.0,0.2854839660141556,0.2027751163521662,0.3117409176336783,0.0,0.20000000000000007
2020-04-30,-0.011934650917873301,0.0,0.2854839660141556,0.2027751163521662,0.3117409176336783,0.0,0.20000000000000007
2020-05-01,-0.0036734640576214974,0.0,0.2854839660141556,0.2027751163521662,0.3117409176336783,0.0,0.20000000000000007
2020-05-04,0.0020447171016156206,0.0,0.2854839660141556,0.2027751163521662,0.3117409176336783,0.0,0.20000000000000007
2020-05-05,0.002810134887319068,0.0,0.2854839660141556,0.2027751163521662,0.3117409176336783,0.0,0.20000000000000007
2020-05-06,-0.008251398043500448,0.0,0.2854839660141556,0.2027751163521662,0.3117409176336783,0.0,0.20000000000000007
2020-05-07,0.011028017851408424,0.0,0.2854839660141556,0.2027751163521662,0.3117409176336783,0.0,0.20000000000000007
2020-05-08,0.00013971814274315285,0.0,0.2854839660141556,0.2027751163521662,0.3117409176336783,0.0,0.20000000000000007
2020-05-11,-0.0027276695229661854,0.0,0.2854839660141556,0.2027751163521662,0.3117409176336783,0.0,0.20000000000000007
2020-05-12,-0.0027648541802543095,0.0,0.2854839660141556,0.2027751163521662,0.3117409176336783,0.0,0.20000000000000007
2020-05-13,-0.00026140405525441955,0.0,0.2854839660141556,0.2027751163521662,0.3117409176336783,0.0,0.20000000000000007
2020-05-14,0.008381217652908777,0.0,0.2854839660141556,0.2027751163521662,0.3117409176336783,0.0,0.20000000000000007
2020-05-15,0.0026974322394586296,0.0,0.2854839660141556,0.2027751163521662,0.3117409176336783,0.0,0.20000000000000007
2020-05-18,0.00026707762485051086,0.0,0.2854839660141556,0.2027751163521662,0.3117409176336783,0.0,0.20000000000000007
2020-05-19,0.0006864407016688055,0.0,0.2854839660141556,0.2027751163521662,0.3117409176336783,0.0,0.20000000000000007
2020-05-20,0.005528812228856291,0.0,0.2854839660141556,0.2027751163521662,0.3117409176336783,0.0,0.20000000000000007
2020-05-21,-0.005561685776671761,0.0,0.2854839660141556,0.2027751163521662,0.3117409176336783,0.0,0.20000000000000007
2020-05-22,0.004201181989928086,0.0,0.2854839660141556,0.2027751163521662,0.3117409176336783,0.0,0.20000000000000007
2020-05-26,-0.00511522131487753,0.0,0.2854839660141556,0.2027751163521662,0.3117409176336783,0.0,0.20000000000000007
2020-05-27,0.004362472844861381,0.0,0.2854839660141556,0.2027751163521662,0.3117409176336783,0.0,0.20000000000000007
2020-05-28,-0.0012740466185659684,0.0,0.2854839660141556,0.2027751163521662,0.3117409176336783,0.0,0.20000000000000007
2020-05-29,0.004713799760252416,0.0,0.2854839660141556,0.2027751163521662,0.3117409176336783,0.0,0.20000000000000007
2020-06-01,9.605490984024474e-05,0.0,0.2854839660141556,0.2027751163521662,0.3117409176336783,0.0,0.20000000000000007
2020-06-02,-0.0006192793386178029,0.0,0.2854839660141556,0.2027751163521662,0.3117409176336783,0.0,0.20000000000000007
2020-06-03,-0.005860000525676741,0.0,0.2854839660141556,0.2027751163521662,0.3117409176336783,0.0,0.20000000000000007
2020-06-04,-0.0011660090068555309,0.0,0.2854839660141556,0.2027751163521662,0.3117409176336783,0.0,0.20000000000000007
2020-06-05,-6.605580303979219e-05,0.0,0.2854839660141556,0.2027751163521662,0.3117409176336783,0.0,0.20000000000000007
2020-06-08,0.007069744139722468,0.0,0.2854839660141556,0.2027751163521662,0.3117409176336783,0.0,0.20000000000000007
2020-06-09,0.002568138971710525,0.0,0.2854839660141556,0.2027751163521662,0.3117409176336783,0.0,0.20000000000000007
2020-06-10,0.004881498749067107,0.0,0.2854839660141556,0.2027751163521662,0.3117409176336783,0.0,0.20000000000000007
2020-06-11,-0.012868558690141316,0.0,0.2854839660141556,0.2027751163521662,0.3117409176336783,0.0,0.20000000000000007
2020-06-12,0.002439803829646513,0.0,0.2854839660141556,0.2027751163521662,0.3117409176336783,0.0,0.20000000000000007
2020-06-15,0.0013839434093785618,0.0,0.2854839660141556,0.2027751163521662,0.3117409176336783,0.0,0.20000000000000007
2020-06-16,0.002843872177876255,0.0,0.2854839660141556,0.2027751163521662,0.3117409176336783,0.0,0.20000000000000007
2020-06-17,0.0003993007610439415,0.0,0.2854839660141556,0.2027751163521662,0.3117409176336783,0.0,0.20000000000000007
2020-06-18,0.002405081727419945,0.0,0.2854839660141556,0.2027751163521662,0.3117409176336783,0.0,0.20000000000000007
2020-06-19,0.0021981789413505204,0.0,0.2854839660141556,0.2027751163521662,0.3117409176336783,0.0,0.20000000000000007
2020-06-22,0.0028094131748930906,0.0,0.2854839660141556,0.2027751163521662,0.3117409176336783,0.0,0.20000000000000007
2020-06-23,0.0018671996836859693,0.0,0.2854839660141556,0.2027751163521662,0.3117409176336783,0.0,0.20000000000000007
2020-06-24,-0.005275915552622657,0.0,0.2854839660141556,0.2027751163521662,0.3117409176336783,0.0,0.20000000000000007
2020-06-25,0.00376184038194426,0.0,0.2854839660141556,0.2027751163521662,0.3117409176336783,0.0,0.20000000000000007
2020-06-26,-0.0029148959170629983,0.0,0.2854839660141556,0.2027751163521662,0.3117409176336783,0.0,0.20000000000000007
2020-06-29,0.0038022641016157922,0.0,0.2854839660141556,0.2027751163521662,0.3117409176336783,0.0,0.20000000000000007
2020-06-30,0.0037530197765213618,0.0,0.2854839660141556,0.2027751163521662,0.3117409176336783,0.0,0.20000000000000007
2020-07-01,-0.00024685961908717886,0.0,0.2854839660141556,0.2027751163521662,0.3117409176336783,0.0,0.20000000000000007
2020-07-02,0.002608843471904175,0.0,0.2854839660141556,0.2027751163521662,0.3117409176336783,0.0,0.20000000000000007
2020-07-06,0.004378198091262387,0.0,0.2854839660141556,0.2027751163521662,0.3117409176336783,0.0,0.20000000000000007
2020-07-07,0.002331982978371362,0.0,0.2854839660141556,0.2027751163521662,0.3117409176336783,0.0,0.20000000000000007
2020-07-08,0.0022412670540573392,0.0,0.2854839660141556,0.2027751163521662,0.3117409176336783,0.0,0.20000000000000007
2020-07-09,0.0014509620493796446,0.0,0.2854839660141556,0.2027751163521662,0.3117409176336783,0.0,0.20000000000000007
2020-07-10,0.0007814747834029455,0.0,0.2854839660141556,0.2027751163521662,0.3117409176336783,0.0,0.20000000000000007
2020-07-13,-0.0017209989270022023,0.0,0.2854839660141556,0.2027751163521662,0.3117409176336783,0.0,0.20000000000000007
2020-07-14,0.005061437994461454,0.0,0.2854839660141556,0.2027751163521662,0.3117409176336783,0.0,0.20000000000000007
2020-07-15,0.0014131125814104849,0.0,0.2854839660141556,0.2027751163521662,0.3117409176336783,0.0,0.20000000000000007
2020-07-16,-0.002229989241099581,0.0,0.2854839660141556,0.2027751163521662,0.3117409176336783,0.0,0.20000000000000007
2020-07-17,0.0021263588184549363,0.0,0.2854839660141556,0.2027751163521662,0.3117409176336783,0.0,0.20000000000000007
2020-07-20,0.003999748859393658,0.0,0.2854839660141556,0.2027751163521662,0.3117409176336783,0.0,0.20000000000000007
2020-07-21,0.003249403905417699,0.0,0.2854839660141556,0.2027751163521662,0.3117409176336783,0.0,0.20000000000000007
2020-07-22,0.0064260929975036,0.0,0.2854839660141556,0.2027751163521662,0.3117409176336783,0.0,0.20000000000000007
2020-07-23,0.0013238675986835336,0.0,0.2854839660141556,0.2027751163521662,0.3117409176336783,0.0,0.20000000000000007
2020-07-24,-3.517352584914938e-05,0.0,0.2854839660141556,0.2027751163521662,0.3117409176336783,0.0,0.20000000000000007
2020-07-27,0.005997119919124698,0.0,0.2854839660141556,0.2027751163521662,0.3117409176336783,0.0,0.20000000000000007
2020-07-28,0.0025085434959324373,0.0,0.2854839660141556,0.2027751163521662,0.3117409176336783,0.0,0.20000000000000007
2020-07-29,0.004560157465033748,0.0,0.2854839660141556,0.2027751163521662,0.3117409176336783,0.0,0.20000000000000007
2020-07-30,-0.0027820895842988027,0.0,0.2854839660141556,0.2027751163521662,0.3117409176336783,0.0,0.20000000000000007
2020-07-31,0.006152501588303758,0.0,0.2854839660141556,0.2027751163521662,0.3117409176336783,0.0,0.20000000000000007
2020-08-03,0.0013168767975029502,0.0,0.2854839660141556,0.2027751163521662,0.3117409176336783,0.0,0.20000000000000007
2020-08-04,0.00895664928467008,0.0,0.2854839660141556,0.2027751163521662,0.3117409176336783,0.0,0.20000000000000007
2020-08-05,0.00202086114699389,0.0,0.2854839660141556,0.2027751163521662,0.3117409176336783,0.0,0.20000000000000007
2020-08-06,0.007179109008933715,0.0,0.2854839660141556,0.2027751163521662,0.3117409176336783,0.0,0.20000000000000007
2020-08-07,-0.004902590010961721,0.0,0.2854839660141556,0.2027751163521662,0.3117409176336783,0.0,0.20000000000000007
2020-08-10,-0.0008151987185697799,0.0,0.2854839660141556,0.2027751163521662,0.3117409176336783,0.0,0.20000000000000007
2020-08-11,-0.021188634570147143,0.0,0.2854839660141556,0.2027751163521662,0.3117409176336783,0.0,0.20000000000000007
2020-08-12,4.826998060564929e-05,0.0,0.2854839660141556,0.2027751163521662,0.3117409176336783,0.0,0.20000000000000007
2020-08-13,0.004600113942495688,0.0,0.2854839660141556,0.2027751163521662,0.3117409176336783,0.0,0.20000000000000007
2020-08-14,-0.0024442557027480266,0.0,0.2854839660141556,0.2027751163521662,0.3117409176336783,0.0,0.20000000000000007
2020-08-17,0.007305452061734158,0.0,0.2854839660141556,0.2027751163521662,0.3117409176336783,0.0,0.20000000000000007
2020-08-18,0.0037582753731559703,0.0,0.2854839660141556,0.2027751163521662,0.3117409176336783,0.0,0.20000000000000007
2020-08-19,-0.01069198225436779,0.0,0.2854839660141556,0.2027751163521662,0.3117409176336783,0.0,0.20000000000000007
2020-08-20,0.004319953528203848,0.0,0.2854839660141556,0.2027751163521662,0.3117409176336783,0.0,0.20000000000000007
2020-08-21,0.000688266751076916,0.0,0.2854839660141556,0.2027751163521662,0.3117409176336783,0.0,0.20000000000000007
2020-08-24,0.0011170967344536163,0.0,0.2854839660141556,0.2027751163521662,0.3117409176336783,0.0,0.20000000000000007
2020-08-25,-0.0008877557171370312,0.0,0.2854839660141556,0.2027751163521662,0.3117409176336783,0.0,0.20000000000000007
2020-08-26,0.005528842983175494,0.0,0.2854839660141556,0.2027751163521662,0.3117409176336783,0.0,0.20000000000000007
2020-08-27,-0.0061902115171346105,0.0,0.2854839660141556,0.2027751163521662,0.3117409176336783,0.0,0.20000000000000007
2020-08-28,0.005519650198363215,0.0,0.2854839660141556,0.2027751163521662,0.3117409176336783,0.0,0.20000000000000007
2020-08-31,0.0008157596235825165,0.0,0.2854839660141556,0.2027751163521662,0.3117409176336783,0.0,0.20000000000000007
2020-09-01,0.005780824137033418,0.0,0.2854839660141556,0.2027751163521662,0.3117409176336783,0.0,0.20000000000000007
2020-09-02,0.0026874610726054606,0.0,0.2854839660141556,0.2027751163521662,0.3117409176336783,0.0,0.20000000000000007
2020-09-03,-0.011695119310358135,0.0,0.2854839660141556,0.2027751163521662,0.3117409176336783,0.0,0.20000000000000007
2020-09-04,-0.005001345280282203,0.0,0.2854839660141556,0.2027751163521662,0.3117409176336783,0.0,0.20000000000000007
2020-09-08,-0.006118721609690064,0.0,0.2854839660141556,0.2027751163521662,0.3117409176336783,0.0,0.20000000000000007
2020-09-09,0.007801901855754724,0.0,0.2854839660141556,0.2027751163521662,0.3117409176336783,0.0,0.20000000000000007
2020-09-10,-0.0045340340846352824,0.0,0.2854839660141556,0.2027751163521662,0.3117409176336783,0.0,0.20000000000000007
2020-09-11,0.00016421854687875562,0.0,0.2854839660141556,0.2027751163521662,0.3117409176336783,0.0,0.20000000000000007
2020-09-14,0.0057317593012276,0.0,0.2854839660141556,0.2027751163521662,0.3117409176336783,0.0,0.20000000000000007
2020-09-15,0.0003623583748977409,0.0,0.2854839660141556,0.2027751163521662,0.3117409176336783,0.0,0.20000000000000007
2020-09-16,-0.0006160750521502896,0.0,0.2854839660141556,0.2027751163521662,0.3117409176336783,0.0,0.20000000000000007
2020-09-17,-0.004317710161374401,0.0,0.2854839660141556,0.2027751163521662,0.3117409176336783,0.0,0.20000000000000007
2020-09-18,-0.0032687735796477274,0.0,0.2854839660141556,0.2027751163521662,0.3117409176336783,0.0,0.20000000000000007
2020-09-21,-0.00697668391388585,0.0,0.2854839660141556,0.2027751163521662,0.3117409176336783,0.0,0.20000000000000007
2020-09-22,0.0019479757982238128,0.0,0.2854839660141556,0.2027751163521662,0.3117409176336783,0.0,0.20000000000000007
2020-09-23,-0.011981293659293346,0.0,0.2854839660141556,0.2027751163521662,0.3117409176336783,0.0,0.20000000000000007
2020-09-24,0.002383242386888328,0.0,0.2854839660141556,0.2027751163521662,0.3117409176336783,0.0,0.20000000000000007
2020-09-25,0.00427635946911116,0.0,0.2854839660141556,0.2027751163521662,0.3117409176336783,0.0,0.20000000000000007
2020-09-28,0.006674673248718486,0.0,0.2854839660141556,0.2027751163521662,0.3117409176336783,0.0,0.20000000000000007
2020-09-29,0.00036557397293211704,0.0,0.2854839660141556,0.2027751163521662,0.3117409176336783,0.0,0.20000000000000007
2020-09-30,-0.0016510241487195645,0.0,0.2854839660141556,0.2027751163521662,0.3117409176336783,0.0,0.20000000000000007
2020-10-01,0.004632706164464764,0.0,0.2854839660141556,0.2027751163521662,0.3117409176336783,0.0,0.20000000000000007
2020-10-02,-0.0032727986336545554,0.0,0.2854839660141556,0.2027751163521662,0.3117409176336783,0.0,0.20000000000000007
2020-10-05,0.0017524466282727164,0.0,0.2854839660141556,0.2027751163521662,0.3117409176336783,0.0,0.20000000000000007
2020-10-06,-0.006077709014580253,0.0,0.2854839660141556,0.2027751163521662,0.3117409176336783,0.0,0.20000000000000007
2020-10-07,0.003113036792795635,0.0,0.2854839660141556,0.2027751163521662,0.3117409176336783,0.0,0.20000000000000007
2020-10-08,0.004654241791309261,0.0,0.2854839660141556,0.2027751163521662,0.3117409176336783,0.0,0.20000000000000007
2020-10-09,0.006986763269586668,0.0,0.2854839660141556,0.2027751163521662,0.3117409176336783,0.0,0.20000000000000007
2020-10-12,0.004104803151649874,0.0,0.2854839660141556,0.2027751163521662,0.3117409176336783,0.0,0.20000000000000007
2020-10-13,-0.004119622458146617,0.0,0.2854839660141556,0.2027751163521662,0.3117409176336783,0.0,0.20000000000000007
2020-10-14,-0.0008402783649828877,0.0,0.2854839660141556,0.2027751163521662,0.3117409176336783,0.0,0.20000000000000007
2020-10-15,0.0013860269988846317,0.0,0.2854839660141556,0.2027751163521662,0.3117409176336783,0.0,0.20000000000000007
2020-10-16,-0.0020534257766271604,0.0,0.2854839660141556,0.2027751163521662,0.3117409176336783,0.0,0.20000000000000007
2020-10-19,-0.005582075408908624,0.0,0.2854839660141556,0.2027751163521662,0.3117409176336783,0.0,0.20000000000000007
2020-10-20,8.196431245512201e-05,0.0,0.2854839660141556,0.2027751163521662,0.3117409176336783,0.0,0.20000000000000007
2020-10-21,7.259762865201519e-05,0.0,0.2854839660141556,0.2027751163521662,0.3117409176336783,0.0,0.20000000000000007
2020-10-22,-0.002797586216791059,0.0,0.2854839660141556,0.2027751163521662,0.3117409176336783,0.0,0.20000000000000007
2020-10-23,0.0013994596160935963,0.0,0.2854839660141556,0.2027751163521662,0.3117409176336783,0.0,0.20000000000000007
2020-10-26,-0.0028275945541556616,0.0,0.2854839660141556,0.2027751163521662,0.3117409176336783,0.0,0.20000000000000007
2020-10-27,0.0007991104823708952,0.0,0.2854839660141556,0.2027751163521662,0.3117409176336783,0.0,0.20000000000000007
2020-10-28,-0.013324687435910795,0.0,0.2854839660141556,0.2027751163521662,0.3117409176336783,0.0,0.20000000000000007
2020-10-29,0.00043330348517709263,0.0,0.2854839660141556,0.2027751163521662,0.3117409176336783,0.0,0.20000000000000007
2020-10-30,-0.0033179877112284283,0.0,0.2854839660141556,0.2027751163521662,0.3117409176336783,0.0,0.20000000000000007
2020-11-02,0.007980739547033563,0.0,0.2854839660141556,0.2027751163521662,0.3117409176336783,0.0,0.20000000000000007
2020-11-03,0.004531333365528752,0.0,0.2854839660141556,0.2027751163521662,0.3117409176336783,0.0,0.20000000000000007
2020-11-04,0.010288104208010167,0.0,0.2854839660141556,0.2027751163521662,0.3117409176336783,0.0,0.20000000000000007
2020-11-05,0.011181841055566123,0.0,0.2854839660141556,0.2027751163521662,0.3117409176336783,0.0,0.20000000000000007
2020-11-06,-0.002792983437297028,0.0,0.2854839660141556,0.2027751163521662,0.3117409176336783,0.0,0.20000000000000007
2020-11-09,-0.013189442231111194,0.0,0.2854839660141556,0.2027751163521662,0.3117409176336783,0.0,0.20000000000000007
2020-11-10,-0.0005554331995535732,0.0,0.2854839660141556,0.2027751163521662,0.3117409176336783,0.0,0.20000000000000007
2020-11-11,0.0017433401038087722,0.0,0.2854839660141556,0.2027751163521662,0.3117409176336783,0.0,0.20000000000000007
2020-11-12,0.002570730292763425,0.0,0.2854839660141556,0.2027751163521662,0.3117409176336783,0.0,0.20000000000000007
2020-11-13,0.005410803473202918,0.0,0.2854839660141556,0.2027751163521662,0.3117409176336783,0.0,0.20000000000000007
2020-11-16,0.0025792390355366315,0.0,0.2854839660141556,0.2027751163521662,0.3117409176336783,0.0,0.20000000000000007
2020-11-17,-0.0016758936467636816,0.0,0.2854839660141556,0.2027751163521662,0.3117409176336783,0.0,0.20000000000000007
2020-11-18,-0.004552004697050896,0.0,0.2854839660141556,0.2027751163521662,0.3117409176336783,0.0,0.20000000000000007
2020-11-19,0.0013387959792544252,0.0,0.2854839660141556,0.2027751163521662,0.3117409176336783,0.0,0.20000000000000007
2020-11-20,0.0010280633090746759,0.0,0.2854839660141556,0.2027751163521662,0.3117409176336783,0.0,0.20000000000000007
2020-11-23,-0.0050363588050058306,0.0,0.2854839660141556,0.2027751163521662,0.3117409176336783,0.0,0.20000000000000007
2020-11-24,-0.0031573036266431547,0.0,0.2854839660141556,0.2027751163521662,0.3117409176336783,0.0,0.20000000000000007
2020-11-25,-0.0015335082528617709,0.0,0.2854839660141556,0.2027751163521662,0.3117409176336783,0.0,0.20000000000000007
2020-11-27,-0.0008032051585129185,0.0,0.2854839660141556,0.2027751163521662,0.3117409176336783,0.0,0.20000000000000007
2020-11-30,-0.003113252086070547,0.0,0.2854839660141556,0.2027751163521662,0.3117409176336783,0.0,0.20000000000000007
2020-12-01,0.004925139602927201,0.0,0.2854839660141556,0.2027751163521662,0.3117409176336783,0.0,0.20000000000000007
2020-12-02,0.0010920112949539572,0.0,0.2854839660141556,0.2027751163521662,0.3117409176336783,0.0,0.20000000000000007
2020-12-03,0.0029536894466769877,0.0,0.2854839660141556,0.2027751163521662,0.3117409176336783,0.0,0.20000000000000007
2020-12-04,-0.0011521201336695027,0.0,0.2854839660141556,0.2027751163521662,0.3117409176336783,0.0,0.20000000000000007
2020-12-07,0.00621883597918533,0.0,0.2854839660141556,0.2027751163521662,0.3117409176336783,0.0,0.20000000000000007
2020-12-08,0.003125647738214612,0.0,0.2854839660141556,0.2027751163521662,0.3117409176336783,0.0,0.20000000000000007
2020-12-09,-0.008478013788174331,0.0,0.2854839660141556,0.2027751163521662,0.3117409176336783,0.0,0.20000000000000007
2020-12-10,0.0005373625531581807,0.0,0.2854839660141556,0.2027751163521662,0.3117409176336783,0.0,0.20000000000000007
2020-12-11,0.0014525638765350037,0.0,0.2854839660141556,0.2027751163521662,0.3117409176336783,0.0,0.20000000000000007
2020-12-14,-0.004127494044775059,0.0,0.2854839660141556,0.2027751163521662,0.3117409176336783,0.0,0.20000000000000007
2020-12-15,0.006888460004227085,0.0,0.2854839660141556,0.2027751163521662,0.3117409176336783,0.0,0.20000000000000007
2020-12-16,0.001382768683946392,0.0,0.2854839660141556,0.2027751163521662,0.3117409176336783,0.0,0.20000000000000007
2020-12-17,0.0032720793546957686,0.0,0.2854839660141556,0.2027751163521662,0.3117409176336783,0.0,0.20000000000000007
2020-12-18,-0.00202918329448738,0.0,0.2854839660141556,0.2027751163521662,0.3117409176336783,0.0,0.20000000000000007
2020-12-21,-0.00079372328511791,0.0,0.2854839660141556,0.2027751163521662,0.3117409176336783,0.0,0.20000000000000007
2020-12-22,-0.0008288790685518819,0.0,0.2854839660141556,0.2027751163521662,0.3117409176336783,0.0,0.20000000000000007
2020-12-23,2.7836558311574756e-05,0.0,0.2854839660141556,0.2027751163521662,0.3117409176336783,0.0,0.20000000000000007
2020-12-24,0.00331971562424801,0.0,0.2854839660141556,0.2027751163521662,0.3117409176336783,0.0,0.20000000000000007
2020-12-28,0.0014114718563284692,0.0,0.2854839660141556,0.2027751163521662,0.3117409176336783,0.0,0.20000000000000007
2020-12-29,-0.0003238790288029854,0.0,0.2854839660141556,0.2027751163521662,0.3117409176336783,0.0,0.20000000000000007
2020-12-30,0.0024083805050519806,0.0,0.2854839660141556,0.2027751163521662,0.3117409176336783,0.0,0.20000000000000007
2020-12-31,0.0034836641846309,0.0,0.2854839660141556,0.2027751163521662,0.3117409176336783,0.0,0.20000000000000007
2021-01-04,0.0029730598430063888,0.0,0.2854839660141556,0.2027751163521662,0.3117409176336783,0.0,0.20000000000000007
2021-01-05,0.00022938866607659413,0.0,0.2854839660141556,0.2027751163521662,0.3117409176336783,0.0,0.20000000000000007
2021-01-06,-0.007767613729157043,0.0,0.2854839660141556,0.2027751163521662,0.3117409176336783,0.0,0.20000000000000007
2021-01-07,0.0028886829142650834,0.0,0.2854839660141556,0.2027751163521662,0.3117409176336783,0.0,0.20000000000000007
2021-01-08,-0.009362185339587614,0.0,0.2854839660141556,0.2027751163521662,0.3117409176336783,0.0,0.20000000000000007
2021-01-11,-0.001634882940901383,0.0,0.2854839660141556,0.2027751163521662,0.3117409176336783,0.0,0.20000000000000007
2021-01-12,0.0008527405328638635,0.0,0.2854839660141556,0.2027751163521662,0.3117409176336783,0.0,0.20000000000000007
2021-01-13,0.0023683785157345358,0.0,0.2854839660141556,0.2027751163521662,0.3117409176336783,0.0,0.20000000000000007
2021-01-14,-0.003471506596517578,0.0,0.2854839660141556,0.2027751163521662,0.3117409176336783,0.0,0.20000000000000007
2021-01-15,-0.0038294893020478526,0.0,0.2854839660141556,0.2027751163521662,0.3117409176336783,0.0,0.20000000000000007
2021-01-19,0.004965480785685955,0.0,0.2854839660141556,0.2027751163521662,0.3117409176336783,0.0,0.20000000000000007
2021-01-20,0.009144306583839482,0.0,0.2854839660141556,0.2027751163521662,0.3117409176336783,0.0,0.20000000000000007
2021-01-21,-0.0022598602497378435,0.0,0.2854839660141556,0.2027751163521662,0.3117409176336783,0.0,0.20000000000000007
2021-01-22,-0.0023969144605862176,0.0,0.2854839660141556,0.2027751163521662,0.3117409176336783,0.0,0.20000000000000007
2021-01-25,0.004031057901834917,0.0,0.2854839660141556,0.2027751163521662,0.3117409176336783,0.0,0.20000000000000007
2021-01-26,-0.0021728400056266945,0.0,0.2854839660141556,0.2027751163521662,0.3117409176336783,0.0,0.20000000000000007
2021-01-27,-0.007202317791821412,0.0,0.2854839660141556,0.2027751163521662,0.3117409176336783,0.0,0.20000000000000007
2021-01-28,0.0011326698595570438,0.0,0.2854839660141556,0.2027751163521662,0.3117409176336783,0.0,0.20000000000000007
2021-01-29,-0.006815494450314002,0.0,0.2854839660141556,0.2027751163521662,0.3117409176336783,0.0,0.20000000000000007
2021-02-01,0.008895670460086182,0.0,0.2854839660141556,0.2027751163521662,0.3117409176336783,0.0,0.20000000000000007
2021-02-02,-0.0008193309399883067,0.0,0.2854839660141556,0.2027751163521662,0.3117409176336783,0.0,0.20000000000000007
2021-02-03,-0.002127156131930368,0.0,0.2854839660141556,0.2027751163521662,0.3117409176336783,0.0,0.20000000000000007
2021-02-04,-0.0031132380209421165,0.0,0.2854839660141556,0.2027751163521662,0.3117409176336783,0.0,0.20000000000000007
2021-02-05,0.0013681945167823345,0.0,0.2854839660141556,0.2027751163521662,0.3117409176336783,0.0,0.20000000000000007
2021-02-08,0.006009942452734655,0.0,0.2854839660141556,0.2027751163521662,0.3117409176336783,0.0,0.20000000000000007
2021-02-09,-8.25652625000402e-05,0.0,0.2854839660141556,0.2027751163521662,0.3117409176336783,0.0,0.20000000000000007
2021-02-10,0.0022841180746854457,0.0,0.2854839660141556,0.2027751163521662,0.3117409176336783,0.0,0.20000000000000007
2021-02-11,-0.003438572268395562,0.0,0.2854839660141556,0.2027751163521662,0.3117409176336783,0.0,0.20000000000000007
2021-02-12,-0.0018908329520212035,0.0,0.2854839660141556,0.2027751163521662,0.3117409176336783,0.0,0.20000000000000007
2021-02-16,-0.007809430239490236,0.0,0.2854839660141556,0.2027751163521662,0.3117409176336783,0.0,0.20000000000000007
2021-02-17,-0.001365872242425703,0.0,0.2854839660141556,0.2027751163521662,0.3117409176336783,0.0,0.20000000000000007
2021-02-18,-0.002707747441638219,0.0,0.2854839660141556,0.2027751163521662,0.3117409176336783,0.0,0.20000000000000007
2021-02-19,-0.0023978301441052205,0.0,0.2854839660141556,0.2027751163521662,0.3117409176336783,0.0,0.20000000000000007
2021-02-22,0.0003530855212571329,0.0,0.2854839660141556,0.2027751163521662,0.3117409176336783,0.0,0.20000000000000007
2021-02-23,-0.0007905145556545768,0.0,0.2854839660141556,0.2027751163521662,0.3117409176336783,0.0,0.20000000000000007
2021-02-24,0.001265210739068983,0.0,0.2854839660141556,0.2027751163521662,0.3117409176336783,0.0,0.20000000000000007
2021-02-25,-0.015396732842511071,0.0,0.2854839660141556,0.2027751163521662,0.3117409176336783,0.0,0.20000000000000007
2021-02-26,-0.0008273235211014012,0.0,0.2854839660141556,0.2027751163521662,0.3117409176336783,0.0,0.20000000000000007
2021-03-01,0.0038657934367192994,0.0,0.2854839660141556,0.2027751163521662,0.3117409176336783,0.0,0.20000000000000007
2021-03-02,-0.0012484571312946246,0.0,0.2854839660141556,0.2027751163521662,0.3117409176336783,0.0,0.20000000000000007
2021-03-03,-0.00884401816980144,0.0,0.2854839660141556,0.2027751163521662,0.3117409176336783,0.0,0.20000000000000007
2021-03-04,-0.006601953652403758,0.0,0.2854839660141556,0.2027751163521662,0.3117409176336783,0.0,0.20000000000000007
2021-03-05,0.006572082810625318,0.0,0.2854839660141556,0.2027751163521662,0.3117409176336783,0.0,0.20000000000000007
2021-03-08,-0.0050998073544826555,0.0,0.2854839660141556,0.2027751163521662,0.3117409176336783,0.0,0.20000000000000007
2021-03-09,0.0123930648186647,0.0,0.2854839660141556,0.2027751163521662,0.3117409176336783,0.0,0.20000000000000007
2021-03-10,0.003449705659367405,0.0,0.2854839660141556,0.2027751163521662,0.3117409176336783,0.0,0.20000000000000007
2021-03-11,0.00019145285736536094,0.0,0.2854839660141556,0.2027751163521662,0.3117409176336783,0.0,0.20000000000000007
2021-03-12,-0.003326442357722797,0.0,0.2854839660141556,0.2027751163521662,0.3117409176336783,0.0,0.20000000000000007
2021-03-15,0.004670377008747614,0.0,0.2854839660141556,0.2027751163521662,0.3117409176336783,0.0,0.20000000000000007
2021-03-16,-0.0008866783507371412,0.0,0.2854839660141556,0.2027751163521662,0.3117409176336783,0.0,0.20000000000000007
2021-03-17,0.0007133719757347803,0.0,0.2854839660141556,0.2027751163521662,0.3117409176336783,0.0,0.20000000000000007
2021-03-18,-0.0067997318789579375,0.0,0.2854839660141556,0.2027751163521662,0.3117409176336783,0.0,0.20000000000000007
2021-03-19,0.0021133510360058553,0.0,0.2854839660141556,0.2027751163521662,0.3117409176336783,0.0,0.20000000000000007
2021-03-22,0.0036899222301212562,0.0,0.2854839660141556,0.2027751163521662,0.3117409176336783,0.0,0.20000000000000007
2021-03-23,-0.001479388329030328,0.0,0.2854839660141556,0.2027751163521662,0.3117409176336783,0.0,0.20000000000000007
2021-03-24,0.0012012766024265622,0.0,0.2854839660141556,0.2027751163521662,0.3117409176336783,0.0,0.20000000000000007
2021-03-25,-0.0005642613632857546,0.0,0.2854839660141556,0.2027751163521662,0.3117409176336783,0.0,0.20000000000000007
2021-03-26,0.004537398760331126,0.0,0.2854839660141556,0.2027751163521662,0.3117409176336783,0.0,0.20000000000000007
2021-03-29,-0.00509370034419442,0.0,0.2854839660141556,0.2027751163521662,0.3117409176336783,0.0,0.20000000000000007
2021-03-30,-0.004224303430379934,0.0,0.2854839660141556,0.2027751163521662,0.3117409176336783,0.0,0.20000000000000007
2021-03-31,0.004595119290629047,0.0,0.2854839660141556,0.2027751163521662,0.3117409176336783,0.0,0.20000000000000007
2021-04-01,0.0095093249497081,0.0,0.2854839660141556,0.2027751163521662,0.3117409176336783,0.0,0.20000000000000007
2021-04-05,0.0024575283601600195,0.0,0.2854839660141556,0.2027751163521662,0.3117409176336783,0.0,0.20000000000000007
2021-04-06,0.0032303889478686523,0.0,0.2854839660141556,0.2027751163521662,0.3117409176336783,0.0,0.20000000000000007
2021-04-07,-0.0017192269423733915,0.0,0.2854839660141556,0.2027751163521662,0.3117409176336783,0.0,0.20000000000000007
2021-04-08,0.005497477686291236,0.0,0.2854839660141556,0.2027751163521662,0.3117409176336783,0.0,0.20000000000000007
2021-04-09,-0.000847550229394873,0.0,0.2854839660141556,0.2027751163521662,0.3117409176336783,0.0,0.20000000000000007
2021-04-12,-0.001955217774005293,0.0,0.2854839660141556,0.2027751163521662,0.3117409176336783,0.0,0.20000000000000007
2021-04-13,0.003848967683028708,0.0,0.2854839660141556,0.2027751163521662,0.3117409176336783,0.0,0.20000000000000007
2021-04-14,-0.003216358654903073,0.0,0.2854839660141556,0.2027751163521662,0.3117409176336783,0.0,0.20000000000000007
2021-04-15,0.011498725158181206,0.0,0.2854839660141556,0.2027751163521662,0.3117409176336783,0.0,0.20000000000000007
2021-04-16,0.001021480558175709,0.0,0.2854839660141556,0.2027751163521662,0.3117409176336783,0.0,0.20000000000000007
2021-04-19,-0.00398296090622254,0.0,0.2854839660141556,0.2027751163521662,0.3117409176336783,0.0,0.20000000000000007
2021-04-20,0.0002795421128567394,0.0,0.2854839660141556,0.2027751163521662,0.3117409176336783,0.0,0.20000000000000007
2021-04-21,0.005953590678650381,0.0,0.2854839660141556,0.2027751163521662,0.3117409176336783,0.0,0.20000000000000007
2021-04-22,-0.0031725332948553476,0.0,0.2854839660141556,0.2027751163521662,0.3117409176336783,0.0,0.20000000000000007
2021-04-23,0.0002855328159163321,0.0,0.2854839660141556,0.2027751163521662,0.3117409176336783,0.0,0.20000000000000007
2021-04-26,0.001130845458554781,0.0,0.2854839660141556,0.2027751163521662,0.3117409176336783,0.0,0.20000000000000007
2021-04-27,-0.0025332545491520177,0.0,0.2854839660141556,0.2027751163521662,0.3117409176336783,0.0,0.20000000000000007
2021-04-28,0.0002315215939224267,0.0,0.2854839660141556,0.2027751163521662,0.3117409176336783,0.0,0.20000000000000007
2021-04-29,1.3331624958007001e-05,0.0,0.2854839660141556,0.2027751163521662,0.3117409176336783,0.0,0.20000000000000007
2021-04-30,-0.0008161343796832645,0.0,0.2854839660141556,0.2027751163521662,0.3117409176336783,0.0,0.20000000000000007
2021-05-03,0.0038881933176802812,0.0,0.2854839660141556,0.2027751163521662,0.3117409176336783,0.0,0.20000000000000007
2021-05-04,-0.0017711783249715323,0.0,0.2854839660141556,0.2027751163521662,0.3117409176336783,0.0,0.20000000000000007
2021-05-05,0.0016335250079160793,0.0,0.2854839660141556,0.2027751163521662,0.3117409176336783,0.0,0.20000000000000007
2021-05-06,0.00683666102679662,0.0,0.2854839660141556,0.2027751163521662,0.3117409176336783,0.0,0.20000000000000007
2021-05-07,0.002409985493300777,0.0,0.2854839660141556,0.2027751163521662,0.3117409176336783,0.0,0.20000000000000007
2021-05-10,-0.003935748021502996,0.0,0.2854839660141556,0.2027751163521662,0.3117409176336783,0.0,0.20000000000000007
2021-05-11,-0.003805922311451723,0.0,0.2854839660141556,0.2027751163521662,0.3117409176336783,0.0,0.20000000000000007
2021-05-12,-0.009808188032877464,0.0,0.2854839660141556,0.2027751163521662,0.3117409176336783,0.0,0.20000000000000007
2021-05-13,0.004696397772216372,0.0,0.2854839660141556,0.2027751163521662,0.3117409176336783,0.0,0.20000000000000007
2021-05-14,0.008301686899002663,0.0,0.2854839660141556,0.2027751163521662,0.3117409176336783,0.0,0.20000000000000007
2021-05-17,0.002226015270297515,0.0,0.2854839660141556,0.2027751163521662,0.3117409176336783,0.0,0.20000000000000007
2021-05-18,-0.003278668639056195,0.0,0.2854839660141556,0.2027751163521662,0.3117409176336783,0.0,0.20000000000000007
2021-05-19,-0.00011413167314428701,0.0,0.2854839660141556,0.2027751163521662,0.3117409176336783,0.0,0.20000000000000007
2021-05-20,0.005174263245449321,0.0,0.2854839660141556,0.2027751163521662,0.3117409176336783,0.0,0.20000000000000007
2021-05-21,0.001221002956525744,0.0,0.2854839660141556,0.2027751163521662,0.3117409176336783,0.0,0.20000000000000007
2021-05-24,0.0037149924196155,0.0,0.2854839660141556,0.2027751163521662,0.3117409176336783,0.0,0.20000000000000007
2021-05-25,0.0038249207759127137,0.0,0.2854839660141556,0.2027751163521662,0.3117409176336783,0.0,0.20000000000000007
2021-05-26,0.00042055233811805887,0.0,0.2854839660141556,0.2027751163521662,0.3117409176336783,0.0,0.20000000000000007
2021-05-27,-0.0007080060850645131,0.0,0.2854839660141556,0.2027751163521662,0.3117409176336783,0.0,0.20000000000000007
2021-05-28,0.0015294170327041555,0.0,0.2854839660141556,0.2027751163521662,0.3117409176336783,0.0,0.20000000000000007
2021-06-01,-0.001466201861606738,0.0,0.2854839660141556,0.2027751163521662,0.3117409176336783,0.0,0.20000000000000007
2021-06-02,0.002443115426659987,0.0,0.2854839660141556,0.2027751163521662,0.3117409176336783,0.0,0.20000000000000007
2021-06-03,-0.006683337735382249,0.0,0.2854839660141556,0.2027751163521662,0.3117409176336783,0.0,0.20000000000000007
2021-06-04,0.008009608663277315,0.0,0.2854839660141556,0.2027751163521662,0.3117409176336783,0.0,0.20000000000000007
2021-06-07,1.9062080339079168e-05,0.0,0.2854839660141556,0.2027751163521662,0.3117409176336783,0.0,0.20000000000000007
2021-06-08,0.0007697883056284311,0.0,0.2854839660141556,0.2027751163521662,0.3117409176336783,0.0,0.20000000000000007
2021-06-09,0.0009316356942129444,0.0,0.2854839660141556,0.2027751163521662,0.3117409176336783,0.0,0.20000000000000007
2021-06-10,0.0037170803412004553,0.0,0.2854839660141556,0.2027751163521662,0.3117409176336783,0.0,0.20000000000000007
2021-06-11,-0.002372556886266957,0.0,0.2854839660141556,0.2027751163521662,0.3117409176336783,0.0,0.20000000000000007
2021-06-14,-0.0029053348109513693,0.0,0.2854839660141556,0.2027751163521662,0.3117409176336783,0.0,0.20000000000000007
2021-06-15,-0.0017808170819444268,0.0,0.2854839660141556,0.2027751163521662,0.3117409176336783,0.0,0.20000000000000007
2021-06-16,-0.005389725632193697,0.0,0.2854839660141556,0.2027751163521662,0.3117409176336783,0.0,0.20000000000000007
2021-06-17,-0.005093932973869009,0.0,0.2854839660141556,0.2027751163521662,0.3117409176336783,0.0,0.20000000000000007
2021-06-18,-0.0011204605255276294,0.0,0.2854839660141556,0.2027751163521662,0.3117409176336783,0.0,0.20000000000000007
2021-06-21,0.00354294762438501,0.0,0.2854839660141556,0.2027751163521662,0.3117409176336783,0.0,0.20000000000000007
2021-06-22,0.00039063596628989843,0.0,0.2854839660141556,0.2027751163521662,0.3117409176336783,0.0,0.20000000000000007
2021-06-23,-0.000748394203063977,0.0,0.2854839660141556,0.2027751163521662,0.3117409176336783,0.0,0.20000000000000007
2021-06-24,0.0016648766773146588,0.0,0.2854839660141556,0.2027751163521662,0.3117409176336783,0.0,0.20000000000000007
2021-06-25,2.218139143501767e-05,0.0,0.2854839660141556,0.2027751163521662,0.3117409176336783,0.0,0.20000000000000007
2021-06-28,0.0027226992287071967,0.0,0.2854839660141556,0.2027751163521662,0.3117409176336783,0.0,0.20000000000000007
2021-06-29,-0.0022963623398863722,0.0,0.2854839660141556,0.2027751163521662,0.3117409176336783,0.0,0.20000000000000007
2021-06-30,0.003221685815038112,0.0,0.2854839660141556,0.2027751163521662,0.3117409176336783,0.0,0.20000000000000007
2021-07-01,0.0032286779620413738,0.0,0.2854839660141556,0.2027751163521662,0.3117409176336783,0.0,0.20000000000000007
2021-07-02,0.004646931801525102,0.0,0.2854839660141556,0.2027751163521662,0.3117409176336783,0.0,0.20000000000000007
2021-07-06,0.004129101290093823,0.0,0.2854839660141556,0.2027751163521662,0.3117409176336783,0.0,0.20000000000000007
2021-07-07,0.004313539581696528,0.0,0.2854839660141556,0.2027751163521662,0.3117409176336783,0.0,0.20000000000000007
2021-07-08,-0.0025371392234995946,0.0,0.2854839660141556,0.2027751163521662,0.3117409176336783,0.0,0.20000000000000007
2021-07-09,0.0007477615129550608,0.0,0.2854839660141556,0.2027751163521662,0.3117409176336783,0.0,0.20000000000000007
2021-07-12,0.0006151565529257034,0.0,0.2854839660141556,0.2027751163521662,0.3117409176336783,0.0,0.20000000000000007
2021-07-13,-0.0009097031563526453,0.0,0.2854839660141556,0.2027751163521662,0.3117409176336783,0.0,0.20000000000000007
2021-07-14,0.005120801120768079,0.0,0.2854839660141556,0.2027751163521662,0.3117409176336783,0.0,0.20000000000000007
2021-07-15,0.0018803510675254554,0.0,0.2854839660141556,0.2027751163521662,0.3117409176336783,0.0,0.20000000000000007
2021-07-16,-0.005405931339025471,0.0,0.2854839660141556,0.2027751163521662,0.3117409176336783,0.0,0.20000000000000007
2021-07-19,0.0009194969362724932,0.0,0.2854839660141556,0.2027751163521662,0.3117409176336783,0.0,0.20000000000000007
2021-07-20,0.001972323288523261,0.0,0.2854839660141556,0.2027751163521662,0.3117409176336783,0.0,0.20000000000000007
2021-07-21,-0.0018965180263144808,0.0,0.2854839660141556,0.2027751163521662,0.3117409176336783,0.0,0.20000000000000007
2021-07-22,0.003364838337087949,0.0,0.2854839660141556,0.2027751163521662,0.3117409176336783,0.0,0.20000000000000007
2021-07-23,0.0006836693458550315,0.0,0.2854839660141556,0.2027751163521662,0.3117409176336783,0.0,0.20000000000000007
2021-07-26,-0.0012801953151206887,0.0,0.2854839660141556,0.2027751163521662,0.3117409176336783,0.0,0.20000000000000007
2021-07-27,0.001060441511020748,0.0,0.2854839660141556,0.2027751163521662,0.3117409176336783,0.0,0.20000000000000007
2021-07-28,0.0009065961297765637,0.0,0.2854839660141556,0.2027751163521662,0.3117409176336783,0.0,0.20000000000000007
2021-07-29,0.0027951404067106953,0.0,0.2854839660141556,0.2027751163521662,0.3117409176336783,0.0,0.20000000000000007
2021-07-30,-0.0023244782321890345,0.0,0.2854839660141556,0.2027751163521662,0.3117409176336783,0.0,0.20000000000000007
2021-08-02,0.0005819193190366953,0.0,0.2854839660141556,0.2027751163521662,0.3117409176336783,0.0,0.20000000000000007
2021-08-03,0.0022905530741773508,0.0,0.2854839660141556,0.2027751163521662,0.3117409176336783,0.0,0.20000000000000007
2021-08-04,-0.0005905481057230749,0.0,0.2854839660141556,0.2027751163521662,0.3117409176336783,0.0,0.20000000000000007
2021-08-05,-0.0004576219865683049,0.0,0.2854839660141556,0.2027751163521662,0.3117409176336783,0.0,0.20000000000000007
2021-08-06,-0.009576096940287736,0.0,0.2854839660141556,0.2027751163521662,0.3117409176336783,0.0,0.20000000000000007
2021-08-09,-0.006087360941845569,0.0,0.2854839660141556,0.2027751163521662,0.3117409176336783,0.0,0.20000000000000007
2021-08-10,-0.0003248026410226301,0.0,0.2854839660141556,0.2027751163521662,0.3117409176336783,0.0,0.20000000000000007
2021-08-11,0.004482213206214281,0.0,0.2854839660141556,0.2027751163521662,0.3117409176336783,0.0,0.20000000000000007
2021-08-12,0.0008398849452631789,0.0,0.2854839660141556,0.2027751163521662,0.3117409176336783,0.0,0.20000000000000007
2021-08-13,0.007227809091636873,0.0,0.2854839660141556,0.2027751163521662,0.3117409176336783,0.0,0.20000000000000007
2021-08-16,0.002879597065863681,0.0,0.2854839660141556,0.2027751163521662,0.3117409176336783,0.0,0.20000000000000007
2021-08-17,-0.001213453907996833,0.0,0.2854839660141556,0.2027751163521662,0.3117409176336783,0.0,0.20000000000000007
2021-08-18,-0.002200707422096721,0.0,0.2854839660141556,0.2027751163521662,0.3117409176336783,0.0,0.20000000000000007
2021-08-19,0.001980092823832326,0.0,0.2854839660141556,0.2027751163521662,0.3117409176336783,0.0,0.20000000000000007
2021-08-20,0.002336290373353165,0.0,0.2854839660141556,0.2027751163521662,0.3117409176336783,0.0,0.20000000000000007
2021-08-23,0.0049785522382454934,0.0,0.2854839660141556,0.2027751163521662,0.3117409176336783,0.0,0.20000000000000007
2021-08-24,-0.001431747995324994,0.0,0.2854839660141556,0.2027751163521662,0.3117409176336783,0.0,0.20000000000000007
2021-08-25,-0.003408293714078035,0.0,0.2854839660141556,0.2027751163521662,0.3117409176336783,0.0,0.20000000000000007
2021-08-26,-0.0002084127408232602,0.0,0.2854839660141556,0.2027751163521662,0.3117409176336783,0.0,0.20000000000000007
2021-08-27,0.007737314102078456,0.0,0.2854839660141556,0.2027751163521662,0.3117409176336783,0.0,0.20000000000000007
2021-08-30,0.00024593723857212896,0.0,0.2854839660141556,0.2027751163521662,0.3117409176336783,0.0,0.20000000000000007
2021-08-31,-0.001177311573902309,0.0,0.2854839660141556,0.2027751163521662,0.3117409176336783,0.0,0.20000000000000007
2021-09-01,0.00010800915686848782,0.0,0.2854839660141556,0.2027751163521662,0.3117409176336783,0.0,0.20000000000000007
2021-09-02,0.00045391628499808623,0.0,0.2854839660141556,0.2027751163521662,0.3117409176336783,0.0,0.20000000000000007
2021-09-03,0.0010167484166686692,0.0,0.2854839660141556,0.2027751163521662,0.3117409176336783,0.0,0.20000000000000007
2021-09-07,-0.007865915657363153,0.0,0.2854839660141556,0.2027751163521662,0.3117409176336783,0.0,0.20000000000000007
2021-09-08,0.0005734851422334682,0.0,0.2854839660141556,0.2027751163521662,0.3117409176336783,0.0,0.20000000000000007
2021-09-09,0.002128512476480979,0.0,0.2854839660141556,0.2027751163521662,0.3117409176336783,0.0,0.20000000000000007
2021-09-10,-0.005293336981544848,0.0,0.2854839660141556,0.2027751163521662,0.3117409176336783,0.0,0.20000000000000007
2021-09-13,0.0030047440137461953,0.0,0.2854839660141556,0.2027751163521662,0.3117409176336783,0.0,0.20000000000000007
2021-09-14,0.002924798865523624,0.0,0.2854839660141556,0.2027751163521662,0.3117409176336783,0.0,0.20000000000000007
2021-09-15,-0.0005570111582205368,0.0,0.2854839660141556,0.2027751163521662,0.3117409176336783,0.0,0.20000000000000007
2021-09-16,-0.007553749595027122,0.0,0.2854839660141556,0.2027751163521662,0.3117409176336783,0.0,0.20000000000000007
2021-09-17,-0.0035270045344040417,0.0,0.2854839660141556,0.2027751163521662,0.3117409176336783,0.0,0.20000000000000007
2021-09-20,6.168464454174268e-05,0.0,0.2854839660141556,0.2027751163521662,0.3117409176336783,0.0,0.20000000000000007
2021-09-21,0.0014748370934356846,0.0,0.2854839660141556,0.2027751163521662,0.3117409176336783,0.0,0.20000000000000007
2021-09-22,0.0033901005839077777,0.0,0.2854839660141556,0.2027751163521662,0.3117409176336783,0.0,0.20000000000000007
2021-09-23,-0.005510379758420981,0.0,0.2854839660141556,0.2027751163521662,0.3117409176336783,0.0,0.20000000000000007
2021-09-24,-0.0013513936389193306,0.0,0.2854839660141556,0.2027751163521662,0.3117409176336783,0.0,0.20000000000000007
2021-09-27,-0.0006736875923137776,0.0,0.2854839660141556,0.2027751163521662,0.3117409176336783,0.0,0.20000000000000007
2021-09-28,-0.011222856050812864,0.0,0.2854839660141556,0.2027751163521662,0.3117409176336783,0.0,0.20000000000000007
2021-09-29,0.000858329674238565,0.0,0.2854839660141556,0.2027751163521662,0.3117409176336783,0.0,0.20000000000000007
2021-09-30,0.001771113074012418,0.0,0.2854839660141556,0.2027751163521662,0.3117409176336783,0.0,0.20000000000000007
2021-10-01,0.005406355406639507,0.0,0.2854839660141556,0.2027751163521662,0.3117409176336783,0.0,0.20000000000000007
2021-10-04,-0.003372695381733955,0.0,0.2854839660141556,0.2027751163521662,0.3117409176336783,0.0,0.20000000000000007
2021-10-05,-4.2131023238221616e-05,0.0,0.2854839660141556,0.2027751163521662,0.3117409176336783,0.0,0.20000000000000007
2021-10-06,0.0037186199209908455,0.0,0.2854839660141556,0.2027751163521662,0.3117409176336783,0.0,0.20000000000000007
2021-10-07,-0.0013748308386848278,0.0,0.2854839660141556,0.2027751163521662,0.3117409176336783,0.0,0.20000000000000007
2021-10-08,-0.00196504953624881,0.0,0.2854839660141556,0.2027751163521662,0.3117409176336783,0.0,0.20000000000000007
2021-10-11,-0.0026157587083267524,0.0,0.2854839660141556,0.2027751163521662,0.3117409176336783,0.0,0.20000000000000007
2021-10-12,0.004408812275914516,0.0,0.2854839660141556,0.2027751163521662,0.3117409176336783,0.0,0.20000000000000007
2021-10-13,0.007442797808171032,0.0,0.2854839660141556,0.2027751163521662,0.3117409176336783,0.0,0.20000000000000007
2021-10-14,0.006318228595929876,0.0,0.2854839660141556,0.2027751163521662,0.3117409176336783,0.0,0.20000000000000007
2021-10-15,-0.0041996927477669695,0.0,0.2854839660141556,0.2027751163521662,0.3117409176336783,0.0,0.20000000000000007
2021-10-18,0.0011022476845203028,0.0,0.2854839660141556,0.2027751163521662,0.3117409176336783,0.0,0.20000000000000007
2021-10-19,-6.89539168829377e-05,0.0,0.2854839660141556,0.2027751163521662,0.3117409176336783,0.0,0.20000000000000007
2021-10-20,0.002166549320190378,0.0,0.2854839660141556,0.2027751163521662,0.3117409176336783,0.0,0.20000000000000007
2021-10-21,0.0007008408439836182,0.0,0.2854839660141556,0.2027751163521662,0.3117409176336783,0.0,0.20000000000000007
2021-10-22,0.0034469636835207764,0.0,0.2854839660141556,0.2027751163521662,0.3117409176336783,0.0,0.20000000000000007
2021-10-25,0.003695342039231294,0.0,0.2854839660141556,0.2027751163521662,0.3117409176336783,0.0,0.20000000000000007
2021-10-26,2.4466941050081507e-05,0.0,0.2854839660141556,0.2027751163521662,0.3117409176336783,0.0,0.20000000000000007
2021-10-27,0.00316323757369411,0.0,0.2854839660141556,0.2027751163521662,0.3117409176336783,0.0,0.20000000000000007
2021-10-28,0.0008037276110964336,0.0,0.2854839660141556,0.2027751163521662,0.3117409176336783,0.0,0.20000000000000007
2021-10-29,0.00014358150856374737,0.0,0.2854839660141556,0.2027751163521662,0.3117409176336783,0.0,0.20000000000000007
2021-11-01,2.5004908693711334e-05,0.0,0.2854839660141556,0.2027751163521662,0.3117409176336783,0.0,0.20000000000000007
2021-11-02,0.0018610049229374438,0.0,0.2854839660141556,0.2027751163521662,0.3117409176336783,0.0,0.20000000000000007
2021-11-03,-0.003420286356880235,0.0,0.2854839660141556,0.2027751163521662,0.3117409176336783,0.0,0.20000000000000007
2021-11-04,0.00804485357509346,0.0,0.2854839660141556,0.2027751163521662,0.3117409176336783,0.0,0.20000000000000007
2021-11-05,0.007937458170777296,0.0,0.2854839660141556,0.2027751163521662,0.3117409176336783,0.0,0.20000000000000007
2021-11-08,0.0005874850563949841,0.0,0.2854839660141556,0.2027751163521662,0.3117409176336783,0.0,0.20000000000000007
2021-11-09,0.00299466664216573,0.0,0.2854839660141556,0.2027751163521662,0.3117409176336783,0.0,0.20000000000000007
2021-11-10,-0.00047606905210571685,0.0,0.2854839660141556,0.2027751163521662,0.3117409176336783,0.0,0.20000000000000007
2021-11-11,0.0020088913427296195,0.0,0.2854839660141556,0.2027751163521662,0.3117409176336783,0.0,0.20000000000000007
2021-11-12,0.0016196434913519474,0.0,0.2854839660141556,0.2027751163521662,0.3117409176336783,0.0,0.20000000000000007
2021-11-15,-0.0018328750485815024,0.0,0.2854839660141556,0.2027751163521662,0.3117409176336783,0.0,0.20000000000000007
2021-11-16,-0.0008609202346645777,0.0,0.2854839660141556,0.2027751163521662,0.3117409176336783,0.0,0.20000000000000007
2021-11-17,0.003373446652518735,0.0,0.2854839660141556,0.2027751163521662,0.3117409176336783,0.0,0.20000000000000007
2021-11-18,0.00018682845676114382,0.0,0.2854839660141556,0.2027751163521662,0.3117409176336783,0.0,0.20000000000000007
2021-11-19,0.0002614690609308531,0.0,0.2854839660141556,0.2027751163521662,0.3117409176336783,0.0,0.20000000000000007
2021-11-22,-0.009161535852293744,0.0,0.2854839660141556,0.2027751163521662,0.3117409176336783,0.0,0.20000000000000007
2021-11-23,-0.005328000376690823,0.0,0.2854839660141556,0.2027751163521662,0.3117409176336783,0.0,0.20000000000000007
2021-11-24,0.0044926552959337,0.0,0.2854839660141556,0.2027751163521662,0.3117409176336783,0.0,0.20000000000000007
2021-11-26,-0.0032870667259538135,0.0,0.2854839660141556,0.2027751163521662,0.3117409176336783,0.0,0.20000000000000007
2021-11-29,0.0017492951319805325,0.005934785055628999,0.2795491809585266,0.2027751163521662,0.3176757026893073,1.6052713580090804e-19,0.20000000000000007
2021-11-30,-0.005421673212419159,0.0,0.2795491809585266,0.2027751163521662,0.3176757026893073,1.6052713580090804e-19,0.20000000000000007
2021-12-01,-4.2365309096616295e-05,0.0,0.2795491809585266,0.2027751163521662,0.3176757026893073,1.6052713580090804e-19,0.20000000000000007
2021-12-02,0.0028531948175547148,0.0,0.2795491809585266,0.2027751163521662,0.3176757026893073,1.6052713580090804e-19,0.20000000000000007
2021-12-03,0.002581861737249403,0.0,0.2795491809585266,0.2027751163521662,0.3176757026893073,1.6052713580090804e-19,0.20000000000000007
2021-12-06,5.4344815666624094e-05,0.0,0.2795491809585266,0.2027751163521662,0.3176757026893073,1.6052713580090804e-19,0.20000000000000007
2021-12-07,0.005349185699901837,0.0,0.2795491809585266,0.2027751163521662,0.3176757026893073,1.6052713580090804e-19,0.20000000000000007
2021-12-08,-0.0035228558500767218,0.0,0.2795491809585266,0.2027751163521662,0.3176757026893073,1.6052713580090804e-19,0.20000000000000007
2021-12-09,-0.001994148554596492,0.0,0.2795491809585266,0.2027751163521662,0.3176757026893073,1.6052713580090804e-19,0.20000000000000007
2021-12-10,0.0031725926049839047,0.0,0.2795491809585266,0.2027751163521662,0.3176757026893073,1.6052713580090804e-19,0.20000000000000007
2021-12-13,0.0019427276780119979,0.0,0.2795491809585266,0.2027751163521662,0.3176757026893073,1.6052713580090804e-19,0.20000000000000007
2021-12-14,-0.004986896299665793,0.0,0.2795491809585266,0.2027751163521662,0.3176757026893073,1.6052713580090804e-19,0.20000000000000007
2021-12-15,0.0034711177138887868,0.0,0.2795491809585266,0.2027751163521662,0.3176757026893073,1.6052713580090804e-19,0.20000000000000007
2021-12-16,0.0006053092826735368,0.0,0.2795491809585266,0.2027751163521662,0.3176757026893073,1.6052713580090804e-19,0.20000000000000007
2021-12-17,4.164985565540628e-05,0.0,0.2795491809585266,0.2027751163521662,0.3176757026893073,1.6052713580090804e-19,0.20000000000000007
2021-12-20,-0.006067410375252087,0.0,0.2795491809585266,0.2027751163521662,0.3176757026893073,1.6052713580090804e-19,0.20000000000000007
2021-12-21,0.0038274136533113295,0.0,0.2795491809585266,0.2027751163521662,0.3176757026893073,1.6052713580090804e-19,0.20000000000000007
2021-12-22,0.005945918112916722,0.0,0.2795491809585266,0.2027751163521662,0.3176757026893073,1.6052713580090804e-19,0.20000000000000007
2021-12-23,0.000540615353299577,0.0,0.2795491809585266,0.2027751163521662,0.3176757026893073,1.6052713580090804e-19,0.20000000000000007
2021-12-27,0.005277430333275974,0.0,0.2795491809585266,0.2027751163521662,0.3176757026893073,1.6052713580090804e-19,0.20000000000000007
2021-12-28,-0.0021681571028492694,0.0,0.2795491809585266,0.2027751163521662,0.3176757026893073,1.6052713580090804e-19,0.20000000000000007
2021-12-29,-0.0024950460784766352,0.0,0.2795491809585266,0.2027751163521662,0.3176757026893073,1.6052713580090804e-19,0.20000000000000007
2021-12-30,0.0035189868922351373,0.0,0.2795491809585266,0.2027751163521662,0.3176757026893073,1.6052713580090804e-19,0.20000000000000007
2021-12-31,0.0010086021535257743,0.0,0.2795491809585266,0.2027751163521662,0.3176757026893073,1.6052713580090804e-19,0.20000000000000007
2022-01-03,-0.007342724644122852,0.0,0.2795491809585266,0.2027751163521662,0.3176757026893073,1.6052713580090804e-19,0.20000000000000007
2022-01-04,0.0015584092768832318,0.0,0.2795491809585266,0.2027751163521662,0.3176757026893073,1.6052713580090804e-19,0.20000000000000007
2022-01-05,-0.007656428569081396,0.0,0.2795491809585266,0.2027751163521662,0.3176757026893073,1.6052713580090804e-19,0.20000000000000007
2022-01-06,-0.0034722517672636697,0.0,0.2795491809585266,0.2027751163521662,0.3176757026893073,1.6052713580090804e-19,0.20000000000000007
2022-01-07,-0.0022022790262760513,0.0,0.2795491809585266,0.2027751163521662,0.3176757026893073,1.6052713580090804e-19,0.20000000000000007
2022-01-10,0.001584563926297912,0.0,0.2795491809585266,0.2027751163521662,0.3176757026893073,1.6052713580090804e-19,0.20000000000000007
2022-01-11,0.006874186976004169,0.0,0.2795491809585266,0.2027751163521662,0.3176757026893073,1.6052713580090804e-19,0.20000000000000007
2022-01-12,-0.0005091683491367143,0.0,0.2795491809585266,0.2027751163521662,0.3176757026893073,1.6052713580090804e-19,0.20000000000000007
2022-01-13,-0.0032088332989687685,0.0,0.2795491809585266,0.2027751163521662,0.3176757026893073,1.6052713580090804e-19,0.20000000000000007
2022-01-14,-0.0033137334948124438,0.0,0.2795491809585266,0.2027751163521662,0.3176757026893073,1.6052713580090804e-19,0.20000000000000007
2022-01-18,-0.007074052237444729,0.0,0.2795491809585266,0.2027751163521662,0.3176757026893073,1.6052713580090804e-19,0.20000000000000007
2022-01-19,0.003078430407020742,0.0,0.2795491809585266,0.2027751163521662,0.3176757026893073,1.6052713580090804e-19,0.20000000000000007
2022-01-20,-0.0020123234748799738,0.0,0.2795491809585266,0.2027751163521662,0.3176757026893073,1.6052713580090804e-19,0.20000000000000007
2022-01-21,-0.004655078029755208,0.0,0.2795491809585266,0.2027751163521662,0.3176757026893073,1.6052713580090804e-19,0.20000000000000007
2022-01-24,0.0018915264788917714,0.0,0.2795491809585266,0.2027751163521662,0.3176757026893073,1.6052713580090804e-19,0.20000000000000007
2022-01-25,-0.002646892797018011,0.0,0.2795491809585266,0.2027751163521662,0.3176757026893073,1.6052713580090804e-19,0.20000000000000007
2022-01-26,-0.007199887866008384,0.0,0.2795491809585266,0.2027751163521662,0.3176757026893073,1.6052713580090804e-19,0.20000000000000007
2022-01-27,-5.1457494325053525e-05,0.0,0.2795491809585266,0.2027751163521662,0.3176757026893073,1.6052713580090804e-19,0.20000000000000007
2022-01-28,0.005989031638943035,0.0,0.2795491809585266,0.2027751163521662,0.3176757026893073,1.6052713580090804e-19,0.20000000000000007
2022-01-31,0.00448678803791993,0.0,0.2795491809585266,0.2027751163521662,0.3176757026893073,1.6052713580090804e-19,0.20000000000000007
2022-02-01,0.0009391013657908498,0.0,0.2795491809585266,0.2027751163521662,0.3176757026893073,1.6052713580090804e-19,0.20000000000000007
2022-02-02,0.0037791466202953417,0.0,0.2795491809585266,0.2027751163521662,0.3176757026893073,1.6052713580090804e-19,0.20000000000000007
2022-02-03,-0.009616909910299011,0.0,0.2795491809585266,0.2027751163521662,0.3176757026893073,1.6052713580090804e-19,0.20000000000000007
2022-02-04,-0.0013414387189957073,0.0,0.2795491809585266,0.2027751163521662,0.3176757026893073,1.6052713580090804e-19,0.20000000000000007
2022-02-07,0.001664099136948381,0.0,0.2795491809585266,0.2027751163521662,0.3176757026893073,1.6052713580090804e-19,0.20000000000000007
2022-02-08,0.00222835131216025,0.0,0.2795491809585266,0.2027751163521662,0.3176757026893073,1.6052713580090804e-19,0.20000000000000007
2022-02-09,0.005318523303274749,0.0,0.2795491809585266,0.2027751163521662,0.3176757026893073,1.6052713580090804e-19,0.20000000000000007
2022-02-10,-0.009138112652529541,0.0,0.2795491809585266,0.2027751163521662,0.3176757026893073,1.6052713580090804e-19,0.20000000000000007
2022-02-11,0.004406723159741391,0.0,0.2795491809585266,0.2027751163521662,0.3176757026893073,1.6052713580090804e-19,0.20000000000000007
2022-02-14,-0.0011925534788433658,0.0,0.2795491809585266,0.2027751163521662,0.3176757026893073,1.6052713580090804e-19,0.20000000000000007
2022-02-15,-0.0015871754998075555,0.0,0.2795491809585266,0.2027751163521662,0.3176757026893073,1.6052713580090804e-19,0.20000000000000007
2022-02-16,0.0043929755051507,0.0,0.2795491809585266,0.2027751163521662,0.3176757026893073,1.6052713580090804e-19,0.20000000000000007
2022-02-17,-4.328238230223301e-05,0.0,0.2795491809585266,0.2027751163521662,0.3176757026893073,1.6052713580090804e-19,0.20000000000000007
2022-02-18,0.0006374139385819252,0.0,0.2795491809585266,0.2027751163521662,0.3176757026893073,1.6052713580090804e-19,0.20000000000000007
2022-02-22,-0.0017306042404066446,0.0,0.2795491809585266,0.2027751163521662,0.3176757026893073,1.6052713580090804e-19,0.20000000000000007
2022-02-23,-0.006088435967979757,0.0,0.2795491809585266,0.2027751163521662,0.3176757026893073,1.6052713580090804e-19,0.20000000000000007
2022-02-24,0.00392193935539528,0.0,0.2795491809585266,0.2027751163521662,0.3176757026893073,1.6052713580090804e-19,0.20000000000000007
2022-02-25,0.004257067303031845,0.0,0.2795491809585266,0.2027751163521662,0.3176757026893073,1.6052713580090804e-19,0.20000000000000007
2022-02-28,0.007331742846744287,0.0,0.2795491809585266,0.2027751163521662,0.3176757026893073,1.6052713580090804e-19,0.20000000000000007
2022-03-01,0.005402479483068452,0.0,0.2795491809585266,0.2027751163521662,0.3176757026893073,1.6052713580090804e-19,0.20000000000000007
2022-03-02,-0.005248023484286237,0.0,0.2795491809585266,0.2027751163521662,0.3176757026893073,1.6052713580090804e-19,0.20000000000000007
2022-03-03,0.0033323344708748133,0.0,0.2795491809585266,0.2027751163521662,0.3176757026893073,1.6052713580090804e-19,0.20000000000000007
2022-03-04,0.007818883990198438,0.0,0.2795491809585266,0.2027751163521662,0.3176757026893073,1.6052713580090804e-19,0.20000000000000007
2022-03-07,-0.0036248488875974486,0.0,0.2795491809585266,0.2027751163521662,0.3176757026893073,1.6052713580090804e-19,0.20000000000000007
2022-03-08,0.004155274182202225,0.0,0.2795491809585266,0.2027751163521662,0.3176757026893073,1.6052713580090804e-19,0.20000000000000007
2022-03-09,-0.0058928661577188025,0.0,0.2795491809585266,0.2027751163521662,0.3176757026893073,1.6052713580090804e-19,0.20000000000000007
2022-03-10,-0.0021932872463564937,0.0,0.2795491809585266,0.2027751163521662,0.3176757026893073,1.6052713580090804e-19,0.20000000000000007
2022-03-11,-0.00404648387256802,0.0,0.2795491809585266,0.2027751163521662,0.3176757026893073,1.6052713580090804e-19,0.20000000000000007
2022-03-14,-0.011641673004364635,0.0,0.2795491809585266,0.2027751163521662,0.3176757026893073,1.6052713580090804e-19,0.20000000000000007
2022-03-15,-0.0003752099762863242,0.0,0.2795491809585266,0.2027751163521662,0.3176757026893073,1.6052713580090804e-19,0.20000000000000007
2022-03-16,0.008740800361346737,0.0,0.2795491809585266,0.2027751163521662,0.3176757026893073,1.6052713580090804e-19,0.20000000000000007
2022-03-17,0.003082340777603743,0.0,0.2795491809585266,0.2027751163521662,0.3176757026893073,1.6052713580090804e-19,0.20000000000000007
2022-03-18,0.0029747066432681876,0.0,0.2795491809585266,0.2027751163521662,0.3176757026893073,1.6052713580090804e-19,0.20000000000000007
2022-03-21,-0.0015879646199910011,0.0,0.2795491809585266,0.2027751163521662,0.3176757026893073,1.6052713580090804e-19,0.20000000000000007
2022-03-22,-0.0017060617456435975,0.0,0.2795491809585266,0.2027751163521662,0.3176757026893073,1.6052713580090804e-19,0.20000000000000007
2022-03-23,0.005410705657708084,0.0,0.2795491809585266,0.2027751163521662,0.3176757026893073,1.6052713580090804e-19,0.20000000000000007
2022-03-24,0.005159681331312313,0.0,0.2795491809585266,0.2027751163521662,0.3176757026893073,1.6052713580090804e-19,0.20000000000000007
2022-03-25,-0.0026730620577598663,0.0,0.2795491809585266,0.2027751163521662,0.3176757026893073,1.6052713580090804e-19,0.20000000000000007
2022-03-28,-0.0014550055540906081,0.0,0.2795491809585266,0.2027751163521662,0.3176757026893073,1.6052713580090804e-19,0.20000000000000007
2022-03-29,0.003923741683929501,0.0,0.2795491809585266,0.2027751163521662,0.3176757026893073,1.6052713580090804e-19,0.20000000000000007
2022-03-30,0.0013459664839763088,0.0,0.2795491809585266,0.2027751163521662,0.3176757026893073,1.6052713580090804e-19,0.20000000000000007
2022-03-31,-0.002847013619970958,0.0,0.2795491809585266,0.2027751163521662,0.3176757026893073,1.6052713580090804e-19,0.20000000000000007
2022-04-01,-0.0001539616525413469,0.0,0.2795491809585266,0.2027751163521662,0.3176757026893073,1.6052713580090804e-19,0.20000000000000007
2022-04-04,0.00343641063608666,0.0,0.2795491809585266,0.2027751163521662,0.3176757026893073,1.6052713580090804e-19,0.20000000000000007
2022-04-05,-0.009044213397014163,0.0,0.2795491809585266,0.2027751163521662,0.3176757026893073,1.6052713580090804e-19,0.20000000000000007
2022-04-06,-0.003541903177129724,0.0,0.2795491809585266,0.2027751163521662,0.3176757026893073,1.6052713580090804e-19,0.20000000000000007
2022-04-07,0.0014593722947330793,0.0,0.2795491809585266,0.2027751163521662,0.3176757026893073,1.6052713580090804e-19,0.20000000000000007
2022-04-08,-0.0009532511954068285,0.0,0.2795491809585266,0.2027751163521662,0.3176757026893073,1.6052713580090804e-19,0.20000000000000007
2022-04-11,-0.0059615687625736245,0.0,0.2795491809585266,0.2027751163521662,0.3176757026893073,1.6052713580090804e-19,0.20000000000000007
2022-04-12,0.001796389820483567,0.0,0.2795491809585266,0.2027751163521662,0.3176757026893073,1.6052713580090804e-19,0.20000000000000007
2022-04-13,0.004315048651014569,0.0,0.2795491809585266,0.2027751163521662,0.3176757026893073,1.6052713580090804e-19,0.20000000000000007
2022-04-14,-0.0076965723145039685,0.0,0.2795491809585266,0.2027751163521662,0.3176757026893073,1.6052713580090804e-19,0.20000000000000007
2022-04-18,0.0009112647543086474,0.0,0.2795491809585266,0.2027751163521662,0.3176757026893073,1.6052713580090804e-19,0.20000000000000007
2022-04-19,-0.001361900897208237,0.0,0.2795491809585266,0.2027751163521662,0.3176757026893073,1.6052713580090804e-19,0.20000000000000007
2022-04-20,0.004021367559904775,0.0,0.2795491809585266,0.2027751163521662,0.3176757026893073,1.6052713580090804e-19,0.20000000000000007
2022-04-21,-0.006213843813591499,0.0,0.2795491809585266,0.2027751163521662,0.3176757026893073,1.6052713580090804e-19,0.20000000000000007
2022-04-22,-0.01084525027603691,0.0,0.2795491809585266,0.2027751163521662,0.3176757026893073,1.6052713580090804e-19,0.20000000000000007
2022-04-25,-0.0010991426112845178,0.0,0.2795491809585266,0.2027751163521662,0.3176757026893073,1.6052713580090804e-19,0.20000000000000007
2022-04-26,-0.004319273559120195,0.0,0.2795491809585266,0.2027751163521662,0.3176757026893073,1.6052713580090804e-19,0.20000000000000007
2022-04-27,-0.002972257572082033,0.0,0.2795491809585266,0.2027751163521662,0.3176757026893073,1.6052713580090804e-19,0.20000000000000007
2022-04-28,0.010241074585074847,0.0,0.2795491809585266,0.2027751163521662,0.3176757026893073,1.6052713580090804e-19,0.20000000000000007
2022-04-29,-0.013792290406943845,0.0,0.2795491809585266,0.2027751163521662,0.3176757026893073,1.6052713580090804e-19,0.20000000000000007
2022-05-02,-0.006706359384163333,0.0,0.2795491809585266,0.2027751163521662,0.3176757026893073,1.6052713580090804e-19,0.20000000000000007
2022-05-03,0.003129189532062899,0.0,0.2795491809585266,0.2027751163521662,0.3176757026893073,1.6052713580090804e-19,0.20000000000000007
2022-05-04,0.011087804664104967,0.0,0.2795491809585266,0.2027751163521662,0.3176757026893073,1.6052713580090804e-19,0.20000000000000007
2022-05-05,-0.015025403258977395,0.0,0.2795491809585266,0.2027751163521662,0.3176757026893073,1.6052713580090804e-19,0.20000000000000007
2022-05-06,-0.003769013169665785,0.0,0.2795491809585266,0.2027751163521662,0.3176757026893073,1.6052713580090804e-19,0.20000000000000007
2022-05-09,-0.011694130995178529,0.0,0.2795491809585266,0.2027751163521662,0.3176757026893073,1.6052713580090804e-19,0.20000000000000007
2022-05-10,0.00023500730076835138,0.0,0.2795491809585266,0.2027751163521662,0.3176757026893073,1.6052713580090804e-19,0.20000000000000007
2022-05-11,0.002277528528708015,0.0,0.2795491809585266,0.2027751163521662,0.3176757026893073,1.6052713580090804e-19,0.20000000000000007
2022-05-12,-0.003815314086097207,0.0,0.2795491809585266,0.2027751163521662,0.3176757026893073,1.6052713580090804e-19,0.20000000000000007
2022-05-13,0.0005395993033473776,0.0,0.2795491809585266,0.2027751163521662,0.3176757026893073,1.6052713580090804e-19,0.20000000000000007
2022-05-16,0.000899566724914595,0.0,0.2795491809585266,0.2027751163521662,0.3176757026893073,1.6052713580090804e-19,0.20000000000000007
2022-05-17,-0.0003457169268948502,0.0,0.2795491809585266,0.2027751163521662,0.3176757026893073,1.6052713580090804e-19,0.20000000000000007
2022-05-18,-0.005764225880290727,0.0,0.2795491809585266,0.2027751163521662,0.3176757026893073,1.6052713580090804e-19,0.20000000000000007
2022-05-19,0.0013539403792089595,0.0,0.2795491809585266,0.2027751163521662,0.3176757026893073,1.6052713580090804e-19,0.20000000000000007
2022-05-20,0.003082016726578731,0.0,0.2795491809585266,0.2027751163521662,0.3176757026893073,1.6052713580090804e-19,0.20000000000000007
2022-05-23,0.0015556170183294391,0.0,0.2795491809585266,0.2027751163521662,0.3176757026893073,1.6052713580090804e-19,0.20000000000000007
2022-05-24,0.003670306953373424,0.0,0.2795491809585266,0.2027751163521662,0.3176757026893073,1.6052713580090804e-19,0.20000000000000007
2022-05-25,0.0020911525763927397,0.0,0.2795491809585266,0.2027751163521662,0.3176757026893073,1.6052713580090804e-19,0.20000000000000007
2022-05-26,0.0034217627107975,0.0,0.2795491809585266,0.2027751163521662,0.3176757026893073,1.6052713580090804e-19,0.20000000000000007
2022-05-27,0.007082261148096238,0.0,0.2795491809585266,0.2027751163521662,0.3176757026893073,1.6052713580090804e-19,0.20000000000000007
2022-05-31,-0.008634198255053564,0.0,0.2795491809585266,0.2027751163521662,0.3176757026893073,1.6052713580090804e-19,0.20000000000000007
2022-06-01,0.0010738000763631178,0.0,0.2795491809585266,0.2027751163521662,0.3176757026893073,1.6052713580090804e-19,0.20000000000000007
2022-06-02,0.00758816583140259,0.0,0.2795491809585266,0.2027751163521662,0.3176757026893073,1.6052713580090804e-19,0.20000000000000007
2022-06-03,-0.00736594236939806,0.0,0.2795491809585266,0.2027751163521662,0.3176757026893073,1.6052713580090804e-19,0.20000000000000007
2022-06-06,-0.003848109302274494,0.0,0.2795491809585266,0.2027751163521662,0.3176757026893073,1.6052713580090804e-19,0.20000000000000007
2022-06-07,0.006722983990896565,0.0,0.2795491809585266,0.2027751163521662,0.3176757026893073,1.6052713580090804e-19,0.20000000000000007
2022-06-08,-0.004544567305070322,0.0,0.2795491809585266,0.2027751163521662,0.3176757026893073,1.6052713580090804e-19,0.20000000000000007
2022-06-09,-0.005525020584237828,0.0,0.2795491809585266,0.2027751163521662,0.3176757026893073,1.6052713580090804e-19,0.20000000000000007
2022-06-10,-0.003508947303676034,0.0,0.2795491809585266,0.2027751163521662,0.3176757026893073,1.6052713580090804e-19,0.20000000000000007
2022-06-13,-0.02342700141757738,0.0,0.2795491809585266,0.2027751163521662,0.3176757026893073,1.6052713580090804e-19,0.20000000000000007
2022-06-14,-0.005515430035209828,0.0,0.2795491809585266,0.2027751163521662,0.3176757026893073,1.6052713580090804e-19,0.20000000000000007
2022-06-15,0.010351848522971724,0.0,0.2795491809585266,0.2027751163521662,0.3176757026893073,1.6052713580090804e-19,0.20000000000000007
2022-06-16,-0.006003117328804549,0.0,0.2795491809585266,0.2027751163521662,0.3176757026893073,1.6052713580090804e-19,0.20000000000000007
2022-06-17,0.0006677449123692176,0.0,0.2795491809585266,0.2027751163521662,0.3176757026893073,1.6052713580090804e-19,0.20000000000000007
2022-06-21,0.001697115023483877,0.0,0.2795491809585266,0.2027751163521662,0.3176757026893073,1.6052713580090804e-19,0.20000000000000007
2022-06-22,0.006048324570270608,0.0,0.2795491809585266,0.2027751163521662,0.3176757026893073,1.6052713580090804e-19,0.20000000000000007
2022-06-23,0.0026746882653933906,0.0,0.2795491809585266,0.2027751163521662,0.3176757026893073,1.6052713580090804e-19,0.20000000000000007
2022-06-24,0.005332723373891606,0.0,0.2795491809585266,0.2027751163521662,0.3176757026893073,1.6052713580090804e-19,0.20000000000000007
2022-06-27,-0.003512025013618008,0.0,0.2795491809585266,0.2027751163521662,0.3176757026893073,1.6052713580090804e-19,0.20000000000000007
2022-06-28,-0.00413665754152427,0.0,0.2795491809585266,0.2027751163521662,0.3176757026893073,1.6052713580090804e-19,0.20000000000000007
2022-06-29,0.003841266029514161,0.0,0.2795491809585266,0.2027751163521662,0.3176757026893073,1.6052713580090804e-19,0.20000000000000007
2022-06-30,-0.003062649076713189,0.0,0.2795491809585266,0.2027751163521662,0.3176757026893073,1.6052713580090804e-19,0.20000000000000007
2022-07-01,0.0054182208169677205,0.0,0.2795491809585266,0.2027751163521662,0.3176757026893073,1.6052713580090804e-19,0.20000000000000007
2022-07-05,-0.001764531933575399,0.0,0.2795491809585266,0.2027751163521662,0.3176757026893073,1.6052713580090804e-19,0.20000000000000007
2022-07-06,-0.006579442294678351,0.0,0.2795491809585266,0.2027751163521662,0.3176757026893073,1.6052713580090804e-19,0.20000000000000007
2022-07-07,0.002648658113192193,0.0,0.2795491809585266,0.2027751163521662,0.3176757026893073,1.6052713580090804e-19,0.20000000000000007
2022-07-08,-0.0024786895876916597,0.0,0.2795491809585266,0.2027751163521662,0.3176757026893073,1.6052713580090804e-19,0.20000000000000007
2022-07-11,0.0009104998461989706,0.0,0.2795491809585266,0.2027751163521662,0.3176757026893073,1.6052713580090804e-19,0.20000000000000007
2022-07-12,-0.0025187542128125126,0.0,0.2795491809585266,0.2027751163521662,0.3176757026893073,1.6052713580090804e-19,0.20000000000000007
2022-07-13,0.0019624702264425353,0.0,0.2795491809585266,0.2027751163521662,0.3176757026893073,1.6052713580090804e-19,0.20000000000000007
2022-07-14,-0.0054081625973865476,0.0,0.2795491809585266,0.2027751163521662,0.3176757026893073,1.6052713580090804e-19,0.20000000000000007
2022-07-15,0.004672785468199089,0.0,0.2795491809585266,0.2027751163521662,0.3176757026893073,1.6052713580090804e-19,0.20000000000000007
2022-07-18,-0.005229841788267858,0.0,0.2795491809585266,0.2027751163521662,0.3176757026893073,1.6052713580090804e-19,0.20000000000000007
2022-07-19,0.0059633149753118946,0.0,0.2795491809585266,0.2027751163521662,0.3176757026893073,1.6052713580090804e-19,0.20000000000000007
2022-07-20,-0.00011200881273323643,0.0,0.2795491809585266,0.2027751163521662,0.3176757026893073,1.6052713580090804e-19,0.20000000000000007
2022-07-21,0.0102729874833551,0.0,0.2795491809585266,0.2027751163521662,0.3176757026893073,1.6052713580090804e-19,0.20000000000000007
2022-07-22,0.0013275429191112523,0.0,0.2795491809585266,0.2027751163521662,0.3176757026893073,1.6052713580090804e-19,0.20000000000000007
2022-07-25,-0.0027953988074586834,0.0,0.2795491809585266,0.2027751163521662,0.3176757026893073,1.6052713580090804e-19,0.20000000000000007
2022-07-26,-0.0019814456494848544,0.0,0.2795491809585266,0.2027751163521662,0.3176757026893073,1.6052713580090804e-19,0.20000000000000007
2022-07-27,0.007680339730189934,0.0,0.2795491809585266,0.2027751163521662,0.3176757026893073,1.6052713580090804e-19,0.20000000000000007
2022-07-28,0.008850782197339063,0.0,0.2795491809585266,0.2027751163521662,0.3176757026893073,1.6052713580090804e-19,0.20000000000000007
2022-07-29,0.0036427968271018816,0.0,0.2795491809585266,0.2027751163521662,0.3176757026893073,1.6052713580090804e-19,0.20000000000000007
2022-08-01,0.00507837538756732,0.0,0.2795491809585266,0.2027751163521662,0.3176757026893073,1.6052713580090804e-19,0.20000000000000007
2022-08-02,-0.006743861939203397,0.0,0.2795491809585266,0.2027751163521662,0.3176757026893073,1.6052713580090804e-19,0.20000000000000007
2022-08-03,0.008908952970961597,0.0,0.2795491809585266,0.2027751163521662,0.3176757026893073,1.6052713580090804e-19,0.20000000000000007
2022-08-04,0.0037316749107873517,0.0,0.2795491809585266,0.2027751163521662,0.3176757026893073,1.6052713580090804e-19,0.20000000000000007
2022-08-05,-0.007173351448417064,0.0,0.2795491809585266,0.2027751163521662,0.3176757026893073,1.6052713580090804e-19,0.20000000000000007
2022-08-08,0.005358563462397211,0.0,0.2795491809585266,0.2027751163521662,0.3176757026893073,1.6052713580090804e-19,0.20000000000000007
2022-08-09,-0.0011370263313649756,0.0,0.2795491809585266,0.2027751163521662,0.3176757026893073,1.6052713580090804e-19,0.20000000000000007
2022-08-10,0.0015683722617311525,0.0,0.2795491809585266,0.2027751163521662,0.3176757026893073,1.6052713580090804e-19,0.20000000000000007
2022-08-11,-0.005422333939524673,0.0,0.2795491809585266,0.2027751163521662,0.3176757026893073,1.6052713580090804e-19,0.20000000000000007
2022-08-12,0.010492473086542227,0.0,0.2795491809585266,0.2027751163521662,0.3176757026893073,1.6052713580090804e-19,0.20000000000000007
2022-08-15,-0.00134104290063193,0.0,0.2795491809585266,0.2027751163521662,0.3176757026893073,1.6052713580090804e-19,0.20000000000000007
2022-08-16,0.0007643725218332546,0.0,0.2795491809585266,0.2027751163521662,0.3176757026893073,1.6052713580090804e-19,0.20000000000000007
2022-08-17,-0.005874690737926229,0.0,0.2795491809585266,0.2027751163521662,0.3176757026893073,1.6052713580090804e-19,0.20000000000000007
2022-08-18,0.0018239777023346684,0.0,0.2795491809585266,0.2027751163521662,0.3176757026893073,1.6052713580090804e-19,0.20000000000000007
2022-08-19,-0.008095073575455438,0.0,0.2795491809585266,0.2027751163521662,0.3176757026893073,1.6052713580090804e-19,0.20000000000000007
2022-08-22,-0.006951830119340732,0.0,0.2795491809585266,0.2027751163521662,0.3176757026893073,1.6052713580090804e-19,0.20000000000000007
2022-08-23,-0.00039424586227475604,0.0,0.2795491809585266,0.2027751163521662,0.3176757026893073,1.6052713580090804e-19,0.20000000000000007
2022-08-24,0.00048536518803125677,0.0,0.2795491809585266,0.2027751163521662,0.3176757026893073,1.6052713580090804e-19,0.20000000000000007
2022-08-25,0.007401432325952268,0.0,0.2795491809585266,0.2027751163521662,0.3176757026893073,1.6052713580090804e-19,0.20000000000000007
2022-08-26,-0.011036587066918332,0.0,0.2795491809585266,0.2027751163521662,0.3176757026893073,1.6052713580090804e-19,0.20000000000000007
2022-08-29,-0.0032610079029609133,0.0,0.2795491809585266,0.2027751163521662,0.3176757026893073,1.6052713580090804e-19,0.20000000000000007
2022-08-30,-0.005283157955827695,0.0,0.2795491809585266,0.2027751163521662,0.3176757026893073,1.6052713580090804e-19,0.20000000000000007
2022-08-31,-0.006657236263833499,0.0,0.2795491809585266,0.2027751163521662,0.3176757026893073,1.6052713580090804e-19,0.20000000000000007
2022-09-01,-0.0038414636607615577,0.0,0.2795491809585266,0.2027751163521662,0.3176757026893073,1.6052713580090804e-19,0.20000000000000007
2022-09-02,0.0010645998732285108,0.0,0.2795491809585266,0.2027751163521662,0.3176757026893073,1.6052713580090804e-19,0.20000000000000007
2022-09-06,-0.006774994971422633,0.0,0.2795491809585266,0.2027751163521662,0.3176757026893073,1.6052713580090804e-19,0.20000000000000007
2022-09-07,0.01003802629039374,0.0,0.2795491809585266,0.2027751163521662,0.3176757026893073,1.6052713580090804e-19,0.20000000000000007
2022-09-08,-0.001750485283428646,0.0,0.2795491809585266,0.2027751163521662,0.3176757026893073,1.6052713580090804e-19,0.20000000000000007
2022-09-09,0.005043037309314196,0.0,0.2795491809585266,0.2027751163521662,0.3176757026893073,1.6052713580090804e-19,0.20000000000000007
2022-09-12,0.001920593059216321,0.0,0.2795491809585266,0.2027751163521662,0.3176757026893073,1.6052713580090804e-19,0.20000000000000007
2022-09-13,-0.013062065504239325,0.0,0.2795491809585266,0.2027751163521662,0.3176757026893073,1.6052713580090804e-19,0.20000000000000007
2022-09-14,0.00013356913398969238,0.0,0.2795491809585266,0.2027751163521662,0.3176757026893073,1.6052713580090804e-19,0.20000000000000007
2022-09-15,-0.009102926709529701,0.0,0.2795491809585266,0.2027751163521662,0.3176757026893073,1.6052713580090804e-19,0.20000000000000007
2022-09-16,-0.002060088406550809,0.0,0.2795491809585266,0.2027751163521662,0.3176757026893073,1.6052713580090804e-19,0.20000000000000007
2022-09-19,0.002749834026374695,0.0,0.2795491809585266,0.2027751163521662,0.3176757026893073,1.6052713580090804e-19,0.20000000000000007
2022-09-20,-0.00609029269448347,0.0,0.2795491809585266,0.2027751163521662,0.3176757026893073,1.6052713580090804e-19,0.20000000000000007
2022-09-21,0.001960415356304722,0.0,0.2795491809585266,0.2027751163521662,0.3176757026893073,1.6052713580090804e-19,0.20000000000000007
2022-09-22,-0.007443843522136612,0.0,0.2795491809585266,0.2027751163521662,0.3176757026893073,1.6052713580090804e-19,0.20000000000000007
2022-09-23,-0.006194867539105695,0.0,0.2795491809585266,0.2027751163521662,0.3176757026893073,1.6052713580090804e-19,0.20000000000000007
2022-09-26,-0.008093480327178035,0.0,0.2795491809585266,0.2027751163521662,0.3176757026893073,1.6052713580090804e-19,0.20000000000000007
2022-09-27,-0.005315174782263837,0.0046515812674560175,0.2748975996910706,0.2027751163521662,0.3223272839567633,0.0,0.20000000000000007
2022-09-28,0.01629004528168132,0.0,0.2748975996910706,0.2027751163521662,0.3223272839567633,0.0,0.20000000000000007
2022-09-29,-0.007647176775831798,0.0,0.2748975996910706,0.2027751163521662,0.3223272839567633,0.0,0.20000000000000007
2022-09-30,-0.006848101632585153,0.0,0.2748975996910706,0.2027751163521662,0.3223272839567633,0.0,0.20000000000000007
2022-10-03,0.01738668830352022,0.0,0.2748975996910706,0.2027751163521662,0.3223272839567633,0.0,0.20000000000000007
2022-10-04,0.009837632143128404,0.0,0.2748975996910706,0.2027751163521662,0.3223272839567633,0.0,0.20000000000000007
2022-10-05,-0.002472094407391835,0.0,0.2748975996910706,0.2027751163521662,0.3223272839567633,0.0,0.20000000000000007
2022-10-06,-0.0023178711172390917,0.0,0.2748975996910706,0.2027751163521662,0.3223272839567633,0.0,0.20000000000000007
2022-10-07,-0.012374863335395269,0.0,0.2748975996910706,0.2027751163521662,0.3223272839567633,0.0,0.20000000000000007
2022-10-10,-0.009292985196237901,0.0,0.2748975996910706,0.2027751163521662,0.3223272839567633,0.0,0.20000000000000007
2022-10-11,-0.0013754232432913627,0.0,0.2748975996910706,0.2027751163521662,0.3223272839567633,0.0,0.20000000000000007
2022-10-12,0.0018123776626938442,0.0,0.2748975996910706,0.2027751163521662,0.3223272839567633,0.0,0.20000000000000007
2022-10-13,0.0017697757449759463,0.0,0.2748975996910706,0.2027751163521662,0.3223272839567633,0.0,0.20000000000000007
2022-10-14,-0.010564914782327715,0.0,0.2748975996910706,0.2027751163521662,0.3223272839567633,0.0,0.20000000000000007
2022-10-17,0.004968226609305798,0.0,0.2748975996910706,0.2027751163521662,0.3223272839567633,0.0,0.20000000000000007
2022-10-18,0.004265989334852717,0.0,0.2748975996910706,0.2027751163521662,0.3223272839567633,0.0,0.20000000000000007
2022-10-19,-0.008498081830912906,0.0,0.2748975996910706,0.2027751163521662,0.3223272839567633,0.0,0.20000000000000007
2022-10-20,-0.006149363904440404,0.0,0.2748975996910706,0.2027751163521662,0.3223272839567633,0.0,0.20000000000000007
2022-10-21,0.007059979301614793,0.0,0.2748975996910706,0.2027751163521662,0.3223272839567633,0.0,0.20000000000000007
2022-10-24,0.0008417516846787978,0.0,0.2748975996910706,0.2027751163521662,0.3223272839567633,0.0,0.20000000000000007
2022-10-25,0.008837447819794956,0.0,0.2748975996910706,0.2027751163521662,0.3223272839567633,0.0,0.20000000000000007
2022-10-26,0.0008216831904428655,0.0,0.2748975996910706,0.2027751163521662,0.3223272839567633,0.0,0.20000000000000007
2022-10-27,0.0017154562988624953,0.0,0.2748975996910706,0.2027751163521662,0.3223272839567633,0.0,0.20000000000000007
2022-10-28,0.0021913325566597264,0.0,0.2748975996910706,0.2027751163521662,0.3223272839567633,0.0,0.20000000000000007
2022-10-31,-0.004382816066225341,0.0,0.2748975996910706,0.2027751163521662,0.3223272839567633,0.0,0.20000000000000007
2022-11-01,0.003914503093018526,0.0,0.2748975996910706,0.2027751163521662,0.3223272839567633,0.0,0.20000000000000007
2022-11-02,-0.009160298073522562,0.0,0.2748975996910706,0.2027751163521662,0.3223272839567633,0.0,0.20000000000000007
2022-11-03,-0.0034933909733246326,0.0,0.2748975996910706,0.2027751163521662,0.3223272839567633,0.0,0.20000000000000007
2022-11-04,0.006694131432539045,0.0,0.2748975996910706,0.2027751163521662,0.3223272839567633,0.0,0.20000000000000007
2022-11-07,-0.0018104130208107024,0.0,0.2748975996910706,0.2027751163521662,0.3223272839567633,0.0,0.20000000000000007
2022-11-08,0.010269323786016625,0.0,0.2748975996910706,0.2027751163521662,0.3223272839567633,0.0,0.20000000000000007
2022-11-09,-0.005124025125230128,0.0,0.2748975996910706,0.2027751163521662,0.3223272839567633,0.0,0.20000000000000007
2022-11-10,0.0281498798290285,0.0,0.2748975996910706,0.2027751163521662,0.3223272839567633,0.0,0.20000000000000007
2022-11-11,0.0011574849913207927,0.0,0.2748975996910706,0.2027751163521662,0.3223272839567633,0.0,0.20000000000000007
2022-11-14,-0.00122301335019128,0.0,0.2748975996910706,0.2027751163521662,0.3223272839567633,0.0,0.20000000000000007
2022-11-15,0.006064194314419052,0.0,0.2748975996910706,0.2027751163521662,0.3223272839567633,0.0,0.20000000000000007
2022-11-16,0.0011786779264964238,0.0,0.2748975996910706,0.2027751163521662,0.3223272839567633,0.0,0.20000000000000007
2022-11-17,-0.004554657233694363,0.0,0.2748975996910706,0.2027751163521662,0.3223272839567633,0.0,0.20000000000000007
2022-11-18,-0.001811438608254444,0.0,0.2748975996910706,0.2027751163521662,0.3223272839567633,0.0,0.20000000000000007
2022-11-21,-0.00021123416328760504,0.0,0.2748975996910706,0.2027751163521662,0.3223272839567633,0.0,0.20000000000000007
2022-11-22,0.00571660015586711,0.0,0.2748975996910706,0.2027751163521662,0.3223272839567633,0.0,0.20000000000000007
2022-11-23,0.005200091245541839,0.0,0.2748975996910706,0.2027751163521662,0.3223272839567633,0.0,0.20000000000000007
2022-11-25,-0.0004720826058472108,0.0,0.2748975996910706,0.2027751163521662,0.3223272839567633,0.0,0.20000000000000007
2022-11-28,-0.004893041359571418,0.0,0.2748975996910706,0.2027751163521662,0.3223272839567633,0.0,0.20000000000000007
2022-11-29,-0.0009100724224551213,0.0,0.2748975996910706,0.2027751163521662,0.3223272839567633,0.0,0.20000000000000007
2022-11-30,0.012675689457168952,0.0,0.2748975996910706,0.2027751163521662,0.3223272839567633,0.0,0.20000000000000007
2022-12-01,0.00975475282071828,0.0,0.2748975996910706,0.2027751163521662,0.3223272839567633,0.0,0.20000000000000007
2022-12-02,0.0009066817324360353,0.0,0.2748975996910706,0.2027751163521662,0.3223272839567633,0.0,0.20000000000000007
2022-12-05,-0.011686721721827453,0.0,0.2748975996910706,0.2027751163521662,0.3223272839567633,0.0,0.20000000000000007
2022-12-06,-0.00032798086907800386,0.0,0.2748975996910706,0.2027751163521662,0.3223272839567633,0.0,0.20000000000000007
2022-12-07,0.006591661254497028,0.0,0.2748975996910706,0.2027751163521662,0.3223272839567633,0.0,0.20000000000000007
2022-12-08,0.001235114309350659,0.0,0.2748975996910706,0.2027751163521662,0.3223272839567633,0.0,0.20000000000000007
2022-12-09,-0.005762196847215325,0.0,0.2748975996910706,0.2027751163521662,0.3223272839567633,0.0,0.20000000000000007
2022-12-12,0.002090136975719512,0.0,0.2748975996910706,0.2027751163521662,0.3223272839567633,0.0,0.20000000000000007
2022-12-13,0.007782869275031196,0.0,0.2748975996910706,0.2027751163521662,0.3223272839567633,0.0,0.20000000000000007
2022-12-14,-0.002600094585509361,0.0,0.2748975996910706,0.2027751163521662,0.3223272839567633,0.0,0.20000000000000007
2022-12-15,-0.009349197271975866,0.0,0.2748975996910706,0.2027751163521662,0.3223272839567633,0.0,0.20000000000000007
2022-12-16,-0.0023495944129752425,0.0,0.2748975996910706,0.2027751163521662,0.3223272839567633,0.0,0.20000000000000007
2022-12-19,-0.006597157489436321,0.0,0.2748975996910706,0.2027751163521662,0.3223272839567633,0.0,0.20000000000000007
2022-12-20,0.0007706479655804751,0.0,0.2748975996910706,0.2027751163521662,0.3223272839567633,0.0,0.20000000000000007
2022-12-21,0.004588457527094234,0.0,0.2748975996910706,0.2027751163521662,0.3223272839567633,0.0,0.20000000000000007
2022-12-22,-0.0075700944319591155,0.0,0.2748975996910706,0.2027751163521662,0.3223272839567633,0.0,0.20000000000000007
2022-12-23,-0.000496509405898449,0.0,0.2748975996910706,0.2027751163521662,0.3223272839567633,0.0,0.20000000000000007
2022-12-27,-0.002447766582528304,0.0,0.2748975996910706,0.2027751163521662,0.3223272839567633,0.0,0.20000000000000007
2022-12-28,-0.005348380891066819,0.0,0.2748975996910706,0.2027751163521662,0.3223272839567633,0.0,0.20000000000000007
2022-12-29,0.007843237780668234,0.0,0.2748975996910706,0.2027751163521662,0.3223272839567633,0.0,0.20000000000000007
2022-12-30,-0.002117061917583433,0.0,0.2748975996910706,0.2027751163521662,0.3223272839567633,0.0,0.20000000000000007
2023-01-03,0.007568016266912305,0.0,0.2748975996910706,0.2027751163521662,0.3223272839567633,0.0,0.20000000000000007
2023-01-04,0.007222593010440589,0.0,0.2748975996910706,0.2027751163521662,0.3223272839567633,0.0,0.20000000000000007
2023-01-05,-0.004446782887830111,0.0,0.2748975996910706,0.2027751163521662,0.3223272839567633,0.0,0.20000000000000007
2023-01-06,0.013446730062989298,0.0,0.2748975996910706,0.2027751163521662,0.3223272839567633,0.0,0.20000000000000007
2023-01-09,0.0004288197791232451,0.0,0.2748975996910706,0.2027751163521662,0.3223272839567633,0.0,0.20000000000000007
2023-01-10,-9.898978250631914e-05,0.0,0.2748975996910706,0.2027751163521662,0.3223272839567633,0.0,0.20000000000000007
2023-01-11,0.006550865671712371,0.0,0.2748975996910706,0.2027751163521662,0.3223272839567633,0.0,0.20000000000000007
2023-01-12,0.006774684345065376,0.0,0.2748975996910706,0.2027751163521662,0.3223272839567633,0.0,0.20000000000000007
2023-01-13,0.0029616336127017908,0.0,0.2748975996910706,0.2027751163521662,0.3223272839567633,0.0,0.20000000000000007
2023-01-17,-0.003341561517456289,0.0,0.2748975996910706,0.2027751163521662,0.3223272839567633,0.0,0.20000000000000007
2023-01-18,-0.0003521625903208708,0.0,0.2748975996910706,0.2027751163521662,0.3223272839567633,0.0,0.20000000000000007
2023-01-19,0.0013362309036052504,0.0,0.2748975996910706,0.2027751163521662,0.3223272839567633,0.0,0.20000000000000007
2023-01-20,0.0004676597500435993,0.0,0.2748975996910706,0.2027751163521662,0.3223272839567633,0.0,0.20000000000000007
2023-01-23,0.0032464886689531442,0.0,0.2748975996910706,0.2027751163521662,0.3223272839567633,0.0,0.20000000000000007
2023-01-24,0.0035689003737556886,0.0,0.2748975996910706,0.2027751163521662,0.3223272839567633,0.0,0.20000000000000007
2023-01-25,0.001423023016721385,0.0,0.2748975996910706,0.2027751163521662,0.3223272839567633,0.0,0.20000000000000007
2023-01-26,-0.0003291556218641717,0.0,0.2748975996910706,0.2027751163521662,0.3223272839567633,0.0,0.20000000000000007
2023-01-27,-3.750958677239754e-05,0.0,0.2748975996910706,0.2027751163521662,0.3223272839567633,0.0,0.20000000000000007
2023-01-30,-0.004289483553904312,0.0,0.2748975996910706,0.2027751163521662,0.3223272839567633,0.0,0.20000000000000007
2023-01-31,0.006399871373663423,0.0,0.2748975996910706,0.2027751163521662,0.3223272839567633,0.0,0.20000000000000007
2023-02-01,0.0075292679340462475,0.0,0.2748975996910706,0.2027751163521662,0.3223272839567633,0.0,0.20000000000000007
2023-02-02,-0.0011038010892630754,0.0,0.2748975996910706,0.2027751163521662,0.3223272839567633,0.0,0.20000000000000007
2023-02-03,-0.011374189950338452,0.0,0.2748975996910706,0.2027751163521662,0.3223272839567633,0.0,0.20000000000000007
2023-02-06,-0.001360828399906408,0.0,0.2748975996910706,0.2027751163521662,0.3223272839567633,0.0,0.20000000000000007
2023-02-07,0.001906774276355364,0.0,0.2748975996910706,0.2027751163521662,0.3223272839567633,0.0,0.20000000000000007
2023-02-08,-0.0010292789680709333,0.0,0.2748975996910706,0.2027751163521662,0.3223272839567633,0.0,0.20000000000000007
2023-02-09,-0.00714097135913319,0.0,0.2748975996910706,0.2027751163521662,0.3223272839567633,0.0,0.20000000000000007
2023-02-10,-0.0003672764776826371,0.0,0.2748975996910706,0.2027751163521662,0.3223272839567633,0.0,0.20000000000000007
2023-02-13,0.002725274172492572,0.0,0.2748975996910706,0.2027751163521662,0.3223272839567633,0.0,0.20000000000000007
2023-02-14,-0.0004936238542838879,0.0,0.2748975996910706,0.2027751163521662,0.3223272839567633,0.0,0.20000000000000007
2023-02-15,-0.002847115254516026,0.0,0.2748975996910706,0.2027751163521662,0.3223272839567633,0.0,0.20000000000000007
2023-02-16,-0.006636889288153899,0.0,0.2748975996910706,0.2027751163521662,0.3223272839567633,0.0,0.20000000000000007
2023-02-17,0.0017104347443660025,0.0,0.2748975996910706,0.2027751163521662,0.3223272839567633,0.0,0.20000000000000007
2023-02-21,-0.010019879751151392,0.0,0.2748975996910706,0.2027751163521662,0.3223272839567633,0.0,0.20000000000000007
2023-02-22,0.0003046271498823891,0.0,0.2748975996910706,0.2027751163521662,0.3223272839567633,0.0,0.20000000000000007
2023-02-23,0.0033436202675478505,0.0,0.2748975996910706,0.2027751163521662,0.3223272839567633,0.0,0.20000000000000007
2023-02-24,-0.0064068064744952375,0.0,0.2748975996910706,0.2027751163521662,0.3223272839567633,0.0,0.20000000000000007
2023-02-27,0.0017092833559058341,0.0,0.2748975996910706,0.2027751163521662,0.3223272839567633,0.0,0.20000000000000007
2023-02-28,0.0019382690920656772,0.0,0.2748975996910706,0.2027751163521662,0.3223272839567633,0.0,0.20000000000000007
2023-03-01,-0.0024280358007488317,0.0,0.2748975996910706,0.2027751163521662,0.3223272839567633,0.0,0.20000000000000007
2023-03-02,0.0012124005504099314,0.0,0.2748975996910706,0.2027751163521662,0.3223272839567633,0.0,0.20000000000000007
2023-03-03,0.012003463258711267,0.0,0.2748975996910706,0.2027751163521662,0.3223272839567633,0.0,0.20000000000000007
2023-03-06,-0.0032901891264368165,0.0,0.2748975996910706,0.2027751163521662,0.3223272839567633,0.0,0.20000000000000007
2023-03-07,-0.006128516903189926,0.0,0.2748975996910706,0.2027751163521662,0.3223272839567633,0.0,0.20000000000000007
2023-03-08,0.0004251517000728845,0.0,0.2748975996910706,0.2027751163521662,0.3223272839567633,0.0,0.20000000000000007
2023-03-09,-0.0019584216920436365,0.0,0.2748975996910706,0.2027751163521662,0.3223272839567633,0.0,0.20000000000000007
2023-03-10,0.008714645274086708,0.0,0.2748975996910706,0.2027751163521662,0.3223272839567633,0.0,0.20000000000000007
2023-03-13,0.005631766955254651,0.0,0.2748975996910706,0.2027751163521662,0.3223272839567633,0.0,0.20000000000000007
2023-03-14,-0.000656424107253843,0.0,0.2748975996910706,0.2027751163521662,0.3223272839567633,0.0,0.20000000000000007
2023-03-15,0.006847767063292231,0.0,0.2748975996910706,0.2027751163521662,0.3223272839567633,0.0,0.20000000000000007
2023-03-16,0.0036765724409211034,0.0,0.2748975996910706,0.2027751163521662,0.3223272839567633,0.0,0.20000000000000007
2023-03-17,0.008087142815338,0.0,0.2748975996910706,0.2027751163521662,0.3223272839567633,0.0,0.20000000000000007
2023-03-20,-0.00015262051771808196,0.0,0.2748975996910706,0.2027751163521662,0.3223272839567633,0.0,0.20000000000000007
2023-03-21,-0.004287948584186149,0.0,0.2748975996910706,0.2027751163521662,0.3223272839567633,0.0,0.20000000000000007
2023-03-22,0.0020055016727189303,0.0,0.2748975996910706,0.2027751163521662,0.3223272839567633,0.0,0.20000000000000007
2023-03-23,0.00507203281447231,0.0,0.2748975996910706,0.2027751163521662,0.3223272839567633,0.0,0.20000000000000007
2023-03-24,0.0002549369289584647,0.0,0.2748975996910706,0.2027751163521662,0.3223272839567633,0.0,0.20000000000000007
2023-03-27,-0.007875230477618633,0.0,0.2748975996910706,0.2027751163521662,0.3223272839567633,0.0,0.20000000000000007
2023-03-28,0.0016759040360769823,0.0,0.2748975996910706,0.2027751163521662,0.3223272839567633,0.0,0.20000000000000007
2023-03-29,0.0024921343246666556,0.0,0.2748975996910706,0.2027751163521662,0.3223272839567633,0.0,0.20000000000000007
2023-03-30,0.004524788854612174,0.0,0.2748975996910706,0.2027751163521662,0.3223272839567633,0.0,0.20000000000000007
2023-03-31,0.005952233404664907,0.0,0.2748975996910706,0.2027751163521662,0.3223272839567633,0.0,0.20000000000000007
2023-04-03,0.0033907608828642817,0.0,0.2748975996910706,0.2027751163521662,0.3223272839567633,0.0,0.20000000000000007
2023-04-04,0.004698681864032353,0.0,0.2748975996910706,0.2027751163521662,0.3223272839567633,0.0,0.20000000000000007
2023-04-05,0.001721904504430119,0.0,0.2748975996910706,0.2027751163521662,0.3223272839567633,0.0,0.20000000000000007
2023-04-06,-0.000558406433304526,0.0,0.2748975996910706,0.2027751163521662,0.3223272839567633,0.0,0.20000000000000007
2023-04-10,-0.004219120598837004,0.0,0.2748975996910706,0.2027751163521662,0.3223272839567633,0.0,0.20000000000000007
2023-04-11,0.0018120903535071313,0.0,0.2748975996910706,0.2027751163521662,0.3223272839567633,0.0,0.20000000000000007
2023-04-12,-0.0008335501203847254,0.0,0.2748975996910706,0.2027751163521662,0.3223272839567633,0.0,0.20000000000000007
2023-04-13,0.0054740596819272385,0.0,0.2748975996910706,0.2027751163521662,0.3223272839567633,0.0,0.20000000000000007
2023-04-14,-0.007071961647199682,0.0,0.2748975996910706,0.2027751163521662,0.3223272839567633,0.0,0.20000000000000007
2023-04-17,-0.001849701865166251,0.0,0.2748975996910706,0.2027751163521662,0.3223272839567633,0.0,0.20000000000000007
2023-04-18,0.001433829757732404,0.0,0.2748975996910706,0.2027751163521662,0.3223272839567633,0.0,0.20000000000000007
2023-04-19,-0.0013483585347704087,0.0,0.2748975996910706,0.2027751163521662,0.3223272839567633,0.0,0.20000000000000007
2023-04-20,0.00150284832375898,0.0,0.2748975996910706,0.2027751163521662,0.3223272839567633,0.0,0.20000000000000007
2023-04-21,-0.0043289755685631745,0.0,0.2748975996910706,0.2027751163521662,0.3223272839567633,0.0,0.20000000000000007
2023-04-24,0.00257947078488202,0.0,0.2748975996910706,0.2027751163521662,0.3223272839567633,0.0,0.20000000000000007
2023-04-25,0.0011975514118030138,0.0,0.2748975996910706,0.2027751163521662,0.3223272839567633,0.0,0.20000000000000007
2023-04-26,-0.005725961162932059,0.0,0.2748975996910706,0.2027751163521662,0.3223272839567633,0.0,0.20000000000000007
2023-04-27,0.0035502498788505185,0.0,0.2748975996910706,0.2027751163521662,0.3223272839567633,0.0,0.20000000000000007
2023-04-28,0.005993167545654793,0.0,0.2748975996910706,0.2027751163521662,0.3223272839567633,0.0,0.20000000000000007
2023-05-01,-0.006563214390242865,0.0,0.2748975996910706,0.2027751163521662,0.3223272839567633,0.0,0.20000000000000007
2023-05-02,0.007681324724117381,0.0,0.2748975996910706,0.2027751163521662,0.3223272839567633,0.0,0.20000000000000007
2023-05-03,0.0008997210410616415,0.0,0.2748975996910706,0.2027751163521662,0.3223272839567633,0.0,0.20000000000000007
2023-05-04,-0.0014664904047507713,0.0,0.2748975996910706,0.2027751163521662,0.3223272839567633,0.0,0.20000000000000007
2023-05-05,-0.0009178776512469948,0.0,0.2748975996910706,0.2027751163521662,0.3223272839567633,0.0,0.20000000000000007
2023-05-08,-0.0020839182693159304,0.0,0.2748975996910706,0.2027751163521662,0.3223272839567633,0.0,0.20000000000000007
2023-05-09,0.0010030045720987742,0.0,0.2748975996910706,0.2027751163521662,0.3223272839567633,0.0,0.20000000000000007
2023-05-10,0.002431815972804573,0.0,0.2748975996910706,0.2027751163521662,0.3223272839567633,0.0,0.20000000000000007
2023-05-11,0.00019565614347891126,0.0,0.2748975996910706,0.2027751163521662,0.3223272839567633,0.0,0.20000000000000007
2023-05-12,-0.0013191478214158465,0.0,0.2748975996910706,0.2027751163521662,0.3223272839567633,0.0,0.20000000000000007
2023-05-15,-0.001030979423480742,0.0,0.2748975996910706,0.2027751163521662,0.3223272839567633,0.0,0.20000000000000007
2023-05-16,-0.005975505978458948,0.0,0.2748975996910706,0.2027751163521662,0.3223272839567633,0.0,0.20000000000000007
2023-05-17,0.001985786789172602,0.0,0.2748975996910706,0.2027751163521662,0.3223272839567633,0.0,0.20000000000000007
2023-05-18,-0.0015431540500204608,0.0,0.2748975996910706,0.2027751163521662,0.3223272839567633,0.0,0.20000000000000007
2023-05-19,0.0007924377998573011,0.0,0.2748975996910706,0.2027751163521662,0.3223272839567633,0.0,0.20000000000000007
2023-05-22,-0.0012237386815530668,0.0,0.2748975996910706,0.2027751163521662,0.3223272839567633,0.0,0.20000000000000007
2023-05-23,-0.0015487394768281693,0.0,0.2748975996910706,0.2027751163521662,0.3223272839567633,0.0,0.20000000000000007
2023-05-24,-0.004890822491086731,0.0,0.2748975996910706,0.2027751163521662,0.3223272839567633,0.0,0.20000000000000007
2023-05-25,-0.00031056628618575995,0.0,0.2748975996910706,0.2027751163521662,0.3223272839567633,0.0,0.20000000000000007
2023-05-26,0.006415952004901965,0.0,0.2748975996910706,0.2027751163521662,0.3223272839567633,0.0,0.20000000000000007
2023-05-30,0.0039162497007295535,0.0,0.2748975996910706,0.2027751163521662,0.3223272839567633,0.0,0.20000000000000007
2023-05-31,0.0010890630568962205,0.0,0.2748975996910706,0.2027751163521662,0.3223272839567633,0.0,0.20000000000000007
