date,gross,turnover,w_SPY,w_TLT,w_GLD,w_USO,w_UUP
2019-01-02,0.005241473982824067,0.41273220078022077,1.2601933509937596e-17,0.43197029561015193,0.18726779921977918,0.0,0.38076190517006886
2019-01-03,0.004534323208117948,0.0,1.2601933509937596e-17,0.43197029561015193,0.18726779921977918,0.0,0.38076190517006886
2019-01-04,-0.007111698292353761,0.0,1.2601933509937596e-17,0.43197029561015193,0.18726779921977918,0.0,0.38076190517006886
2019-01-07,-0.0022708680754009018,0.0,1.2601933509937596e-17,0.43197029561015193,0.18726779921977918,0.0,0.38076190517006886
2019-01-08,-0.0004409712742765475,0.0,1.2601933509937596e-17,0.43197029561015193,0.18726779921977918,0.0,0.38076190517006886
2019-01-09,-0.00306749908242791,0.0,1.2601933509937596e-17,0.43197029561015193,0.18726779921977918,0.0,0.38076190517006886
2019-01-10,-0.0016141827856408191,0.0,1.2601933509937596e-17,0.43197029561015193,0.18726779921977918,0.0,0.38076190517006886
2019-01-11,0.002309424058464883,0.0,1.2601933509937596e-17,0.43197029561015193,0.18726779921977918,0.0,0.38076190517006886
2019-01-14,-0.001165388908325078,0.0012521435574875735,0.0,0.4321496009021433,0.18601565566229164,0.0,0.38183474343556506
2019-01-15,-0.0005461934485519022,0.0010540555099064768,6.630145716434658e-19,0.43182910983205347,0.18706971117219814,4.659729979245205e-19,0.38110117899574847
2019-01-16,0.0014796240342217675,0.0,6.630145716434658e-19,0.43182910983205347,0.18706971117219814,4.659729979245205e-19,0.38110117899574847
2019-01-17,-0.0001337498342574685,0.0023485381812916603,0.0,0.4322480572336397,0.18472117299090648,0.0,0.3830307697754539
2019-01-18,-0.0025851954549547117,0.010874711750121363,0.0,0.4311355986502917,0.17495891982413306,0.0,0.39390548152557525
2019-01-22,0.003442838415456599,0.01148443028936402,0.004786809991531714,0.4319792597651724,0.16347448953476906,0.0,0.3997594407085269
2019-01-23,-0.0012006468721358161,0.04164296905731163,0.04192444131377663,0.436484597500239,0.12362488206481888,0.0,0.3979660791211654
2019-01-24,0.004339276331882956,0.29028096738611986,0.33220540869989656,0.34317728806753917,0.0,1.7486756196316983e-18,0.32461730323256427
2019-01-25,-0.0008437311130643963,0.04466540926578691,0.3768708179656835,0.314568172849606,1.2326718027098015e-19,0.0,0.3085610091847106
2019-01-28,-0.0029559866450232382,0.0029817507638685015,0.379852568729552,0.31228039216108905,1.6098355839074803e-19,0.0,0.307867039109359
2019-01-29,0.0011815425684560147,0.0034009961638631903,0.3832535648934152,0.3098318297051532,1.884990493121448e-19,0.0,0.3069146054014317
2019-01-30,0.004270335238856537,0.0,0.3832535648934152,0.3098318297051532,1.884990493121448e-19,0.0,0.3069146054014317
2019-01-31,0.006632937997312937,0.002865842633635818,0.3803877222597794,0.312301476367122,1.8247611520462383e-19,1.077612267216308e-20,0.3073108013730987
2019-02-01,-0.001642355721511561,0.009330834458429416,0.3895789982017761,0.3029706419086926,1.2686805842569204e-20,2.4929288597010434e-20,0.3074503598895314
2019-02-04,0.0022500317482294337,0.0015314782204410016,0.39022211382417554,0.3014391636882516,5.1292583360656527e-20,2.1985952257238964e-19,0.30833872248757294
2019-02-05,0.0038600821312291343,0.0,0.39022211382417554,0.3014391636882516,5.1292583360656527e-20,2.1985952257238964e-19,0.30833872248757294
2019-02-06,0.0008428040558757094,0.0,0.39022211382417554,0.3014391636882516,5.1292583360656527e-20,2.1985952257238964e-19,0.30833872248757294
2019-02-07,-0.0010053979486438708,0.0,0.39022211382417554,0.3014391636882516,5.1292583360656527e-20,2.1985952257238964e-19,0.30833872248757294
2019-02-08,0.002126598947238653,0.0017979067624836198,0.3884242070616919,0.3025525418687687,7.194424498486361e-20,1.0183631952868985e-19,0.30902325106953943
2019-02-11,0.00023581583321616927,0.0013913275494241983,0.3898155346111161,0.30122196775570975,0.0,2.3336049664840037e-21,0.3089624976331742
2019-02-12,0.003169584022519518,0.0,0.3898155346111161,0.30122196775570975,0.0,2.3336049664840037e-21,0.3089624976331742
2019-02-13,0.0018068990353191869,0.0,0.3898155346111161,0.30122196775570975,0.0,2.3336049664840037e-21,0.3089624976331742
2019-02-14,0.0004932553544973013,0.0,0.3898155346111161,0.30122196775570975,0.0,2.3336049664840037e-21,0.3089624976331742
2019-02-15,0.0041202045661630085,0.0,0.3898155346111161,0.30122196775570975,0.0,2.3336049664840037e-21,0.3089624976331742
2019-02-19,0.00024196591319858903,0.0,0.3898155346111161,0.30122196775570975,0.0,2.3336049664840037e-21,0.3089624976331742
2019-02-20,0.0001641939558256121,0.0,0.3898155346111161,0.30122196775570975,0.0,2.3336049664840037e-21,0.3089624976331742
2019-02-21,-0.003838494073080768,0.0,0.3898155346111161,0.30122196775570975,0.0,2.3336049664840037e-21,0.3089624976331742
2019-02-22,0.004091577145485043,0.0,0.3898155346111161,0.30122196775570975,0.0,2.3336049664840037e-21,0.3089624976331742
2019-02-25,-0.0006017309923627541,0.0,0.3898155346111161,0.30122196775570975,0.0,2.3336049664840037e-21,0.3089624976331742
2019-02-26,9.926742541298034e-06,0.0,0.3898155346111161,0.30122196775570975,0.0,2.3336049664840037e-21,0.3089624976331742
2019-02-27,-0.0033387374119424836,0.0,0.3898155346111161,0.30122196775570975,0.0,2.3336049664840037e-21,0.3089624976331742
2019-02-28,-0.0015101037131060562,0.0,0.3898155346111161,0.30122196775570975,0.0,2.3336049664840037e-21,0.3089624976331742
2019-03-01,0.0008546221965223804,0.0,0.3898155346111161,0.30122196775570975,0.0,2.3336049664840037e-21,0.3089624976331742
2019-03-04,0.0013030041786154163,0.0,0.3898155346111161,0.30122196775570975,0.0,2.3336049664840037e-21,0.3089624976331742
2019-03-05,0.000922847172860567,0.009454552093682539,0.395234970243972,0.2917674156620272,2.330193083115654e-19,0.0,0.31299761409400084
2019-03-06,-0.001322952321420676,0.0,0.395234970243972,0.2917674156620272,2.330193083115654e-19,0.0,0.31299761409400084
2019-03-07,0.0013718367914108492,0.0,0.395234970243972,0.2917674156620272,2.330193083115654e-19,0.0,0.31299761409400084
2019-03-08,-0.0005218430777735491,0.0,0.395234970243972,0.2917674156620272,2.330193083115654e-19,0.0,0.31299761409400084
2019-03-11,0.004144821432079144,0.0,0.395234970243972,0.2917674156620272,2.330193083115654e-19,0.0,0.31299761409400084
2019-03-12,0.002932824146681054,0.0,0.395234970243972,0.2917674156620272,2.330193083115654e-19,0.0,0.31299761409400084
2019-03-13,0.0006151471659438922,0.0,0.395234970243972,0.2917674156620272,2.330193083115654e-19,0.0,0.31299761409400084
2019-03-14,-0.0013883509832938097,0.0,0.395234970243972,0.2917674156620272,2.330193083115654e-19,0.0,0.31299761409400084
2019-03-15,0.0033979660058196057,0.0,0.395234970243972,0.2917674156620272,2.330193083115654e-19,0.0,0.31299761409400084
2019-03-18,0.0009016026549131448,0.0,0.395234970243972,0.2917674156620272,2.330193083115654e-19,0.0,0.31299761409400084
2019-03-19,-0.0009139409602405326,0.0,0.395234970243972,0.2917674156620272,2.330193083115654e-19,0.0,0.31299761409400084
2019-03-20,3.866351479523723e-05,0.0,0.395234970243972,0.2917674156620272,2.330193083115654e-19,0.0,0.31299761409400084
2019-03-21,0.007046459155319609,0.001990323836764313,0.3932446464072077,0.29335116947838974,9.244483977436194e-20,1.1129676837949104e-20,0.31340418411440263
2019-03-22,-0.001870656115687079,0.016667250675504952,0.37657739573170274,0.30652726270033354,4.810869794768091e-20,1.2443025973199802e-19,0.3168953415679638
2019-03-25,0.001673741191432185,0.3073769352062532,0.06920046052544948,0.42140473129421546,0.13711919726860888,0.0,0.37227561091172623
2019-03-26,0.0029110651047828573,0.212622355184949,0.28182281571039847,0.3707631523241305,1.2965481268989307e-17,0.0,0.34741403196547105
2019-03-27,0.0013457362041026516,0.08294767032012651,0.364770486030525,0.31290242249128475,0.0,0.0,0.3223270914781903
2019-03-28,0.0036017425772358735,0.02531310149557542,0.3900835875261004,0.29533727592382797,0.0,0.0,0.31457913655007164
2019-03-29,0.002570744880367254,0.004112588088835412,0.3941961756149358,0.29206449766430703,0.0,0.0,0.31373932672075716
2019-04-01,0.0002851470174520254,0.0,0.3941961756149358,0.29206449766430703,0.0,0.0,0.31373932672075716
2019-04-02,0.0011062843012904261,0.008914787250009937,0.3852813883649259,0.2993388282771308,0.0,0.0,0.31537978335794337
2019-04-03,-0.002326797870854749,0.015028570193819285,0.4003099585587452,0.2853937844802113,1.7790439084233405e-19,5.071460569241421e-19,0.3142962569610436
2019-04-04,0.0022335053951293544,0.0,0.4003099585587452,0.2853937844802113,1.7790439084233405e-19,5.071460569241421e-19,0.3142962569610436
2019-04-05,0.0026684216615521505,0.0,0.4003099585587452,0.2853937844802113,1.7790439084233405e-19,5.071460569241421e-19,0.3142962569610436
2019-04-08,-0.0017926727295622105,0.0,0.4003099585587452,0.2853937844802113,1.7790439084233405e-19,5.071460569241421e-19,0.3142962569610436
2019-04-09,-0.0010298270840393645,0.0,0.4003099585587452,0.2853937844802113,1.7790439084233405e-19,5.071460569241421e-19,0.3142962569610436
2019-04-10,0.001572100539742632,0.0,0.4003099585587452,0.2853937844802113,1.7790439084233405e-19,5.071460569241421e-19,0.3142962569610436
2019-04-11,-0.0008182028876296735,0.0,0.4003099585587452,0.2853937844802113,1.7790439084233405e-19,5.071460569241421e-19,0.3142962569610436
2019-04-12,-4.899620719776756e-05,0.0,0.4003099585587452,0.2853937844802113,1.7790439084233405e-19,5.071460569241421e-19,0.3142962569610436
2019-04-15,0.0003381302672586407,0.0,0.4003099585587452,0.2853937844802113,1.7790439084233405e-19,5.071460569241421e-19,0.3142962569610436
2019-04-16,-0.0007979985311859902,0.0,0.4003099585587452,0.2853937844802113,1.7790439084233405e-19,5.071460569241421e-19,0.3142962569610436
2019-04-17,-0.001104359949654834,0.0,0.4003099585587452,0.2853937844802113,1.7790439084233405e-19,5.071460569241421e-19,0.3142962569610436
2019-04-18,0.003975182288658654,0.0,0.4003099585587452,0.2853937844802113,1.7790439084233405e-19,5.071460569241421e-19,0.3142962569610436
2019-04-22,-0.001746785266046558,0.0,0.4003099585587452,0.2853937844802113,1.7790439084233405e-19,5.071460569241421e-19,0.3142962569610436
2019-04-23,0.005291309662319875,0.0,0.4003099585587452,0.2853937844802113,1.7790439084233405e-19,5.071460569241421e-19,0.3142962569610436
2019-04-24,0.003001772277670716,0.0,0.4003099585587452,0.2853937844802113,1.7790439084233405e-19,5.071460569241421e-19,0.3142962569610436
2019-04-25,-6.450221646959998e-05,0.0,0.4003099585587452,0.2853937844802113,1.7790439084233405e-19,5.071460569241421e-19,0.3142962569610436
2019-04-26,0.002477667984905432,0.0,0.4003099585587452,0.2853937844802113,1.7790439084233405e-19,5.071460569241421e-19,0.3142962569610436
2019-04-29,-0.0019102237948402944,0.0,0.4003099585587452,0.2853937844802113,1.7790439084233405e-19,5.071460569241421e-19,0.3142962569610436
2019-04-30,0.0007080188529855214,0.0,0.4003099585587452,0.2853937844802113,1.7790439084233405e-19,5.071460569241421e-19,0.3142962569610436
2019-05-01,-0.001471294983252654,0.0,0.4003099585587452,0.2853937844802113,1.7790439084233405e-19,5.071460569241421e-19,0.3142962569610436
2019-05-02,-0.0015037039454255572,0.0,0.4003099585587452,0.2853937844802113,1.7790439084233405e-19,5.071460569241421e-19,0.3142962569610436
2019-05-03,0.003538921501797791,0.007849592328075555,0.4046885359245351,0.27754419215213577,0.0,1.973146563058602e-19,0.31776727192332926
2019-05-06,-0.0006595931530845713,1.1102230246251565e-16,0.40468853592453496,0.2775441921521357,0.0,1.9731465630586015e-19,0.3177672719233292
2019-05-07,-0.004388717623806846,8.326672684688674e-17,0.404688535924535,0.27754419215213577,0.0,1.9731465630586017e-19,0.31776727192332926
2019-05-08,-0.0016407122397017297,0.0,0.404688535924535,0.27754419215213577,0.0,1.9731465630586017e-19,0.31776727192332926
2019-05-09,-0.0006930386554442212,0.0,0.404688535924535,0.27754419215213577,0.0,1.9731465630586017e-19,0.31776727192332926
2019-05-10,0.0015339514200314302,0.0,0.404688535924535,0.27754419215213577,0.0,1.9731465630586017e-19,0.31776727192332926
2019-05-13,-0.007989583750661163,0.0,0.404688535924535,0.27754419215213577,0.0,1.9731465630586017e-19,0.31776727192332926
2019-05-14,0.0035720867829750905,0.0,0.404688535924535,0.27754419215213577,0.0,1.9731465630586017e-19,0.31776727192332926
2019-05-15,0.004196559619406896,0.0,0.404688535924535,0.27754419215213577,0.0,1.9731465630586017e-19,0.31776727192332926
2019-05-16,0.0036721070841742778,0.0,0.404688535924535,0.27754419215213577,0.0,1.9731465630586017e-19,0.31776727192332926
2019-05-17,-0.0012729276746767581,0.0,0.404688535924535,0.27754419215213577,0.0,1.9731465630586017e-19,0.31776727192332926
2019-05-20,-0.0034899397338892654,0.0,0.404688535924535,0.27754419215213577,0.0,1.9731465630586017e-19,0.31776727192332926
2019-05-21,0.0036898665729131245,0.0,0.404688535924535,0.27754419215213577,0.0,1.9731465630586017e-19,0.31776727192332926
2019-05-22,0.000590010316845553,0.0,0.404688535924535,0.27754419215213577,0.0,1.9731465630586017e-19,0.31776727192332926
2019-05-23,-0.0024251364881213394,0.0,0.404688535924535,0.27754419215213577,0.0,1.9731465630586017e-19,0.31776727192332926
2019-05-24,7.138365884214128e-05,0.0,0.404688535924535,0.27754419215213577,0.0,1.9731465630586017e-19,0.31776727192332926
2019-05-28,-0.0004341525123879226,0.0,0.404688535924535,0.27754419215213577,0.0,1.9731465630586017e-19,0.31776727192332926
2019-05-29,-0.0011511919437196846,0.0,0.404688535924535,0.27754419215213577,0.0,1.9731465630586017e-19,0.31776727192332926
2019-05-30,0.003612158813620422,0.0,0.404688535924535,0.27754419215213577,0.0,1.9731465630586017e-19,0.31776727192332926
2019-05-31,-0.003301384391801441,0.0,0.404688535924535,0.27754419215213577,0.0,1.9731465630586017e-19,0.31776727192332926
2019-06-03,-0.0008628696480015305,0.0,0.404688535924535,0.27754419215213577,0.0,1.9731465630586017e-19,0.31776727192332926
2019-06-04,0.005355763085300972,0.003302715032742737,0.40757498299395145,0.27424147711939306,2.0252214953636871e-19,1.5180957123289351e-19,0.3181835398866556
2019-06-05,0.003075604760704677,0.0,0.40757498299395145,0.27424147711939306,2.0252214953636871e-19,1.5180957123289351e-19,0.3181835398866556
2019-06-06,0.0024436982265171967,0.0,0.40757498299395145,0.27424147711939306,2.0252214953636871e-19,1.5180957123289351e-19,0.3181835398866556
2019-06-07,0.005112917332484359,0.0,0.40757498299395145,0.27424147711939306,2.0252214953636871e-19,1.5180957123289351e-19,0.3181835398866556
2019-06-10,-0.00034442292183181253,0.0,0.40757498299395145,0.27424147711939306,2.0252214953636871e-19,1.5180957123289351e-19,0.3181835398866556
2019-06-11,0.00019127510495175264,0.0,0.40757498299395145,0.27424147711939306,2.0252214953636871e-19,1.5180957123289351e-19,0.3181835398866556
2019-06-12,0.0003446991308160408,0.0,0.40757498299395145,0.27424147711939306,2.0252214953636871e-19,1.5180957123289351e-19,0.3181835398866556
2019-06-13,0.0028693549093079997,0.0,0.40757498299395145,0.27424147711939306,2.0252214953636871e-19,1.5180957123289351e-19,0.3181835398866556
2019-06-14,0.0019420596809081175,0.0,0.40757498299395145,0.27424147711939306,2.0252214953636871e-19,1.5180957123289351e-19,0.3181835398866556
2019-06-17,0.0007556749126088195,0.0,0.40757498299395145,0.27424147711939306,2.0252214953636871e-19,1.5180957123289351e-19,0.3181835398866556
2019-06-18,0.006125850861958473,0.0,0.40757498299395145,0.27424147711939306,2.0252214953636871e-19,1.5180957123289351e-19,0.3181835398866556
2019-06-19,-0.00013475609350670236,0.0,0.40757498299395145,0.27424147711939306,2.0252214953636871e-19,1.5180957123289351e-19,0.3181835398866556
2019-06-20,0.002677977333939929,0.0,0.40757498299395145,0.27424147711939306,2.0252214953636871e-19,1.5180957123289351e-19,0.3181835398866556
2019-06-21,-0.005191350397415145,0.0,0.40757498299395145,0.27424147711939306,2.0252214953636871e-19,1.5180957123289351e-19,0.3181835398866556
2019-06-24,0.0010552710664909852,0.0,0.40757498299395145,0.27424147711939306,2.0252214953636871e-19,1.5180957123289351e-19,0.3181835398866556
2019-06-25,-0.002411521354563479,0.0,0.40757498299395145,0.27424147711939306,2.0252214953636871e-19,1.5180957123289351e-19,0.3181835398866556
2019-06-26,-0.0019164923664938308,0.0,0.40757498299395145,0.27424147711939306,2.0252214953636871e-19,1.5180957123289351e-19,0.3181835398866556
2019-06-27,0.003377811818446861,0.0,0.40757498299395145,0.27424147711939306,2.0252214953636871e-19,1.5180957123289351e-19,0.3181835398866556
2019-06-28,0.0016668194954794248,0.0,0.40757498299395145,0.27424147711939306,2.0252214953636871e-19,1.5180957123289351e-19,0.3181835398866556
2019-07-01,0.005386474591370324,0.0,0.40757498299395145,0.27424147711939306,2.0252214953636871e-19,1.5180957123289351e-19,0.3181835398866556
2019-07-02,0.0029335292331481343,0.0,0.40757498299395145,0.27424147711939306,2.0252214953636871e-19,1.5180957123289351e-19,0.3181835398866556
2019-07-03,0.005064710677695672,0.43538920321251146,0.3712306177416166,0.193380179045872,0.43538920321251146,2.211943792464926e-18,0.0
2019-07-05,-0.007842057542643855,0.0,0.3712306177416166,0.193380179045872,0.43538920321251146,2.211943792464926e-18,0.0
2019-07-08,-0.004577529663989982,0.0,0.3712306177416166,0.193380179045872,0.43538920321251146,2.211943792464926e-18,0.0
2019-07-09,0.0019153386300912686,0.0,0.3712306177416166,0.193380179045872,0.43538920321251146,2.211943792464926e-18,0.0
2019-07-10,0.007582457366812104,0.0,0.3712306177416166,0.193380179045872,0.43538920321251146,2.211943792464926e-18,0.0
2019-07-11,-0.005387501517660981,0.0,0.3712306177416166,0.193380179045872,0.43538920321251146,2.211943792464926e-18,0.0
2019-07-12,0.004608179393944451,0.0,0.3712306177416166,0.193380179045872,0.43538920321251146,2.211943792464926e-18,0.0
2019-07-15,0.001237174764849139,0.0,0.3712306177416166,0.193380179045872,0.43538920321251146,2.211943792464926e-18,0.0
2019-07-16,-0.005457692501447446,0.0,0.3712306177416166,0.193380179045872,0.43538920321251146,2.211943792464926e-18,0.0
2019-07-17,0.006730724436726418,0.0,0.3712306177416166,0.193380179045872,0.43538920321251146,2.211943792464926e-18,0.0
2019-07-18,0.007520491693086914,0.0,0.3712306177416166,0.193380179045872,0.43538920321251146,2.211943792464926e-18,0.0
2019-07-19,-0.008928446297375993,0.0,0.3712306177416166,0.193380179045872,0.43538920321251146,2.211943792464926e-18,0.0
2019-07-22,0.0012142420518992244,0.0,0.3712306177416166,0.193380179045872,0.43538920321251146,2.211943792464926e-18,0.0
2019-07-23,-0.0008621077580849689,0.0,0.3712306177416166,0.193380179045872,0.43538920321251146,2.211943792464926e-18,0.0
2019-07-24,0.004799108609364737,0.0,0.3712306177416166,0.193380179045872,0.43538920321251146,2.211943792464926e-18,0.0
2019-07-25,-0.005775963454403338,0.0,0.3712306177416166,0.193380179045872,0.43538920321251146,2.211943792464926e-18,0.0
2019-07-26,0.0036622364023007866,0.0,0.3712306177416166,0.193380179045872,0.43538920321251146,2.211943792464926e-18,0.0
2019-07-29,0.0022823694629203737,0.0,0.3712306177416166,0.193380179045872,0.43538920321251146,2.211943792464926e-18,0.0
2019-07-30,0.0010154856319396,0.0,0.3712306177416166,0.193380179045872,0.43538920321251146,2.211943792464926e-18,0.0
2019-07-31,-0.00821563976499153,0.0,0.3712306177416166,0.193380179045872,0.43538920321251146,2.211943792464926e-18,0.0
2019-08-01,0.011066938975592215,0.0,0.3712306177416166,0.193380179045872,0.43538920321251146,2.211943792464926e-18,0.0
2019-08-02,-0.0025975183824712067,0.012773149703566073,0.3733868387929451,0.1987512924308081,0.4226160535089453,1.3767505113621046e-20,0.005245815267301403
2019-08-05,-0.001909493355203413,0.0,0.3733868387929451,0.1987512924308081,0.4226160535089453,1.3767505113621046e-20,0.005245815267301403
2019-08-06,0.010265769667408373,0.0,0.3733868387929451,0.1987512924308081,0.4226160535089453,1.3767505113621046e-20,0.005245815267301403
2019-08-07,0.006706978043438398,0.0,0.3733868387929451,0.1987512924308081,0.4226160535089453,1.3767505113621046e-20,0.005245815267301403
2019-08-08,0.009883364303874227,0.0,0.3733868387929451,0.1987512924308081,0.4226160535089453,1.3767505113621046e-20,0.005245815267301403
2019-08-09,-0.004347238130643814,0.0,0.3733868387929451,0.1987512924308081,0.4226160535089453,1.3767505113621046e-20,0.005245815267301403
2019-08-12,0.0036933687430903703,0.0,0.3733868387929451,0.1987512924308081,0.4226160535089453,1.3767505113621046e-20,0.005245815267301403
2019-08-13,0.0026306568957461997,0.0,0.3733868387929451,0.1987512924308081,0.4226160535089453,1.3767505113621046e-20,0.005245815267301403
2019-08-14,-0.0036592103703348136,0.0,0.3733868387929451,0.1987512924308081,0.4226160535089453,1.3767505113621046e-20,0.005245815267301403
2019-08-15,0.006035279290774924,0.0028873754445033406,0.3711999186438893,0.2016386678753114,0.42202186019403215,3.269977869307528e-20,0.005139553286766991
2019-08-16,0.001214582838550829,0.003099443746511261,0.3736203306327468,0.19914573237402727,0.422700891951686,1.736808543311853e-20,0.004533045041539928
2019-08-19,-0.0032807486018642707,0.0,0.3736203306327468,0.19914573237402727,0.422700891951686,1.736808543311853e-20,0.004533045041539928
2019-08-20,0.0024820930139747314,0.0,0.3736203306327468,0.19914573237402727,0.422700891951686,1.736808543311853e-20,0.004533045041539928
2019-08-21,0.00037972371317214287,0.0,0.3736203306327468,0.19914573237402727,0.422700891951686,1.736808543311853e-20,0.004533045041539928
2019-08-22,-0.0025142349463758147,0.0,0.3736203306327468,0.19914573237402727,0.422700891951686,1.736808543311853e-20,0.004533045041539928
2019-08-23,0.001930716847685399,0.0,0.3736203306327468,0.19914573237402727,0.422700891951686,1.736808543311853e-20,0.004533045041539928
2019-08-26,0.0034091310578271746,0.0,0.3736203306327468,0.19914573237402727,0.422700891951686,1.736808543311853e-20,0.004533045041539928
2019-08-27,0.005644797238489564,0.0,0.3736203306327468,0.19914573237402727,0.422700891951686,1.736808543311853e-20,0.004533045041539928
2019-08-28,0.0017069410326405938,0.0,0.3736203306327468,0.19914573237402727,0.422700891951686,1.736808543311853e-20,0.004533045041539928
2019-08-29,0.0010010570343340556,0.0,0.3736203306327468,0.19914573237402727,0.422700891951686,1.736808543311853e-20,0.004533045041539928
2019-08-30,-0.0011800308885951956,0.0,0.3736203306327468,0.19914573237402727,0.422700891951686,1.736808543311853e-20,0.004533045041539928
2019-09-03,0.0038012762411738887,0.013321886192425247,0.3739810901557783,0.20357545826727927,0.4093790057592607,0.0,0.01306444581768163
2019-09-04,0.007022471995470183,7.025630077706069e-17,0.37398109015577835,0.2035754582672793,0.40937900575926073,0.0,0.013064445817681632
2019-09-05,-0.008699785521199623,0.0,0.37398109015577835,0.2035754582672793,0.40937900575926073,0.0,0.013064445817681632
2019-09-06,-0.0017471880696697407,0.0,0.37398109015577835,0.2035754582672793,0.40937900575926073,0.0,0.013064445817681632
2019-09-09,-0.0049815355042985045,0.0,0.37398109015577835,0.2035754582672793,0.40937900575926073,0.0,0.013064445817681632
2019-09-10,-0.007144790802696507,0.0,0.37398109015577835,0.2035754582672793,0.40937900575926073,0.0,0.013064445817681632
2019-09-11,0.004819028947748447,0.0,0.37398109015577835,0.2035754582672793,0.40937900575926073,0.0,0.013064445817681632
2019-09-12,0.0007647275814582175,0.0,0.37398109015577835,0.2035754582672793,0.40937900575926073,0.0,0.013064445817681632
2019-09-13,-0.008005357381287645,0.0,0.37398109015577835,0.2035754582672793,0.40937900575926073,0.0,0.013064445817681632
2019-09-16,0.004915458165544794,0.0,0.37398109015577835,0.2035754582672793,0.40937900575926073,0.0,0.013064445817681632
2019-09-17,0.0028120858510433337,0.005794548980321345,0.3691295985410413,0.2084660524572377,0.4084359483936764,4.142577397713746e-20,0.013968400608044579
2019-09-18,-0.0014394125837932205,0.005753468937438674,0.37351761770382946,0.20335366427613416,0.40980139816832695,2.4350803273122056e-22,0.013327319851709441
2019-09-19,0.0022171736365412765,0.0,0.37351761770382946,0.20335366427613416,0.40980139816832695,2.4350803273122056e-22,0.013327319851709441
2019-09-20,0.0058004237036993036,0.0,0.37351761770382946,0.20335366427613416,0.40980139816832695,2.4350803273122056e-22,0.013327319851709441
2019-09-23,0.0021826595218523374,0.0,0.37351761770382946,0.20335366427613416,0.40980139816832695,2.4350803273122056e-22,0.013327319851709441
2019-09-24,0.00163742439876124,0.0,0.37351761770382946,0.20335366427613416,0.40980139816832695,2.4350803273122056e-22,0.013327319851709441
2019-09-25,-0.008260643765402672,0.0,0.37351761770382946,0.20335366427613416,0.40980139816832695,2.4350803273122056e-22,0.013327319851709441
2019-09-26,0.00044894838753443923,0.0,0.37351761770382946,0.20335366427613416,0.40980139816832695,2.4350803273122056e-22,0.013327319851709441
2019-09-27,-0.0036418769696326936,0.0,0.37351761770382946,0.20335366427613416,0.40980139816832695,2.4350803273122056e-22,0.013327319851709441
2019-09-30,-0.004086959889525982,0.0,0.37351761770382946,0.20335366427613416,0.40980139816832695,2.4350803273122056e-22,0.013327319851709441
2019-10-01,-0.0016322421871791432,0.0,0.37351761770382946,0.20335366427613416,0.40980139816832695,2.4350803273122056e-22,0.013327319851709441
2019-10-02,-0.0014653497162952943,0.012488867211147402,0.3732721602158236,0.20639637072639705,0.3975579884451854,3.9891101577686294e-20,0.022773480612593967
2019-10-03,0.006733758825800861,0.0,0.3732721602158236,0.20639637072639705,0.3975579884451854,3.9891101577686294e-20,0.022773480612593967
2019-10-04,0.006558076528246708,0.0,0.3732721602158236,0.20639637072639705,0.3975579884451854,3.9891101577686294e-20,0.022773480612593967
2019-10-07,-0.006669009148749009,0.0,0.3732721602158236,0.20639637072639705,0.3975579884451854,3.9891101577686294e-20,0.022773480612593967
2019-10-08,-0.0017296514511642301,0.0,0.3732721602158236,0.20639637072639705,0.3975579884451854,3.9891101577686294e-20,0.022773480612593967
2019-10-09,0.00272626323459944,0.0,0.3732721602158236,0.20639637072639705,0.3975579884451854,3.9891101577686294e-20,0.022773480612593967
2019-10-10,-0.004112596322464442,0.0,0.3732721602158236,0.20639637072639705,0.3975579884451854,3.9891101577686294e-20,0.022773480612593967
2019-10-11,-0.0009716159396053457,0.0,0.3732721602158236,0.20639637072639705,0.3975579884451854,3.9891101577686294e-20,0.022773480612593967
2019-10-14,0.0027409608973718354,0.0,0.3732721602158236,0.20639637072639705,0.3975579884451854,3.9891101577686294e-20,0.022773480612593967
2019-10-15,-0.0016382019961958285,0.0,0.3732721602158236,0.20639637072639705,0.3975579884451854,3.9891101577686294e-20,0.022773480612593967
2019-10-16,0.0018700995531654478,0.0,0.3732721602158236,0.20639637072639705,0.3975579884451854,3.9891101577686294e-20,0.022773480612593967
2019-10-17,0.001080533081107794,0.0,0.3732721602158236,0.20639637072639705,0.3975579884451854,3.9891101577686294e-20,0.022773480612593967
2019-10-18,-0.0021434175157476346,0.0,0.3732721602158236,0.20639637072639705,0.3975579884451854,3.9891101577686294e-20,0.022773480612593967
2019-10-21,-0.0009014608208406638,0.0,0.3732721602158236,0.20639637072639705,0.3975579884451854,3.9891101577686294e-20,0.022773480612593967
2019-10-22,0.0012048754490294345,0.0,0.3732721602158236,0.20639637072639705,0.3975579884451854,3.9891101577686294e-20,0.022773480612593967
2019-10-23,0.002220727283056485,0.0,0.3732721602158236,0.20639637072639705,0.3975579884451854,3.9891101577686294e-20,0.022773480612593967
2019-10-24,0.0030929791984134016,0.0,0.3732721602158236,0.20639637072639705,0.3975579884451854,3.9891101577686294e-20,0.022773480612593967
2019-10-25,0.001472852192177575,0.0,0.3732721602158236,0.20639637072639705,0.3975579884451854,3.9891101577686294e-20,0.022773480612593967
2019-10-28,-0.003209488487622888,0.0,0.3732721602158236,0.20639637072639705,0.3975579884451854,3.9891101577686294e-20,0.022773480612593967
2019-10-29,-0.0010862371248746615,0.0,0.3732721602158236,0.20639637072639705,0.3975579884451854,3.9891101577686294e-20,0.022773480612593967
2019-10-30,0.0062968009396306614,0.0,0.3732721602158236,0.20639637072639705,0.3975579884451854,3.9891101577686294e-20,0.022773480612593967
2019-10-31,0.00563340210374217,0.0115389144015395,0.37354958566687824,0.20953498562131012,0.3860190740436459,0.0,0.030896354668165725
2019-11-01,0.0031562323908426,0.0,0.37354958566687824,0.20953498562131012,0.3860190740436459,0.0,0.030896354668165725
2019-11-04,-0.002250951998585625,0.0,0.37354958566687824,0.20953498562131012,0.3860190740436459,0.0,0.030896354668165725
2019-11-05,-0.008899655101863465,0.0,0.37354958566687824,0.20953498562131012,0.3860190740436459,0.0,0.030896354668165725
2019-11-06,0.00300932011796812,0.0,0.37354958566687824,0.20953498562131012,0.3860190740436459,0.0,0.030896354668165725
2019-11-07,-0.008405228504100137,0.0,0.37354958566687824,0.20953498562131012,0.3860190740436459,0.0,0.030896354668165725
2019-11-08,-0.0023481605635176698,0.0,0.37354958566687824,0.20953498562131012,0.3860190740436459,0.0,0.030896354668165725
2019-11-11,-0.0015466272053702803,0.0,0.37354958566687824,0.20953498562131012,0.3860190740436459,0.0,0.030896354668165725
2019-11-12,0.0028377417981307203,0.0,0.37354958566687824,0.20953498562131012,0.3860190740436459,0.0,0.030896354668165725
2019-11-13,0.003014008001166992,0.0,0.37354958566687824,0.20953498562131012,0.3860190740436459,0.0,0.030896354668165725
2019-11-14,0.004307734922683038,0.0,0.37354958566687824,0.20953498562131012,0.3860190740436459,0.0,0.030896354668165725
2019-11-15,0.001431367510790422,0.0,0.37354958566687824,0.20953498562131012,0.3860190740436459,0.0,0.030896354668165725
2019-11-18,0.0017432063210349267,0.0,0.37354958566687824,0.20953498562131012,0.3860190740436459,0.0,0.030896354668165725
2019-11-19,0.0018679245220133913,0.0,0.37354958566687824,0.20953498562131012,0.3860190740436459,0.0,0.030896354668165725
2019-11-20,0.0009738927850652659,0.0,0.37354958566687824,0.20953498562131012,0.3860190740436459,0.0,0.030896354668165725
2019-11-21,-0.003980692804259545,0.0,0.37354958566687824,0.20953498562131012,0.3860190740436459,0.0,0.030896354668165725
2019-11-22,0.000465587434656452,0.0,0.37354958566687824,0.20953498562131012,0.3860190740436459,0.0,0.030896354668165725
2019-11-25,0.0016824298253710836,0.0,0.37354958566687824,0.20953498562131012,0.3860190740436459,0.0,0.030896354668165725
2019-11-26,0.0038949460189680804,0.0,0.37354958566687824,0.20953498562131012,0.3860190740436459,0.0,0.030896354668165725
2019-11-27,-0.0009433305147511408,0.0,0.37354958566687824,0.20953498562131012,0.3860190740436459,0.0,0.030896354668165725
2019-11-29,0.0005282627684687113,0.0,0.37354958566687824,0.20953498562131012,0.3860190740436459,0.0,0.030896354668165725
2019-12-02,-0.006369648893861438,0.01180099010890049,0.3742984970077628,0.21330260641778834,0.37421808393474537,0.0,0.03818081263970342
2019-12-03,0.005504314301974023,0.0,0.3742984970077628,0.21330260641778834,0.37421808393474537,0.0,0.03818081263970342
2019-12-04,-0.0003742694731721514,0.0,0.3742984970077628,0.21330260641778834,0.37421808393474537,0.0,0.03818081263970342
2019-12-05,-0.00023472417604559798,0.0,0.3742984970077628,0.21330260641778834,0.37421808393474537,0.0,0.03818081263970342
2019-12-06,-0.0013337429633247873,0.0,0.3742984970077628,0.21330260641778834,0.37421808393474537,0.0,0.03818081263970342
2019-12-09,-0.0008660449173322528,0.0,0.3742984970077628,0.21330260641778834,0.37421808393474537,0.0,0.03818081263970342
2019-12-10,0.0006160049392622045,0.0,0.3742984970077628,0.21330260641778834,0.37421808393474537,0.0,0.03818081263970342
2019-12-11,0.005173218228997339,0.0,0.3742984970077628,0.21330260641778834,0.37421808393474537,0.0,0.03818081263970342
2019-12-12,-0.0015470261434656816,0.0,0.3742984970077628,0.21330260641778834,0.37421808393474537,0.0,0.03818081263970342
2019-12-13,0.004367628764859108,0.0,0.3742984970077628,0.21330260641778834,0.37421808393474537,0.0,0.03818081263970342
2019-12-16,0.000555447697705597,0.0,0.3742984970077628,0.21330260641778834,0.37421808393474537,0.0,0.03818081263970342
2019-12-17,-0.00022119145646746537,0.0,0.3742984970077628,0.21330260641778834,0.37421808393474537,0.0,0.03818081263970342
2019-12-18,-0.0016296297953638814,0.0,0.3742984970077628,0.21330260641778834,0.37421808393474537,0.0,0.03818081263970342
2019-12-19,0.0028445587857225648,0.0,0.3742984970077628,0.21330260641778834,0.37421808393474537,0.0,0.03818081263970342
2019-12-20,0.0024267658392964474,0.0,0.3742984970077628,0.21330260641778834,0.37421808393474537,0.0,0.03818081263970342
2019-12-23,0.0013928115849120497,0.0,0.3742984970077628,0.21330260641778834,0.37421808393474537,0.0,0.03818081263970342
2019-12-24,0.004150810375747906,0.0,0.3742984970077628,0.21330260641778834,0.37421808393474537,0.0,0.03818081263970342
2019-12-26,0.00538899034508465,0.0,0.3742984970077628,0.21330260641778834,0.37421808393474537,0.0,0.03818081263970342
2019-12-27,-0.00018001428610794502,0.0,0.3742984970077628,0.21330260641778834,0.37421808393474537,0.0,0.03818081263970342
2019-12-30,-0.0021246403996817704,0.0,0.3742984970077628,0.21330260641778834,0.37421808393474537,0.0,0.03818081263970342
2019-12-31,-0.0005741502595792,0.0,0.3742984970077628,0.21330260641778834,0.37421808393474537,0.0,0.03818081263970342
2020-01-02,0.00877789021718834,0.01090736215434502,0.37505029107759474,0.2164331914562132,0.3633107217804004,2.654713776985271e-20,0.04520579568579169
2020-01-03,0.005365691608326154,0.0,0.37505029107759474,0.2164331914562132,0.3633107217804004,2.654713776985271e-20,0.04520579568579169
2020-01-06,0.00390885309427421,0.0,0.37505029107759474,0.2164331914562132,0.3633107217804004,2.654713776985271e-20,0.04520579568579169
2020-01-07,-0.0005325777268600773,0.0,0.37505029107759474,0.2164331914562132,0.3633107217804004,2.654713776985271e-20,0.04520579568579169
2020-01-08,-0.002036061105843979,0.0,0.37505029107759474,0.2164331914562132,0.3633107217804004,2.654713776985271e-20,0.04520579568579169
2020-01-09,0.0013357736817485757,0.0,0.37505029107759474,0.2164331914562132,0.3633107217804004,2.654713776985271e-20,0.04520579568579169
2020-01-10,0.002999931795698591,0.0,0.37505029107759474,0.2164331914562132,0.3633107217804004,2.654713776985271e-20,0.04520579568579169
2020-01-13,-0.0007728067599925839,0.0,0.37505029107759474,0.2164331914562132,0.3633107217804004,2.654713776985271e-20,0.04520579568579169
2020-01-14,0.00023480463643778672,0.0,0.37505029107759474,0.2164331914562132,0.3633107217804004,2.654713776985271e-20,0.04520579568579169
2020-01-15,0.0043335404732199635,0.0,0.37505029107759474,0.2164331914562132,0.3633107217804004,2.654713776985271e-20,0.04520579568579169
2020-01-16,0.0019368775857717194,0.0,0.37505029107759474,0.2164331914562132,0.3633107217804004,2.654713776985271e-20,0.04520579568579169
2020-01-17,0.00014268849596535014,0.0,0.37505029107759474,0.2164331914562132,0.3633107217804004,2.654713776985271e-20,0.04520579568579169
2020-01-21,0.0019016613362366325,0.0,0.37505029107759474,0.2164331914562132,0.3633107217804004,2.654713776985271e-20,0.04520579568579169
2020-01-22,0.0008950530411383269,0.0,0.37505029107759474,0.2164331914562132,0.3633107217804004,2.654713776985271e-20,0.04520579568579169
2020-01-23,0.0028827097295219648,0.0,0.37505029107759474,0.2164331914562132,0.3633107217804004,2.654713776985271e-20,0.04520579568579169
2020-01-24,0.000607674703155692,0.0,0.37505029107759474,0.2164331914562132,0.3633107217804004,2.654713776985271e-20,0.04520579568579169
2020-01-27,-9.714244492198699e-05,0.0,0.37505029107759474,0.2164331914562132,0.3633107217804004,2.654713776985271e-20,0.04520579568579169
2020-01-28,-0.001007910347197117,0.0,0.37505029107759474,0.2164331914562132,0.3633107217804004,2.654713776985271e-20,0.04520579568579169
2020-01-29,0.0038434977129815644,0.0,0.37505029107759474,0.2164331914562132,0.3633107217804004,2.654713776985271e-20,0.04520579568579169
2020-01-30,0.0011349973890067452,0.0,0.37505029107759474,0.2164331914562132,0.3633107217804004,2.654713776985271e-20,0.04520579568579169
2020-01-31,-0.0029180860315855647,0.0,0.37505029107759474,0.2164331914562132,0.3633107217804004,2.654713776985271e-20,0.04520579568579169
2020-02-03,0.0005715584741870259,0.010316993542904912,0.37537116079683697,0.22019297518763564,0.35299372823749553,6.135492453365232e-20,0.051442135778031965
2020-02-04,-0.0017582651042028794,0.0,0.37537116079683697,0.22019297518763564,0.35299372823749553,6.135492453365232e-20,0.051442135778031965
2020-02-05,0.0025552448354881677,0.0,0.37537116079683697,0.22019297518763564,0.35299372823749553,6.135492453365232e-20,0.051442135778031965
2020-02-06,0.004254481796051022,0.0,0.37537116079683697,0.22019297518763564,0.35299372823749553,6.135492453365232e-20,0.051442135778031965
2020-02-07,0.0017970292229673589,0.0,0.37537116079683697,0.22019297518763564,0.35299372823749553,6.135492453365232e-20,0.051442135778031965
2020-02-10,0.004396876394932161,0.0,0.37537116079683697,0.22019297518763564,0.35299372823749553,6.135492453365232e-20,0.051442135778031965
2020-02-11,-0.0017320462021736182,0.0,0.37537116079683697,0.22019297518763564,0.35299372823749553,6.135492453365232e-20,0.051442135778031965
2020-02-12,0.0011509258180844107,0.0,0.37537116079683697,0.22019297518763564,0.35299372823749553,6.135492453365232e-20,0.051442135778031965
2020-02-13,0.0025117426469395488,0.0,0.37537116079683697,0.22019297518763564,0.35299372823749553,6.135492453365232e-20,0.051442135778031965
2020-02-14,0.003021123151533199,0.0,0.37537116079683697,0.22019297518763564,0.35299372823749553,6.135492453365232e-20,0.051442135778031965
2020-02-18,0.0052578888224939415,0.0,0.37537116079683697,0.22019297518763564,0.35299372823749553,6.135492453365232e-20,0.051442135778031965
2020-02-19,0.003933721987480548,0.0,0.37537116079683697,0.22019297518763564,0.35299372823749553,6.135492453365232e-20,0.051442135778031965
2020-02-20,0.0017776384138018528,0.0,0.37537116079683697,0.22019297518763564,0.35299372823749553,6.135492453365232e-20,0.051442135778031965
2020-02-21,0.0031898102436068443,0.0,0.37537116079683697,0.22019297518763564,0.35299372823749553,6.135492453365232e-20,0.051442135778031965
2020-02-24,-0.005971228977403833,0.0,0.37537116079683697,0.22019297518763564,0.35299372823749553,6.135492453365232e-20,0.051442135778031965
2020-02-25,-0.01662245710725408,0.0013389562549256488,0.3741338780694348,0.22105242753120408,0.352892054709972,7.043414771482435e-21,0.051921639689389135
2020-02-26,-0.0009631016543925451,0.0007418426625803651,0.37467075869464694,0.2203105848686237,0.35307127878285705,9.418749912026481e-21,0.051947377653872306
2020-02-27,-0.014678720297740672,0.0,0.37467075869464694,0.2203105848686237,0.35307127878285705,9.418749912026481e-21,0.051947377653872306
2020-02-28,0.00188321631397371,0.3661790546319751,0.1748340663842248,0.5348327152810718,0.20870888772365093,0.051656924219527084,0.029967406391525564
2020-03-02,0.007135901277620495,0.007748430657066631,0.17271588791060954,0.541012119799358,0.20541519583482262,0.0532259503583074,0.027630846096902424
2020-03-03,0.00972851485768558,0.01273315218760571,0.16931751772841663,0.5511680134843158,0.2000044788863899,0.05580320886095543,0.02370678103992241
2020-03-04,0.0016631719613768746,0.021155148527864404,0.16698660964769133,0.5367802806296998,0.19907755171710206,0.05229362843772002,0.04486192956778675
2020-03-05,0.010445080606710403,0.0,0.16698660964769133,0.5367802806296998,0.19907755171710206,0.05229362843772002,0.04486192956778675
2020-03-06,0.02020514960757636,0.0,0.16698660964769133,0.5367802806296998,0.19907755171710206,0.05229362843772002,0.04486192956778675
2020-03-09,-0.011884024224471067,0.0,0.16698660964769133,0.5367802806296998,0.19907755171710206,0.05229362843772002,0.04486192956778675
2020-03-10,-0.016637987076923044,0.0,0.16698660964769133,0.5367802806296998,0.19907755171710206,0.05229362843772002,0.04486192956778675
2020-03-11,-0.030699189767957713,0.0,0.16698660964769133,0.5367802806296998,0.19907755171710206,0.05229362843772002,0.04486192956778675
2020-03-12,-0.023125290162497047,0.0,0.16698660964769133,0.5367802806296998,0.19907755171710206,0.05229362843772002,0.04486192956778675
2020-03-13,0.0011223131203107473,0.0,0.16698660964769133,0.5367802806296998,0.19907755171710206,0.05229362843772002,0.04486192956778675
2020-03-16,0.005937966826045228,0.0,0.16698660964769133,0.5367802806296998,0.19907755171710206,0.05229362843772002,0.04486192956778675
2020-03-17,-0.026224685127166535,0.0,0.16698660964769133,0.5367802806296998,0.19907755171710206,0.05229362843772002,0.04486192956778675
2020-03-18,-0.0511799239915437,0.0,0.16698660964769133,0.5367802806296998,0.19907755171710206,0.05229362843772002,0.04486192956778675
2020-03-19,0.019595761735037753,0.0,0.16698660964769133,0.5367802806296998,0.19907755171710206,0.05229362843772002,0.04486192956778675
2020-03-20,0.03183734176385887,0.0,0.16698660964769133,0.5367802806296998,0.19907755171710206,0.05229362843772002,0.04486192956778675
2020-03-23,0.02594701471108431,0.0,0.16698660964769133,0.5367802806296998,0.19907755171710206,0.05229362843772002,0.04486192956778675
2020-03-24,0.015357030461276094,0.0,0.16698660964769133,0.5367802806296998,0.19907755171710206,0.05229362843772002,0.04486192956778675
2020-03-25,-0.0008162727919109093,0.0,0.16698660964769133,0.5367802806296998,0.19907755171710206,0.05229362843772002,0.04486192956778675
2020-03-26,0.011650801008656193,0.0,0.16698660964769133,0.5367802806296998,0.19907755171710206,0.05229362843772002,0.04486192956778675
2020-03-27,0.00380440613364302,0.0,0.16698660964769133,0.5367802806296998,0.19907755171710206,0.05229362843772002,0.04486192956778675
2020-03-30,-0.0007244841929733604,0.0,0.16698660964769133,0.5367802806296998,0.19907755171710206,0.05229362843772002,0.04486192956778675
2020-03-31,-0.013466539539441415,0.0,0.16698660964769133,0.5367802806296998,0.19907755171710206,0.05229362843772002,0.04486192956778675
2020-04-01,0.004283473933662125,0.0,0.16698660964769133,0.5367802806296998,0.19907755171710206,0.05229362843772002,0.04486192956778675
2020-04-02,0.017955023141832498,0.032110090836842825,0.16540444797809223,0.5154180860010821,0.1989661516018534,0.04323929401434274,0.0769720204046296
2020-04-03,0.006928307428597133,0.0,0.16540444797809223,0.5154180860010821,0.1989661516018534,0.04323929401434274,0.0769720204046296
2020-04-06,0.012227261721537463,0.0,0.16540444797809223,0.5154180860010821,0.1989661516018534,0.04323929401434274,0.0769720204046296
2020-04-07,-0.010076291147245387,0.0,0.16540444797809223,0.5154180860010821,0.1989661516018534,0.04323929401434274,0.0769720204046296
2020-04-08,0.0026928085847654254,0.0,0.16540444797809223,0.5154180860010821,0.1989661516018534,0.04323929401434274,0.0769720204046296
2020-04-09,0.004943679613930605,0.0,0.16540444797809223,0.5154180860010821,0.1989661516018534,0.04323929401434274,0.0769720204046296
2020-04-13,-0.0033535010627984284,0.0,0.16540444797809223,0.5154180860010821,0.1989661516018534,0.04323929401434274,0.0769720204046296
2020-04-14,0.0035208622029320605,0.0,0.16540444797809223,0.5154180860010821,0.1989661516018534,0.04323929401434274,0.0769720204046296
2020-04-15,0.007564162707480232,0.0,0.16540444797809223,0.5154180860010821,0.1989661516018534,0.04323929401434274,0.0769720204046296
2020-04-16,0.006138781198100222,0.0,0.16540444797809223,0.5154180860010821,0.1989661516018534,0.04323929401434274,0.0769720204046296
2020-04-17,-0.007990494574240857,0.0,0.16540444797809223,0.5154180860010821,0.1989661516018534,0.04323929401434274,0.0769720204046296
2020-04-20,-0.0018176420272473918,0.0,0.16540444797809223,0.5154180860010821,0.1989661516018534,0.04323929401434274,0.0769720204046296
2020-04-21,-0.010615107108663853,0.0,0.16540444797809223,0.5154180860010821,0.1989661516018534,0.04323929401434274,0.0769720204046296
2020-04-22,-0.002070508956105119,0.0,0.16540444797809223,0.5154180860010821,0.1989661516018534,0.04323929401434274,0.0769720204046296
2020-04-23,0.006972551431092551,0.0,0.16540444797809223,0.5154180860010821,0.1989661516018534,0.04323929401434274,0.0769720204046296
2020-04-24,0.0013461959738709224,0.0,0.16540444797809223,0.5154180860010821,0.1989661516018534,0.04323929401434274,0.0769720204046296
2020-04-27,-0.015121635035203779,0.0,0.16540444797809223,0.5154180860010821,0.1989661516018534,0.04323929401434274,0.0769720204046296
2020-04-28,0.003015962554691483,0.0,0.16540444797809223,0.5154180860010821,0.1989661516018534,0.04323929401434274,0.0769720204046296
2020-04-29,0.00487978067536845,0.0,0.16540444797809223,0.5154180860010821,0.1989661516018534,0.04323929401434274,0.0769720204046296
2020-04-30,-0.008958128444224514,0.0,0.16540444797809223,0.5154180860010821,0.1989661516018534,0.04323929401434274,0.0769720204046296
2020-05-01,0.0007610085522255085,0.0,0.16540444797809223,0.5154180860010821,0.1989661516018534,0.04323929401434274,0.0769720204046296
2020-05-04,0.0007439565654086063,0.03341990799700673,0.167490611403527,0.4946980790273149,0.20169738050654254,0.030539392991103233,0.10557453607151246
2020-05-05,0.002171326371702085,0.0,0.167490611403527,0.4946980790273149,0.20169738050654254,0.030539392991103233,0.10557453607151246
2020-05-06,-0.012138977285641162,0.0,0.167490611403527,0.4946980790273149,0.20169738050654254,0.030539392991103233,0.10557453607151246
2020-05-07,0.012513797428454283,0.0,0.167490611403527,0.4946980790273149,0.20169738050654254,0.030539392991103233,0.10557453607151246
2020-05-08,-0.0034198034623804828,0.0,0.167490611403527,0.4946980790273149,0.20169738050654254,0.030539392991103233,0.10557453607151246
2020-05-11,-0.0051207054698934,0.0,0.167490611403527,0.4946980790273149,0.20169738050654254,0.030539392991103233,0.10557453607151246
2020-05-12,0.002040900805232387,0.0,0.167490611403527,0.4946980790273149,0.20169738050654254,0.030539392991103233,0.10557453607151246
2020-05-13,0.0020957758736016643,0.0,0.167490611403527,0.4946980790273149,0.20169738050654254,0.030539392991103233,0.10557453607151246
2020-05-14,0.010008016992244535,0.0,0.167490611403527,0.4946980790273149,0.20169738050654254,0.030539392991103233,0.10557453607151246
2020-05-15,0.0020519585967660723,0.0,0.167490611403527,0.4946980790273149,0.20169738050654254,0.030539392991103233,0.10557453607151246
2020-05-18,-0.0055205016626772956,0.0,0.167490611403527,0.4946980790273149,0.20169738050654254,0.030539392991103233,0.10557453607151246
2020-05-19,0.002161953096710397,0.0,0.167490611403527,0.4946980790273149,0.20169738050654254,0.030539392991103233,0.10557453607151246
2020-05-20,0.005577155695568182,0.0,0.167490611403527,0.4946980790273149,0.20169738050654254,0.030539392991103233,0.10557453607151246
2020-05-21,-0.0011064040459734799,0.0,0.167490611403527,0.4946980790273149,0.20169738050654254,0.030539392991103233,0.10557453607151246
2020-05-22,0.0036189189843820364,0.0,0.167490611403527,0.4946980790273149,0.20169738050654254,0.030539392991103233,0.10557453607151246
2020-05-26,-0.008112090909355898,0.0,0.167490611403527,0.4946980790273149,0.20169738050654254,0.030539392991103233,0.10557453607151246
2020-05-27,0.0011219725587279937,0.0,0.167490611403527,0.4946980790273149,0.20169738050654254,0.030539392991103233,0.10557453607151246
2020-05-28,-0.001968980054072503,0.0,0.167490611403527,0.4946980790273149,0.20169738050654254,0.030539392991103233,0.10557453607151246
2020-05-29,0.006641784899594081,0.0,0.167490611403527,0.4946980790273149,0.20169738050654254,0.030539392991103233,0.10557453607151246
2020-06-01,-0.001919096378861104,0.0,0.167490611403527,0.4946980790273149,0.20169738050654254,0.030539392991103233,0.10557453607151246
2020-06-02,-0.0008478343405834566,0.0,0.167490611403527,0.4946980790273149,0.20169738050654254,0.030539392991103233,0.10557453607151246
2020-06-03,-0.008587678214833793,0.028080802592809602,0.16889462290198273,0.47587870087791145,0.20367386253346947,0.021277968547697087,0.13027484513893942
2020-06-04,-0.0053879627473013185,0.0,0.16889462290198273,0.47587870087791145,0.20367386253346947,0.021277968547697087,0.13027484513893942
2020-06-05,-0.0018817158745570782,0.0,0.16889462290198273,0.47587870087791145,0.20367386253346947,0.021277968547697087,0.13027484513893942
2020-06-08,0.0053582855972304265,0.0,0.16889462290198273,0.47587870087791145,0.20367386253346947,0.021277968547697087,0.13027484513893942
2020-06-09,0.005748553031427848,0.0,0.16889462290198273,0.47587870087791145,0.20367386253346947,0.021277968547697087,0.13027484513893942
2020-06-10,0.008388738312354255,0.0,0.16889462290198273,0.47587870087791145,0.20367386253346947,0.021277968547697087,0.13027484513893942
2020-06-11,-0.002454095453956478,0.0,0.16889462290198273,0.47587870087791145,0.20367386253346947,0.021277968547697087,0.13027484513893942
2020-06-12,-0.0018723355767258374,0.0,0.16889462290198273,0.47587870087791145,0.20367386253346947,0.021277968547697087,0.13027484513893942
2020-06-15,0.0013744219072923543,0.0,0.16889462290198273,0.47587870087791145,0.20367386253346947,0.021277968547697087,0.13027484513893942
2020-06-16,-0.0032274189158358075,0.0,0.16889462290198273,0.47587870087791145,0.20367386253346947,0.021277968547697087,0.13027484513893942
2020-06-17,0.0014743022008348614,0.0,0.16889462290198273,0.47587870087791145,0.20367386253346947,0.021277968547697087,0.13027484513893942
2020-06-18,0.005674510523219634,0.0,0.16889462290198273,0.47587870087791145,0.20367386253346947,0.021277968547697087,0.13027484513893942
2020-06-19,0.002070965560172489,0.0,0.16889462290198273,0.47587870087791145,0.20367386253346947,0.021277968547697087,0.13027484513893942
2020-06-22,0.002332050968128933,0.0,0.16889462290198273,0.47587870087791145,0.20367386253346947,0.021277968547697087,0.13027484513893942
2020-06-23,-0.0013976366788212868,0.0,0.16889462290198273,0.47587870087791145,0.20367386253346947,0.021277968547697087,0.13027484513893942
2020-06-24,-0.0004055172744462489,0.0,0.16889462290198273,0.47587870087791145,0.20367386253346947,0.021277968547697087,0.13027484513893942
2020-06-25,0.003797446675509764,0.0,0.16889462290198273,0.47587870087791145,0.20367386253346947,0.021277968547697087,0.13027484513893942
2020-06-26,0.0017470171352345228,0.0,0.16889462290198273,0.47587870087791145,0.20367386253346947,0.021277968547697087,0.13027484513893942
2020-06-29,0.0018523455459554072,0.0,0.16889462290198273,0.47587870087791145,0.20367386253346947,0.021277968547697087,0.13027484513893942
2020-06-30,0.00040082802540625196,0.0,0.16889462290198273,0.47587870087791145,0.20367386253346947,0.021277968547697087,0.13027484513893942
2020-07-01,-0.0007307371552777545,0.0,0.16889462290198273,0.47587870087791145,0.20367386253346947,0.021277968547697087,0.13027484513893942
2020-07-02,0.0017942414487882629,0.5227474163667079,0.14330387596088334,0.0,0.2520598532628563,0.0,0.6046362707762604
2020-07-06,0.0005006716586793644,0.0,0.14330387596088334,0.0,0.2520598532628563,0.0,0.6046362707762604
2020-07-07,0.0015004529356622942,0.0,0.14330387596088334,0.0,0.2520598532628563,0.0,0.6046362707762604
2020-07-08,-0.0005690744353987836,0.0,0.14330387596088334,0.0,0.2520598532628563,0.0,0.6046362707762604
2020-07-09,0.00059061543023663,0.0,0.14330387596088334,0.0,0.2520598532628563,0.0,0.6046362707762604
2020-07-10,-0.00011545695614930947,0.0,0.14330387596088334,0.0,0.2520598532628563,0.0,0.6046362707762604
2020-07-13,-0.0018543984885406473,0.0,0.14330387596088334,0.0,0.2520598532628563,0.0,0.6046362707762604
2020-07-14,0.001872994421628227,0.0,0.14330387596088334,0.0,0.2520598532628563,0.0,0.6046362707762604
2020-07-15,-8.791784586394081e-05,0.0,0.14330387596088334,0.0,0.2520598532628563,0.0,0.6046362707762604
2020-07-16,-0.0007572963621793999,0.0,0.14330387596088334,0.0,0.2520598532628563,0.0,0.6046362707762604
2020-07-17,-6.222903905518445e-05,0.0,0.14330387596088334,0.0,0.2520598532628563,0.0,0.6046362707762604
2020-07-20,0.001440375041981017,0.0,0.14330387596088334,0.0,0.2520598532628563,0.0,0.6046362707762604
2020-07-21,-0.0003942330098392478,0.0,0.14330387596088334,0.0,0.2520598532628563,0.0,0.6046362707762604
2020-07-22,0.003002582477188846,0.0,0.14330387596088334,0.0,0.2520598532628563,0.0,0.6046362707762604
2020-07-23,-0.0006634516667301675,0.0,0.14330387596088334,0.0,0.2520598532628563,0.0,0.6046362707762604
2020-07-24,-0.0013575373156409648,0.0,0.14330387596088334,0.0,0.2520598532628563,0.0,0.6046362707762604
2020-07-27,0.00151902985093395,0.0,0.14330387596088334,0.0,0.2520598532628563,0.0,0.6046362707762604
2020-07-28,0.0021491031757897303,0.0,0.14330387596088334,0.0,0.2520598532628563,0.0,0.6046362707762604
2020-07-29,0.0007932468881297005,0.0,0.14330387596088334,0.0,0.2520598532628563,0.0,0.6046362707762604
2020-07-30,-0.004773009078368306,0.0,0.14330387596088334,0.0,0.2520598532628563,0.0,0.6046362707762604
2020-07-31,0.007032143004593042,0.0,0.14330387596088334,0.0,0.2520598532628563,0.0,0.6046362707762604
2020-08-03,0.0012787617139686104,0.003376371177122972,0.1423247301559154,9.92870739763795e-20,0.25543622443997926,0.0,0.6022390454041053
2020-08-04,0.0038407881073209615,0.0,0.1423247301559154,9.92870739763795e-20,0.25543622443997926,0.0,0.6022390454041053
2020-08-05,0.0006253026330746703,0.0,0.1423247301559154,9.92870739763795e-20,0.25543622443997926,0.0,0.6022390454041053
2020-08-06,0.004342053725620941,0.0,0.1423247301559154,9.92870739763795e-20,0.25543622443997926,0.0,0.6022390454041053
2020-08-07,-0.00035353553431931957,0.0,0.1423247301559154,9.92870739763795e-20,0.25543622443997926,0.0,0.6022390454041053
2020-08-10,0.0004966351560766494,0.0,0.1423247301559154,9.92870739763795e-20,0.25543622443997926,0.0,0.6022390454041053
2020-08-11,-0.013937010048832252,0.0,0.1423247301559154,9.92870739763795e-20,0.25543622443997926,0.0,0.6022390454041053
2020-08-12,-0.001111701963738862,0.0,0.1423247301559154,9.92870739763795e-20,0.25543622443997926,0.0,0.6022390454041053
2020-08-13,0.005536934776279725,0.0,0.1423247301559154,9.92870739763795e-20,0.25543622443997926,0.0,0.6022390454041053
2020-08-14,-0.0020515849092920236,0.0,0.1423247301559154,9.92870739763795e-20,0.25543622443997926,0.0,0.6022390454041053
2020-08-17,0.003362585445451081,0.0,0.1423247301559154,9.92870739763795e-20,0.25543622443997926,0.0,0.6022390454041053
2020-08-18,-0.0007547526667108957,0.0,0.1423247301559154,9.92870739763795e-20,0.25543622443997926,0.0,0.6022390454041053
2020-08-19,-0.0038240497243292714,0.0,0.1423247301559154,9.92870739763795e-20,0.25543622443997926,0.0,0.6022390454041053
2020-08-20,0.0005316121021972295,0.0,0.1423247301559154,9.92870739763795e-20,0.25543622443997926,0.0,0.6022390454041053
2020-08-21,0.0013424811865585227,0.0,0.1423247301559154,9.92870739763795e-20,0.25543622443997926,0.0,0.6022390454041053
2020-08-24,0.0009534468588595442,0.0,0.1423247301559154,9.92870739763795e-20,0.25543622443997926,0.0,0.6022390454041053
2020-08-25,-0.0013405739199086244,0.0,0.1423247301559154,9.92870739763795e-20,0.25543622443997926,0.0,0.6022390454041053
2020-08-26,0.003724408084041375,0.0,0.1423247301559154,9.92870739763795e-20,0.25543622443997926,0.0,0.6022390454041053
2020-08-27,-0.0019224274711801721,0.0,0.1423247301559154,9.92870739763795e-20,0.25543622443997926,0.0,0.6022390454041053
2020-08-28,0.000565849710655428,0.0,0.1423247301559154,9.92870739763795e-20,0.25543622443997926,0.0,0.6022390454041053
2020-08-31,-0.0006306403827493173,0.0,0.1423247301559154,9.92870739763795e-20,0.25543622443997926,0.0,0.6022390454041053
2020-09-01,0.0028484923557160913,0.002759312783460352,0.14190870672340503,0.0,0.25819553722343963,1.275976399998444e-19,0.5998957560531554
2020-09-02,0.0008259883116853786,0.0,0.14190870672340503,0.0,0.25819553722343963,1.275976399998444e-19,0.5998957560531554
2020-09-03,-0.006736670500801853,0.0,0.14190870672340503,0.0,0.25819553722343963,1.275976399998444e-19,0.5998957560531554
2020-09-04,0.0005120373537554604,0.0,0.14190870672340503,0.0,0.25819553722343963,1.275976399998444e-19,0.5998957560531554
2020-09-08,-0.0012666465218631124,0.0,0.14190870672340503,0.0,0.25819553722343963,1.275976399998444e-19,0.5998957560531554
2020-09-09,0.004357542106378227,0.0,0.14190870672340503,0.0,0.25819553722343963,1.275976399998444e-19,0.5998957560531554
2020-09-10,-0.0021050852684049237,0.0,0.14190870672340503,0.0,0.25819553722343963,1.275976399998444e-19,0.5998957560531554
2020-09-11,-0.0011307218429545355,0.0,0.14190870672340503,0.0,0.25819553722343963,1.275976399998444e-19,0.5998957560531554
2020-09-14,0.0024775150599573303,0.0,0.14190870672340503,0.0,0.25819553722343963,1.275976399998444e-19,0.5998957560531554
2020-09-15,0.0005767363352688609,0.0,0.14190870672340503,0.0,0.25819553722343963,1.275976399998444e-19,0.5998957560531554
2020-09-16,0.0008846273303305492,0.0,0.14190870672340503,0.0,0.25819553722343963,1.275976399998444e-19,0.5998957560531554
2020-09-17,-0.0048107648859176165,0.0,0.14190870672340503,0.0,0.25819553722343963,1.275976399998444e-19,0.5998957560531554
2020-09-18,-0.0005774508730599745,0.0,0.14190870672340503,0.0,0.25819553722343963,1.275976399998444e-19,0.5998957560531554
2020-09-21,-0.00246539210050994,0.0,0.14190870672340503,0.0,0.25819553722343963,1.275976399998444e-19,0.5998957560531554
2020-09-22,0.002328646356734896,0.0,0.14190870672340503,0.0,0.25819553722343963,1.275976399998444e-19,0.5998957560531554
2020-09-23,-0.0055604641380105424,0.0,0.14190870672340503,0.0,0.25819553722343963,1.275976399998444e-19,0.5998957560531554
2020-09-24,0.0003981593992408585,0.0,0.14190870672340503,0.0,0.25819553722343963,1.275976399998444e-19,0.5998957560531554
2020-09-25,0.00320800103201012,0.00037272938546629997,0.1421041666870298,0.0,0.25837280664528117,9.057268841558538e-20,0.5995230266676891
2020-09-28,0.003092951792589863,0.0007073181588960337,0.14228503514151145,9.337869648309722e-20,0.2588992563496956,9.699548045306434e-20,0.5988157085087931
2020-09-29,-0.001413030598515281,0.0,0.14228503514151145,9.337869648309722e-20,0.2588992563496956,9.699548045306434e-20,0.5988157085087931
2020-09-30,-0.00047739303933518496,0.0003994389454866494,0.14234384062697636,0.0,0.2592398898097173,0.0,0.5984162695633064
2020-10-01,0.0022915381166388484,0.0012624953950940987,0.14185741259188706,0.0,0.2605023852048114,1.736004360899606e-19,0.5976402022033016
2020-10-02,-0.00016666698398457307,0.0005748824755310719,0.14202951795063143,1.3222507676243862e-19,0.2609051623215981,0.0,0.5970653197277705
2020-10-05,0.0011871794789547422,0.0010722360780796305,0.14170895944473258,5.129268560892807e-19,0.2601534847494173,0.0,0.5981375558058502
2020-10-06,-0.0034062993654552613,0.0006732243002283563,0.14150866258359218,8.098143632362911e-19,0.2596805573103293,0.0,0.5988107801060785
2020-10-07,0.0016404333762490698,0.0006115840691126311,0.14169058919514205,0.0,0.26011021476789215,6.02443887654896e-20,0.5981991960369659
2020-10-08,0.001950108814276031,0.0010845488007654724,0.14201472901183265,3.0830898919314363e-20,0.260870623751967,6.791526210071541e-20,0.5971146472362004
2020-10-09,0.002762110940763923,0.014036686594816494,0.1463901116443776,0.0,0.27053192771423856,5.877525764131056e-20,0.583077960641384
2020-10-12,0.005467126737664141,0.4644259127893714,0.351484421103996,0.24364109865810488,0.28622243238588657,8.089671318915497e-20,0.1186520478520125
2020-10-13,-0.00441147581170837,0.0154766359677714,0.3611746996440608,0.24942745608581146,0.28414546397489066,1.2752314285895819e-19,0.10525238029523697
2020-10-14,-0.0010695007179169903,9.71445146547012e-17,0.36117469964406085,0.24942745608581152,0.2841454639748907,1.275231428589582e-19,0.105252380295237
2020-10-15,0.0006601305025511427,9.71445146547012e-17,0.3611746996440608,0.24942745608581146,0.28414546397489066,1.2752314285895819e-19,0.10525238029523697
2020-10-16,-0.002021001556779891,9.71445146547012e-17,0.36117469964406085,0.24942745608581152,0.2841454639748907,1.275231428589582e-19,0.105252380295237
2020-10-19,-0.006623356518513824,9.71445146547012e-17,0.3611746996440608,0.24942745608581146,0.28414546397489066,1.2752314285895819e-19,0.10525238029523697
2020-10-20,0.00010879841478652697,9.71445146547012e-17,0.36117469964406085,0.24942745608581152,0.2841454639748907,1.275231428589582e-19,0.105252380295237
2020-10-21,5.053103553645608e-05,9.71445146547012e-17,0.3611746996440608,0.24942745608581146,0.28414546397489066,1.2752314285895819e-19,0.10525238029523697
2020-10-22,-0.002975998322687614,9.71445146547012e-17,0.36117469964406085,0.24942745608581152,0.2841454639748907,1.275231428589582e-19,0.105252380295237
2020-10-23,0.0021974285123767708,9.71445146547012e-17,0.3611746996440608,0.24942745608581146,0.28414546397489066,1.2752314285895819e-19,0.10525238029523697
2020-10-26,-0.004119013308837578,9.71445146547012e-17,0.36117469964406085,0.24942745608581152,0.2841454639748907,1.275231428589582e-19,0.105252380295237
2020-10-27,0.000967108562535936,9.71445146547012e-17,0.3611746996440608,0.24942745608581146,0.28414546397489066,1.2752314285895819e-19,0.10525238029523697
2020-10-28,-0.01602708947882112,9.71445146547012e-17,0.36117469964406085,0.24942745608581152,0.2841454639748907,1.275231428589582e-19,0.105252380295237
2020-10-29,0.0004903186636162717,0.0027897065088988565,0.3593868053199765,0.24842564390099697,0.28426390040610716,5.439157566329305e-20,0.10792365037291939
2020-10-30,-0.004834470644098275,0.008702621538193914,0.3580336366336695,0.25315235124056823,0.27691444755422023,0.0,0.111899564571542
2020-11-02,0.008729126224089553,0.0,0.3580336366336695,0.25315235124056823,0.27691444755422023,0.0,0.111899564571542
2020-11-03,0.0058078432643920656,0.0,0.3580336366336695,0.25315235124056823,0.27691444755422023,0.0,0.111899564571542
2020-11-04,0.013161327564718543,0.0,0.3580336366336695,0.25315235124056823,0.27691444755422023,0.0,0.111899564571542
2020-11-05,0.012722227368921559,0.0,0.3580336366336695,0.25315235124056823,0.27691444755422023,0.0,0.111899564571542
2020-11-06,-0.0031503768284352027,0.0,0.3580336366336695,0.25315235124056823,0.27691444755422023,0.0,0.111899564571542
2020-11-09,-0.012361026840007564,0.0,0.3580336366336695,0.25315235124056823,0.27691444755422023,0.0,0.111899564571542
2020-11-10,-0.0007221722398952479,0.09434723703719847,0.3019771867236161,0.2148615641134232,0.28975229318719253,2.0151356428171595e-19,0.1934089559757682
2020-11-11,0.0025112678964967893,0.09426819334716115,0.3583271572201554,0.2527797869640451,0.276723208069097,0.0,0.1121698477467026
2020-11-12,0.0025028323298778715,9.71445146547012e-17,0.35832715722015535,0.252779786964045,0.27672320806909695,0.0,0.11216984774670258
2020-11-13,0.00628925641280817,9.71445146547012e-17,0.3583271572201554,0.2527797869640451,0.276723208069097,0.0,0.1121698477467026
2020-11-16,0.003580867484539399,9.71445146547012e-17,0.35832715722015535,0.252779786964045,0.27672320806909695,0.0,0.11216984774670258
2020-11-17,-0.0014720406520707708,9.71445146547012e-17,0.3583271572201554,0.2527797869640451,0.276723208069097,0.0,0.1121698477467026
2020-11-18,-0.0051186646062172745,9.71445146547012e-17,0.35832715722015535,0.252779786964045,0.27672320806909695,0.0,0.11216984774670258
2020-11-19,0.0021096014825998624,9.71445146547012e-17,0.3583271572201554,0.2527797869640451,0.276723208069097,0.0,0.1121698477467026
2020-11-20,0.0007610718112754102,9.71445146547012e-17,0.35832715722015535,0.252779786964045,0.27672320806909695,0.0,0.11216984774670258
2020-11-23,-0.004280144560600917,9.71445146547012e-17,0.3583271572201554,0.2527797869640451,0.276723208069097,0.0,0.1121698477467026
2020-11-24,-0.0015222969241571855,9.71445146547012e-17,0.35832715722015535,0.252779786964045,0.27672320806909695,0.0,0.11216984774670258
2020-11-25,-0.00164187263139285,9.71445146547012e-17,0.3583271572201554,0.2527797869640451,0.276723208069097,0.0,0.1121698477467026
2020-11-27,0.00041728185313952715,9.71445146547012e-17,0.35832715722015535,0.252779786964045,0.27672320806909695,0.0,0.11216984774670258
2020-11-30,-0.0034772707087513573,9.71445146547012e-17,0.3583271572201554,0.2527797869640451,0.276723208069097,0.0,0.1121698477467026
2020-12-01,0.00474551811494494,0.009024293507628761,0.3570929700173906,0.25662181461272215,0.268933101764233,1.0185268066474593e-20,0.11735211360565426
2020-12-02,0.0005941009918073959,0.0,0.3570929700173906,0.25662181461272215,0.268933101764233,1.0185268066474593e-20,0.11735211360565426
2020-12-03,0.0034686234048970717,0.0,0.3570929700173906,0.25662181461272215,0.268933101764233,1.0185268066474593e-20,0.11735211360565426
2020-12-04,-0.0013048109301360277,0.0,0.3570929700173906,0.25662181461272215,0.268933101764233,1.0185268066474593e-20,0.11735211360565426
2020-12-07,0.005783901413251845,0.0,0.3570929700173906,0.25662181461272215,0.268933101764233,1.0185268066474593e-20,0.11735211360565426
2020-12-08,0.0033391495451309343,0.0,0.3570929700173906,0.25662181461272215,0.268933101764233,1.0185268066474593e-20,0.11735211360565426
2020-12-09,-0.008600129543451924,0.0,0.3570929700173906,0.25662181461272215,0.268933101764233,1.0185268066474593e-20,0.11735211360565426
2020-12-10,0.0013087906404206468,0.0,0.3570929700173906,0.25662181461272215,0.268933101764233,1.0185268066474593e-20,0.11735211360565426
2020-12-11,0.0012770265798313668,0.0,0.3570929700173906,0.25662181461272215,0.268933101764233,1.0185268066474593e-20,0.11735211360565426
2020-12-14,-0.004125787804005847,0.0,0.3570929700173906,0.25662181461272215,0.268933101764233,1.0185268066474593e-20,0.11735211360565426
2020-12-15,0.007347591745233112,0.0,0.3570929700173906,0.25662181461272215,0.268933101764233,1.0185268066474593e-20,0.11735211360565426
2020-12-16,0.001217211336093703,0.0,0.3570929700173906,0.25662181461272215,0.268933101764233,1.0185268066474593e-20,0.11735211360565426
2020-12-17,0.0035207472155839737,0.0,0.3570929700173906,0.25662181461272215,0.268933101764233,1.0185268066474593e-20,0.11735211360565426
2020-12-18,-0.0025061799218429543,0.0,0.3570929700173906,0.25662181461272215,0.268933101764233,1.0185268066474593e-20,0.11735211360565426
2020-12-21,-0.0008706595429409636,0.0,0.3570929700173906,0.25662181461272215,0.268933101764233,1.0185268066474593e-20,0.11735211360565426
2020-12-22,-0.0007753476264633452,0.0,0.3570929700173906,0.25662181461272215,0.268933101764233,1.0185268066474593e-20,0.11735211360565426
2020-12-23,-0.00019241968932082144,0.0,0.3570929700173906,0.25662181461272215,0.268933101764233,1.0185268066474593e-20,0.11735211360565426
2020-12-24,0.003572808545913306,0.0,0.3570929700173906,0.25662181461272215,0.268933101764233,1.0185268066474593e-20,0.11735211360565426
2020-12-28,0.0022059826153477415,0.0,0.3570929700173906,0.25662181461272215,0.268933101764233,1.0185268066474593e-20,0.11735211360565426
2020-12-29,-0.00041329664087891266,0.0,0.3570929700173906,0.25662181461272215,0.268933101764233,1.0185268066474593e-20,0.11735211360565426
2020-12-30,0.002639866548732914,0.0,0.3570929700173906,0.25662181461272215,0.268933101764233,1.0185268066474593e-20,0.11735211360565426
2020-12-31,0.0035148044010861255,0.008071964468850994,0.355768247829615,0.25979184242897335,0.2621858594831576,5.314421812240077e-20,0.12225405025825405
2021-01-04,0.0007803877097185934,0.0,0.355768247829615,0.25979184242897335,0.2621858594831576,5.314421812240077e-20,0.12225405025825405
2021-01-05,0.0005919065055791204,0.0,0.355768247829615,0.25979184242897335,0.2621858594831576,5.314421812240077e-20,0.12225405025825405
2021-01-06,-0.007616344475563159,0.0,0.355768247829615,0.25979184242897335,0.2621858594831576,5.314421812240077e-20,0.12225405025825405
2021-01-07,0.00309423359100105,0.0,0.355768247829615,0.25979184242897335,0.2621858594831576,5.314421812240077e-20,0.12225405025825405
2021-01-08,-0.007578801417400137,0.0,0.355768247829615,0.25979184242897335,0.2621858594831576,5.314421812240077e-20,0.12225405025825405
2021-01-11,-0.0025861874269403782,0.0,0.355768247829615,0.25979184242897335,0.2621858594831576,5.314421812240077e-20,0.12225405025825405
2021-01-12,0.000915355889129057,0.0,0.355768247829615,0.25979184242897335,0.2621858594831576,5.314421812240077e-20,0.12225405025825405
2021-01-13,0.003157169493791416,0.0,0.355768247829615,0.25979184242897335,0.2621858594831576,5.314421812240077e-20,0.12225405025825405
2021-01-14,-0.004066537806207293,0.0,0.355768247829615,0.25979184242897335,0.2621858594831576,5.314421812240077e-20,0.12225405025825405
2021-01-15,-0.004012413449094131,0.0,0.355768247829615,0.25979184242897335,0.2621858594831576,5.314421812240077e-20,0.12225405025825405
2021-01-19,0.0055037590557814545,0.0,0.355768247829615,0.25979184242897335,0.2621858594831576,5.314421812240077e-20,0.12225405025825405
2021-01-20,0.009398085569201232,0.0,0.355768247829615,0.25979184242897335,0.2621858594831576,5.314421812240077e-20,0.12225405025825405
2021-01-21,-0.0022143372395013487,0.0,0.355768247829615,0.25979184242897335,0.2621858594831576,5.314421812240077e-20,0.12225405025825405
2021-01-22,-0.0022310375816395533,0.0,0.355768247829615,0.25979184242897335,0.2621858594831576,5.314421812240077e-20,0.12225405025825405
2021-01-25,0.0048416245257962495,0.0,0.355768247829615,0.25979184242897335,0.2621858594831576,5.314421812240077e-20,0.12225405025825405
2021-01-26,-0.0020443732843049454,0.0,0.355768247829615,0.25979184242897335,0.2621858594831576,5.314421812240077e-20,0.12225405025825405
2021-01-27,-0.008941082348088072,0.0,0.355768247829615,0.25979184242897335,0.2621858594831576,5.314421812240077e-20,0.12225405025825405
2021-01-28,0.001566781706289661,0.0,0.355768247829615,0.25979184242897335,0.2621858594831576,5.314421812240077e-20,0.12225405025825405
2021-01-29,-0.008641084915329108,0.0,0.355768247829615,0.25979184242897335,0.2621858594831576,5.314421812240077e-20,0.12225405025825405
2021-02-01,0.009284535322450911,0.0,0.355768247829615,0.25979184242897335,0.2621858594831576,5.314421812240077e-20,0.12225405025825405
2021-02-02,0.00036568306040440446,0.007844673899987033,0.3544340160845543,0.26228029711264,0.25567541732823124,0.0,0.1276102694745744
2021-02-03,-0.002486806085941524,0.0,0.3544340160845543,0.26228029711264,0.25567541732823124,0.0,0.1276102694745744
2021-02-04,-0.0016056739615971836,0.0,0.3544340160845543,0.26228029711264,0.25567541732823124,0.0,0.1276102694745744
2021-02-05,0.0009986099199729625,0.0,0.3544340160845543,0.26228029711264,0.25567541732823124,0.0,0.1276102694745744
2021-02-08,0.006234120472487632,0.0,0.3544340160845543,0.26228029711264,0.25567541732823124,0.0,0.1276102694745744
2021-02-09,0.00011630220030243039,0.0,0.3544340160845543,0.26228029711264,0.25567541732823124,0.0,0.1276102694745744
2021-02-10,0.0024744447416112205,0.0,0.3544340160845543,0.26228029711264,0.25567541732823124,0.0,0.1276102694745744
2021-02-11,-0.0031363681605669057,0.0,0.3544340160845543,0.26228029711264,0.25567541732823124,0.0,0.1276102694745744
2021-02-12,-0.0021784006802222735,0.0,0.3544340160845543,0.26228029711264,0.25567541732823124,0.0,0.1276102694745744
2021-02-16,-0.007970484932816956,0.0,0.3544340160845543,0.26228029711264,0.25567541732823124,0.0,0.1276102694745744
2021-02-17,-0.0006324389708407189,0.0,0.3544340160845543,0.26228029711264,0.25567541732823124,0.0,0.1276102694745744
2021-02-18,-0.003002190754477509,0.0,0.3544340160845543,0.26228029711264,0.25567541732823124,0.0,0.1276102694745744
2021-02-19,-0.0033651988182853794,0.0,0.3544340160845543,0.26228029711264,0.25567541732823124,0.0,0.1276102694745744
2021-02-22,-0.0012611067721218206,0.0,0.3544340160845543,0.26228029711264,0.25567541732823124,0.0,0.1276102694745744
2021-02-23,-0.0008089991240195062,0.0,0.3544340160845543,0.26228029711264,0.25567541732823124,0.0,0.1276102694745744
2021-02-24,0.0017935792742323805,0.0,0.3544340160845543,0.26228029711264,0.25567541732823124,0.0,0.1276102694745744
2021-02-25,-0.017213639194051868,0.0,0.3544340160845543,0.26228029711264,0.25567541732823124,0.0,0.1276102694745744
2021-02-26,0.001605027332606434,0.0,0.3544340160845543,0.26228029711264,0.25567541732823124,0.0,0.1276102694745744
2021-03-01,0.00478922893271211,0.0,0.3544340160845543,0.26228029711264,0.25567541732823124,0.0,0.1276102694745744
2021-03-02,-0.0018222081733143668,0.0,0.3544340160845543,0.26228029711264,0.25567541732823124,0.0,0.1276102694745744
2021-03-03,-0.009992039781688439,0.0,0.3544340160845543,0.26228029711264,0.25567541732823124,0.0,0.1276102694745744
2021-03-04,-0.007651823238039027,0.007630715733160945,0.35327056877006746,0.26381002000744447,0.2492081489095572,9.949653765092872e-22,0.13371126231293093
2021-03-05,0.007656907689636036,0.0,0.35327056877006746,0.26381002000744447,0.2492081489095572,9.949653765092872e-22,0.13371126231293093
2021-03-08,-0.00563817558379782,0.0,0.35327056877006746,0.26381002000744447,0.2492081489095572,9.949653765092872e-22,0.13371126231293093
2021-03-09,0.013249108122266602,0.0,0.35327056877006746,0.26381002000744447,0.2492081489095572,9.949653765092872e-22,0.13371126231293093
2021-03-10,0.0037821902926879624,0.0,0.35327056877006746,0.26381002000744447,0.2492081489095572,9.949653765092872e-22,0.13371126231293093
2021-03-11,0.0008143129003425256,0.0,0.35327056877006746,0.26381002000744447,0.2492081489095572,9.949653765092872e-22,0.13371126231293093
2021-03-12,-0.0047342770034012735,0.0,0.35327056877006746,0.26381002000744447,0.2492081489095572,9.949653765092872e-22,0.13371126231293093
2021-03-15,0.0050243376405589455,0.0,0.35327056877006746,0.26381002000744447,0.2492081489095572,9.949653765092872e-22,0.13371126231293093
2021-03-16,-0.0012752935853728856,0.0,0.35327056877006746,0.26381002000744447,0.2492081489095572,9.949653765092872e-22,0.13371126231293093
2021-03-17,0.0003625227732681623,0.0,0.35327056877006746,0.26381002000744447,0.2492081489095572,9.949653765092872e-22,0.13371126231293093
2021-03-18,-0.00844461453668297,0.0,0.35327056877006746,0.26381002000744447,0.2492081489095572,9.949653765092872e-22,0.13371126231293093
2021-03-19,0.002077865578054082,0.0,0.35327056877006746,0.26381002000744447,0.2492081489095572,9.949653765092872e-22,0.13371126231293093
2021-03-22,0.005140836550519997,0.0,0.35327056877006746,0.26381002000744447,0.2492081489095572,9.949653765092872e-22,0.13371126231293093
2021-03-23,-0.0014075291970461223,0.0,0.35327056877006746,0.26381002000744447,0.2492081489095572,9.949653765092872e-22,0.13371126231293093
2021-03-24,0.0008089017982201992,0.0,0.35327056877006746,0.26381002000744447,0.2492081489095572,9.949653765092872e-22,0.13371126231293093
2021-03-25,-0.0006230086230725376,0.0,0.35327056877006746,0.26381002000744447,0.2492081489095572,9.949653765092872e-22,0.13371126231293093
2021-03-26,0.00531788115750244,0.0,0.35327056877006746,0.26381002000744447,0.2492081489095572,9.949653765092872e-22,0.13371126231293093
2021-03-29,-0.005061413964203087,0.0,0.35327056877006746,0.26381002000744447,0.2492081489095572,9.949653765092872e-22,0.13371126231293093
2021-03-30,-0.0032802435506295497,0.0,0.35327056877006746,0.26381002000744447,0.2492081489095572,9.949653765092872e-22,0.13371126231293093
2021-03-31,0.0036335796118126674,0.0,0.35327056877006746,0.26381002000744447,0.2492081489095572,9.949653765092872e-22,0.13371126231293093
2021-04-01,0.010754974413696619,0.0,0.35327056877006746,0.26381002000744447,0.2492081489095572,9.949653765092872e-22,0.13371126231293093
2021-04-05,0.0033635347708943454,0.007189160793417901,0.3523073487832965,0.2649312802778165,0.2429822081029103,0.0,0.13977916283597686
2021-04-06,0.0032060343781970973,0.0,0.3523073487832965,0.2649312802778165,0.2429822081029103,0.0,0.13977916283597686
2021-04-07,-0.00195365896782152,0.0,0.3523073487832965,0.2649312802778165,0.2429822081029103,0.0,0.13977916283597686
2021-04-08,0.005854554302600201,0.0,0.3523073487832965,0.2649312802778165,0.2429822081029103,0.0,0.13977916283597686
2021-04-09,-0.00011723120373188182,0.0,0.3523073487832965,0.2649312802778165,0.2429822081029103,0.0,0.13977916283597686
2021-04-12,-0.001516777340056752,0.0,0.3523073487832965,0.2649312802778165,0.2429822081029103,0.0,0.13977916283597686
2021-04-13,0.004244077076148625,0.0,0.3523073487832965,0.2649312802778165,0.2429822081029103,0.0,0.13977916283597686
2021-04-14,-0.0032702270005302834,0.0,0.3523073487832965,0.2649312802778165,0.2429822081029103,0.0,0.13977916283597686
2021-04-15,0.012145389148139878,0.0,0.3523073487832965,0.2649312802778165,0.2429822081029103,0.0,0.13977916283597686
2021-04-16,0.0004194361100998637,0.0,0.3523073487832965,0.2649312802778165,0.2429822081029103,0.0,0.13977916283597686
2021-04-19,-0.00395763652085383,0.0,0.3523073487832965,0.2649312802778165,0.2429822081029103,0.0,0.13977916283597686
2021-04-20,-0.0002660445730963783,0.0,0.3523073487832965,0.2649312802778165,0.2429822081029103,0.0,0.13977916283597686
2021-04-21,0.006102740279560638,0.0,0.3523073487832965,0.2649312802778165,0.2429822081029103,0.0,0.13977916283597686
2021-04-22,-0.0032377278727379532,0.0,0.3523073487832965,0.2649312802778165,0.2429822081029103,0.0,0.13977916283597686
2021-04-23,0.0014702431706792142,0.0,0.3523073487832965,0.2649312802778165,0.2429822081029103,0.0,0.13977916283597686
2021-04-26,0.0009998057257347285,0.0,0.3523073487832965,0.2649312802778165,0.2429822081029103,0.0,0.13977916283597686
2021-04-27,-0.0029413616458662463,0.0,0.3523073487832965,0.2649312802778165,0.2429822081029103,0.0,0.13977916283597686
2021-04-28,0.0002717696987222936,0.0,0.3523073487832965,0.2649312802778165,0.2429822081029103,0.0,0.13977916283597686
2021-04-29,0.0005150166387907064,0.0,0.3523073487832965,0.2649312802778165,0.2429822081029103,0.0,0.13977916283597686
2021-04-30,-0.0013737551689029762,0.0,0.3523073487832965,0.2649312802778165,0.2429822081029103,0.0,0.13977916283597686
2021-05-03,0.003446707767044165,0.0,0.3523073487832965,0.2649312802778165,0.2429822081029103,0.0,0.13977916283597686
2021-05-04,-0.0014516051689515935,0.006310851735721934,0.35173192868596564,0.2661627584049687,0.23724677646451922,5.142391383176732e-20,0.14485853644454655
2021-05-05,0.0014726355600099368,0.0,0.35173192868596564,0.2661627584049687,0.23724677646451922,5.142391383176732e-20,0.14485853644454655
2021-05-06,0.0064968686900791165,0.0,0.35173192868596564,0.2661627584049687,0.23724677646451922,5.142391383176732e-20,0.14485853644454655
2021-05-07,0.002315261891267149,0.0,0.35173192868596564,0.2661627584049687,0.23724677646451922,5.142391383176732e-20,0.14485853644454655
2021-05-10,-0.005459441834340058,0.0,0.35173192868596564,0.2661627584049687,0.23724677646451922,5.142391383176732e-20,0.14485853644454655
2021-05-11,-0.004723454882233235,0.0,0.35173192868596564,0.2661627584049687,0.23724677646451922,5.142391383176732e-20,0.14485853644454655
2021-05-12,-0.011551010855550761,0.0,0.35173192868596564,0.2661627584049687,0.23724677646451922,5.142391383176732e-20,0.14485853644454655
2021-05-13,0.005374684342530711,0.0,0.35173192868596564,0.2661627584049687,0.23724677646451922,5.142391383176732e-20,0.14485853644454655
2021-05-14,0.009458718692011212,0.0,0.35173192868596564,0.2661627584049687,0.23724677646451922,5.142391383176732e-20,0.14485853644454655
2021-05-17,0.0011243830334513659,0.0,0.35173192868596564,0.2661627584049687,0.23724677646451922,5.142391383176732e-20,0.14485853644454655
2021-05-18,-0.0039065953349254594,0.0,0.35173192868596564,0.2661627584049687,0.23724677646451922,5.142391383176732e-20,0.14485853644454655
2021-05-19,-0.000743347611739113,0.0,0.35173192868596564,0.2661627584049687,0.23724677646451922,5.142391383176732e-20,0.14485853644454655
2021-05-20,0.006341063092428576,0.0,0.35173192868596564,0.2661627584049687,0.23724677646451922,5.142391383176732e-20,0.14485853644454655
2021-05-21,0.0011534083448702128,0.0,0.35173192868596564,0.2661627584049687,0.23724677646451922,5.142391383176732e-20,0.14485853644454655
2021-05-24,0.0046305775803027575,0.0,0.35173192868596564,0.2661627584049687,0.23724677646451922,5.142391383176732e-20,0.14485853644454655
2021-05-25,0.0036576891955441672,0.0,0.35173192868596564,0.2661627584049687,0.23724677646451922,5.142391383176732e-20,0.14485853644454655
2021-05-26,0.0003670629098257485,0.0,0.35173192868596564,0.2661627584049687,0.23724677646451922,5.142391383176732e-20,0.14485853644454655
2021-05-27,-0.0009120039083808125,0.0,0.35173192868596564,0.2661627584049687,0.23724677646451922,5.142391383176732e-20,0.14485853644454655
2021-05-28,0.0012208848855485258,0.0,0.35173192868596564,0.2661627584049687,0.23724677646451922,5.142391383176732e-20,0.14485853644454655
2021-06-01,-0.0012472604299606541,0.0,0.35173192868596564,0.2661627584049687,0.23724677646451922,5.142391383176732e-20,0.14485853644454655
2021-06-02,0.0023297836388023138,0.0,0.35173192868596564,0.2661627584049687,0.23724677646451922,5.142391383176732e-20,0.14485853644454655
2021-06-03,-0.005926266981057017,0.005579513202475725,0.3511004171986996,0.2671015074653271,0.23229877474930943,0.0,0.14949930058666377
2021-06-04,0.00882076718413439,0.0,0.3511004171986996,0.2671015074653271,0.23229877474930943,0.0,0.14949930058666377
2021-06-07,-0.00047735643626058296,0.0,0.3511004171986996,0.2671015074653271,0.23229877474930943,0.0,0.14949930058666377
2021-06-08,0.0014188565556206912,0.0,0.3511004171986996,0.2671015074653271,0.23229877474930943,0.0,0.14949930058666377
2021-06-09,0.0015122805020027718,0.0,0.3511004171986996,0.2671015074653271,0.23229877474930943,0.0,0.14949930058666377
2021-06-10,0.004108459079921118,0.0,0.3511004171986996,0.2671015074653271,0.23229877474930943,0.0,0.14949930058666377
2021-06-11,-0.001724067305117614,0.0,0.3511004171986996,0.2671015074653271,0.23229877474930943,0.0,0.14949930058666377
2021-06-14,-0.002744047444005182,0.0,0.3511004171986996,0.2671015074653271,0.23229877474930943,0.0,0.14949930058666377
2021-06-15,-0.0017199614702859724,0.0,0.3511004171986996,0.2671015074653271,0.23229877474930943,0.0,0.14949930058666377
2021-06-16,-0.004883725376326501,0.0,0.3511004171986996,0.2671015074653271,0.23229877474930943,0.0,0.14949930058666377
2021-06-17,-0.0021013616886436538,0.0,0.3511004171986996,0.2671015074653271,0.23229877474930943,0.0,0.14949930058666377
2021-06-18,-0.0005185468966324401,0.0,0.3511004171986996,0.2671015074653271,0.23229877474930943,0.0,0.14949930058666377
2021-06-21,0.0026764601515636924,0.0,0.3511004171986996,0.2671015074653271,0.23229877474930943,0.0,0.14949930058666377
2021-06-22,0.0013134410542894003,0.0,0.3511004171986996,0.2671015074653271,0.23229877474930943,0.0,0.14949930058666377
2021-06-23,-0.001022559130563441,0.0,0.3511004171986996,0.2671015074653271,0.23229877474930943,0.0,0.14949930058666377
2021-06-24,0.002245036020106172,0.0,0.3511004171986996,0.2671015074653271,0.23229877474930943,0.0,0.14949930058666377
2021-06-25,-0.0006962950073899086,0.0,0.3511004171986996,0.2671015074653271,0.23229877474930943,0.0,0.14949930058666377
2021-06-28,0.0035006853998523005,0.0,0.3511004171986996,0.2671015074653271,0.23229877474930943,0.0,0.14949930058666377
2021-06-29,-0.0014415642405654057,0.0,0.3511004171986996,0.2671015074653271,0.23229877474930943,0.0,0.14949930058666377
2021-06-30,0.003035012611582995,0.0,0.3511004171986996,0.2671015074653271,0.23229877474930943,0.0,0.14949930058666377
2021-07-01,0.003179822184814344,0.0,0.3511004171986996,0.2671015074653271,0.23229877474930943,0.0,0.14949930058666377
2021-07-02,0.005178924488936596,0.005761899651836586,0.3510502331817493,0.2692389544148826,0.22658705911442317,0.0,0.15312375328894492
2021-07-06,0.004196077743982989,0.0,0.3510502331817493,0.2692389544148826,0.22658705911442317,0.0,0.15312375328894492
2021-07-07,0.004734579989601782,0.0,0.3510502331817493,0.2692389544148826,0.22658705911442317,0.0,0.15312375328894492
2021-07-08,-0.002567448588682959,0.0,0.3510502331817493,0.2692389544148826,0.22658705911442317,0.0,0.15312375328894492
2021-07-09,0.000343505740857843,0.0,0.3510502331817493,0.2692389544148826,0.22658705911442317,0.0,0.15312375328894492
2021-07-12,0.0008127952679788055,0.0,0.3510502331817493,0.2692389544148826,0.22658705911442317,0.0,0.15312375328894492
2021-07-13,-0.002036289881871216,0.0,0.3510502331817493,0.2692389544148826,0.22658705911442317,0.0,0.15312375328894492
2021-07-14,0.00528340243988289,0.0,0.3510502331817493,0.2692389544148826,0.22658705911442317,0.0,0.15312375328894492
2021-07-15,0.0022424907319171235,0.0,0.3510502331817493,0.2692389544148826,0.22658705911442317,0.0,0.15312375328894492
2021-07-16,-0.0052757790950870385,0.0,0.3510502331817493,0.2692389544148826,0.22658705911442317,0.0,0.15312375328894492
2021-07-19,0.001232933876927105,0.0,0.3510502331817493,0.2692389544148826,0.22658705911442317,0.0,0.15312375328894492
2021-07-20,0.0023253508476860953,0.0,0.3510502331817493,0.2692389544148826,0.22658705911442317,0.0,0.15312375328894492
2021-07-21,-0.0017783300536257482,0.0,0.3510502331817493,0.2692389544148826,0.22658705911442317,0.0,0.15312375328894492
2021-07-22,0.003907530369333381,0.0,0.3510502331817493,0.2692389544148826,0.22658705911442317,0.0,0.15312375328894492
2021-07-23,0.0011617731005345358,0.0,0.3510502331817493,0.2692389544148826,0.22658705911442317,0.0,0.15312375328894492
2021-07-26,-0.0009639582049122662,0.0,0.3510502331817493,0.2692389544148826,0.22658705911442317,0.0,0.15312375328894492
2021-07-27,0.001404357327049566,0.0,0.3510502331817493,0.2692389544148826,0.22658705911442317,0.0,0.15312375328894492
2021-07-28,0.0005864788192588211,0.0,0.3510502331817493,0.2692389544148826,0.22658705911442317,0.0,0.15312375328894492
2021-07-29,0.0019229603608182473,0.0,0.3510502331817493,0.2692389544148826,0.22658705911442317,0.0,0.15312375328894492
2021-07-30,-0.0017915305790869853,0.0,0.3510502331817493,0.2692389544148826,0.22658705911442317,0.0,0.15312375328894492
2021-08-02,0.0011992542574042404,0.0,0.3510502331817493,0.2692389544148826,0.22658705911442317,0.0,0.15312375328894492
2021-08-03,0.002907280068994892,0.005383918640073745,0.35111549378721135,0.2710057723638094,0.2212031404743494,1.5725572328534182e-20,0.15667559337462983
2021-08-04,-0.0008644803314673182,0.0,0.35111549378721135,0.2710057723638094,0.2212031404743494,1.5725572328534182e-20,0.15667559337462983
2021-08-05,-3.1941326079859686e-05,0.0,0.35111549378721135,0.2710057723638094,0.2212031404743494,1.5725572328534182e-20,0.15667559337462983
2021-08-06,-0.008589190316603434,0.0,0.35111549378721135,0.2710057723638094,0.2212031404743494,1.5725572328534182e-20,0.15667559337462983
2021-08-09,-0.004866630305772147,0.0,0.35111549378721135,0.2710057723638094,0.2212031404743494,1.5725572328534182e-20,0.15667559337462983
2021-08-10,-0.0006209362590928221,0.0,0.35111549378721135,0.2710057723638094,0.2212031404743494,1.5725572328534182e-20,0.15667559337462983
2021-08-11,0.003441981850631959,0.0,0.35111549378721135,0.2710057723638094,0.2212031404743494,1.5725572328534182e-20,0.15667559337462983
2021-08-12,0.0008506279157667399,0.0,0.35111549378721135,0.2710057723638094,0.2212031404743494,1.5725572328534182e-20,0.15667559337462983
2021-08-13,0.00733612982809238,0.0,0.35111549378721135,0.2710057723638094,0.2212031404743494,1.5725572328534182e-20,0.15667559337462983
2021-08-16,0.0027130106840578413,0.0,0.35111549378721135,0.2710057723638094,0.2212031404743494,1.5725572328534182e-20,0.15667559337462983
2021-08-17,-0.001797034499946744,0.0,0.35111549378721135,0.2710057723638094,0.2212031404743494,1.5725572328534182e-20,0.15667559337462983
2021-08-18,-0.0027603267998336165,0.0,0.35111549378721135,0.2710057723638094,0.2212031404743494,1.5725572328534182e-20,0.15667559337462983
2021-08-19,0.002642003144992758,0.0,0.35111549378721135,0.2710057723638094,0.2212031404743494,1.5725572328534182e-20,0.15667559337462983
2021-08-20,0.0029066593857197094,0.0,0.35111549378721135,0.2710057723638094,0.2212031404743494,1.5725572328534182e-20,0.15667559337462983
2021-08-23,0.004666743668027122,0.0,0.35111549378721135,0.2710057723638094,0.2212031404743494,1.5725572328534182e-20,0.15667559337462983
2021-08-24,-0.0017805490951800103,0.0,0.35111549378721135,0.2710057723638094,0.2212031404743494,1.5725572328534182e-20,0.15667559337462983
2021-08-25,-0.003174492238971314,0.0,0.35111549378721135,0.2710057723638094,0.2212031404743494,1.5725572328534182e-20,0.15667559337462983
2021-08-26,-0.0006312396397043633,0.0,0.35111549378721135,0.2710057723638094,0.2212031404743494,1.5725572328534182e-20,0.15667559337462983
2021-08-27,0.007618195912900671,0.0,0.35111549378721135,0.2710057723638094,0.2212031404743494,1.5725572328534182e-20,0.15667559337462983
2021-08-30,0.0011594715744585378,0.0,0.35111549378721135,0.2710057723638094,0.2212031404743494,1.5725572328534182e-20,0.15667559337462983
2021-08-31,-0.0019207428823190063,0.0,0.35111549378721135,0.2710057723638094,0.2212031404743494,1.5725572328534182e-20,0.15667559337462983
2021-09-01,0.0003311326377115195,0.005255872406832118,0.35077482357770506,0.2718983657217784,0.2162879382770236,0.0,0.161038872423493
2021-09-02,0.0013038097262475909,0.0,0.35077482357770506,0.2718983657217784,0.2162879382770236,0.0,0.161038872423493
2021-09-03,-0.000569948510327926,0.0,0.35077482357770506,0.2718983657217784,0.2162879382770236,0.0,0.161038872423493
2021-09-07,-0.007002215115256763,0.0,0.35077482357770506,0.2718983657217784,0.2162879382770236,0.0,0.161038872423493
2021-09-08,0.0011407463911743173,0.0,0.35077482357770506,0.2718983657217784,0.2162879382770236,0.0,0.161038872423493
2021-09-09,0.0023571174275237093,0.0,0.35077482357770506,0.2718983657217784,0.2162879382770236,0.0,0.161038872423493
2021-09-10,-0.005997411354929158,0.0,0.35077482357770506,0.2718983657217784,0.2162879382770236,0.0,0.161038872423493
2021-09-13,0.003271337903259557,0.0,0.35077482357770506,0.2718983657217784,0.2162879382770236,0.0,0.161038872423493
2021-09-14,0.0027958592007305363,0.0,0.35077482357770506,0.2718983657217784,0.2162879382770236,0.0,0.161038872423493
2021-09-15,0.00038395184364260174,0.0,0.35077482357770506,0.2718983657217784,0.2162879382770236,0.0,0.161038872423493
2021-09-16,-0.005985392006280442,0.0,0.35077482357770506,0.2718983657217784,0.2162879382770236,0.0,0.161038872423493
2021-09-17,-0.004484393040129599,0.0,0.35077482357770506,0.2718983657217784,0.2162879382770236,0.0,0.161038872423493
2021-09-20,-0.0008672198472476408,0.0,0.35077482357770506,0.2718983657217784,0.2162879382770236,0.0,0.161038872423493
2021-09-21,0.0007481666442846743,0.0,0.35077482357770506,0.2718983657217784,0.2162879382770236,0.0,0.161038872423493
2021-09-22,0.0046867013623222865,0.0,0.35077482357770506,0.2718983657217784,0.2162879382770236,0.0,0.161038872423493
2021-09-23,-0.005021591943418363,0.0,0.35077482357770506,0.2718983657217784,0.2162879382770236,0.0,0.161038872423493
2021-09-24,-0.001905981719866273,0.0,0.35077482357770506,0.2718983657217784,0.2162879382770236,0.0,0.161038872423493
2021-09-27,-0.001360003110338797,0.0,0.35077482357770506,0.2718983657217784,0.2162879382770236,0.0,0.161038872423493
2021-09-28,-0.01282765229513506,0.0,0.35077482357770506,0.2718983657217784,0.2162879382770236,0.0,0.161038872423493
2021-09-29,0.0012395390128686437,0.0,0.35077482357770506,0.2718983657217784,0.2162879382770236,0.0,0.161038872423493
2021-09-30,-0.0006909168132244884,0.0,0.35077482357770506,0.2718983657217784,0.2162879382770236,0.0,0.161038872423493
2021-10-01,0.006609736937636976,0.00467067215320098,0.35062859295025467,0.27238295226924303,0.211763496751273,5.288350090129837e-20,0.16522495802922932
2021-10-04,-0.0047475581687312,0.0,0.35062859295025467,0.27238295226924303,0.211763496751273,5.288350090129837e-20,0.16522495802922932
2021-10-05,0.0003600359084063717,0.0,0.35062859295025467,0.27238295226924303,0.211763496751273,5.288350090129837e-20,0.16522495802922932
2021-10-06,0.0040182745482713715,0.0,0.35062859295025467,0.27238295226924303,0.211763496751273,5.288350090129837e-20,0.16522495802922932
2021-10-07,-0.0009987752248381777,0.0,0.35062859295025467,0.27238295226924303,0.211763496751273,5.288350090129837e-20,0.16522495802922932
2021-10-08,-0.002586123829941527,0.0,0.35062859295025467,0.27238295226924303,0.211763496751273,5.288350090129837e-20,0.16522495802922932
2021-10-11,-0.0031716241938353055,0.0,0.35062859295025467,0.27238295226924303,0.211763496751273,5.288350090129837e-20,0.16522495802922932
2021-10-12,0.004946224460187868,0.0,0.35062859295025467,0.27238295226924303,0.211763496751273,5.288350090129837e-20,0.16522495802922932
2021-10-13,0.006767067699292778,0.0,0.35062859295025467,0.27238295226924303,0.211763496751273,5.288350090129837e-20,0.16522495802922932
2021-10-14,0.0074280851655406255,0.0,0.35062859295025467,0.27238295226924303,0.211763496751273,5.288350090129837e-20,0.16522495802922932
2021-10-15,-0.0024789152870801213,0.0,0.35062859295025467,0.27238295226924303,0.211763496751273,5.288350090129837e-20,0.16522495802922932
2021-10-18,0.001855631755250997,0.0,0.35062859295025467,0.27238295226924303,0.211763496751273,5.288350090129837e-20,0.16522495802922932
2021-10-19,-0.0007651268390412732,0.0,0.35062859295025467,0.27238295226924303,0.211763496751273,5.288350090129837e-20,0.16522495802922932
2021-10-20,0.0011316588036411378,0.0,0.35062859295025467,0.27238295226924303,0.211763496751273,5.288350090129837e-20,0.16522495802922932
2021-10-21,0.000794606761248799,0.0,0.35062859295025467,0.27238295226924303,0.211763496751273,5.288350090129837e-20,0.16522495802922932
2021-10-22,0.0036035729931627914,0.0,0.35062859295025467,0.27238295226924303,0.211763496751273,5.288350090129837e-20,0.16522495802922932
2021-10-25,0.003191815356942445,0.0,0.35062859295025467,0.27238295226924303,0.211763496751273,5.288350090129837e-20,0.16522495802922932
2021-10-26,0.0013293728267117484,0.0,0.35062859295025467,0.27238295226924303,0.211763496751273,5.288350090129837e-20,0.16522495802922932
2021-10-27,0.003892534029460131,0.0,0.35062859295025467,0.27238295226924303,0.211763496751273,5.288350090129837e-20,0.16522495802922932
2021-10-28,0.0014275181401487307,0.0,0.35062859295025467,0.27238295226924303,0.211763496751273,5.288350090129837e-20,0.16522495802922932
2021-10-29,0.0010614502731617719,0.0,0.35062859295025467,0.27238295226924303,0.211763496751273,5.288350090129837e-20,0.16522495802922932
2021-11-01,-0.0008103609205635368,0.004551705155013866,0.35187583199068884,0.27298678881971905,0.2072117915962591,0.0,0.16792558759333295
2021-11-02,0.0025892295043095635,0.0,0.35187583199068884,0.27298678881971905,0.2072117915962591,0.0,0.16792558759333295
2021-11-03,-0.002795012686702577,0.0,0.35187583199068884,0.27298678881971905,0.2072117915962591,0.0,0.16792558759333295
2021-11-04,0.007744519153637565,0.0,0.35187583199068884,0.27298678881971905,0.2072117915962591,0.0,0.16792558759333295
2021-11-05,0.0078778163387731,0.0,0.35187583199068884,0.27298678881971905,0.2072117915962591,0.0,0.16792558759333295
2021-11-08,0.00020048870575571707,0.0,0.35187583199068884,0.27298678881971905,0.2072117915962591,0.0,0.16792558759333295
2021-11-09,0.003212269233217787,0.0,0.35187583199068884,0.27298678881971905,0.2072117915962591,0.0,0.16792558759333295
2021-11-10,-0.003772582650926561,0.0,0.35187583199068884,0.27298678881971905,0.2072117915962591,0.0,0.16792558759333295
2021-11-11,0.0012649971601228866,0.0,0.35187583199068884,0.27298678881971905,0.2072117915962591,0.0,0.16792558759333295
2021-11-12,0.0016518712081322476,0.0,0.35187583199068884,0.27298678881971905,0.2072117915962591,0.0,0.16792558759333295
2021-11-15,-0.0027060703946732135,0.0,0.35187583199068884,0.27298678881971905,0.2072117915962591,0.0,0.16792558759333295
2021-11-16,-0.0001456793721185821,0.0,0.35187583199068884,0.27298678881971905,0.2072117915962591,0.0,0.16792558759333295
2021-11-17,0.0028758023655882387,0.0,0.35187583199068884,0.27298678881971905,0.2072117915962591,0.0,0.16792558759333295
2021-11-18,0.0010992152816090416,0.0,0.35187583199068884,0.27298678881971905,0.2072117915962591,0.0,0.16792558759333295
2021-11-19,0.0015205264288029783,0.0,0.35187583199068884,0.27298678881971905,0.2072117915962591,0.0,0.16792558759333295
2021-11-22,-0.007990228054354112,0.0,0.35187583199068884,0.27298678881971905,0.2072117915962591,0.0,0.16792558759333295
2021-11-23,-0.0053383594890331135,0.0,0.35187583199068884,0.27298678881971905,0.2072117915962591,0.0,0.16792558759333295
2021-11-24,0.005773168589079501,0.0,0.35187583199068884,0.27298678881971905,0.2072117915962591,0.0,0.16792558759333295
2021-11-26,-0.0025777303112718567,0.0,0.35187583199068884,0.27298678881971905,0.2072117915962591,0.0,0.16792558759333295
2021-11-29,0.0018312083252632375,0.40470070081648823,0.1440034114425185,0.07615850855140123,0.2519322243410467,4.391606175448281e-19,0.5279058556650337
2021-11-30,-0.004868816152788483,0.4037529628152502,0.3512884067797143,0.2726264760294556,0.2073627648593772,0.0,0.16872235233145289
2021-12-01,-0.0009469128549125599,0.004517518158067987,0.3521136765293606,0.2736584398790528,0.20284524670130927,0.0,0.1713826368902774
2021-12-02,0.004677688300713471,0.0,0.3521136765293606,0.2736584398790528,0.20284524670130927,0.0,0.1713826368902774
2021-12-03,0.0018414149669973008,0.0,0.3521136765293606,0.2736584398790528,0.20284524670130927,0.0,0.1713826368902774
2021-12-06,0.00017826353631662318,0.0,0.3521136765293606,0.2736584398790528,0.20284524670130927,0.0,0.1713826368902774
2021-12-07,0.005858789801834631,0.0,0.3521136765293606,0.2736584398790528,0.20284524670130927,0.0,0.1713826368902774
2021-12-08,-0.004484890844246054,0.0,0.3521136765293606,0.2736584398790528,0.20284524670130927,0.0,0.1713826368902774
2021-12-09,-0.001485992240136469,0.0,0.3521136765293606,0.2736584398790528,0.20284524670130927,0.0,0.1713826368902774
2021-12-10,0.0032444470524509703,0.0,0.3521136765293606,0.2736584398790528,0.20284524670130927,0.0,0.1713826368902774
2021-12-13,0.0019690556323894823,0.0,0.3521136765293606,0.2736584398790528,0.20284524670130927,0.0,0.1713826368902774
2021-12-14,-0.0046377866737795995,0.0,0.3521136765293606,0.2736584398790528,0.20284524670130927,0.0,0.1713826368902774
2021-12-15,0.0034743398145974796,0.0,0.3521136765293606,0.2736584398790528,0.20284524670130927,0.0,0.1713826368902774
2021-12-16,-0.001274386063598676,0.0,0.3521136765293606,0.2736584398790528,0.20284524670130927,0.0,0.1713826368902774
2021-12-17,0.00011821391906471825,0.0,0.3521136765293606,0.2736584398790528,0.20284524670130927,0.0,0.1713826368902774
2021-12-20,-0.006851024137439156,0.0,0.3521136765293606,0.2736584398790528,0.20284524670130927,0.0,0.1713826368902774
2021-12-21,0.0049274207448356385,0.0,0.3521136765293606,0.2736584398790528,0.20284524670130927,0.0,0.1713826368902774
2021-12-22,0.006030773710745136,0.0,0.3521136765293606,0.2736584398790528,0.20284524670130927,0.0,0.1713826368902774
2021-12-23,0.00014046758009866227,0.0,0.3521136765293606,0.2736584398790528,0.20284524670130927,0.0,0.1713826368902774
2021-12-27,0.006193218159470904,0.0,0.3521136765293606,0.2736584398790528,0.20284524670130927,0.0,0.1713826368902774
2021-12-28,-0.00204680223145029,0.0,0.3521136765293606,0.2736584398790528,0.20284524670130927,0.0,0.1713826368902774
2021-12-29,-0.003064804385380765,0.0,0.3521136765293606,0.2736584398790528,0.20284524670130927,0.0,0.1713826368902774
2021-12-30,0.003044130412137267,0.0,0.3521136765293606,0.2736584398790528,0.20284524670130927,0.0,0.1713826368902774
2021-12-31,-0.0018669300141522427,0.20682904677003622,0.41370194561151324,0.2696746398103258,2.0025620679724084e-17,1.3657053691523634e-19,0.31662341457816096
2022-01-03,-0.002706992960835667,0.0,0.41370194561151324,0.2696746398103258,2.0025620679724084e-17,1.3657053691523634e-19,0.31662341457816096
2022-01-04,-0.001014442744501006,0.0,0.41370194561151324,0.2696746398103258,2.0025620679724084e-17,1.3657053691523634e-19,0.31662341457816096
2022-01-05,-0.009775638158071621,0.0,0.41370194561151324,0.2696746398103258,2.0025620679724084e-17,1.3657053691523634e-19,0.31662341457816096
2022-01-06,0.0005550159711097866,0.0,0.41370194561151324,0.2696746398103258,2.0025620679724084e-17,1.3657053691523634e-19,0.31662341457816096
2022-01-07,-0.005292161350737762,0.0,0.41370194561151324,0.2696746398103258,2.0025620679724084e-17,1.3657053691523634e-19,0.31662341457816096
2022-01-10,0.0008891509656628777,0.0,0.41370194561151324,0.2696746398103258,2.0025620679724084e-17,1.3657053691523634e-19,0.31662341457816096
2022-01-11,0.00421027578851152,0.0,0.41370194561151324,0.2696746398103258,2.0025620679724084e-17,1.3657053691523634e-19,0.31662341457816096
2022-01-12,-0.002016418836902858,0.0,0.41370194561151324,0.2696746398103258,2.0025620679724084e-17,1.3657053691523634e-19,0.31662341457816096
2022-01-13,-0.0034298777781555435,0.0,0.41370194561151324,0.2696746398103258,2.0025620679724084e-17,1.3657053691523634e-19,0.31662341457816096
2022-01-14,-0.0030338477437501492,0.0,0.41370194561151324,0.2696746398103258,2.0025620679724084e-17,1.3657053691523634e-19,0.31662341457816096
2022-01-18,-0.009135437609627884,0.0,0.41370194561151324,0.2696746398103258,2.0025620679724084e-17,1.3657053691523634e-19,0.31662341457816096
2022-01-19,-0.00316891438094919,0.0,0.41370194561151324,0.2696746398103258,2.0025620679724084e-17,1.3657053691523634e-19,0.31662341457816096
2022-01-20,-0.0019262652974210192,0.0,0.41370194561151324,0.2696746398103258,2.0025620679724084e-17,1.3657053691523634e-19,0.31662341457816096
2022-01-21,-0.0057735861842450956,0.0,0.41370194561151324,0.2696746398103258,2.0025620679724084e-17,1.3657053691523634e-19,0.31662341457816096
2022-01-24,0.0005306005952113333,0.0,0.41370194561151324,0.2696746398103258,2.0025620679724084e-17,1.3657053691523634e-19,0.31662341457816096
2022-01-25,-0.005363017267354133,0.0,0.41370194561151324,0.2696746398103258,2.0025620679724084e-17,1.3657053691523634e-19,0.31662341457816096
2022-01-26,-0.002574535483616031,0.0,0.41370194561151324,0.2696746398103258,2.0025620679724084e-17,1.3657053691523634e-19,0.31662341457816096
2022-01-27,0.0056049642750890605,0.0,0.41370194561151324,0.2696746398103258,2.0025620679724084e-17,1.3657053691523634e-19,0.31662341457816096
2022-01-28,0.010247079166257831,0.0,0.41370194561151324,0.2696746398103258,2.0025620679724084e-17,1.3657053691523634e-19,0.31662341457816096
2022-01-31,0.0038692441711590266,0.0,0.41370194561151324,0.2696746398103258,2.0025620679724084e-17,1.3657053691523634e-19,0.31662341457816096
2022-02-01,0.0010969178120032953,0.005354651626817902,0.41905659723833116,0.2648728084169414,0.0,0.0,0.3160705943447275
2022-02-02,0.003742927140675226,0.0,0.41905659723833116,0.2648728084169414,0.0,0.0,0.3160705943447275
2022-02-03,-0.013516362489630679,0.0,0.41905659723833116,0.2648728084169414,0.0,0.0,0.3160705943447275
2022-02-04,-0.0021815776595246663,0.0,0.41905659723833116,0.2648728084169414,0.0,0.0,0.3160705943447275
2022-02-07,-0.0010495917780422625,0.0,0.41905659723833116,0.2648728084169414,0.0,0.0,0.3160705943447275
2022-02-08,0.0021715389806151314,0.0,0.41905659723833116,0.2648728084169414,0.0,0.0,0.3160705943447275
2022-02-09,0.006261354087750066,0.0,0.41905659723833116,0.2648728084169414,0.0,0.0,0.3160705943447275
2022-02-10,-0.01124369451147295,0.0,0.41905659723833116,0.2648728084169414,0.0,0.0,0.3160705943447275
2022-02-11,-0.0029781139908969722,0.0,0.41905659723833116,0.2648728084169414,0.0,0.0,0.3160705943447275
2022-02-14,-0.0038880588049438882,0.012102393025724717,0.4069542042126065,0.2751253983270658,3.7035373552693144e-19,2.077234096541057e-19,0.31792039746032785
2022-02-15,0.0025059703802308188,0.011258960776850624,0.41821316498945704,0.26522518151764657,1.8487869253995837e-19,1.3066858391568315e-19,0.3165616534928964
2022-02-16,0.001424617459029183,0.0,0.41821316498945704,0.26522518151764657,1.8487869253995837e-19,1.3066858391568315e-19,0.3165616534928964
2022-02-17,-0.006837394079270915,0.0,0.41821316498945704,0.26522518151764657,1.8487869253995837e-19,1.3066858391568315e-19,0.3165616534928964
2022-02-18,0.0010308132156931975,0.0051646008456268655,0.41304856414383023,0.2697349493383854,3.117997257624807e-20,5.007344933594306e-20,0.3172164865177845
2022-02-22,-0.003653455906681405,0.003562509769573896,0.41661107391340413,0.26663972872575814,9.730489615757697e-20,1.0453088336190177e-19,0.31674919736083784
2022-02-23,-0.010688406937483498,0.0013075657865570522,0.415303508126847,0.2678113507564285,0.0,3.7316625340996743e-20,0.3168851411167245
2022-02-24,0.008467967077319512,0.042423850911982,0.37287965721486505,0.30105851071404693,3.087883391654029e-20,8.966339996669025e-20,0.3260618320710881
2022-02-25,0.00396704605311857,0.12575407941869338,0.24712557779617156,0.39308847198133573,0.01673306330068011,1.6827182689847952e-19,0.34305288692181246
2022-02-28,0.009508929313254942,0.0630641666076315,0.19101652099819172,0.396054754473455,0.07683094741619244,0.0,0.3360977771121609
2022-03-01,0.00777850845627915,0.07064313785888418,0.13035170079637984,0.39820348297390995,0.14532535677462166,0.0,0.3261194594550886
2022-03-02,-0.015058859673811521,0.08069564317715593,0.0637709815117323,0.3994201141428894,0.2248043687827981,2.0574530140429506e-19,0.3120045355625802
2022-03-03,0.006167910876916793,0.010084867135508463,0.07385584864724076,0.3956525178477756,0.22216918314841383,1.2943369750263486e-19,0.3083224503565698
2022-03-04,0.012126749072093084,0.0,0.07385584864724076,0.3956525178477756,0.22216918314841383,1.2943369750263486e-19,0.3083224503565698
2022-03-07,0.0003285836354021028,0.0,0.07385584864724076,0.3956525178477756,0.22216918314841383,1.2943369750263486e-19,0.3083224503565698
2022-03-08,0.0009573838737287777,0.0,0.07385584864724076,0.3956525178477756,0.22216918314841383,1.2943369750263486e-19,0.3083224503565698
2022-03-09,-0.011522798592844805,0.0,0.07385584864724076,0.3956525178477756,0.22216918314841383,1.2943369750263486e-19,0.3083224503565698
2022-03-10,0.0002723014495412401,0.24014558664527597,0.13031733790162026,0.15550693120249967,0.24180305799819207,9.949178476199566e-20,0.4723726728976881
2022-03-11,0.000459149428459143,0.23998914670129143,0.07388822632334474,0.3954960779037911,0.22228459581256005,0.0,0.30833109996030417
2022-03-14,-0.013241484350273464,0.0,0.07388822632334474,0.3954960779037911,0.22228459581256005,0.0,0.30833109996030417
2022-03-15,-0.0035724215146701378,0.0,0.07388822632334474,0.3954960779037911,0.22228459581256005,0.0,0.30833109996030417
2022-03-16,0.004695659902507384,0.0,0.07388822632334474,0.3954960779037911,0.22228459581256005,0.0,0.30833109996030417
2022-03-17,-0.0016408655749010899,0.0,0.07388822632334474,0.3954960779037911,0.22228459581256005,0.0,0.30833109996030417
2022-03-18,0.0040382375255269415,0.0,0.07388822632334474,0.3954960779037911,0.22228459581256005,0.0,0.30833109996030417
2022-03-21,-0.006306650308318879,0.0,0.07388822632334474,0.3954960779037911,0.22228459581256005,0.0,0.30833109996030417
2022-03-22,-0.0059311474123253695,0.0,0.07388822632334474,0.3954960779037911,0.22228459581256005,0.0,0.30833109996030417
2022-03-23,0.011103003996346998,0.0,0.07388822632334474,0.3954960779037911,0.22228459581256005,0.0,0.30833109996030417
2022-03-24,-1.9297730814701874e-05,0.0,0.07388822632334474,0.3954960779037911,0.22228459581256005,0.0,0.30833109996030417
2022-03-25,-0.005919314934322311,0.0,0.07388822632334474,0.3954960779037911,0.22228459581256005,0.0,0.30833109996030417
2022-03-28,0.0007944474228305585,0.0,0.07388822632334474,0.3954960779037911,0.22228459581256005,0.0,0.30833109996030417
2022-03-29,0.002138096708279468,0.0,0.07388822632334474,0.3954960779037911,0.22228459581256005,0.0,0.30833109996030417
2022-03-30,0.0027766682341030073,0.0,0.07388822632334474,0.3954960779037911,0.22228459581256005,0.0,0.30833109996030417
2022-03-31,0.001204408565103127,0.0,0.07388822632334474,0.3954960779037911,0.22228459581256005,0.0,0.30833109996030417
2022-04-01,0.0007857906140531969,0.009142126377255241,0.08303035270059994,0.39080274242620916,0.22029576489022232,1.227441514232617e-19,0.30587113998296855
2022-04-04,0.00045646293445333473,0.0,0.08303035270059994,0.39080274242620916,0.22029576489022232,1.227441514232617e-19,0.30587113998296855
2022-04-05,-0.00963963238472274,0.0,0.08303035270059994,0.39080274242620916,0.22029576489022232,1.227441514232617e-19,0.30587113998296855
2022-04-06,-0.003247310759320736,0.0,0.08303035270059994,0.39080274242620916,0.22029576489022232,1.227441514232617e-19,0.30587113998296855
2022-04-07,-0.0011168916360341653,0.0,0.08303035270059994,0.39080274242620916,0.22029576489022232,1.227441514232617e-19,0.30587113998296855
2022-04-08,-0.0030744836659458586,0.0,0.08303035270059994,0.39080274242620916,0.22029576489022232,1.227441514232617e-19,0.30587113998296855
2022-04-11,-0.005822884695068935,0.0,0.08303035270059994,0.39080274242620916,0.22029576489022232,1.227441514232617e-19,0.30587113998296855
2022-04-12,0.0018738549765062776,0.0,0.08303035270059994,0.39080274242620916,0.22029576489022232,1.227441514232617e-19,0.30587113998296855
2022-04-13,0.0015459338490757272,0.0,0.08303035270059994,0.39080274242620916,0.22029576489022232,1.227441514232617e-19,0.30587113998296855
2022-04-14,-0.008221345774592664,0.0,0.08303035270059994,0.39080274242620916,0.22029576489022232,1.227441514232617e-19,0.30587113998296855
2022-04-18,2.8649937625637345e-05,0.0,0.08303035270059994,0.39080274242620916,0.22029576489022232,1.227441514232617e-19,0.30587113998296855
2022-04-19,-0.004235210241634686,0.0,0.08303035270059994,0.39080274242620916,0.22029576489022232,1.227441514232617e-19,0.30587113998296855
2022-04-20,0.00672965075201855,0.0,0.08303035270059994,0.39080274242620916,0.22029576489022232,1.227441514232617e-19,0.30587113998296855
2022-04-21,-0.0040039501922269835,0.0,0.08303035270059994,0.39080274242620916,0.22029576489022232,1.227441514232617e-19,0.30587113998296855
2022-04-22,-0.005059704397527202,0.0,0.08303035270059994,0.39080274242620916,0.22029576489022232,1.227441514232617e-19,0.30587113998296855
2022-04-25,0.0019008572249184378,0.0,0.08303035270059994,0.39080274242620916,0.22029576489022232,1.227441514232617e-19,0.30587113998296855
2022-04-26,0.003778624555582946,0.0,0.08303035270059994,0.39080274242620916,0.22029576489022232,1.227441514232617e-19,0.30587113998296855
2022-04-27,-0.004542516663335564,0.0,0.08303035270059994,0.39080274242620916,0.22029576489022232,1.227441514232617e-19,0.30587113998296855
2022-04-28,0.005647028354579947,0.0,0.08303035270059994,0.39080274242620916,0.22029576489022232,1.227441514232617e-19,0.30587113998296855
2022-04-29,-0.009378802444529877,0.0,0.08303035270059994,0.39080274242620916,0.22029576489022232,1.227441514232617e-19,0.30587113998296855
2022-05-02,-0.00878531020963941,0.0008611983997261972,0.08373719927071731,0.3901296774663836,0.22010763145032172,3.1684126093232043e-19,0.30602549181257743
2022-05-03,0.0030282381062863893,0.006127947717784583,0.0881719258909342,0.38400172974859903,0.2217570992126416,2.029860055606962e-19,0.30606924514782524
2022-05-04,0.004434147704981822,0.0,0.0881719258909342,0.38400172974859903,0.2217570992126416,2.029860055606962e-19,0.30606924514782524
2022-05-05,-0.011933632764386151,0.0,0.0881719258909342,0.38400172974859903,0.2217570992126416,2.029860055606962e-19,0.30606924514782524
2022-05-06,-0.0051483518222938465,0.008209050097185797,0.09072054694492768,0.3757926796514132,0.22233752793281594,1.0225703520255351e-19,0.3111492454708432
2022-05-09,-0.002545424827522663,0.0077759075830518415,0.08811547812903886,0.3835685872344651,0.2216416598664299,1.3413437548758092e-20,0.30667427477006626
2022-05-10,0.002323448991510017,0.019286607786480718,0.09431879883247545,0.36428197944798435,0.22339434699275093,1.2954016212700487e-19,0.31800487472678934
2022-05-11,0.008132823709879888,0.01924112362896538,0.08812754149567491,0.38352310307694976,0.22164114562905354,0.0,0.3067082097983219
2022-05-12,-0.0015591528586504774,0.0,0.08812754149567491,0.38352310307694976,0.22164114562905354,0.0,0.3067082097983219
2022-05-13,-0.006233981505950251,0.0,0.08812754149567491,0.38352310307694976,0.22164114562905354,0.0,0.3067082097983219
2022-05-16,0.00015354117260200483,0.0,0.08812754149567491,0.38352310307694976,0.22164114562905354,0.0,0.3067082097983219
2022-05-17,-0.0067452699704511065,0.0,0.08812754149567491,0.38352310307694976,0.22164114562905354,0.0,0.3067082097983219
2022-05-18,0.006294996140711058,0.0,0.08812754149567491,0.38352310307694976,0.22164114562905354,0.0,0.3067082097983219
2022-05-19,0.00010142465367661124,0.03601294039521024,0.09907408038699816,0.34751016268173945,0.22494420562078898,0.0,0.3284715513104734
2022-05-20,0.005215519137434867,0.03597153026426982,0.08814169554271277,0.38348169294600926,0.22164554884077012,0.0,0.3067310626705078
2022-05-23,-0.006414444517411987,0.0,0.08814169554271277,0.38348169294600926,0.22164554884077012,0.0,0.3067310626705078
2022-05-24,0.007661961850413303,0.0,0.08814169554271277,0.38348169294600926,0.22164554884077012,0.0,0.3067310626705078
2022-05-25,0.0020859434166373924,0.0,0.08814169554271277,0.38348169294600926,0.22164554884077012,0.0,0.3067310626705078
2022-05-26,-0.0013947169760098114,0.0,0.08814169554271277,0.38348169294600926,0.22164554884077012,0.0,0.3067310626705078
2022-05-27,0.0025391850735289314,0.0,0.08814169554271277,0.38348169294600926,0.22164554884077012,0.0,0.3067310626705078
2022-05-31,-0.01023781966075486,0.0,0.08814169554271277,0.38348169294600926,0.22164554884077012,0.0,0.3067310626705078
2022-06-01,0.0026274870222978723,0.0,0.08814169554271277,0.38348169294600926,0.22164554884077012,0.0,0.3067310626705078
2022-06-02,0.0020200041100129655,0.006669977403205039,0.09264982812912997,0.37681171554280424,0.22336803986207004,4.951220171514342e-20,0.30717041646599574
2022-06-03,-0.003242323200509018,0.0,0.09264982812912997,0.37681171554280424,0.22336803986207004,4.951220171514342e-20,0.30717041646599574
2022-06-06,-0.0069761442166162615,0.0,0.09264982812912997,0.37681171554280424,0.22336803986207004,4.951220171514342e-20,0.30717041646599574
2022-06-07,0.006077534214433338,0.0,0.09264982812912997,0.37681171554280424,0.22336803986207004,4.951220171514342e-20,0.30717041646599574
2022-06-08,-0.0036536835855475935,0.0,0.09264982812912997,0.37681171554280424,0.22336803986207004,4.951220171514342e-20,0.30717041646599574
2022-06-09,0.0005818793174726779,0.0,0.09264982812912997,0.37681171554280424,0.22336803986207004,4.951220171514342e-20,0.30717041646599574
2022-06-10,0.0004199584260477038,0.0,0.09264982812912997,0.37681171554280424,0.22336803986207004,4.951220171514342e-20,0.30717041646599574
2022-06-13,-0.018261240463933244,0.0,0.09264982812912997,0.37681171554280424,0.22336803986207004,4.951220171514342e-20,0.30717041646599574
2022-06-14,-0.003135942231618333,0.23125707501486198,0.13330824136552494,0.14555464052794231,0.24048060477274344,0.0,0.48065651333378945
2022-06-15,0.0060108779285479585,0.08914857889801495,0.12258031191410786,0.23470321942595723,0.23513980255644734,2.501676055444095e-19,0.40757666610348764
2022-06-16,-0.0017396061441290907,0.08719351050286206,0.10714541369521641,0.3218967299288193,0.22808032921766752,0.0,0.34287752715829684
2022-06-17,0.003383113943291019,0.12436076847837838,0.12748379109816144,0.19753596145044092,0.23762587841116997,0.0,0.43735436904022773
2022-06-21,-0.0028184411017645435,0.013325834218702537,0.12580939437328728,0.21086179566914348,0.2367826404180252,0.0,0.42654616953954416
2022-06-22,0.005401365944159517,0.017466633813359,0.1279853036605615,0.19339516185578443,0.23787382366779575,0.0,0.44074571081585834
2022-06-23,0.0016590603495735034,0.030791227664100668,0.13150690854574903,0.16260393419168373,0.23963398676441017,0.0,0.466255170498157
2022-06-24,-0.0013218731145661277,0.12192735793133665,0.11462160259124958,0.2845312921230204,0.23126524583161653,0.0,0.3695818594541135
2022-06-27,-0.003187638020374762,0.09261213787435937,0.12816437403129782,0.1919191542486611,0.23797318613164722,4.925476682249559e-19,0.44194328558839396
2022-06-28,0.0009261304810695196,0.13237678963807212,0.10660763099498546,0.3242959438867332,0.22787060466188078,0.0,0.34122582045640065
2022-06-29,0.006935713912856777,0.014830240732866977,0.10309272899925488,0.33912618461960015,0.22656726986273507,0.0,0.3312138165184099
2022-06-30,-2.790789515654153e-06,0.021839275334174388,0.09723551967427362,0.36096545995377455,0.22463571523256215,1.483996648381468e-19,0.31716330513938973
2022-07-01,0.0056061893596483035,0.0072312245527721,0.09508539454100944,0.36819668450654663,0.22400343542741288,1.1940390783287116e-19,0.31271448552503106
2022-07-05,0.0032988937481611916,0.2534085339699036,0.13644617235098294,0.11478815053664311,0.24071996773060597,3.673822111471177e-19,0.5080457093817681
2022-07-06,-0.002878794679532034,0.00389110826290541,0.1367717837787411,0.11089704227373763,0.24085914963463148,0.0,0.5114720243128897
2022-07-07,0.0013805745181608743,0.0004525381848644943,0.13673944844225253,0.11134958045860222,0.2407917682623567,3.989111568158398e-19,0.5111192028367887
2022-07-08,-0.0016050868348911182,0.0005480393803763419,0.13669025684211716,0.11189761983897847,0.24077916851269204,7.0009435319406e-19,0.5106329548062123
2022-07-11,0.005035704400346825,0.007397368282708393,0.1360590526701884,0.11929498812168694,0.24056795867241573,0.0,0.5040780005357091
2022-07-12,-0.0016007443461391023,0.005195148385581591,0.13650166082108964,0.11409983973610534,0.24074612600253908,0.0,0.508652373440266
2022-07-13,0.0006457042264880382,0.0030934818955395127,0.13676263046201662,0.11100635784056577,0.2408563115394047,0.0,0.5113747001580129
2022-07-14,-0.0010954929261038763,0.0016000084940727688,0.13663012138489883,0.11260636633463854,0.24080954321850606,4.987440635082036e-20,0.5099539690619566
2022-07-15,-0.00022170992678192513,0.0004754094918150639,0.1365913034873549,0.11308177582645362,0.24073110925650926,8.851630198184906e-20,0.5095958114296822
2022-07-18,-0.004904005479866407,0.0,0.1365913034873549,0.11308177582645362,0.24073110925650926,8.851630198184906e-20,0.5095958114296822
2022-07-19,0.00046255086794563544,0.0009782320120866328,0.13666663088447822,0.11210354381436705,0.2409255224847988,3.1277438839166346e-19,0.5103043028163561
2022-07-20,0.0003314063222590938,0.0,0.13666663088447822,0.11210354381436705,0.2409255224847988,3.1277438839166346e-19,0.5103043028163561
2022-07-21,0.005901709893647532,0.03304751509019249,0.13374174357708826,0.1451510589045595,0.23948859869723807,0.0,0.48161859882111424
2022-07-22,0.0021163632799238016,0.052893454958073224,0.1283114459935703,0.19804451386263272,0.2365979448119232,9.361479726269869e-20,0.43704609533187383
2022-07-25,-0.004243614678270064,0.13787799741494794,0.10575553064319705,0.33592251127758066,0.22558865151704932,0.0,0.33273330656217304
2022-07-26,0.0012878322961398995,0.029490859022301495,0.0977480596374129,0.36541337029988213,0.22291385992998283,0.0,0.31392471013272216
2022-07-27,0.00011593929007896846,0.00044610064247940095,0.09738912807958734,0.3658376106183923,0.22293572025395206,8.739259950138713e-20,0.3138375410480683
2022-07-28,0.006631831139160393,0.0007983982933548878,0.09810696293749026,0.3651352514679584,0.2228396811110311,0.0,0.3139181044835203
2022-07-29,-0.00016460260783455376,0.0008974495841539075,0.09729983293724151,0.365911483992398,0.22296089817074538,2.1510740415248456e-19,0.3138277848996151
2022-08-01,0.008567561250951601,0.0,0.09729983293724151,0.365911483992398,0.22296089817074538,2.1510740415248456e-19,0.3138277848996151
2022-08-02,-0.007694961127468276,0.000694241934884106,0.09795143711583958,0.3653290267065822,0.22284911352167708,7.977468863687156e-20,0.31387042265590115
2022-08-03,0.008686029827021274,0.008842922037651003,0.10277677198019908,0.3582666982845733,0.221068519906035,1.6737288417903445e-19,0.3178880098291927
2022-08-04,0.0014549343749705144,0.0,0.10277677198019908,0.3582666982845733,0.221068519906035,1.6737288417903445e-19,0.3178880098291927
2022-08-05,-0.00848820177376864,0.0,0.10277677198019908,0.3582666982845733,0.221068519906035,1.6737288417903445e-19,0.3178880098291927
2022-08-08,0.007089896549190788,0.0,0.10277677198019908,0.3582666982845733,0.221068519906035,1.6737288417903445e-19,0.3178880098291927
2022-08-09,-0.0014592012426688018,0.0,0.10277677198019908,0.3582666982845733,0.221068519906035,1.6737288417903445e-19,0.3178880098291927
2022-08-10,-0.004202985677461964,0.0,0.10277677198019908,0.3582666982845733,0.221068519906035,1.6737288417903445e-19,0.3178880098291927
2022-08-11,-0.008707968585538588,0.0,0.10277677198019908,0.3582666982845733,0.221068519906035,1.6737288417903445e-19,0.3178880098291927
2022-08-12,0.008648909368261995,0.0,0.10277677198019908,0.3582666982845733,0.221068519906035,1.6737288417903445e-19,0.3178880098291927
2022-08-15,8.23205083644021e-05,0.0,0.10277677198019908,0.3582666982845733,0.221068519906035,1.6737288417903445e-19,0.3178880098291927
2022-08-16,0.00119220584727553,0.0,0.10277677198019908,0.3582666982845733,0.221068519906035,1.6737288417903445e-19,0.3178880098291927
2022-08-17,-0.005452374674554845,0.0,0.10277677198019908,0.3582666982845733,0.221068519906035,1.6737288417903445e-19,0.3178880098291927
2022-08-18,0.002702352134579423,0.0,0.10277677198019908,0.3582666982845733,0.221068519906035,1.6737288417903445e-19,0.3178880098291927
2022-08-19,-0.006778033296028987,0.0,0.10277677198019908,0.3582666982845733,0.221068519906035,1.6737288417903445e-19,0.3178880098291927
2022-08-22,-0.0021745087528640366,0.0,0.10277677198019908,0.3582666982845733,0.221068519906035,1.6737288417903445e-19,0.3178880098291927
2022-08-23,-0.0019826569675231373,0.0,0.10277677198019908,0.3582666982845733,0.221068519906035,1.6737288417903445e-19,0.3178880098291927
2022-08-24,-0.0014222803629097853,0.0,0.10277677198019908,0.3582666982845733,0.221068519906035,1.6737288417903445e-19,0.3178880098291927
2022-08-25,0.006574161552168856,0.0,0.10277677198019908,0.3582666982845733,0.221068519906035,1.6737288417903445e-19,0.3178880098291927
2022-08-26,-0.0022600798237745667,0.0,0.10277677198019908,0.3582666982845733,0.221068519906035,1.6737288417903445e-19,0.3178880098291927
2022-08-29,-0.00339785022924704,0.0,0.10277677198019908,0.3582666982845733,0.221068519906035,1.6737288417903445e-19,0.3178880098291927
2022-08-30,-0.0021908468864541585,0.0,0.10277677198019908,0.3582666982845733,0.221068519906035,1.6737288417903445e-19,0.3178880098291927
2022-08-31,-0.006133457367426237,0.0,0.10277677198019908,0.3582666982845733,0.221068519906035,1.6737288417903445e-19,0.3178880098291927
2022-09-01,-0.0052043704407427,0.0065518861813509965,0.10927018577369407,0.35218221839858055,0.22060111361067675,0.0,0.3179464822170487
2022-09-02,0.002890749001887787,0.0,0.10927018577369407,0.35218221839858055,0.22060111361067675,0.0,0.3179464822170487
2022-09-06,-0.008583820193996663,0.0,0.10927018577369407,0.35218221839858055,0.22060111361067675,0.0,0.3179464822170487
2022-09-07,0.007516637794354135,0.0,0.10927018577369407,0.35218221839858055,0.22060111361067675,0.0,0.3179464822170487
2022-09-08,-0.003572176558180016,0.0,0.10927018577369407,0.35218221839858055,0.22060111361067675,0.0,0.3179464822170487
2022-09-09,0.0013741504557248248,0.0,0.10927018577369407,0.35218221839858055,0.22060111361067675,0.0,0.3179464822170487
2022-09-12,-0.0022353576435630985,0.0,0.10927018577369407,0.35218221839858055,0.22060111361067675,0.0,0.3179464822170487
2022-09-13,-0.002422479226879013,0.0,0.10927018577369407,0.35218221839858055,0.22060111361067675,0.0,0.3179464822170487
2022-09-14,0.0001303764613783856,0.0,0.10927018577369407,0.35218221839858055,0.22060111361067675,0.0,0.3179464822170487
2022-09-15,-0.00537291721710287,0.0,0.10927018577369407,0.35218221839858055,0.22060111361067675,0.0,0.3179464822170487
2022-09-16,-0.002545171246822989,0.0,0.10927018577369407,0.35218221839858055,0.22060111361067675,0.0,0.3179464822170487
2022-09-19,0.0016231795992682325,0.0,0.10927018577369407,0.35218221839858055,0.22060111361067675,0.0,0.3179464822170487
2022-09-20,-0.004509358154104952,0.0,0.10927018577369407,0.35218221839858055,0.22060111361067675,0.0,0.3179464822170487
2022-09-21,0.008141734170680363,0.0,0.10927018577369407,0.35218221839858055,0.22060111361067675,0.0,0.3179464822170487
2022-09-22,-0.009616318330053162,0.0,0.10927018577369407,0.35218221839858055,0.22060111361067675,0.0,0.3179464822170487
2022-09-23,0.0008026890103380868,0.0,0.10927018577369407,0.35218221839858055,0.22060111361067675,0.0,0.3179464822170487
2022-09-26,-0.0068123117167159224,0.0,0.10927018577369407,0.35218221839858055,0.22060111361067675,0.0,0.3179464822170487
2022-09-27,-0.00899646969803725,0.0,0.10927018577369407,0.35218221839858055,0.22060111361067675,0.0,0.3179464822170487
2022-09-28,0.014380705933158516,0.0,0.10927018577369407,0.35218221839858055,0.22060111361067675,0.0,0.3179464822170487
2022-09-29,-0.005408493074515814,0.0,0.10927018577369407,0.35218221839858055,0.22060111361067675,0.0,0.3179464822170487
2022-09-30,-0.006222477217310375,0.0,0.10927018577369407,0.35218221839858055,0.22060111361067675,0.0,0.3179464822170487
2022-10-03,0.012192462294396373,0.01181837603657307,0.11183181123027253,0.34175894904784865,0.2192060069248355,0.0,0.3272032327970432
2022-10-04,0.0011811551678193623,7.632783294297951e-17,0.11183181123027254,0.3417589490478487,0.21920600692483552,0.0,0.3272032327970433
2022-10-05,-0.0016469829837639535,0.0,0.11183181123027254,0.3417589490478487,0.21920600692483552,0.0,0.3272032327970433
2022-10-06,-1.4950115910358905e-05,0.0,0.11183181123027254,0.3417589490478487,0.21920600692483552,0.0,0.3272032327970433
2022-10-07,-0.00753928277147054,0.0,0.11183181123027254,0.3417589490478487,0.21920600692483552,0.0,0.3272032327970433
2022-10-10,-0.008095153933547263,0.0,0.11183181123027254,0.3417589490478487,0.21920600692483552,0.0,0.3272032327970433
2022-10-11,0.0005681238794419084,0.0,0.11183181123027254,0.3417589490478487,0.21920600692483552,0.0,0.3272032327970433
2022-10-12,0.002480622056490763,0.0,0.11183181123027254,0.3417589490478487,0.21920600692483552,0.0,0.3272032327970433
2022-10-13,-0.003984794683074531,0.0,0.11183181123027254,0.3417589490478487,0.21920600692483552,0.0,0.3272032327970433
2022-10-14,-0.005827678638990982,0.0,0.11183181123027254,0.3417589490478487,0.21920600692483552,0.0,0.3272032327970433
2022-10-17,-0.0014901006671769641,0.0,0.11183181123027254,0.3417589490478487,0.21920600692483552,0.0,0.3272032327970433
2022-10-18,0.002369759352109339,0.0,0.11183181123027254,0.3417589490478487,0.21920600692483552,0.0,0.3272032327970433
2022-10-19,-0.007562427283673009,0.0,0.11183181123027254,0.3417589490478487,0.21920600692483552,0.0,0.3272032327970433
2022-10-20,-0.006910632201004925,0.0,0.11183181123027254,0.3417589490478487,0.21920600692483552,0.0,0.3272032327970433
2022-10-21,-0.0023351115532615338,0.0,0.11183181123027254,0.3417589490478487,0.21920600692483552,0.0,0.3272032327970433
2022-10-24,-0.0018409654509463783,0.0,0.11183181123027254,0.3417589490478487,0.21920600692483552,0.0,0.3272032327970433
2022-10-25,0.008652073814668326,0.0,0.11183181123027254,0.3417589490478487,0.21920600692483552,0.0,0.3272032327970433
2022-10-26,0.0020735716333639565,0.0,0.11183181123027254,0.3417589490478487,0.21920600692483552,0.0,0.3272032327970433
2022-10-27,0.005192923660246658,0.0,0.11183181123027254,0.3417589490478487,0.21920600692483552,0.0,0.3272032327970433
2022-10-28,-0.0013765754823115528,0.0,0.11183181123027254,0.3417589490478487,0.21920600692483552,0.0,0.3272032327970433
2022-10-31,-0.0022862269236235233,0.0,0.11183181123027254,0.3417589490478487,0.21920600692483552,0.0,0.3272032327970433
2022-11-01,0.004704637394393674,0.011715248257841607,0.1151399871179473,0.33126214938861565,0.217987558326227,0.0,0.33561030516721013
2022-11-02,-0.004393843750255572,0.0,0.1151399871179473,0.33126214938861565,0.217987558326227,0.0,0.33561030516721013
2022-11-03,-0.0010203415158542002,0.0,0.1151399871179473,0.33126214938861565,0.217987558326227,0.0,0.33561030516721013
2022-11-04,-0.0035094068475999274,0.0,0.1151399871179473,0.33126214938861565,0.217987558326227,0.0,0.33561030516721013
2022-11-07,-0.004979885810281295,0.0,0.1151399871179473,0.33126214938861565,0.217987558326227,0.0,0.33561030516721013
2022-11-08,0.007807788016947777,0.0,0.1151399871179473,0.33126214938861565,0.217987558326227,0.0,0.33561030516721013
2022-11-09,0.00012353903803984405,0.0,0.1151399871179473,0.33126214938861565,0.217987558326227,0.0,0.33561030516721013
2022-11-10,0.018037747662037015,0.0,0.1151399871179473,0.33126214938861565,0.217987558326227,0.0,0.33561030516721013
2022-11-11,-0.004383277459338393,0.14723587819411788,0.12925696403265957,0.18402627119449774,0.23565851655223735,1.0593823216396837e-18,0.4510582482206053
2022-11-14,0.00020999086592459013,0.14681697859210843,0.11520806607498978,0.3308432497866062,0.21804493549627252,0.0,0.3359037486421315
2022-11-15,0.005935403663894467,0.0,0.11520806607498978,0.3308432497866062,0.21804493549627252,0.0,0.3359037486421315
2022-11-16,0.005152639276046755,0.0,0.11520806607498978,0.3308432497866062,0.21804493549627252,0.0,0.3359037486421315
2022-11-17,-0.004137216199722436,0.0,0.11520806607498978,0.3308432497866062,0.21804493549627252,0.0,0.3359037486421315
2022-11-18,-0.0023199226262665138,0.0,0.11520806607498978,0.3308432497866062,0.21804493549627252,0.0,0.3359037486421315
2022-11-21,0.0026714581217497447,0.0,0.11520806607498978,0.3308432497866062,0.21804493549627252,0.0,0.3359037486421315
2022-11-22,0.004420992990476472,0.0,0.11520806607498978,0.3308432497866062,0.21804493549627252,0.0,0.3359037486421315
2022-11-23,0.00436588064451237,0.0,0.11520806607498978,0.3308432497866062,0.21804493549627252,0.0,0.3359037486421315
2022-11-25,-0.0009600100234146546,0.0,0.11520806607498978,0.3308432497866062,0.21804493549627252,0.0,0.3359037486421315
2022-11-28,-0.00016113781962053333,0.0,0.11520806607498978,0.3308432497866062,0.21804493549627252,0.0,0.3359037486421315
2022-11-29,-0.0024167221251087893,0.0,0.11520806607498978,0.3308432497866062,0.21804493549627252,0.0,0.3359037486421315
2022-11-30,0.006170471518671783,0.0,0.11520806607498978,0.3308432497866062,0.21804493549627252,0.0,0.3359037486421315
2022-12-01,0.010041428538121778,0.008880667194864217,0.11890995040541787,0.3225139379793768,0.21749358010863776,3.141497089033751e-22,0.3410825315065677
2022-12-02,0.0028049686132132767,0.0,0.11890995040541787,0.3225139379793768,0.21749358010863776,3.141497089033751e-22,0.3410825315065677
2022-12-05,-0.007609521372557982,0.0,0.11890995040541787,0.3225139379793768,0.21749358010863776,3.141497089033751e-22,0.3410825315065677
2022-12-06,0.003274929995988165,0.0,0.11890995040541787,0.3225139379793768,0.21749358010863776,3.141497089033751e-22,0.3410825315065677
2022-12-07,0.008284916888147167,0.0,0.11890995040541787,0.3225139379793768,0.21749358010863776,3.141497089033751e-22,0.3410825315065677
2022-12-08,-0.0008504819313735663,0.0,0.11890995040541787,0.3225139379793768,0.21749358010863776,3.141497089033751e-22,0.3410825315065677
2022-12-09,-0.0077842878459121415,0.0,0.11890995040541787,0.3225139379793768,0.21749358010863776,3.141497089033751e-22,0.3410825315065677
2022-12-12,0.001189573487787081,0.0,0.11890995040541787,0.3225139379793768,0.21749358010863776,3.141497089033751e-22,0.3410825315065677
2022-12-13,0.004724783039937324,0.0,0.11890995040541787,0.3225139379793768,0.21749358010863776,3.141497089033751e-22,0.3410825315065677
2022-12-14,-0.0014883435526983411,0.0,0.11890995040541787,0.3225139379793768,0.21749358010863776,3.141497089033751e-22,0.3410825315065677
2022-12-15,-0.0020412232490778243,0.0,0.11890995040541787,0.3225139379793768,0.21749358010863776,3.141497089033751e-22,0.3410825315065677
2022-12-16,-0.0025088607240622927,0.0,0.11890995040541787,0.3225139379793768,0.21749358010863776,3.141497089033751e-22,0.3410825315065677
2022-12-19,-0.006956102651570697,0.0,0.11890995040541787,0.3225139379793768,0.21749358010863776,3.141497089033751e-22,0.3410825315065677
2022-12-20,-0.004263592135695639,0.0,0.11890995040541787,0.3225139379793768,0.21749358010863776,3.141497089033751e-22,0.3410825315065677
2022-12-21,0.0030848381097676094,0.0,0.11890995040541787,0.3225139379793768,0.21749358010863776,3.141497089033751e-22,0.3410825315065677
2022-12-22,-0.0038989692451565396,0.0,0.11890995040541787,0.3225139379793768,0.21749358010863776,3.141497089033751e-22,0.3410825315065677
2022-12-23,-0.0035139299054865424,0.0,0.11890995040541787,0.3225139379793768,0.21749358010863776,3.141497089033751e-22,0.3410825315065677
2022-12-27,-0.005134428747937083,0.0,0.11890995040541787,0.3225139379793768,0.21749358010863776,3.141497089033751e-22,0.3410825315065677
2022-12-28,-0.0031385054976786567,0.0,0.11890995040541787,0.3225139379793768,0.21749358010863776,3.141497089033751e-22,0.3410825315065677
2022-12-29,0.004953277163680443,0.0,0.11890995040541787,0.3225139379793768,0.21749358010863776,3.141497089033751e-22,0.3410825315065677
2022-12-30,-0.003983788583229449,0.0,0.11890995040541787,0.3225139379793768,0.21749358010863776,3.141497089033751e-22,0.3410825315065677
2023-01-03,0.011038364307542,0.0072349640271399465,0.12336644590085558,0.31630920554916186,0.21646334851171264,6.136982393588306e-20,0.34386100003826986
2023-01-04,0.006099992196572706,0.0,0.12336644590085558,0.31630920554916186,0.21646334851171264,6.136982393588306e-20,0.34386100003826986
2023-01-05,0.0004109049061109876,0.0,0.12336644590085558,0.31630920554916186,0.21646334851171264,6.136982393588306e-20,0.34386100003826986
2023-01-06,0.00819712804488728,0.0,0.12336644590085558,0.31630920554916186,0.21646334851171264,6.136982393588306e-20,0.34386100003826986
2023-01-09,4.956099163712043e-06,0.0,0.12336644590085558,0.31630920554916186,0.21646334851171264,6.136982393588306e-20,0.34386100003826986
2023-01-10,-0.0033260127369833066,0.0,0.12336644590085558,0.31630920554916186,0.21646334851171264,6.136982393588306e-20,0.34386100003826986
2023-01-11,0.006552057377584115,0.0,0.12336644590085558,0.31630920554916186,0.21646334851171264,6.136982393588306e-20,0.34386100003826986
2023-01-12,0.005833251876061137,0.0,0.12336644590085558,0.31630920554916186,0.21646334851171264,6.136982393588306e-20,0.34386100003826986
2023-01-13,-1.3230007256226795e-05,0.0,0.12336644590085558,0.31630920554916186,0.21646334851171264,6.136982393588306e-20,0.34386100003826986
2023-01-17,-0.0026860084377844035,0.0,0.12336644590085558,0.31630920554916186,0.21646334851171264,6.136982393588306e-20,0.34386100003826986
2023-01-18,0.005095319298168524,0.0,0.12336644590085558,0.31630920554916186,0.21646334851171264,6.136982393588306e-20,0.34386100003826986
2023-01-19,-0.0003167596233937882,0.0,0.12336644590085558,0.31630920554916186,0.21646334851171264,6.136982393588306e-20,0.34386100003826986
2023-01-20,-0.004052030540239983,0.0,0.12336644590085558,0.31630920554916186,0.21646334851171264,6.136982393588306e-20,0.34386100003826986
2023-01-23,0.0009027407421765997,0.0,0.12336644590085558,0.31630920554916186,0.21646334851171264,6.136982393588306e-20,0.34386100003826986
2023-01-24,0.004824022166734344,0.0,0.12336644590085558,0.31630920554916186,0.21646334851171264,6.136982393588306e-20,0.34386100003826986
2023-01-25,0.0006825673575000023,0.0,0.12336644590085558,0.31630920554916186,0.21646334851171264,6.136982393588306e-20,0.34386100003826986
2023-01-26,-0.0011960107223457266,0.0,0.12336644590085558,0.31630920554916186,0.21646334851171264,6.136982393588306e-20,0.34386100003826986
2023-01-27,-0.00031504284154059873,0.0,0.12336644590085558,0.31630920554916186,0.21646334851171264,6.136982393588306e-20,0.34386100003826986
2023-01-30,-0.00200773610755199,0.0,0.12336644590085558,0.31630920554916186,0.21646334851171264,6.136982393588306e-20,0.34386100003826986
2023-01-31,0.00438152552950874,0.0,0.12336644590085558,0.31630920554916186,0.21646334851171264,6.136982393588306e-20,0.34386100003826986
2023-02-01,0.004590434244500097,0.0,0.12336644590085558,0.31630920554916186,0.21646334851171264,6.136982393588306e-20,0.34386100003826986
2023-02-02,2.920144321370442e-05,0.007556352415713466,0.12656463528497977,0.3087528531334484,0.21722316361737692,4.375587411942445e-20,0.34745934796419486
2023-02-03,-0.0068240699226688635,0.0,0.12656463528497977,0.3087528531334484,0.21722316361737692,4.375587411942445e-20,0.34745934796419486
2023-02-06,-0.0006080441376626207,0.0,0.12656463528497977,0.3087528531334484,0.21722316361737692,4.375587411942445e-20,0.34745934796419486
2023-02-07,-0.0012443535229996654,0.0,0.12656463528497977,0.3087528531334484,0.21722316361737692,4.375587411942445e-20,0.34745934796419486
2023-02-08,0.0009957788520179043,7.677780704026923e-06,0.12657231306568387,0.3087479037489663,0.217223038412835,2.8135619369351107e-19,0.3474567447725149
2023-02-09,-0.006238576076336331,0.0,0.12657231306568387,0.3087479037489663,0.217223038412835,2.8135619369351107e-19,0.3474567447725149
2023-02-10,-0.0016238419921632149,0.0,0.12657231306568387,0.3087479037489663,0.217223038412835,2.8135619369351107e-19,0.3474567447725149
2023-02-13,0.001987751418199492,0.0,0.12657231306568387,0.3087479037489663,0.217223038412835,2.8135619369351107e-19,0.3474567447725149
2023-02-14,-0.0008542622763924892,0.0,0.12657231306568387,0.3087479037489663,0.217223038412835,2.8135619369351107e-19,0.3474567447725149
2023-02-15,-0.0022647133982439263,0.0,0.12657231306568387,0.3087479037489663,0.217223038412835,2.8135619369351107e-19,0.3474567447725149
2023-02-16,-0.005799800938945507,0.0,0.12657231306568387,0.3087479037489663,0.217223038412835,2.8135619369351107e-19,0.3474567447725149
2023-02-17,0.0024862083348597876,0.0,0.12657231306568387,0.3087479037489663,0.217223038412835,2.8135619369351107e-19,0.3474567447725149
2023-02-21,-0.008238949712830446,0.0,0.12657231306568387,0.3087479037489663,0.217223038412835,2.8135619369351107e-19,0.3474567447725149
2023-02-22,0.0025424903319369815,0.0,0.12657231306568387,0.3087479037489663,0.217223038412835,2.8135619369351107e-19,0.3474567447725149
2023-02-23,0.0036981124942342637,0.0,0.12657231306568387,0.3087479037489663,0.217223038412835,2.8135619369351107e-19,0.3474567447725149
2023-02-24,-0.004348914683266267,0.0,0.12657231306568387,0.3087479037489663,0.217223038412835,2.8135619369351107e-19,0.3474567447725149
2023-02-27,0.00030960094929748604,0.0,0.12657231306568387,0.3087479037489663,0.217223038412835,2.8135619369351107e-19,0.3474567447725149
2023-02-28,0.0029053156173426574,0.0,0.12657231306568387,0.3087479037489663,0.217223038412835,2.8135619369351107e-19,0.3474567447725149
2023-03-01,-0.0043825377042592956,0.0,0.12657231306568387,0.3087479037489663,0.217223038412835,2.8135619369351107e-19,0.3474567447725149
2023-03-02,-3.688544534333248e-05,0.0,0.12657231306568387,0.3087479037489663,0.217223038412835,2.8135619369351107e-19,0.3474567447725149
2023-03-03,0.010494158323313315,0.0,0.12657231306568387,0.3087479037489663,0.217223038412835,2.8135619369351107e-19,0.3474567447725149
2023-03-06,-0.00383805810070271,0.008346110634129197,0.12897061699359397,0.30040179311483706,0.21811297207898442,2.772024899067322e-19,0.35251461781258453
2023-03-07,0.0004170272381203849,0.0,0.12897061699359397,0.30040179311483706,0.21811297207898442,2.772024899067322e-19,0.35251461781258453
2023-03-08,0.0002790699069617767,0.0,0.12897061699359397,0.30040179311483706,0.21811297207898442,2.772024899067322e-19,0.35251461781258453
2023-03-09,-0.0004792702989345529,0.0,0.12897061699359397,0.30040179311483706,0.21811297207898442,2.772024899067322e-19,0.35251461781258453
2023-03-10,0.010977634320952645,0.0,0.12897061699359397,0.30040179311483706,0.21811297207898442,2.772024899067322e-19,0.35251461781258453
2023-03-13,0.0022714013166074878,0.0,0.12897061699359397,0.30040179311483706,0.21811297207898442,2.772024899067322e-19,0.35251461781258453
2023-03-14,-0.004070230604461693,0.0,0.12897061699359397,0.30040179311483706,0.21811297207898442,2.772024899067322e-19,0.35251461781258453
2023-03-15,0.010461204659297754,0.0,0.12897061699359397,0.30040179311483706,0.21811297207898442,2.772024899067322e-19,0.35251461781258453
2023-03-16,-1.9140569526200895e-05,0.0,0.12897061699359397,0.30040179311483706,0.21811297207898442,2.772024899067322e-19,0.35251461781258453
2023-03-17,0.007363497971771417,0.0,0.12897061699359397,0.30040179311483706,0.21811297207898442,2.772024899067322e-19,0.35251461781258453
2023-03-20,-0.003319689151627252,0.0,0.12897061699359397,0.30040179311483706,0.21811297207898442,2.772024899067322e-19,0.35251461781258453
2023-03-21,-0.005130153337070346,0.0,0.12897061699359397,0.30040179311483706,0.21811297207898442,2.772024899067322e-19,0.35251461781258453
2023-03-22,0.002878264988504937,0.0,0.12897061699359397,0.30040179311483706,0.21811297207898442,2.772024899067322e-19,0.35251461781258453
2023-03-23,0.0035901948451118526,0.0,0.12897061699359397,0.30040179311483706,0.21811297207898442,2.772024899067322e-19,0.35251461781258453
2023-03-24,0.0018135178742833243,0.0,0.12897061699359397,0.30040179311483706,0.21811297207898442,2.772024899067322e-19,0.35251461781258453
2023-03-27,-0.009966448965248337,0.0,0.12897061699359397,0.30040179311483706,0.21811297207898442,2.772024899067322e-19,0.35251461781258453
2023-03-28,0.000781945047763113,0.0,0.12897061699359397,0.30040179311483706,0.21811297207898442,2.772024899067322e-19,0.35251461781258453
2023-03-29,0.0010754429713591058,0.0,0.12897061699359397,0.30040179311483706,0.21811297207898442,2.772024899067322e-19,0.35251461781258453
2023-03-30,0.0024670841154337013,0.0,0.12897061699359397,0.30040179311483706,0.21811297207898442,2.772024899067322e-19,0.35251461781258453
2023-03-31,0.006450216889009573,0.0,0.12897061699359397,0.30040179311483706,0.21811297207898442,2.772024899067322e-19,0.35251461781258453
2023-04-03,0.0018318835908592936,0.0,0.12897061699359397,0.30040179311483706,0.21811297207898442,2.772024899067322e-19,0.35251461781258453
2023-04-04,0.003408974414553902,0.0071998464368530635,0.1315132504681881,0.293201946677984,0.21947833963371133,1.0331589594655957e-19,0.35580646322011655
2023-04-05,0.0035757224069666465,0.0,0.1315132504681881,0.293201946677984,0.21947833963371133,1.0331589594655957e-19,0.35580646322011655
2023-04-06,-3.7713743416758474e-05,0.0,0.1315132504681881,0.293201946677984,0.21947833963371133,1.0331589594655957e-19,0.35580646322011655
2023-04-10,-0.00416460102087726,0.0,0.1315132504681881,0.293201946677984,0.21947833963371133,1.0331589594655957e-19,0.35580646322011655
2023-04-11,0.0007513843955488261,0.0,0.1315132504681881,0.293201946677984,0.21947833963371133,1.0331589594655957e-19,0.35580646322011655
2023-04-12,-0.0016852130859664714,0.0,0.1315132504681881,0.293201946677984,0.21947833963371133,1.0331589594655957e-19,0.35580646322011655
2023-04-13,0.0007362832163764054,0.0,0.1315132504681881,0.293201946677984,0.21947833963371133,1.0331589594655957e-19,0.35580646322011655
2023-04-14,-0.004821448936135086,0.0,0.1315132504681881,0.293201946677984,0.21947833963371133,1.0331589594655957e-19,0.35580646322011655
2023-04-17,-0.0021938142405664514,0.0,0.1315132504681881,0.293201946677984,0.21947833963371133,1.0331589594655957e-19,0.35580646322011655
2023-04-18,0.0007033545776699107,0.0,0.1315132504681881,0.293201946677984,0.21947833963371133,1.0331589594655957e-19,0.35580646322011655
2023-04-19,-0.0005822031627652938,0.0,0.1315132504681881,0.293201946677984,0.21947833963371133,1.0331589594655957e-19,0.35580646322011655
2023-04-20,0.0026533476876808267,0.0,0.1315132504681881,0.293201946677984,0.21947833963371133,1.0331589594655957e-19,0.35580646322011655
2023-04-21,-0.004099844297782542,0.0,0.1315132504681881,0.293201946677984,0.21947833963371133,1.0331589594655957e-19,0.35580646322011655
2023-04-24,0.0024868348295856903,0.0,0.1315132504681881,0.293201946677984,0.21947833963371133,1.0331589594655957e-19,0.35580646322011655
2023-04-25,0.005012435005068316,0.0,0.1315132504681881,0.293201946677984,0.21947833963371133,1.0331589594655957e-19,0.35580646322011655
2023-04-26,-0.006027817841636198,0.0,0.1315132504681881,0.293201946677984,0.21947833963371133,1.0331589594655957e-19,0.35580646322011655
2023-04-27,-0.00015081323412209548,0.0,0.1315132504681881,0.293201946677984,0.21947833963371133,1.0331589594655957e-19,0.35580646322011655
2023-04-28,0.006425061569687897,0.0,0.1315132504681881,0.293201946677984,0.21947833963371133,1.0331589594655957e-19,0.35580646322011655
2023-05-01,-0.007777869876970798,0.0,0.1315132504681881,0.293201946677984,0.21947833963371133,1.0331589594655957e-19,0.35580646322011655
2023-05-02,0.009170608007275198,0.0,0.1315132504681881,0.293201946677984,0.21947833963371133,1.0331589594655957e-19,0.35580646322011655
2023-05-03,0.0006765428182263247,0.0,0.1315132504681881,0.293201946677984,0.21947833963371133,1.0331589594655957e-19,0.35580646322011655
2023-05-04,-0.0018320817566579977,0.006911123318945431,0.1338010636072192,0.28629082335903855,0.2210673506301669,8.210927776889417e-21,0.3588407624035753
2023-05-05,-0.0024525249836744797,0.0,0.1338010636072192,0.28629082335903855,0.2210673506301669,8.210927776889417e-21,0.3588407624035753
2023-05-08,-0.003186512236856712,0.0,0.1338010636072192,0.28629082335903855,0.2210673506301669,8.210927776889417e-21,0.3588407624035753
2023-05-09,0.0011215244957996503,0.0,0.1338010636072192,0.28629082335903855,0.2210673506301669,8.210927776889417e-21,0.3588407624035753
2023-05-10,0.0024417842724197432,0.0,0.1338010636072192,0.28629082335903855,0.2210673506301669,8.210927776889417e-21,0.3588407624035753
2023-05-11,0.0032244428728830724,0.0,0.1338010636072192,0.28629082335903855,0.2210673506301669,8.210927776889417e-21,0.3588407624035753
2023-05-12,-0.0006360012829708925,0.0,0.1338010636072192,0.28629082335903855,0.2210673506301669,8.210927776889417e-21,0.3588407624035753
2023-05-15,-0.0030518324201125793,0.0,0.1338010636072192,0.28629082335903855,0.2210673506301669,8.210927776889417e-21,0.3588407624035753
2023-05-16,-0.003620977608785554,0.0,0.1338010636072192,0.28629082335903855,0.2210673506301669,8.210927776889417e-21,0.3588407624035753
2023-05-17,0.0006627675729098671,0.0,0.1338010636072192,0.28629082335903855,0.2210673506301669,8.210927776889417e-21,0.3588407624035753
2023-05-18,-0.0010221432190614485,0.0,0.1338010636072192,0.28629082335903855,0.2210673506301669,8.210927776889417e-21,0.3588407624035753
2023-05-19,-0.0010434033647740526,0.0,0.1338010636072192,0.28629082335903855,0.2210673506301669,8.210927776889417e-21,0.3588407624035753
2023-05-22,-0.001228976846098673,0.0,0.1338010636072192,0.28629082335903855,0.2210673506301669,8.210927776889417e-21,0.3588407624035753
2023-05-23,0.0006028079694356712,0.0,0.1338010636072192,0.28629082335903855,0.2210673506301669,8.210927776889417e-21,0.3588407624035753
2023-05-24,-0.0029050228267678392,0.0,0.1338010636072192,0.28629082335903855,0.2210673506301669,8.210927776889417e-21,0.3588407624035753
2023-05-25,-4.09033928746277e-05,0.0,0.1338010636072192,0.28629082335903855,0.2210673506301669,8.210927776889417e-21,0.3588407624035753
2023-05-26,0.0048030761272005,0.0,0.1338010636072192,0.28629082335903855,0.2210673506301669,8.210927776889417e-21,0.3588407624035753
2023-05-30,0.0039034279108715623,0.0,0.1338010636072192,0.28629082335903855,0.2210673506301669,8.210927776889417e-21,0.3588407624035753
2023-05-31,0.0027217426882920645,0.0,0.1338010636072192,0.28629082335903855,0.2210673506301669,8.210927776889417e-21,0.3588407624035753
