date,gross,turnover,w_SPY,w_TLT,w_GLD,w_USO,w_UUP
2019-01-02,0.0035862075149915933,0.18683265364136814,0.3285671869796577,0.25826546666171046,0.2,0.013167346358631836,0.2
2019-01-03,-0.00404676116013216,0.0,0.3285671869796577,0.25826546666171046,0.2,0.013167346358631836,0.2
2019-01-04,0.006389552356270466,0.0,0.3285671869796577,0.25826546666171046,0.2,0.013167346358631836,0.2
2019-01-07,0.0017991131229365682,0.0,0.3285671869796577,0.25826546666171046,0.2,0.013167346358631836,0.2
2019-01-08,0.002766411361708681,0.0,0.3285671869796577,0.25826546666171046,0.2,0.013167346358631836,0.2
2019-01-09,0.0012172154292638996,0.0,0.3285671869796577,0.25826546666171046,0.2,0.013167346358631836,0.2
2019-01-10,-0.0004293870441219718,0.0,0.3285671869796577,0.25826546666171046,0.2,0.013167346358631836,0.2
2019-01-11,0.001400713113504481,0.0,0.3285671869796577,0.25826546666171046,0.2,0.013167346358631836,0.2
2019-01-14,-0.002743186273865656,0.0,0.3285671869796577,0.25826546666171046,0.2,0.013167346358631836,0.2
2019-01-15,0.0035701367414903273,0.0,0.3285671869796577,0.25826546666171046,0.2,0.013167346358631836,0.2
2019-01-16,0.0020009391878437846,0.0,0.3285671869796577,0.25826546666171046,0.2,0.013167346358631836,0.2
2019-01-17,0.002259781666284469,0.0,0.3285671869796577,0.25826546666171046,0.2,0.013167346358631836,0.2
2019-01-18,0.002196114555278459,0.0,0.3285671869796577,0.25826546666171046,0.2,0.013167346358631836,0.2
2019-01-22,-0.002199797283926342,0.0,0.3285671869796577,0.25826546666171046,0.2,0.013167346358631836,0.2
2019-01-23,-0.00025209453421864996,0.0,0.3285671869796577,0.25826546666171046,0.2,0.013167346358631836,0.2
2019-01-24,0.0028764648186817704,0.0,0.3285671869796577,0.25826546666171046,0.2,0.013167346358631836,0.2
2019-01-25,0.0029237347256448813,0.0,0.3285671869796577,0.25826546666171046,0.2,0.013167346358631836,0.2
2019-01-28,-0.0022483583225282114,0.0,0.3285671869796577,0.25826546666171046,0.2,0.013167346358631836,0.2
2019-01-29,0.0023227356065098257,0.0,0.3285671869796577,0.25826546666171046,0.2,0.013167346358631836,0.2
2019-01-30,0.0054171609253657145,0.0,0.3285671869796577,0.25826546666171046,0.2,0.013167346358631836,0.2
2019-01-31,0.0055398554861551316,0.0,0.3285671869796577,0.25826546666171046,0.2,0.013167346358631836,0.2
2019-02-01,-0.001477682160371341,0.0,0.3285671869796577,0.25826546666171046,0.2,0.013167346358631836,0.2
2019-02-04,0.0006956069786309911,0.0,0.3285671869796577,0.25826546666171046,0.2,0.013167346358631836,0.2
2019-02-05,0.0033824547654018977,0.0,0.3285671869796577,0.25826546666171046,0.2,0.013167346358631836,0.2
2019-02-06,-0.0008384722210589887,0.0,0.3285671869796577,0.25826546666171046,0.2,0.013167346358631836,0.2
2019-02-07,-0.0007614185737299872,0.0,0.3285671869796577,0.25826546666171046,0.2,0.013167346358631836,0.2
2019-02-08,0.0025087075222274794,0.0,0.3285671869796577,0.25826546666171046,0.2,0.013167346358631836,0.2
2019-02-11,-0.0011186896177792355,0.0,0.3285671869796577,0.25826546666171046,0.2,0.013167346358631836,0.2
2019-02-12,0.003471159019198057,0.0,0.3285671869796577,0.25826546666171046,0.2,0.013167346358631836,0.2
2019-02-13,0.0005988672128985144,0.0,0.3285671869796577,0.25826546666171046,0.2,0.013167346358631836,0.2
2019-02-14,0.0017918746399057561,0.0,0.3285671869796577,0.25826546666171046,0.2,0.013167346358631836,0.2
2019-02-15,0.005053347947492656,0.0,0.3285671869796577,0.25826546666171046,0.2,0.013167346358631836,0.2
2019-02-19,0.00357289961059048,0.0,0.3285671869796577,0.25826546666171046,0.2,0.013167346358631836,0.2
2019-02-20,-0.00010075010038022782,0.0,0.3285671869796577,0.25826546666171046,0.2,0.013167346358631836,0.2
2019-02-21,-0.005637881486983838,0.0,0.3285671869796577,0.25826546666171046,0.2,0.013167346358631836,0.2
2019-02-22,0.004295523199761153,0.0,0.3285671869796577,0.25826546666171046,0.2,0.013167346358631836,0.2
2019-02-25,-0.0010990377766018614,0.0,0.3285671869796577,0.25826546666171046,0.2,0.013167346358631836,0.2
2019-02-26,0.0006683951170781816,0.0,0.3285671869796577,0.25826546666171046,0.2,0.013167346358631836,0.2
2019-02-27,-0.0040339400063974665,0.0,0.3285671869796577,0.25826546666171046,0.2,0.013167346358631836,0.2
2019-02-28,-0.0023912202902598547,0.0,0.3285671869796577,0.25826546666171046,0.2,0.013167346358631836,0.2
2019-03-01,-0.0032787552883686705,0.0,0.3285671869796577,0.25826546666171046,0.2,0.013167346358631836,0.2
2019-03-04,0.0006951119153477778,0.0,0.3285671869796577,0.25826546666171046,0.2,0.013167346358631836,0.2
2019-03-05,0.0009220839352884623,0.0,0.3285671869796577,0.25826546666171046,0.2,0.013167346358631836,0.2
2019-03-06,-0.0013008326691283287,0.0,0.3285671869796577,0.25826546666171046,0.2,0.013167346358631836,0.2
2019-03-07,0.0006092644608089574,0.0,0.3285671869796577,0.25826546666171046,0.2,0.013167346358631836,0.2
2019-03-08,0.001917022849584993,0.0,0.3285671869796577,0.25826546666171046,0.2,0.013167346358631836,0.2
2019-03-11,0.002707182488345371,0.0,0.3285671869796577,0.25826546666171046,0.2,0.013167346358631836,0.2
2019-03-12,0.0039084449629753736,0.0,0.3285671869796577,0.25826546666171046,0.2,0.013167346358631836,0.2
2019-03-13,0.002491731682152826,0.0,0.3285671869796577,0.25826546666171046,0.2,0.013167346358631836,0.2
2019-03-14,-0.0037316373053798736,0.0,0.3285671869796577,0.25826546666171046,0.2,0.013167346358631836,0.2
2019-03-15,0.00391532787479957,0.0,0.3285671869796577,0.25826546666171046,0.2,0.013167346358631836,0.2
2019-03-18,0.0010430557076106597,0.0,0.3285671869796577,0.25826546666171046,0.2,0.013167346358631836,0.2
2019-03-19,-0.000203991653443181,0.0,0.3285671869796577,0.25826546666171046,0.2,0.013167346358631836,0.2
2019-03-20,0.0020800488166066817,0.0,0.3285671869796577,0.25826546666171046,0.2,0.013167346358631836,0.2
2019-03-21,0.004661233209842311,0.0,0.3285671869796577,0.25826546666171046,0.2,0.013167346358631836,0.2
2019-03-22,-0.0016766682230002945,0.0,0.3285671869796577,0.25826546666171046,0.2,0.013167346358631836,0.2
2019-03-25,0.0017208259018506105,0.0,0.3285671869796577,0.25826546666171046,0.2,0.013167346358631836,0.2
2019-03-26,0.002127189196696407,0.0,0.3285671869796577,0.25826546666171046,0.2,0.013167346358631836,0.2
2019-03-27,-0.00029268018696149796,0.0,0.3285671869796577,0.25826546666171046,0.2,0.013167346358631836,0.2
2019-03-28,2.132918857477152e-05,0.0,0.3285671869796577,0.25826546666171046,0.2,0.013167346358631836,0.2
2019-03-29,0.002398126826691693,0.0,0.3285671869796577,0.25826546666171046,0.2,0.013167346358631836,0.2
2019-04-01,-0.0003754157719180191,0.0,0.3285671869796577,0.25826546666171046,0.2,0.013167346358631836,0.2
2019-04-02,0.0018051459991323435,0.0,0.3285671869796577,0.25826546666171046,0.2,0.013167346358631836,0.2
2019-04-03,-0.002344306116158874,0.0,0.3285671869796577,0.25826546666171046,0.2,0.013167346358631836,0.2
2019-04-04,0.0022724567548814394,0.0,0.3285671869796577,0.25826546666171046,0.2,0.013167346358631836,0.2
2019-04-05,0.0021758909019698744,0.0,0.3285671869796577,0.25826546666171046,0.2,0.013167346358631836,0.2
2019-04-08,-0.00023707110405937109,0.0,0.3285671869796577,0.25826546666171046,0.2,0.013167346358631836,0.2
2019-04-09,0.00018423792941761608,0.0,0.3285671869796577,0.25826546666171046,0.2,0.013167346358631836,0.2
2019-04-10,0.0021338672649070926,0.0,0.3285671869796577,0.25826546666171046,0.2,0.013167346358631836,0.2
2019-04-11,-0.0036869785772846195,0.0,0.3285671869796577,0.25826546666171046,0.2,0.013167346358631836,0.2
2019-04-12,-0.00024464115180813234,0.0,0.3285671869796577,0.25826546666171046,0.2,0.013167346358631836,0.2
2019-04-15,-7.643792866759958e-05,0.0,0.3285671869796577,0.25826546666171046,0.2,0.013167346358631836,0.2
2019-04-16,-0.002602872886384844,0.0,0.3285671869796577,0.25826546666171046,0.2,0.013167346358631836,0.2
2019-04-17,-0.0013223809077347035,0.0,0.3285671869796577,0.25826546666171046,0.2,0.013167346358631836,0.2
2019-04-18,0.0032655425775232933,0.0,0.3285671869796577,0.25826546666171046,0.2,0.013167346358631836,0.2
2019-04-22,-0.001069940086782613,0.0,0.3285671869796577,0.25826546666171046,0.2,0.013167346358631836,0.2
2019-04-23,0.003894154626499425,0.0,0.3285671869796577,0.25826546666171046,0.2,0.013167346358631836,0.2
2019-04-24,0.0028494027898240456,0.0,0.3285671869796577,0.25826546666171046,0.2,0.013167346358631836,0.2
2019-04-25,-0.00017654306521432993,0.0,0.3285671869796577,0.25826546666171046,0.2,0.013167346358631836,0.2
2019-04-26,0.003080236331561839,0.0,0.3285671869796577,0.25826546666171046,0.2,0.013167346358631836,0.2
2019-04-29,-0.002337960622204007,0.0,0.3285671869796577,0.25826546666171046,0.2,0.013167346358631836,0.2
2019-04-30,0.0015529433546941753,0.0,0.3285671869796577,0.25826546666171046,0.2,0.013167346358631836,0.2
2019-05-01,-0.002564455703021929,0.0,0.3285671869796577,0.25826546666171046,0.2,0.013167346358631836,0.2
2019-05-02,-0.0026438666953602793,0.0,0.3285671869796577,0.25826546666171046,0.2,0.013167346358631836,0.2
2019-05-03,0.004422845678528276,0.0,0.3285671869796577,0.25826546666171046,0.2,0.013167346358631836,0.2
2019-05-06,-1.948662649740125e-05,0.0,0.3285671869796577,0.25826546666171046,0.2,0.013167346358631836,0.2
2019-05-07,-0.003035568642899989,0.0,0.3285671869796577,0.25826546666171046,0.2,0.013167346358631836,0.2
2019-05-08,-0.0018260594300437629,0.0,0.3285671869796577,0.25826546666171046,0.2,0.013167346358631836,0.2
2019-05-09,8.089114798584703e-05,0.0,0.3285671869796577,0.25826546666171046,0.2,0.013167346358631836,0.2
2019-05-10,0.0016331706807347062,0.0,0.3285671869796577,0.25826546666171046,0.2,0.013167346358631836,0.2
2019-05-13,-0.004349844426522859,0.0,0.3285671869796577,0.25826546666171046,0.2,0.013167346358631836,0.2
2019-05-14,0.0025251454505638093,0.0,0.3285671869796577,0.25826546666171046,0.2,0.013167346358631836,0.2
2019-05-15,0.003575304280801209,0.0,0.3285671869796577,0.25826546666171046,0.2,0.013167346358631836,0.2
2019-05-16,0.00145146740327292,0.0,0.3285671869796577,0.25826546666171046,0.2,0.013167346358631836,0.2
2019-05-17,-0.002568159810772648,0.0,0.3285671869796577,0.25826546666171046,0.2,0.013167346358631836,0.2
2019-05-20,-0.0028035290527549227,0.0,0.3285671869796577,0.25826546666171046,0.2,0.013167346358631836,0.2
2019-05-21,0.002371099776179379,0.0,0.3285671869796577,0.25826546666171046,0.2,0.013167346358631836,0.2
2019-05-22,3.340782549192704e-05,0.0,0.3285671869796577,0.25826546666171046,0.2,0.013167346358631836,0.2
2019-05-23,-0.0006136449418429014,0.0,0.3285671869796577,0.25826546666171046,0.2,0.013167346358631836,0.2
2019-05-24,0.0006515369534990801,0.0,0.3285671869796577,0.25826546666171046,0.2,0.013167346358631836,0.2
2019-05-28,-0.0011333978805075449,0.0,0.3285671869796577,0.25826546666171046,0.2,0.013167346358631836,0.2
2019-05-29,-0.0008898825645858245,0.0,0.3285671869796577,0.25826546666171046,0.2,0.013167346358631836,0.2
2019-05-30,0.004034358535382126,0.0,0.3285671869796577,0.25826546666171046,0.2,0.013167346358631836,0.2
2019-05-31,-7.04399152957353e-05,0.0,0.3285671869796577,0.25826546666171046,0.2,0.013167346358631836,0.2
2019-06-03,0.0025842527334893244,0.0,0.3285671869796577,0.25826546666171046,0.2,0.013167346358631836,0.2
2019-06-04,0.004225973611375177,0.0,0.3285671869796577,0.25826546666171046,0.2,0.013167346358631836,0.2
2019-06-05,0.0021260119486272624,0.0,0.3285671869796577,0.25826546666171046,0.2,0.013167346358631836,0.2
2019-06-06,0.0032918382301508945,0.0,0.3285671869796577,0.25826546666171046,0.2,0.013167346358631836,0.2
2019-06-07,0.006011626850729134,0.0,0.3285671869796577,0.25826546666171046,0.2,0.013167346358631836,0.2
2019-06-10,-0.002824127533654449,0.0,0.3285671869796577,0.25826546666171046,0.2,0.013167346358631836,0.2
2019-06-11,-8.406736348347954e-05,0.0,0.3285671869796577,0.25826546666171046,0.2,0.013167346358631836,0.2
2019-06-12,0.000636183799415512,0.0,0.3285671869796577,0.25826546666171046,0.2,0.013167346358631836,0.2
2019-06-13,0.003918838871102853,0.0,0.3285671869796577,0.25826546666171046,0.2,0.013167346358631836,0.2
2019-06-14,0.0013663170102281206,0.0,0.3285671869796577,0.25826546666171046,0.2,0.013167346358631836,0.2
2019-06-17,0.00036988872894909485,0.0,0.3285671869796577,0.25826546666171046,0.2,0.013167346358631836,0.2
2019-06-18,0.0065868338874220875,0.0,0.3285671869796577,0.25826546666171046,0.2,0.013167346358631836,0.2
2019-06-19,0.0015070739249242926,0.0,0.3285671869796577,0.25826546666171046,0.2,0.013167346358631836,0.2
2019-06-20,0.008241464305410697,0.0,0.3285671869796577,0.25826546666171046,0.2,0.013167346358631836,0.2
2019-06-21,-0.0028514302248881735,0.0,0.3285671869796577,0.25826546666171046,0.2,0.013167346358631836,0.2
2019-06-24,0.0042292298535871325,0.0,0.3285671869796577,0.25826546666171046,0.2,0.013167346358631836,0.2
2019-06-25,-0.001582494616618114,0.0,0.3285671869796577,0.25826546666171046,0.2,0.013167346358631836,0.2
2019-06-26,-0.0033413255181966722,0.0,0.3285671869796577,0.25826546666171046,0.2,0.013167346358631836,0.2
2019-06-27,0.002789523521226965,0.0,0.3285671869796577,0.25826546666171046,0.2,0.013167346358631836,0.2
2019-06-28,0.0016361852752093506,0.0,0.3285671869796577,0.25826546666171046,0.2,0.013167346358631836,0.2
2019-07-01,0.00023053470695200617,0.0,0.3285671869796577,0.25826546666171046,0.2,0.013167346358631836,0.2
2019-07-02,0.006344936326262198,0.0,0.3285671869796577,0.25826546666171046,0.2,0.013167346358631836,0.2
2019-07-03,0.004876772524733687,0.0,0.3285671869796577,0.25826546666171046,0.2,0.013167346358631836,0.2
2019-07-05,-0.004756852977482779,0.0,0.3285671869796577,0.25826546666171046,0.2,0.013167346358631836,0.2
2019-07-08,-0.0023822811135862814,0.0,0.3285671869796577,0.25826546666171046,0.2,0.013167346358631836,0.2
2019-07-09,0.0012862610350918735,0.0,0.3285671869796577,0.25826546666171046,0.2,0.013167346358631836,0.2
2019-07-10,0.0030060591099797898,0.0,0.3285671869796577,0.25826546666171046,0.2,0.013167346358631836,0.2
2019-07-11,-0.004345219811959322,0.0,0.3285671869796577,0.25826546666171046,0.2,0.013167346358631836,0.2
2019-07-12,0.0026071506464209167,0.0,0.3285671869796577,0.25826546666171046,0.2,0.013167346358631836,0.2
2019-07-15,0.0016707623321829232,0.0,0.3285671869796577,0.25826546666171046,0.2,0.013167346358631836,0.2
2019-07-16,-0.0028525465003935236,0.0,0.3285671869796577,0.25826546666171046,0.2,0.013167346358631836,0.2
2019-07-17,0.0031173651028786756,0.0,0.3285671869796577,0.25826546666171046,0.2,0.013167346358631836,0.2
2019-07-18,0.0027684335298472536,0.0,0.3285671869796577,0.25826546666171046,0.2,0.013167346358631836,0.2
2019-07-19,-0.004258033443428646,0.0,0.3285671869796577,0.25826546666171046,0.2,0.013167346358631836,0.2
2019-07-22,0.001659341562171803,0.0,0.3285671869796577,0.25826546666171046,0.2,0.013167346358631836,0.2
2019-07-23,0.0008670255613936045,0.0,0.3285671869796577,0.25826546666171046,0.2,0.013167346358631836,0.2
2019-07-24,0.0034378863762988556,0.0,0.3285671869796577,0.25826546666171046,0.2,0.013167346358631836,0.2
2019-07-25,-0.003828782998635767,0.0,0.3285671869796577,0.25826546666171046,0.2,0.013167346358631836,0.2
2019-07-26,0.003500075879886909,0.0,0.3285671869796577,0.25826546666171046,0.2,0.013167346358631836,0.2
2019-07-29,0.0011550150725152396,0.0,0.3285671869796577,0.25826546666171046,0.2,0.013167346358631836,0.2
2019-07-30,0.0007803846827474571,0.0,0.3285671869796577,0.25826546666171046,0.2,0.013167346358631836,0.2
2019-07-31,-0.0029797876043763235,0.0,0.3285671869796577,0.25826546666171046,0.2,0.013167346358631836,0.2
2019-08-01,0.005675608634778668,0.0,0.3285671869796577,0.25826546666171046,0.2,0.013167346358631836,0.2
2019-08-02,-0.0011019418737121126,0.0,0.3285671869796577,0.25826546666171046,0.2,0.013167346358631836,0.2
2019-08-05,-0.003723688780926309,0.0,0.3285671869796577,0.25826546666171046,0.2,0.013167346358631836,0.2
2019-08-06,0.00825789794716259,0.0,0.3285671869796577,0.25826546666171046,0.2,0.013167346358631836,0.2
2019-08-07,0.0028186933826032474,0.0,0.3285671869796577,0.25826546666171046,0.2,0.013167346358631836,0.2
2019-08-08,0.008303607111971393,0.0,0.3285671869796577,0.25826546666171046,0.2,0.013167346358631836,0.2
2019-08-09,-0.003258584808705841,0.0,0.3285671869796577,0.25826546666171046,0.2,0.013167346358631836,0.2
2019-08-12,0.0032669748244499534,0.0,0.3285671869796577,0.25826546666171046,0.2,0.013167346358631836,0.2
2019-08-13,0.004531408518272366,0.0,0.3285671869796577,0.25826546666171046,0.2,0.013167346358631836,0.2
2019-08-14,-0.0025533207484970816,0.0,0.3285671869796577,0.25826546666171046,0.2,0.013167346358631836,0.2
2019-08-15,0.005117583367194431,0.0,0.3285671869796577,0.25826546666171046,0.2,0.013167346358631836,0.2
2019-08-16,0.0017068509943884386,0.0,0.3285671869796577,0.25826546666171046,0.2,0.013167346358631836,0.2
2019-08-19,-0.0013241349865949995,0.0,0.3285671869796577,0.25826546666171046,0.2,0.013167346358631836,0.2
2019-08-20,0.0012300489497454592,0.0,0.3285671869796577,0.25826546666171046,0.2,0.013167346358631836,0.2
2019-08-21,0.000521158021268376,0.0,0.3285671869796577,0.25826546666171046,0.2,0.013167346358631836,0.2
2019-08-22,-0.0025646301730816255,0.0,0.3285671869796577,0.25826546666171046,0.2,0.013167346358631836,0.2
2019-08-23,-0.0017906975395499672,0.0,0.3285671869796577,0.25826546666171046,0.2,0.013167346358631836,0.2
2019-08-26,0.00366116921501181,0.0,0.3285671869796577,0.25826546666171046,0.2,0.013167346358631836,0.2
2019-08-27,0.004737163228782943,0.0,0.3285671869796577,0.25826546666171046,0.2,0.013167346358631836,0.2
2019-08-28,0.0027869419327889817,0.0,0.3285671869796577,0.25826546666171046,0.2,0.013167346358631836,0.2
2019-08-29,0.00246797974093974,0.0,0.3285671869796577,0.25826546666171046,0.2,0.013167346358631836,0.2
2019-08-30,-0.00019972075461441687,0.0,0.3285671869796577,0.25826546666171046,0.2,0.013167346358631836,0.2
2019-09-03,0.0013660595276375163,0.0,0.3285671869796577,0.25826546666171046,0.2,0.013167346358631836,0.2
2019-09-04,0.004676400524013727,0.0,0.3285671869796577,0.25826546666171046,0.2,0.013167346358631836,0.2
2019-09-05,-0.005190077726867274,0.0,0.3285671869796577,0.25826546666171046,0.2,0.013167346358631836,0.2
2019-09-06,0.0005400591558145356,0.0,0.3285671869796577,0.25826546666171046,0.2,0.013167346358631836,0.2
2019-09-09,-0.005196293246554,0.0,0.3285671869796577,0.25826546666171046,0.2,0.013167346358631836,0.2
2019-09-10,-0.006200075888741204,0.0,0.3285671869796577,0.25826546666171046,0.2,0.013167346358631836,0.2
2019-09-11,0.003358409837872763,0.0,0.3285671869796577,0.25826546666171046,0.2,0.013167346358631836,0.2
2019-09-12,-0.0009753408173237025,0.0,0.3285671869796577,0.25826546666171046,0.2,0.013167346358631836,0.2
2019-09-13,-0.00772370146522792,0.0,0.3285671869796577,0.25826546666171046,0.2,0.013167346358631836,0.2
2019-09-16,0.006444141372888391,0.0,0.3285671869796577,0.25826546666171046,0.2,0.013167346358631836,0.2
2019-09-17,0.0011805682373923934,0.0,0.3285671869796577,0.25826546666171046,0.2,0.013167346358631836,0.2
2019-09-18,0.0005804589485443191,0.0,0.3285671869796577,0.25826546666171046,0.2,0.013167346358631836,0.2
2019-09-19,0.0012158080502966827,0.0,0.3285671869796577,0.25826546666171046,0.2,0.013167346358631836,0.2
2019-09-20,0.00475735788867206,0.0,0.3285671869796577,0.25826546666171046,0.2,0.013167346358631836,0.2
2019-09-23,0.0012966068783452746,0.0,0.3285671869796577,0.25826546666171046,0.2,0.013167346358631836,0.2
2019-09-24,0.000513824824437999,0.0,0.3285671869796577,0.25826546666171046,0.2,0.013167346358631836,0.2
2019-09-25,-0.004085181719943602,0.0,0.3285671869796577,0.25826546666171046,0.2,0.013167346358631836,0.2
2019-09-26,0.0014393408830763932,0.0,0.3285671869796577,0.25826546666171046,0.2,0.013167346358631836,0.2
2019-09-27,-0.0026168615715534984,0.0,0.3285671869796577,0.25826546666171046,0.2,0.013167346358631836,0.2
2019-09-30,-0.0006428950996858601,0.0,0.3285671869796577,0.25826546666171046,0.2,0.013167346358631836,0.2
2019-10-01,-0.0028745780858028588,0.0,0.3285671869796577,0.25826546666171046,0.2,0.013167346358631836,0.2
2019-10-02,-0.0032335150153089873,0.0,0.3285671869796577,0.25826546666171046,0.2,0.013167346358631836,0.2
2019-10-03,0.005820004394513235,0.0,0.3285671869796577,0.25826546666171046,0.2,0.013167346358631836,0.2
2019-10-04,0.006337199455920213,0.0,0.3285671869796577,0.25826546666171046,0.2,0.013167346358631836,0.2
2019-10-07,-0.004892722990109367,0.0,0.3285671869796577,0.25826546666171046,0.2,0.013167346358631836,0.2
2019-10-08,-0.00253953210148832,0.0,0.3285671869796577,0.25826546666171046,0.2,0.013167346358631836,0.2
2019-10-09,0.001817641425409697,0.0,0.3285671869796577,0.25826546666171046,0.2,0.013167346358631836,0.2
2019-10-10,-0.003944557798531287,0.0,0.3285671869796577,0.25826546666171046,0.2,0.013167346358631836,0.2
2019-10-11,-0.0013704101683351517,0.0,0.3285671869796577,0.25826546666171046,0.2,0.013167346358631836,0.2
2019-10-14,0.002629350972832473,0.0,0.3285671869796577,0.25826546666171046,0.2,0.013167346358631836,0.2
2019-10-15,-0.001999119941262997,0.0,0.3285671869796577,0.25826546666171046,0.2,0.013167346358631836,0.2
2019-10-16,0.0005056278967033282,0.0,0.3285671869796577,0.25826546666171046,0.2,0.013167346358631836,0.2
2019-10-17,4.4190605802990396e-05,0.0,0.3285671869796577,0.25826546666171046,0.2,0.013167346358631836,0.2
2019-10-18,-0.0024720506850074097,0.0,0.3285671869796577,0.25826546666171046,0.2,0.013167346358631836,0.2
2019-10-21,-0.0005305478099500605,0.0,0.3285671869796577,0.25826546666171046,0.2,0.013167346358631836,0.2
2019-10-22,0.0016276396556689262,0.0,0.3285671869796577,0.25826546666171046,0.2,0.013167346358631836,0.2
2019-10-23,0.001971216635607398,0.0,0.3285671869796577,0.25826546666171046,0.2,0.013167346358631836,0.2
2019-10-24,0.002132998522332681,0.0,0.3285671869796577,0.25826546666171046,0.2,0.013167346358631836,0.2
2019-10-25,0.0008871623343243742,0.0,0.3285671869796577,0.25826546666171046,0.2,0.013167346358631836,0.2
2019-10-28,-0.0025672559463235855,0.0,0.3285671869796577,0.25826546666171046,0.2,0.013167346358631836,0.2
2019-10-29,-0.0006365892541250678,0.0,0.3285671869796577,0.25826546666171046,0.2,0.013167346358631836,0.2
2019-10-30,0.005310781189277577,0.0,0.3285671869796577,0.25826546666171046,0.2,0.013167346358631836,0.2
2019-10-31,0.004038139935817379,0.0,0.3285671869796577,0.25826546666171046,0.2,0.013167346358631836,0.2
2019-11-01,0.0028105731880991077,0.0,0.3285671869796577,0.25826546666171046,0.2,0.013167346358631836,0.2
2019-11-04,-0.001766699991040555,0.0,0.3285671869796577,0.25826546666171046,0.2,0.013167346358631836,0.2
2019-11-05,-0.005620531733482074,0.0,0.3285671869796577,0.25826546666171046,0.2,0.013167346358631836,0.2
2019-11-06,0.0023634583318618207,0.0,0.3285671869796577,0.25826546666171046,0.2,0.013167346358631836,0.2
2019-11-07,-0.006102156886397388,0.0,0.3285671869796577,0.25826546666171046,0.2,0.013167346358631836,0.2
2019-11-08,-0.0009802609861637853,0.0,0.3285671869796577,0.25826546666171046,0.2,0.013167346358631836,0.2
2019-11-11,-0.001342685597745338,0.0,0.3285671869796577,0.25826546666171046,0.2,0.013167346358631836,0.2
2019-11-12,0.002694249004234389,0.0,0.3285671869796577,0.25826546666171046,0.2,0.013167346358631836,0.2
2019-11-13,0.002608163066098703,0.0,0.3285671869796577,0.25826546666171046,0.2,0.013167346358631836,0.2
2019-11-14,0.003782866746736953,0.0,0.3285671869796577,0.25826546666171046,0.2,0.013167346358631836,0.2
2019-11-15,0.0013330375805181349,0.0,0.3285671869796577,0.25826546666171046,0.2,0.013167346358631836,0.2
2019-11-18,0.000735098308046908,0.0,0.3285671869796577,0.25826546666171046,0.2,0.013167346358631836,0.2
2019-11-19,0.0020174371623138876,0.0,0.3285671869796577,0.25826546666171046,0.2,0.013167346358631836,0.2
2019-11-20,0.001927113008190595,0.0,0.3285671869796577,0.25826546666171046,0.2,0.013167346358631836,0.2
2019-11-21,-0.0026100195347857655,0.0,0.3285671869796577,0.25826546666171046,0.2,0.013167346358631836,0.2
2019-11-22,0.001185829166304332,0.0,0.3285671869796577,0.25826546666171046,0.2,0.013167346358631836,0.2
2019-11-25,0.0024936718409827984,0.0,0.3285671869796577,0.25826546666171046,0.2,0.013167346358631836,0.2
2019-11-26,0.0030807946283565872,0.0,0.3285671869796577,0.25826546666171046,0.2,0.013167346358631836,0.2
2019-11-27,-0.00010207686128941223,0.0,0.3285671869796577,0.25826546666171046,0.2,0.013167346358631836,0.2
2019-11-29,-0.0013151982756423348,0.0,0.3285671869796577,0.25826546666171046,0.2,0.013167346358631836,0.2
2019-12-02,-0.007096992626060752,0.0,0.3285671869796577,0.25826546666171046,0.2,0.013167346358631836,0.2
2019-12-03,0.005005213992897088,0.0,0.3285671869796577,0.25826546666171046,0.2,0.013167346358631836,0.2
2019-12-04,-0.0005673524879750459,0.0,0.3285671869796577,0.25826546666171046,0.2,0.013167346358631836,0.2
2019-12-05,-0.0009990864505607447,0.0,0.3285671869796577,0.25826546666171046,0.2,0.013167346358631836,0.2
2019-12-06,0.0004763071870935294,0.0,0.3285671869796577,0.25826546666171046,0.2,0.013167346358631836,0.2
2019-12-09,-0.000744706498606847,0.0,0.3285671869796577,0.25826546666171046,0.2,0.013167346358631836,0.2
2019-12-10,5.8934903772738575e-05,0.0,0.3285671869796577,0.25826546666171046,0.2,0.013167346358631836,0.2
2019-12-11,0.0034960358836663846,0.0,0.3285671869796577,0.25826546666171046,0.2,0.013167346358631836,0.2
2019-12-12,-0.001748572994598015,0.0,0.3285671869796577,0.25826546666171046,0.2,0.013167346358631836,0.2
2019-12-13,0.004207773340596488,0.0,0.3285671869796577,0.25826546666171046,0.2,0.013167346358631836,0.2
2019-12-16,-0.0003484825914849606,0.0,0.3285671869796577,0.25826546666171046,0.2,0.013167346358631836,0.2
2019-12-17,0.00018441432722012235,0.0,0.3285671869796577,0.25826546666171046,0.2,0.013167346358631836,0.2
2019-12-18,-0.0016900873110026011,0.0,0.3285671869796577,0.25826546666171046,0.2,0.013167346358631836,0.2
2019-12-19,0.0023192467704560857,0.0,0.3285671869796577,0.25826546666171046,0.2,0.013167346358631836,0.2
2019-12-20,0.0025012441168481623,0.0,0.3285671869796577,0.25826546666171046,0.2,0.013167346358631836,0.2
2019-12-23,0.0007069765691226735,0.0,0.3285671869796577,0.25826546666171046,0.2,0.013167346358631836,0.2
2019-12-24,0.0027072252912843484,0.0,0.3285671869796577,0.25826546666171046,0.2,0.013167346358631836,0.2
2019-12-26,0.003762382737859871,0.0,0.3285671869796577,0.25826546666171046,0.2,0.013167346358631836,0.2
2019-12-27,-0.0008402237418934187,0.0,0.3285671869796577,0.25826546666171046,0.2,0.013167346358631836,0.2
2019-12-30,-0.002733947218145941,0.0,0.3285671869796577,0.25826546666171046,0.2,0.013167346358631836,0.2
2019-12-31,-0.001972116756177523,0.0,0.3285671869796577,0.25826546666171046,0.2,0.013167346358631836,0.2
2020-01-02,0.008152066895559305,0.0,0.3285671869796577,0.25826546666171046,0.2,0.013167346358631836,0.2
2020-01-03,0.004753515172344053,0.0,0.3285671869796577,0.25826546666171046,0.2,0.013167346358631836,0.2
2020-01-06,0.0014049935527146377,0.0,0.3285671869796577,0.25826546666171046,0.2,0.013167346358631836,0.2
2020-01-07,-0.0007450170574000968,0.0,0.3285671869796577,0.25826546666171046,0.2,0.013167346358631836,0.2
2020-01-08,-0.001391750170497409,0.0,0.3285671869796577,0.25826546666171046,0.2,0.013167346358631836,0.2
2020-01-09,0.0022091466760794593,0.0,0.3285671869796577,0.25826546666171046,0.2,0.013167346358631836,0.2
2020-01-10,0.0023191448371082135,0.0,0.3285671869796577,0.25826546666171046,0.2,0.013167346358631836,0.2
2020-01-13,-0.000230541661634376,0.0,0.3285671869796577,0.25826546666171046,0.2,0.013167346358631836,0.2
2020-01-14,0.0008118491649624634,0.0,0.3285671869796577,0.25826546666171046,0.2,0.013167346358631836,0.2
2020-01-15,0.00320985780006997,0.0,0.3285671869796577,0.25826546666171046,0.2,0.013167346358631836,0.2
2020-01-16,0.002030047854694531,0.0,0.3285671869796577,0.25826546666171046,0.2,0.013167346358631836,0.2
2020-01-17,-8.69835873416689e-05,0.0,0.3285671869796577,0.25826546666171046,0.2,0.013167346358631836,0.2
2020-01-21,0.002040142371534107,0.0,0.3285671869796577,0.25826546666171046,0.2,0.013167346358631836,0.2
2020-01-22,0.0004972959219504379,0.0,0.3285671869796577,0.25826546666171046,0.2,0.013167346358631836,0.2
2020-01-23,0.002901954094804938,0.0,0.3285671869796577,0.25826546666171046,0.2,0.013167346358631836,0.2
2020-01-24,0.00037999478549734103,0.0,0.3285671869796577,0.25826546666171046,0.2,0.013167346358631836,0.2
2020-01-27,3.8466837548407386e-05,0.0,0.3285671869796577,0.25826546666171046,0.2,0.013167346358631836,0.2
2020-01-28,-0.00018683102461106897,0.0,0.3285671869796577,0.25826546666171046,0.2,0.013167346358631836,0.2
2020-01-29,0.0035351124360381756,0.0,0.3285671869796577,0.25826546666171046,0.2,0.013167346358631836,0.2
2020-01-30,0.00041669208500773867,0.0,0.3285671869796577,0.25826546666171046,0.2,0.013167346358631836,0.2
2020-01-31,-0.003568509474089865,0.0,0.3285671869796577,0.25826546666171046,0.2,0.013167346358631836,0.2
2020-02-03,0.0014965649730720792,0.0,0.3285671869796577,0.25826546666171046,0.2,0.013167346358631836,0.2
2020-02-04,-0.0008318139232287849,0.0,0.3285671869796577,0.25826546666171046,0.2,0.013167346358631836,0.2
2020-02-05,0.002299919819148744,0.0,0.3285671869796577,0.25826546666171046,0.2,0.013167346358631836,0.2
2020-02-06,0.0037731902603672573,0.0,0.3285671869796577,0.25826546666171046,0.2,0.013167346358631836,0.2
2020-02-07,0.0022556790756277038,0.0,0.3285671869796577,0.25826546666171046,0.2,0.013167346358631836,0.2
2020-02-10,0.003783304001666714,0.0,0.3285671869796577,0.25826546666171046,0.2,0.013167346358631836,0.2
2020-02-11,-0.0015443105688849816,0.0,0.3285671869796577,0.25826546666171046,0.2,0.013167346358631836,0.2
2020-02-12,0.001559519737689884,0.0,0.3285671869796577,0.25826546666171046,0.2,0.013167346358631836,0.2
2020-02-13,0.002039917292001873,0.0,0.3285671869796577,0.25826546666171046,0.2,0.013167346358631836,0.2
2020-02-14,0.0025516133339399992,0.0,0.3285671869796577,0.25826546666171046,0.2,0.013167346358631836,0.2
2020-02-18,0.004233218662336484,0.0,0.3285671869796577,0.25826546666171046,0.2,0.013167346358631836,0.2
2020-02-19,0.0033682789506903387,0.0,0.3285671869796577,0.25826546666171046,0.2,0.013167346358631836,0.2
2020-02-20,0.002202665163421074,0.0,0.3285671869796577,0.25826546666171046,0.2,0.013167346358631836,0.2
2020-02-21,0.0007079197292250239,0.0,0.3285671869796577,0.25826546666171046,0.2,0.013167346358631836,0.2
2020-02-24,-0.005665442385908017,0.0,0.3285671869796577,0.25826546666171046,0.2,0.013167346358631836,0.2
2020-02-25,-0.013168910078559469,0.0,0.3285671869796577,0.25826546666171046,0.2,0.013167346358631836,0.2
2020-02-26,-0.0018187637907425894,0.0,0.3285671869796577,0.25826546666171046,0.2,0.013167346358631836,0.2
2020-02-27,-0.013640556566137375,0.0,0.3285671869796577,0.25826546666171046,0.2,0.013167346358631836,0.2
2020-02-28,-0.0039669829222842385,0.0,0.3285671869796577,0.25826546666171046,0.2,0.013167346358631836,0.2
2020-03-02,0.01303363652472204,0.0,0.3285671869796577,0.25826546666171046,0.2,0.013167346358631836,0.2
2020-03-03,1.5460638713890064e-05,0.0,0.3285671869796577,0.25826546666171046,0.2,0.013167346358631836,0.2
2020-03-04,0.012063937793386376,0.0,0.3285671869796577,0.25826546666171046,0.2,0.013167346358631836,0.2
2020-03-05,-0.0020237220452245554,0.0,0.3285671869796577,0.25826546666171046,0.2,0.013167346358631836,0.2
2020-03-06,0.011413797588499825,0.2369307655932299,0.10480376774505964,0.29519623225494035,0.20000000000000004,3.1677600284798136e-18,0.4000000000000001
2020-03-09,-0.003999227632839885,0.001507623894308975,0.10329614385075073,0.2967038561492493,0.20000000000000004,7.648861876419999e-19,0.4
2020-03-10,-0.008178823196540848,0.0,0.10329614385075073,0.2967038561492493,0.20000000000000004,7.648861876419999e-19,0.4
2020-03-11,-0.016052839154812548,0.0,0.10329614385075073,0.2967038561492493,0.20000000000000004,7.648861876419999e-19,0.4
2020-03-12,-0.011699349414505256,0.00040704871506952494,0.1028890951356812,0.29711090486431885,0.20000000000000004,0.0,0.4
2020-03-13,0.011105430016538341,0.0,0.1028890951356812,0.29711090486431885,0.20000000000000004,0.0,0.4
2020-03-16,-0.007133175959409986,0.0,0.1028890951356812,0.29711090486431885,0.20000000000000004,0.0,0.4
2020-03-17,-0.00446772729674127,0.0,0.1028890951356812,0.29711090486431885,0.20000000000000004,0.0,0.4
2020-03-18,-0.019887390759832577,0.0,0.1028890951356812,0.29711090486431885,0.20000000000000004,0.0,0.4
2020-03-19,0.014001753677509998,0.0,0.1028890951356812,0.29711090486431885,0.20000000000000004,0.0,0.4
2020-03-20,0.019767361049546142,0.0,0.1028890951356812,0.29711090486431885,0.20000000000000004,0.0,0.4
2020-03-23,0.017877875186642512,0.0,0.1028890951356812,0.29711090486431885,0.20000000000000004,0.0,0.4
2020-03-24,0.008921106558353459,0.0,0.1028890951356812,0.29711090486431885,0.20000000000000004,0.0,0.4
2020-03-25,-0.005633658004666499,0.0,0.1028890951356812,0.29711090486431885,0.20000000000000004,0.0,0.4
2020-03-26,0.003536946139209232,0.0013435231220665022,0.10154557201361468,0.29845442798638533,0.20000000000000004,3.082649127379721e-19,0.4
2020-03-27,0.0003846325465498993,0.0,0.10154557201361468,0.29845442798638533,0.20000000000000004,3.082649127379721e-19,0.4
2020-03-30,0.0035176077222092254,0.0,0.10154557201361468,0.29845442798638533,0.20000000000000004,3.082649127379721e-19,0.4
2020-03-31,-0.010603384298072126,0.0,0.10154557201361468,0.29845442798638533,0.20000000000000004,3.082649127379721e-19,0.4
2020-04-01,0.004037047836698381,0.0,0.10154557201361468,0.29845442798638533,0.20000000000000004,3.082649127379721e-19,0.4
2020-04-02,0.009563075341632359,0.0016044050200108434,0.0999411669936038,0.30005883300639613,0.20000000000000004,3.8648222038814024e-19,0.4
2020-04-03,0.0024677840969336063,0.0,0.0999411669936038,0.30005883300639613,0.20000000000000004,3.8648222038814024e-19,0.4
2020-04-06,0.011617732889518353,0.0,0.0999411669936038,0.30005883300639613,0.20000000000000004,3.8648222038814024e-19,0.4
2020-04-07,-0.00777417876438037,0.0,0.0999411669936038,0.30005883300639613,0.20000000000000004,3.8648222038814024e-19,0.4
2020-04-08,0.0008687154161820965,0.0,0.0999411669936038,0.30005883300639613,0.20000000000000004,3.8648222038814024e-19,0.4
2020-04-09,0.004332036651740867,0.0008933811167415388,0.09904778587686225,0.30095221412313766,0.20000000000000004,8.426934939102155e-20,0.4
2020-04-13,-0.0008174103665236445,0.0,0.09904778587686225,0.30095221412313766,0.20000000000000004,8.426934939102155e-20,0.4
2020-04-14,0.0021917833271846905,0.0,0.09904778587686225,0.30095221412313766,0.20000000000000004,8.426934939102155e-20,0.4
2020-04-15,0.007836351499394857,0.0,0.09904778587686225,0.30095221412313766,0.20000000000000004,8.426934939102155e-20,0.4
2020-04-16,0.005503120180348397,0.0,0.09904778587686225,0.30095221412313766,0.20000000000000004,8.426934939102155e-20,0.4
2020-04-17,-0.006275766798267601,0.0,0.09904778587686225,0.30095221412313766,0.20000000000000004,8.426934939102155e-20,0.4
2020-04-20,0.003434208646780473,0.0,0.09904778587686225,0.30095221412313766,0.20000000000000004,8.426934939102155e-20,0.4
2020-04-21,7.513041901521973e-06,0.0,0.09904778587686225,0.30095221412313766,0.20000000000000004,8.426934939102155e-20,0.4
2020-04-22,0.004236767643131477,0.0,0.09904778587686225,0.30095221412313766,0.20000000000000004,8.426934939102155e-20,0.4
2020-04-23,0.0037283230094509396,0.0,0.09904778587686225,0.30095221412313766,0.20000000000000004,8.426934939102155e-20,0.4
2020-04-24,0.0003370321626795223,0.0009761589959990519,0.09807162688086321,0.30192837311913673,0.20000000000000004,0.0,0.4
2020-04-27,-0.006564495721377959,0.0,0.09807162688086321,0.30192837311913673,0.20000000000000004,0.0,0.4
2020-04-28,0.0016905051475765611,0.0,0.09807162688086321,0.30192837311913673,0.20000000000000004,0.0,0.4
2020-04-29,0.0004819534212142625,0.0,0.09807162688086321,0.30192837311913673,0.20000000000000004,0.0,0.4
2020-04-30,-0.010584335875767925,0.0,0.09807162688086321,0.30192837311913673,0.20000000000000004,0.0,0.4
2020-05-01,0.0016714111329766228,0.0,0.09807162688086321,0.30192837311913673,0.20000000000000004,0.0,0.4
2020-05-04,0.0017828498038308374,0.0007382096946242853,0.09733341718623893,0.302666582813761,0.20000000000000004,0.0,0.4
2020-05-05,0.00010672289392859506,0.0,0.09733341718623893,0.302666582813761,0.20000000000000004,0.0,0.4
2020-05-06,-0.006187864081772862,0.0,0.09733341718623893,0.302666582813761,0.20000000000000004,0.0,0.4
2020-05-07,0.00812113233592908,0.0,0.09733341718623893,0.302666582813761,0.20000000000000004,0.0,0.4
2020-05-08,-0.003690625351842529,0.0005425496842493481,0.09679086750198956,0.30320913249801035,0.20000000000000004,2.2670929005181653e-19,0.4
2020-05-11,-0.0021139103236262387,0.0,0.09679086750198956,0.30320913249801035,0.20000000000000004,2.2670929005181653e-19,0.4
2020-05-12,0.0012237882388992898,0.0,0.09679086750198956,0.30320913249801035,0.20000000000000004,2.2670929005181653e-19,0.4
2020-05-13,0.003072574913451129,0.0,0.09679086750198956,0.30320913249801035,0.20000000000000004,2.2670929005181653e-19,0.4
2020-05-14,0.006338255350002311,0.0,0.09679086750198956,0.30320913249801035,0.20000000000000004,2.2670929005181653e-19,0.4
2020-05-15,0.0010883916161461143,0.0,0.09679086750198956,0.30320913249801035,0.20000000000000004,2.2670929005181653e-19,0.4
2020-05-18,-0.008459093249855429,0.0,0.09679086750198956,0.30320913249801035,0.20000000000000004,2.2670929005181653e-19,0.4
2020-05-19,0.0017735686936808195,0.0,0.09679086750198956,0.30320913249801035,0.20000000000000004,2.2670929005181653e-19,0.4
2020-05-20,0.0016906154780360495,0.0,0.09679086750198956,0.30320913249801035,0.20000000000000004,2.2670929005181653e-19,0.4
2020-05-21,-0.0019324588681748117,0.0,0.09679086750198956,0.30320913249801035,0.20000000000000004,2.2670929005181653e-19,0.4
2020-05-22,0.00438151749640777,0.00025572617610439995,0.09653514132588521,0.3034648586741147,0.20000000000000007,7.170863066939662e-19,0.4000000000000001
2020-05-26,-0.00868700540431527,2.7755575615628914e-17,0.09653514132588521,0.3034648586741147,0.20000000000000007,7.170863066939662e-19,0.4
2020-05-27,0.0010900579663452215,0.0,0.09653514132588521,0.3034648586741147,0.20000000000000007,7.170863066939662e-19,0.4
2020-05-28,-0.002715887826373173,0.0,0.09653514132588521,0.3034648586741147,0.20000000000000007,7.170863066939662e-19,0.4
2020-05-29,0.0034683387079434327,0.0,0.09653514132588521,0.3034648586741147,0.20000000000000007,7.170863066939662e-19,0.4
2020-06-01,-0.0029877397839086655,0.0,0.09653514132588521,0.3034648586741147,0.20000000000000007,7.170863066939662e-19,0.4
2020-06-02,-0.002053063091616082,0.0,0.09653514132588521,0.3034648586741147,0.20000000000000007,7.170863066939662e-19,0.4
2020-06-03,-0.008863013477805862,0.0,0.09653514132588521,0.3034648586741147,0.20000000000000007,7.170863066939662e-19,0.4
2020-06-04,-0.004065420774224103,0.0,0.09653514132588521,0.3034648586741147,0.20000000000000007,7.170863066939662e-19,0.4
2020-06-05,-0.002978130786288528,0.0,0.09653514132588521,0.3034648586741147,0.20000000000000007,7.170863066939662e-19,0.4
2020-06-08,0.003429366316088182,0.0,0.09653514132588521,0.3034648586741147,0.20000000000000007,7.170863066939662e-19,0.4
2020-06-09,0.003431350594838287,0.0,0.09653514132588521,0.3034648586741147,0.20000000000000007,7.170863066939662e-19,0.4
2020-06-10,0.004830434434909001,0.0,0.09653514132588521,0.3034648586741147,0.20000000000000007,7.170863066939662e-19,0.4
2020-06-11,0.0027387880962731048,0.0,0.09653514132588521,0.3034648586741147,0.20000000000000007,7.170863066939662e-19,0.4
2020-06-12,-0.00041740237724446883,0.0,0.09653514132588521,0.3034648586741147,0.20000000000000007,7.170863066939662e-19,0.4
2020-06-15,-0.0009627408560225608,0.0,0.09653514132588521,0.3034648586741147,0.20000000000000007,7.170863066939662e-19,0.4
2020-06-16,-0.0016699918282046583,0.0,0.09653514132588521,0.3034648586741147,0.20000000000000007,7.170863066939662e-19,0.4
2020-06-17,0.001538899666611075,0.0,0.09653514132588521,0.3034648586741147,0.20000000000000007,7.170863066939662e-19,0.4
2020-06-18,0.004380198759704297,0.0,0.09653514132588521,0.3034648586741147,0.20000000000000007,7.170863066939662e-19,0.4
2020-06-19,0.0023534708311136934,0.0,0.09653514132588521,0.3034648586741147,0.20000000000000007,7.170863066939662e-19,0.4
2020-06-22,-0.00017382489283027103,0.0,0.09653514132588521,0.3034648586741147,0.20000000000000007,7.170863066939662e-19,0.4
2020-06-23,-0.0013175530068594162,0.0,0.09653514132588521,0.3034648586741147,0.20000000000000007,7.170863066939662e-19,0.4
2020-06-24,0.0019308460846371735,0.0,0.09653514132588521,0.3034648586741147,0.20000000000000007,7.170863066939662e-19,0.4
2020-06-25,0.0023985717846210916,0.0,0.09653514132588521,0.3034648586741147,0.20000000000000007,7.170863066939662e-19,0.4
2020-06-26,0.0024558004204476777,0.0,0.09653514132588521,0.3034648586741147,0.20000000000000007,7.170863066939662e-19,0.4
2020-06-29,0.0007239650688726294,0.0,0.09653514132588521,0.3034648586741147,0.20000000000000007,7.170863066939662e-19,0.4
2020-06-30,4.3801925108962955e-05,0.0,0.09653514132588521,0.3034648586741147,0.20000000000000007,7.170863066939662e-19,0.4
2020-07-01,-0.0017211466803384364,0.0,0.09653514132588521,0.3034648586741147,0.20000000000000007,7.170863066939662e-19,0.4
2020-07-02,0.0015839859123181067,0.0,0.09653514132588521,0.3034648586741147,0.20000000000000007,7.170863066939662e-19,0.4
2020-07-06,-0.0006856346913802591,0.0,0.09653514132588521,0.3034648586741147,0.20000000000000007,7.170863066939662e-19,0.4
2020-07-07,0.005449949001684258,0.0,0.09653514132588521,0.3034648586741147,0.20000000000000007,7.170863066939662e-19,0.4
2020-07-08,-0.0013689650222100465,0.0,0.09653514132588521,0.3034648586741147,0.20000000000000007,7.170863066939662e-19,0.4
2020-07-09,0.005122817605833953,0.0,0.09653514132588521,0.3034648586741147,0.20000000000000007,7.170863066939662e-19,0.4
2020-07-10,-0.0016698146849341766,0.0,0.09653514132588521,0.3034648586741147,0.20000000000000007,7.170863066939662e-19,0.4
2020-07-13,-0.0001970253515996373,0.0,0.09653514132588521,0.3034648586741147,0.20000000000000007,7.170863066939662e-19,0.4
2020-07-14,0.0018528740186035094,0.0,0.09653514132588521,0.3034648586741147,0.20000000000000007,7.170863066939662e-19,0.4
2020-07-15,-0.001429204360298236,0.0,0.09653514132588521,0.3034648586741147,0.20000000000000007,7.170863066939662e-19,0.4
2020-07-16,0.0006201803062000927,0.0,0.09653514132588521,0.3034648586741147,0.20000000000000007,7.170863066939662e-19,0.4
2020-07-17,-0.0003976291870382029,0.0,0.09653514132588521,0.3034648586741147,0.20000000000000007,7.170863066939662e-19,0.4
2020-07-20,0.0018731940576807516,0.0,0.09653514132588521,0.3034648586741147,0.20000000000000007,7.170863066939662e-19,0.4
2020-07-21,0.00032502483698095344,0.0,0.09653514132588521,0.3034648586741147,0.20000000000000007,7.170863066939662e-19,0.4
2020-07-22,0.003408720855623778,0.0,0.09653514132588521,0.3034648586741147,0.20000000000000007,7.170863066939662e-19,0.4
2020-07-23,0.0033787001372095993,0.0,0.09653514132588521,0.3034648586741147,0.20000000000000007,7.170863066939662e-19,0.4
2020-07-24,-0.0006419385644479969,0.0,0.09653514132588521,0.3034648586741147,0.20000000000000007,7.170863066939662e-19,0.4
2020-07-27,0.0005480051367880052,0.0,0.09653514132588521,0.3034648586741147,0.20000000000000007,7.170863066939662e-19,0.4
2020-07-28,0.0037875794806210396,0.0,0.09653514132588521,0.3034648586741147,0.20000000000000007,7.170863066939662e-19,0.4
2020-07-29,0.00027893536804794554,0.0,0.09653514132588521,0.3034648586741147,0.20000000000000007,7.170863066939662e-19,0.4
2020-07-30,-0.0014103426876583608,0.0,0.09653514132588521,0.3034648586741147,0.20000000000000007,7.170863066939662e-19,0.4
2020-07-31,0.004772987416547235,0.0,0.09653514132588521,0.3034648586741147,0.20000000000000007,7.170863066939662e-19,0.4
2020-08-03,-0.0006302331516431849,0.0,0.09653514132588521,0.3034648586741147,0.20000000000000007,7.170863066939662e-19,0.4
2020-08-04,0.006096985505427913,0.0,0.09653514132588521,0.3034648586741147,0.20000000000000007,7.170863066939662e-19,0.4
2020-08-05,-0.0019436750899659502,0.0,0.09653514132588521,0.3034648586741147,0.20000000000000007,7.170863066939662e-19,0.4
2020-08-06,0.004995272603621179,0.0,0.09653514132588521,0.3034648586741147,0.20000000000000007,7.170863066939662e-19,0.4
2020-08-07,-0.002738243647420274,0.0,0.09653514132588521,0.3034648586741147,0.20000000000000007,7.170863066939662e-19,0.4
2020-08-10,-0.001126777643662966,0.0,0.09653514132588521,0.3034648586741147,0.20000000000000007,7.170863066939662e-19,0.4
2020-08-11,-0.014509179665774065,0.0,0.09653514132588521,0.3034648586741147,0.20000000000000007,7.170863066939662e-19,0.4
2020-08-12,-0.003612600560736582,0.0,0.09653514132588521,0.3034648586741147,0.20000000000000007,7.170863066939662e-19,0.4
2020-08-13,0.001147101739253649,0.0,0.09653514132588521,0.3034648586741147,0.20000000000000007,7.170863066939662e-19,0.4
2020-08-14,-0.0026789322141766107,0.0,0.09653514132588521,0.3034648586741147,0.20000000000000007,7.170863066939662e-19,0.4
2020-08-17,0.0036604167455558953,0.0,0.09653514132588521,0.3034648586741147,0.20000000000000007,7.170863066939662e-19,0.4
2020-08-18,0.0019467406413256985,0.0,0.09653514132588521,0.3034648586741147,0.20000000000000007,7.170863066939662e-19,0.4
2020-08-19,-0.005403029931766881,0.0,0.09653514132588521,0.3034648586741147,0.20000000000000007,7.170863066939662e-19,0.4
2020-08-20,0.0033120933804175693,0.0,0.09653514132588521,0.3034648586741147,0.20000000000000007,7.170863066939662e-19,0.4
2020-08-21,0.00247430084895009,0.0,0.09653514132588521,0.3034648586741147,0.20000000000000007,7.170863066939662e-19,0.4
2020-08-24,-1.119473730969839e-05,0.0,0.09653514132588521,0.3034648586741147,0.20000000000000007,7.170863066939662e-19,0.4
2020-08-25,-0.0031691199856871514,0.0,0.09653514132588521,0.3034648586741147,0.20000000000000007,7.170863066939662e-19,0.4
2020-08-26,0.0016909278089050556,0.0,0.09653514132588521,0.3034648586741147,0.20000000000000007,7.170863066939662e-19,0.4
2020-08-27,-0.006784937623730815,0.0,0.09653514132588521,0.3034648586741147,0.20000000000000007,7.170863066939662e-19,0.4
2020-08-28,0.0006903880465851113,0.0,0.09653514132588521,0.3034648586741147,0.20000000000000007,7.170863066939662e-19,0.4
2020-08-31,0.0016615952185794727,0.0,0.09653514132588521,0.3034648586741147,0.20000000000000007,7.170863066939662e-19,0.4
2020-09-01,0.005421460428067578,0.0,0.09653514132588521,0.3034648586741147,0.20000000000000007,7.170863066939662e-19,0.4
2020-09-02,0.0031018732998579924,0.0,0.09653514132588521,0.3034648586741147,0.20000000000000007,7.170863066939662e-19,0.4
2020-09-03,-0.003920966932122425,0.0,0.09653514132588521,0.3034648586741147,0.20000000000000007,7.170863066939662e-19,0.4
2020-09-04,-0.005359713637517687,0.0,0.09653514132588521,0.3034648586741147,0.20000000000000007,7.170863066939662e-19,0.4
2020-09-08,0.0009141888894993689,0.0,0.09653514132588521,0.3034648586741147,0.20000000000000007,7.170863066939662e-19,0.4
2020-09-09,0.002398151297484899,0.0,0.09653514132588521,0.3034648586741147,0.20000000000000007,7.170863066939662e-19,0.4
2020-09-10,1.5799875651353445e-05,0.0,0.09653514132588521,0.3034648586741147,0.20000000000000007,7.170863066939662e-19,0.4
2020-09-11,-0.00010744726047871531,0.0,0.09653514132588521,0.3034648586741147,0.20000000000000007,7.170863066939662e-19,0.4
2020-09-14,0.0018784513634297645,0.0,0.09653514132588521,0.3034648586741147,0.20000000000000007,7.170863066939662e-19,0.4
2020-09-15,-0.00041059435927494965,0.0,0.09653514132588521,0.3034648586741147,0.20000000000000007,7.170863066939662e-19,0.4
2020-09-16,-0.00024502082511414116,0.0,0.09653514132588521,0.3034648586741147,0.20000000000000007,7.170863066939662e-19,0.4
2020-09-17,-0.002449778291903139,0.0,0.09653514132588521,0.3034648586741147,0.20000000000000007,7.170863066939662e-19,0.4
2020-09-18,-0.0013136762314399056,0.0,0.09653514132588521,0.3034648586741147,0.20000000000000007,7.170863066939662e-19,0.4
2020-09-21,-0.000684561062275729,0.0,0.09653514132588521,0.3034648586741147,0.20000000000000007,7.170863066939662e-19,0.4
2020-09-22,0.001197249175522434,0.0,0.09653514132588521,0.3034648586741147,0.20000000000000007,7.170863066939662e-19,0.4
2020-09-23,-0.003946964109339285,0.0,0.09653514132588521,0.3034648586741147,0.20000000000000007,7.170863066939662e-19,0.4
2020-09-24,0.0015362112338209903,0.0,0.09653514132588521,0.3034648586741147,0.20000000000000007,7.170863066939662e-19,0.4
2020-09-25,0.0020895345694948828,0.0,0.09653514132588521,0.3034648586741147,0.20000000000000007,7.170863066939662e-19,0.4
2020-09-28,0.0014993307307877152,0.0,0.09653514132588521,0.3034648586741147,0.20000000000000007,7.170863066939662e-19,0.4
2020-09-29,-0.00037368400590094184,0.0,0.09653514132588521,0.3034648586741147,0.20000000000000007,7.170863066939662e-19,0.4
2020-09-30,-0.003377889220967907,0.0,0.09653514132588521,0.3034648586741147,0.20000000000000007,7.170863066939662e-19,0.4
2020-10-01,0.0022734578177064976,0.0,0.09653514132588521,0.3034648586741147,0.20000000000000007,7.170863066939662e-19,0.4
2020-10-02,-0.0012806762397642357,0.0,0.09653514132588521,0.3034648586741147,0.20000000000000007,7.170863066939662e-19,0.4
2020-10-05,-0.004977156952732878,0.0,0.09653514132588521,0.3034648586741147,0.20000000000000007,7.170863066939662e-19,0.4
2020-10-06,-0.0009806509960153735,0.0,0.09653514132588521,0.3034648586741147,0.20000000000000007,7.170863066939662e-19,0.4
2020-10-07,-0.0010966749894361653,0.0,0.09653514132588521,0.3034648586741147,0.20000000000000007,7.170863066939662e-19,0.4
2020-10-08,0.0030471702629687597,0.0,0.09653514132588521,0.3034648586741147,0.20000000000000007,7.170863066939662e-19,0.4
2020-10-09,0.002064832055125258,0.0,0.09653514132588521,0.3034648586741147,0.20000000000000007,7.170863066939662e-19,0.4
2020-10-12,0.001468089221994796,0.0,0.09653514132588521,0.3034648586741147,0.20000000000000007,7.170863066939662e-19,0.4
2020-10-13,0.0007868368788210133,0.0,0.09653514132588521,0.3034648586741147,0.20000000000000007,7.170863066939662e-19,0.4
2020-10-14,-0.00024363643579371902,0.0,0.09653514132588521,0.3034648586741147,0.20000000000000007,7.170863066939662e-19,0.4
2020-10-15,0.0019906303197562442,0.0,0.09653514132588521,0.3034648586741147,0.20000000000000007,7.170863066939662e-19,0.4
2020-10-16,-0.0020689359776367186,0.0,0.09653514132588521,0.3034648586741147,0.20000000000000007,7.170863066939662e-19,0.4
2020-10-19,-0.0037790461778578434,0.0,0.09653514132588521,0.3034648586741147,0.20000000000000007,7.170863066939662e-19,0.4
2020-10-20,-0.0028064577227733434,0.0,0.09653514132588521,0.3034648586741147,0.20000000000000007,7.170863066939662e-19,0.4
2020-10-21,-0.0017936735625720928,0.0,0.09653514132588521,0.3034648586741147,0.20000000000000007,7.170863066939662e-19,0.4
2020-10-22,-0.0029857894021574796,0.0,0.09653514132588521,0.3034648586741147,0.20000000000000007,7.170863066939662e-19,0.4
2020-10-23,0.0010140687385005124,0.0,0.09653514132588521,0.3034648586741147,0.20000000000000007,7.170863066939662e-19,0.4
2020-10-26,0.002376047673213637,0.0,0.09653514132588521,0.3034648586741147,0.20000000000000007,7.170863066939662e-19,0.4
2020-10-27,0.001433892682236984,0.0,0.09653514132588521,0.3034648586741147,0.20000000000000007,7.170863066939662e-19,0.4
2020-10-28,-0.003692756198483523,0.0,0.09653514132588521,0.3034648586741147,0.20000000000000007,7.170863066939662e-19,0.4
2020-10-29,-0.0012088614341587423,0.0,0.09653514132588521,0.3034648586741147,0.20000000000000007,7.170863066939662e-19,0.4
2020-10-30,-0.002614460734220638,0.0,0.09653514132588521,0.3034648586741147,0.20000000000000007,7.170863066939662e-19,0.4
2020-11-02,0.005769128574501288,0.0,0.09653514132588521,0.3034648586741147,0.20000000000000007,7.170863066939662e-19,0.4
2020-11-03,-0.0011255180507023406,0.0,0.09653514132588521,0.3034648586741147,0.20000000000000007,7.170863066939662e-19,0.4
2020-11-04,0.00799519223675016,0.0,0.09653514132588521,0.3034648586741147,0.20000000000000007,7.170863066939662e-19,0.4
2020-11-05,0.003200232078045542,0.0,0.09653514132588521,0.3034648586741147,0.20000000000000007,7.170863066939662e-19,0.4
2020-11-06,-0.004846005078702654,0.0,0.09653514132588521,0.3034648586741147,0.20000000000000007,7.170863066939662e-19,0.4
2020-11-09,-0.011447200556330766,0.0,0.09653514132588521,0.3034648586741147,0.20000000000000007,7.170863066939662e-19,0.4
2020-11-10,-0.0012291904547225754,0.0,0.09653514132588521,0.3034648586741147,0.20000000000000007,7.170863066939662e-19,0.4
2020-11-11,0.001426131339649482,0.0,0.09653514132588521,0.3034648586741147,0.20000000000000007,7.170863066939662e-19,0.4
2020-11-12,0.005440023668579683,0.0,0.09653514132588521,0.3034648586741147,0.20000000000000007,7.170863066939662e-19,0.4
2020-11-13,0.00150066523192177,0.0,0.09653514132588521,0.3034648586741147,0.20000000000000007,7.170863066939662e-19,0.4
2020-11-16,-0.000494423256689844,0.0,0.09653514132588521,0.3034648586741147,0.20000000000000007,7.170863066939662e-19,0.4
2020-11-17,8.717080598078506e-05,0.0,0.09653514132588521,0.3034648586741147,0.20000000000000007,7.170863066939662e-19,0.4
2020-11-18,-0.001266627367275742,0.0,0.09653514132588521,0.3034648586741147,0.20000000000000007,7.170863066939662e-19,0.4
2020-11-19,0.000950929639927591,0.0,0.09653514132588521,0.3034648586741147,0.20000000000000007,7.170863066939662e-19,0.4
2020-11-20,0.0031180248205083623,0.0,0.09653514132588521,0.3034648586741147,0.20000000000000007,7.170863066939662e-19,0.4
2020-11-23,-0.0041088199378269035,0.0,0.09653514132588521,0.3034648586741147,0.20000000000000007,7.170863066939662e-19,0.4
2020-11-24,-0.006452393331178094,0.0,0.09653514132588521,0.3034648586741147,0.20000000000000007,7.170863066939662e-19,0.4
2020-11-25,-0.001821414732284173,0.0,0.09653514132588521,0.3034648586741147,0.20000000000000007,7.170863066939662e-19,0.4
2020-11-27,0.0003785301765583608,0.0,0.09653514132588521,0.3034648586741147,0.20000000000000007,7.170863066939662e-19,0.4
2020-11-30,-0.0011718836258631502,0.0,0.09653514132588521,0.3034648586741147,0.20000000000000007,7.170863066939662e-19,0.4
2020-12-01,-0.0027521177567917214,0.0,0.09653514132588521,0.3034648586741147,0.20000000000000007,7.170863066939662e-19,0.4
2020-12-02,-0.0011889122222782553,0.0,0.09653514132588521,0.3034648586741147,0.20000000000000007,7.170863066939662e-19,0.4
2020-12-03,0.0018792056691607814,0.0,0.09653514132588521,0.3034648586741147,0.20000000000000007,7.170863066939662e-19,0.4
2020-12-04,-0.0036948402221192314,0.0,0.09653514132588521,0.3034648586741147,0.20000000000000007,7.170863066939662e-19,0.4
2020-12-07,0.006175805396250429,0.0,0.09653514132588521,0.3034648586741147,0.20000000000000007,7.170863066939662e-19,0.4
2020-12-08,0.002903577876117361,0.0,0.09653514132588521,0.3034648586741147,0.20000000000000007,7.170863066939662e-19,0.4
2020-12-09,-0.005124413227001558,0.0,0.09653514132588521,0.3034648586741147,0.20000000000000007,7.170863066939662e-19,0.4
2020-12-10,0.0011350637815851026,0.0,0.09653514132588521,0.3034648586741147,0.20000000000000007,7.170863066939662e-19,0.4
2020-12-11,0.0023130757608504143,0.0,0.09653514132588521,0.3034648586741147,0.20000000000000007,7.170863066939662e-19,0.4
2020-12-14,-0.003515615329674146,0.0,0.09653514132588521,0.3034648586741147,0.20000000000000007,7.170863066939662e-19,0.4
2020-12-15,0.0017796439255584988,0.0,0.09653514132588521,0.3034648586741147,0.20000000000000007,7.170863066939662e-19,0.4
2020-12-16,-4.45230555357484e-05,0.0,0.09653514132588521,0.3034648586741147,0.20000000000000007,7.170863066939662e-19,0.4
2020-12-17,-0.00029378933496046174,0.0,0.09653514132588521,0.3034648586741147,0.20000000000000007,7.170863066939662e-19,0.4
2020-12-18,-0.0011392537418586227,0.0,0.09653514132588521,0.3034648586741147,0.20000000000000007,7.170863066939662e-19,0.4
2020-12-21,0.0010480817110680724,0.0,0.09653514132588521,0.3034648586741147,0.20000000000000007,7.170863066939662e-19,0.4
2020-12-22,0.0019618051277657585,0.0,0.09653514132588521,0.3034648586741147,0.20000000000000007,7.170863066939662e-19,0.4
2020-12-23,-0.002480594875555579,0.0,0.09653514132588521,0.3034648586741147,0.20000000000000007,7.170863066939662e-19,0.4
2020-12-24,0.0027021013102215335,0.0,0.09653514132588521,0.3034648586741147,0.20000000000000007,7.170863066939662e-19,0.4
2020-12-28,0.00023864044971250213,0.0,0.09653514132588521,0.3034648586741147,0.20000000000000007,7.170863066939662e-19,0.4
2020-12-29,-0.0011554708533374261,0.0,0.09653514132588521,0.3034648586741147,0.20000000000000007,7.170863066939662e-19,0.4
2020-12-30,0.0006771996021952902,0.0,0.09653514132588521,0.3034648586741147,0.20000000000000007,7.170863066939662e-19,0.4
2020-12-31,0.002834851761641355,0.0,0.09653514132588521,0.3034648586741147,0.20000000000000007,7.170863066939662e-19,0.4
2021-01-04,0.0031019757416730553,0.0,0.09653514132588521,0.3034648586741147,0.20000000000000007,7.170863066939662e-19,0.4
2021-01-05,-0.003304866791503702,0.0,0.09653514132588521,0.3034648586741147,0.20000000000000007,7.170863066939662e-19,0.4
2021-01-06,-0.009398190547289393,0.0,0.09653514132588521,0.3034648586741147,0.20000000000000007,7.170863066939662e-19,0.4
2021-01-07,0.0006170528047254012,0.0,0.09653514132588521,0.3034648586741147,0.20000000000000007,7.170863066939662e-19,0.4
2021-01-08,-0.006610941446767218,0.0,0.09653514132588521,0.3034648586741147,0.20000000000000007,7.170863066939662e-19,0.4
2021-01-11,0.0009276883549588443,0.0,0.09653514132588521,0.3034648586741147,0.20000000000000007,7.170863066939662e-19,0.4
2021-01-12,-0.0010552542190688239,0.0,0.09653514132588521,0.3034648586741147,0.20000000000000007,7.170863066939662e-19,0.4
2021-01-13,0.0041335190750768904,0.0,0.09653514132588521,0.3034648586741147,0.20000000000000007,7.170863066939662e-19,0.4
2021-01-14,-0.004105353449025765,0.0,0.09653514132588521,0.3034648586741147,0.20000000000000007,7.170863066939662e-19,0.4
2021-01-15,0.0006501995964317323,0.0,0.09653514132588521,0.3034648586741147,0.20000000000000007,7.170863066939662e-19,0.4
2021-01-19,0.002288094734444808,0.0,0.09653514132588521,0.3034648586741147,0.20000000000000007,7.170863066939662e-19,0.4
2021-01-20,0.004727370667277476,0.0,0.09653514132588521,0.3034648586741147,0.20000000000000007,7.170863066939662e-19,0.4
2021-01-21,-0.003970363534696704,0.0,0.09653514132588521,0.3034648586741147,0.20000000000000007,7.170863066939662e-19,0.4
2021-01-22,-0.00011079759497643221,0.0,0.09653514132588521,0.3034648586741147,0.20000000000000007,7.170863066939662e-19,0.4
2021-01-25,0.004622714411355987,0.0,0.09653514132588521,0.3034648586741147,0.20000000000000007,7.170863066939662e-19,0.4
2021-01-26,-0.002366296473151149,0.0,0.09653514132588521,0.3034648586741147,0.20000000000000007,7.170863066939662e-19,0.4
2021-01-27,-0.0003858189314516866,0.0,0.09653514132588521,0.3034648586741147,0.20000000000000007,7.170863066939662e-19,0.4
2021-01-28,-0.0016433179014120943,0.0,0.09653514132588521,0.3034648586741147,0.20000000000000007,7.170863066939662e-19,0.4
2021-01-29,-0.0033473071463843746,0.0,0.09653514132588521,0.3034648586741147,0.20000000000000007,7.170863066939662e-19,0.4
2021-02-01,0.005801331438374109,0.0,0.09653514132588521,0.3034648586741147,0.20000000000000007,7.170863066939662e-19,0.4
2021-02-02,-0.0025362014439967986,0.0,0.09653514132588521,0.3034648586741147,0.20000000000000007,7.170863066939662e-19,0.4
2021-02-03,-0.003081731925370991,0.0,0.09653514132588521,0.3034648586741147,0.20000000000000007,7.170863066939662e-19,0.4
2021-02-04,-0.002228249168128284,0.0,0.09653514132588521,0.3034648586741147,0.20000000000000007,7.170863066939662e-19,0.4
2021-02-05,-0.002456741517239889,0.0,0.09653514132588521,0.3034648586741147,0.20000000000000007,7.170863066939662e-19,0.4
2021-02-08,0.0038808069504578597,0.0,0.09653514132588521,0.3034648586741147,0.20000000000000007,7.170863066939662e-19,0.4
2021-02-09,-0.0013074631058225352,0.0,0.09653514132588521,0.3034648586741147,0.20000000000000007,7.170863066939662e-19,0.4
2021-02-10,0.002545313369968781,0.0,0.09653514132588521,0.3034648586741147,0.20000000000000007,7.170863066939662e-19,0.4
2021-02-11,-0.0034065425108593854,0.0,0.09653514132588521,0.3034648586741147,0.20000000000000007,7.170863066939662e-19,0.4
2021-02-12,-0.003571206783142752,0.0,0.09653514132588521,0.3034648586741147,0.20000000000000007,7.170863066939662e-19,0.4
2021-02-16,-0.007575151197119179,0.0,0.09653514132588521,0.3034648586741147,0.20000000000000007,7.170863066939662e-19,0.4
2021-02-17,0.0013188012786937292,0.0,0.09653514132588521,0.3034648586741147,0.20000000000000007,7.170863066939662e-19,0.4
2021-02-18,-0.002957750040463281,0.0,0.09653514132588521,0.3034648586741147,0.20000000000000007,7.170863066939662e-19,0.4
2021-02-19,-0.00435764346255176,0.0,0.09653514132588521,0.3034648586741147,0.20000000000000007,7.170863066939662e-19,0.4
2021-02-22,-0.0012071247319946766,0.0,0.09653514132588521,0.3034648586741147,0.20000000000000007,7.170863066939662e-19,0.4
2021-02-23,-0.0008885704040721776,0.0,0.09653514132588521,0.3034648586741147,0.20000000000000007,7.170863066939662e-19,0.4
2021-02-24,-0.0017273559762230493,0.0,0.09653514132588521,0.3034648586741147,0.20000000000000007,7.170863066939662e-19,0.4
2021-02-25,-0.00972606275946412,0.0,0.09653514132588521,0.3034648586741147,0.20000000000000007,7.170863066939662e-19,0.4
2021-02-26,0.007656213423924765,0.0,0.09653514132588521,0.3034648586741147,0.20000000000000007,7.170863066939662e-19,0.4
2021-03-01,-0.0016877240366470624,0.0,0.09653514132588521,0.3034648586741147,0.20000000000000007,7.170863066939662e-19,0.4
2021-03-02,-0.0011091555275288296,0.0,0.09653514132588521,0.3034648586741147,0.20000000000000007,7.170863066939662e-19,0.4
2021-03-03,-0.005629196597831386,0.0,0.09653514132588521,0.3034648586741147,0.20000000000000007,7.170863066939662e-19,0.4
2021-03-04,-0.0025089188617071177,0.0,0.09653514132588521,0.3034648586741147,0.20000000000000007,7.170863066939662e-19,0.4
2021-03-05,0.003951291442824933,0.0,0.09653514132588521,0.3034648586741147,0.20000000000000007,7.170863066939662e-19,0.4
2021-03-08,-0.0026529676182128707,0.0,0.09653514132588521,0.3034648586741147,0.20000000000000007,7.170863066939662e-19,0.4
2021-03-09,0.007589727304060269,0.0,0.09653514132588521,0.3034648586741147,0.20000000000000007,7.170863066939662e-19,0.4
2021-03-10,0.001582655370528987,0.0,0.09653514132588521,0.3034648586741147,0.20000000000000007,7.170863066939662e-19,0.4
2021-03-11,-0.0033243080633564635,0.0,0.09653514132588521,0.3034648586741147,0.20000000000000007,7.170863066939662e-19,0.4
2021-03-12,-0.005046814544382332,0.0,0.09653514132588521,0.3034648586741147,0.20000000000000007,7.170863066939662e-19,0.4
2021-03-15,0.0040493313085533805,0.0,0.09653514132588521,0.3034648586741147,0.20000000000000007,7.170863066939662e-19,0.4
2021-03-16,-0.0011563027215143417,0.0,0.09653514132588521,0.3034648586741147,0.20000000000000007,7.170863066939662e-19,0.4
2021-03-17,-0.0024528688151566847,0.0,0.09653514132588521,0.3034648586741147,0.20000000000000007,7.170863066939662e-19,0.4
2021-03-18,-0.0032024268770838166,0.0,0.09653514132588521,0.3034648586741147,0.20000000000000007,7.170863066939662e-19,0.4
2021-03-19,0.0027002403801435447,0.0,0.09653514132588521,0.3034648586741147,0.20000000000000007,7.170863066939662e-19,0.4
2021-03-22,0.0030702466842130473,0.0,0.09653514132588521,0.3034648586741147,0.20000000000000007,7.170863066939662e-19,0.4
2021-03-23,0.0029455793153231697,0.0,0.09653514132588521,0.3034648586741147,0.20000000000000007,7.170863066939662e-19,0.4
2021-03-24,0.002799313860771557,0.0,0.09653514132588521,0.3034648586741147,0.20000000000000007,7.170863066939662e-19,0.4
2021-03-25,-0.0014537971269235478,0.0,0.09653514132588521,0.3034648586741147,0.20000000000000007,7.170863066939662e-19,0.4
2021-03-26,0.0005824765963951101,0.0,0.09653514132588521,0.3034648586741147,0.20000000000000007,7.170863066939662e-19,0.4
2021-03-29,-0.004043286219188504,0.0,0.09653514132588521,0.3034648586741147,0.20000000000000007,7.170863066939662e-19,0.4
2021-03-30,-0.00048689419905476906,0.0,0.09653514132588521,0.3034648586741147,0.20000000000000007,7.170863066939662e-19,0.4
2021-03-31,0.0014135064212852386,0.0,0.09653514132588521,0.3034648586741147,0.20000000000000007,7.170863066939662e-19,0.4
2021-04-01,0.006853069289031104,0.0,0.09653514132588521,0.3034648586741147,0.20000000000000007,7.170863066939662e-19,0.4
2021-04-05,-0.001292149773169211,0.0,0.09653514132588521,0.3034648586741147,0.20000000000000007,7.170863066939662e-19,0.4
2021-04-06,0.00264745948108629,0.0,0.09653514132588521,0.3034648586741147,0.20000000000000007,7.170863066939662e-19,0.4
2021-04-07,-0.002083005461023155,0.0,0.09653514132588521,0.3034648586741147,0.20000000000000007,7.170863066939662e-19,0.4
2021-04-08,0.0033468654102634257,0.0,0.09653514132588521,0.3034648586741147,0.20000000000000007,7.170863066939662e-19,0.4
2021-04-09,-0.0015824621295477631,0.0,0.09653514132588521,0.3034648586741147,0.20000000000000007,7.170863066939662e-19,0.4
2021-04-12,-0.0014710431318515264,0.0,0.09653514132588521,0.3034648586741147,0.20000000000000007,7.170863066939662e-19,0.4
2021-04-13,0.002525836221524555,0.0,0.09653514132588521,0.3034648586741147,0.20000000000000007,7.170863066939662e-19,0.4
2021-04-14,-0.0026483057698780885,0.0,0.09653514132588521,0.3034648586741147,0.20000000000000007,7.170863066939662e-19,0.4
2021-04-15,0.009347862166774933,0.0,0.09653514132588521,0.3034648586741147,0.20000000000000007,7.170863066939662e-19,0.4
2021-04-16,-0.0013109812694320488,0.0,0.09653514132588521,0.3034648586741147,0.20000000000000007,7.170863066939662e-19,0.4
2021-04-19,-0.004170800996031651,0.0,0.09653514132588521,0.3034648586741147,0.20000000000000007,7.170863066939662e-19,0.4
2021-04-20,0.002055983366969555,0.0,0.09653514132588521,0.3034648586741147,0.20000000000000007,7.170863066939662e-19,0.4
2021-04-21,0.003015956092025149,0.0,0.09653514132588521,0.3034648586741147,0.20000000000000007,7.170863066939662e-19,0.4
2021-04-22,0.0002879846282626891,0.0,0.09653514132588521,0.3034648586741147,0.20000000000000007,7.170863066939662e-19,0.4
2021-04-23,-0.0027103539727717637,0.0,0.09653514132588521,0.3034648586741147,0.20000000000000007,7.170863066939662e-19,0.4
2021-04-26,0.0002971837672989487,0.0,0.09653514132588521,0.3034648586741147,0.20000000000000007,7.170863066939662e-19,0.4
2021-04-27,-0.003007782930347328,0.0,0.09653514132588521,0.3034648586741147,0.20000000000000007,7.170863066939662e-19,0.4
2021-04-28,-0.000713679088556106,0.0,0.09653514132588521,0.3034648586741147,0.20000000000000007,7.170863066939662e-19,0.4
2021-04-29,-0.0009444000507778067,0.0,0.09653514132588521,0.3034648586741147,0.20000000000000007,7.170863066939662e-19,0.4
2021-04-30,0.0026754874374754867,0.0,0.09653514132588521,0.3034648586741147,0.20000000000000007,7.170863066939662e-19,0.4
2021-05-03,0.0011957483085281713,0.0,0.09653514132588521,0.3034648586741147,0.20000000000000007,7.170863066939662e-19,0.4
2021-05-04,0.0017958206476378527,0.0,0.09653514132588521,0.3034648586741147,0.20000000000000007,7.170863066939662e-19,0.4
2021-05-05,0.001196270966322242,0.0,0.09653514132588521,0.3034648586741147,0.20000000000000007,7.170863066939662e-19,0.4
2021-05-06,0.0026530278777861793,0.0,0.09653514132588521,0.3034648586741147,0.20000000000000007,7.170863066939662e-19,0.4
2021-05-07,-0.0019394528194761934,0.0,0.09653514132588521,0.3034648586741147,0.20000000000000007,7.170863066939662e-19,0.4
2021-05-10,-0.0034229948715663594,0.0,0.09653514132588521,0.3034648586741147,0.20000000000000007,7.170863066939662e-19,0.4
2021-05-11,-0.002873737460628642,0.0,0.09653514132588521,0.3034648586741147,0.20000000000000007,7.170863066939662e-19,0.4
2021-05-12,-0.004257457856333388,0.0,0.09653514132588521,0.3034648586741147,0.20000000000000007,7.170863066939662e-19,0.4
2021-05-13,0.0017961719631651263,0.0,0.09653514132588521,0.3034648586741147,0.20000000000000007,7.170863066939662e-19,0.4
2021-05-14,0.004503278750194512,0.0,0.09653514132588521,0.3034648586741147,0.20000000000000007,7.170863066939662e-19,0.4
2021-05-17,0.000946130869746042,0.0,0.09653514132588521,0.3034648586741147,0.20000000000000007,7.170863066939662e-19,0.4
2021-05-18,-0.003032674787750085,0.0,0.09653514132588521,0.3034648586741147,0.20000000000000007,7.170863066939662e-19,0.4
2021-05-19,0.0009720927489448898,0.0,0.09653514132588521,0.3034648586741147,0.20000000000000007,7.170863066939662e-19,0.4
2021-05-20,0.002470536038539993,0.0,0.09653514132588521,0.3034648586741147,0.20000000000000007,7.170863066939662e-19,0.4
2021-05-21,0.0023105068771290854,0.0,0.09653514132588521,0.3034648586741147,0.20000000000000007,7.170863066939662e-19,0.4
2021-05-24,0.0014695475732908329,0.0,0.09653514132588521,0.3034648586741147,0.20000000000000007,7.170863066939662e-19,0.4
2021-05-25,0.003914728312722894,0.0,0.09653514132588521,0.3034648586741147,0.20000000000000007,7.170863066939662e-19,0.4
2021-05-26,0.000812903845755428,0.0,0.09653514132588521,0.3034648586741147,0.20000000000000007,7.170863066939662e-19,0.4
2021-05-27,-0.0014214229233287061,0.0,0.09653514132588521,0.3034648586741147,0.20000000000000007,7.170863066939662e-19,0.4
2021-05-28,0.0007757299885435903,0.0,0.09653514132588521,0.3034648586741147,0.20000000000000007,7.170863066939662e-19,0.4
2021-06-01,-0.001351964991570536,0.0,0.09653514132588521,0.3034648586741147,0.20000000000000007,7.170863066939662e-19,0.4
2021-06-02,0.0018326364134878712,0.0,0.09653514132588521,0.3034648586741147,0.20000000000000007,7.170863066939662e-19,0.4
2021-06-03,-0.0029316534723996387,0.0,0.09653514132588521,0.3034648586741147,0.20000000000000007,7.170863066939662e-19,0.4
2021-06-04,0.005715625050605092,0.0,0.09653514132588521,0.3034648586741147,0.20000000000000007,7.170863066939662e-19,0.4
2021-06-07,-0.000884986175392428,0.0,0.09653514132588521,0.3034648586741147,0.20000000000000007,7.170863066939662e-19,0.4
2021-06-08,0.0020304601029837517,0.0,0.09653514132588521,0.3034648586741147,0.20000000000000007,7.170863066939662e-19,0.4
2021-06-09,0.0024818556660329413,0.0,0.09653514132588521,0.3034648586741147,0.20000000000000007,7.170863066939662e-19,0.4
2021-06-10,0.002797999143235368,0.0,0.09653514132588521,0.3034648586741147,0.20000000000000007,7.170863066939662e-19,0.4
2021-06-11,-0.0005993257825388227,0.0,0.09653514132588521,0.3034648586741147,0.20000000000000007,7.170863066939662e-19,0.4
2021-06-14,-0.0036090035245364004,0.0,0.09653514132588521,0.3034648586741147,0.20000000000000007,7.170863066939662e-19,0.4
2021-06-15,-0.0009689060464556714,0.0,0.09653514132588521,0.3034648586741147,0.20000000000000007,7.170863066939662e-19,0.4
2021-06-16,-0.000890208631325929,0.0,0.09653514132588521,0.3034648586741147,0.20000000000000007,7.170863066939662e-19,0.4
2021-06-17,0.0014590556670394904,0.0,0.09653514132588521,0.3034648586741147,0.20000000000000007,7.170863066939662e-19,0.4
2021-06-18,0.00458868845300333,0.0,0.09653514132588521,0.3034648586741147,0.20000000000000007,7.170863066939662e-19,0.4
2021-06-21,-0.0031834420244389603,0.0,0.09653514132588521,0.3034648586741147,0.20000000000000007,7.170863066939662e-19,0.4
2021-06-22,-0.00022892370112145746,0.0,0.09653514132588521,0.3034648586741147,0.20000000000000007,7.170863066939662e-19,0.4
2021-06-23,-0.00038168161734959455,0.0,0.09653514132588521,0.3034648586741147,0.20000000000000007,7.170863066939662e-19,0.4
2021-06-24,0.0006139916433487628,0.0,0.09653514132588521,0.3034648586741147,0.20000000000000007,7.170863066939662e-19,0.4
2021-06-25,-0.001983524709729234,0.0,0.09653514132588521,0.3034648586741147,0.20000000000000007,7.170863066939662e-19,0.4
2021-06-28,0.0034647475425447385,0.0,0.09653514132588521,0.3034648586741147,0.20000000000000007,7.170863066939662e-19,0.4
2021-06-29,-0.0005699119017949375,0.0,0.09653514132588521,0.3034648586741147,0.20000000000000007,7.170863066939662e-19,0.4
2021-06-30,0.003534144270606309,0.0,0.09653514132588521,0.3034648586741147,0.20000000000000007,7.170863066939662e-19,0.4
2021-07-01,0.002367457208230307,0.0,0.09653514132588521,0.3034648586741147,0.20000000000000007,7.170863066939662e-19,0.4
2021-07-02,0.002274255860428085,0.0,0.09653514132588521,0.3034648586741147,0.20000000000000007,7.170863066939662e-19,0.4
2021-07-06,0.005824810302751964,0.0,0.09653514132588521,0.3034648586741147,0.20000000000000007,7.170863066939662e-19,0.4
2021-07-07,0.00443382195330903,0.0,0.09653514132588521,0.3034648586741147,0.20000000000000007,7.170863066939662e-19,0.4
2021-07-08,-0.0013324280834387772,0.0,0.09653514132588521,0.3034648586741147,0.20000000000000007,7.170863066939662e-19,0.4
2021-07-09,-0.0035395865674330454,0.0,0.09653514132588521,0.3034648586741147,0.20000000000000007,7.170863066939662e-19,0.4
2021-07-12,0.00018880190835270078,0.0,0.09653514132588521,0.3034648586741147,0.20000000000000007,7.170863066939662e-19,0.4
2021-07-13,2.7962688022845173e-05,0.0,0.09653514132588521,0.3034648586741147,0.20000000000000007,7.170863066939662e-19,0.4
2021-07-14,0.003819130177499414,0.0,0.09653514132588521,0.3034648586741147,0.20000000000000007,7.170863066939662e-19,0.4
2021-07-15,0.004180657479374678,0.0,0.09653514132588521,0.3034648586741147,0.20000000000000007,7.170863066939662e-19,0.4
2021-07-16,-0.00278858298259048,0.0,0.09653514132588521,0.3034648586741147,0.20000000000000007,7.170863066939662e-19,0.4
2021-07-19,0.006106849327712595,0.0,0.09653514132588521,0.3034648586741147,0.20000000000000007,7.170863066939662e-19,0.4
2021-07-20,-0.0013207611973545896,0.0,0.09653514132588521,0.3034648586741147,0.20000000000000007,7.170863066939662e-19,0.4
2021-07-21,-0.004766147665286166,0.0,0.09653514132588521,0.3034648586741147,0.20000000000000007,7.170863066939662e-19,0.4
2021-07-22,0.003943057584518784,0.0,0.09653514132588521,0.3034648586741147,0.20000000000000007,7.170863066939662e-19,0.4
2021-07-23,-0.0015034106443144405,0.0,0.09653514132588521,0.3034648586741147,0.20000000000000007,7.170863066939662e-19,0.4
2021-07-26,-0.0024176371641399727,0.0,0.09653514132588521,0.3034648586741147,0.20000000000000007,7.170863066939662e-19,0.4
2021-07-27,0.00248865396403315,0.0,0.09653514132588521,0.3034648586741147,0.20000000000000007,7.170863066939662e-19,0.4
2021-07-28,-0.00013616506634646852,0.0,0.09653514132588521,0.3034648586741147,0.20000000000000007,7.170863066939662e-19,0.4
2021-07-29,-0.0005139611789124008,0.0,0.09653514132588521,0.3034648586741147,0.20000000000000007,7.170863066939662e-19,0.4
2021-07-30,0.0005148055520028632,0.0,0.09653514132588521,0.3034648586741147,0.20000000000000007,7.170863066939662e-19,0.4
2021-08-02,0.0017723913855118264,0.0,0.09653514132588521,0.3034648586741147,0.20000000000000007,7.170863066939662e-19,0.4
2021-08-03,0.0009667341310788013,0.0,0.09653514132588521,0.3034648586741147,0.20000000000000007,7.170863066939662e-19,0.4
2021-08-04,0.0008427727487253824,0.0,0.09653514132588521,0.3034648586741147,0.20000000000000007,7.170863066939662e-19,0.4
2021-08-05,-0.001725844968773496,0.0,0.09653514132588521,0.3034648586741147,0.20000000000000007,7.170863066939662e-19,0.4
2021-08-06,-0.0076479497250785695,0.0,0.09653514132588521,0.3034648586741147,0.20000000000000007,7.170863066939662e-19,0.4
2021-08-09,-0.00391185398423166,0.0,0.09653514132588521,0.3034648586741147,0.20000000000000007,7.170863066939662e-19,0.4
2021-08-10,-0.0008991882258654145,0.0,0.09653514132588521,0.3034648586741147,0.20000000000000007,7.170863066939662e-19,0.4
2021-08-11,0.0020105075424274046,0.0,0.09653514132588521,0.3034648586741147,0.20000000000000007,7.170863066939662e-19,0.4
2021-08-12,0.00032181687101308067,0.0,0.09653514132588521,0.3034648586741147,0.20000000000000007,7.170863066939662e-19,0.4
2021-08-13,0.005912925544853982,0.0,0.09653514132588521,0.3034648586741147,0.20000000000000007,7.170863066939662e-19,0.4
2021-08-16,0.002282246399326788,0.0,0.09653514132588521,0.3034648586741147,0.20000000000000007,7.170863066939662e-19,0.4
2021-08-17,0.0013573995369223822,0.0,0.09653514132588521,0.3034648586741147,0.20000000000000007,7.170863066939662e-19,0.4
2021-08-18,0.0001186064323810969,0.0,0.09653514132588521,0.3034648586741147,0.20000000000000007,7.170863066939662e-19,0.4
2021-08-19,0.0037156208777481318,0.0,0.09653514132588521,0.3034648586741147,0.20000000000000007,7.170863066939662e-19,0.4
2021-08-20,0.0006008690209744434,0.0,0.09653514132588521,0.3034648586741147,0.20000000000000007,7.170863066939662e-19,0.4
2021-08-23,0.0006944733717318186,0.0,0.09653514132588521,0.3034648586741147,0.20000000000000007,7.170863066939662e-19,0.4
2021-08-24,-0.002621876624185741,0.0,0.09653514132588521,0.3034648586741147,0.20000000000000007,7.170863066939662e-19,0.4
2021-08-25,-0.004026329856295803,0.0,0.09653514132588521,0.3034648586741147,0.20000000000000007,7.170863066939662e-19,0.4
2021-08-26,0.001620703390240465,0.0,0.09653514132588521,0.3034648586741147,0.20000000000000007,7.170863066939662e-19,0.4
2021-08-27,0.0041734950028700386,0.0,0.09653514132588521,0.3034648586741147,0.20000000000000007,7.170863066939662e-19,0.4
2021-08-30,0.00022934245801085299,0.0,0.09653514132588521,0.3034648586741147,0.20000000000000007,7.170863066939662e-19,0.4
2021-08-31,-0.0018071110159667927,0.0,0.09653514132588521,0.3034648586741147,0.20000000000000007,7.170863066939662e-19,0.4
2021-09-01,-0.00023210196863709574,0.0,0.09653514132588521,0.3034648586741147,0.20000000000000007,7.170863066939662e-19,0.4
2021-09-02,0.0001254332972936952,0.0,0.09653514132588521,0.3034648586741147,0.20000000000000007,7.170863066939662e-19,0.4
2021-09-03,-0.0014516866193215968,0.0,0.09653514132588521,0.3034648586741147,0.20000000000000007,7.170863066939662e-19,0.4
2021-09-07,-0.004880928661732498,0.0,0.09653514132588521,0.3034648586741147,0.20000000000000007,7.170863066939662e-19,0.4
2021-09-08,0.002090736165069069,0.0,0.09653514132588521,0.3034648586741147,0.20000000000000007,7.170863066939662e-19,0.4
2021-09-09,0.0031791970594658267,0.0,0.09653514132588521,0.3034648586741147,0.20000000000000007,7.170863066939662e-19,0.4
2021-09-10,-0.003803805495942469,0.0,0.09653514132588521,0.3034648586741147,0.20000000000000007,7.170863066939662e-19,0.4
2021-09-13,0.0027575677896719336,0.0,0.09653514132588521,0.3034648586741147,0.20000000000000007,7.170863066939662e-19,0.4
2021-09-14,0.004445635093744208,0.0,0.09653514132588521,0.3034648586741147,0.20000000000000007,7.170863066939662e-19,0.4
2021-09-15,-0.00223516873051451,0.0,0.09653514132588521,0.3034648586741147,0.20000000000000007,7.170863066939662e-19,0.4
2021-09-16,-0.004299179928761204,0.0,0.09653514132588521,0.3034648586741147,0.20000000000000007,7.170863066939662e-19,0.4
2021-09-17,-0.001270953397638733,0.0,0.09653514132588521,0.3034648586741147,0.20000000000000007,7.170863066939662e-19,0.4
2021-09-20,0.003742639991378725,0.0,0.09653514132588521,0.3034648586741147,0.20000000000000007,7.170863066939662e-19,0.4
2021-09-21,0.0006615684230971401,0.0,0.09653514132588521,0.3034648586741147,0.20000000000000007,7.170863066939662e-19,0.4
2021-09-22,0.0031245818505256564,0.0,0.09653514132588521,0.3034648586741147,0.20000000000000007,7.170863066939662e-19,0.4
2021-09-23,-0.009588658204666898,0.0,0.09653514132588521,0.3034648586741147,0.20000000000000007,7.170863066939662e-19,0.4
2021-09-24,-0.0019427426429826189,0.0,0.09653514132588521,0.3034648586741147,0.20000000000000007,7.170863066939662e-19,0.4
2021-09-27,-0.0004964145639342865,0.0,0.09653514132588521,0.3034648586741147,0.20000000000000007,7.170863066939662e-19,0.4
2021-09-28,-0.007180123909738191,0.0,0.09653514132588521,0.3034648586741147,0.20000000000000007,7.170863066939662e-19,0.4
2021-09-29,0.0026485882464969647,0.0,0.09653514132588521,0.3034648586741147,0.20000000000000007,7.170863066939662e-19,0.4
2021-09-30,0.001742292727637418,0.0,0.09653514132588521,0.3034648586741147,0.20000000000000007,7.170863066939662e-19,0.4
2021-10-01,0.003361327538986721,0.0,0.09653514132588521,0.3034648586741147,0.20000000000000007,7.170863066939662e-19,0.4
2021-10-04,-0.0023484456618015105,0.0,0.09653514132588521,0.3034648586741147,0.20000000000000007,7.170863066939662e-19,0.4
2021-10-05,-0.0020630271156302712,0.0,0.09653514132588521,0.3034648586741147,0.20000000000000007,7.170863066939662e-19,0.4
2021-10-06,0.0037575515532785636,0.0,0.09653514132588521,0.3034648586741147,0.20000000000000007,7.170863066939662e-19,0.4
2021-10-07,-0.003551348591555218,0.0,0.09653514132588521,0.3034648586741147,0.20000000000000007,7.170863066939662e-19,0.4
2021-10-08,-0.002530985939029061,0.0,0.09653514132588521,0.3034648586741147,0.20000000000000007,7.170863066939662e-19,0.4
2021-10-11,-0.0007384143395345122,0.0,0.09653514132588521,0.3034648586741147,0.20000000000000007,7.170863066939662e-19,0.4
2021-10-12,0.006328105085560117,0.0,0.09653514132588521,0.3034648586741147,0.20000000000000007,7.170863066939662e-19,0.4
2021-10-13,0.0046502580328956515,0.0,0.09653514132588521,0.3034648586741147,0.20000000000000007,7.170863066939662e-19,0.4
2021-10-14,0.003240807688785971,0.0,0.09653514132588521,0.3034648586741147,0.20000000000000007,7.170863066939662e-19,0.4
2021-10-15,-0.004687345675333732,0.0,0.09653514132588521,0.3034648586741147,0.20000000000000007,7.170863066939662e-19,0.4
2021-10-18,0.0013714959978685262,0.0,0.09653514132588521,0.3034648586741147,0.20000000000000007,7.170863066939662e-19,0.4
2021-10-19,-0.003750778998623471,0.0,0.09653514132588521,0.3034648586741147,0.20000000000000007,7.170863066939662e-19,0.4
2021-10-20,-0.0005527123628646649,0.0,0.09653514132588521,0.3034648586741147,0.20000000000000007,7.170863066939662e-19,0.4
2021-10-21,0.0006664796568249071,0.0,0.09653514132588521,0.3034648586741147,0.20000000000000007,7.170863066939662e-19,0.4
2021-10-22,0.0036708466420837796,0.0,0.09653514132588521,0.3034648586741147,0.20000000000000007,7.170863066939662e-19,0.4
2021-10-25,0.0020741622711922575,0.0,0.09653514132588521,0.3034648586741147,0.20000000000000007,7.170863066939662e-19,0.4
2021-10-26,0.0019113006045568407,0.0,0.09653514132588521,0.3034648586741147,0.20000000000000007,7.170863066939662e-19,0.4
2021-10-27,0.005459773556990992,0.0,0.09653514132588521,0.3034648586741147,0.20000000000000007,7.170863066939662e-19,0.4
2021-10-28,-0.002524036955132914,0.0,0.09653514132588521,0.3034648586741147,0.20000000000000007,7.170863066939662e-19,0.4
2021-10-29,0.0026153579637626673,0.0,0.09653514132588521,0.3034648586741147,0.20000000000000007,7.170863066939662e-19,0.4
2021-11-01,-0.002241938696984861,0.0,0.09653514132588521,0.3034648586741147,0.20000000000000007,7.170863066939662e-19,0.4
2021-11-02,0.00226083624639016,0.0,0.09653514132588521,0.3034648586741147,0.20000000000000007,7.170863066939662e-19,0.4
2021-11-03,-0.005160788214029873,0.0,0.09653514132588521,0.3034648586741147,0.20000000000000007,7.170863066939662e-19,0.4
2021-11-04,0.007978357031278149,0.0,0.09653514132588521,0.3034648586741147,0.20000000000000007,7.170863066939662e-19,0.4
2021-11-05,0.007170066795321898,0.0,0.09653514132588521,0.3034648586741147,0.20000000000000007,7.170863066939662e-19,0.4
2021-11-08,-0.0005596056120556226,0.0,0.09653514132588521,0.3034648586741147,0.20000000000000007,7.170863066939662e-19,0.4
2021-11-09,0.004141604061723522,0.0,0.09653514132588521,0.3034648586741147,0.20000000000000007,7.170863066939662e-19,0.4
2021-11-10,0.0001325086126038738,0.0,0.09653514132588521,0.3034648586741147,0.20000000000000007,7.170863066939662e-19,0.4
2021-11-11,0.0016435355313565306,0.0,0.09653514132588521,0.3034648586741147,0.20000000000000007,7.170863066939662e-19,0.4
2021-11-12,-0.0006954631045962172,0.0,0.09653514132588521,0.3034648586741147,0.20000000000000007,7.170863066939662e-19,0.4
2021-11-15,-0.001890923663255452,0.0,0.09653514132588521,0.3034648586741147,0.20000000000000007,7.170863066939662e-19,0.4
2021-11-16,-0.0002764762942593878,0.0,0.09653514132588521,0.3034648586741147,0.20000000000000007,7.170863066939662e-19,0.4
2021-11-17,0.0032209467386671835,0.0,0.09653514132588521,0.3034648586741147,0.20000000000000007,7.170863066939662e-19,0.4
2021-11-18,-0.0002626300105508977,0.0,0.09653514132588521,0.3034648586741147,0.20000000000000007,7.170863066939662e-19,0.4
2021-11-19,0.003531587592986882,0.0,0.09653514132588521,0.3034648586741147,0.20000000000000007,7.170863066939662e-19,0.4
2021-11-22,-0.006295523694992172,0.0,0.09653514132588521,0.3034648586741147,0.20000000000000007,7.170863066939662e-19,0.4
2021-11-23,-0.006144835551355843,0.0,0.09653514132588521,0.3034648586741147,0.20000000000000007,7.170863066939662e-19,0.4
2021-11-24,0.006484691929079574,0.0,0.09653514132588521,0.3034648586741147,0.20000000000000007,7.170863066939662e-19,0.4
2021-11-26,0.0021118051293959736,0.0,0.09653514132588521,0.3034648586741147,0.20000000000000007,7.170863066939662e-19,0.4
2021-11-29,-0.0007548002770554922,0.0,0.09653514132588521,0.3034648586741147,0.20000000000000007,7.170863066939662e-19,0.4
2021-11-30,-0.00046848099206744974,0.0,0.09653514132588521,0.3034648586741147,0.20000000000000007,7.170863066939662e-19,0.4
2021-12-01,0.0026870291682032947,0.0,0.09653514132588521,0.3034648586741147,0.20000000000000007,7.170863066939662e-19,0.4
2021-12-02,0.0009048054373932879,0.0,0.09653514132588521,0.3034648586741147,0.20000000000000007,7.170863066939662e-19,0.4
2021-12-03,0.004308363541622069,0.0,0.09653514132588521,0.3034648586741147,0.20000000000000007,7.170863066939662e-19,0.4
2021-12-06,-0.002896178081292627,0.0,0.09653514132588521,0.3034648586741147,0.20000000000000007,7.170863066939662e-19,0.4
2021-12-07,0.0004098342988902645,0.0,0.09653514132588521,0.3034648586741147,0.20000000000000007,7.170863066939662e-19,0.4
2021-12-08,-0.006740852993729697,0.0,0.09653514132588521,0.3034648586741147,0.20000000000000007,7.170863066939662e-19,0.4
2021-12-09,0.0012242140576239346,0.0,0.09653514132588521,0.3034648586741147,0.20000000000000007,7.170863066939662e-19,0.4
2021-12-10,0.000400121908382535,0.0,0.09653514132588521,0.3034648586741147,0.20000000000000007,7.170863066939662e-19,0.4
2021-12-13,0.005376580581353915,0.0,0.09653514132588521,0.3034648586741147,0.20000000000000007,7.170863066939662e-19,0.4
2021-12-14,-0.0024812869609422234,0.0,0.09653514132588521,0.3034648586741147,0.20000000000000007,7.170863066939662e-19,0.4
2021-12-15,-0.0011714074736292523,0.0,0.09653514132588521,0.3034648586741147,0.20000000000000007,7.170863066939662e-19,0.4
2021-12-16,-1.661422249750336e-05,0.0,0.09653514132588521,0.3034648586741147,0.20000000000000007,7.170863066939662e-19,0.4
2021-12-17,0.0047815373958779465,0.0,0.09653514132588521,0.3034648586741147,0.20000000000000007,7.170863066939662e-19,0.4
2021-12-20,-0.004609355261376535,0.0,0.09653514132588521,0.3034648586741147,0.20000000000000007,7.170863066939662e-19,0.4
2021-12-21,1.1253446436764424e-05,0.0,0.09653514132588521,0.3034648586741147,0.20000000000000007,7.170863066939662e-19,0.4
2021-12-22,0.0027021146622190195,0.0,0.09653514132588521,0.3034648586741147,0.20000000000000007,7.170863066939662e-19,0.4
2021-12-23,-0.0018923518364170418,0.0,0.09653514132588521,0.3034648586741147,0.20000000000000007,7.170863066939662e-19,0.4
2021-12-27,0.0027306081663841593,0.0,0.09653514132588521,0.3034648586741147,0.20000000000000007,7.170863066939662e-19,0.4
2021-12-28,-0.0016773698136817736,0.0,0.09653514132588521,0.3034648586741147,0.20000000000000007,7.170863066939662e-19,0.4
2021-12-29,-0.004337506510288243,0.0,0.09653514132588521,0.3034648586741147,0.20000000000000007,7.170863066939662e-19,0.4
2021-12-30,0.004336068346174283,0.0,0.09653514132588521,0.3034648586741147,0.20000000000000007,7.170863066939662e-19,0.4
2021-12-31,8.596247354400888e-06,0.0,0.09653514132588521,0.3034648586741147,0.20000000000000007,7.170863066939662e-19,0.4
2022-01-03,-0.007986665773497284,0.0,0.09653514132588521,0.3034648586741147,0.20000000000000007,7.170863066939662e-19,0.4
2022-01-04,0.0004892617221868808,0.0,0.09653514132588521,0.3034648586741147,0.20000000000000007,7.170863066939662e-19,0.4
2022-01-05,-0.00456716691908185,0.0,0.09653514132588521,0.3034648586741147,0.20000000000000007,7.170863066939662e-19,0.4
2022-01-06,-0.0014436801079349853,0.0,0.09653514132588521,0.3034648586741147,0.20000000000000007,7.170863066939662e-19,0.4
2022-01-07,-0.0038234160905527685,0.0,0.09653514132588521,0.3034648586741147,0.20000000000000007,7.170863066939662e-19,0.4
2022-01-10,0.0021700045018576168,0.0,0.09653514132588521,0.3034648586741147,0.20000000000000007,7.170863066939662e-19,0.4
2022-01-11,0.0036029003400453712,0.0,0.09653514132588521,0.3034648586741147,0.20000000000000007,7.170863066939662e-19,0.4
2022-01-12,-0.0030283201806122584,0.0,0.09653514132588521,0.3034648586741147,0.20000000000000007,7.170863066939662e-19,0.4
2022-01-13,0.0005281606094985208,0.0,0.09653514132588521,0.3034648586741147,0.20000000000000007,7.170863066939662e-19,0.4
2022-01-14,-0.004020536820606088,0.0,0.09653514132588521,0.3034648586741147,0.20000000000000007,7.170863066939662e-19,0.4
2022-01-18,-0.0038010697182578592,0.0,0.09653514132588521,0.3034648586741147,0.20000000000000007,7.170863066939662e-19,0.4
2022-01-19,0.0033395227130796415,0.0,0.09653514132588521,0.3034648586741147,0.20000000000000007,7.170863066939662e-19,0.4
2022-01-20,0.0015533158846509037,0.0,0.09653514132588521,0.3034648586741147,0.20000000000000007,7.170863066939662e-19,0.4
2022-01-21,-2.479315824352457e-05,0.0,0.09653514132588521,0.3034648586741147,0.20000000000000007,7.170863066939662e-19,0.4
2022-01-24,0.0002653585277050995,0.0,0.09653514132588521,0.3034648586741147,0.20000000000000007,7.170863066939662e-19,0.4
2022-01-25,-0.0008734519689184109,0.0,0.09653514132588521,0.3034648586741147,0.20000000000000007,7.170863066939662e-19,0.4
2022-01-26,-0.004966605812353541,0.0,0.09653514132588521,0.3034648586741147,0.20000000000000007,7.170863066939662e-19,0.4
2022-01-27,0.0059218222146716236,0.0,0.09653514132588521,0.3034648586741147,0.20000000000000007,7.170863066939662e-19,0.4
2022-01-28,0.00175330015832129,0.0,0.09653514132588521,0.3034648586741147,0.20000000000000007,7.170863066939662e-19,0.4
2022-01-31,-0.001409135027208385,0.0,0.09653514132588521,0.3034648586741147,0.20000000000000007,7.170863066939662e-19,0.4
2022-02-01,-0.0012710046691080078,0.0,0.09653514132588521,0.3034648586741147,0.20000000000000007,7.170863066939662e-19,0.4
2022-02-02,0.0011404919063093368,0.0,0.09653514132588521,0.3034648586741147,0.20000000000000007,7.170863066939662e-19,0.4
2022-02-03,-0.006945576916292252,0.0,0.09653514132588521,0.3034648586741147,0.20000000000000007,7.170863066939662e-19,0.4
2022-02-04,-0.004024335518042528,0.0,0.09653514132588521,0.3034648586741147,0.20000000000000007,7.170863066939662e-19,0.4
2022-02-07,0.0015238813938528125,0.0,0.09653514132588521,0.3034648586741147,0.20000000000000007,7.170863066939662e-19,0.4
2022-02-08,2.6032719484976857e-06,0.0,0.09653514132588521,0.3034648586741147,0.20000000000000007,7.170863066939662e-19,0.4
2022-02-09,0.0021950065833447915,0.0,0.09653514132588521,0.3034648586741147,0.20000000000000007,7.170863066939662e-19,0.4
2022-02-10,-0.006690748376160311,0.0,0.09653514132588521,0.3034648586741147,0.20000000000000007,7.170863066939662e-19,0.4
2022-02-11,0.008125267320161927,0.0,0.09653514132588521,0.3034648586741147,0.20000000000000007,7.170863066939662e-19,0.4
2022-02-14,-0.0019322272349325763,0.0,0.09653514132588521,0.3034648586741147,0.20000000000000007,7.170863066939662e-19,0.4
2022-02-15,-0.005339321811546376,0.0,0.09653514132588521,0.3034648586741147,0.20000000000000007,7.170863066939662e-19,0.4
2022-02-16,0.003185141651425448,0.0,0.09653514132588521,0.3034648586741147,0.20000000000000007,7.170863066939662e-19,0.4
2022-02-17,0.0030847657519163393,0.0,0.09653514132588521,0.3034648586741147,0.20000000000000007,7.170863066939662e-19,0.4
2022-02-18,0.0035145190076865673,0.0,0.09653514132588521,0.3034648586741147,0.20000000000000007,7.170863066939662e-19,0.4
2022-02-22,0.00032759157073577604,0.0,0.09653514132588521,0.3034648586741147,0.20000000000000007,7.170863066939662e-19,0.4
2022-02-23,-0.004526959612505897,0.0,0.09653514132588521,0.3034648586741147,0.20000000000000007,7.170863066939662e-19,0.4
2022-02-24,0.003623617642439837,0.0,0.09653514132588521,0.3034648586741147,0.20000000000000007,7.170863066939662e-19,0.4
2022-02-25,-0.0003165944132173413,0.0,0.09653514132588521,0.3034648586741147,0.20000000000000007,7.170863066939662e-19,0.4
2022-02-28,0.009096804404071204,0.0,0.09653514132588521,0.3034648586741147,0.20000000000000007,7.170863066939662e-19,0.4
2022-03-01,0.008762235023038549,0.0,0.09653514132588521,0.3034648586741147,0.20000000000000007,7.170863066939662e-19,0.4
2022-03-02,-0.01098545524844811,0.0,0.09653514132588521,0.3034648586741147,0.20000000000000007,7.170863066939662e-19,0.4
2022-03-03,0.005335869766226708,0.0,0.09653514132588521,0.3034648586741147,0.20000000000000007,7.170863066939662e-19,0.4
2022-03-04,0.010698707151702352,0.0,0.09653514132588521,0.3034648586741147,0.20000000000000007,7.170863066939662e-19,0.4
2022-03-07,0.0006946471282029943,0.0,0.09653514132588521,0.3034648586741147,0.20000000000000007,7.170863066939662e-19,0.4
2022-03-08,0.0009336865730606211,0.0,0.09653514132588521,0.3034648586741147,0.20000000000000007,7.170863066939662e-19,0.4
2022-03-09,-0.010252217091870467,0.0,0.09653514132588521,0.3034648586741147,0.20000000000000007,7.170863066939662e-19,0.4
2022-03-10,-0.002189972179737868,0.0,0.09653514132588521,0.3034648586741147,0.20000000000000007,7.170863066939662e-19,0.4
2022-03-11,0.0005064247292594953,0.0,0.09653514132588521,0.3034648586741147,0.20000000000000007,7.170863066939662e-19,0.4
2022-03-14,-0.010956820560242518,0.0,0.09653514132588521,0.3034648586741147,0.20000000000000007,7.170863066939662e-19,0.4
2022-03-15,-0.0026006973006500907,0.0,0.09653514132588521,0.3034648586741147,0.20000000000000007,7.170863066939662e-19,0.4
2022-03-16,0.0034977368019532425,0.0,0.09653514132588521,0.3034648586741147,0.20000000000000007,7.170863066939662e-19,0.4
2022-03-17,-0.0009897642976270287,0.0,0.09653514132588521,0.3034648586741147,0.20000000000000007,7.170863066939662e-19,0.4
2022-03-18,0.0034631053238637667,0.0,0.09653514132588521,0.3034648586741147,0.20000000000000007,7.170863066939662e-19,0.4
2022-03-21,-0.00400325884399267,0.0,0.09653514132588521,0.3034648586741147,0.20000000000000007,7.170863066939662e-19,0.4
2022-03-22,-0.004360272974512875,0.0,0.09653514132588521,0.3034648586741147,0.20000000000000007,7.170863066939662e-19,0.4
2022-03-23,0.008594540479883258,0.0,0.09653514132588521,0.3034648586741147,0.20000000000000007,7.170863066939662e-19,0.4
2022-03-24,0.0009854199513280133,0.0,0.09653514132588521,0.3034648586741147,0.20000000000000007,7.170863066939662e-19,0.4
2022-03-25,-0.004406000876510673,0.0,0.09653514132588521,0.3034648586741147,0.20000000000000007,7.170863066939662e-19,0.4
2022-03-28,0.0008520485126799955,0.0,0.09653514132588521,0.3034648586741147,0.20000000000000007,7.170863066939662e-19,0.4
2022-03-29,0.0011595529545971,0.0,0.09653514132588521,0.3034648586741147,0.20000000000000007,7.170863066939662e-19,0.4
2022-03-30,0.0012522810156623742,0.0,0.09653514132588521,0.3034648586741147,0.20000000000000007,7.170863066939662e-19,0.4
2022-03-31,0.0010087276627406135,0.0,0.09653514132588521,0.3034648586741147,0.20000000000000007,7.170863066939662e-19,0.4
2022-04-01,0.0007639519059250985,0.0,0.09653514132588521,0.3034648586741147,0.20000000000000007,7.170863066939662e-19,0.4
2022-04-04,0.0015096009484113259,0.0,0.09653514132588521,0.3034648586741147,0.20000000000000007,7.170863066939662e-19,0.4
2022-04-05,-0.007211868900339159,0.0,0.09653514132588521,0.3034648586741147,0.20000000000000007,7.170863066939662e-19,0.4
2022-04-06,-0.002652205895913891,0.0,0.09653514132588521,0.3034648586741147,0.20000000000000007,7.170863066939662e-19,0.4
2022-04-07,-0.0002910282290737253,0.0,0.09653514132588521,0.3034648586741147,0.20000000000000007,7.170863066939662e-19,0.4
2022-04-08,-0.002291802474829757,0.0,0.09653514132588521,0.3034648586741147,0.20000000000000007,7.170863066939662e-19,0.4
2022-04-11,-0.004560478312648493,0.0,0.09653514132588521,0.3034648586741147,0.20000000000000007,7.170863066939662e-19,0.4
2022-04-12,0.0021055054546194932,0.0,0.09653514132588521,0.3034648586741147,0.20000000000000007,7.170863066939662e-19,0.4
2022-04-13,0.0010398084640577579,0.0,0.09653514132588521,0.3034648586741147,0.20000000000000007,7.170863066939662e-19,0.4
2022-04-14,-0.006148828346442726,0.0,0.09653514132588521,0.3034648586741147,0.20000000000000007,7.170863066939662e-19,0.4
2022-04-18,0.0007912278545572294,0.0,0.09653514132588521,0.3034648586741147,0.20000000000000007,7.170863066939662e-19,0.4
2022-04-19,-0.0028465958880145746,0.0,0.09653514132588521,0.3034648586741147,0.20000000000000007,7.170863066939662e-19,0.4
2022-04-20,0.00420013575461474,0.0,0.09653514132588521,0.3034648586741147,0.20000000000000007,7.170863066939662e-19,0.4
2022-04-21,-0.0032066630104286955,0.0,0.09653514132588521,0.3034648586741147,0.20000000000000007,7.170863066939662e-19,0.4
2022-04-22,-0.004123156147922373,0.0,0.09653514132588521,0.3034648586741147,0.20000000000000007,7.170863066939662e-19,0.4
2022-04-25,0.0019227942911953099,0.0,0.09653514132588521,0.3034648586741147,0.20000000000000007,7.170863066939662e-19,0.4
2022-04-26,0.0030660714228125385,0.0,0.09653514132588521,0.3034648586741147,0.20000000000000007,7.170863066939662e-19,0.4
2022-04-27,-0.0026458978880956902,0.0,0.09653514132588521,0.3034648586741147,0.20000000000000007,7.170863066939662e-19,0.4
2022-04-28,0.006295743777043758,0.0,0.09653514132588521,0.3034648586741147,0.20000000000000007,7.170863066939662e-19,0.4
2022-04-29,-0.009116628183338929,0.0,0.09653514132588521,0.3034648586741147,0.20000000000000007,7.170863066939662e-19,0.4
2022-05-02,-0.006356018770000937,0.0,0.09653514132588521,0.3034648586741147,0.20000000000000007,7.170863066939662e-19,0.4
2022-05-03,0.0022964881023199543,0.0,0.09653514132588521,0.3034648586741147,0.20000000000000007,7.170863066939662e-19,0.4
2022-05-04,0.003250313871219923,0.0,0.09653514132588521,0.3034648586741147,0.20000000000000007,7.170863066939662e-19,0.4
2022-05-05,-0.0091537958072999,0.0,0.09653514132588521,0.3034648586741147,0.20000000000000007,7.170863066939662e-19,0.4
2022-05-06,-0.00399365792714467,0.0,0.09653514132588521,0.3034648586741147,0.20000000000000007,7.170863066939662e-19,0.4
2022-05-09,-0.0031726572900953754,0.0,0.09653514132588521,0.3034648586741147,0.20000000000000007,7.170863066939662e-19,0.4
2022-05-10,0.002152062034686309,0.0,0.09653514132588521,0.3034648586741147,0.20000000000000007,7.170863066939662e-19,0.4
2022-05-11,0.006380322418785233,0.0,0.09653514132588521,0.3034648586741147,0.20000000000000007,7.170863066939662e-19,0.4
2022-05-12,-0.0002816347556175926,0.0,0.09653514132588521,0.3034648586741147,0.20000000000000007,7.170863066939662e-19,0.4
2022-05-13,-0.004940226934247117,0.0,0.09653514132588521,0.3034648586741147,0.20000000000000007,7.170863066939662e-19,0.4
2022-05-16,-0.00037105255983995843,0.0,0.09653514132588521,0.3034648586741147,0.20000000000000007,7.170863066939662e-19,0.4
2022-05-17,-0.006239236317013773,0.0,0.09653514132588521,0.3034648586741147,0.20000000000000007,7.170863066939662e-19,0.4
2022-05-18,0.004710642868997379,0.0,0.09653514132588521,0.3034648586741147,0.20000000000000007,7.170863066939662e-19,0.4
2022-05-19,-0.0011020920548125805,0.0,0.09653514132588521,0.3034648586741147,0.20000000000000007,7.170863066939662e-19,0.4
2022-05-20,0.004499492233251767,0.0,0.09653514132588521,0.3034648586741147,0.20000000000000007,7.170863066939662e-19,0.4
2022-05-23,-0.005888100926272552,0.0,0.09653514132588521,0.3034648586741147,0.20000000000000007,7.170863066939662e-19,0.4
2022-05-24,0.005582751573937486,0.0,0.09653514132588521,0.3034648586741147,0.20000000000000007,7.170863066939662e-19,0.4
2022-05-25,0.0023170033251946605,0.0,0.09653514132588521,0.3034648586741147,0.20000000000000007,7.170863066939662e-19,0.4
2022-05-26,-0.0011322818539210825,0.0,0.09653514132588521,0.3034648586741147,0.20000000000000007,7.170863066939662e-19,0.4
2022-05-27,0.0023330623948209905,0.0,0.09653514132588521,0.3034648586741147,0.20000000000000007,7.170863066939662e-19,0.4
2022-05-31,-0.00820578151008857,0.0,0.09653514132588521,0.3034648586741147,0.20000000000000007,7.170863066939662e-19,0.4
2022-06-01,0.0032330637488642055,0.0,0.09653514132588521,0.3034648586741147,0.20000000000000007,7.170863066939662e-19,0.4
2022-06-02,0.0009559518633428903,0.0,0.09653514132588521,0.3034648586741147,0.20000000000000007,7.170863066939662e-19,0.4
2022-06-03,-0.0025013015177544748,0.0,0.09653514132588521,0.3034648586741147,0.20000000000000007,7.170863066939662e-19,0.4
2022-06-06,-0.005304602500436741,0.0,0.09653514132588521,0.3034648586741147,0.20000000000000007,7.170863066939662e-19,0.4
2022-06-07,0.005068537105790261,0.0,0.09653514132588521,0.3034648586741147,0.20000000000000007,7.170863066939662e-19,0.4
2022-06-08,-0.0027526662714869735,0.0,0.09653514132588521,0.3034648586741147,0.20000000000000007,7.170863066939662e-19,0.4
2022-06-09,0.0009968969726419806,0.0,0.09653514132588521,0.3034648586741147,0.20000000000000007,7.170863066939662e-19,0.4
2022-06-10,0.0011884647973952568,0.0,0.09653514132588521,0.3034648586741147,0.20000000000000007,7.170863066939662e-19,0.4
2022-06-13,-0.014589390214333892,0.0,0.09653514132588521,0.3034648586741147,0.20000000000000007,7.170863066939662e-19,0.4
2022-06-14,-0.004865125719611183,0.0,0.09653514132588521,0.3034648586741147,0.20000000000000007,7.170863066939662e-19,0.4
2022-06-15,0.00652300433726668,0.0,0.09653514132588521,0.3034648586741147,0.20000000000000007,7.170863066939662e-19,0.4
2022-06-16,-0.002402499003040837,0.0,0.09653514132588521,0.3034648586741147,0.20000000000000007,7.170863066939662e-19,0.4
2022-06-17,0.003589154974055436,0.0,0.09653514132588521,0.3034648586741147,0.20000000000000007,7.170863066939662e-19,0.4
2022-06-21,-0.004892804158945145,0.0,0.09653514132588521,0.3034648586741147,0.20000000000000007,7.170863066939662e-19,0.4
2022-06-22,0.008392965141142445,0.0,0.09653514132588521,0.3034648586741147,0.20000000000000007,7.170863066939662e-19,0.4
2022-06-23,0.0026448294791106587,0.0,0.09653514132588521,0.3034648586741147,0.20000000000000007,7.170863066939662e-19,0.4
2022-06-24,-0.0021933416977143725,0.0,0.09653514132588521,0.3034648586741147,0.20000000000000007,7.170863066939662e-19,0.4
2022-06-27,-0.0039002037564973375,0.0,0.09653514132588521,0.3034648586741147,0.20000000000000007,7.170863066939662e-19,0.4
2022-06-28,0.001419932366993087,0.0,0.09653514132588521,0.3034648586741147,0.20000000000000007,7.170863066939662e-19,0.4
2022-06-29,0.006799413988613236,0.0,0.09653514132588521,0.3034648586741147,0.20000000000000007,7.170863066939662e-19,0.4
2022-06-30,-0.0006181454691137412,0.0,0.09653514132588521,0.3034648586741147,0.20000000000000007,7.170863066939662e-19,0.4
2022-07-01,0.0052578760331324905,0.0,0.09653514132588521,0.3034648586741147,0.20000000000000007,7.170863066939662e-19,0.4
2022-07-05,0.004028885756174604,0.0,0.09653514132588521,0.3034648586741147,0.20000000000000007,7.170863066939662e-19,0.4
2022-07-06,-0.006110124271794538,0.0,0.09653514132588521,0.3034648586741147,0.20000000000000007,7.170863066939662e-19,0.4
2022-07-07,-0.000973787996341139,0.0,0.09653514132588521,0.3034648586741147,0.20000000000000007,7.170863066939662e-19,0.4
2022-07-08,-0.0036340392092971607,0.0,0.09653514132588521,0.3034648586741147,0.20000000000000007,7.170863066939662e-19,0.4
2022-07-11,0.007678420691787291,0.0,0.09653514132588521,0.3034648586741147,0.20000000000000007,7.170863066939662e-19,0.4
2022-07-12,6.719776411157324e-05,0.0,0.09653514132588521,0.3034648586741147,0.20000000000000007,7.170863066939662e-19,0.4
2022-07-13,0.0030994096961803968,0.0,0.09653514132588521,0.3034648586741147,0.20000000000000007,7.170863066939662e-19,0.4
2022-07-14,-0.0027448264247982015,0.0,0.09653514132588521,0.3034648586741147,0.20000000000000007,7.170863066939662e-19,0.4
2022-07-15,0.000808132811472692,0.0,0.09653514132588521,0.3034648586741147,0.20000000000000007,7.170863066939662e-19,0.4
2022-07-18,-0.0059875467017782265,0.0,0.09653514132588521,0.3034648586741147,0.20000000000000007,7.170863066939662e-19,0.4
2022-07-19,-0.0010600268843571218,0.0,0.09653514132588521,0.3034648586741147,0.20000000000000007,7.170863066939662e-19,0.4
2022-07-20,0.0006532085379366409,0.0,0.09653514132588521,0.3034648586741147,0.20000000000000007,7.170863066939662e-19,0.4
2022-07-21,0.007928977550553513,0.0,0.09653514132588521,0.3034648586741147,0.20000000000000007,7.170863066939662e-19,0.4
2022-07-22,0.0041440500831363405,0.0,0.09653514132588521,0.3034648586741147,0.20000000000000007,7.170863066939662e-19,0.4
2022-07-25,-0.003961615184141374,0.0,0.09653514132588521,0.3034648586741147,0.20000000000000007,7.170863066939662e-19,0.4
2022-07-26,0.0019476808244469211,0.0,0.09653514132588521,0.3034648586741147,0.20000000000000007,7.170863066939662e-19,0.4
2022-07-27,-0.0005109251527966622,0.0,0.09653514132588521,0.3034648586741147,0.20000000000000007,7.170863066939662e-19,0.4
2022-07-28,0.005782275539422689,0.0,0.09653514132588521,0.3034648586741147,0.20000000000000007,7.170863066939662e-19,0.4
2022-07-29,-0.0004043694188757578,0.0,0.09653514132588521,0.3034648586741147,0.20000000000000007,7.170863066939662e-19,0.4
2022-08-01,0.006600711540995945,0.0,0.09653514132588521,0.3034648586741147,0.20000000000000007,7.170863066939662e-19,0.4
2022-08-02,-0.005690761993476076,0.0,0.09653514132588521,0.3034648586741147,0.20000000000000007,7.170863066939662e-19,0.4
2022-08-03,0.00790570601532293,0.0,0.09653514132588521,0.3034648586741147,0.20000000000000007,7.170863066939662e-19,0.4
2022-08-04,0.0006093617572663669,0.0,0.09653514132588521,0.3034648586741147,0.20000000000000007,7.170863066939662e-19,0.4
2022-08-05,-0.006238897508551947,0.0,0.09653514132588521,0.3034648586741147,0.20000000000000007,7.170863066939662e-19,0.4
2022-08-08,0.005918866119058763,0.0,0.09653514132588521,0.3034648586741147,0.20000000000000007,7.170863066939662e-19,0.4
2022-08-09,-0.0013724443327279197,0.0,0.09653514132588521,0.3034648586741147,0.20000000000000007,7.170863066939662e-19,0.4
2022-08-10,-0.004818553735816754,0.0,0.09653514132588521,0.3034648586741147,0.20000000000000007,7.170863066939662e-19,0.4
2022-08-11,-0.007316606272223698,0.0,0.09653514132588521,0.3034648586741147,0.20000000000000007,7.170863066939662e-19,0.4
2022-08-12,0.008114720768445516,0.0,0.09653514132588521,0.3034648586741147,0.20000000000000007,7.170863066939662e-19,0.4
2022-08-15,0.0011017411703715383,0.0,0.09653514132588521,0.3034648586741147,0.20000000000000007,7.170863066939662e-19,0.4
2022-08-16,0.0009602374194290651,0.0,0.09653514132588521,0.3034648586741147,0.20000000000000007,7.170863066939662e-19,0.4
2022-08-17,-0.004584548229278233,0.0,0.09653514132588521,0.3034648586741147,0.20000000000000007,7.170863066939662e-19,0.4
2022-08-18,0.003291324406661857,0.0,0.09653514132588521,0.3034648586741147,0.20000000000000007,7.170863066939662e-19,0.4
2022-08-19,-0.0051434013273721334,0.0,0.09653514132588521,0.3034648586741147,0.20000000000000007,7.170863066939662e-19,0.4
2022-08-22,-0.0010392993576276099,0.0,0.09653514132588521,0.3034648586741147,0.20000000000000007,7.170863066939662e-19,0.4
2022-08-23,-0.002151036617154387,0.0,0.09653514132588521,0.3034648586741147,0.20000000000000007,7.170863066939662e-19,0.4
2022-08-24,-0.0010467752219066391,0.0,0.09653514132588521,0.3034648586741147,0.20000000000000007,7.170863066939662e-19,0.4
2022-08-25,0.005516548948145234,0.0,0.09653514132588521,0.3034648586741147,0.20000000000000007,7.170863066939662e-19,0.4
2022-08-26,-0.001894591572758197,0.0,0.09653514132588521,0.3034648586741147,0.20000000000000007,7.170863066939662e-19,0.4
2022-08-29,-0.0028880199556550598,0.0,0.09653514132588521,0.3034648586741147,0.20000000000000007,7.170863066939662e-19,0.4
2022-08-30,-0.0021109746512594806,0.0,0.09653514132588521,0.3034648586741147,0.20000000000000007,7.170863066939662e-19,0.4
2022-08-31,-0.005455616653850453,0.0,0.09653514132588521,0.3034648586741147,0.20000000000000007,7.170863066939662e-19,0.4
2022-09-01,-0.003438435021660703,0.0,0.09653514132588521,0.3034648586741147,0.20000000000000007,7.170863066939662e-19,0.4
2022-09-02,0.002595972877640456,0.0,0.09653514132588521,0.3034648586741147,0.20000000000000007,7.170863066939662e-19,0.4
2022-09-06,-0.006734028600112722,0.0,0.09653514132588521,0.3034648586741147,0.20000000000000007,7.170863066939662e-19,0.4
2022-09-07,0.005724776799926478,0.0,0.09653514132588521,0.3034648586741147,0.20000000000000007,7.170863066939662e-19,0.4
2022-09-08,-0.00286427118054269,0.0,0.09653514132588521,0.3034648586741147,0.20000000000000007,7.170863066939662e-19,0.4
2022-09-09,0.0003731944478487571,0.0,0.09653514132588521,0.3034648586741147,0.20000000000000007,7.170863066939662e-19,0.4
2022-09-12,-0.0024979668420386726,0.0,0.09653514132588521,0.3034648586741147,0.20000000000000007,7.170863066939662e-19,0.4
2022-09-13,-0.0005838679703812702,0.0,0.09653514132588521,0.3034648586741147,0.20000000000000007,7.170863066939662e-19,0.4
2022-09-14,-0.0001735948186913151,0.0,0.09653514132588521,0.3034648586741147,0.20000000000000007,7.170863066939662e-19,0.4
2022-09-15,-0.004756113755286655,0.0,0.09653514132588521,0.3034648586741147,0.20000000000000007,7.170863066939662e-19,0.4
2022-09-16,-0.0021562391335130794,0.0,0.09653514132588521,0.3034648586741147,0.20000000000000007,7.170863066939662e-19,0.4
2022-09-19,0.001339008287586058,0.0,0.09653514132588521,0.3034648586741147,0.20000000000000007,7.170863066939662e-19,0.4
2022-09-20,-0.003368899166413041,0.0,0.09653514132588521,0.3034648586741147,0.20000000000000007,7.170863066939662e-19,0.4
2022-09-21,0.008258141256035259,0.0,0.09653514132588521,0.3034648586741147,0.20000000000000007,7.170863066939662e-19,0.4
2022-09-22,-0.008142683177672593,0.0,0.09653514132588521,0.3034648586741147,0.20000000000000007,7.170863066939662e-19,0.4
2022-09-23,0.002464941064649612,0.0,0.09653514132588521,0.3034648586741147,0.20000000000000007,7.170863066939662e-19,0.4
2022-09-26,-0.004595532338599309,0.0,0.09653514132588521,0.3034648586741147,0.20000000000000007,7.170863066939662e-19,0.4
2022-09-27,-0.0076966241631692385,0.0,0.09653514132588521,0.3034648586741147,0.20000000000000007,7.170863066939662e-19,0.4
2022-09-28,0.011000600477520758,0.0,0.09653514132588521,0.3034648586741147,0.20000000000000007,7.170863066939662e-19,0.4
2022-09-29,-0.005211645692778594,0.0,0.09653514132588521,0.3034648586741147,0.20000000000000007,7.170863066939662e-19,0.4
2022-09-30,-0.005397889291728126,0.0,0.09653514132588521,0.3034648586741147,0.20000000000000007,7.170863066939662e-19,0.4
2022-10-03,0.010375217682479905,0.0,0.09653514132588521,0.3034648586741147,0.20000000000000007,7.170863066939662e-19,0.4
2022-10-04,-0.00045561468113566785,0.0,0.09653514132588521,0.3034648586741147,0.20000000000000007,7.170863066939662e-19,0.4
2022-10-05,-0.00045023051252424335,0.0,0.09653514132588521,0.3034648586741147,0.20000000000000007,7.170863066939662e-19,0.4
2022-10-06,0.0011082221717229241,0.0,0.09653514132588521,0.3034648586741147,0.20000000000000007,7.170863066939662e-19,0.4
2022-10-07,-0.006240848800123846,0.0,0.09653514132588521,0.3034648586741147,0.20000000000000007,7.170863066939662e-19,0.4
2022-10-10,-0.006778751368835923,0.0,0.09653514132588521,0.3034648586741147,0.20000000000000007,7.170863066939662e-19,0.4
2022-10-11,0.0005828940630883779,0.0,0.09653514132588521,0.3034648586741147,0.20000000000000007,7.170863066939662e-19,0.4
2022-10-12,0.0022404436036025334,0.0,0.09653514132588521,0.3034648586741147,0.20000000000000007,7.170863066939662e-19,0.4
2022-10-13,-0.004367326379782382,0.0,0.09653514132588521,0.3034648586741147,0.20000000000000007,7.170863066939662e-19,0.4
2022-10-14,-0.0044185048138278525,0.0,0.09653514132588521,0.3034648586741147,0.20000000000000007,7.170863066939662e-19,0.4
2022-10-17,-0.0024928130485634544,0.0,0.09653514132588521,0.3034648586741147,0.20000000000000007,7.170863066939662e-19,0.4
2022-10-18,0.002010646704923314,0.0,0.09653514132588521,0.3034648586741147,0.20000000000000007,7.170863066939662e-19,0.4
2022-10-19,-0.005967965231611902,0.0,0.09653514132588521,0.3034648586741147,0.20000000000000007,7.170863066939662e-19,0.4
2022-10-20,-0.006049451187114862,0.0,0.09653514132588521,0.3034648586741147,0.20000000000000007,7.170863066939662e-19,0.4
2022-10-21,-0.0029822948631866384,0.0,0.09653514132588521,0.3034648586741147,0.20000000000000007,7.170863066939662e-19,0.4
2022-10-24,-0.0015768403363719654,0.0,0.09653514132588521,0.3034648586741147,0.20000000000000007,7.170863066939662e-19,0.4
2022-10-25,0.006452171616255,0.0,0.09653514132588521,0.3034648586741147,0.20000000000000007,7.170863066939662e-19,0.4
2022-10-26,0.000757868500179445,0.0,0.09653514132588521,0.3034648586741147,0.20000000000000007,7.170863066939662e-19,0.4
2022-10-27,0.005470944424296859,0.0,0.09653514132588521,0.3034648586741147,0.20000000000000007,7.170863066939662e-19,0.4
2022-10-28,-0.0011587273567475838,0.0,0.09653514132588521,0.3034648586741147,0.20000000000000007,7.170863066939662e-19,0.4
2022-10-31,-0.0011348949944673505,0.0,0.09653514132588521,0.3034648586741147,0.20000000000000007,7.170863066939662e-19,0.4
2022-11-01,0.004321281977189713,0.0,0.09653514132588521,0.3034648586741147,0.20000000000000007,7.170863066939662e-19,0.4
2022-11-02,-0.003402047258873412,0.0,0.09653514132588521,0.3034648586741147,0.20000000000000007,7.170863066939662e-19,0.4
2022-11-03,-7.635682209671587e-05,0.0,0.09653514132588521,0.3034648586741147,0.20000000000000007,7.170863066939662e-19,0.4
2022-11-04,-0.00506963955061535,0.0,0.09653514132588521,0.3034648586741147,0.20000000000000007,7.170863066939662e-19,0.4
2022-11-07,-0.0051762089524665985,0.0,0.09653514132588521,0.3034648586741147,0.20000000000000007,7.170863066939662e-19,0.4
2022-11-08,0.0067057412527845054,0.0,0.09653514132588521,0.3034648586741147,0.20000000000000007,7.170863066939662e-19,0.4
2022-11-09,0.0009854028555982552,0.0,0.09653514132588521,0.3034648586741147,0.20000000000000007,7.170863066939662e-19,0.4
2022-11-10,0.013926480802815906,0.0,0.09653514132588521,0.3034648586741147,0.20000000000000007,7.170863066939662e-19,0.4
2022-11-11,-0.004635520255793798,0.0,0.09653514132588521,0.3034648586741147,0.20000000000000007,7.170863066939662e-19,0.4
2022-11-14,0.0006873273664447627,0.0,0.09653514132588521,0.3034648586741147,0.20000000000000007,7.170863066939662e-19,0.4
2022-11-15,0.0050469887885374095,0.0,0.09653514132588521,0.3034648586741147,0.20000000000000007,7.170863066939662e-19,0.4
2022-11-16,0.004603712641248004,0.0,0.09653514132588521,0.3034648586741147,0.20000000000000007,7.170863066939662e-19,0.4
2022-11-17,-0.0034136926386100106,0.0,0.09653514132588521,0.3034648586741147,0.20000000000000007,7.170863066939662e-19,0.4
2022-11-18,-0.0019135424323332715,0.0,0.09653514132588521,0.3034648586741147,0.20000000000000007,7.170863066939662e-19,0.4
2022-11-21,0.003281023441871729,0.0,0.09653514132588521,0.3034648586741147,0.20000000000000007,7.170863066939662e-19,0.4
2022-11-22,0.0033629598223800326,0.0,0.09653514132588521,0.3034648586741147,0.20000000000000007,7.170863066939662e-19,0.4
2022-11-23,0.0029924197220444404,0.0,0.09653514132588521,0.3034648586741147,0.20000000000000007,7.170863066939662e-19,0.4
2022-11-25,-0.0008785236587131705,0.0,0.09653514132588521,0.3034648586741147,0.20000000000000007,7.170863066939662e-19,0.4
2022-11-28,0.0006732750982485301,0.0,0.09653514132588521,0.3034648586741147,0.20000000000000007,7.170863066939662e-19,0.4
2022-11-29,-0.002041457381055843,0.0,0.09653514132588521,0.3034648586741147,0.20000000000000007,7.170863066939662e-19,0.4
2022-11-30,0.0046390887112521,0.0,0.09653514132588521,0.3034648586741147,0.20000000000000007,7.170863066939662e-19,0.4
2022-12-01,0.00840697426594066,0.0,0.09653514132588521,0.3034648586741147,0.20000000000000007,7.170863066939662e-19,0.4
2022-12-02,0.0025891347562617727,0.0,0.09653514132588521,0.3034648586741147,0.20000000000000007,7.170863066939662e-19,0.4
2022-12-05,-0.006160010606915077,0.0,0.09653514132588521,0.3034648586741147,0.20000000000000007,7.170863066939662e-19,0.4
2022-12-06,0.0033456259253250346,0.0,0.09653514132588521,0.3034648586741147,0.20000000000000007,7.170863066939662e-19,0.4
2022-12-07,0.007529827769682535,0.0,0.09653514132588521,0.3034648586741147,0.20000000000000007,7.170863066939662e-19,0.4
2022-12-08,-0.0011750564659915603,0.0,0.09653514132588521,0.3034648586741147,0.20000000000000007,7.170863066939662e-19,0.4
2022-12-09,-0.007058682893588519,0.0,0.09653514132588521,0.3034648586741147,0.20000000000000007,7.170863066939662e-19,0.4
2022-12-12,0.0009921399702453443,0.0,0.09653514132588521,0.3034648586741147,0.20000000000000007,7.170863066939662e-19,0.4
2022-12-13,0.0035536490730436296,0.0,0.09653514132588521,0.3034648586741147,0.20000000000000007,7.170863066939662e-19,0.4
2022-12-14,-0.0016563630726024647,0.0,0.09653514132588521,0.3034648586741147,0.20000000000000007,7.170863066939662e-19,0.4
2022-12-15,-0.0007349430307570853,0.0,0.09653514132588521,0.3034648586741147,0.20000000000000007,7.170863066939662e-19,0.4
2022-12-16,-0.0020800267705150376,0.0,0.09653514132588521,0.3034648586741147,0.20000000000000007,7.170863066939662e-19,0.4
2022-12-19,-0.0063822565817928945,0.0,0.09653514132588521,0.3034648586741147,0.20000000000000007,7.170863066939662e-19,0.4
2022-12-20,-0.004645059213812438,0.0,0.09653514132588521,0.3034648586741147,0.20000000000000007,7.170863066939662e-19,0.4
2022-12-21,0.0028793039590524357,0.0,0.09653514132588521,0.3034648586741147,0.20000000000000007,7.170863066939662e-19,0.4
2022-12-22,-0.003280359271680459,0.0,0.09653514132588521,0.3034648586741147,0.20000000000000007,7.170863066939662e-19,0.4
2022-12-23,-0.0034368640965730165,0.0,0.09653514132588521,0.3034648586741147,0.20000000000000007,7.170863066939662e-19,0.4
2022-12-27,-0.0048380678417760834,0.0,0.09653514132588521,0.3034648586741147,0.20000000000000007,7.170863066939662e-19,0.4
2022-12-28,-0.002458738615900977,0.0,0.09653514132588521,0.3034648586741147,0.20000000000000007,7.170863066939662e-19,0.4
2022-12-29,0.003879544083934851,0.0,0.09653514132588521,0.3034648586741147,0.20000000000000007,7.170863066939662e-19,0.4
2022-12-30,-0.003984841123770319,0.0,0.09653514132588521,0.3034648586741147,0.20000000000000007,7.170863066939662e-19,0.4
2023-01-03,0.011373991296501375,0.0,0.09653514132588521,0.3034648586741147,0.20000000000000007,7.170863066939662e-19,0.4
2023-01-04,0.00536221501697131,0.0,0.09653514132588521,0.3034648586741147,0.20000000000000007,7.170863066939662e-19,0.4
2023-01-05,0.0013895414412426876,0.0,0.09653514132588521,0.3034648586741147,0.20000000000000007,7.170863066939662e-19,0.4
2023-01-06,0.00630279800305441,0.0,0.09653514132588521,0.3034648586741147,0.20000000000000007,7.170863066939662e-19,0.4
2023-01-09,-0.0004272565030639451,0.0,0.09653514132588521,0.3034648586741147,0.20000000000000007,7.170863066939662e-19,0.4
2023-01-10,-0.0033216326188088546,0.0,0.09653514132588521,0.3034648586741147,0.20000000000000007,7.170863066939662e-19,0.4
2023-01-11,0.006015265939439964,0.0,0.09653514132588521,0.3034648586741147,0.20000000000000007,7.170863066939662e-19,0.4
2023-01-12,0.004746097921959274,0.0,0.09653514132588521,0.3034648586741147,0.20000000000000007,7.170863066939662e-19,0.4
2023-01-13,-0.0002149550022520789,0.0,0.09653514132588521,0.3034648586741147,0.20000000000000007,7.170863066939662e-19,0.4
2023-01-17,-0.0022825839773668436,0.0,0.09653514132588521,0.3034648586741147,0.20000000000000007,7.170863066939662e-19,0.4
2023-01-18,0.005254970966189196,0.0,0.09653514132588521,0.3034648586741147,0.20000000000000007,7.170863066939662e-19,0.4
2023-01-19,-0.0004449201543817497,0.0,0.09653514132588521,0.3034648586741147,0.20000000000000007,7.170863066939662e-19,0.4
2023-01-20,-0.0043704513831428395,0.0,0.09653514132588521,0.3034648586741147,0.20000000000000007,7.170863066939662e-19,0.4
2023-01-23,0.000691887298111809,0.0,0.09653514132588521,0.3034648586741147,0.20000000000000007,7.170863066939662e-19,0.4
2023-01-24,0.004547255292416458,0.0,0.09653514132588521,0.3034648586741147,0.20000000000000007,7.170863066939662e-19,0.4
2023-01-25,0.00038151156539549503,0.0,0.09653514132588521,0.3034648586741147,0.20000000000000007,7.170863066939662e-19,0.4
2023-01-26,-0.0011384375936605619,0.0,0.09653514132588521,0.3034648586741147,0.20000000000000007,7.170863066939662e-19,0.4
2023-01-27,-0.00023948183194853637,0.0,0.09653514132588521,0.3034648586741147,0.20000000000000007,7.170863066939662e-19,0.4
2023-01-30,-0.0013775182786044645,0.0,0.09653514132588521,0.3034648586741147,0.20000000000000007,7.170863066939662e-19,0.4
2023-01-31,0.003702288586260388,0.0,0.09653514132588521,0.3034648586741147,0.20000000000000007,7.170863066939662e-19,0.4
2023-02-01,0.0034129100088740845,0.0,0.09653514132588521,0.3034648586741147,0.20000000000000007,7.170863066939662e-19,0.4
2023-02-02,0.0002896939892637657,0.0,0.09653514132588521,0.3034648586741147,0.20000000000000007,7.170863066939662e-19,0.4
2023-02-03,-0.005306389385777506,0.0,0.09653514132588521,0.3034648586741147,0.20000000000000007,7.170863066939662e-19,0.4
2023-02-06,-0.00011861696615278014,0.0,0.09653514132588521,0.3034648586741147,0.20000000000000007,7.170863066939662e-19,0.4
2023-02-07,-0.0017045047860307291,0.0,0.09653514132588521,0.3034648586741147,0.20000000000000007,7.170863066939662e-19,0.4
2023-02-08,0.0013130197043519098,0.0,0.09653514132588521,0.3034648586741147,0.20000000000000007,7.170863066939662e-19,0.4
2023-02-09,-0.005867101417993905,0.0,0.09653514132588521,0.3034648586741147,0.20000000000000007,7.170863066939662e-19,0.4
2023-02-10,-0.001498116078289268,0.0,0.09653514132588521,0.3034648586741147,0.20000000000000007,7.170863066939662e-19,0.4
2023-02-13,0.0015278900714762232,0.0,0.09653514132588521,0.3034648586741147,0.20000000000000007,7.170863066939662e-19,0.4
2023-02-14,-0.0008789396813803597,0.0,0.09653514132588521,0.3034648586741147,0.20000000000000007,7.170863066939662e-19,0.4
2023-02-15,-0.0017832854480604036,0.0,0.09653514132588521,0.3034648586741147,0.20000000000000007,7.170863066939662e-19,0.4
2023-02-16,-0.0052223945936588426,0.0,0.09653514132588521,0.3034648586741147,0.20000000000000007,7.170863066939662e-19,0.4
2023-02-17,0.00243134518104416,0.0,0.09653514132588521,0.3034648586741147,0.20000000000000007,7.170863066939662e-19,0.4
2023-02-21,-0.007300976325178219,0.0,0.09653514132588521,0.3034648586741147,0.20000000000000007,7.170863066939662e-19,0.4
2023-02-22,0.0028001834732179027,0.0,0.09653514132588521,0.3034648586741147,0.20000000000000007,7.170863066939662e-19,0.4
2023-02-23,0.0035144286424746984,0.0,0.09653514132588521,0.3034648586741147,0.20000000000000007,7.170863066939662e-19,0.4
2023-02-24,-0.003445269279421268,0.0,0.09653514132588521,0.3034648586741147,0.20000000000000007,7.170863066939662e-19,0.4
2023-02-27,-0.00015151098940187888,0.0,0.09653514132588521,0.3034648586741147,0.20000000000000007,7.170863066939662e-19,0.4
2023-02-28,0.0030621816023541967,0.0,0.09653514132588521,0.3034648586741147,0.20000000000000007,7.170863066939662e-19,0.4
2023-03-01,-0.004587296789461346,0.0,0.09653514132588521,0.3034648586741147,0.20000000000000007,7.170863066939662e-19,0.4
2023-03-02,6.522954118961903e-05,0.0,0.09653514132588521,0.3034648586741147,0.20000000000000007,7.170863066939662e-19,0.4
2023-03-03,0.00949638543866145,0.0,0.09653514132588521,0.3034648586741147,0.20000000000000007,7.170863066939662e-19,0.4
2023-03-06,-0.00386000697088255,0.0,0.09653514132588521,0.3034648586741147,0.20000000000000007,7.170863066939662e-19,0.4
2023-03-07,0.001837528075351741,0.0,0.09653514132588521,0.3034648586741147,0.20000000000000007,7.170863066939662e-19,0.4
2023-03-08,0.00022114058409933621,0.0,0.09653514132588521,0.3034648586741147,0.20000000000000007,7.170863066939662e-19,0.4
2023-03-09,-0.00018449919633993443,0.0,0.09653514132588521,0.3034648586741147,0.20000000000000007,7.170863066939662e-19,0.4
2023-03-10,0.010861136915794632,0.0,0.09653514132588521,0.3034648586741147,0.20000000000000007,7.170863066939662e-19,0.4
2023-03-13,0.001473437009127648,0.0,0.09653514132588521,0.3034648586741147,0.20000000000000007,7.170863066939662e-19,0.4
2023-03-14,-0.004551862233712046,0.0,0.09653514132588521,0.3034648586741147,0.20000000000000007,7.170863066939662e-19,0.4
2023-03-15,0.011089005420150322,0.0,0.09653514132588521,0.3034648586741147,0.20000000000000007,7.170863066939662e-19,0.4
2023-03-16,-0.000698952746463808,0.0,0.09653514132588521,0.3034648586741147,0.20000000000000007,7.170863066939662e-19,0.4
2023-03-17,0.006993371605078848,0.0,0.09653514132588521,0.3034648586741147,0.20000000000000007,7.170863066939662e-19,0.4
2023-03-20,-0.003934844565184291,0.0,0.09653514132588521,0.3034648586741147,0.20000000000000007,7.170863066939662e-19,0.4
2023-03-21,-0.005257408621166923,0.0,0.09653514132588521,0.3034648586741147,0.20000000000000007,7.170863066939662e-19,0.4
2023-03-22,0.002807952957680729,0.0,0.09653514132588521,0.3034648586741147,0.20000000000000007,7.170863066939662e-19,0.4
2023-03-23,0.003343686398081574,0.0,0.09653514132588521,0.3034648586741147,0.20000000000000007,7.170863066939662e-19,0.4
2023-03-24,0.002107197275027693,0.0,0.09653514132588521,0.3034648586741147,0.20000000000000007,7.170863066939662e-19,0.4
2023-03-27,-0.010083856153197353,0.0,0.09653514132588521,0.3034648586741147,0.20000000000000007,7.170863066939662e-19,0.4
2023-03-28,0.0005420462448647616,0.0,0.09653514132588521,0.3034648586741147,0.20000000000000007,7.170863066939662e-19,0.4
2023-03-29,0.0008070946275202731,0.0,0.09653514132588521,0.3034648586741147,0.20000000000000007,7.170863066939662e-19,0.4
2023-03-30,0.001906341266304212,0.0,0.09653514132588521,0.3034648586741147,0.20000000000000007,7.170863066939662e-19,0.4
2023-03-31,0.006304283512740035,0.0,0.09653514132588521,0.3034648586741147,0.20000000000000007,7.170863066939662e-19,0.4
2023-04-03,0.0013707820272401878,0.0,0.09653514132588521,0.3034648586741147,0.20000000000000007,7.170863066939662e-19,0.4
2023-04-04,0.0031157883798642264,0.0,0.09653514132588521,0.3034648586741147,0.20000000000000007,7.170863066939662e-19,0.4
2023-04-05,0.003918052310603386,0.0,0.09653514132588521,0.3034648586741147,0.20000000000000007,7.170863066939662e-19,0.4
2023-04-06,2.3228091505585798e-05,0.0,0.09653514132588521,0.3034648586741147,0.20000000000000007,7.170863066939662e-19,0.4
2023-04-10,-0.003966938329327959,0.0,0.09653514132588521,0.3034648586741147,0.20000000000000007,7.170863066939662e-19,0.4
2023-04-11,0.00048162045433819477,0.0,0.09653514132588521,0.3034648586741147,0.20000000000000007,7.170863066939662e-19,0.4
2023-04-12,-0.0018868045908023096,0.0,0.09653514132588521,0.3034648586741147,0.20000000000000007,7.170863066939662e-19,0.4
2023-04-13,-0.00028001944140794086,0.0,0.09653514132588521,0.3034648586741147,0.20000000000000007,7.170863066939662e-19,0.4
2023-04-14,-0.004227963597747287,0.0,0.09653514132588521,0.3034648586741147,0.20000000000000007,7.170863066939662e-19,0.4
2023-04-17,-0.002131142146305784,0.0,0.09653514132588521,0.3034648586741147,0.20000000000000007,7.170863066939662e-19,0.4
2023-04-18,0.0004826657457993865,0.0,0.09653514132588521,0.3034648586741147,0.20000000000000007,7.170863066939662e-19,0.4
2023-04-19,-0.0003974087322767332,0.0,0.09653514132588521,0.3034648586741147,0.20000000000000007,7.170863066939662e-19,0.4
2023-04-20,0.002855256068816403,0.0,0.09653514132588521,0.3034648586741147,0.20000000000000007,7.170863066939662e-19,0.4
2023-04-21,-0.0040398224776208354,0.0,0.09653514132588521,0.3034648586741147,0.20000000000000007,7.170863066939662e-19,0.4
2023-04-24,0.0023471098711095565,0.0,0.09653514132588521,0.3034648586741147,0.20000000000000007,7.170863066939662e-19,0.4
2023-04-25,0.005827213237562995,0.0,0.09653514132588521,0.3034648586741147,0.20000000000000007,7.170863066939662e-19,0.4
2023-04-26,-0.006026266377536976,0.0,0.09653514132588521,0.3034648586741147,0.20000000000000007,7.170863066939662e-19,0.4
2023-04-27,-0.0009340896195168277,0.0,0.09653514132588521,0.3034648586741147,0.20000000000000007,7.170863066939662e-19,0.4
2023-04-28,0.006350582703320246,0.0,0.09653514132588521,0.3034648586741147,0.20000000000000007,7.170863066939662e-19,0.4
2023-05-01,-0.007728033173597627,0.0,0.09653514132588521,0.3034648586741147,0.20000000000000007,7.170863066939662e-19,0.4
2023-05-02,0.009332705210746382,0.0,0.09653514132588521,0.3034648586741147,0.20000000000000007,7.170863066939662e-19,0.4
2023-05-03,0.0005704795160406345,0.0,0.09653514132588521,0.3034648586741147,0.20000000000000007,7.170863066939662e-19,0.4
2023-05-04,-0.0018413277825215955,0.0,0.09653514132588521,0.3034648586741147,0.20000000000000007,7.170863066939662e-19,0.4
2023-05-05,-0.0029292982369750024,0.0,0.09653514132588521,0.3034648586741147,0.20000000000000007,7.170863066939662e-19,0.4
2023-05-08,-0.0034034608460656655,0.0,0.09653514132588521,0.3034648586741147,0.20000000000000007,7.170863066939662e-19,0.4
2023-05-09,0.0012079504725826746,0.0,0.09653514132588521,0.3034648586741147,0.20000000000000007,7.170863066939662e-19,0.4
2023-05-10,0.0023903440490673556,0.0,0.09653514132588521,0.3034648586741147,0.20000000000000007,7.170863066939662e-19,0.4
2023-05-11,0.003918891267090739,0.0,0.09653514132588521,0.3034648586741147,0.20000000000000007,7.170863066939662e-19,0.4
2023-05-12,-0.0004295188998162691,0.0,0.09653514132588521,0.3034648586741147,0.20000000000000007,7.170863066939662e-19,0.4
2023-05-15,-0.003520574656904298,0.0,0.09653514132588521,0.3034648586741147,0.20000000000000007,7.170863066939662e-19,0.4
2023-05-16,-0.0030573778228778084,0.0,0.09653514132588521,0.3034648586741147,0.20000000000000007,7.170863066939662e-19,0.4
2023-05-17,0.0003065127718513457,0.0,0.09653514132588521,0.3034648586741147,0.20000000000000007,7.170863066939662e-19,0.4
2023-05-18,-0.0009279185996471013,0.0,0.09653514132588521,0.3034648586741147,0.20000000000000007,7.170863066939662e-19,0.4
2023-05-19,-0.001435310163501571,0.0,0.09653514132588521,0.3034648586741147,0.20000000000000007,7.170863066939662e-19,0.4
2023-05-22,-0.0012268220559089838,0.0,0.09653514132588521,0.3034648586741147,0.20000000000000007,7.170863066939662e-19,0.4
2023-05-23,0.0011615800571642366,0.0,0.09653514132588521,0.3034648586741147,0.20000000000000007,7.170863066939662e-19,0.4
2023-05-24,-0.00240497181774383,0.0,0.09653514132588521,0.3034648586741147,0.20000000000000007,7.170863066939662e-19,0.4
2023-05-25,-1.576050107373987e-05,0.0,0.09653514132588521,0.3034648586741147,0.20000000000000007,7.170863066939662e-19,0.4
2023-05-26,0.004360602149652628,0.0,0.09653514132588521,0.3034648586741147,0.20000000000000007,7.170863066939662e-19,0.4
2023-05-30,0.0038872211169371246,0.0,0.09653514132588521,0.3034648586741147,0.20000000000000007,7.170863066939662e-19,0.4
2023-05-31,0.0031177344863386075,0.0,0.09653514132588521,0.3034648586741147,0.20000000000000007,7.170863066939662e-19,0.4
