date,gross,turnover,w_SPY,w_TLT,w_GLD,w_USO,w_UUP
2019-01-02,0.0009641563954288869,0.5999999999999999,0.7999999999999996,0.0,0.20000000000000023,1.9336966006144338e-16,0.0
2019-01-03,-0.017277005444742272,0.0,0.7999999999999996,0.0,0.20000000000000023,1.9336966006144338e-16,0.0
2019-01-04,0.025179394914397392,0.0,0.7999999999999996,0.0,0.20000000000000023,1.9336966006144338e-16,0.0
2019-01-07,0.006999335287912522,0.0,0.7999999999999996,0.0,0.20000000000000023,1.9336966006144338e-16,0.0
2019-01-08,0.0069746589909844385,0.0,0.7999999999999996,0.0,0.20000000000000023,1.9336966006144338e-16,0.0
2019-01-09,0.0050223146396243135,0.0,0.7999999999999996,0.0,0.20000000000000023,1.9336966006144338e-16,0.0
2019-01-10,0.0016446119021593414,0.0,0.7999999999999996,0.0,0.20000000000000023,1.9336966006144338e-16,0.0
2019-01-11,0.0006546059467775723,0.0,0.7999999999999996,0.0,0.20000000000000023,1.9336966006144338e-16,0.0
2019-01-14,-0.0044044807309636,0.0,0.7999999999999996,0.0,0.20000000000000023,1.9336966006144338e-16,0.0
2019-01-15,0.00882461464133033,0.0,0.7999999999999996,0.0,0.20000000000000023,1.9336966006144338e-16,0.0
2019-01-16,0.0025760053159968885,0.0,0.7999999999999996,0.0,0.20000000000000023,1.9336966006144338e-16,0.0
2019-01-17,0.005807548423189664,0.0,0.7999999999999996,0.0,0.20000000000000023,1.9336966006144338e-16,0.0
2019-01-18,0.008862473251414269,0.0,0.7999999999999996,0.0,0.20000000000000023,1.9336966006144338e-16,0.0
2019-01-22,-0.010097442928307384,0.0,0.7999999999999996,0.0,0.20000000000000023,1.9336966006144338e-16,0.0
2019-01-23,0.001393735038726571,0.0,0.7999999999999996,0.0,0.20000000000000023,1.9336966006144338e-16,0.0
2019-01-24,0.0001118915061759666,0.0,0.7999999999999996,0.0,0.20000000000000023,1.9336966006144338e-16,0.0
2019-01-25,0.009692839518119679,0.0,0.7999999999999996,0.0,0.20000000000000023,1.9336966006144338e-16,0.0
2019-01-28,-0.005380511884772067,0.0,0.7999999999999996,0.0,0.20000000000000023,1.9336966006144338e-16,0.0
2019-01-29,5.7728473152934815e-05,0.0,0.7999999999999996,0.0,0.20000000000000023,1.9336966006144338e-16,0.0
2019-01-30,0.013810026899866254,0.0,0.7999999999999996,0.0,0.20000000000000023,1.9336966006144338e-16,0.0
2019-01-31,0.0071223461650564215,0.0,0.7999999999999996,0.0,0.20000000000000023,1.9336966006144338e-16,0.0
2019-02-01,-1.5803090280348895e-05,0.0,0.7999999999999996,0.0,0.20000000000000023,1.9336966006144338e-16,0.0
2019-02-04,0.0047610756489508245,0.0,0.7999999999999996,0.0,0.20000000000000023,1.9336966006144338e-16,0.0
2019-02-05,0.0038697584677297183,0.0,0.7999999999999996,0.0,0.20000000000000023,1.9336966006144338e-16,0.0
2019-02-06,-0.0024064141826453116,0.0,0.7999999999999996,0.0,0.20000000000000023,1.9336966006144338e-16,0.0
2019-02-07,-0.007140098614596369,0.0,0.7999999999999996,0.0,0.20000000000000023,1.9336966006144338e-16,0.0
2019-02-08,0.0017368267720471848,0.0,0.7999999999999996,0.0,0.20000000000000023,1.9336966006144338e-16,0.0
2019-02-11,-0.0005383994790199934,0.0,0.7999999999999996,0.0,0.20000000000000023,1.9336966006144338e-16,0.0
2019-02-12,0.010708192275301795,0.0,0.7999999999999996,0.0,0.20000000000000023,1.9336966006144338e-16,0.0
2019-02-13,0.001806332590419336,0.0,0.7999999999999996,0.0,0.20000000000000023,1.9336966006144338e-16,0.0
2019-02-14,-0.0006563308753039853,0.0,0.7999999999999996,0.0,0.20000000000000023,1.9336966006144338e-16,0.0
2019-02-15,0.009911116626186933,0.0,0.7999999999999996,0.0,0.20000000000000023,1.9336966006144338e-16,0.0
2019-02-19,0.004429277584403172,0.0,0.7999999999999996,0.0,0.20000000000000023,1.9336966006144338e-16,0.0
2019-02-20,0.0012651190554483949,0.0,0.7999999999999996,0.0,0.20000000000000023,1.9336966006144338e-16,0.0
2019-02-21,-0.005106142796304083,0.0,0.7999999999999996,0.0,0.20000000000000023,1.9336966006144338e-16,0.0
2019-02-22,0.005679994592392833,0.0,0.7999999999999996,0.0,0.20000000000000023,1.9336966006144338e-16,0.0
2019-02-25,0.0008817381570606672,0.0,0.7999999999999996,0.0,0.20000000000000023,1.9336966006144338e-16,0.0
2019-02-26,-0.00023748171815238633,0.0,0.7999999999999996,0.0,0.20000000000000023,1.9336966006144338e-16,0.0
2019-02-27,-0.0017610241952050714,0.0,0.7999999999999996,0.0,0.20000000000000023,1.9336966006144338e-16,0.0
2019-02-28,-0.002612488063089335,0.0,0.7999999999999996,0.0,0.20000000000000023,1.9336966006144338e-16,0.0
2019-03-01,0.0015911494718870653,0.0,0.7999999999999996,0.0,0.20000000000000023,1.9336966006144338e-16,0.0
2019-03-04,-0.0034349983481572776,0.0,0.7999999999999996,0.0,0.20000000000000023,1.9336966006144338e-16,0.0
2019-03-05,-0.0008244946187555323,0.0,0.7999999999999996,0.0,0.20000000000000023,1.9336966006144338e-16,0.0
2019-03-06,-0.005026738575717559,0.0,0.7999999999999996,0.0,0.20000000000000023,1.9336966006144338e-16,0.0
2019-03-07,-0.006856545027363987,0.0,0.7999999999999996,0.0,0.20000000000000023,1.9336966006144338e-16,0.0
2019-03-08,0.0005891727322164384,0.0,0.7999999999999996,0.0,0.20000000000000023,1.9336966006144338e-16,0.0
2019-03-11,0.010623973971657081,0.0,0.7999999999999996,0.0,0.20000000000000023,1.9336966006144338e-16,0.0
2019-03-12,0.004227498304402167,0.0,0.7999999999999996,0.0,0.20000000000000023,1.9336966006144338e-16,0.0
2019-03-13,0.0066940175715953605,0.0,0.7999999999999996,0.0,0.20000000000000023,1.9336966006144338e-16,0.0
2019-03-14,-0.0028212680467921045,0.0,0.7999999999999996,0.0,0.20000000000000023,1.9336966006144338e-16,0.0
2019-03-15,0.004867325486988649,0.0,0.7999999999999996,0.0,0.20000000000000023,1.9336966006144338e-16,0.0
2019-03-18,0.0030147888033580823,0.0,0.7999999999999996,0.0,0.20000000000000023,1.9336966006144338e-16,0.0
2019-03-19,0.0007508274677366701,0.0,0.7999999999999996,0.0,0.20000000000000023,1.9336966006144338e-16,0.0
2019-03-20,-0.0011108014099248933,0.0,0.7999999999999996,0.0,0.20000000000000023,1.9336966006144338e-16,0.0
2019-03-21,0.008230275548255055,0.0,0.7999999999999996,0.0,0.20000000000000023,1.9336966006144338e-16,0.0
2019-03-22,-0.014928338390313416,0.0,0.7999999999999996,0.0,0.20000000000000023,1.9336966006144338e-16,0.0
2019-03-25,0.0009311735925956934,0.0,0.7999999999999996,0.0,0.20000000000000023,1.9336966006144338e-16,0.0
2019-03-26,0.004970320373643799,0.0,0.7999999999999996,0.0,0.20000000000000023,1.9336966006144338e-16,0.0
2019-03-27,-0.005228733468077929,0.0,0.7999999999999996,0.0,0.20000000000000023,1.9336966006144338e-16,0.0
2019-03-28,0.00020184386979757516,0.0,0.7999999999999996,0.0,0.20000000000000023,1.9336966006144338e-16,0.0
2019-03-29,0.005224779040340311,0.0,0.7999999999999996,0.0,0.20000000000000023,1.9336966006144338e-16,0.0
2019-04-01,0.00870059446951279,0.0,0.7999999999999996,0.0,0.20000000000000023,1.9336966006144338e-16,0.0
2019-04-02,0.0011325240343035981,0.0,0.7999999999999996,0.0,0.20000000000000023,1.9336966006144338e-16,0.0
2019-04-03,0.0009633231161088262,0.0,0.7999999999999996,0.0,0.20000000000000023,1.9336966006144338e-16,0.0
2019-04-04,0.0026318768045376904,0.0,0.7999999999999996,0.0,0.20000000000000023,1.9336966006144338e-16,0.0
2019-04-05,0.0036593141785118423,0.0,0.7999999999999996,0.0,0.20000000000000023,1.9336966006144338e-16,0.0
2019-04-08,0.0014787694219204938,0.0,0.7999999999999996,0.0,0.20000000000000023,1.9336966006144338e-16,0.0
2019-04-09,-0.003055028755552633,0.0,0.7999999999999996,0.0,0.20000000000000023,1.9336966006144338e-16,0.0
2019-04-10,0.0033461377668412067,0.0,0.7999999999999996,0.0,0.20000000000000023,1.9336966006144338e-16,0.0
2019-04-11,-0.002780218666175332,0.0,0.7999999999999996,0.0,0.20000000000000023,1.9336966006144338e-16,0.0
2019-04-12,0.0052159200437633425,0.0,0.7999999999999996,0.0,0.20000000000000023,1.9336966006144338e-16,0.0
2019-04-15,-0.0009012178204347087,0.0,0.7999999999999996,0.0,0.20000000000000023,1.9336966006144338e-16,0.0
2019-04-16,-0.001268777182650838,0.0,0.7999999999999996,0.0,0.20000000000000023,1.9336966006144338e-16,0.0
2019-04-17,-0.0023392065570440276,0.0,0.7999999999999996,0.0,0.20000000000000023,1.9336966006144338e-16,0.0
2019-04-18,0.0017249862946986383,0.0,0.7999999999999996,0.0,0.20000000000000023,1.9336966006144338e-16,0.0
2019-04-22,0.0006895659477269381,0.0,0.7999999999999996,0.0,0.20000000000000023,1.9336966006144338e-16,0.0
2019-04-23,0.006777906819795085,0.0,0.7999999999999996,0.0,0.20000000000000023,1.9336966006144338e-16,0.0
2019-04-24,-0.0011925043916124257,0.0,0.7999999999999996,0.0,0.20000000000000023,1.9336966006144338e-16,0.0
2019-04-25,-0.0003268828240951666,0.0,0.7999999999999996,0.0,0.20000000000000023,1.9336966006144338e-16,0.0
2019-04-26,0.005052620825213643,0.0,0.7999999999999996,0.0,0.20000000000000023,1.9336966006144338e-16,0.0
2019-04-29,0.0003643658811261834,0.0,0.7999999999999996,0.0,0.20000000000000023,1.9336966006144338e-16,0.0
2019-04-30,0.0010208157901915108,0.0,0.7999999999999996,0.0,0.20000000000000023,1.9336966006144338e-16,0.0
2019-05-01,-0.007333392815275674,0.0,0.7999999999999996,0.0,0.20000000000000023,1.9336966006144338e-16,0.0
2019-05-02,-0.00249155283581009,0.0,0.7999999999999996,0.0,0.20000000000000023,1.9336966006144338e-16,0.0
2019-05-03,0.009014333163509034,0.0,0.7999999999999996,0.0,0.20000000000000023,1.9336966006144338e-16,0.0
2019-05-06,-0.0030272881753917904,0.0,0.7999999999999996,0.0,0.20000000000000023,1.9336966006144338e-16,0.0
2019-05-07,-0.012697157045247874,0.0,0.7999999999999996,0.0,0.20000000000000023,1.9336966006144338e-16,0.0
2019-05-08,-0.001606485246967646,0.0,0.7999999999999996,0.0,0.20000000000000023,1.9336966006144338e-16,0.0
2019-05-09,-0.0019412445072582323,0.0,0.7999999999999996,0.0,0.20000000000000023,1.9336966006144338e-16,0.0
2019-05-10,0.0043985777577824955,0.0,0.7999999999999996,0.0,0.20000000000000023,1.9336966006144338e-16,0.0
2019-05-13,-0.01806178699833913,0.0,0.7999999999999996,0.0,0.20000000000000023,1.9336966006144338e-16,0.0
2019-05-14,0.006892323800278687,0.0,0.7999999999999996,0.0,0.20000000000000023,1.9336966006144338e-16,0.0
2019-05-15,0.004571699127388573,0.0,0.7999999999999996,0.0,0.20000000000000023,1.9336966006144338e-16,0.0
2019-05-16,0.005971260286774591,0.0,0.7999999999999996,0.0,0.20000000000000023,1.9336966006144338e-16,0.0
2019-05-17,-0.006587690251798039,0.0,0.7999999999999996,0.0,0.20000000000000023,1.9336966006144338e-16,0.0
2019-05-20,-0.00530650217736421,0.0,0.7999999999999996,0.0,0.20000000000000023,1.9336966006144338e-16,0.0
2019-05-21,0.00674862530986788,0.0,0.7999999999999996,0.0,0.20000000000000023,1.9336966006144338e-16,0.0
2019-05-22,-0.00265671458445083,0.0,0.7999999999999996,0.0,0.20000000000000023,1.9336966006144338e-16,0.0
2019-05-23,-0.008228070631255018,0.0,0.7999999999999996,0.0,0.20000000000000023,1.9336966006144338e-16,0.0
2019-05-24,0.002029559298421636,0.0,0.7999999999999996,0.0,0.20000000000000023,1.9336966006144338e-16,0.0
2019-05-28,-0.008215639571726215,0.0,0.7999999999999996,0.0,0.20000000000000023,1.9336966006144338e-16,0.0
2019-05-29,-0.005302325744540856,0.0,0.7999999999999996,0.0,0.20000000000000023,1.9336966006144338e-16,0.0
2019-05-30,0.0035419505683254846,0.0,0.7999999999999996,0.0,0.20000000000000023,1.9336966006144338e-16,0.0
2019-05-31,-0.008084843110728148,0.0,0.7999999999999996,0.0,0.20000000000000023,1.9336966006144338e-16,0.0
2019-06-03,0.0008521314195459008,0.0,0.7999999999999996,0.0,0.20000000000000023,1.9336966006144338e-16,0.0
2019-06-04,0.020458922270227088,0.20000000000000068,0.7999999999999992,1.0894063429134337e-15,0.0,0.1999999999999998,0.0
2019-06-05,-5.9500680022745236e-05,0.0,0.7999999999999992,1.0894063429134337e-15,0.0,0.1999999999999998,0.0
2019-06-06,0.010587440884937075,0.0,0.7999999999999992,1.0894063429134337e-15,0.0,0.1999999999999998,0.0
2019-06-07,0.011079901375687616,0.0,0.7999999999999992,1.0894063429134337e-15,0.0,0.1999999999999998,0.0
2019-06-10,0.0015340822226345466,0.0,0.7999999999999992,1.0894063429134337e-15,0.0,0.1999999999999998,0.0
2019-06-11,-0.000433361652115427,0.2000000000000008,0.8,1.0067157907686372e-19,0.1999999999999999,8.782037597132586e-17,0.0
2019-06-12,-0.00037359708704430154,0.0,0.8,1.0067157907686372e-19,0.1999999999999999,8.782037597132586e-17,0.0
2019-06-13,0.004524761284192459,0.0,0.8,1.0067157907686372e-19,0.1999999999999999,8.782037597132586e-17,0.0
2019-06-14,-0.0009470127237467981,0.0,0.8,1.0067157907686372e-19,0.1999999999999999,8.782037597132586e-17,0.0
2019-06-17,0.00017774786505550994,0.0,0.8,1.0067157907686372e-19,0.1999999999999999,8.782037597132586e-17,0.0
2019-06-18,0.016222502629657215,0.1999999999999999,0.8,0.0082646536365227,0.0,0.19173534636347728,2.477863807066749e-18
2019-06-19,0.0031810578133645087,0.0,0.8,0.0082646536365227,0.0,0.19173534636347728,2.477863807066749e-18
2019-06-20,0.01646513445089642,0.0,0.8,0.0082646536365227,0.0,0.19173534636347728,2.477863807066749e-18
2019-06-21,0.0006880197409291095,0.0,0.8,0.0082646536365227,0.0,0.19173534636347728,2.477863807066749e-18
2019-06-24,-0.0002772909936922499,0.0,0.8,0.0082646536365227,0.0,0.19173534636347728,2.477863807066749e-18
2019-06-25,-0.007980369519609233,0.0,0.8,0.0082646536365227,0.0,0.19173534636347728,2.477863807066749e-18
2019-06-26,0.0037825893930618537,0.0,0.8,0.0082646536365227,0.0,0.19173534636347728,2.477863807066749e-18
2019-06-27,0.0028951144503386573,0.0,0.8,0.0082646536365227,0.0,0.19173534636347728,2.477863807066749e-18
2019-06-28,0.00021081991153105604,0.0,0.8,0.0082646536365227,0.0,0.19173534636347728,2.477863807066749e-18
2019-07-01,0.011065100757418733,0.0,0.8,0.0082646536365227,0.0,0.19173534636347728,2.477863807066749e-18
2019-07-02,-0.0069084714540054125,0.0,0.8,0.0082646536365227,0.0,0.19173534636347728,2.477863807066749e-18
2019-07-03,0.0067261178007186565,0.19999999999999996,0.8,0.0,0.19999999999999996,4.163336342344337e-17,0.0
2019-07-05,-0.003140690582701854,0.0,0.8,0.0,0.19999999999999996,4.163336342344337e-17,0.0
2019-07-08,-0.0056820880202801405,0.0,0.8,0.0,0.19999999999999996,4.163336342344337e-17,0.0
2019-07-09,0.0016981078567857469,0.0,0.8,0.0,0.19999999999999996,4.163336342344337e-17,0.0
2019-07-10,0.006979701063100086,0.0,0.8,0.0,0.19999999999999996,4.163336342344337e-17,0.0
2019-07-11,0.00018701726073409077,0.0,0.8,0.0,0.19999999999999996,4.163336342344337e-17,0.0
2019-07-12,0.00483243171931389,0.0,0.8,0.0,0.19999999999999996,4.163336342344337e-17,0.0
2019-07-15,0.00026597627040860703,0.0,0.8,0.0,0.19999999999999996,4.163336342344337e-17,0.0
2019-07-16,-0.00427270480854618,0.0,0.8,0.0,0.19999999999999996,4.163336342344337e-17,0.0
2019-07-17,-0.0021511315930582,0.0,0.8,0.0,0.19999999999999996,4.163336342344337e-17,0.0
2019-07-18,0.005752433436349412,0.0,0.8,0.0,0.19999999999999996,4.163336342344337e-17,0.0
2019-07-19,-0.007389299621723521,0.0,0.8,0.0,0.19999999999999996,4.163336342344337e-17,0.0
2019-07-22,0.0019352498997369904,0.0,0.8,0.0,0.19999999999999996,4.163336342344337e-17,0.0
2019-07-23,0.004589436175691188,0.0,0.8,0.0,0.19999999999999996,4.163336342344337e-17,0.0
2019-07-24,0.004776910595593264,0.0,0.8,0.0,0.19999999999999996,4.163336342344337e-17,0.0
2019-07-25,-0.005235732122916347,0.0,0.8,0.0,0.19999999999999996,4.163336342344337e-17,0.0
2019-07-26,0.0056899357041154015,0.0,0.8,0.0,0.19999999999999996,4.163336342344337e-17,0.0
2019-07-29,-0.00012488519839783924,0.0,0.8,0.0,0.19999999999999996,4.163336342344337e-17,0.0
2019-07-30,-0.0012951139211352372,0.0,0.8,0.0,0.19999999999999996,4.163336342344337e-17,0.0
2019-07-31,-0.011374607089435784,0.0,0.8,0.0,0.19999999999999996,4.163336342344337e-17,0.0
2019-08-01,-0.0021620243709794583,0.0,0.8,0.0,0.19999999999999996,4.163336342344337e-17,0.0
2019-08-02,-0.006786110063277606,0.0,0.8,0.0,0.19999999999999996,4.163336342344337e-17,0.0
2019-08-05,-0.021261901089339345,0.0,0.8,0.0,0.19999999999999996,4.163336342344337e-17,0.0
2019-08-06,0.01284407897530584,0.0,0.8,0.0,0.19999999999999996,4.163336342344337e-17,0.0
2019-08-07,0.0035103814231329336,0.0,0.8,0.0,0.19999999999999996,4.163336342344337e-17,0.0
2019-08-08,0.016702892507181488,0.0,0.8,0.0,0.19999999999999996,4.163336342344337e-17,0.0
2019-08-09,-0.006112248238008509,0.0,0.8,0.0,0.19999999999999996,4.163336342344337e-17,0.0
2019-08-12,-0.0077989241551498015,0.0,0.8,0.0,0.19999999999999996,4.163336342344337e-17,0.0
2019-08-13,0.011249086133094569,0.0,0.8,0.0,0.19999999999999996,4.163336342344337e-17,0.0
2019-08-14,-0.022285469732026678,0.0,0.8,0.0,0.19999999999999996,4.163336342344337e-17,0.0
2019-08-15,0.003444464975571292,0.0,0.8,0.0,0.19999999999999996,4.163336342344337e-17,0.0
2019-08-16,0.010523143225409726,0.0,0.8,0.0,0.19999999999999996,4.163336342344337e-17,0.0
2019-08-19,0.007299064035702243,0.0,0.8,0.0,0.19999999999999996,4.163336342344337e-17,0.0
2019-08-20,-0.00457086566048921,0.0,0.8,0.0,0.19999999999999996,4.163336342344337e-17,0.0
2019-08-21,0.005875554631194247,0.0,0.8,0.0,0.19999999999999996,4.163336342344337e-17,0.0
2019-08-22,-0.000754084865141791,0.0,0.8,0.0,0.19999999999999996,4.163336342344337e-17,0.0
2019-08-23,-0.016631869343632612,0.0,0.8,0.0,0.19999999999999996,4.163336342344337e-17,0.0
2019-08-26,0.008874342223950206,0.0,0.8,0.0,0.19999999999999996,4.163336342344337e-17,0.0
2019-08-27,-0.001224998389813514,0.0,0.8,0.0,0.19999999999999996,4.163336342344337e-17,0.0
2019-08-28,0.005070143583251953,0.0,0.8,0.0,0.19999999999999996,4.163336342344337e-17,0.0
2019-08-29,0.008785360316679426,0.0,0.8,0.0,0.19999999999999996,4.163336342344337e-17,0.0
2019-08-30,-0.0008687605982086187,0.0,0.8,0.0,0.19999999999999996,4.163336342344337e-17,0.0
2019-09-03,-0.0018949668297785674,0.0,0.8,0.0,0.19999999999999996,4.163336342344337e-17,0.0
2019-09-04,0.01032893322990094,0.0,0.8,0.0,0.19999999999999996,4.163336342344337e-17,0.0
2019-09-05,0.005484023672011841,0.0,0.8,0.0,0.19999999999999996,4.163336342344337e-17,0.0
2019-09-06,-0.0010870680053796317,0.0,0.8,0.0,0.19999999999999996,4.163336342344337e-17,0.0
2019-09-09,-0.0003441801974732193,0.0,0.8,0.0,0.19999999999999996,4.163336342344337e-17,0.0
2019-09-10,-0.0018993914419131563,0.0,0.8,0.0,0.19999999999999996,4.163336342344337e-17,0.0
2019-09-11,0.006901551335181066,0.0,0.8,0.0,0.19999999999999996,4.163336342344337e-17,0.0
2019-09-12,0.00318246562809592,0.0,0.8,0.0,0.19999999999999996,4.163336342344337e-17,0.0
2019-09-13,-0.002187107985897851,0.0,0.8,0.0,0.19999999999999996,4.163336342344337e-17,0.0
2019-09-16,-0.0008013869711319411,0.0,0.8,0.0,0.19999999999999996,4.163336342344337e-17,0.0
2019-09-17,0.0024218855555411685,0.0,0.8,0.0,0.19999999999999996,4.163336342344337e-17,0.0
2019-09-18,-0.0007784630827091691,0.0,0.8,0.0,0.19999999999999996,4.163336342344337e-17,0.0
2019-09-19,0.0007570498743987298,0.0,0.8,0.0,0.19999999999999996,4.163336342344337e-17,0.0
2019-09-20,-0.0014157459393974844,0.0,0.8,0.0,0.19999999999999996,4.163336342344337e-17,0.0
2019-09-23,0.0009313911166466846,0.0,0.8,0.0,0.19999999999999996,4.163336342344337e-17,0.0
2019-09-24,-0.005219941709288812,0.0,0.8,0.0,0.19999999999999996,4.163336342344337e-17,0.0
2019-09-25,0.0010228603684516067,0.0,0.8,0.0,0.19999999999999996,4.163336342344337e-17,0.0
2019-09-26,-0.00172303327476786,0.0,0.8,0.0,0.19999999999999996,4.163336342344337e-17,0.0
2019-09-27,-0.005339426514913438,0.0,0.8,0.0,0.19999999999999996,4.163336342344337e-17,0.0
2019-09-30,0.000605065862997955,0.0,0.8,0.0,0.19999999999999996,4.163336342344337e-17,0.0
2019-10-01,-0.008421255309975884,0.0,0.8,0.0,0.19999999999999996,4.163336342344337e-17,0.0
2019-10-02,-0.011796918354435528,0.0,0.8,0.0,0.19999999999999996,4.163336342344337e-17,0.0
2019-10-03,0.007460372670020954,0.0,0.8,0.0,0.19999999999999996,4.163336342344337e-17,0.0
2019-10-04,0.01082567865470594,0.0,0.8,0.0,0.19999999999999996,4.163336342344337e-17,0.0
2019-10-07,-0.0051572597637451695,0.0,0.8,0.0,0.19999999999999996,4.163336342344337e-17,0.0
2019-10-08,-0.010671249107164682,0.0,0.8,0.0,0.19999999999999996,4.163336342344337e-17,0.0
2019-10-09,0.007780244200331632,0.0,0.8,0.0,0.19999999999999996,4.163336342344337e-17,0.0
2019-10-10,0.003664976013575162,0.0,0.8,0.0,0.19999999999999996,4.163336342344337e-17,0.0
2019-10-11,0.007185703007893653,0.0,0.8,0.0,0.19999999999999996,4.163336342344337e-17,0.0
2019-10-14,-9.139324937947998e-05,0.0,0.8,0.0,0.19999999999999996,4.163336342344337e-17,0.0
2019-10-15,0.006526385400755586,0.0,0.8,0.0,0.19999999999999996,4.163336342344337e-17,0.0
2019-10-16,-0.00013897017489932216,0.0,0.8,0.0,0.19999999999999996,4.163336342344337e-17,0.0
2019-10-17,0.0026443025929859146,0.0,0.8,0.0,0.19999999999999996,4.163336342344337e-17,0.0
2019-10-18,-0.0037150783269433558,0.0,0.8,0.0,0.19999999999999996,4.163336342344337e-17,0.0
2019-10-21,0.004469264978883337,0.0,0.8,0.0,0.19999999999999996,4.163336342344337e-17,0.0
2019-10-22,-0.002026737342604168,0.0,0.8,0.0,0.19999999999999996,4.163336342344337e-17,0.0
2019-10-23,0.0027982998987551976,0.0,0.8,0.0,0.19999999999999996,4.163336342344337e-17,0.0
2019-10-24,0.0027304664286583956,0.0,0.8,0.0,0.19999999999999996,4.163336342344337e-17,0.0
2019-10-25,0.003742190362544662,0.0,0.8,0.0,0.19999999999999996,4.163336342344337e-17,0.0
2019-10-28,0.002789442877467274,0.0,0.8,0.0,0.19999999999999996,4.163336342344337e-17,0.0
2019-10-29,-0.0007917816713193472,0.0,0.8,0.0,0.19999999999999996,4.163336342344337e-17,0.0
2019-10-30,0.0035515681650465586,0.0,0.8,0.0,0.19999999999999996,4.163336342344337e-17,0.0
2019-10-31,-0.000130931754878151,0.0,0.8,0.0,0.19999999999999996,4.163336342344337e-17,0.0
2019-11-01,0.007593673094499966,0.0,0.8,0.0,0.19999999999999996,4.163336342344337e-17,0.0
2019-11-04,0.0026389998767007102,0.0,0.8,0.0,0.19999999999999996,4.163336342344337e-17,0.0
2019-11-05,-0.00412078512713534,0.0,0.8,0.0,0.19999999999999996,4.163336342344337e-17,0.0
2019-11-06,0.0010404044001726114,0.0,0.8,0.0,0.19999999999999996,4.163336342344337e-17,0.0
2019-11-07,-0.00029104208739956115,0.0,0.8,0.0,0.19999999999999996,4.163336342344337e-17,0.0
2019-11-08,0.0006999790494464759,0.0,0.8,0.0,0.19999999999999996,4.163336342344337e-17,0.0
2019-11-11,-0.0020080295900139827,0.0,0.8,0.0,0.19999999999999996,4.163336342344337e-17,0.0
2019-11-12,0.0022261406810037965,0.0,0.8,0.0,0.19999999999999996,4.163336342344337e-17,0.0
2019-11-13,0.001059408485654867,0.0,0.8,0.0,0.19999999999999996,4.163336342344337e-17,0.0
2019-11-14,0.002005113031612371,0.0,0.8,0.0,0.19999999999999996,4.163336342344337e-17,0.0
2019-11-15,0.00528434116496377,0.0,0.8,0.0,0.19999999999999996,4.163336342344337e-17,0.0
2019-11-18,0.0011830560904126034,0.0,0.8,0.0,0.19999999999999996,4.163336342344337e-17,0.0
2019-11-19,-0.00012954065472086228,0.0,0.8,0.0,0.19999999999999996,4.163336342344337e-17,0.0
2019-11-20,-0.0028741157268920227,0.0,0.8,0.0,0.19999999999999996,4.163336342344337e-17,0.0
2019-11-21,-0.002382841818935687,0.0,0.8,0.0,0.19999999999999996,4.163336342344337e-17,0.0
2019-11-22,0.0014025752561840131,0.0,0.8,0.0,0.19999999999999996,4.163336342344337e-17,0.0
2019-11-25,0.005241832173041083,0.0,0.8,0.0,0.19999999999999996,4.163336342344337e-17,0.0
2019-11-26,0.002775265590613474,0.0,0.8,0.0,0.19999999999999996,4.163336342344337e-17,0.0
2019-11-27,0.0025062900373524107,0.0,0.8,0.0,0.19999999999999996,4.163336342344337e-17,0.0
2019-11-29,-0.0017262645099930052,0.0,0.8,0.0,0.19999999999999996,4.163336342344337e-17,0.0
2019-12-02,-0.006897436579424943,0.0,0.8,0.0,0.19999999999999996,4.163336342344337e-17,0.0
2019-12-03,-0.003449349274422576,0.0,0.8,0.0,0.19999999999999996,4.163336342344337e-17,0.0
2019-12-04,0.004663168089720806,0.0,0.8,0.0,0.19999999999999996,4.163336342344337e-17,0.0
2019-12-05,0.0015535301177435734,0.0,0.8,0.0,0.19999999999999996,4.163336342344337e-17,0.0
2019-12-06,0.005321744993694445,0.0,0.8,0.0,0.19999999999999996,4.163336342344337e-17,0.0
2019-12-09,-0.002573837325093087,0.0,0.8,0.0,0.19999999999999996,4.163336342344337e-17,0.0
2019-12-10,-0.0003249369411495895,0.0,0.8,0.0,0.19999999999999996,4.163336342344337e-17,0.0
2019-12-11,0.0036482345994378377,0.0,0.8,0.0,0.19999999999999996,4.163336342344337e-17,0.0
2019-12-12,0.00618973837800747,0.0,0.8,0.0,0.19999999999999996,4.163336342344337e-17,0.0
2019-12-13,0.0013749633254752872,0.0,0.8,0.0,0.19999999999999996,4.163336342344337e-17,0.0
2019-12-16,0.005481834592379653,0.0,0.8,0.0,0.19999999999999996,4.163336342344337e-17,0.0
2019-12-17,0.00013200231210785997,0.0,0.8,0.0,0.19999999999999996,4.163336342344337e-17,0.0
2019-12-18,6.447062440564374e-05,0.0,0.8,0.0,0.19999999999999996,4.163336342344337e-17,0.0
2019-12-19,0.0037970229662321665,0.0,0.8,0.0,0.19999999999999996,4.163336342344337e-17,0.0
2019-12-20,0.003708270370510202,0.0,0.8,0.0,0.19999999999999996,4.163336342344337e-17,0.0
2019-12-23,0.0018388187179153804,0.0,0.8,0.0,0.19999999999999996,4.163336342344337e-17,0.0
2019-12-24,0.0019113079952644439,0.0,0.8,0.0,0.19999999999999996,4.163336342344337e-17,0.0
2019-12-26,0.005829763527160514,0.0,0.8,0.0,0.19999999999999996,4.163336342344337e-17,0.0
2019-12-27,-0.00026820409135055453,0.0,0.8,0.0,0.19999999999999996,4.163336342344337e-17,0.0
2019-12-30,-0.003988976222115693,0.0,0.8,0.0,0.19999999999999996,4.163336342344337e-17,0.0
2019-12-31,0.0023218724727554815,0.0,0.8,0.0,0.19999999999999996,4.163336342344337e-17,0.0
2020-01-02,0.008951245664270902,0.0,0.8,0.0,0.19999999999999996,4.163336342344337e-17,0.0
2020-01-03,-0.0034042750808018774,0.0,0.8,0.0,0.19999999999999996,4.163336342344337e-17,0.0
2020-01-06,0.0051499604496629825,0.0,0.8,0.0,0.19999999999999996,4.163336342344337e-17,0.0
2020-01-07,-0.0014622867425494682,0.0,0.8,0.0,0.19999999999999996,4.163336342344337e-17,0.0
2020-01-08,0.0027634995119367057,0.0,0.8,0.0,0.19999999999999996,4.163336342344337e-17,0.0
2020-01-09,0.004293793950588509,0.0,0.8,0.0,0.19999999999999996,4.163336342344337e-17,0.0
2020-01-10,-0.0010967559667551367,0.0,0.8,0.0,0.19999999999999996,4.163336342344337e-17,0.0
2020-01-13,0.004018088233225802,0.0,0.8,0.0,0.19999999999999996,4.163336342344337e-17,0.0
2020-01-14,-0.0013981425275985113,0.0,0.8,0.0,0.19999999999999996,4.163336342344337e-17,0.0
2020-01-15,0.0029745889745889536,0.0,0.8,0.0,0.19999999999999996,4.163336342344337e-17,0.0
2020-01-16,0.006341069750153806,0.0,0.8,0.0,0.19999999999999996,4.163336342344337e-17,0.0
2020-01-17,0.0028589892590620727,0.0,0.8,0.0,0.19999999999999996,4.163336342344337e-17,0.0
2020-01-21,-0.0013479795544517616,0.0,0.8,0.0,0.19999999999999996,4.163336342344337e-17,0.0
2020-01-22,0.00016465647445427107,0.0,0.8,0.0,0.19999999999999996,4.163336342344337e-17,0.0
2020-01-23,0.001366869475981324,0.0,0.8,0.0,0.19999999999999996,4.163336342344337e-17,0.0
2020-01-24,-0.005945295473545676,0.0,0.8,0.0,0.19999999999999996,4.163336342344337e-17,0.0
2020-01-27,-0.011458496099633167,0.0,0.8,0.0,0.19999999999999996,4.163336342344337e-17,0.0
2020-01-28,0.006597954200254354,0.0,0.8,0.0,0.19999999999999996,4.163336342344337e-17,0.0
2020-01-29,0.00042276582435638526,0.0,0.8,0.0,0.19999999999999996,4.163336342344337e-17,0.0
2020-01-30,0.0026098064224866044,0.0,0.8,0.0,0.19999999999999996,4.163336342344337e-17,0.0
2020-01-31,-0.013367855932589027,0.0,0.8,0.0,0.19999999999999996,4.163336342344337e-17,0.0
2020-02-03,0.004643626578915859,0.0,0.8,0.0,0.19999999999999996,4.163336342344337e-17,0.0
2020-02-04,0.009591415858712683,0.0,0.8,0.0,0.19999999999999996,4.163336342344337e-17,0.0
2020-02-05,0.009484071137206975,0.0,0.8,0.0,0.19999999999999996,4.163336342344337e-17,0.0
2020-02-06,0.003769660900664462,0.0,0.8,0.0,0.19999999999999996,4.163336342344337e-17,0.0
2020-02-07,-0.0037344339129938404,0.0,0.8,0.0,0.19999999999999996,4.163336342344337e-17,0.0
2020-02-10,0.006486328036710142,0.0,0.8,0.0,0.19999999999999996,4.163336342344337e-17,0.0
2020-02-11,0.0006981754238989174,0.0,0.8,0.0,0.19999999999999996,4.163336342344337e-17,0.0
2020-02-12,0.004991618019476053,0.0,0.8,0.0,0.19999999999999996,4.163336342344337e-17,0.0
2020-02-13,0.00028500197974441456,0.0,0.8,0.0,0.19999999999999996,4.163336342344337e-17,0.0
2020-02-14,0.002117665196818042,0.0,0.8,0.0,0.19999999999999996,4.163336342344337e-17,0.0
2020-02-18,0.0005020228349663638,0.0,0.8,0.0,0.19999999999999996,4.163336342344337e-17,0.0
2020-02-19,0.0049912324462668255,0.0,0.8,0.0,0.19999999999999996,4.163336342344337e-17,0.0
2020-02-20,-0.002469575550540526,0.0,0.8,0.0,0.19999999999999996,4.163336342344337e-17,0.0
2020-02-21,-0.005233682873185288,0.0,0.8,0.0,0.19999999999999996,4.163336342344337e-17,0.0
2020-02-24,-0.024735206261210153,0.0,0.8,0.0,0.19999999999999996,4.163336342344337e-17,0.0
2020-02-25,-0.027816519310163868,0.0,0.8,0.0,0.19999999999999996,4.163336342344337e-17,0.0
2020-02-26,-0.0020685825023207824,0.0,0.8,0.0,0.19999999999999996,4.163336342344337e-17,0.0
2020-02-27,-0.0358904430446247,0.0,0.8,0.0,0.19999999999999996,4.163336342344337e-17,0.0
2020-02-28,-0.010659804768012583,0.0,0.8,0.0,0.19999999999999996,4.163336342344337e-17,0.0
2020-03-02,0.035750341135933054,0.0,0.8,0.0,0.19999999999999996,4.163336342344337e-17,0.0
2020-03-03,-0.01661883116156653,0.0,0.8,0.0,0.19999999999999996,4.163336342344337e-17,0.0
2020-03-04,0.033976983834194965,0.0,0.8,0.0,0.19999999999999996,4.163336342344337e-17,0.0
2020-03-05,-0.02227303637836458,0.0,0.8,0.0,0.19999999999999996,4.163336342344337e-17,0.0
2020-03-06,-0.013148838940238243,0.0,0.8,0.0,0.19999999999999996,4.163336342344337e-17,0.0
2020-03-09,-0.062145146885376576,0.0,0.8,0.0,0.19999999999999996,4.163336342344337e-17,0.0
2020-03-10,0.03717532940148499,0.0,0.8,0.0,0.19999999999999996,4.163336342344337e-17,0.0
2020-03-11,-0.039710871893555336,0.0,0.8,0.0,0.19999999999999996,4.163336342344337e-17,0.0
2020-03-12,-0.0845194448554004,0.0,0.8,0.0,0.19999999999999996,4.163336342344337e-17,0.0
2020-03-13,0.06228603622698717,0.0,0.8,0.0,0.19999999999999996,4.163336342344337e-17,0.0
2020-03-16,-0.08982832380555293,0.0,0.8,0.0,0.19999999999999996,4.163336342344337e-17,0.0
2020-03-17,0.04590474681331896,0.0,0.8,0.0,0.19999999999999996,4.163336342344337e-17,0.0
2020-03-18,-0.04449068444947993,0.0,0.8,0.0,0.19999999999999996,4.163336342344337e-17,0.0
2020-03-19,-0.0020812438493078944,0.0,0.8,0.0,0.19999999999999996,4.163336342344337e-17,0.0
2020-03-20,-0.03147622057313364,0.0,0.8,0.0,0.19999999999999996,4.163336342344337e-17,0.0
2020-03-23,-0.011618419224555959,0.0,0.8,0.0,0.19999999999999996,4.163336342344337e-17,0.0
2020-03-24,0.08218854766250966,0.0,0.8,0.0,0.19999999999999996,4.163336342344337e-17,0.0
2020-03-25,0.009238287829710036,0.0,0.8,0.0,0.19999999999999996,4.163336342344337e-17,0.0
2020-03-26,0.049276330103038696,0.0,0.8,0.0,0.19999999999999996,4.163336342344337e-17,0.0
2020-03-27,-0.025120712556158647,0.0,0.8,0.0,0.19999999999999996,4.163336342344337e-17,0.0
2020-03-30,0.026860753627781262,0.0,0.8,0.0,0.19999999999999996,4.163336342344337e-17,0.0
2020-03-31,-0.01829381192736783,0.0,0.8,0.0,0.19999999999999996,4.163336342344337e-17,0.0
2020-04-01,-0.034112574747663604,0.0,0.8,0.0,0.19999999999999996,4.163336342344337e-17,0.0
2020-04-02,0.011305582471853964,0.8,1.4871212339230094e-17,0.5063835540393111,0.4936164459606888,2.518644408396605e-19,7.127381637816414e-19
2020-04-03,0.0036422308469587546,0.0,1.4871212339230094e-17,0.5063835540393111,0.4936164459606888,2.518644408396605e-19,7.127381637816414e-19
2020-04-06,0.012356100347459298,0.0,1.4871212339230094e-17,0.5063835540393111,0.4936164459606888,2.518644408396605e-19,7.127381637816414e-19
2020-04-07,-0.007945928541969082,0.0,1.4871212339230094e-17,0.5063835540393111,0.4936164459606888,2.518644408396605e-19,7.127381637816414e-19
2020-04-08,-0.008081688181001875,0.0,1.4871212339230094e-17,0.5063835540393111,0.4936164459606888,2.518644408396605e-19,7.127381637816414e-19
2020-04-09,0.013814877040134914,0.0,1.4871212339230094e-17,0.5063835540393111,0.4936164459606888,2.518644408396605e-19,7.127381637816414e-19
2020-04-13,0.003837891861321413,0.0,1.4871212339230094e-17,0.5063835540393111,0.4936164459606888,2.518644408396605e-19,7.127381637816414e-19
2020-04-14,0.0037603245567145137,0.0,1.4871212339230094e-17,0.5063835540393111,0.4936164459606888,2.518644408396605e-19,7.127381637816414e-19
2020-04-15,0.010894923459344705,0.0,1.4871212339230094e-17,0.5063835540393111,0.4936164459606888,2.518644408396605e-19,7.127381637816414e-19
2020-04-16,0.005323923273646336,0.0,1.4871212339230094e-17,0.5063835540393111,0.4936164459606888,2.518644408396605e-19,7.127381637816414e-19
2020-04-17,-0.004748778317361761,0.7999999999999996,8.631653934934165e-18,0.2000000000000003,4.850714331646642e-17,1.4897848740522299e-18,0.7999999999999997
2020-04-20,0.00427462715472018,0.0,8.631653934934165e-18,0.2000000000000003,4.850714331646642e-17,1.4897848740522299e-18,0.7999999999999997
2020-04-21,0.003699187420840302,0.0,8.631653934934165e-18,0.2000000000000003,4.850714331646642e-17,1.4897848740522299e-18,0.7999999999999997
2020-04-22,0.0003147859141001658,0.0,8.631653934934165e-18,0.2000000000000003,4.850714331646642e-17,1.4897848740522299e-18,0.7999999999999997
2020-04-23,0.0013555231223362015,0.0,8.631653934934165e-18,0.2000000000000003,4.850714331646642e-17,1.4897848740522299e-18,0.7999999999999997
2020-04-24,-0.001293363927572909,0.0,8.631653934934165e-18,0.2000000000000003,4.850714331646642e-17,1.4897848740522299e-18,0.7999999999999997
2020-04-27,-0.005783825401623904,0.0,8.631653934934165e-18,0.2000000000000003,4.850714331646642e-17,1.4897848740522299e-18,0.7999999999999997
2020-04-28,0.0014166888515057465,0.0,8.631653934934165e-18,0.2000000000000003,4.850714331646642e-17,1.4897848740522299e-18,0.7999999999999997
2020-04-29,-0.004288610867880237,0.0,8.631653934934165e-18,0.2000000000000003,4.850714331646642e-17,1.4897848740522299e-18,0.7999999999999997
2020-04-30,-0.007379936884040019,0.0,8.631653934934165e-18,0.2000000000000003,4.850714331646642e-17,1.4897848740522299e-18,0.7999999999999997
2020-05-01,0.0026084896198173024,0.0,8.631653934934165e-18,0.2000000000000003,4.850714331646642e-17,1.4897848740522299e-18,0.7999999999999997
2020-05-04,0.0035334867988906695,0.0,8.631653934934165e-18,0.2000000000000003,4.850714331646642e-17,1.4897848740522299e-18,0.7999999999999997
2020-05-05,-0.0006869709066642097,0.0,8.631653934934165e-18,0.2000000000000003,4.850714331646642e-17,1.4897848740522299e-18,0.7999999999999997
2020-05-06,0.0006263166024177578,0.0,8.631653934934165e-18,0.2000000000000003,4.850714331646642e-17,1.4897848740522299e-18,0.7999999999999997
2020-05-07,0.0009813583090617483,0.0,8.631653934934165e-18,0.2000000000000003,4.850714331646642e-17,1.4897848740522299e-18,0.7999999999999997
2020-05-08,-0.0028962046294559486,0.0,8.631653934934165e-18,0.2000000000000003,4.850714331646642e-17,1.4897848740522299e-18,0.7999999999999997
2020-05-11,0.0013984171322032968,0.0,8.631653934934165e-18,0.2000000000000003,4.850714331646642e-17,1.4897848740522299e-18,0.7999999999999997
2020-05-12,0.0005785618752324007,0.0,8.631653934934165e-18,0.2000000000000003,4.850714331646642e-17,1.4897848740522299e-18,0.7999999999999997
2020-05-13,0.002876357828025224,0.0,8.631653934934165e-18,0.2000000000000003,4.850714331646642e-17,1.4897848740522299e-18,0.7999999999999997
2020-05-14,0.00284213738323427,0.0,8.631653934934165e-18,0.2000000000000003,4.850714331646642e-17,1.4897848740522299e-18,0.7999999999999997
2020-05-15,7.472134791253149e-05,0.0,8.631653934934165e-18,0.2000000000000003,4.850714331646642e-17,1.4897848740522299e-18,0.7999999999999997
2020-05-18,-0.010866281648997682,0.0,8.631653934934165e-18,0.2000000000000003,4.850714331646642e-17,1.4897848740522299e-18,0.7999999999999997
2020-05-19,0.00015478186889490605,0.0,8.631653934934165e-18,0.2000000000000003,4.850714331646642e-17,1.4897848740522299e-18,0.7999999999999997
2020-05-20,-0.0020737564023470133,0.0,8.631653934934165e-18,0.2000000000000003,4.850714331646642e-17,1.4897848740522299e-18,0.7999999999999997
2020-05-21,0.002287058841028999,0.0,8.631653934934165e-18,0.2000000000000003,4.850714331646642e-17,1.4897848740522299e-18,0.7999999999999997
2020-05-22,0.003581549360314186,0.0,8.631653934934165e-18,0.2000000000000003,4.850714331646642e-17,1.4897848740522299e-18,0.7999999999999997
2020-05-26,-0.008609996779800835,0.0,8.631653934934165e-18,0.2000000000000003,4.850714331646642e-17,1.4897848740522299e-18,0.7999999999999997
2020-05-27,-0.0006660289794799825,0.0,8.631653934934165e-18,0.2000000000000003,4.850714331646642e-17,1.4897848740522299e-18,0.7999999999999997
2020-05-28,-0.004918236042498525,0.0,8.631653934934165e-18,0.2000000000000003,4.850714331646642e-17,1.4897848740522299e-18,0.7999999999999997
2020-05-29,0.0002270548896377484,0.0,8.631653934934165e-18,0.2000000000000003,4.850714331646642e-17,1.4897848740522299e-18,0.7999999999999997
2020-06-01,-0.0058577239231901055,0.0,8.631653934934165e-18,0.2000000000000003,4.850714331646642e-17,1.4897848740522299e-18,0.7999999999999997
2020-06-02,-0.0016345619283473676,0.0,8.631653934934165e-18,0.2000000000000003,4.850714331646642e-17,1.4897848740522299e-18,0.7999999999999997
2020-06-03,0.006956415148293926,1.0,0.8,0.0,0.20000000000000004,9.898178656524724e-17,0.0
2020-06-04,3.928097257334543e-06,0.0,0.8,0.0,0.20000000000000004,9.898178656524724e-17,0.0
2020-06-05,0.016448474639623116,0.0,0.8,0.0,0.20000000000000004,9.898178656524724e-17,0.0
2020-06-08,0.011834561460240289,0.0,0.8,0.0,0.20000000000000004,9.898178656524724e-17,0.0
2020-06-09,-0.004037109840100683,0.0,0.8,0.0,0.20000000000000004,9.898178656524724e-17,0.0
2020-06-10,-0.0015991005151359426,0.0,0.8,0.0,0.20000000000000004,9.898178656524724e-17,0.0
2020-06-11,-0.04756176274824198,0.0,0.8,0.0,0.20000000000000004,9.898178656524724e-17,0.0
2020-06-12,0.009863463669716266,0.0,0.8,0.0,0.20000000000000004,9.898178656524724e-17,0.0
2020-06-15,0.007112009760112838,0.0,0.8,0.0,0.20000000000000004,9.898178656524724e-17,0.0
2020-06-16,0.015299663873794602,0.0,0.8,0.0,0.20000000000000004,9.898178656524724e-17,0.0
2020-06-17,-0.002941168458370892,0.0,0.8,0.0,0.20000000000000004,9.898178656524724e-17,0.0
2020-06-18,-8.55247534036408e-05,0.0,0.8,0.0,0.20000000000000004,9.898178656524724e-17,0.0
2020-06-19,-0.0023650569223987875,0.0,0.8,0.0,0.20000000000000004,9.898178656524724e-17,0.0
2020-06-22,0.006424419219939373,0.0,0.8,0.0,0.20000000000000004,9.898178656524724e-17,0.0
2020-06-23,0.005366754862795053,0.0,0.8,0.0,0.20000000000000004,9.898178656524724e-17,0.0
2020-06-24,-0.021103678793338656,0.0,0.8,0.0,0.20000000000000004,9.898178656524724e-17,0.0
2020-06-25,0.008455448105614608,0.0,0.8,0.0,0.20000000000000004,9.898178656524724e-17,0.0
2020-06-26,-0.018108093596316446,0.0,0.8,0.0,0.20000000000000004,9.898178656524724e-17,0.0
2020-06-29,0.011865888004241758,0.0,0.8,0.0,0.20000000000000004,9.898178656524724e-17,0.0
2020-06-30,0.011136108810863377,0.0,0.8,0.0,0.20000000000000004,9.898178656524724e-17,0.0
2020-07-01,0.004707636796928739,0.0,0.8,0.0,0.20000000000000004,9.898178656524724e-17,0.0
2020-07-02,0.004837461433335879,0.0,0.8,0.0,0.20000000000000004,9.898178656524724e-17,0.0
2020-07-06,0.013547575484275678,0.0,0.8,0.0,0.20000000000000004,9.898178656524724e-17,0.0
2020-07-07,-0.006988864382834282,0.0,0.8,0.0,0.20000000000000004,9.898178656524724e-17,0.0
2020-07-08,0.007361313953173323,0.0,0.8,0.0,0.20000000000000004,9.898178656524724e-17,0.0
2020-07-09,-0.005095484204136061,0.0,0.8,0.0,0.20000000000000004,9.898178656524724e-17,0.0
2020-07-10,0.007649624018501712,0.0,0.8,0.0,0.20000000000000004,9.898178656524724e-17,0.0
2020-07-13,-0.00667903577447029,0.0,0.8,0.0,0.20000000000000004,9.898178656524724e-17,0.0
2020-07-14,0.011300123608340588,0.0,0.8,0.0,0.20000000000000004,9.898178656524724e-17,0.0
2020-07-15,0.007525890960914786,0.0,0.8,0.0,0.20000000000000004,9.898178656524724e-17,0.0
2020-07-16,-0.004524786404346039,0.0,0.8,0.0,0.20000000000000004,9.898178656524724e-17,0.0
2020-07-17,0.003966905559814116,0.0,0.8,0.0,0.20000000000000004,9.898178656524724e-17,0.0
2020-07-20,0.007429150609000512,0.0,0.8,0.0,0.20000000000000004,9.898178656524724e-17,0.0
2020-07-21,0.004112204260893606,0.0,0.8,0.0,0.20000000000000004,9.898178656524724e-17,0.0
2020-07-22,0.007593988713498679,0.0,0.8,0.0,0.20000000000000004,9.898178656524724e-17,0.0
2020-07-23,-0.007780322076282033,0.0,0.8,0.0,0.20000000000000004,9.898178656524724e-17,0.0
2020-07-24,-0.0034362656475604323,0.0,0.8,0.0,0.20000000000000004,9.898178656524724e-17,0.0
2020-07-27,0.009784699006605816,0.0,0.8,0.0,0.20000000000000004,9.898178656524724e-17,0.0
2020-07-28,-0.003405747835676555,0.0,0.8,0.0,0.20000000000000004,9.898178656524724e-17,0.0
2020-07-29,0.011340825127382282,0.0,0.8,0.0,0.20000000000000004,9.898178656524724e-17,0.0
2020-07-30,-0.004334134361138833,0.0,0.8,0.0,0.20000000000000004,9.898178656524724e-17,0.0
2020-07-31,0.008139311026982822,0.0,0.8,0.0,0.20000000000000004,9.898178656524724e-17,0.0
2020-08-03,-0.00047885031627737914,0.9143706711539648,0.0,0.11437067115396479,0.08562932884603516,4.7862240482681894e-17,0.7999999999999999
2020-08-04,0.0073455625296143315,0.9143706711539645,0.8000000000000002,1.988524136438368e-16,0.19999999999999968,1.0900477229159884e-18,0.0
2020-08-05,0.0068253113747268794,5.551115123125783e-17,0.8,1.988524136438368e-16,0.19999999999999968,1.0900477229159884e-18,0.0
2020-08-06,0.008002446859183186,0.0,0.8,1.988524136438368e-16,0.19999999999999968,1.0900477229159884e-18,0.0
2020-08-07,-0.002602573296666773,0.0,0.8,1.988524136438368e-16,0.19999999999999968,1.0900477229159884e-18,0.0
2020-08-10,0.0016991174326137061,0.0,0.8,1.988524136438368e-16,0.19999999999999968,1.0900477229159884e-18,0.0
2020-08-11,-0.01734250137841545,0.0,0.8,1.988524136438368e-16,0.19999999999999968,1.0900477229159884e-18,0.0
2020-08-12,0.010220190984201395,0.0,0.8,1.988524136438368e-16,0.19999999999999968,1.0900477229159884e-18,0.0
2020-08-13,0.003277514846637421,0.0,0.8,1.988524136438368e-16,0.19999999999999968,1.0900477229159884e-18,0.0
2020-08-14,-0.0008380148031905892,0.0,0.8,1.988524136438368e-16,0.19999999999999968,1.0900477229159884e-18,0.0
2020-08-17,0.006879977985102264,0.0,0.8,1.988524136438368e-16,0.19999999999999968,1.0900477229159884e-18,0.0
2020-08-18,0.003529927429174594,0.0,0.8,1.988524136438368e-16,0.19999999999999968,1.0900477229159884e-18,0.0
2020-08-19,-0.009644023266030569,0.0,0.8,1.988524136438368e-16,0.19999999999999968,1.0900477229159884e-18,0.0
2020-08-20,0.0038735997645867213,0.0,0.8,1.988524136438368e-16,0.19999999999999968,1.0900477229159884e-18,0.0
2020-08-21,0.00123561651315434,0.0,0.8,1.988524136438368e-16,0.19999999999999968,1.0900477229159884e-18,0.0
2020-08-24,0.006974830129704348,0.0,0.8,1.988524136438368e-16,0.19999999999999968,1.0900477229159884e-18,0.0
2020-08-25,0.0030425729560127996,0.0,0.8,1.988524136438368e-16,0.19999999999999968,1.0900477229159884e-18,0.0
2020-08-26,0.010382375370110128,0.0,0.8,1.988524136438368e-16,0.19999999999999968,1.0900477229159884e-18,0.0
2020-08-27,-0.0005635063589641827,0.0,0.8,1.988524136438368e-16,0.19999999999999968,1.0900477229159884e-18,0.0
2020-08-28,0.008643717236781562,0.0,0.8,1.988524136438368e-16,0.19999999999999968,1.0900477229159884e-18,0.0
2020-08-31,-0.002420633255351312,0.0,0.8,1.988524136438368e-16,0.19999999999999968,1.0900477229159884e-18,0.0
2020-09-01,0.007772926698530782,0.0,0.8,1.988524136438368e-16,0.19999999999999968,1.0900477229159884e-18,0.0
2020-09-02,0.00894485890177091,0.0,0.8,1.988524136438368e-16,0.19999999999999968,1.0900477229159884e-18,0.0
2020-09-03,-0.02915246552596615,0.0,0.8,1.988524136438368e-16,0.19999999999999968,1.0900477229159884e-18,0.0
2020-09-04,-0.0059794594595378,0.0,0.8,1.988524136438368e-16,0.19999999999999968,1.0900477229159884e-18,0.0
2020-09-08,-0.022243725039518502,0.0,0.8,1.988524136438368e-16,0.19999999999999968,1.0900477229159884e-18,0.0
2020-09-09,0.01773936641361846,0.0,0.8,1.988524136438368e-16,0.19999999999999968,1.0900477229159884e-18,0.0
2020-09-10,-0.014535373456688714,0.0,0.8,1.988524136438368e-16,0.19999999999999968,1.0900477229159884e-18,0.0
2020-09-11,0.00039616462096629993,0.0,0.8,1.988524136438368e-16,0.19999999999999968,1.0900477229159884e-18,0.0
2020-09-14,0.012115565901885138,0.0,0.8,1.988524136438368e-16,0.19999999999999968,1.0900477229159884e-18,0.0
2020-09-15,0.003563207143957082,0.0,0.8,1.988524136438368e-16,0.19999999999999968,1.0900477229159884e-18,0.0
2020-09-16,-0.0026077026636357483,0.0,0.8,1.988524136438368e-16,0.19999999999999968,1.0900477229159884e-18,0.0
2020-09-17,-0.00813424023527569,0.0,0.8,1.988524136438368e-16,0.19999999999999968,1.0900477229159884e-18,0.0
2020-09-18,-0.008947957843211497,0.0,0.8,1.988524136438368e-16,0.19999999999999968,1.0900477229159884e-18,0.0
2020-09-21,-0.01292106074455807,0.0,0.8,1.988524136438368e-16,0.19999999999999968,1.0900477229159884e-18,0.0
2020-09-22,0.007178181922065609,0.0,0.8,1.988524136438368e-16,0.19999999999999968,1.0900477229159884e-18,0.0
2020-09-23,-0.022873849684868556,0.0,0.8,1.988524136438368e-16,0.19999999999999968,1.0900477229159884e-18,0.0
2020-09-24,0.002875991251660403,0.0,0.8,1.988524136438368e-16,0.19999999999999968,1.0900477229159884e-18,0.0
2020-09-25,0.012363508452868512,0.0,0.8,1.988524136438368e-16,0.19999999999999968,1.0900477229159884e-18,0.0
2020-09-28,0.01529972948065845,0.0,0.8,1.988524136438368e-16,0.19999999999999968,1.0900477229159884e-18,0.0
2020-09-29,-0.0026705978694309823,0.0,0.8,1.988524136438368e-16,0.19999999999999968,1.0900477229159884e-18,0.0
2020-09-30,-0.007956171510544292,0.8000000000000002,4.018091489160728e-17,0.5449499326033734,0.45505006739662657,0.0,0.0
2020-10-01,0.007172281586522229,0.6991303684518884,0.6991303684518885,3.384270714677023e-18,0.30086963154811164,2.298546742836516e-18,1.6265263103186788e-18
2020-10-02,-0.006907281262662692,0.0,0.6991303684518885,3.384270714677023e-18,0.30086963154811164,2.298546742836516e-18,1.6265263103186788e-18
2020-10-05,0.01386369783868183,0.0,0.6991303684518885,3.384270714677023e-18,0.30086963154811164,2.298546742836516e-18,1.6265263103186788e-18
2020-10-06,-0.013477136137692297,0.0,0.6991303684518885,3.384270714677023e-18,0.30086963154811164,2.298546742836516e-18,1.6265263103186788e-18
2020-10-07,0.012033752695760225,0.0,0.6991303684518885,3.384270714677023e-18,0.30086963154811164,2.298546742836516e-18,1.6265263103186788e-18
2020-10-08,0.007265559244621916,0.0,0.6991303684518885,3.384270714677023e-18,0.30086963154811164,2.298546742836516e-18,1.6265263103186788e-18
2020-10-09,0.011707701598694227,0.0,0.6991303684518885,3.384270714677023e-18,0.30086963154811164,2.298546742836516e-18,1.6265263103186788e-18
2020-10-12,0.010383208994658298,0.0,0.6991303684518885,3.384270714677023e-18,0.30086963154811164,2.298546742836516e-18,1.6265263103186788e-18
2020-10-13,-0.009294985337305642,0.0,0.6991303684518885,3.384270714677023e-18,0.30086963154811164,2.298546742836516e-18,1.6265263103186788e-18
2020-10-14,-0.0034617146354161445,0.0,0.6991303684518885,3.384270714677023e-18,0.30086963154811164,2.298546742836516e-18,1.6265263103186788e-18
2020-10-15,0.00023293672977886317,0.0,0.6991303684518885,3.384270714677023e-18,0.30086963154811164,2.298546742836516e-18,1.6265263103186788e-18
2020-10-16,-0.0014649605823830645,0.0,0.6991303684518885,3.384270714677023e-18,0.30086963154811164,2.298546742836516e-18,1.6265263103186788e-18
2020-10-19,-0.01047734703146691,0.0,0.6991303684518885,3.384270714677023e-18,0.30086963154811164,2.298546742836516e-18,1.6265263103186788e-18
2020-10-20,0.004250821575981006,0.0,0.6991303684518885,3.384270714677023e-18,0.30086963154811164,2.298546742836516e-18,1.6265263103186788e-18
2020-10-21,0.0009426564328928216,0.0,0.6991303684518885,3.384270714677023e-18,0.30086963154811164,2.298546742836516e-18,1.6265263103186788e-18
2020-10-22,0.0008862675721562303,0.0,0.6991303684518885,3.384270714677023e-18,0.30086963154811164,2.298546742836516e-18,1.6265263103186788e-18
2020-10-23,0.002053977399740996,0.0,0.6991303684518885,3.384270714677023e-18,0.30086963154811164,2.298546742836516e-18,1.6265263103186788e-18
2020-10-26,-0.013071590507044711,0.0,0.6991303684518885,3.384270714677023e-18,0.30086963154811164,2.298546742836516e-18,1.6265263103186788e-18
2020-10-27,-0.0016178936624626486,0.0,0.6991303684518885,3.384270714677023e-18,0.30086963154811164,2.298546742836516e-18,1.6265263103186788e-18
2020-10-28,-0.028752506476568677,0.0,0.6991303684518885,3.384270714677023e-18,0.30086963154811164,2.298546742836516e-18,1.6265263103186788e-18
2020-10-29,0.0058582191023185065,0.0,0.6991303684518885,3.384270714677023e-18,0.30086963154811164,2.298546742836516e-18,1.6265263103186788e-18
2020-10-30,-0.00591603345509649,0.0,0.6991303684518885,3.384270714677023e-18,0.30086963154811164,2.298546742836516e-18,1.6265263103186788e-18
2020-11-02,0.01075631744537971,0.0,0.6991303684518885,3.384270714677023e-18,0.30086963154811164,2.298546742836516e-18,1.6265263103186788e-18
2020-11-03,0.014051518766317297,0.0,0.6991303684518885,3.384270714677023e-18,0.30086963154811164,2.298546742836516e-18,1.6265263103186788e-18
2020-11-04,0.015456847288680822,0.0,0.6991303684518885,3.384270714677023e-18,0.30086963154811164,2.298546742836516e-18,1.6265263103186788e-18
2020-11-05,0.020550240127453222,0.0,0.6991303684518885,3.384270714677023e-18,0.30086963154811164,2.298546742836516e-18,1.6265263103186788e-18
2020-11-06,0.0002680705934850658,0.0,0.6991303684518885,3.384270714677023e-18,0.30086963154811164,2.298546742836516e-18,1.6265263103186788e-18
2020-11-09,-0.004534672873793231,0.0,0.6991303684518885,3.384270714677023e-18,0.30086963154811164,2.298546742836516e-18,1.6265263103186788e-18
2020-11-10,-2.8661200487584032e-05,0.0,0.6991303684518885,3.384270714677023e-18,0.30086963154811164,2.298546742836516e-18,1.6265263103186788e-18
2020-11-11,0.003891739608307095,0.0,0.6991303684518885,3.384270714677023e-18,0.30086963154811164,2.298546742836516e-18,1.6265263103186788e-18
2020-11-12,-0.004958742784165977,0.0,0.6991303684518885,3.384270714677023e-18,0.30086963154811164,2.298546742836516e-18,1.6265263103186788e-18
2020-11-13,0.011730933145490115,0.0,0.6991303684518885,3.384270714677023e-18,0.30086963154811164,2.298546742836516e-18,1.6265263103186788e-18
2020-11-16,0.008709959606613658,0.0,0.6991303684518885,3.384270714677023e-18,0.30086963154811164,2.298546742836516e-18,1.6265263103186788e-18
2020-11-17,-0.004863901746431716,0.0,0.6991303684518885,3.384270714677023e-18,0.30086963154811164,2.298546742836516e-18,1.6265263103186788e-18
2020-11-18,-0.010135745883521029,0.0,0.6991303684518885,3.384270714677023e-18,0.30086963154811164,2.298546742836516e-18,1.6265263103186788e-18
2020-11-19,0.002377790022359574,0.0,0.6991303684518885,3.384270714677023e-18,0.30086963154811164,2.298546742836516e-18,1.6265263103186788e-18
2020-11-20,-0.0038772160718908866,0.0,0.6991303684518885,3.384270714677023e-18,0.30086963154811164,2.298546742836516e-18,1.6265263103186788e-18
2020-11-23,-0.0017345426074087975,0.0,0.6991303684518885,3.384270714677023e-18,0.30086963154811164,2.298546742836516e-18,1.6265263103186788e-18
2020-11-24,0.0066539208636861484,0.0,0.6991303684518885,3.384270714677023e-18,0.30086963154811164,2.298546742836516e-18,1.6265263103186788e-18
2020-11-25,-0.0012199237691551113,0.0,0.6991303684518885,3.384270714677023e-18,0.30086963154811164,2.298546742836516e-18,1.6265263103186788e-18
2020-11-27,-0.0011057353034263143,0.0,0.6991303684518885,3.384270714677023e-18,0.30086963154811164,2.298546742836516e-18,1.6265263103186788e-18
2020-11-30,-0.005103549667475607,0.0,0.6991303684518885,3.384270714677023e-18,0.30086963154811164,2.298546742836516e-18,1.6265263103186788e-18
2020-12-01,0.013983102262467134,0.0,0.6991303684518885,3.384270714677023e-18,0.30086963154811164,2.298546742836516e-18,1.6265263103186788e-18
2020-12-02,0.003733505723551086,0.0,0.6991303684518885,3.384270714677023e-18,0.30086963154811164,2.298546742836516e-18,1.6265263103186788e-18
2020-12-03,0.002178304325118501,0.0,0.6991303684518885,3.384270714677023e-18,0.30086963154811164,2.298546742836516e-18,1.6265263103186788e-18
2020-12-04,0.005171860081073404,0.0,0.6991303684518885,3.384270714677023e-18,0.30086963154811164,2.298546742836516e-18,1.6265263103186788e-18
2020-12-07,0.0030506132748565743,0.0,0.6991303684518885,3.384270714677023e-18,0.30086963154811164,2.298546742836516e-18,1.6265263103186788e-18
2020-12-08,0.0030952022586090296,0.0,0.6991303684518885,3.384270714677023e-18,0.30086963154811164,2.298546742836516e-18,1.6265263103186788e-18
2020-12-09,-0.01141372186241234,0.0,0.6991303684518885,3.384270714677023e-18,0.30086963154811164,2.298546742836516e-18,1.6265263103186788e-18
2020-12-10,-0.0008040403589434289,0.0,0.6991303684518885,3.384270714677023e-18,0.30086963154811164,2.298546742836516e-18,1.6265263103186788e-18
2020-12-11,-0.0002606830775111513,0.0,0.6991303684518885,3.384270714677023e-18,0.30086963154811164,2.298546742836516e-18,1.6265263103186788e-18
2020-12-14,-0.004787198078538006,0.0,0.6991303684518885,3.384270714677023e-18,0.30086963154811164,2.298546742836516e-18,1.6265263103186788e-18
2020-12-15,0.013661387176353281,0.0,0.6991303684518885,3.384270714677023e-18,0.30086963154811164,2.298546742836516e-18,1.6265263103186788e-18
2020-12-16,0.0027577460147121804,0.0,0.6991303684518885,3.384270714677023e-18,0.30086963154811164,2.298546742836516e-18,1.6265263103186788e-18
2020-12-17,0.0070745568221517304,0.0,0.6991303684518885,3.384270714677023e-18,0.30086963154811164,2.298546742836516e-18,1.6265263103186788e-18
2020-12-18,-0.003302146100984415,0.0,0.6991303684518885,3.384270714677023e-18,0.30086963154811164,2.298546742836516e-18,1.6265263103186788e-18
2020-12-21,-0.0034546908618959824,0.0,0.6991303684518885,3.384270714677023e-18,0.30086963154811164,2.298546742836516e-18,1.6265263103186788e-18
2020-12-22,-0.00355603254730091,0.0,0.6991303684518885,3.384270714677023e-18,0.30086963154811164,2.298546742836516e-18,1.6265263103186788e-18
2020-12-23,0.0026283258732437975,0.0,0.6991303684518885,3.384270714677023e-18,0.30086963154811164,2.298546742836516e-18,1.6265263103186788e-18
2020-12-24,0.003918949887798417,0.0,0.6991303684518885,3.384270714677023e-18,0.30086963154811164,2.298546742836516e-18,1.6265263103186788e-18
2020-12-28,0.004914120878907419,0.0,0.6991303684518885,3.384270714677023e-18,0.30086963154811164,2.298546742836516e-18,1.6265263103186788e-18
2020-12-29,-0.00023779749918792379,0.0,0.6991303684518885,3.384270714677023e-18,0.30086963154811164,2.298546742836516e-18,1.6265263103186788e-18
2020-12-30,0.003300664864925221,0.0,0.6991303684518885,3.384270714677023e-18,0.30086963154811164,2.298546742836516e-18,1.6265263103186788e-18
2020-12-31,0.004669691897615448,0.0,0.6991303684518885,3.384270714677023e-18,0.30086963154811164,2.298546742836516e-18,1.6265263103186788e-18
2021-01-04,-0.0028210883692270385,0.0,0.6991303684518885,3.384270714677023e-18,0.30086963154811164,2.298546742836516e-18,1.6265263103186788e-18
2021-01-05,0.005706260023888071,0.0,0.6991303684518885,3.384270714677023e-18,0.30086963154811164,2.298546742836516e-18,1.6265263103186788e-18
2021-01-06,-0.0007067081732986409,0.0,0.6991303684518885,3.384270714677023e-18,0.30086963154811164,2.298546742836516e-18,1.6265263103186788e-18
2021-01-07,0.009684781468513072,0.0,0.6991303684518885,3.384270714677023e-18,0.30086963154811164,2.298546742836516e-18,1.6265263103186788e-18
2021-01-08,-0.00630907061804792,0.0,0.6991303684518885,3.384270714677023e-18,0.30086963154811164,2.298546742836516e-18,1.6265263103186788e-18
2021-01-11,-0.005302942695991631,0.0,0.6991303684518885,3.384270714677023e-18,0.30086963154811164,2.298546742836516e-18,1.6265263103186788e-18
2021-01-12,0.0020955072090943125,0.0,0.6991303684518885,3.384270714677023e-18,0.30086963154811164,2.298546742836516e-18,1.6265263103186788e-18
2021-01-13,0.0005868028983370531,0.0,0.6991303684518885,3.384270714677023e-18,0.30086963154811164,2.298546742836516e-18,1.6265263103186788e-18
2021-01-14,-0.0026046147109130965,0.0,0.6991303684518885,3.384270714677023e-18,0.30086963154811164,2.298546742836516e-18,1.6265263103186788e-18
2021-01-15,-0.008831574376745789,0.0,0.6991303684518885,3.384270714677023e-18,0.30086963154811164,2.298546742836516e-18,1.6265263103186788e-18
2021-01-19,0.008038885779569894,0.0,0.6991303684518885,3.384270714677023e-18,0.30086963154811164,2.298546742836516e-18,1.6265263103186788e-18
2021-01-20,0.01457375325097775,0.0,0.6991303684518885,3.384270714677023e-18,0.30086963154811164,2.298546742836516e-18,1.6265263103186788e-18
2021-01-21,0.0004488993887469994,0.0,0.6991303684518885,3.384270714677023e-18,0.30086963154811164,2.298546742836516e-18,1.6265263103186788e-18
2021-01-22,-0.004843420948723011,0.0,0.6991303684518885,3.384270714677023e-18,0.30086963154811164,2.298546742836516e-18,1.6265263103186788e-18
2021-01-25,0.0030166325442070904,0.0,0.6991303684518885,3.384270714677023e-18,0.30086963154811164,2.298546742836516e-18,1.6265263103186788e-18
2021-01-26,-0.0018345723207353057,0.0,0.6991303684518885,3.384270714677023e-18,0.30086963154811164,2.298546742836516e-18,1.6265263103186788e-18
2021-01-27,-0.018993244595611795,0.0,0.6991303684518885,3.384270714677023e-18,0.30086963154811164,2.298546742836516e-18,1.6265263103186788e-18
2021-01-28,0.006291704728700837,0.0,0.6991303684518885,3.384270714677023e-18,0.30086963154811164,2.298546742836516e-18,1.6265263103186788e-18
2021-01-29,-0.014118182875795254,0.0,0.6991303684518885,3.384270714677023e-18,0.30086963154811164,2.298546742836516e-18,1.6265263103186788e-18
2021-02-01,0.01446113991213252,0.0,0.6991303684518885,3.384270714677023e-18,0.30086963154811164,2.298546742836516e-18,1.6265263103186788e-18
2021-02-02,0.006224933178968473,0.0,0.6991303684518885,3.384270714677023e-18,0.30086963154811164,2.298546742836516e-18,1.6265263103186788e-18
2021-02-03,9.512002619643605e-05,0.0,0.6991303684518885,3.384270714677023e-18,0.30086963154811164,2.298546742836516e-18,1.6265263103186788e-18
2021-02-04,0.0014683307575191972,0.0,0.6991303684518885,3.384270714677023e-18,0.30086963154811164,2.298546742836516e-18,1.6265263103186788e-18
2021-02-05,0.005721891634685305,0.0,0.6991303684518885,3.384270714677023e-18,0.30086963154811164,2.298546742836516e-18,1.6265263103186788e-18
2021-02-08,0.008078774707139061,0.0,0.6991303684518885,3.384270714677023e-18,0.30086963154811164,2.298546742836516e-18,1.6265263103186788e-18
2021-02-09,0.0005169100347166479,0.0,0.6991303684518885,3.384270714677023e-18,0.30086963154811164,2.298546742836516e-18,1.6265263103186788e-18
2021-02-10,0.0007968281513182708,0.0,0.6991303684518885,3.384270714677023e-18,0.30086963154811164,2.298546742836516e-18,1.6265263103186788e-18
2021-02-11,-0.001483895367948718,0.0,0.6991303684518885,3.384270714677023e-18,0.30086963154811164,2.298546742836516e-18,1.6265263103186788e-18
2021-02-12,0.002539784107531633,0.0,0.6991303684518885,3.384270714677023e-18,0.30086963154811164,2.298546742836516e-18,1.6265263103186788e-18
2021-02-16,-0.004923907161448063,0.0,0.6991303684518885,3.384270714677023e-18,0.30086963154811164,2.298546742836516e-18,1.6265263103186788e-18
2021-02-17,-0.003255312533829121,0.0,0.6991303684518885,3.384270714677023e-18,0.30086963154811164,2.298546742836516e-18,1.6265263103186788e-18
2021-02-18,-0.002993478827829311,0.0,0.6991303684518885,3.384270714677023e-18,0.30086963154811164,2.298546742836516e-18,1.6265263103186788e-18
2021-02-19,1.336788321323562e-05,0.0,0.6991303684518885,3.384270714677023e-18,0.30086963154811164,2.298546742836516e-18,1.6265263103186788e-18
2021-02-22,-0.0008738478538890293,0.0,0.6991303684518885,3.384270714677023e-18,0.30086963154811164,2.298546742836516e-18,1.6265263103186788e-18
2021-02-23,0.00015696072308705143,0.0,0.6991303684518885,3.384270714677023e-18,0.30086963154811164,2.298546742836516e-18,1.6265263103186788e-18
2021-02-24,0.0074904810519928165,0.0,0.6991303684518885,3.384270714677023e-18,0.30086963154811164,2.298546742836516e-18,1.6265263103186788e-18
2021-02-25,-0.02250744685054692,0.0,0.6991303684518885,3.384270714677023e-18,0.30086963154811164,2.298546742836516e-18,1.6265263103186788e-18
2021-02-26,-0.010878334716478344,0.0,0.6991303684518885,3.384270714677023e-18,0.30086963154811164,2.298546742836516e-18,1.6265263103186788e-18
2021-03-01,0.01642648535431627,0.0,0.6991303684518885,3.384270714677023e-18,0.30086963154811164,2.298546742836516e-18,1.6265263103186788e-18
2021-03-02,-0.0038163704041235522,0.0,0.6991303684518885,3.384270714677023e-18,0.30086963154811164,2.298546742836516e-18,1.6265263103186788e-18
2021-03-03,-0.012576496687834298,0.0,0.6991303684518885,3.384270714677023e-18,0.30086963154811164,2.298546742836516e-18,1.6265263103186788e-18
2021-03-04,-0.011611037917226038,0.0,0.6991303684518885,3.384270714677023e-18,0.30086963154811164,2.298546742836516e-18,1.6265263103186788e-18
2021-03-05,0.013050561629300919,0.0,0.6991303684518885,3.384270714677023e-18,0.30086963154811164,2.298546742836516e-18,1.6265263103186788e-18
2021-03-08,-0.006600418388166141,0.0,0.6991303684518885,3.384270714677023e-18,0.30086963154811164,2.298546742836516e-18,1.6265263103186788e-18
2021-03-09,0.01638181549930714,0.0,0.6991303684518885,3.384270714677023e-18,0.30086963154811164,2.298546742836516e-18,1.6265263103186788e-18
2021-03-10,0.005885756171055,0.0,0.6991303684518885,3.384270714677023e-18,0.30086963154811164,2.298546742836516e-18,1.6265263103186788e-18
2021-03-11,0.0068279658850732,0.0,0.6991303684518885,3.384270714677023e-18,0.30086963154811164,2.298546742836516e-18,1.6265263103186788e-18
2021-03-12,0.0008857519582907314,0.0,0.6991303684518885,3.384270714677023e-18,0.30086963154811164,2.298546742836516e-18,1.6265263103186788e-18
2021-03-15,0.005492134676995703,0.0,0.6991303684518885,3.384270714677023e-18,0.30086963154811164,2.298546742836516e-18,1.6265263103186788e-18
2021-03-16,-0.0006036554043808613,0.0,0.6991303684518885,3.384270714677023e-18,0.30086963154811164,2.298546742836516e-18,1.6265263103186788e-18
2021-03-17,0.0045336517406593954,0.0,0.6991303684518885,3.384270714677023e-18,0.30086963154811164,2.298546742836516e-18,1.6265263103186788e-18
2021-03-18,-0.011920213928080653,0.0,0.6991303684518885,3.384270714677023e-18,0.30086963154811164,2.298546742836516e-18,1.6265263103186788e-18
2021-03-19,-3.479338900487839e-05,0.0,0.6991303684518885,3.384270714677023e-18,0.30086963154811164,2.298546742836516e-18,1.6265263103186788e-18
2021-03-22,0.005140081175512863,0.0,0.6991303684518885,3.384270714677023e-18,0.30086963154811164,2.298546742836516e-18,1.6265263103186788e-18
2021-03-23,-0.007699255117539425,0.0,0.6991303684518885,3.384270714677023e-18,0.30086963154811164,2.298546742836516e-18,1.6265263103186788e-18
2021-03-24,-0.002512787373088645,0.0,0.6991303684518885,3.384270714677023e-18,0.30086963154811164,2.298546742836516e-18,1.6265263103186788e-18
2021-03-25,0.0028398268366583465,0.0,0.6991303684518885,3.384270714677023e-18,0.30086963154811164,2.298546742836516e-18,1.6265263103186788e-18
2021-03-26,0.012121945125105615,0.0,0.6991303684518885,3.384270714677023e-18,0.30086963154811164,2.298546742836516e-18,1.6265263103186788e-18
2021-03-29,-0.003932486782490009,0.0,0.6991303684518885,3.384270714677023e-18,0.30086963154811164,2.298546742836516e-18,1.6265263103186788e-18
2021-03-30,-0.006997021050896574,0.0,0.6991303684518885,3.384270714677023e-18,0.30086963154811164,2.298546742836516e-18,1.6265263103186788e-18
2021-03-31,0.007397300697940043,0.0,0.6991303684518885,3.384270714677023e-18,0.30086963154811164,2.298546742836516e-18,1.6265263103186788e-18
2021-04-01,0.011349483429044497,0.0,0.6991303684518885,3.384270714677023e-18,0.30086963154811164,2.298546742836516e-18,1.6265263103186788e-18
2021-04-05,0.009923118258300572,0.0,0.6991303684518885,3.384270714677023e-18,0.30086963154811164,2.298546742836516e-18,1.6265263103186788e-18
2021-04-06,0.0020027912777473727,0.0,0.6991303684518885,3.384270714677023e-18,0.30086963154811164,2.298546742836516e-18,1.6265263103186788e-18
2021-04-07,-3.883383900920155e-05,0.0,0.6991303684518885,3.384270714677023e-18,0.30086963154811164,2.298546742836516e-18,1.6265263103186788e-18
2021-04-08,0.006553562229310306,0.0,0.6991303684518885,3.384270714677023e-18,0.30086963154811164,2.298546742836516e-18,1.6265263103186788e-18
2021-04-09,0.002814983326355244,0.0,0.6991303684518885,3.384270714677023e-18,0.30086963154811164,2.298546742836516e-18,1.6265263103186788e-18
2021-04-12,-0.0015694788854137458,0.0,0.6991303684518885,3.384270714677023e-18,0.30086963154811164,2.298546742836516e-18,1.6265263103186788e-18
2021-04-13,0.0042041793276707705,0.0,0.6991303684518885,3.384270714677023e-18,0.30086963154811164,2.298546742836516e-18,1.6265263103186788e-18
2021-04-14,-0.0036948434444355922,0.0,0.6991303684518885,3.384270714677023e-18,0.30086963154811164,2.298546742836516e-18,1.6265263103186788e-18
2021-04-15,0.012373335312791616,0.0,0.6991303684518885,3.384270714677023e-18,0.30086963154811164,2.298546742836516e-18,1.6265263103186788e-18
2021-04-16,0.0041562936013245086,0.0,0.6991303684518885,3.384270714677023e-18,0.30086963154811164,2.298546742836516e-18,1.6265263103186788e-18
2021-04-19,-0.004266740072401631,0.0,0.6991303684518885,3.384270714677023e-18,0.30086963154811164,2.298546742836516e-18,1.6265263103186788e-18
2021-04-20,-0.004048608355697217,0.0,0.6991303684518885,3.384270714677023e-18,0.30086963154811164,2.298546742836516e-18,1.6265263103186788e-18
2021-04-21,0.009597220372968446,0.0,0.6991303684518885,3.384270714677023e-18,0.30086963154811164,2.298546742836516e-18,1.6265263103186788e-18
2021-04-22,-0.008335855206912973,0.0,0.6991303684518885,3.384270714677023e-18,0.30086963154811164,2.298546742836516e-18,1.6265263103186788e-18
2021-04-23,0.0064274050738020614,0.0,0.6991303684518885,3.384270714677023e-18,0.30086963154811164,2.298546742836516e-18,1.6265263103186788e-18
2021-04-26,0.0022551043669456266,0.0,0.6991303684518885,3.384270714677023e-18,0.30086963154811164,2.298546742836516e-18,1.6265263103186788e-18
2021-04-27,-0.0009079866120557225,0.0,0.6991303684518885,3.384270714677023e-18,0.30086963154811164,2.298546742836516e-18,1.6265263103186788e-18
2021-04-28,0.0006848330235706033,0.0,0.6991303684518885,3.384270714677023e-18,0.30086963154811164,2.298546742836516e-18,1.6265263103186788e-18
2021-04-29,0.003211600827720875,0.0,0.6991303684518885,3.384270714677023e-18,0.30086963154811164,2.298546742836516e-18,1.6265263103186788e-18
2021-04-30,-0.005607243450516042,0.0,0.6991303684518885,3.384270714677023e-18,0.30086963154811164,2.298546742836516e-18,1.6265263103186788e-18
2021-05-03,0.0054128174150643565,0.0,0.6991303684518885,3.384270714677023e-18,0.30086963154811164,2.298546742836516e-18,1.6265263103186788e-18
2021-05-04,7.755720168280914e-05,0.6991303684518885,0.0,0.5247641804352444,0.47523581956475563,2.0153230404439125e-18,2.6168366657851517e-18
2021-05-05,0.002833881565207183,0.0,0.0,0.5247641804352444,0.47523581956475563,2.0153230404439125e-18,2.6168366657851517e-18
2021-05-06,0.008790992803377261,0.0,0.0,0.5247641804352444,0.47523581956475563,2.0153230404439125e-18,2.6168366657851517e-18
2021-05-07,0.0016876098929785536,0.0,0.0,0.5247641804352444,0.47523581956475563,2.0153230404439125e-18,2.6168366657851517e-18
2021-05-10,-0.0038740322321235464,0.0,0.0,0.5247641804352444,0.47523581956475563,2.0153230404439125e-18,2.6168366657851517e-18
2021-05-11,-0.0031510101744577955,0.08083701638115307,0.08083701638115298,0.44392716405409127,0.47523581956475563,3.1978846872159864e-18,3.3123837046596017e-18
2021-05-12,-0.013624464796969955,0.2348241235960678,0.3156611399772209,0.20910304045802355,0.47523581956475563,1.2163084897741112e-18,0.0
2021-05-13,0.009261024476855026,0.3362756361079402,0.6519367760851611,7.945232858197698e-17,0.3480632239148388,0.0,0.0
2021-05-14,0.013183565020593972,0.0,0.6519367760851611,7.945232858197698e-17,0.3480632239148388,0.0,0.0
2021-05-17,0.002392426123785664,0.0,0.6519367760851611,7.945232858197698e-17,0.3480632239148388,0.0,0.0
2021-05-18,-0.004939569632878841,0.0,0.6519367760851611,7.945232858197698e-17,0.3480632239148388,0.0,0.0
2021-05-19,-0.0014705434363738838,0.0,0.6519367760851611,7.945232858197698e-17,0.3480632239148388,0.0,0.0
2021-05-20,0.008603016984687448,0.0,0.6519367760851611,7.945232858197698e-17,0.3480632239148388,0.0,0.0
2021-05-21,-0.0003753735220308001,0.0,0.6519367760851611,7.945232858197698e-17,0.3480632239148388,0.0,0.0
2021-05-24,0.00725897527009124,0.0,0.6519367760851611,7.945232858197698e-17,0.3480632239148388,0.0,0.0
2021-05-25,0.0015827987797267377,0.01138696236633009,0.6633237384514912,0.0,0.33667626154850877,0.0,0.0
2021-05-26,0.000729972647947958,0.0,0.6633237384514912,0.0,0.33667626154850877,0.0,0.0
2021-05-27,-0.003112801801712051,0.8,0.19999999999999996,0.8,1.2505792362826093e-17,0.0,0.0
2021-05-28,-0.0009117546716326252,0.0,0.19999999999999996,0.8,1.2505792362826093e-17,0.0,0.0
2021-06-01,-0.0003557317132923954,0.0,0.19999999999999996,0.8,1.2505792362826093e-17,0.0,0.0
2021-06-02,0.0021670757019172536,0.0,0.19999999999999996,0.8,1.2505792362826093e-17,0.0,0.0
2021-06-03,-0.0037198422798882195,0.6000000000000001,0.8,0.19999999999999996,3.614843249080402e-20,0.0,0.0
2021-06-04,0.010055461582170232,0.0,0.8,0.19999999999999996,3.614843249080402e-20,0.0,0.0
2021-06-07,-0.0013908561124156725,0.0,0.8,0.19999999999999996,3.614843249080402e-20,0.0,0.0
2021-06-08,0.0015760508144060823,0.0,0.8,0.19999999999999996,3.614843249080402e-20,0.0,0.0
2021-06-09,0.0005721601640116252,0.0,0.8,0.19999999999999996,3.614843249080402e-20,0.0,0.0
2021-06-10,0.0049182244819341745,0.0,0.8,0.19999999999999996,3.614843249080402e-20,0.0,0.0
2021-06-11,0.0009995029809603652,0.0,0.8,0.19999999999999996,3.614843249080402e-20,0.0,0.0
2021-06-14,0.0002592921311350921,0.0,0.8,0.19999999999999996,3.614843249080402e-20,0.0,0.0
2021-06-15,-0.001707837440644222,0.0,0.8,0.19999999999999996,3.614843249080402e-20,0.0,0.0
2021-06-16,-0.004637069864500187,0.0,0.8,0.19999999999999996,3.614843249080402e-20,0.0,0.0
2021-06-17,0.0027290994651536496,0.0,0.8,0.19999999999999996,3.614843249080402e-20,0.0,0.0
2021-06-18,-0.007031077566928669,0.0,0.8,0.19999999999999996,3.614843249080402e-20,0.0,0.0
2021-06-21,0.008104053225702469,0.0,0.8,0.19999999999999996,3.614843249080402e-20,0.0,0.0
2021-06-22,0.0047655306097771355,0.0,0.8,0.19999999999999996,3.614843249080402e-20,0.0,0.0
2021-06-23,-0.001479615559051539,0.0,0.8,0.19999999999999996,3.614843249080402e-20,0.0,0.0
2021-06-24,0.005053941390876515,0.0,0.8,0.19999999999999996,3.614843249080402e-20,0.0,0.0
2021-06-25,0.0007647926684922319,0.0,0.8,0.19999999999999996,3.614843249080402e-20,0.0,0.0
2021-06-28,0.003669125077244972,0.0,0.8,0.19999999999999996,3.614843249080402e-20,0.0,0.0
2021-06-29,0.0007650302938723374,0.0,0.8,0.19999999999999996,3.614843249080402e-20,0.0,0.0
2021-06-30,0.0015638619676592302,0.0,0.8,0.19999999999999996,3.614843249080402e-20,0.0,0.0
2021-07-01,0.004440623490517303,0.0,0.8,0.19999999999999996,3.614843249080402e-20,0.0,0.0
2021-07-02,0.0073215360261737585,0.0,0.8,0.19999999999999996,3.614843249080402e-20,0.0,0.0
2021-07-06,0.0008868952718575679,0.0,0.8,0.19999999999999996,3.614843249080402e-20,0.0,0.0
2021-07-07,0.004599217017371781,0.0,0.8,0.19999999999999996,3.614843249080402e-20,0.0,0.0
2021-07-08,-0.005734984198329674,0.0,0.8,0.19999999999999996,3.614843249080402e-20,0.0,0.0
2021-07-09,0.005727344773525457,0.0,0.8,0.19999999999999996,3.614843249080402e-20,0.0,0.0
2021-07-12,0.0026063709833696884,0.0,0.8,0.19999999999999996,3.614843249080402e-20,0.0,0.0
2021-07-13,-0.00425790508386652,0.0,0.8,0.19999999999999996,3.614843249080402e-20,0.0,0.0
2021-07-14,0.0034661616110241763,0.0,0.8,0.19999999999999996,3.614843249080402e-20,0.0,0.0
2021-07-15,-0.0005261045831616248,0.0,0.8,0.19999999999999996,3.614843249080402e-20,0.0,0.0
2021-07-16,-0.006652376065516852,0.0,0.8,0.19999999999999996,3.614843249080402e-20,0.0,0.0
2021-07-19,-0.007428618079756834,0.0,0.8,0.19999999999999996,3.614843249080402e-20,0.0,0.0
2021-07-20,0.00953632439158374,0.0,0.8,0.19999999999999996,3.614843249080402e-20,0.0,0.0
2021-07-21,0.003943840916569653,0.0,0.8,0.19999999999999996,3.614843249080402e-20,0.0,0.0
2021-07-22,0.0035658804263313908,0.0,0.8,0.19999999999999996,3.614843249080402e-20,0.0,0.0
2021-07-23,0.006892605094141358,0.0,0.8,0.19999999999999996,3.614843249080402e-20,0.0,0.0
2021-07-26,0.001371275278865536,0.0,0.8,0.19999999999999996,3.614843249080402e-20,0.0,0.0
2021-07-27,-0.0015118503906218278,0.0,0.8,0.19999999999999996,3.614843249080402e-20,0.0,0.0
2021-07-28,-0.00031452278984156484,0.0,0.8,0.19999999999999996,3.614843249080402e-20,0.0,0.0
2021-07-29,0.002208507937678617,0.0,0.8,0.19999999999999996,3.614843249080402e-20,0.0,0.0
2021-07-30,-0.0029443366584735123,0.0,0.8,0.19999999999999996,3.614843249080402e-20,0.0,0.0
2021-08-02,0.00010541749096648558,0.0,0.8,0.19999999999999996,3.614843249080402e-20,0.0,0.0
2021-08-03,0.00661463790627459,0.0,0.8,0.19999999999999996,3.614843249080402e-20,0.0,0.0
2021-08-04,-0.003523909183289753,0.0,0.8,0.19999999999999996,3.614843249080402e-20,0.0,0.0
2021-08-05,0.004046975217717553,0.0,0.8,0.19999999999999996,3.614843249080402e-20,0.0,0.0
2021-08-06,-0.0020182495549315492,0.0,0.8,0.19999999999999996,3.614843249080402e-20,0.0,0.0
2021-08-09,-0.001368208009678806,0.0,0.8,0.19999999999999996,3.614843249080402e-20,0.0,0.0
2021-08-10,7.140242724266185e-05,0.0,0.8,0.19999999999999996,3.614843249080402e-20,0.0,0.0
2021-08-11,0.0018651044969078656,0.0,0.8,0.19999999999999996,3.614843249080402e-20,0.0,0.0
2021-08-12,0.0020700249206218493,0.0,0.8,0.19999999999999996,3.614843249080402e-20,0.0,0.0
2021-08-13,0.004615143765603324,0.0,0.8,0.19999999999999996,3.614843249080402e-20,0.0,0.0
2021-08-16,0.0023683720990597566,0.0,0.8,0.19999999999999996,3.614843249080402e-20,0.0,0.0
2021-08-17,-0.005324838986507108,0.0,0.8,0.19999999999999996,3.614843249080402e-20,0.0,0.0
2021-08-18,-0.008084166725485842,0.0,0.8,0.19999999999999996,3.614843249080402e-20,0.0,0.0
2021-08-19,0.0027115736572920213,0.0,0.8,0.19999999999999996,3.614843249080402e-20,0.0,0.0
2021-08-20,0.006498622388615339,0.0,0.8,0.19999999999999996,3.614843249080402e-20,0.0,0.0
2021-08-23,0.006904544129915724,0.0,0.8,0.19999999999999996,3.614843249080402e-20,0.0,0.0
2021-08-24,-0.0002855117997016428,0.0,0.8,0.19999999999999996,3.614843249080402e-20,0.0,0.0
2021-08-25,1.7490294549782782e-05,0.0,0.8,0.19999999999999996,3.614843249080402e-20,0.0,0.0
2021-08-26,-0.004168677246259378,0.0,0.8,0.19999999999999996,3.614843249080402e-20,0.0,0.0
2021-08-27,0.008513407317762667,0.0,0.8,0.19999999999999996,3.614843249080402e-20,0.0,0.0
2021-08-30,0.004039865305555912,0.0,0.8,0.19999999999999996,3.614843249080402e-20,0.0,0.0
2021-08-31,-0.002546510953308178,0.0,0.8,0.19999999999999996,3.614843249080402e-20,0.0,0.0
2021-09-01,0.000760238609386743,0.0,0.8,0.19999999999999996,3.614843249080402e-20,0.0,0.0
2021-09-02,0.0033344987932883543,0.0,0.8,0.19999999999999996,3.614843249080402e-20,0.0,0.0
2021-09-03,-0.0020131821549798754,0.0,0.8,0.19999999999999996,3.614843249080402e-20,0.0,0.0
2021-09-07,-0.004547641646804567,0.0,0.8,0.19999999999999996,3.614843249080402e-20,0.0,0.0
2021-09-08,0.00038658301748761793,0.0,0.8,0.19999999999999996,3.614843249080402e-20,0.0,0.0
2021-09-09,-0.0010041728107204055,0.0,0.8,0.19999999999999996,3.614843249080402e-20,0.0,0.0
2021-09-10,-0.008070748059449805,0.0,0.8,0.19999999999999996,3.614843249080402e-20,0.0,0.0
2021-09-13,0.003260434152340696,0.0,0.8,0.19999999999999996,3.614843249080402e-20,0.0,0.0
2021-09-14,-0.0018925181667633689,0.0,0.8,0.19999999999999996,3.614843249080402e-20,0.0,0.0
2021-09-15,0.005980363225778817,0.0,0.8,0.19999999999999996,3.614843249080402e-20,0.0,0.0
2021-09-16,-0.002184603423922393,0.0,0.8,0.19999999999999996,3.614843249080402e-20,0.0,0.0
2021-09-17,-0.00875350159011139,0.0,0.8,0.19999999999999996,3.614843249080402e-20,0.0,0.0
2021-09-20,-0.010858902230686064,0.0,0.8,0.19999999999999996,3.614843249080402e-20,0.0,0.0
2021-09-21,-0.0009280028564436105,0.0,0.8,0.19999999999999996,3.614843249080402e-20,0.0,0.0
2021-09-22,0.00899679064220522,0.0,0.8,0.19999999999999996,3.614843249080402e-20,0.0,0.0
2021-09-23,0.005200680278587579,0.0,0.8,0.19999999999999996,3.614843249080402e-20,0.0,0.0
2021-09-24,-0.0006368155367551191,0.0,0.8,0.19999999999999996,3.614843249080402e-20,0.0,0.0
2021-09-27,-0.003024089089188986,0.0,0.8,0.19999999999999996,3.614843249080402e-20,0.0,0.0
2021-09-28,-0.019236826554305517,0.0,0.8,0.19999999999999996,3.614843249080402e-20,0.0,0.0
2021-09-29,0.0016936795334446142,0.0,0.8,0.19999999999999996,3.614843249080402e-20,0.0,0.0
2021-09-30,-0.009805628483833841,0.0,0.8,0.19999999999999996,3.614843249080402e-20,0.0,0.0
2021-10-01,0.011190288580829311,0.0,0.8,0.19999999999999996,3.614843249080402e-20,0.0,0.0
2021-10-04,-0.01082586370659988,0.0,0.8,0.19999999999999996,3.614843249080402e-20,0.0,0.0
2021-10-05,0.006392761557643345,0.0,0.8,0.19999999999999996,3.614843249080402e-20,0.0,0.0
2021-10-06,0.004452968771526189,0.0,0.8,0.19999999999999996,3.614843249080402e-20,0.0,0.0
2021-10-07,0.004824925526102921,0.0,0.8,0.19999999999999996,3.614843249080402e-20,0.0,0.0
2021-10-08,-0.002858665680357375,0.0,0.8,0.19999999999999996,3.614843249080402e-20,0.0,0.0
2021-10-11,-0.006299182464174869,0.0,0.8,0.19999999999999996,3.614843249080402e-20,0.0,0.0
2021-10-12,0.001450625975920738,0.0,0.8,0.19999999999999996,3.614843249080402e-20,0.0,0.0
2021-10-13,0.004823474622531521,0.0,0.8,0.19999999999999996,3.614843249080402e-20,0.0,0.0
2021-10-14,0.01419972093482862,0.0,0.8,0.19999999999999996,3.614843249080402e-20,0.0,0.0
2021-10-15,0.0049271624661092256,0.0,0.8,0.19999999999999996,3.614843249080402e-20,0.0,0.0
2021-10-18,0.003306133805537259,0.0,0.8,0.19999999999999996,3.614843249080402e-20,0.0,0.0
2021-10-19,0.0034129344808368827,0.0,0.8,0.19999999999999996,3.614843249080402e-20,0.0,0.0
2021-10-20,0.0017922824756248627,0.0,0.8,0.19999999999999996,3.614843249080402e-20,0.0,0.0
2021-10-21,0.0018482903854296188,0.0,0.8,0.19999999999999996,3.614843249080402e-20,0.0,0.0
2021-10-22,0.0013736359743829136,0.0,0.8,0.19999999999999996,3.614843249080402e-20,0.0,0.0
2021-10-25,0.003985015728911945,0.0,0.8,0.19999999999999996,3.614843249080402e-20,0.0,0.0
2021-10-26,0.00237390378549982,0.0,0.8,0.19999999999999996,3.614843249080402e-20,0.0,0.0
2021-10-27,9.456371293499119e-05,0.0,0.8,0.19999999999999996,3.614843249080402e-20,0.0,0.0
2021-10-28,0.007042209338501038,0.0,0.8,0.19999999999999996,3.614843249080402e-20,0.0,0.0
2021-10-29,0.002234651316036107,0.0,0.8,0.19999999999999996,3.614843249080402e-20,0.0,0.0
2021-11-01,-6.378950257186463e-05,0.0,0.8,0.19999999999999996,3.614843249080402e-20,0.0,0.0
2021-11-02,0.004122092589284953,0.0,0.8,0.19999999999999996,3.614843249080402e-20,0.0,0.0
2021-11-03,0.0028174929821198854,0.0,0.8,0.19999999999999996,3.614843249080402e-20,0.0,0.0
2021-11-04,0.005871962193121227,0.0,0.8,0.19999999999999996,3.614843249080402e-20,0.0,0.0
2021-11-05,0.0057669717237034835,0.0,0.8,0.19999999999999996,3.614843249080402e-20,0.0,0.0
2021-11-08,0.0003079032692526297,0.0,0.8,0.19999999999999996,3.614843249080402e-20,0.0,0.0
2021-11-09,-4.0692307189128026e-05,0.0,0.8,0.19999999999999996,3.614843249080402e-20,0.0,0.0
2021-11-10,-0.010092446345393968,0.0,0.8,0.19999999999999996,3.614843249080402e-20,0.0,0.0
2021-11-11,-3.8209228048136025e-05,0.0,0.8,0.19999999999999996,3.614843249080402e-20,0.0,0.0
2021-11-12,0.0051591112707941155,0.0,0.8,0.19999999999999996,3.614843249080402e-20,0.0,0.0
2021-11-15,-0.0022373748558484727,0.0,0.8,0.19999999999999996,3.614843249080402e-20,0.0,0.0
2021-11-16,0.0026575263439572398,0.0,0.8,0.19999999999999996,3.614843249080402e-20,0.0,0.0
2021-11-17,-0.0003583883162654904,0.0,0.8,0.19999999999999996,3.614843249080402e-20,0.0,0.0
2021-11-18,0.0034693095346922664,0.0,0.8,0.19999999999999996,3.614843249080402e-20,0.0,0.0
2021-11-19,0.0006810148225436569,0.0,0.8,0.19999999999999996,3.614843249080402e-20,0.0,0.0
2021-11-22,-0.0045977814571080515,0.0,0.8,0.19999999999999996,3.614843249080402e-20,0.0,0.0
2021-11-23,-0.0018311310682290521,0.0,0.8,0.19999999999999996,3.614843249080402e-20,0.0,0.0
2021-11-24,0.005346938325532902,0.0,0.8,0.19999999999999996,3.614843249080402e-20,0.0,0.0
2021-11-26,-0.012788766204333205,0.0,0.8,0.19999999999999996,3.614843249080402e-20,0.0,0.0
2021-11-29,0.006185871412220124,0.14802561274345488,0.6519743872565452,0.19999999999999996,0.14802561274345494,2.7382216147517445e-18,2.604318867476521e-18
2021-11-30,-0.015770991482591937,0.14802561274345488,0.8,0.05197438725654503,0.14802561274345494,1.1571991845525986e-18,1.0511223587563756e-18
2021-12-01,-0.007974691044750393,0.0,0.8,0.05197438725654503,0.14802561274345494,1.1571991845525986e-18,1.0511223587563756e-18
2021-12-02,0.011498257032031868,0.0,0.8,0.05197438725654503,0.14802561274345494,1.1571991845525986e-18,1.0511223587563756e-18
2021-12-03,-0.005095759801136033,0.0,0.8,0.05197438725654503,0.14802561274345494,1.1571991845525986e-18,1.0511223587563756e-18
2021-12-06,0.008396501641538491,0.0,0.8,0.05197438725654503,0.14802561274345494,1.1571991845525986e-18,1.0511223587563756e-18
2021-12-07,0.016653392861308573,0.0,0.8,0.05197438725654503,0.14802561274345494,1.1571991845525986e-18,1.0511223587563756e-18
2021-12-08,0.0012997887814943966,0.0,0.8,0.05197438725654503,0.14802561274345494,1.1571991845525986e-18,1.0511223587563756e-18
2021-12-09,-0.006015047185763952,0.0,0.8,0.05197438725654503,0.14802561274345494,1.1571991845525986e-18,1.0511223587563756e-18
2021-12-10,0.0080298682824027,0.0,0.8,0.05197438725654503,0.14802561274345494,1.1571991845525986e-18,1.0511223587563756e-18
2021-12-13,-0.005945171737403545,0.0,0.8,0.05197438725654503,0.14802561274345494,1.1571991845525986e-18,1.0511223587563756e-18
2021-12-14,-0.007010707980466425,0.0,0.8,0.05197438725654503,0.14802561274345494,1.1571991845525986e-18,1.0511223587563756e-18
2021-12-15,0.012635197751289034,0.0,0.8,0.05197438725654503,0.14802561274345494,1.1571991845525986e-18,1.0511223587563756e-18
2021-12-16,-0.005243910337764076,0.0,0.8,0.05197438725654503,0.14802561274345494,1.1571991845525986e-18,1.0511223587563756e-18
2021-12-17,-0.008242293743991729,0.0,0.8,0.05197438725654503,0.14802561274345494,1.1571991845525986e-18,1.0511223587563756e-18
2021-12-20,-0.009522389649029094,0.0,0.8,0.05197438725654503,0.14802561274345494,1.1571991845525986e-18,1.0511223587563756e-18
2021-12-21,0.013947347133905956,0.0,0.8,0.05197438725654503,0.14802561274345494,1.1571991845525986e-18,1.0511223587563756e-18
2021-12-22,0.009630877267862716,0.0,0.8,0.05197438725654503,0.14802561274345494,1.1571991845525986e-18,1.0511223587563756e-18
2021-12-23,0.004860281291307174,0.0,0.8,0.05197438725654503,0.14802561274345494,1.1571991845525986e-18,1.0511223587563756e-18
2021-12-27,0.011798063094935895,0.0,0.8,0.05197438725654503,0.14802561274345494,1.1571991845525986e-18,1.0511223587563756e-18
2021-12-28,-0.001497677399291147,0.0,0.8,0.05197438725654503,0.14802561274345494,1.1571991845525986e-18,1.0511223587563756e-18
2021-12-29,0.00041171126638053844,0.0,0.8,0.05197438725654503,0.14802561274345494,1.1571991845525986e-18,1.0511223587563756e-18
2021-12-30,-0.0007134547443876783,0.0,0.8,0.05197438725654503,0.14802561274345494,1.1571991845525986e-18,1.0511223587563756e-18
2021-12-31,-0.000902882524709837,0.0,0.8,0.05197438725654503,0.14802561274345494,1.1571991845525986e-18,1.0511223587563756e-18
2022-01-03,0.0009905626870773852,0.0,0.8,0.05197438725654503,0.14802561274345494,1.1571991845525986e-18,1.0511223587563756e-18
2022-01-04,0.0006063017957983025,0.0,0.8,0.05197438725654503,0.14802561274345494,1.1571991845525986e-18,1.0511223587563756e-18
2022-01-05,-0.01608907057447684,0.0,0.8,0.05197438725654503,0.14802561274345494,1.1571991845525986e-18,1.0511223587563756e-18
2022-01-06,-0.002429513599464964,0.0,0.8,0.05197438725654503,0.14802561274345494,1.1571991845525986e-18,1.0511223587563756e-18
2022-01-07,-0.002862565356920137,0.0,0.8,0.05197438725654503,0.14802561274345494,1.1571991845525986e-18,1.0511223587563756e-18
2022-01-10,-0.0004176348308528502,0.0,0.8,0.05197438725654503,0.14802561274345494,1.1571991845525986e-18,1.0511223587563756e-18
2022-01-11,0.009418610337882913,0.0,0.8,0.05197438725654503,0.14802561274345494,1.1571991845525986e-18,1.0511223587563756e-18
2022-01-12,0.0023549825134898433,0.0,0.8,0.05197438725654503,0.14802561274345494,1.1571991845525986e-18,1.0511223587563756e-18
2022-01-13,-0.011064216019394255,0.0,0.8,0.05197438725654503,0.14802561274345494,1.1571991845525986e-18,1.0511223587563756e-18
2022-01-14,-0.0008843810408371892,0.0,0.8,0.05197438725654503,0.14802561274345494,1.1571991845525986e-18,1.0511223587563756e-18
2022-01-18,-0.015143415565260282,0.0,0.8,0.05197438725654503,0.14802561274345494,1.1571991845525986e-18,1.0511223587563756e-18
2022-01-19,-0.0055962989487556595,0.0,0.8,0.05197438725654503,0.14802561274345494,1.1571991845525986e-18,1.0511223587563756e-18
2022-01-20,-0.008903788933022214,0.0,0.8,0.05197438725654503,0.14802561274345494,1.1571991845525986e-18,1.0511223587563756e-18
2022-01-21,-0.015568755709927001,0.0,0.8,0.05197438725654503,0.14802561274345494,1.1571991845525986e-18,1.0511223587563756e-18
2022-01-24,0.003783757603404728,0.0,0.8,0.05197438725654503,0.14802561274345494,1.1571991845525986e-18,1.0511223587563756e-18
2022-01-25,-0.009377746480432502,0.0,0.8,0.05197438725654503,0.14802561274345494,1.1571991845525986e-18,1.0511223587563756e-18
2022-01-26,-0.005028631327213887,0.0,0.8,0.05197438725654503,0.14802561274345494,1.1571991845525986e-18,1.0511223587563756e-18
2022-01-27,-0.004905184027843172,0.0,0.8,0.05197438725654503,0.14802561274345494,1.1571991845525986e-18,1.0511223587563756e-18
2022-01-28,0.015236143218013476,0.15128834740517433,0.6487116525948258,0.051974387256545004,0.29931396014862927,0.0,1.712167748762878e-19
2022-01-31,0.01309349928788009,0.007863649080072505,0.6408480035147532,0.051974387256545004,0.30717760922870174,0.0,0.0
2022-02-01,0.004413480510068846,0.0,0.6408480035147532,0.051974387256545004,0.30717760922870174,0.0,0.0
2022-02-02,0.007549965896550274,0.005491807098800122,0.6463398106135534,0.04648258015774491,0.30717760922870174,0.0,5.425959148378244e-20
2022-02-03,-0.01749505992238457,0.08151469484730914,0.7278545054608625,2.7217210952068837e-19,0.2721454945391375,0.0,0.0
2022-02-04,0.003842241388626794,0.0,0.7278545054608625,2.7217210952068837e-19,0.2721454945391375,0.0,0.0
2022-02-07,-0.00032140000040851334,0.0,0.7278545054608625,2.7217210952068837e-19,0.2721454945391375,0.0,0.0
2022-02-08,0.006820512633313336,0.0,0.7278545054608625,2.7217210952068837e-19,0.2721454945391375,0.0,0.0
2022-02-09,0.011577998479647102,0.0,0.7278545054608625,2.7217210952068837e-19,0.2721454945391375,0.0,0.0
2022-02-10,-0.014109563105873843,0.0,0.7278545054608625,2.7217210952068837e-19,0.2721454945391375,0.0,0.0
2022-02-11,-0.009166573847466386,0.0,0.7278545054608625,2.7217210952068837e-19,0.2721454945391375,0.0,0.0
2022-02-14,-0.0009234535927261864,0.0,0.7278545054608625,2.7217210952068837e-19,0.2721454945391375,0.0,0.0
2022-02-15,0.00915269225831673,0.0,0.7278545054608625,2.7217210952068837e-19,0.2721454945391375,0.0,0.0
2022-02-16,0.003614672932170329,0.0,0.7278545054608625,2.7217210952068837e-19,0.2721454945391375,0.0,0.0
2022-02-17,-0.011828440004750519,0.0,0.7278545054608625,2.7217210952068837e-19,0.2721454945391375,0.0,0.0
2022-02-18,-0.004912388740204198,0.0,0.7278545054608625,2.7217210952068837e-19,0.2721454945391375,0.0,0.0
2022-02-22,-0.007242637137694381,0.0,0.7278545054608625,2.7217210952068837e-19,0.2721454945391375,0.0,0.0
2022-02-23,-0.011684430077237781,0.0,0.7278545054608625,2.7217210952068837e-19,0.2721454945391375,0.0,0.0
2022-02-24,0.00919798482419982,0.0,0.7278545054608625,2.7217210952068837e-19,0.2721454945391375,0.0,0.0
2022-02-25,0.015153156878205468,0.0,0.7278545054608625,2.7217210952068837e-19,0.2721454945391375,0.0,0.0
2022-02-28,0.000958657491513478,0.0,0.7278545054608625,2.7217210952068837e-19,0.2721454945391375,0.0,0.0
2022-03-01,-0.0061424390758628815,0.0,0.7278545054608625,2.7217210952068837e-19,0.2721454945391375,0.0,0.0
2022-03-02,0.010557705586849755,0.0,0.7278545054608625,2.7217210952068837e-19,0.2721454945391375,0.0,0.0
2022-03-03,-0.0009064517498864847,0.09436829291001689,0.6334862125508456,0.015415792513045385,0.351097994936109,0.0,0.0
2022-03-04,0.0007120158744712235,0.0,0.6334862125508456,0.015415792513045385,0.351097994936109,0.0,0.0
2022-03-07,-0.01344140253859386,0.005002527032022334,0.6284836855188233,0.01938038174058411,0.3521359327405926,0.0,0.0
2022-03-08,0.004674275681015585,0.0,0.6284836855188233,0.01938038174058411,0.3521359327405926,0.0,0.0
2022-03-09,0.006197766725656107,0.0,0.6284836855188233,0.01938038174058411,0.3521359327405926,0.0,0.0
2022-03-10,-0.0020172930051917263,0.0,0.6284836855188233,0.01938038174058411,0.3521359327405926,0.0,0.0
2022-03-11,-0.010401092752908656,0.0,0.6284836855188233,0.01938038174058411,0.3521359327405926,0.0,0.0
2022-03-14,-0.010406884449313774,0.0034157281605853578,0.625067957358238,0.02260591465293578,0.35232612798882634,4.8613900873066e-19,0.0
2022-03-15,0.0071155535695839375,0.0,0.625067957358238,0.02260591465293578,0.35232612798882634,4.8613900873066e-19,0.0
2022-03-16,0.016288009522672706,0.0,0.625067957358238,0.02260591465293578,0.35232612798882634,4.8613900873066e-19,0.0
2022-03-17,0.00937408890544834,0.0,0.625067957358238,0.02260591465293578,0.35232612798882634,4.8613900873066e-19,0.0
2022-03-18,0.004025282519875952,0.0,0.625067957358238,0.02260591465293578,0.35232612798882634,4.8613900873066e-19,0.0
2022-03-21,0.0019858660362519205,0.0,0.625067957358238,0.02260591465293578,0.35232612798882634,4.8613900873066e-19,0.0
2022-03-22,0.0044135732815053395,0.002300463167081586,0.6227674941911564,0.024906377820017405,0.35232612798882634,0.0,0.0
2022-03-23,-0.00266171709307265,0.0,0.6227674941911564,0.024906377820017405,0.35232612798882634,0.0,0.0
2022-03-24,0.011750592165841154,0.0,0.6227674941911564,0.024906377820017405,0.35232612798882634,0.0,0.0
2022-03-25,0.0012529811554141549,0.0,0.6227674941911564,0.024906377820017405,0.35232612798882634,0.0,0.0
2022-03-28,-0.0017710044586699853,0.0,0.6227674941911564,0.024906377820017405,0.35232612798882634,0.0,0.0
2022-03-29,0.008034737788872157,0.0031332344303370094,0.6196342597608193,0.02803961225035434,0.35232612798882634,3.1499434604066966e-19,0.0
2022-03-30,-0.0007753333524958218,0.0,0.6196342597608193,0.02803961225035434,0.35232612798882634,3.1499434604066966e-19,0.0
2022-03-31,-0.009332269335461479,0.0,0.6196342597608193,0.02803961225035434,0.35232612798882634,3.1499434604066966e-19,0.0
2022-04-01,-0.0004073480669255805,0.028039921941332424,0.6476741817021517,0.0,0.35232581829784826,8.586604625906154e-19,4.577759014550648e-19
2022-04-04,0.007456279015169846,0.05381475435038316,0.7014889360525349,0.0,0.2985110639474651,0.0,0.0
2022-04-05,-0.01073090104891764,0.0,0.7014889360525349,0.0,0.2985110639474651,0.0,0.0
2022-04-06,-0.006122175458300124,0.03534898706419276,0.6661399489883422,0.023318085270539808,0.3105419657411181,8.261273437940954e-19,1.4500550385924522e-18
2022-04-07,0.00435652453693236,0.0,0.6661399489883422,0.023318085270539808,0.3105419657411181,8.261273437940954e-19,1.4500550385924522e-18
2022-04-08,0.00010222370708183189,0.02331826216084743,0.6894582111491896,0.0,0.31054178885081046,0.0,0.0
2022-04-11,-0.010450009376676995,0.009327701994332804,0.6987859131435223,2.3165739402907806e-19,0.3012140868564776,5.493953239438028e-19,2.632871041905743e-19
2022-04-12,-0.0002767849452316957,0.0,0.6987859131435223,2.3165739402907806e-19,0.3012140868564776,5.493953239438028e-19,2.632871041905743e-19
2022-04-13,0.009446039779503531,0.0,0.6987859131435223,2.3165739402907806e-19,0.3012140868564776,5.493953239438028e-19,2.632871041905743e-19
2022-04-14,-0.009696222368769136,0.0,0.6987859131435223,2.3165739402907806e-19,0.3012140868564776,5.493953239438028e-19,2.632871041905743e-19
2022-04-18,0.0011089015139637824,0.024381358986193202,0.6744045541573291,0.021919747351626332,0.3036756984910445,0.0,0.0
2022-04-19,0.004407783729095355,0.05994823416918741,0.6144563199881418,0.04140694246266703,0.3441367375491912,0.0,3.8369615184694975e-20
2022-04-20,0.002092406316915836,0.0022090884263906707,0.6122472315617511,0.04256862951187736,0.34518413892637156,0.0,0.0
2022-04-21,-0.010698221785773634,0.0,0.6122472315617511,0.04256862951187736,0.34518413892637156,0.0,0.0
2022-04-22,-0.02042332100227502,0.0,0.6122472315617511,0.04256862951187736,0.34518413892637156,0.0,0.0
2022-04-25,-0.0022281367392400927,0.0,0.6122472315617511,0.04256862951187736,0.34518413892637156,0.0,0.0
2022-04-26,-0.016683303841899092,0.002478741687358208,0.6097684898743929,0.04460398824007008,0.3456275218855371,7.002817295679901e-20,0.0
2022-04-27,-0.0014693905072648058,0.0,0.6097684898743929,0.04460398824007008,0.3456275218855371,7.002817295679901e-20,0.0
2022-04-28,0.01733476417380795,0.0,0.6097684898743929,0.04460398824007008,0.3456275218855371,7.002817295679901e-20,0.0
2022-04-29,-0.02315220110862595,0.0,0.6097684898743929,0.04460398824007008,0.3456275218855371,7.002817295679901e-20,0.0
2022-05-02,-0.003510671807127155,0.0,0.6097684898743929,0.04460398824007008,0.3456275218855371,7.002817295679901e-20,0.0
2022-05-03,0.0040160825067857555,0.002548660261872379,0.6072198296125205,0.04694731083816333,0.3458328595493162,0.0,0.0
2022-05-04,0.022147448727082682,0.0,0.6072198296125205,0.04694731083816333,0.3458328595493162,0.0,0.0
2022-05-05,-0.024186682691088646,0.0,0.6072198296125205,0.04694731083816333,0.3458328595493162,0.0,0.0
2022-05-06,-0.0037435569438237955,0.0,0.6072198296125205,0.04694731083816333,0.3458328595493162,0.0,0.0
2022-05-09,-0.024035998896325114,0.0,0.6072198296125205,0.04694731083816333,0.3458328595493162,0.0,0.0
2022-05-10,-0.0010840218428682276,0.0027247834409300925,0.6044950461715904,0.049069343098369876,0.34643561073003976,0.0,4.193604255480374e-19
2022-05-11,-0.0058279361214959215,0.0,0.6044950461715904,0.049069343098369876,0.34643561073003976,0.0,4.193604255480374e-19
2022-05-12,-0.006034846757772096,0.0,0.6044950461715904,0.049069343098369876,0.34643561073003976,0.0,4.193604255480374e-19
2022-05-13,0.01091737667286732,0.0,0.6044950461715904,0.049069343098369876,0.34643561073003976,0.0,4.193604255480374e-19
2022-05-16,0.0008010502396067307,0.0,0.6044950461715904,0.049069343098369876,0.34643561073003976,0.0,4.193604255480374e-19
2022-05-17,0.009580078297425392,0.0027564974101409252,0.6017385487614495,0.05117637519285365,0.3470850760456969,9.795373796592218e-19,0.0
2022-05-18,-0.02298163267440462,0.0,0.6017385487614495,0.05117637519285365,0.3470850760456969,9.795373796592218e-19,0.0
2022-05-19,0.0015383800077059574,0.0,0.6017385487614495,0.05117637519285365,0.3470850760456969,9.795373796592218e-19,0.0
2022-05-20,0.0010858622505687293,0.0,0.6017385487614495,0.05117637519285365,0.3470850760456969,9.795373796592218e-19,0.0
2022-05-23,0.01203049872273845,0.0,0.6017385487614495,0.05117637519285365,0.3470850760456969,9.795373796592218e-19,0.0
2022-05-24,-0.0009037286819143335,0.00288154793200357,0.5988570008294459,0.053276536339231,0.3478664628313231,3.169536951957746e-19,4.1169306744289266e-19
2022-05-25,0.0034040006329110906,0.0,0.5988570008294459,0.053276536339231,0.3478664628313231,3.169536951957746e-19,4.1169306744289266e-19
2022-05-26,0.011081760001214015,0.0,0.5988570008294459,0.053276536339231,0.3478664628313231,3.169536951957746e-19,4.1169306744289266e-19
2022-05-27,0.01501261743689371,0.0,0.5988570008294459,0.053276536339231,0.3478664628313231,3.169536951957746e-19,4.1169306744289266e-19
2022-05-31,-0.00792896481330731,0.0,0.5988570008294459,0.053276536339231,0.3478664628313231,3.169536951957746e-19,4.1169306744289266e-19
2022-06-01,-0.0026892719469679607,0.0,0.5988570008294459,0.053276536339231,0.3478664628313231,3.169536951957746e-19,4.1169306744289266e-19
2022-06-02,0.01571379987527385,0.0,0.5988570008294459,0.053276536339231,0.3478664628313231,3.169536951957746e-19,4.1169306744289266e-19
2022-06-03,-0.013422048365581904,0.004178578042887994,0.5946784227865579,0.05653369901064469,0.3487878782027974,3.6040771207545733e-19,0.0
2022-06-06,-0.0007680324337140293,0.0,0.5946784227865579,0.05653369901064469,0.3487878782027974,3.6040771207545733e-19,0.0
2022-06-07,0.008588512351027472,0.0,0.5946784227865579,0.05653369901064469,0.3487878782027974,3.6040771207545733e-19,0.0
2022-06-08,-0.007289152065488563,0.0,0.5946784227865579,0.05653369901064469,0.3487878782027974,3.6040771207545733e-19,0.0
2022-06-09,-0.015065203253789893,0.0,0.5946784227865579,0.05653369901064469,0.3487878782027974,3.6040771207545733e-19,0.0
2022-06-10,-0.012915606126465896,0.0,0.5946784227865579,0.05653369901064469,0.3487878782027974,3.6040771207545733e-19,0.0
2022-06-13,-0.033538680374464565,0.003297299796673245,0.5913811229898847,0.05889146031350242,0.3497274166966129,2.981890289731375e-19,0.0
2022-06-14,-0.0053238379775898655,0.0,0.5913811229898847,0.05889146031350242,0.3497274166966129,2.981890289731375e-19,0.0
2022-06-15,0.014100404959741386,0.0028972062883210405,0.5884839167015636,0.06068734650937491,0.35082873678906146,0.0,6.191581854291077e-19
2022-06-16,-0.015050150242125119,0.0,0.5884839167015636,0.06068734650937491,0.35082873678906146,0.0,6.191581854291077e-19
2022-06-17,-0.0014206051593234723,0.0,0.5884839167015636,0.06068734650937491,0.35082873678906146,0.0,6.191581854291077e-19
2022-06-21,0.012474569029184559,0.0,0.5884839167015636,0.06068734650937491,0.35082873678906146,0.0,6.191581854291077e-19
2022-06-22,0.0020000625619050706,0.0,0.5884839167015636,0.06068734650937491,0.35082873678906146,0.0,6.191581854291077e-19
2022-06-23,0.004094261978077748,0.0031150493026723576,0.5853688673988913,0.06256992183847514,0.3520612107626336,0.0,4.834573628470781e-19
2022-06-24,0.01739341459133167,0.0,0.5853688673988913,0.06256992183847514,0.3520612107626336,0.0,4.834573628470781e-19
2022-06-27,-0.003162899961604122,0.0,0.5853688673988913,0.06256992183847514,0.3520612107626336,0.0,4.834573628470781e-19
2022-06-28,-0.012249371469428757,0.0,0.5853688673988913,0.06256992183847514,0.3520612107626336,0.0,4.834573628470781e-19
2022-06-29,0.00023019020894286856,0.0,0.5853688673988913,0.06256992183847514,0.3520612107626336,0.0,4.834573628470781e-19
2022-06-30,-0.00631238010351534,0.002910484479482403,0.5824583829194089,0.06441305968958318,0.35312855739100796,0.0,3.882901504949118e-19
2022-07-01,0.006528213094310399,0.0,0.5824583829194089,0.06441305968958318,0.35312855739100796,0.0,3.882901504949118e-19
2022-07-05,-0.0058910078192529825,0.0028987032043844146,0.5795596797150244,0.06646165437602995,0.35397866590894556,0.0,2.054131363584625e-19
2022-07-06,-0.004766340050250567,9.020562075079397e-17,0.5795596797150245,0.06646165437602997,0.3539786659089456,0.0,2.0541313635846252e-19
2022-07-07,0.00829170690904522,9.020562075079397e-17,0.5795596797150244,0.06646165437602995,0.35397866590894556,0.0,2.0541313635846247e-19
2022-07-08,-0.0010810333049810611,0.0025009762837811117,0.5770587034312433,0.06855012185539024,0.3543911747133664,0.0,0.0
2022-07-11,-0.007309676097763135,0.0,0.5770587034312433,0.06855012185539024,0.3543911747133664,0.0,0.0
2022-07-12,-0.006016242162647295,0.0,0.5770587034312433,0.06855012185539024,0.3543911747133664,0.0,0.0
2022-07-13,-0.0005479144654547671,0.0,0.5770587034312433,0.06855012185539024,0.3543911747133664,0.0,0.0
2022-07-14,-0.00693865900026148,0.0,0.5770587034312433,0.06855012185539024,0.3543911747133664,0.0,0.0
2022-07-15,0.01066214064358339,0.002660272472493154,0.5743984309587502,0.07111291798023447,0.35448865106101535,0.0,0.0
2022-07-18,-0.005149147629888512,0.0,0.5743984309587502,0.07111291798023447,0.35448865106101535,0.0,0.0
2022-07-19,0.0159823647556909,0.0,0.5743984309587502,0.07111291798023447,0.35448865106101535,0.0,0.0
2022-07-20,0.0005145275754331739,0.0,0.5743984309587502,0.07111291798023447,0.35448865106101535,0.0,0.0
2022-07-21,0.012079742692750185,0.0,0.5743984309587502,0.07111291798023447,0.35448865106101535,0.0,0.0
2022-07-22,-0.003188823301984699,0.0023092932007990202,0.5720891377579512,0.07342221118103354,0.35448865106101535,0.0,2.100484788809487e-19
2022-07-25,-0.0009942074143309116,0.0,0.5720891377579512,0.07342221118103354,0.35448865106101535,0.0,2.100484788809487e-19
2022-07-26,-0.007132477418482424,0.0,0.5720891377579512,0.07342221118103354,0.35448865106101535,0.0,2.100484788809487e-19
2022-07-27,0.018053057101761673,0.0,0.5720891377579512,0.07342221118103354,0.35448865106101535,0.0,2.100484788809487e-19
2022-07-28,0.012079488247266044,0.0,0.5720891377579512,0.07342221118103354,0.35448865106101535,0.0,2.100484788809487e-19
2022-07-29,0.009099666490267243,0.002174872223630768,0.5699142655343205,0.0755970834046643,0.35448865106101535,3.080270660232337e-19,0.0
2022-08-01,0.002141952880846604,0.0,0.5699142655343205,0.0755970834046643,0.35448865106101535,3.080270660232337e-19,0.0
2022-08-02,-0.007464510150869415,0.0,0.5699142655343205,0.0755970834046643,0.35448865106101535,3.080270660232337e-19,0.0
2022-08-03,0.010979201864986892,0.002152725382041594,0.5677615401522789,0.0777498087867059,0.35448865106101535,4.506791413074163e-20,1.3758728523199032e-19
2022-08-04,0.005453614786073452,0.0,0.5677615401522789,0.0777498087867059,0.35448865106101535,4.506791413074163e-20,1.3758728523199032e-19
2022-08-05,-0.006843566677873573,0.0021080503354058353,0.565653489816873,0.07985785912211173,0.35448865106101535,0.0,0.0
2022-08-08,0.0036348951894589728,0.0,0.565653489816873,0.07985785912211173,0.35448865106101535,0.0,0.0
2022-08-09,-0.001471997132727661,0.0,0.565653489816873,0.07985785912211173,0.35448865106101535,0.0,0.0
2022-08-10,0.010468918289901498,0.0,0.565653489816873,0.07985785912211173,0.35448865106101535,0.0,0.0
2022-08-11,-0.002796626552927791,0.0,0.565653489816873,0.07985785912211173,0.35448865106101535,0.0,0.0
2022-08-12,0.01363442055807006,0.0017426611161213137,0.5639108287007517,0.08160052023823304,0.35448865106101535,6.243337347751378e-19,0.0
2022-08-15,-0.0023080084937055377,0.0,0.5639108287007517,0.08160052023823304,0.35448865106101535,6.243337347751378e-19,0.0
2022-08-16,0.0008233861524244393,0.0,0.5639108287007517,0.08160052023823304,0.35448865106101535,6.243337347751378e-19,0.0
2022-08-17,-0.0071473754284322455,0.0,0.5639108287007517,0.08160052023823304,0.35448865106101535,6.243337347751378e-19,0.0
2022-08-18,0.0008324243469187433,0.0,0.5639108287007517,0.08160052023823304,0.35448865106101535,6.243337347751378e-19,0.0
2022-08-19,-0.011491058511595814,0.0015842644213415334,0.5623265642794102,0.08318478465957459,0.35448865106101535,0.0,5.7663111725325e-19
2022-08-22,-0.014341440638536781,0.0,0.5623265642794102,0.08318478465957459,0.35448865106101535,0.0,5.7663111725325e-19
2022-08-23,0.0006598980654058327,0.0,0.5623265642794102,0.08318478465957459,0.35448865106101535,0.0,5.7663111725325e-19
2022-08-24,0.002236755598174331,0.0,0.5623265642794102,0.08318478465957459,0.35448865106101535,0.0,5.7663111725325e-19
2022-08-25,0.01018365600908785,0.0,0.5623265642794102,0.08318478465957459,0.35448865106101535,0.0,5.7663111725325e-19
2022-08-26,-0.022652978714327022,0.0015045370581533992,0.5608220272212567,0.08468932171772793,0.35448865106101535,1.3750195588104473e-19,0.0
2022-08-29,-0.004189770206191472,0.0,0.5608220272212567,0.08468932171772793,0.35448865106101535,1.3750195588104473e-19,0.0
2022-08-30,-0.008902803595683581,0.0,0.5608220272212567,0.08468932171772793,0.35448865106101535,1.3750195588104473e-19,0.0
2022-08-31,-0.007815482897069988,0.0,0.5608220272212567,0.08468932171772793,0.35448865106101535,1.3750195588104473e-19,0.0
2022-09-01,-0.002950844413564133,0.002048741833214157,0.5587732853880426,0.08673806355094212,0.35448865106101535,4.1840696812971824e-19,0.0
2022-09-02,-0.002250756531263272,0.001807634952332174,0.5569656504357104,0.0885456985032743,0.35448865106101535,0.0,0.0
2022-09-06,-0.006364582902524545,0.0,0.5569656504357104,0.0885456985032743,0.35448865106101535,0.0,0.0
2022-09-07,0.015010791490023824,0.0,0.5569656504357104,0.0885456985032743,0.35448865106101535,0.0,0.0
2022-09-08,0.000604601792626406,0.0,0.5569656504357104,0.0885456985032743,0.35448865106101535,0.0,0.0
2022-09-09,0.01072209333448894,0.0,0.5569656504357104,0.0885456985032743,0.35448865106101535,0.0,0.0
2022-09-12,0.007020964031363274,0.0018058389566099897,0.5551598114791004,0.09035153745988427,0.35448865106101535,8.683526337897322e-20,0.0
2022-09-13,-0.028541768308147746,0.0,0.5551598114791004,0.09035153745988427,0.35448865106101535,8.683526337897322e-20,0.0
2022-09-14,0.0010648589980976869,0.0,0.5551598114791004,0.09035153745988427,0.35448865106101535,8.683526337897322e-20,0.0
2022-09-15,-0.01298297048852895,0.0,0.5551598114791004,0.09035153745988427,0.35448865106101535,8.683526337897322e-20,0.0
2022-09-16,-0.003021241123151144,0.0,0.5551598114791004,0.09035153745988427,0.35448865106101535,8.683526337897322e-20,0.0
2022-09-19,0.004778090872964694,0.0020238006167439195,0.5531360108623565,0.0923753380766282,0.35448865106101535,0.0,1.1478860044141534e-18
2022-09-20,-0.009293061448527457,0.0,0.5531360108623565,0.0923753380766282,0.35448865106101535,0.0,1.1478860044141534e-18
2022-09-21,-0.0064553652719570665,0.0,0.5531360108623565,0.0923753380766282,0.35448865106101535,0.0,1.1478860044141534e-18
2022-09-22,-0.007210998296210941,0.0,0.5531360108623565,0.0923753380766282,0.35448865106101535,0.0,1.1478860044141534e-18
2022-09-23,-0.015014823711909238,0.0,0.5531360108623565,0.0923753380766282,0.35448865106101535,0.0,1.1478860044141534e-18
2022-09-26,-0.011381390036448063,0.0021928687073581522,0.5509431421549984,0.09456820678398638,0.35448865106101535,1.471755400816865e-20,0.0
2022-09-27,-0.003169994466577926,0.0,0.5509431421549984,0.09456820678398638,0.35448865106101535,1.471755400816865e-20,0.0
2022-09-28,0.021375618692221605,0.0,0.5509431421549984,0.09456820678398638,0.35448865106101535,1.471755400816865e-20,0.0
2022-09-29,-0.012066819548895429,0.0,0.5509431421549984,0.09456820678398638,0.35448865106101535,1.471755400816865e-20,0.0
2022-09-30,-0.00971761702925517,0.0,0.5509431421549984,0.09456820678398638,0.35448865106101535,1.471755400816865e-20,0.0
2022-10-03,0.024643078714240246,0.002156607325316348,0.548786534829682,0.09672481410930266,0.35448865106101535,2.411556862233983e-19,5.912929202119165e-20
2022-10-04,0.021813981464131584,0.0,0.548786534829682,0.09672481410930266,0.35448865106101535,2.411556862233983e-19,5.912929202119165e-20
2022-10-05,-0.004165736195330537,0.0,0.548786534829682,0.09672481410930266,0.35448865106101535,2.411556862233983e-19,5.912929202119165e-20
2022-10-06,-0.006598045422295928,0.0,0.548786534829682,0.09672481410930266,0.35448865106101535,2.411556862233983e-19,5.912929202119165e-20
2022-10-07,-0.020132964880793157,0.0,0.548786534829682,0.09672481410930266,0.35448865106101535,2.411556862233983e-19,5.912929202119165e-20
2022-10-10,-0.011098234046350273,0.001974794568797046,0.546811740260885,0.09869960867809974,0.35448865106101535,2.841295508498833e-19,0.0
2022-10-11,-0.003755592041872887,0.0,0.546811740260885,0.09869960867809974,0.35448865106101535,2.841295508498833e-19,0.0
2022-10-12,0.0005767664861407228,0.0,0.546811740260885,0.09869960867809974,0.35448865106101535,2.841295508498833e-19,0.0
2022-10-13,0.011032465986785103,0.0,0.546811740260885,0.09869960867809974,0.35448865106101535,2.841295508498833e-19,0.0
2022-10-14,-0.017691941095500055,0.0,0.546811740260885,0.09869960867809974,0.35448865106101535,2.841295508498833e-19,0.0
2022-10-17,0.014537069078326212,0.0017456228113768295,0.5450661174495082,0.10044523148947654,0.3544886510610154,5.117438426269428e-19,2.626252646863469e-19
2022-10-18,0.007402207790594954,9.71445146547012e-17,0.5450661174495081,0.10044523148947651,0.35448865106101535,5.117438426269427e-19,2.6262526468634683e-19
2022-10-19,-0.010440835694478222,9.020562075079397e-17,0.5450661174495082,0.10044523148947652,0.3544886510610154,5.117438426269428e-19,2.626252646863469e-19
2022-10-20,-0.0068484193590075924,0.0,0.5450661174495082,0.10044523148947652,0.3544886510610154,5.117438426269428e-19,2.626252646863469e-19
2022-10-21,0.017755410998811463,0.0,0.5450661174495082,0.10044523148947652,0.3544886510610154,5.117438426269428e-19,2.626252646863469e-19
2022-10-24,0.004665811474270126,0.0011671100127517088,0.5438990074367565,0.10161234150222823,0.3544886510610154,2.8975846974355663e-19,0.0
2022-10-25,0.012450922646162911,0.0,0.5438990074367565,0.10161234150222823,0.3544886510610154,2.8975846974355663e-19,0.0
2022-10-26,-0.00037797394027692683,0.0,0.5438990074367565,0.10161234150222823,0.3544886510610154,2.8975846974355663e-19,0.0
2022-10-27,-0.002389368396087772,0.0,0.5438990074367565,0.10161234150222823,0.3544886510610154,2.8975846974355663e-19,0.0
2022-10-28,0.008621656447645915,0.0,0.5438990074367565,0.10161234150222823,0.3544886510610154,2.8975846974355663e-19,0.0
2022-10-31,-0.007546195245912105,0.0,0.5438990074367565,0.10161234150222823,0.3544886510610154,2.8975846974355663e-19,0.0
2022-11-01,0.002186685032412757,0.0,0.5438990074367565,0.10161234150222823,0.3544886510610154,2.8975846974355663e-19,0.0
2022-11-02,-0.016562509225718905,0.0,0.5438990074367565,0.10161234150222823,0.3544886510610154,2.8975846974355663e-19,0.0
2022-11-03,-0.0074862324164862186,0.002334799439868661,0.5415642079968878,0.10375824634435989,0.35467754565875237,6.062171289312338e-19,0.0
2022-11-04,0.016938789495045174,0.0,0.5415642079968878,0.10375824634435989,0.35467754565875237,6.062171289312338e-19,0.0
2022-11-07,0.0027149403965537654,0.001470703566583541,0.5400935044303042,0.10460166450744718,0.35530483106224864,0.0,0.0
2022-11-08,0.012265029131102142,0.0,0.5400935044303042,0.10460166450744718,0.35530483106224864,0.0,0.0
2022-11-09,-0.012565843067296635,0.0,0.5400935044303042,0.10460166450744718,0.35530483106224864,0.0,0.0
2022-11-10,0.04452173073318998,0.0,0.5400935044303042,0.10460166450744718,0.35530483106224864,0.0,0.0
2022-11-11,0.007191441634224263,0.0,0.5400935044303042,0.10460166450744718,0.35530483106224864,0.0,0.0
2022-11-14,-0.004057436469209242,0.0017231247456722595,0.538370379684632,0.1050747482637505,0.35655487205161757,0.0,0.0
2022-11-15,0.00754583947442922,0.0,0.538370379684632,0.1050747482637505,0.35655487205161757,0.0,0.0
2022-11-16,-0.0026279832455962386,0.0,0.538370379684632,0.1050747482637505,0.35655487205161757,0.0,0.0
2022-11-17,-0.005347334480713919,0.0,0.538370379684632,0.1050747482637505,0.35655487205161757,0.0,0.0
2022-11-18,-0.000736125929787387,0.0,0.538370379684632,0.1050747482637505,0.35655487205161757,0.0,0.0
2022-11-21,-0.003508413170785308,0.001687804431472963,0.536682575253159,0.10535889508999902,0.357958529656842,4.8414044418345915e-19,5.441367785574017e-19
2022-11-22,0.009137562323270175,0.0,0.536682575253159,0.10535889508999902,0.357958529656842,4.8414044418345915e-19,5.441367785574017e-19
2022-11-23,0.007450270888358377,0.0,0.536682575253159,0.10535889508999902,0.357958529656842,4.8414044418345915e-19,5.441367785574017e-19
2022-11-25,-0.0001698137489340427,0.0,0.536682575253159,0.10535889508999902,0.357958529656842,4.8414044418345915e-19,5.441367785574017e-19
2022-11-28,-0.011096111957472843,0.0,0.536682575253159,0.10535889508999902,0.357958529656842,4.8414044418345915e-19,5.441367785574017e-19
2022-11-29,-0.0003861400221080565,0.001647179501110624,0.5350353957520484,0.1058658521087063,0.35909875213924536,0.0,3.814520576058461e-19
2022-11-30,0.022222499070658035,0.0,0.5350353957520484,0.1058658521087063,0.35909875213924536,0.0,3.814520576058461e-19
2022-12-01,0.009628241775042566,0.001650005452907888,0.5333853902991404,0.10634488807131143,0.36026972162954807,0.0,0.0
2022-12-02,-0.000523048498948904,0.0,0.5333853902991404,0.10634488807131143,0.36026972162954807,0.0,0.0
2022-12-05,-0.017266532052631622,0.0,0.5333853902991404,0.10634488807131143,0.36026972162954807,0.0,0.0
2022-12-06,-0.005296574608075798,0.0016924099575719442,0.5316929803415685,0.10704489523604305,0.3612621244223884,0.0,9.941570860605903e-20
2022-12-07,0.004883119009794061,0.0,0.5316929803415685,0.10704489523604305,0.3612621244223884,0.0,9.941570860605903e-20
2022-12-08,0.00417593551108539,0.0,0.5316929803415685,0.10704489523604305,0.3612621244223884,0.0,9.941570860605903e-20
2022-12-09,-0.005476197886048242,0.0,0.5316929803415685,0.10704489523604305,0.3612621244223884,0.0,9.941570860605903e-20
2022-12-12,0.005023651031133954,0.0,0.5316929803415685,0.10704489523604305,0.3612621244223884,0.0,9.941570860605903e-20
2022-12-13,0.01123941032370186,0.0017260107086846388,0.5299669696328839,0.10789044391244379,0.36214258645467234,0.0,0.0
2022-12-14,-0.003808712121377634,0.0,0.5299669696328839,0.10789044391244379,0.36214258645467234,0.0,0.0
2022-12-15,-0.018467344821000018,0.0,0.5299669696328839,0.10789044391244379,0.36214258645467234,0.0,0.0
2022-12-16,-0.004308186769983165,0.0,0.5299669696328839,0.10789044391244379,0.36214258645467234,0.0,0.0
2022-12-19,-0.007327561941701947,0.0,0.5299669696328839,0.10789044391244379,0.36214258645467234,0.0,0.0
2022-12-20,0.004815478286494815,0.0020363439564654306,0.5279306256764185,0.10889552195418911,0.3631738523693924,1.5100229829407787e-19,2.3506529386039297e-19
2022-12-21,0.00756617503698518,0.0,0.5279306256764185,0.10889552195418911,0.3631738523693924,1.5100229829407787e-19,2.3506529386039297e-19
2022-12-22,-0.01194169024176186,0.0,0.5279306256764185,0.10889552195418911,0.3631738523693924,1.5100229829407787e-19,2.3506529386039297e-19
2022-12-23,0.0025292206650697514,0.0,0.5279306256764185,0.10889552195418911,0.3631738523693924,1.5100229829407787e-19,2.3506529386039297e-19
2022-12-27,-0.001173459217549392,0.0,0.5279306256764185,0.10889552195418911,0.3631738523693924,1.5100229829407787e-19,2.3506529386039297e-19
2022-12-28,-0.008825198017509361,0.001831599885881455,0.526099025790537,0.10940431113305762,0.3644966630764054,0.0,0.0
2022-12-29,0.012752394802342658,0.0,0.526099025790537,0.10940431113305762,0.3644966630764054,0.0,0.0
2022-12-30,-0.0008976138220399094,0.0,0.526099025790537,0.10940431113305762,0.3644966630764054,0.0,0.0
2023-01-03,0.01438853240591458,0.5260990257905369,8.30804193983853e-17,0.5617257112372087,0.43827428876279123,1.1393710907496976e-18,2.9214731979417043e-18
2023-01-04,0.011820703288646553,0.0,8.30804193983853e-17,0.5617257112372087,0.43827428876279123,1.1393710907496976e-18,2.9214731979417043e-18
2023-01-05,-0.007581655398943954,0.28683097202346486,0.28683097202346486,0.2748947392137438,0.43827428876279123,0.0,0.0
2023-01-06,0.01983382802292634,0.0,0.28683097202346486,0.2748947392137438,0.43827428876279123,0.0,0.0
2023-01-09,0.002285025800082315,0.0,0.28683097202346486,0.2748947392137438,0.43827428876279123,0.0,0.0
2023-01-10,-0.0009268901441094714,0.0,0.28683097202346486,0.2748947392137438,0.43827428876279123,0.0,0.0
2023-01-11,0.008410068261491245,0.2868309720234649,0.0,0.5370708890361477,0.4629291109638523,0.0,0.0
2023-01-12,0.015925955695273844,0.0,0.0,0.5370708890361477,0.4629291109638523,0.0,0.0
2023-01-13,0.0005222528136606093,0.0,0.0,0.5370708890361477,0.4629291109638523,0.0,0.0
2023-01-17,-0.006501564931521633,0.0,0.0,0.5370708890361477,0.4629291109638523,0.0,0.0
2023-01-18,0.011684621554239383,0.0,0.0,0.5370708890361477,0.4629291109638523,0.0,0.0
2023-01-19,0.003984162769322125,0.0,0.0,0.5370708890361477,0.4629291109638523,0.0,0.0
2023-01-20,-0.010250578905398587,0.0,0.0,0.5370708890361477,0.4629291109638523,0.0,0.0
2023-01-23,-0.0016506799947319185,0.0,0.0,0.5370708890361477,0.4629291109638523,0.0,0.0
2023-01-24,0.009398210906506475,0.0,0.0,0.5370708890361477,0.4629291109638523,0.0,0.0
2023-01-25,0.003433882383292383,0.0,0.0,0.5370708890361477,0.4629291109638523,0.0,0.0
2023-01-26,-0.006690383055214535,0.0,0.0,0.5370708890361477,0.4629291109638523,0.0,0.0
2023-01-27,-0.0020005045174913555,0.0,0.0,0.5370708890361477,0.4629291109638523,0.0,0.0
2023-01-30,-0.0031510742144166995,0.0,0.0,0.5370708890361477,0.4629291109638523,0.0,0.0
2023-01-31,0.005977130174750846,0.0,0.0,0.5370708890361477,0.4629291109638523,0.0,0.0
2023-02-01,0.012287660848905375,0.0,0.0,0.5370708890361477,0.4629291109638523,0.0,0.0
2023-02-02,-0.0089118004870397,0.0,0.0,0.5370708890361477,0.4629291109638523,0.0,0.0
2023-02-03,-0.0195859422133068,0.0,0.0,0.5370708890361477,0.4629291109638523,0.0,0.0
2023-02-06,-0.00301540981298709,0.0,0.0,0.5370708890361477,0.4629291109638523,0.0,0.0
2023-02-07,-0.003884434140106647,0.0,0.0,0.5370708890361477,0.4629291109638523,0.0,0.0
2023-02-08,0.0037001882783752786,0.0,0.0,0.5370708890361477,0.4629291109638523,0.0,0.0
2023-02-09,-0.008750795515084103,0.0,0.0,0.5370708890361477,0.4629291109638523,0.0,0.0
2023-02-10,-0.005126736178778162,0.0,0.0,0.5370708890361477,0.4629291109638523,0.0,0.0
2023-02-13,0.002169387390652284,0.0,0.0,0.5370708890361477,0.4629291109638523,0.0,0.0
2023-02-14,-0.0008872629551915659,0.0,0.0,0.5370708890361477,0.4629291109638523,0.0,0.0
2023-02-15,-0.009621098064085459,0.0,0.0,0.5370708890361477,0.4629291109638523,0.0,0.0
2023-02-16,-0.007988307930334743,0.0,0.0,0.5370708890361477,0.4629291109638523,0.0,0.0
2023-02-17,0.005558943008934728,0.0,0.0,0.5370708890361477,0.4629291109638523,0.0,0.0
2023-02-21,-0.012169254143145304,0.0,0.0,0.5370708890361477,0.4629291109638523,0.0,0.0
2023-02-22,0.0023171580863295474,0.0,0.0,0.5370708890361477,0.4629291109638523,0.0,0.0
2023-02-23,0.005002775640784863,0.0,0.0,0.5370708890361477,0.4629291109638523,0.0,0.0
2023-02-24,-0.01031315162715487,0.0,0.0,0.5370708890361477,0.4629291109638523,0.0,0.0
2023-02-27,0.003304295208571763,0.0,0.0,0.5370708890361477,0.4629291109638523,0.0,0.0
2023-02-28,0.004549076017940697,0.0,0.0,0.5370708890361477,0.4629291109638523,0.0,0.0
2023-03-01,-0.0030978722086898816,0.0,0.0,0.5370708890361477,0.4629291109638523,0.0,0.0
2023-03-02,-0.005033291405753601,0.0,0.0,0.5370708890361477,0.4629291109638523,0.0,0.0
2023-03-03,0.01797510398369548,0.0,0.0,0.5370708890361477,0.4629291109638523,0.0,0.0
2023-03-06,-0.0064991184118918955,0.0,0.0,0.5370708890361477,0.4629291109638523,0.0,0.0
2023-03-07,-0.004798423774552428,0.0,0.0,0.5370708890361477,0.4629291109638523,0.0,0.0
2023-03-08,0.00030818785402769673,0.0,0.0,0.5370708890361477,0.4629291109638523,0.0,0.0
2023-03-09,0.0058783355318611594,0.0,0.0,0.5370708890361477,0.4629291109638523,0.0,0.0
2023-03-10,0.028503311049829994,0.0,0.0,0.5370708890361477,0.4629291109638523,0.0,0.0
2023-03-13,0.011844239069649223,0.0,0.0,0.5370708890361477,0.4629291109638523,0.0,0.0
2023-03-14,-0.011511057475732077,0.0,0.0,0.5370708890361477,0.4629291109638523,0.0,0.0
2023-03-15,0.013983729294701706,0.0,0.0,0.5370708890361477,0.4629291109638523,0.0,0.0
2023-03-16,-0.003266337777997628,0.0,0.0,0.5370708890361477,0.4629291109638523,0.0,0.0
2023-03-17,0.021541554535078666,0.0,0.0,0.5370708890361477,0.4629291109638523,0.0,0.0
2023-03-20,-0.004548534093058794,0.0,0.0,0.5370708890361477,0.4629291109638523,0.0,0.0
2023-03-21,-0.013352296415473832,0.0,0.0,0.5370708890361477,0.4629291109638523,0.0,0.0
2023-03-22,0.015040299608518503,0.0,0.0,0.5370708890361477,0.4629291109638523,0.0,0.0
2023-03-23,0.0058042867084266755,0.0,0.0,0.5370708890361477,0.4629291109638523,0.0,0.0
2023-03-24,-0.002937746952335287,0.0,0.0,0.5370708890361477,0.4629291109638523,0.0,0.0
2023-03-27,-0.016901456625456505,0.0,0.0,0.5370708890361477,0.4629291109638523,0.0,0.0
2023-03-28,0.004768904081746535,0.0,0.0,0.5370708890361477,0.4629291109638523,0.0,0.0
2023-03-29,-0.003375414229005098,0.0,0.0,0.5370708890361477,0.4629291109638523,0.0,0.0
2023-03-30,0.006655868763786457,0.0,0.0,0.5370708890361477,0.4629291109638523,0.0,0.0
2023-03-31,0.005633045877445416,0.0,0.0,0.5370708890361477,0.4629291109638523,0.0,0.0
2023-04-03,0.005860974452380893,0.0,0.0,0.5370708890361477,0.4629291109638523,0.0,0.0
2023-04-04,-0.00011436573281670323,0.7690246754862408,0.7690246754862408,0.0112147628617918,0.21976056165196747,9.42187281623176e-20,0.0
2023-04-05,-0.002071539634900169,0.0,0.7690246754862408,0.0112147628617918,0.21976056165196747,9.42187281623176e-20,0.0
2023-04-06,0.001461118656384922,0.0,0.7690246754862408,0.0112147628617918,0.21976056165196747,9.42187281623176e-20,0.0
2023-04-10,-0.0010178167547151133,0.0,0.7690246754862408,0.0112147628617918,0.21976056165196747,9.42187281623176e-20,0.0
2023-04-11,0.0016186888321442256,0.0,0.7690246754862408,0.0112147628617918,0.21976056165196747,9.42187281623176e-20,0.0
2023-04-12,-0.002072574755267999,0.0,0.7690246754862408,0.0112147628617918,0.21976056165196747,9.42187281623176e-20,0.0
2023-04-13,0.013096881749244796,0.0,0.7690246754862408,0.0112147628617918,0.21976056165196747,9.42187281623176e-20,0.0
2023-04-14,-0.005873214567541009,0.0,0.7690246754862408,0.0112147628617918,0.21976056165196747,9.42187281623176e-20,0.0
2023-04-17,0.0016474242991161342,0.0,0.7690246754862408,0.0112147628617918,0.21976056165196747,9.42187281623176e-20,0.0
2023-04-18,0.0013943593839976448,0.0,0.7690246754862408,0.0112147628617918,0.21976056165196747,9.42187281623176e-20,0.0
2023-04-19,-0.0011907847112752506,0.0,0.7690246754862408,0.0112147628617918,0.21976056165196747,9.42187281623176e-20,0.0
2023-04-20,-0.0032352839502466932,0.0,0.7690246754862408,0.0112147628617918,0.21976056165196747,9.42187281623176e-20,0.0
2023-04-21,-0.0016385039107889871,0.0,0.7690246754862408,0.0112147628617918,0.21976056165196747,9.42187281623176e-20,0.0
2023-04-24,0.00157854879575829,0.0,0.7690246754862408,0.0112147628617918,0.21976056165196747,9.42187281623176e-20,0.0
2023-04-25,-0.011428364293889175,0.023199607029313375,0.7922242825155541,0.009387803140180413,0.19838791434426545,1.5591469429046373e-19,3.1026439237702085e-19
2023-04-26,-0.004534322742381481,0.0,0.7922242825155541,0.009387803140180413,0.19838791434426545,1.5591469429046373e-19,3.1026439237702085e-19
2023-04-27,0.015689125696912345,0.0,0.7922242825155541,0.009387803140180413,0.19838791434426545,1.5591469429046373e-19,3.1026439237702085e-19
2023-04-28,0.00696696744832892,0.0,0.7922242825155541,0.009387803140180413,0.19838791434426545,1.5591469429046373e-19,3.1026439237702085e-19
2023-05-01,-0.001961698349003518,0.0,0.7922242825155541,0.009387803140180413,0.19838791434426545,1.5591469429046373e-19,3.1026439237702085e-19
2023-05-02,-0.005079355694550323,0.007775717484445888,0.8,0.009387803140180413,0.19061219685981962,2.9588951125006653e-19,1.2478750984834156e-19
2023-05-03,-0.0038225435772136027,0.0,0.8,0.009387803140180413,0.19061219685981962,2.9588951125006653e-19,1.2478750984834156e-19
2023-05-04,-0.004418525069758868,0.0,0.8,0.009387803140180413,0.19061219685981962,2.9588951125006653e-19,1.2478750984834156e-19
2023-05-05,0.011796069162995831,0.0,0.8,0.009387803140180413,0.19061219685981962,2.9588951125006653e-19,1.2478750984834156e-19
2023-05-08,-0.0003620314897701449,0.04744086191984507,0.752559138080155,0.05682866506002546,0.19061219685981962,0.0,0.0
2023-05-09,-0.0026389318237312804,0.047440861919845076,0.8,0.0513908450616087,0.1486091549383913,0.0,5.7649680185019494e-21
2023-05-10,0.0040243908562260745,0.0,0.8,0.0513908450616087,0.1486091549383913,0.0,5.7649680185019494e-21
2023-05-11,-0.0021273373107522295,0.0,0.8,0.0513908450616087,0.1486091549383913,0.0,5.7649680185019494e-21
2023-05-12,-0.0017326425045670127,0.0,0.8,0.0513908450616087,0.1486091549383913,0.0,5.7649680185019494e-21
2023-05-15,0.0025460899799529075,0.0,0.8,0.0513908450616087,0.1486091549383913,0.0,5.7649680185019494e-21
2023-05-16,-0.007358149145490137,0.0,0.8,0.0513908450616087,0.1486091549383913,0.0,5.7649680185019494e-21
2023-05-17,0.009046820801974519,0.0,0.8,0.0513908450616087,0.1486091549383913,0.0,5.7649680185019494e-21
2023-05-18,0.00539806584734057,0.0,0.8,0.0513908450616087,0.1486091549383913,0.0,5.7649680185019494e-21
2023-05-19,-5.636960847540327e-05,0.0,0.8,0.0513908450616087,0.1486091549383913,0.0,5.7649680185019494e-21
2023-05-22,-0.0002061379353048945,0.0,0.8,0.0513908450616087,0.1486091549383913,0.0,5.7649680185019494e-21
2023-05-23,-0.008651891800654735,0.0,0.8,0.0513908450616087,0.1486091549383913,0.0,5.7649680185019494e-21
2023-05-24,-0.007249232734636702,0.0,0.8,0.0513908450616087,0.1486091549383913,0.0,5.7649680185019494e-21
2023-05-25,0.005370795474283224,0.0,0.8,0.0513908450616087,0.1486091549383913,0.0,5.7649680185019494e-21
2023-05-26,0.011369542767877643,0.0,0.8,0.0513908450616087,0.1486091549383913,0.0,5.7649680185019494e-21
2023-05-30,0.0017381419918176158,0.0,0.8,0.0513908450616087,0.1486091549383913,0.0,5.7649680185019494e-21
2023-05-31,0.005137975092865258,0.8,0.0,0.501485637645366,0.4985143623546339,0.0,2.7802382730303927e-19
