date,gross,turnover,w_SPY,w_TLT,w_GLD,w_USO,w_UUP
2019-01-02,0.0038639476578580913,0.39999999999999997,0.0,0.4,0.39999999999999997,2.402012020828722e-17,0.19999999999999998
2019-01-03,0.007086165786648446,0.0,0.0,0.4,0.39999999999999997,2.402012020828722e-17,0.19999999999999998
2019-01-04,-0.008178287338935929,0.0,0.0,0.4,0.39999999999999997,2.402012020828722e-17,0.19999999999999998
2019-01-07,-0.0006599064881730452,0.0,0.0,0.4,0.39999999999999997,2.402012020828722e-17,0.19999999999999998
2019-01-08,-0.0015034687791257713,0.0,0.0,0.4,0.39999999999999997,2.402012020828722e-17,0.19999999999999998
2019-01-09,0.01885774488352599,0.48077423693107435,0.18249461287555607,0.11922576306892553,0.4,0.2982796240555182,8.877350580361885e-17
2019-01-10,-0.0011282892762820111,0.0,0.18249461287555607,0.11922576306892553,0.4,0.2982796240555182,8.877350580361885e-17
2019-01-11,-0.0041478437409426805,0.0,0.18249461287555607,0.11922576306892553,0.4,0.2982796240555182,8.877350580361885e-17
2019-01-14,-0.0063513882480553,0.0,0.18249461287555607,0.11922576306892553,0.4,0.2982796240555182,8.877350580361885e-17
2019-01-15,0.009617976459446117,0.0,0.18249461287555607,0.11922576306892553,0.4,0.2982796240555182,8.877350580361885e-17
2019-01-16,0.0019156605955221286,0.48077423693107435,0.0,0.4,0.4,0.0,0.20000000000000007
2019-01-17,-0.0004235071775264832,0.0,0.0,0.4,0.4,0.0,0.20000000000000007
2019-01-18,-0.005039580658483533,0.0,0.0,0.4,0.4,0.0,0.20000000000000007
2019-01-22,0.004131255890796215,0.0,0.0,0.4,0.4,0.0,0.20000000000000007
2019-01-23,-0.0011953769565315132,0.0,0.0,0.4,0.4,0.0,0.20000000000000007
2019-01-24,0.0031760907869880397,0.0,0.0,0.4,0.4,0.0,0.20000000000000007
2019-01-25,0.0022938637962433006,0.0,0.0,0.4,0.4,0.0,0.20000000000000007
2019-01-28,0.001158951325259805,0.0,0.0,0.4,0.4,0.0,0.20000000000000007
2019-01-29,0.004343553613248475,0.0,0.0,0.4,0.4,0.0,0.20000000000000007
2019-01-30,0.0009724530302946508,0.0,0.0,0.4,0.4,0.0,0.20000000000000007
2019-01-31,0.004027052388352593,0.0,0.0,0.4,0.4,0.0,0.20000000000000007
2019-02-01,-0.0032174675009891468,0.0,0.0,0.4,0.4,0.0,0.20000000000000007
2019-02-04,-0.0029690578489267594,0.0,0.0,0.4,0.4,0.0,0.20000000000000007
2019-02-05,0.003409164659501274,0.0,0.0,0.4,0.4,0.0,0.20000000000000007
2019-02-06,-0.0017217984544001918,0.0,0.0,0.4,0.4,0.0,0.20000000000000007
2019-02-07,0.004084499560366829,0.0,0.0,0.4,0.4,0.0,0.20000000000000007
2019-02-08,0.0034600540823105158,0.0,0.0,0.4,0.4,0.0,0.20000000000000007
2019-02-11,-0.0027560142667853336,0.0,0.0,0.4,0.4,0.0,0.20000000000000007
2019-02-12,-0.0008732149350580088,0.0,0.0,0.4,0.4,0.0,0.20000000000000007
2019-02-13,-0.002007938676722265,0.0,0.0,0.4,0.4,0.0,0.20000000000000007
2019-02-14,0.00428450418244648,0.0,0.0,0.4,0.4,0.0,0.20000000000000007
2019-02-15,0.0026230374793699386,0.0,0.0,0.4,0.4,0.0,0.20000000000000007
2019-02-19,0.006330594535377588,0.0,0.0,0.4,0.4,0.0,0.20000000000000007
2019-02-20,-0.0016835004149938102,0.0,0.0,0.4,0.4,0.0,0.20000000000000007
2019-02-21,-0.007942451996916278,0.0,0.0,0.4,0.4,0.0,0.20000000000000007
2019-02-22,0.0037448529770574227,0.0,0.0,0.4,0.4,0.0,0.20000000000000007
2019-02-25,-0.001754481970570332,0.0,0.0,0.4,0.4,0.0,0.20000000000000007
2019-02-26,0.0018718561756897456,0.0,0.0,0.4,0.4,0.0,0.20000000000000007
2019-02-27,-0.007210397314627937,0.0,0.0,0.4,0.4,0.0,0.20000000000000007
2019-02-28,-0.0034510958098367796,0.0,0.0,0.4,0.4,0.0,0.20000000000000007
2019-03-01,-0.0041093695365149755,0.5605041395263973,0.4,0.3367361441853671,0.0,0.16050413952639728,0.10275971628823549
2019-03-04,0.0032063980217035583,0.004195522034884505,0.4,0.3398487708759057,6.316480688003913e-19,0.15630861749151287,0.10384261163258152
2019-03-05,0.000711158908990731,0.003880056767110361,0.4,0.3375981241577301,0.0,0.1601886742586232,0.10221320158364673
2019-03-06,-0.0021322155599757544,0.0,0.4,0.3375981241577301,0.0,0.1601886742586232,0.10221320158364673
2019-03-07,0.0005709959581757496,0.0,0.4,0.3375981241577301,0.0,0.1601886742586232,0.10221320158364673
2019-03-08,-0.0008474623813062116,0.04095164758846192,0.40000000000000013,0.3173375130720826,0.0,0.13949763775580884,0.14316484917210856
2019-03-11,0.006108982078663131,0.0023550144166600423,0.4,0.3155640434313898,3.105667899436735e-19,0.1418526521724688,0.14258330439614136
2019-03-12,0.0038051110388162297,0.0,0.4,0.3155640434313898,3.105667899436735e-19,0.1418526521724688,0.14258330439614136
2019-03-13,0.004971123244363645,0.0,0.4,0.3155640434313898,3.105667899436735e-19,0.1418526521724688,0.14258330439614136
2019-03-14,-0.0017545460255522548,0.0020889649197679827,0.4000000000000001,0.3167728591811118,0.0,0.1397636872527009,0.14346345356618734
2019-03-15,0.003578703184002507,0.017657258765436307,0.3999999999999999,0.3115063184733496,0.0,0.12737296919502686,0.1611207123316235
2019-03-18,0.0022325692369658434,1.1102230246251565e-16,0.4,0.31150631847334964,0.0,0.12737296919502689,0.16112071233162353
2019-03-19,-0.0010901707372755903,1.1102230246251565e-16,0.3999999999999999,0.3115063184733496,0.0,0.12737296919502686,0.1611207123316235
2019-03-20,0.00339780509295173,1.1102230246251565e-16,0.4,0.31150631847334964,0.0,0.12737296919502689,0.16112071233162353
2019-03-21,0.005586810746856489,0.015440641515120639,0.4,0.3269469599884703,2.0042147944765393e-19,0.12283100617783076,0.15022203383369903
2019-03-22,-0.0023239030672086887,0.07305304001152985,0.4000000000000001,0.4000000000000001,1.4077185363461165e-19,0.06521575435294397,0.134784245647056
2019-03-25,0.003705967924782261,0.46521575435294393,0.0,0.4,0.4,6.285839528215436e-17,0.19999999999999984
2019-03-26,0.0003373131861264304,0.290173005863983,0.2901730058639831,0.4,0.309826994136017,2.4279702903823887e-19,0.0
2019-03-27,0.0017551139657640425,0.2994857348014611,0.4,0.4,0.010341259334555833,1.1243944099629388e-18,0.18965874066544408
2019-03-28,0.0036065072270131003,0.01034125933455587,0.4,0.4,2.6638392179358025e-17,0.0,0.2
2019-03-29,0.003679334919079751,0.10017748699824909,0.4,0.302742572070935,8.497141760392654e-19,0.10017748699824904,0.1970799409308159
2019-04-01,0.002856469630094275,0.0,0.4,0.302742572070935,8.497141760392654e-19,0.10017748699824904,0.1970799409308159
2019-04-02,0.0023210382105371616,0.021427634158305273,0.4,0.3241702062292403,7.824839762690905e-19,0.08833020138405041,0.18749959238670927
2019-04-03,-0.0024490739316469982,0.0217810172219094,0.4,0.3023891890073309,0.0,0.10038284940919007,0.19722796158347902
2019-04-04,0.0016048151031163647,0.0,0.4,0.3023891890073309,0.0,0.10038284940919007,0.19722796158347902
2019-04-05,0.004186022018640164,0.025309378866900212,0.4,0.2862504449963248,0.0,0.09121221455329595,0.2225373404503792
2019-04-08,0.0002550235972928775,0.0,0.4,0.2862504449963248,0.0,0.09121221455329595,0.2225373404503792
2019-04-09,-0.0015373540403030533,0.0,0.4,0.2862504449963248,0.0,0.09121221455329595,0.2225373404503792
2019-04-10,0.002261803789945834,0.0,0.4,0.2862504449963248,0.0,0.09121221455329595,0.2225373404503792
2019-04-11,-0.0020583819809317045,0.0,0.4,0.2862504449963248,0.0,0.09121221455329595,0.2225373404503792
2019-04-12,0.00041040356623485083,0.02772737033792344,0.4,0.26744851635839406,0.0,0.0822867728533033,0.2502647107883027
2019-04-15,-5.358052988765075e-05,0.0,0.4,0.26744851635839406,0.0,0.0822867728533033,0.2502647107883027
2019-04-16,-2.5940937847190545e-05,0.0,0.4,0.26744851635839406,0.0,0.0822867728533033,0.2502647107883027
2019-04-17,-0.0016156216938037916,0.0,0.4,0.26744851635839406,0.0,0.0822867728533033,0.2502647107883027
2019-04-18,0.0037835692869118737,0.0,0.4,0.26744851635839406,0.0,0.0822867728533033,0.2502647107883027
2019-04-22,0.0001662150590313119,0.01599646453848165,0.4,0.27745090849209186,4.032456048186174e-19,0.06629030831482163,0.25625878319308654
2019-04-23,0.005653186591878357,0.0,0.4,0.27745090849209186,4.032456048186174e-19,0.06629030831482163,0.25625878319308654
2019-04-24,0.0021204734989936657,0.0,0.4,0.27745090849209186,4.032456048186174e-19,0.06629030831482163,0.25625878319308654
2019-04-25,-0.0008899984404835692,0.0,0.4,0.27745090849209186,4.032456048186174e-19,0.06629030831482163,0.25625878319308654
2019-04-26,0.00035951267602650776,0.0,0.4,0.27745090849209186,4.032456048186174e-19,0.06629030831482163,0.25625878319308654
2019-04-29,-0.001159034630216053,0.00912828552721192,0.4,0.2827919764024947,9.341089063555029e-20,0.05716202278760964,0.26004600080989554
2019-04-30,0.0011191132028014255,0.0,0.4,0.2827919764024947,9.341089063555029e-20,0.05716202278760964,0.26004600080989554
2019-05-01,-0.0018429684365608174,0.0,0.4,0.2827919764024947,9.341089063555029e-20,0.05716202278760964,0.26004600080989554
2019-05-02,-0.003344441372602995,0.0,0.4,0.2827919764024947,9.341089063555029e-20,0.05716202278760964,0.26004600080989554
2019-05-03,0.0039506663686169575,0.0,0.4,0.2827919764024947,9.341089063555029e-20,0.05716202278760964,0.26004600080989554
2019-05-06,6.459566311417314e-05,0.02569277757662352,0.4,0.2651294854798218,1.2968063834354995e-19,0.04913173613365909,0.2857387783865191
2019-05-07,-0.005708113638515225,0.0,0.4,0.2651294854798218,1.2968063834354995e-19,0.04913173613365909,0.2857387783865191
2019-05-08,-0.000975229003763086,0.0,0.4,0.2651294854798218,1.2968063834354995e-19,0.04913173613365909,0.2857387783865191
2019-05-09,-0.000973577385378019,0.0,0.4,0.2651294854798218,1.2968063834354995e-19,0.04913173613365909,0.2857387783865191
2019-05-10,0.0016545958030641495,0.0,0.4,0.2651294854798218,1.2968063834354995e-19,0.04913173613365909,0.2857387783865191
2019-05-13,-0.00864901245048664,0.01760229791799314,0.4,0.2510112316264087,5.234903955402453e-20,0.04564769206907902,0.30334107630451224
2019-05-14,0.004161907626504227,0.008315165162771403,0.4,0.2593263967891801,0.0,0.041454885194921645,0.2992187180158982
2019-05-15,0.004355282077434165,0.00829434082144358,0.4,0.25103205596773653,0.0,0.045629569893785964,0.3033383741384775
2019-05-16,0.004276530523271384,0.0,0.4,0.25103205596773653,0.0,0.045629569893785964,0.3033383741384775
2019-05-17,-0.0015429574438278544,0.0,0.4,0.25103205596773653,0.0,0.045629569893785964,0.3033383741384775
2019-05-20,-0.003191724045807433,0.009535602116805122,0.4,0.2605676580845417,0.0,0.04068647086070448,0.29874587105475386
2019-05-21,0.003583827466172242,0.0,0.4,0.2605676580845417,0.0,0.04068647086070448,0.29874587105475386
2019-05-22,-0.0007159062803325503,0.0,0.4,0.2605676580845417,0.0,0.04068647086070448,0.29874587105475386
2019-05-23,-0.004598593579045145,0.0,0.4,0.2605676580845417,0.0,0.04068647086070448,0.29874587105475386
2019-05-24,0.0005822595911448393,0.0,0.4,0.2605676580845417,0.0,0.04068647086070448,0.29874587105475386
2019-05-28,-0.0006063939259902894,0.01563140199469658,0.40000000000000013,0.2495366503637857,0.0,0.0360860765867639,0.31437727304945035
2019-05-29,-0.001182830012615084,5.551115123125783e-17,0.4,0.2495366503637857,0.0,0.0360860765867639,0.31437727304945035
2019-05-30,0.0019421018666986641,0.0,0.4,0.2495366503637857,0.0,0.0360860765867639,0.31437727304945035
2019-05-31,-0.005599946393287744,0.0,0.4,0.2495366503637857,0.0,0.0360860765867639,0.31437727304945035
2019-06-03,0.0020639583506503094,0.2248534608305533,0.39999999999999997,0.39999999999999997,0.07439011119433907,7.13469170099281e-17,0.12560988880566099
2019-06-04,0.005372721369883106,0.19743300523266455,0.40000000000000013,0.27695710596167444,9.750510539710117e-17,0.013115913203286917,0.30992698083503856
2019-06-05,0.002424084125825718,0.00885420762321194,0.4,0.2681028983384627,3.5969748853427466e-19,0.01739603340178506,0.3145010682597523
2019-06-06,0.00285568490276456,0.0,0.4,0.2681028983384627,3.5969748853427466e-19,0.01739603340178506,0.3145010682597523
2019-06-07,0.0052668819874379345,0.0,0.4,0.2681028983384627,3.5969748853427466e-19,0.01739603340178506,0.3145010682597523
2019-06-10,-0.0005115347596691259,0.0,0.4,0.2681028983384627,3.5969748853427466e-19,0.01739603340178506,0.3145010682597523
2019-06-11,0.0001897066135092473,0.01995764326981174,0.4,0.2584932489264449,0.0,0.007048039543991083,0.334458711529564
2019-06-12,9.152605072448687e-05,0.0,0.4,0.2584932489264449,0.0,0.007048039543991083,0.334458711529564
2019-06-13,0.002955298153711785,0.0,0.4,0.2584932489264449,0.0,0.007048039543991083,0.334458711529564
2019-06-14,0.002036730641989986,0.0,0.4,0.2584932489264449,0.0,0.007048039543991083,0.334458711529564
2019-06-17,0.0006476778833381753,0.0,0.4,0.2584932489264449,0.0,0.007048039543991083,0.334458711529564
2019-06-18,0.0060157242132678505,0.007048039543991136,0.4,0.262123289555443,9.545961885532702e-20,1.734723475976807e-18,0.3378767104445571
2019-06-19,-0.00025890625873353714,0.0,0.4,0.262123289555443,9.545961885532702e-20,1.734723475976807e-18,0.3378767104445571
2019-06-20,0.002453532729074223,0.0,0.4,0.262123289555443,9.545961885532702e-20,1.734723475976807e-18,0.3378767104445571
2019-06-21,-0.005145368822607334,0.0,0.4,0.262123289555443,9.545961885532702e-20,1.734723475976807e-18,0.3378767104445571
2019-06-24,0.0009438340218194336,0.0,0.4,0.262123289555443,9.545961885532702e-20,1.734723475976807e-18,0.3378767104445571
2019-06-25,-0.002329146707964385,0.0,0.4,0.262123289555443,9.545961885532702e-20,1.734723475976807e-18,0.3378767104445571
2019-06-26,-0.0018162211104528988,0.0,0.4,0.262123289555443,9.545961885532702e-20,1.734723475976807e-18,0.3378767104445571
2019-06-27,0.003265556316153196,0.0,0.4,0.262123289555443,9.545961885532702e-20,1.734723475976807e-18,0.3378767104445571
2019-06-28,0.0016208864920720678,0.0,0.4,0.262123289555443,9.545961885532702e-20,1.734723475976807e-18,0.3378767104445571
2019-07-01,0.005490132930862671,0.0,0.4,0.262123289555443,9.545961885532702e-20,1.734723475976807e-18,0.3378767104445571
2019-07-02,0.003009741237153419,0.024118065383680748,0.4,0.2862413549391237,1.3285055193875888e-18,3.0250560747161472e-18,0.3137586450608763
2019-07-03,0.006049731011719306,0.1137586450608763,0.4,0.4,4.1945210222499155e-19,0.0,0.2
2019-07-05,-0.0025649852980295018,0.1140946201498741,0.4,0.28590537985012593,0.0,3.279386199504986e-18,0.3140946201498741
2019-07-08,-0.0012068951247290716,0.008600382803704678,0.4,0.27730499704642125,1.8019917999657364e-19,0.0,0.3226950029535788
2019-07-09,0.0006391791536029467,0.0,0.4,0.27730499704642125,1.8019917999657364e-19,0.0,0.3226950029535788
2019-07-10,-0.0009988512059603144,0.02684897242227241,0.4,0.30415396946869366,0.0,1.6401085009413086e-18,0.29584603053130637
2019-07-11,-0.003122656325481006,0.0,0.4,0.30415396946869366,0.0,1.6401085009413086e-18,0.29584603053130637
2019-07-12,0.0015777654813711598,0.0,0.4,0.30415396946869366,0.0,1.6401085009413086e-18,0.29584603053130637
2019-07-15,0.002336556447409493,0.0,0.4,0.30415396946869366,0.0,1.6401085009413086e-18,0.29584603053130637
2019-07-16,-0.0008423644979670322,0.0,0.4,0.30415396946869366,0.0,1.6401085009413086e-18,0.29584603053130637
2019-07-17,0.0002633371716354222,0.020668244434571076,0.4,0.3248222139032647,4.385850739156521e-19,1.2154695431784774e-19,0.27517778609673527
2019-07-18,2.4120940987015825e-05,0.0,0.4,0.3248222139032647,4.385850739156521e-19,1.2154695431784774e-19,0.27517778609673527
2019-07-19,-0.0016173844194896393,0.0,0.4,0.3248222139032647,4.385850739156521e-19,1.2154695431784774e-19,0.27517778609673527
2019-07-22,0.002122626053430438,0.0,0.4,0.3248222139032647,4.385850739156521e-19,1.2154695431784774e-19,0.27517778609673527
2019-07-23,0.0023410156185416685,0.0,0.4,0.3248222139032647,4.385850739156521e-19,1.2154695431784774e-19,0.27517778609673527
2019-07-24,0.0033709527092972043,0.018476890617411923,0.4,0.34329910452067663,9.282542256239564e-19,0.0,0.25670089547932334
2019-07-25,-0.003066687320300235,0.0,0.4,0.34329910452067663,9.282542256239564e-19,0.0,0.25670089547932334
2019-07-26,0.003878642353790178,0.0,0.4,0.34329910452067663,9.282542256239564e-19,0.0,0.25670089547932334
2019-07-29,-0.0004305503149387766,0.0,0.4,0.34329910452067663,9.282542256239564e-19,0.0,0.25670089547932334
2019-07-30,-0.00014671031049227196,0.0,0.4,0.34329910452067663,9.282542256239564e-19,0.0,0.25670089547932334
2019-07-31,-4.682263731603867e-05,0.011439288666106495,0.4,0.35473839318678313,4.5769407363836815e-19,4.4063431762253723e-20,0.24526160681321685
2019-08-01,0.0028280202933016717,0.0,0.4,0.35473839318678313,4.5769407363836815e-19,4.4063431762253723e-20,0.24526160681321685
2019-08-02,0.0006997597835144494,0.3453909198290216,0.22311929808453135,0.4,0.30012931301580476,0.0,0.07675138889966393
2019-08-05,-0.007060001261636805,0.34378798301615876,0.3999999999999999,0.35634132999964585,1.1094905924679757e-16,0.0,0.24365867000035407
2019-08-06,0.008844478576976943,0.3448005156483354,0.22193896421949244,0.4,0.30114184564798135,2.446348316090324e-18,0.0769191901325261
2019-08-07,0.0001807265975332909,0.34381113878689645,0.4,0.35733070686108487,9.367321470813595e-17,0.0,0.24266929313891503
2019-08-08,0.008773576749607506,0.016814701757916863,0.4,0.34051600510316815,0.0,0.0,0.25948399489683194
2019-08-09,-0.003697833112909923,0.0,0.4,0.34051600510316815,0.0,0.0,0.25948399489683194
2019-08-12,0.0020342687338545705,0.0,0.4,0.34051600510316815,0.0,0.0,0.25948399489683194
2019-08-13,0.0062311111214005425,0.0,0.4,0.34051600510316815,0.0,0.0,0.25948399489683194
2019-08-14,-0.0038233583307662328,0.012531945546892298,0.4,0.32798405955627585,1.6618256578635107e-19,1.6618256578635107e-19,0.27201594044372424
2019-08-15,0.007260234545757572,0.47201594044372436,0.0,0.4000000000000001,0.4000000000000001,3.1292754243684206e-18,0.19999999999999987
2019-08-16,-0.005614741205622399,1.3877787807814457e-17,0.0,0.4000000000000001,0.4000000000000001,3.129275424368421e-18,0.1999999999999999
2019-08-19,-0.00994938902554936,5.551115123125783e-17,0.0,0.4,0.4,3.129275424368421e-18,0.1999999999999999
2019-08-20,0.0009861098027557935,0.4000000000000001,0.4000000000000001,0.4000000000000001,0.03610129545125954,3.212228407155088e-19,0.1638987045487404
2019-08-21,-0.0037068691179889426,0.40000000000000013,0.0,0.4,0.4,1.1275979705371883e-19,0.2
2019-08-22,-0.002929156512728781,0.4,0.39999999999999997,0.4,0.0,0.0,0.20000000000000004
2019-08-23,-0.006518615576254919,0.07673386677617784,0.4,0.3232661332238222,6.2534767030188596e-18,7.592608813275416e-19,0.27673386677617784
2019-08-26,-0.0005056412268344069,0.4767338667761777,2.2048333937102544e-17,0.39999999999999997,0.39999999999999997,0.0,0.20000000000000012
2019-08-27,0.005858090695478984,0.4000000000000001,0.4,0.4,0.13700159717415109,1.4033681720876333e-18,0.06299840282584887
2019-08-28,0.003863854711759815,0.2217729987200217,0.3999999999999999,0.3152285984541295,0.0,3.159808995016416e-17,0.28477140154587055
2019-08-29,0.00466133884798903,8.326672684688674e-17,0.39999999999999997,0.31522859845412954,0.0,3.1598089950164165e-17,0.2847714015458706
2019-08-30,0.000971853400831493,1.1102230246251565e-16,0.39999999999999986,0.3152285984541295,0.0,3.159808995016416e-17,0.28477140154587055
2019-09-03,-0.0012955550005963258,8.326672684688674e-17,0.3999999999999999,0.31522859845412954,0.0,3.1598089950164165e-17,0.2847714015458706
2019-09-04,0.0032133814623382783,0.0,0.3999999999999999,0.31522859845412954,0.0,3.1598089950164165e-17,0.2847714015458706
2019-09-05,-0.0004602376204611222,0.0,0.3999999999999999,0.31522859845412954,0.0,3.1598089950164165e-17,0.2847714015458706
2019-09-06,0.0026580104430031825,0.0,0.3999999999999999,0.31522859845412954,0.0,3.1598089950164165e-17,0.2847714015458706
2019-09-09,-0.005930488468656707,0.0,0.3999999999999999,0.31522859845412954,0.0,3.1598089950164165e-17,0.2847714015458706
2019-09-10,-0.00529955343975808,0.0,0.3999999999999999,0.31522859845412954,0.0,3.1598089950164165e-17,0.2847714015458706
2019-09-11,0.0031355670358930257,0.0,0.3999999999999999,0.31522859845412954,0.0,3.1598089950164165e-17,0.2847714015458706
2019-09-12,-0.001587461498360877,0.016579542015655327,0.4,0.33180814046978474,0.0,0.0,0.2681918595302153
2019-09-13,-0.007753587616118437,0.0,0.4,0.33180814046978474,0.0,0.0,0.2681918595302153
2019-09-16,0.004197424207333581,0.0,0.4,0.33180814046978474,0.0,0.0,0.2681918595302153
2019-09-17,0.0020678091132605874,0.46819185953021525,0.0,0.39999999999999997,0.4,1.4502862765409725e-18,0.20000000000000007
2019-09-18,-6.811882210535627e-05,0.0,0.0,0.39999999999999997,0.4,1.4502862765409725e-18,0.20000000000000007
2019-09-19,0.0007293445619020353,0.4,0.3999999999999999,0.4000000000000001,1.2697661173320064e-16,0.0,0.19999999999999998
2019-09-20,0.0030088761677400343,0.08574505654311865,0.4,0.31425494345688154,3.353413974082311e-18,0.0,0.2857450565431185
2019-09-23,0.00026578739175494264,0.0,0.4,0.31425494345688154,3.353413974082311e-18,0.0,0.2857450565431185
2019-09-24,-0.0004139549276367385,0.0,0.4,0.31425494345688154,3.353413974082311e-18,0.0,0.2857450565431185
2019-09-25,1.0703156236888806e-05,0.0,0.4,0.31425494345688154,3.353413974082311e-18,0.0,0.2857450565431185
2019-09-26,0.0014910572489810646,0.11425494345688156,0.4,0.19999999999999996,6.4734165890145856e-18,6.4734165890145856e-18,0.4
2019-09-27,-0.0022547510423446054,0.0,0.4,0.19999999999999996,6.4734165890145856e-18,6.4734165890145856e-18,0.4
2019-09-30,0.0036783442107927384,0.0,0.4,0.19999999999999996,6.4734165890145856e-18,6.4734165890145856e-18,0.4
2019-10-01,-0.005484239666357605,0.0,0.4,0.19999999999999996,6.4734165890145856e-18,6.4734165890145856e-18,0.4
2019-10-02,-0.006873434303081672,0.0,0.4,0.19999999999999996,6.4734165890145856e-18,6.4734165890145856e-18,0.4
2019-10-03,0.006852044291302085,0.20000000000000004,0.4,0.39999999999999997,0.0,0.0,0.19999999999999996
2019-10-04,0.00821773096606069,0.0,0.4,0.39999999999999997,0.0,0.0,0.19999999999999996
2019-10-07,-0.004670244499064058,0.0,0.4,0.39999999999999997,0.0,0.0,0.19999999999999996
2019-10-08,-0.004836395586044296,0.0,0.4,0.39999999999999997,0.0,0.0,0.19999999999999996
2019-10-09,0.0013913161101108077,0.0,0.4,0.39999999999999997,0.0,0.0,0.19999999999999996
2019-10-10,-0.010263382921076647,0.4000000000000001,0.0,0.4,0.4,0.0,0.20000000000000007
2019-10-11,-0.007909374055573948,0.0,0.0,0.4,0.4,0.0,0.20000000000000007
2019-10-14,0.0051012924583118124,0.0,0.0,0.4,0.4,0.0,0.20000000000000007
2019-10-15,-0.0064239196969226925,0.12784982451009,0.12784982451008997,0.4,0.3629071441499531,4.819897268859105e-20,0.10924303133995694
2019-10-16,-0.0006780454197134347,0.362907144149953,0.3999999999999997,0.4,1.3183898417423734e-16,0.0,0.2000000000000002
2019-10-17,-0.000617658112096114,0.05944425672720513,0.4,0.34055574327279503,0.0,2.7236771094489733e-18,0.259444256727205
2019-10-18,-0.0027742597997986148,0.013289087950411395,0.4,0.32726665532238364,1.2992614608816106e-19,6.452059630999999e-20,0.2727333446776164
2019-10-21,0.0004551878497310274,0.0,0.4,0.32726665532238364,1.2992614608816106e-19,6.452059630999999e-20,0.2727333446776164
2019-10-22,0.0012226729923914164,0.0,0.4,0.32726665532238364,1.2992614608816106e-19,6.452059630999999e-20,0.2727333446776164
2019-10-23,0.0013903978831757346,0.0,0.4,0.32726665532238364,1.2992614608816106e-19,6.452059630999999e-20,0.2727333446776164
2019-10-24,0.0007066346778337347,0.021847663519538874,0.4,0.3491143188419225,4.964084615992943e-19,0.0,0.2508856811580775
2019-10-25,0.0002144774964052611,0.0,0.4,0.3491143188419225,4.964084615992943e-19,0.0,0.2508856811580775
2019-10-28,-0.00110873271459095,0.0,0.4,0.3491143188419225,4.964084615992943e-19,0.0,0.2508856811580775
2019-10-29,1.650201295575031e-05,0.0,0.4,0.3491143188419225,4.964084615992943e-19,0.0,0.2508856811580775
2019-10-30,0.00577206441513357,0.0,0.4,0.3491143188419225,4.964084615992943e-19,0.0,0.2508856811580775
2019-10-31,0.003501213083753894,0.021331864341427323,0.4,0.3704461831833498,1.3257810353675305e-18,9.769387941468161e-19,0.22955381681665019
2019-11-01,0.002478875486859899,0.0,0.4,0.3704461831833498,1.3257810353675305e-18,9.769387941468161e-19,0.22955381681665019
2019-11-04,-0.0024049616752379946,0.0,0.4,0.3704461831833498,1.3257810353675305e-18,9.769387941468161e-19,0.22955381681665019
2019-11-05,-0.00374818987940474,0.0,0.4,0.3704461831833498,1.3257810353675305e-18,9.769387941468161e-19,0.22955381681665019
2019-11-06,0.0023330284797686697,0.0,0.4,0.3704461831833498,1.3257810353675305e-18,9.769387941468161e-19,0.22955381681665019
2019-11-07,-0.0013209602276604596,0.17044618318334992,0.4000000000000001,0.19999999999999993,6.0587623910031275e-18,1.2997656294910357e-17,0.4000000000000001
2019-11-08,0.0010391455740111914,5.551115123125783e-17,0.4,0.19999999999999993,6.0587623910031275e-18,1.2997656294910357e-17,0.4
2019-11-11,-0.0012251672859762588,0.0,0.4,0.19999999999999993,6.0587623910031275e-18,1.2997656294910357e-17,0.4
2019-11-12,0.0023573198919368374,0.0,0.4,0.19999999999999993,6.0587623910031275e-18,1.2997656294910357e-17,0.4
2019-11-13,0.0012785878640688693,0.0,0.4,0.19999999999999993,6.0587623910031275e-18,1.2997656294910357e-17,0.4
2019-11-14,0.0040950734483316525,0.1575423246378661,0.4,0.35754232463786606,8.1095376033406e-18,0.0,0.24245767536213397
2019-11-15,0.001964425562824294,0.0,0.4,0.35754232463786606,8.1095376033406e-18,0.0,0.24245767536213397
2019-11-18,0.0004917009475725279,0.0,0.4,0.35754232463786606,8.1095376033406e-18,0.0,0.24245767536213397
2019-11-19,0.003135831215168581,0.0,0.4,0.35754232463786606,8.1095376033406e-18,0.0,0.24245767536213397
2019-11-20,0.0022122801357409884,0.0,0.4,0.35754232463786606,8.1095376033406e-18,0.0,0.24245767536213397
2019-11-21,-0.0012982234209897522,0.15754232463786608,0.4,0.19999999999999996,0.0,2.1026001828902956e-18,0.4
2019-11-22,0.002339930442318172,0.0,0.4,0.19999999999999996,0.0,2.1026001828902956e-18,0.4
2019-11-25,0.003983562994609091,0.0,0.4,0.19999999999999996,0.0,2.1026001828902956e-18,0.4
2019-11-26,0.0016293688328373964,0.0,0.4,0.19999999999999996,0.0,2.1026001828902956e-18,0.4
2019-11-27,0.0017969779005116986,0.0,0.4,0.19999999999999996,0.0,2.1026001828902956e-18,0.4
2019-11-29,-0.0025239167928531128,0.1654413399784178,0.4,0.36544133997841777,1.41683007163785e-17,0.0,0.2345586600215822
2019-12-02,-0.009229126568014645,0.0,0.4,0.36544133997841777,1.41683007163785e-17,0.0,0.2345586600215822
2019-12-03,0.004717132283173059,0.0,0.4,0.36544133997841777,1.41683007163785e-17,0.0,0.2345586600215822
2019-12-04,-0.0014438064810468132,0.0,0.4,0.36544133997841777,1.41683007163785e-17,0.0,0.2345586600215822
2019-12-05,-0.001584690788694075,0.0,0.4,0.36544133997841777,1.41683007163785e-17,0.0,0.2345586600215822
2019-12-06,0.004046094127758493,0.1654413399784178,0.4,0.19999999999999993,3.30330203632142e-18,6.772748988275034e-18,0.4
2019-12-09,-0.0012722993915560644,0.0,0.4,0.19999999999999993,3.30330203632142e-18,6.772748988275034e-18,0.4
2019-12-10,-0.0008802262845589493,0.0,0.4,0.19999999999999993,3.30330203632142e-18,6.772748988275034e-18,0.4
2019-12-11,0.0012108583936119904,0.0,0.4,0.19999999999999993,3.30330203632142e-18,6.772748988275034e-18,0.4
2019-12-12,0.0007570769196372242,0.0,0.4,0.19999999999999993,3.30330203632142e-18,6.772748988275034e-18,0.4
2019-12-13,0.0044825180321220485,0.1668005104554221,0.4,0.36680051045542206,0.0,0.0,0.23319948954457795
2019-12-16,-0.0009867178353545275,0.0,0.4,0.36680051045542206,0.0,0.0,0.23319948954457795
2019-12-17,1.995758401968065e-05,0.0,0.4,0.36680051045542206,0.0,0.0,0.23319948954457795
2019-12-18,-0.0025497310110731653,0.0,0.4,0.36680051045542206,0.0,0.0,0.23319948954457795
2019-12-19,0.0022264476993478764,0.0,0.4,0.36680051045542206,0.0,0.0,0.23319948954457795
2019-12-20,0.003062334741051904,0.01915984318500892,0.4,0.34764066727041315,4.440019342487942e-19,0.0,0.2523593327295869
2019-12-23,-3.190868765641714e-05,0.0,0.4,0.34764066727041315,4.440019342487942e-19,0.0,0.2523593327295869
2019-12-24,0.0010058730393175425,0.0,0.4,0.34764066727041315,4.440019342487942e-19,0.0,0.2523593327295869
2019-12-26,0.002583225861928699,0.0,0.4,0.34764066727041315,4.440019342487942e-19,0.0,0.2523593327295869
2019-12-27,-0.0009699271624823098,0.0,0.4,0.34764066727041315,4.440019342487942e-19,0.0,0.2523593327295869
2019-12-30,-0.0036550471464119735,0.15546641563917357,0.4,0.19217425163123955,0.00782574836876039,2.270800076833754e-19,0.4
2019-12-31,-0.001970998486030891,0.0,0.4,0.19217425163123955,0.00782574836876039,2.270800076833754e-19,0.4
2020-01-02,0.007385684179332053,0.007825748368760384,0.4,0.19999999999999993,0.0,1.0453716549916616e-19,0.4
2020-01-03,0.0005114744658283304,0.0,0.4,0.19999999999999993,0.0,1.0453716549916616e-19,0.4
2020-01-06,-0.0005294576204440955,0.0,0.4,0.19999999999999993,0.0,1.0453716549916616e-19,0.4
2020-01-07,-0.002203829957422473,0.1766111053969509,0.4,0.3766111053969508,0.0,7.176359949912772e-18,0.22338889460304912
2020-01-08,0.00024095707579798765,0.0,0.4,0.3766111053969508,0.0,7.176359949912772e-18,0.22338889460304912
2020-01-09,0.004460768914987781,0.0,0.4,0.3766111053969508,0.0,7.176359949912772e-18,0.22338889460304912
2020-01-10,0.0020270290228992715,0.0,0.4,0.3766111053969508,0.0,7.176359949912772e-18,0.22338889460304912
2020-01-13,0.0016084032904412498,0.0,0.4,0.3766111053969508,0.0,7.176359949912772e-18,0.22338889460304912
2020-01-14,0.0015015529435787886,0.018678947069436697,0.4,0.39529005246638754,7.875381741566018e-19,8.516371711208001e-19,0.20470994753361246
2020-01-15,0.003213186457941365,0.0,0.4,0.39529005246638754,7.875381741566018e-19,8.516371711208001e-19,0.20470994753361246
2020-01-16,0.0023947547889788144,0.0,0.4,0.39529005246638754,7.875381741566018e-19,8.516371711208001e-19,0.20470994753361246
2020-01-17,-0.0014317945835213117,0.0,0.4,0.39529005246638754,7.875381741566018e-19,8.516371711208001e-19,0.20470994753361246
2020-01-21,0.003214007774144905,0.0,0.4,0.39529005246638754,7.875381741566018e-19,8.516371711208001e-19,0.20470994753361246
2020-01-22,0.0004467212534510876,0.19529005246638756,0.4,0.2,2.124539177944544e-17,6.670879272047596e-18,0.4
2020-01-23,0.0029245408967514485,0.0,0.4,0.2,2.124539177944544e-17,6.670879272047596e-18,0.4
2020-01-24,-0.0013323424257773108,0.0,0.4,0.2,2.124539177944544e-17,6.670879272047596e-18,0.4
2020-01-27,-0.002694575664787236,0.0,0.4,0.2,2.124539177944544e-17,6.670879272047596e-18,0.4
2020-01-28,0.0026254285797773676,0.0,0.4,0.2,2.124539177944544e-17,6.670879272047596e-18,0.4
2020-01-29,0.0022186518554567066,0.0027825678177742217,0.4,0.1972174321822258,0.0027825678177742356,1.6841273814983615e-19,0.4
2020-01-30,0.00011669148568935216,0.0,0.4,0.1972174321822258,0.0027825678177742356,1.6841273814983615e-19,0.4
2020-01-31,-0.007113736182933568,0.0,0.4,0.1972174321822258,0.0027825678177742356,1.6841273814983615e-19,0.4
2020-02-03,0.004772223556185102,0.0,0.4,0.1972174321822258,0.0027825678177742356,1.6841273814983615e-19,0.4
2020-02-04,0.004009061723842478,0.002782567817774229,0.4,0.2,8.673617379884035e-19,3.917910695627094e-20,0.4
2020-02-05,0.0010011152663475628,0.2,0.4,0.4,6.53536318599096e-18,0.0,0.19999999999999998
2020-02-06,0.003525457468623028,0.0,0.4,0.4,6.53536318599096e-18,0.0,0.19999999999999998
2020-02-07,0.0033105279871288753,0.0,0.4,0.4,6.53536318599096e-18,0.0,0.19999999999999998
2020-02-10,0.004394004014691078,0.0,0.4,0.4,6.53536318599096e-18,0.0,0.19999999999999998
2020-02-11,-0.0015475950120305002,0.0,0.4,0.4,6.53536318599096e-18,0.0,0.19999999999999998
2020-02-12,0.0010754381404766812,0.0,0.4,0.4,6.53536318599096e-18,0.0,0.19999999999999998
2020-02-13,0.001332266691436157,0.0,0.4,0.4,6.53536318599096e-18,0.0,0.19999999999999998
2020-02-14,0.0023172027932593098,0.0,0.4,0.4,6.53536318599096e-18,0.0,0.19999999999999998
2020-02-18,0.0024560919920932015,0.0,0.4,0.4,6.53536318599096e-18,0.0,0.19999999999999998
2020-02-19,0.00225724243648,0.0,0.4,0.4,6.53536318599096e-18,0.0,0.19999999999999998
2020-02-20,0.0020848045882540856,0.0,0.4,0.4,6.53536318599096e-18,0.0,0.19999999999999998
2020-02-21,-0.0015688376588764543,0.0,0.4,0.4,6.53536318599096e-18,0.0,0.19999999999999998
2020-02-24,-0.0072200965892439415,0.0,0.4,0.4,6.53536318599096e-18,0.0,0.19999999999999998
2020-02-25,-0.010587096451265232,0.0,0.4,0.4,6.53536318599096e-18,0.0,0.19999999999999998
2020-02-26,-0.00022088147800536427,0.4,0.0,0.4,0.39999999999999997,0.0,0.2
2020-02-27,-0.005409147904628361,0.20538827789472694,0.20538827789472697,0.4,0.29720068123341675,5.222056865133172e-20,0.09741104087185631
2020-02-28,-0.006240021745789505,0.2053882778947269,0.0,0.4,0.4,6.653544772679546e-18,0.19999999999999993
2020-03-02,-0.0017878175860539295,0.0,0.0,0.4,0.4,6.653544772679546e-18,0.19999999999999993
2020-03-03,0.01795018193846312,0.0,0.0,0.4,0.4,6.653544772679546e-18,0.19999999999999993
2020-03-04,-0.0028608082710885,0.0,0.0,0.4,0.4,6.653544772679546e-18,0.19999999999999993
2020-03-05,0.017080543690001074,0.0,0.0,0.4,0.4,6.653544772679546e-18,0.19999999999999993
2020-03-06,0.01982315636931127,0.0,0.0,0.4,0.4,6.653544772679546e-18,0.19999999999999993
2020-03-09,0.009349576873645038,0.0,0.0,0.4,0.4,6.653544772679546e-18,0.19999999999999993
2020-03-10,-0.015929143328642113,0.22654550061190887,0.026545500611908773,0.36830583282744345,0.20514866656064776,1.811317775092465e-18,0.4
2020-03-11,-0.015836650369814808,0.22654550061190878,0.0,0.4,0.4,5.5192143273769875e-18,0.20000000000000007
2020-03-12,-0.011335959385812711,0.0,0.0,0.4,0.4,5.5192143273769875e-18,0.20000000000000007
2020-03-13,-0.013683336633076547,0.0,0.0,0.4,0.4,5.5192143273769875e-18,0.20000000000000007
2020-03-16,0.010934068641821669,0.19296722532387595,0.0,0.4,0.20703277467612402,1.1072478727994204e-17,0.39296722532387596
2020-03-17,-0.01367017078932288,0.03359456171829244,0.026561787042168446,0.373333750021004,0.20010446293682768,1.110825563334567e-18,0.4
2020-03-18,-0.02032472405309376,0.0,0.026561787042168446,0.373333750021004,0.20010446293682768,1.110825563334567e-18,0.4
2020-03-19,0.015597828550522858,0.007871159168207272,0.028850222893867915,0.36546259085279664,0.2056871862533354,6.10499567197238e-19,0.4
2020-03-20,0.028183013998616654,0.0,0.028850222893867915,0.36546259085279664,0.2056871862533354,6.10499567197238e-19,0.4
2020-03-23,0.022838906326502796,0.0,0.028850222893867915,0.36546259085279664,0.2056871862533354,6.10499567197238e-19,0.4
2020-03-24,0.001216597307908478,0.0,0.028850222893867915,0.36546259085279664,0.2056871862533354,6.10499567197238e-19,0.4
2020-03-25,-0.006975123035201366,0.0,0.028850222893867915,0.36546259085279664,0.2056871862533354,6.10499567197238e-19,0.4
2020-03-26,-0.000328644050484184,0.0017997073598196578,0.028643084685374087,0.3672622982126163,0.20409461710200957,6.052862281736984e-19,0.4
2020-03-27,0.004366321040541209,0.0,0.028643084685374087,0.3672622982126163,0.20409461710200957,6.052862281736984e-19,0.4
2020-03-30,0.0006018284603526215,0.0,0.028643084685374087,0.3672622982126163,0.20409461710200957,6.052862281736984e-19,0.4
2020-03-31,-0.010205620760405617,0.0,0.028643084685374087,0.3672622982126163,0.20409461710200957,6.052862281736984e-19,0.4
2020-04-01,0.008320722886316394,0.0,0.028643084685374087,0.3672622982126163,0.20409461710200957,6.052862281736984e-19,0.4
2020-04-02,0.008344252077890706,0.010683883189393357,0.03104348813313403,0.37554577795424976,0.19341073391261626,0.0,0.4
2020-04-03,0.0036107355485758596,0.0,0.03104348813313403,0.37554577795424976,0.19341073391261626,0.0,0.4
2020-04-06,0.006610460699387922,0.0,0.03104348813313403,0.37554577795424976,0.19341073391261626,0.0,0.4
2020-04-07,-0.008599651909120137,0.0,0.03104348813313403,0.37554577795424976,0.19341073391261626,0.0,0.4
2020-04-08,-0.0019346323991780425,0.0,0.03104348813313403,0.37554577795424976,0.19341073391261626,0.0,0.4
2020-04-09,0.003242391120538813,0.00279496911461335,0.033838457247747346,0.37503931208475483,0.1911222306674978,7.067103947790831e-19,0.4
2020-04-13,-0.0010505788474005303,0.0,0.033838457247747346,0.37503931208475483,0.1911222306674978,7.067103947790831e-19,0.4
2020-04-14,0.00018067584919412337,0.0,0.033838457247747346,0.37503931208475483,0.1911222306674978,7.067103947790831e-19,0.4
2020-04-15,0.011229668836113295,0.0,0.033838457247747346,0.37503931208475483,0.1911222306674978,7.067103947790831e-19,0.4
2020-04-16,0.006037579707558552,0.0,0.033838457247747346,0.37503931208475483,0.1911222306674978,7.067103947790831e-19,0.4
2020-04-17,-0.008776912437648016,0.0018861773292094233,0.035724634576956765,0.373981030928818,0.1902943344942252,0.0,0.4
2020-04-20,0.005068182538589103,0.0,0.035724634576956765,0.373981030928818,0.1902943344942252,0.0,0.4
2020-04-21,0.0029160471233369407,0.0,0.035724634576956765,0.373981030928818,0.1902943344942252,0.0,0.4
2020-04-22,0.0018942638698023432,0.0,0.035724634576956765,0.373981030928818,0.1902943344942252,0.0,0.4
2020-04-23,0.0040239391227810915,0.0,0.035724634576956765,0.373981030928818,0.1902943344942252,0.0,0.4
2020-04-24,-0.0003095636591685333,0.005384745033883529,0.038329862643241445,0.3685962858949345,0.19307385146182404,1.307963142093364e-18,0.4
2020-04-27,-0.008620825803296095,0.0,0.038329862643241445,0.3685962858949345,0.19307385146182404,1.307963142093364e-18,0.4
2020-04-28,0.0027635250852815272,0.0,0.038329862643241445,0.3685962858949345,0.19307385146182404,1.307963142093364e-18,0.4
2020-04-29,-0.001466235131906972,0.0,0.038329862643241445,0.3685962858949345,0.19307385146182404,1.307963142093364e-18,0.4
2020-04-30,-0.010681123555098086,0.0,0.038329862643241445,0.3685962858949345,0.19307385146182404,1.307963142093364e-18,0.4
2020-05-01,0.003628522218927018,0.0053435535255392805,0.04261315643508195,0.3632527323693952,0.19413411119552282,0.0,0.4
2020-05-04,0.001326383965999379,0.0,0.04261315643508195,0.3632527323693952,0.19413411119552282,0.0,0.4
2020-05-05,-0.0008115627474634287,0.0,0.04261315643508195,0.3632527323693952,0.19413411119552282,0.0,0.4
2020-05-06,-0.006719080432495208,0.0,0.04261315643508195,0.3632527323693952,0.19413411119552282,0.0,0.4
2020-05-07,0.008382939013062744,0.0,0.04261315643508195,0.3632527323693952,0.19413411119552282,0.0,0.4
2020-05-08,-0.0052323433734089595,0.004327478123974625,0.04694063455905665,0.3628945721824494,0.19016479325849406,4.8262066603812546e-20,0.4
2020-05-11,-0.002528731721074902,0.0,0.04694063455905665,0.3628945721824494,0.19016479325849406,4.8262066603812546e-20,0.4
2020-05-12,0.0027917607119539866,0.0,0.04694063455905665,0.3628945721824494,0.19016479325849406,4.8262066603812546e-20,0.4
2020-05-13,0.004277182541608601,0.0,0.04694063455905665,0.3628945721824494,0.19016479325849406,4.8262066603812546e-20,0.4
2020-05-14,0.006238777919973787,0.0,0.04694063455905665,0.3628945721824494,0.19016479325849406,4.8262066603812546e-20,0.4
2020-05-15,0.0006268629451603266,0.004876200375260431,0.04926965079389268,0.3654417563228738,0.1852885928832336,0.0,0.4
2020-05-18,-0.01116159299331741,0.0,0.04926965079389268,0.3654417563228738,0.1852885928832336,0.0,0.4
2020-05-19,0.0023525238370638458,0.0,0.04926965079389268,0.3654417563228738,0.1852885928832336,0.0,0.4
2020-05-20,0.0010347326475968297,0.0,0.04926965079389268,0.3654417563228738,0.1852885928832336,0.0,0.4
2020-05-21,-0.001234508749282008,0.0,0.04926965079389268,0.3654417563228738,0.1852885928832336,0.0,0.4
2020-05-22,0.004564055031910964,0.003309698966174512,0.052579349760067146,0.36336513417645927,0.18405551606347356,6.08046952636575e-19,0.4
2020-05-26,-0.009805153476576884,0.0,0.052579349760067146,0.36336513417645927,0.18405551606347356,6.08046952636575e-19,0.4
2020-05-27,0.0002972597572418089,0.0,0.052579349760067146,0.36336513417645927,0.18405551606347356,6.08046952636575e-19,0.4
2020-05-28,-0.0029086324228968508,0.0,0.052579349760067146,0.36336513417645927,0.18405551606347356,6.08046952636575e-19,0.4
2020-05-29,0.0035828959688189513,0.0,0.052579349760067146,0.36336513417645927,0.18405551606347356,6.08046952636575e-19,0.4
2020-06-01,-0.0036461760106602805,0.004615167406831419,0.057054190862424,0.36350546048093385,0.17944034865664216,4.468877657603995e-19,0.4
2020-06-02,-0.002465117436559725,0.0,0.057054190862424,0.36350546048093385,0.17944034865664216,4.468877657603995e-19,0.4
2020-06-03,-0.009807472602122905,0.0,0.057054190862424,0.36350546048093385,0.17944034865664216,4.468877657603995e-19,0.4
2020-06-04,-0.005047470801165589,0.0,0.057054190862424,0.36350546048093385,0.17944034865664216,4.468877657603995e-19,0.4
2020-06-05,-0.0040008407178805435,0.0,0.057054190862424,0.36350546048093385,0.17944034865664216,4.468877657603995e-19,0.4
2020-06-08,0.002975716317117855,0.006764623205385817,0.06381881406780987,0.36253671580267544,0.1736444701295148,0.0,0.4
2020-06-09,0.004092176084764013,0.0,0.06381881406780987,0.36253671580267544,0.1736444701295148,0.0,0.4
2020-06-10,0.0055113324330973035,0.0,0.06381881406780987,0.36253671580267544,0.1736444701295148,0.0,0.4
2020-06-11,0.005931511436159161,0.0,0.06381881406780987,0.36253671580267544,0.1736444701295148,0.0,0.4
2020-06-12,-0.0014160402130698692,0.0,0.06381881406780987,0.36253671580267544,0.1736444701295148,0.0,0.4
2020-06-15,-0.0011608235136878003,0.00393212174711486,0.06712866269678743,0.35860459405556055,0.1742667432476521,0.0,0.4
2020-06-16,-0.0030688115664121002,0.0,0.06712866269678743,0.35860459405556055,0.1742667432476521,0.0,0.4
2020-06-17,0.0018395243133995727,0.0,0.06712866269678743,0.35860459405556055,0.1742667432476521,0.0,0.4
2020-06-18,0.005003310067312423,0.0,0.06712866269678743,0.35860459405556055,0.1742667432476521,0.0,0.4
2020-06-19,0.0022817805581984117,0.0,0.06712866269678743,0.35860459405556055,0.1742667432476521,0.0,0.4
2020-06-22,-0.0004960572731973483,0.0041152461003999136,0.07055609952880217,0.3544893479551606,0.17495455251603725,0.0,0.4
2020-06-23,-0.001996738525392057,0.0,0.07055609952880217,0.3544893479551606,0.17495455251603725,0.0,0.4
2020-06-24,0.0032280078878474242,0.0,0.07055609952880217,0.3544893479551606,0.17495455251603725,0.0,0.4
2020-06-25,0.002282336765508438,0.0,0.07055609952880217,0.3544893479551606,0.17495455251603725,0.0,0.4
2020-06-26,0.0035071262113964222,0.0,0.07055609952880217,0.3544893479551606,0.17495455251603725,0.0,0.4
2020-06-29,0.0002090467079483788,0.004158440186915052,0.0737112336703057,0.3554926540005721,0.17079611232912217,2.0436598623027308e-19,0.4
2020-06-30,-0.0006309722834928384,0.0,0.0737112336703057,0.3554926540005721,0.17079611232912217,2.0436598623027308e-19,0.4
2020-07-01,-0.0018511856074237914,0.0,0.0737112336703057,0.3554926540005721,0.17079611232912217,2.0436598623027308e-19,0.4
2020-07-02,0.0014711275913438047,0.011887368995865434,0.07624885696875475,0.3436052850047067,0.1801458580265386,7.311433611771471e-19,0.4
2020-07-06,-0.0012820787176012504,0.0,0.07624885696875475,0.3436052850047067,0.1801458580265386,7.311433611771471e-19,0.4
2020-07-07,0.005958750806112456,0.012023208171026659,0.07902870725656,0.3315820768336801,0.18938921590976002,1.2942867014902975e-18,0.4
2020-07-08,-0.0016810979165073118,0.0,0.07902870725656,0.3315820768336801,0.18938921590976002,1.2942867014902975e-18,0.4
2020-07-09,0.00569887387295733,0.0,0.07902870725656,0.3315820768336801,0.18938921590976002,1.2942867014902975e-18,0.4
2020-07-10,-0.0019623264016776845,0.0,0.07902870725656,0.3315820768336801,0.18938921590976002,1.2942867014902975e-18,0.4
2020-07-13,3.4371960455853196e-05,0.0,0.07902870725656,0.3315820768336801,0.18938921590976002,1.2942867014902975e-18,0.4
2020-07-14,0.0016700299520362627,0.010496032791659053,0.08134652414182335,0.321086044042021,0.19756743181615571,0.0,0.4
2020-07-15,-0.0016531237179140917,0.0,0.08134652414182335,0.321086044042021,0.19756743181615571,0.0,0.4
2020-07-16,0.0007768708992412846,0.0,0.08134652414182335,0.321086044042021,0.19756743181615571,0.0,0.4
2020-07-17,-0.0004985971065984312,0.0,0.08134652414182335,0.321086044042021,0.19756743181615571,0.0,0.4
2020-07-20,0.0017820439390089573,0.0,0.08134652414182335,0.321086044042021,0.19756743181615571,0.0,0.4
2020-07-21,0.00036051256591140965,0.009869804449209083,0.08401289878041283,0.3112162395928119,0.2047708616267753,4.894320359276758e-19,0.4
2020-07-22,0.0034331420695050546,0.0,0.08401289878041283,0.3112162395928119,0.2047708616267753,4.894320359276758e-19,0.4
2020-07-23,0.003660762114441863,0.0,0.08401289878041283,0.3112162395928119,0.2047708616267753,4.894320359276758e-19,0.4
2020-07-24,-0.0005208242324174683,0.0,0.08401289878041283,0.3112162395928119,0.2047708616267753,4.894320359276758e-19,0.4
2020-07-27,0.0005221602746720462,0.0,0.08401289878041283,0.3112162395928119,0.2047708616267753,4.894320359276758e-19,0.4
2020-07-28,0.003948081159441484,0.011370679209871289,0.08595515377556662,0.29984556038294063,0.2141992858414928,0.0,0.4
2020-07-29,0.000261621760775359,0.0,0.08595515377556662,0.29984556038294063,0.2141992858414928,0.0,0.4
2020-07-30,-0.0015015230084893185,0.0,0.08595515377556662,0.29984556038294063,0.2141992858414928,0.0,0.4
2020-07-31,0.004820750591411692,0.0,0.08595515377556662,0.29984556038294063,0.2141992858414928,0.0,0.4
2020-08-03,-0.0006694838129118994,0.0,0.08595515377556662,0.29984556038294063,0.2141992858414928,0.0,0.4
2020-08-04,0.006418471955224402,0.010735952067845354,0.08775698706802836,0.2891096083150953,0.22313340461687645,0.0,0.4
2020-08-05,-0.0016579372397363097,0.0,0.08775698706802836,0.2891096083150953,0.22313340461687645,0.0,0.4
2020-08-06,0.005163480148713991,0.0,0.08775698706802836,0.2891096083150953,0.22313340461687645,0.0,0.4
2020-08-07,-0.003016337570167987,0.0,0.08775698706802836,0.2891096083150953,0.22313340461687645,0.0,0.4
2020-08-10,-0.001168805666250134,0.0,0.08775698706802836,0.2891096083150953,0.22313340461687645,0.0,0.4
2020-08-11,-0.015873372694278274,0.011256992402288682,0.09007923707568559,0.2778526159128066,0.23206814701150785,0.0,0.4
2020-08-12,-0.0036193244067957166,0.0,0.09007923707568559,0.2778526159128066,0.23206814701150785,0.0,0.4
2020-08-13,0.0021899057594241176,0.0,0.09007923707568559,0.2778526159128066,0.23206814701150785,0.0,0.4
2020-08-14,-0.002717248999698149,0.0,0.09007923707568559,0.2778526159128066,0.23206814701150785,0.0,0.4
2020-08-17,0.004271245744002823,0.0,0.09007923707568559,0.2778526159128066,0.23206814701150785,0.0,0.4
2020-08-18,0.0020407084116688505,0.011236053599993967,0.09279987831539659,0.2666165623128126,0.24058355937179082,1.3202923375758242e-18,0.4
2020-08-19,-0.006438169234075782,0.0,0.09279987831539659,0.2666165623128126,0.24058355937179082,1.3202923375758242e-18,0.4
2020-08-20,0.0032479888137951626,0.0,0.09279987831539659,0.2666165623128126,0.24058355937179082,1.3202923375758242e-18,0.4
2020-08-21,0.0019151160591899417,0.0,0.09279987831539659,0.2666165623128126,0.24058355937179082,1.3202923375758242e-18,0.4
2020-08-24,-0.00021880936991947275,0.0,0.09279987831539659,0.2666165623128126,0.24058355937179082,1.3202923375758242e-18,0.4
2020-08-25,-0.002761074737978486,0.009449869302197655,0.09540532799004013,0.25716669301061496,0.24742797899934493,1.5253916734527203e-18,0.4
2020-08-26,0.002416826954153335,0.0,0.09540532799004013,0.25716669301061496,0.24742797899934493,1.5253916734527203e-18,0.4
2020-08-27,-0.0065482782165628296,0.0,0.09540532799004013,0.25716669301061496,0.24742797899934493,1.5253916734527203e-18,0.4
2020-08-28,0.0015418407445712688,0.0,0.09540532799004013,0.25716669301061496,0.24742797899934493,1.5253916734527203e-18,0.4
2020-08-31,0.0014713962161467123,0.0,0.09540532799004013,0.25716669301061496,0.24742797899934493,1.5253916734527203e-18,0.4
2020-09-01,0.004848166387813151,0.01095827641230089,0.09816901931205378,0.24620841659831408,0.2556225640896322,1.2384721618687648e-18,0.4
2020-09-02,0.0018500007776022882,0.0,0.09816901931205378,0.24620841659831408,0.2556225640896322,1.2384721618687648e-18,0.4
2020-09-03,-0.0045906843435033155,0.0,0.09816901931205378,0.24620841659831408,0.2556225640896322,1.2384721618687648e-18,0.4
2020-09-04,-0.004132301381032446,0.0,0.09816901931205378,0.24620841659831408,0.2556225640896322,1.2384721618687648e-18,0.4
2020-09-08,0.0004105468908880672,0.0,0.09816901931205378,0.24620841659831408,0.2556225640896322,1.2384721618687648e-18,0.4
2020-09-09,0.0032614784654128193,0.009002994151170708,0.10072085116398377,0.2372054224471434,0.26207372638887294,0.0,0.4
2020-09-10,-0.000593718785270017,0.0,0.10072085116398377,0.2372054224471434,0.26207372638887294,0.0,0.4
2020-09-11,-0.00025000174161060633,0.0,0.10072085116398377,0.2372054224471434,0.26207372638887294,0.0,0.4
2020-09-14,0.00242753012255625,0.0,0.10072085116398377,0.2372054224471434,0.26207372638887294,0.0,0.4
2020-09-15,-0.00037679265845985953,0.0,0.10072085116398377,0.2372054224471434,0.26207372638887294,0.0,0.4
2020-09-16,0.0001463009766150166,0.008922873475629596,0.10334050944569594,0.2282825489715138,0.26837694158279035,1.9235401284607402e-19,0.4
2020-09-17,-0.003114837161725767,0.0,0.10334050944569594,0.2282825489715138,0.26837694158279035,1.9235401284607402e-19,0.4
2020-09-18,-0.0010686762652738335,0.0,0.10334050944569594,0.2282825489715138,0.26837694158279035,1.9235401284607402e-19,0.4
2020-09-21,-0.0025152975216329093,0.0,0.10334050944569594,0.2282825489715138,0.26837694158279035,1.9235401284607402e-19,0.4
2020-09-22,0.000994643300752999,0.0,0.10334050944569594,0.2282825489715138,0.26837694158279035,1.9235401284607402e-19,0.4
2020-09-23,-0.005877552663116143,0.008357967504710767,0.10515851793658464,0.219924581466803,0.2749169005966124,0.0,0.4
2020-09-24,0.0015178846138839837,0.0,0.10515851793658464,0.219924581466803,0.2749169005966124,0.0,0.4
2020-09-25,0.002015436207477495,0.0,0.10515851793658464,0.219924581466803,0.2749169005966124,0.0,0.4
2020-09-28,0.0026636542992708664,0.003160417353843648,0.10458430618612773,0.2173383758634163,0.2780773179504561,7.204315980163966e-19,0.4
2020-09-29,0.00017782514739254863,0.004432092694645083,0.10396554025435392,0.21352504910054496,0.2825094106451011,7.175731805921082e-19,0.4
2020-09-30,-0.002902688098125041,0.0033496082786385055,0.10731514853299243,0.2116588037978158,0.28102604766919176,1.2523891702360421e-18,0.4
2020-10-01,0.0029227366797263373,0.0015026487175849874,0.10686287156680518,0.21060843204641805,0.28252869638677675,0.0,0.4
2020-10-02,-0.0010909513870270959,0.0039800721840537664,0.10623858754884195,0.20725264388032752,0.2865087685708305,3.4512821070801055e-19,0.4
2020-10-05,-0.002503695305407404,0.0,0.10623858754884195,0.20725264388032752,0.2865087685708305,3.4512821070801055e-19,0.4
2020-10-06,-0.0025642346909408743,0.006730946022529119,0.10752303449851473,0.21269914295318387,0.2797778225483014,0.0,0.4
2020-10-07,-0.00018340826547565896,0.007511416337075778,0.1100269266914815,0.20518772661610812,0.28478534669241046,1.160781138876321e-18,0.4
2020-10-08,0.0029374690447140995,0.0,0.1100269266914815,0.20518772661610812,0.28478534669241046,1.160781138876321e-18,0.4
2020-10-09,0.003884233610020853,0.008602256757421003,0.10814011467414468,0.19847228187602392,0.29338760344983145,1.0295870020114536e-18,0.4
2020-10-12,0.004153374797578464,0.4,0.2628029255554777,0.3371970744445224,0.4,1.0083360084353448e-17,0.0
2020-10-13,-0.0056117104018759256,0.0014417500133692745,0.26424467556884695,0.33575532443115313,0.4,0.0,0.0
2020-10-14,0.0003620084368111519,0.0019203885082101912,0.26232428706063676,0.3376757129393633,0.4,2.496331939450511e-20,0.0
2020-10-15,0.0005511394485667636,0.0,0.26232428706063676,0.3376757129393633,0.4,2.496331939450511e-20,0.0
2020-10-16,-0.0024834175308674654,0.0,0.26232428706063676,0.3376757129393633,0.4,2.496331939450511e-20,0.0
2020-10-19,-0.005062579388636349,0.0,0.26232428706063676,0.3376757129393633,0.4,2.496331939450511e-20,0.0
2020-10-20,-0.00023445138053379945,0.0,0.26232428706063676,0.3376757129393633,0.4,2.496331939450511e-20,0.0
2020-10-21,0.0013567132194419354,0.004356738420337292,0.26668102548097405,0.33331897451902603,0.4,0.0,2.7300700851362143e-20
2020-10-22,-0.00594442902500503,0.0013458505971568613,0.2653351748838172,0.3346648251161829,0.4,0.0,2.4836693463410265e-20
2020-10-23,0.0024790191274911134,0.015664531469949394,0.2809997063537666,0.3190002936462335,0.4,0.0,0.0
2020-10-26,-0.0037716679814834286,0.2,0.4,0.4,0.19999999999999996,0.0,0.0
2020-10-27,0.0018749620507284145,0.11939373001565493,0.34778953716495375,0.3328167328193914,0.3193937300156549,8.140944195981823e-20,0.0
2020-10-28,-0.01652648761243973,0.11939373001565487,0.39999999999999997,0.4,0.2,4.402845303761965e-19,0.0
2020-10-29,-0.002640327503053265,0.19999999999999996,0.2436756862877687,0.35632431371223133,0.39999999999999997,5.118900934088161e-18,5.071645201091126e-18
2020-10-30,-0.004231274104687126,0.0,0.2436756862877687,0.35632431371223133,0.39999999999999997,5.118900934088161e-18,5.071645201091126e-18
2020-11-02,0.009282350909525162,0.0,0.2436756862877687,0.35632431371223133,0.39999999999999997,5.118900934088161e-18,5.071645201091126e-18
2020-11-03,0.004505756288995604,0.0,0.2436756862877687,0.35632431371223133,0.39999999999999997,5.118900934088161e-18,5.071645201091126e-18
2020-11-04,0.01294761532509743,0.006698878604267327,0.23697680768350143,0.36302319231649866,0.4,6.51636812626825e-20,0.0
2020-11-05,0.014445999946901215,0.0,0.23697680768350143,0.36302319231649866,0.4,6.51636812626825e-20,0.0
2020-11-06,-0.0038723006323062212,0.0,0.23697680768350143,0.36302319231649866,0.4,6.51636812626825e-20,0.0
2020-11-09,-0.022359609476902752,0.0,0.23697680768350143,0.36302319231649866,0.4,6.51636812626825e-20,0.0
2020-11-10,-0.0011161013124728514,0.0,0.23697680768350143,0.36302319231649866,0.4,6.51636812626825e-20,0.0
2020-11-11,0.001321087696971638,0.00496048916082166,0.23201631852267976,0.3679836814773203,0.4,2.426402354428501e-19,2.2108412125161885e-19
2020-11-12,0.006083846783448106,0.013174211174056621,0.2451905296967364,0.3548094703032637,0.4,7.266787991768768e-19,5.374074356358824e-19
2020-11-13,0.0056519828809398496,0.0,0.2451905296967364,0.3548094703032637,0.4,7.266787991768768e-19,5.374074356358824e-19
2020-11-16,0.0023671977350345663,0.012215144013780974,0.25740567371051737,0.3425943262894827,0.4,6.774335712413681e-19,4.786517179944049e-19
2020-11-17,-0.0006913180085083314,0.03310366436225576,0.2905093380727731,0.3407184583287719,0.3687722035984551,0.0,1.1049369026958995e-19
2020-11-18,-0.00479966014216473,0.16877220359845505,0.4,0.4,0.2,0.0,0.0
2020-11-19,0.003393342784509235,0.09502872564304551,0.4,0.4,0.10497127435695447,2.403100943658478e-18,0.0950287256430455
2020-11-20,0.0010502001168725796,0.10497127435695447,0.4,0.4,0.0,0.0,0.19999999999999996
2020-11-23,0.0008857287662640267,0.0,0.4,0.4,0.0,0.0,0.19999999999999996
2020-11-24,0.0015037392285452535,0.0,0.4,0.4,0.0,0.0,0.19999999999999996
2020-11-25,-0.001689899894740015,0.4,0.22517588142343456,0.37482411857656545,0.4000000000000001,0.0,1.7911625998763746e-17
2020-11-27,0.00020604491581225227,2.7755575615628914e-17,0.22517588142343456,0.37482411857656545,0.4,0.0,1.7911625998763746e-17
2020-11-30,-0.004134818574786341,0.0,0.22517588142343456,0.37482411857656545,0.4,0.0,1.7911625998763746e-17
2020-12-01,0.005410271938780975,0.0019482894344740132,0.22712417085790856,0.37287582914209144,0.4,0.0,0.0
2020-12-02,0.0005078415050004475,0.00191298808377377,0.22521118277413485,0.37478881722586527,0.4,8.057971130225029e-20,7.642087404626038e-20
2020-12-03,0.006097503840142984,0.0015391129501911849,0.22675029572432595,0.373249704275674,0.4,0.0,5.120460316394346e-20
2020-12-04,-0.004654250099173204,0.0,0.22675029572432595,0.373249704275674,0.4,0.0,5.120460316394346e-20
2020-12-07,0.008866729381392052,0.0,0.22675029572432595,0.373249704275674,0.4,0.0,5.120460316394346e-20
2020-12-08,0.003822329309626898,0.0,0.22675029572432595,0.373249704275674,0.4,0.0,5.120460316394346e-20
2020-12-09,-0.01011630975701909,0.0020493958348468816,0.2287996915591729,0.3712003084408272,0.4,3.7641484858703965e-20,0.0
2020-12-10,0.0024501655948515324,0.0,0.2287996915591729,0.3712003084408272,0.4,3.7641484858703965e-20,0.0
2020-12-11,0.0017889921978293608,0.0,0.2287996915591729,0.3712003084408272,0.4,3.7641484858703965e-20,0.0
2020-12-14,-0.0042722635758766616,0.009519996671021852,0.23831968823019478,0.36168031176980536,0.4,1.0138290383352529e-19,1.0768334168116563e-19
2020-12-15,0.007667557137614723,0.036484503568897764,0.27480419179909243,0.3572260641496732,0.36796974405123434,0.0,1.4379634403504838e-20
2020-12-16,0.0016029029075358696,0.04025548289486976,0.23454870890422272,0.3654512910957773,0.4,0.0,0.0
2020-12-17,0.0001109607087235176,0.4,0.4,0.4,0.0,9.481648497652164e-20,0.19999999999999996
2020-12-18,-0.002548437203300136,0.0,0.4,0.4,0.0,9.481648497652164e-20,0.19999999999999996
2020-12-21,0.000568499686390744,0.0,0.4,0.4,0.0,9.481648497652164e-20,0.19999999999999996
2020-12-22,0.0024596300486545266,0.0,0.4,0.4,0.0,9.481648497652164e-20,0.19999999999999996
2020-12-23,-0.0033042462717510993,0.0,0.4,0.4,0.0,9.481648497652164e-20,0.19999999999999996
2020-12-24,0.0033031842993722195,4.629711180494108e-23,0.4,0.4,0.0,9.472389075291176e-20,0.19999999999999996
2020-12-28,0.0036144420061160255,0.0,0.4,0.4,0.0,9.472389075291176e-20,0.19999999999999996
2020-12-29,-0.0019284281343288968,0.0,0.4,0.4,0.0,9.472389075291176e-20,0.19999999999999996
2020-12-30,0.0006120133151449105,0.0,0.4,0.4,0.0,9.472389075291176e-20,0.19999999999999996
2020-12-31,0.003195623584776453,0.0,0.4,0.4,0.0,9.472389075291176e-20,0.19999999999999996
2021-01-04,0.005423436606750046,0.3999999999999999,0.22219054399969485,0.3778094560003053,0.4,0.0,0.0
2021-01-05,-0.0002937715932841388,0.01417057258635486,0.20801997141333992,0.3919800285866601,0.4,0.0,0.0
2021-01-06,-0.01329942513484558,0.0,0.20801997141333992,0.3919800285866601,0.4,0.0,0.0
2021-01-07,-0.001329518869523582,0.0013201183299774016,0.20669985308336253,0.3933001469166375,0.4,1.0049774619066281e-19,4.7424897073148404e-20
2021-01-08,-0.013775533767390873,0.0,0.20669985308336253,0.3933001469166375,0.4,1.0049774619066281e-19,4.7424897073148404e-20
2021-01-11,-0.0021212715833990557,0.4000000000000001,0.40000000000000013,0.40000000000000013,0.0,1.4175828681338575e-17,0.19999999999999984
2021-01-12,-0.00129793266669067,6.938893903907228e-17,0.4000000000000001,0.4000000000000001,0.0,1.4175828681338578e-17,0.19999999999999987
2021-01-13,0.0062406978230989734,1.3877787807814457e-17,0.4000000000000001,0.4000000000000001,0.0,1.417582868133858e-17,0.1999999999999999
2021-01-14,-0.005558289249704407,5.551115123125783e-17,0.4,0.4,0.0,1.417582868133858e-17,0.1999999999999999
2021-01-15,-1.4032935277265117e-05,0.0,0.4,0.4,0.0,1.417582868133858e-17,0.1999999999999999
2021-01-19,0.00385967211716245,0.0,0.4,0.4,0.0,1.417582868133858e-17,0.1999999999999999
2021-01-20,0.0058474504513811535,0.0,0.4,0.4,0.0,1.417582868133858e-17,0.1999999999999999
2021-01-21,-0.0033440311009683477,0.0,0.4,0.4,0.0,1.417582868133858e-17,0.1999999999999999
2021-01-22,0.00029044249744782894,0.0,0.4,0.4,0.0,1.417582868133858e-17,0.1999999999999999
2021-01-25,0.006538133107062238,0.0,0.4,0.4,0.0,1.417582868133858e-17,0.1999999999999999
2021-01-26,-0.001953504767041969,0.0,0.4,0.4,0.0,1.417582868133858e-17,0.1999999999999999
2021-01-27,-0.007524631964979146,0.0,0.4,0.4,0.0,1.417582868133858e-17,0.1999999999999999
2021-01-28,0.00073823454059232,0.0,0.4,0.4,0.0,1.417582868133858e-17,0.1999999999999999
2021-01-29,-0.010168166359937513,0.0,0.4,0.4,0.0,1.417582868133858e-17,0.1999999999999999
2021-02-01,0.008104673718903267,0.0,0.4,0.4,0.0,1.417582868133858e-17,0.1999999999999999
2021-02-02,0.003321531734676731,0.0,0.4,0.4,0.0,1.417582868133858e-17,0.1999999999999999
2021-02-03,-0.0033162359360899172,0.0,0.4,0.4,0.0,1.417582868133858e-17,0.1999999999999999
2021-02-04,0.004373253304854163,0.0,0.4,0.4,0.0,1.417582868133858e-17,0.1999999999999999
2021-02-05,-0.0029101568960493425,0.0,0.4,0.4,0.0,1.417582868133858e-17,0.1999999999999999
2021-02-08,0.004563795492762846,0.0,0.4,0.4,0.0,1.417582868133858e-17,0.1999999999999999
2021-02-09,-0.0010306899970241362,0.0,0.4,0.4,0.0,1.417582868133858e-17,0.1999999999999999
2021-02-10,0.0024052149570732875,0.0,0.4,0.4,0.0,1.417582868133858e-17,0.1999999999999999
2021-02-11,-0.0016258852123082648,0.0,0.4,0.4,0.0,1.417582868133858e-17,0.1999999999999999
2021-02-12,-0.0028277886614483275,0.0,0.4,0.4,0.0,1.417582868133858e-17,0.1999999999999999
2021-02-16,-0.006437166312669352,0.0,0.4,0.4,0.0,1.417582868133858e-17,0.1999999999999999
2021-02-17,0.0034520832484173257,0.0,0.4,0.4,0.0,1.417582868133858e-17,0.1999999999999999
2021-02-18,-0.003974625996987346,0.0,0.4,0.4,0.0,1.417582868133858e-17,0.1999999999999999
2021-02-19,-0.006514856375635248,0.0,0.4,0.4,0.0,1.417582868133858e-17,0.1999999999999999
2021-02-22,-0.006694620121012518,0.0,0.4,0.4,0.0,1.417582868133858e-17,0.1999999999999999
2021-02-23,-0.0005029433936283301,0.0,0.4,0.4,0.0,1.417582868133858e-17,0.1999999999999999
2021-02-24,0.0014544803569069178,0.0,0.4,0.4,0.0,1.417582868133858e-17,0.1999999999999999
2021-02-25,-0.01551097219192701,0.0,0.4,0.4,0.0,1.417582868133858e-17,0.1999999999999999
2021-02-26,0.006325716054969992,0.19999999999999996,0.4000000000000001,0.4000000000000001,0.1999999999999999,8.341027272417254e-18,0.0
2021-03-01,-0.001127031091819399,0.20000000000000018,0.19999999999999993,0.4,0.4,0.0,0.0
2021-03-02,0.0006469598065926625,0.0,0.19999999999999993,0.4,0.4,0.0,0.0
2021-03-03,-0.009064132963179938,0.4,0.3999999999999999,0.4,4.163336342344337e-17,0.0,0.2
2021-03-04,-0.0062243920177142975,0.0,0.3999999999999999,0.4,4.163336342344337e-17,0.0,0.2
2021-03-05,0.008866802146883977,0.0,0.3999999999999999,0.4,4.163336342344337e-17,0.0,0.2
2021-03-08,-0.003971230456661123,0.0,0.3999999999999999,0.4,4.163336342344337e-17,0.0,0.2
2021-03-09,0.010130060352240377,0.0,0.3999999999999999,0.4,4.163336342344337e-17,0.0,0.2
2021-03-10,0.0029683696073497185,0.0,0.3999999999999999,0.4,4.163336342344337e-17,0.0,0.2
2021-03-11,0.0001999152621530156,0.0,0.3999999999999999,0.4,4.163336342344337e-17,0.0,0.2
2021-03-12,-0.007299730025145923,0.0,0.3999999999999999,0.4,4.163336342344337e-17,0.0,0.2
2021-03-15,0.005142374711003805,0.0,0.3999999999999999,0.4,4.163336342344337e-17,0.0,0.2
2021-03-16,-0.0021120080175819123,0.0,0.3999999999999999,0.4,4.163336342344337e-17,0.0,0.2
2021-03-17,-0.0025993755913301005,0.0,0.3999999999999999,0.4,4.163336342344337e-17,0.0,0.2
2021-03-18,-0.008651813652137984,0.0,0.3999999999999999,0.4,4.163336342344337e-17,0.0,0.2
2021-03-19,0.0023941507258275693,0.15198333937777758,0.4,0.4,0.1519833393777775,0.0,0.048016660622222464
2021-03-22,0.007272741116001092,0.15198333937777753,0.4,0.4,1.2874900798265365e-17,2.208833234997292e-19,0.19999999999999998
2021-03-23,0.001675474446632208,0.0,0.4,0.4,1.2874900798265365e-17,2.208833234997292e-19,0.19999999999999998
2021-03-24,0.0006017252643158778,0.0,0.4,0.4,1.2874900798265365e-17,2.208833234997292e-19,0.19999999999999998
2021-03-25,-0.0003423955651980842,0.0,0.4,0.4,1.2874900798265365e-17,2.208833234997292e-19,0.19999999999999998
2021-03-26,0.004806178364874936,0.0,0.4,0.4,1.2874900798265365e-17,2.208833234997292e-19,0.19999999999999998
2021-03-29,-0.0031173309022326737,0.0,0.4,0.4,1.2874900798265365e-17,2.208833234997292e-19,0.19999999999999998
2021-03-30,0.0018335622270924108,0.0,0.4,0.4,1.2874900798265365e-17,2.208833234997292e-19,0.19999999999999998
2021-03-31,0.004646028155452031,0.39999999999999997,0.20000000000000004,0.4,0.4,0.0,0.0
2021-04-01,0.013849848223472485,0.0,0.20000000000000004,0.4,0.4,0.0,0.0
2021-04-05,0.0009770987861480234,0.0,0.20000000000000004,0.4,0.4,0.0,0.0
2021-04-06,0.0058104947459308946,0.0,0.20000000000000004,0.4,0.4,0.0,0.0
2021-04-07,-0.0036818007514133554,0.0,0.20000000000000004,0.4,0.4,0.0,0.0
2021-04-08,0.004317434344994472,0.3999999999999999,0.3999999999999996,0.4,4.163336342344337e-17,1.267062624195869e-17,0.20000000000000034
2021-04-09,0.001620201813178165,0.0,0.3999999999999996,0.4,4.163336342344337e-17,1.267062624195869e-17,0.20000000000000034
2021-04-12,-0.0001092142655494848,0.0,0.3999999999999996,0.4,4.163336342344337e-17,1.267062624195869e-17,0.20000000000000034
2021-04-13,0.0034571465342418265,0.0,0.3999999999999996,0.4,4.163336342344337e-17,1.267062624195869e-17,0.20000000000000034
2021-04-14,-0.0028797457704858188,0.0,0.3999999999999996,0.4,4.163336342344337e-17,1.267062624195869e-17,0.20000000000000034
2021-04-15,0.01099074816627281,0.0,0.3999999999999996,0.4,4.163336342344337e-17,1.267062624195869e-17,0.20000000000000034
2021-04-16,-0.00201291845999614,0.0,0.3999999999999996,0.4,4.163336342344337e-17,1.267062624195869e-17,0.20000000000000034
2021-04-19,-0.00425002848567424,0.0,0.3999999999999996,0.4,4.163336342344337e-17,1.267062624195869e-17,0.20000000000000034
2021-04-20,-0.0007585916997587335,0.0,0.3999999999999996,0.4,4.163336342344337e-17,1.267062624195869e-17,0.20000000000000034
2021-04-21,0.004343284331590276,0.0,0.3999999999999996,0.4,4.163336342344337e-17,1.267062624195869e-17,0.20000000000000034
2021-04-22,-0.002674227945042907,0.3999999999999999,0.2000000000000001,0.4,0.4,0.0,7.232002146711664e-18
2021-04-23,-0.0003044035877014285,0.0,0.2000000000000001,0.4,0.4,0.0,7.232002146711664e-18
2021-04-26,0.0009042262383134772,0.0,0.2000000000000001,0.4,0.4,0.0,7.232002146711664e-18
2021-04-27,-0.004539172388105173,0.0,0.2000000000000001,0.4,0.4,0.0,7.232002146711664e-18
2021-04-28,0.0013798539867069695,0.0,0.2000000000000001,0.4,0.4,0.0,7.232002146711664e-18
2021-04-29,0.0014489385702968422,0.3999999999999999,0.4,0.39999999999999997,9.71445146547012e-17,0.0,0.19999999999999996
2021-04-30,-6.196382595269421e-05,0.0,0.4,0.39999999999999997,9.71445146547012e-17,0.0,0.19999999999999996
2021-05-03,0.00020753692835804455,0.0,0.4,0.39999999999999997,9.71445146547012e-17,0.0,0.19999999999999996
2021-05-04,0.001145614000243132,0.0,0.4,0.39999999999999997,9.71445146547012e-17,0.0,0.19999999999999996
2021-05-05,0.0007032756874608473,0.0,0.4,0.39999999999999997,9.71445146547012e-17,0.0,0.19999999999999996
2021-05-06,0.0028762606464820114,0.0,0.4,0.39999999999999997,9.71445146547012e-17,0.0,0.19999999999999996
2021-05-07,-0.0005339115436094649,0.0,0.4,0.39999999999999997,9.71445146547012e-17,0.0,0.19999999999999996
2021-05-10,-0.008011749282357927,0.0,0.4,0.39999999999999997,9.71445146547012e-17,0.0,0.19999999999999996
2021-05-11,-0.005998470539834488,0.0,0.4,0.39999999999999997,9.71445146547012e-17,0.0,0.19999999999999996
2021-05-12,-0.011216795953618287,0.0,0.4,0.39999999999999997,9.71445146547012e-17,0.0,0.19999999999999996
2021-05-13,0.005097051662817487,0.0,0.4,0.39999999999999997,9.71445146547012e-17,0.0,0.19999999999999996
2021-05-14,0.009062664681111745,0.0,0.4,0.39999999999999997,9.71445146547012e-17,0.0,0.19999999999999996
2021-05-17,-0.00211109856672944,0.0,0.4,0.39999999999999997,9.71445146547012e-17,0.0,0.19999999999999996
2021-05-18,-0.005376666231590321,0.0,0.4,0.39999999999999997,9.71445146547012e-17,0.0,0.19999999999999996
2021-05-19,-0.0011050607605044061,0.0,0.4,0.39999999999999997,9.71445146547012e-17,0.0,0.19999999999999996
2021-05-20,0.006605316920754568,0.0,0.4,0.39999999999999997,9.71445146547012e-17,0.0,0.19999999999999996
2021-05-21,0.0016179095924243377,0.0,0.4,0.39999999999999997,9.71445146547012e-17,0.0,0.19999999999999996
2021-05-24,0.005064026007225664,0.0,0.4,0.39999999999999997,9.71445146547012e-17,0.0,0.19999999999999996
2021-05-25,0.0025693750968960993,0.0,0.4,0.39999999999999997,9.71445146547012e-17,0.0,0.19999999999999996
2021-05-26,0.0008515171037707156,0.0,0.4,0.39999999999999997,9.71445146547012e-17,0.0,0.19999999999999996
2021-05-27,-0.0015640216132872364,0.0,0.4,0.39999999999999997,9.71445146547012e-17,0.0,0.19999999999999996
2021-05-28,0.00024594619730891083,0.0,0.4,0.39999999999999997,9.71445146547012e-17,0.0,0.19999999999999996
2021-06-01,-0.000772470756407362,0.0,0.4,0.39999999999999997,9.71445146547012e-17,0.0,0.19999999999999996
2021-06-02,0.0015553764494015358,0.0,0.4,0.39999999999999997,9.71445146547012e-17,0.0,0.19999999999999996
2021-06-03,-0.0017453317425892422,0.0,0.4,0.39999999999999997,9.71445146547012e-17,0.0,0.19999999999999996
2021-06-04,0.008396153558540355,0.0,0.4,0.39999999999999997,9.71445146547012e-17,0.0,0.19999999999999996
2021-06-07,-0.0019475971988766043,0.0,0.4,0.39999999999999997,9.71445146547012e-17,0.0,0.19999999999999996
2021-06-08,0.0031440600643423797,0.0,0.4,0.39999999999999997,9.71445146547012e-17,0.0,0.19999999999999996
2021-06-09,0.0030997440665657457,0.0,0.4,0.39999999999999997,9.71445146547012e-17,0.0,0.19999999999999996
2021-06-10,0.004093745805377514,0.0,0.4,0.39999999999999997,9.71445146547012e-17,0.0,0.19999999999999996
2021-06-11,0.0010064273831957393,0.0,0.4,0.39999999999999997,9.71445146547012e-17,0.0,0.19999999999999996
2021-06-14,-0.0023325013921214888,0.0,0.4,0.39999999999999997,9.71445146547012e-17,0.0,0.19999999999999996
2021-06-15,-0.0010504795941040706,0.0,0.4,0.39999999999999997,9.71445146547012e-17,0.0,0.19999999999999996
2021-06-16,-0.0009311563741702521,0.0,0.4,0.39999999999999997,9.71445146547012e-17,0.0,0.19999999999999996
2021-06-17,0.007403962339148059,0.0,0.4,0.39999999999999997,9.71445146547012e-17,0.0,0.19999999999999996
2021-06-18,0.002772992247502557,0.0,0.4,0.39999999999999997,9.71445146547012e-17,0.0,0.19999999999999996
2021-06-21,-0.0019379317009579492,0.0,0.4,0.39999999999999997,9.71445146547012e-17,0.0,0.19999999999999996
2021-06-22,0.0027917274123759215,0.0,0.4,0.39999999999999997,9.71445146547012e-17,0.0,0.19999999999999996
2021-06-23,-0.0011882631738151517,0.0,0.4,0.39999999999999997,9.71445146547012e-17,0.0,0.19999999999999996
2021-06-24,0.002846603628486566,0.0,0.4,0.39999999999999997,9.71445146547012e-17,0.0,0.19999999999999996
2021-06-25,-0.002651561103879007,0.0,0.4,0.39999999999999997,9.71445146547012e-17,0.0,0.19999999999999996
2021-06-28,0.005000084464090947,0.0,0.4,0.39999999999999997,9.71445146547012e-17,0.0,0.19999999999999996
2021-06-29,0.0013701075723434363,0.0,0.4,0.39999999999999997,9.71445146547012e-17,0.0,0.19999999999999996
2021-06-30,0.002683281687572015,0.0,0.4,0.39999999999999997,9.71445146547012e-17,0.0,0.19999999999999996
2021-07-01,0.002800962193284207,0.0,0.4,0.39999999999999997,9.71445146547012e-17,0.0,0.19999999999999996
2021-07-02,0.004667808081877679,0.0,0.4,0.39999999999999997,9.71445146547012e-17,0.0,0.19999999999999996
2021-07-06,0.00468543027374988,0.0,0.4,0.39999999999999997,9.71445146547012e-17,0.0,0.19999999999999996
2021-07-07,0.0052787747268687735,0.0,0.4,0.39999999999999997,9.71445146547012e-17,0.0,0.19999999999999996
2021-07-08,-0.002494310608625927,0.0,0.4,0.39999999999999997,9.71445146547012e-17,0.0,0.19999999999999996
2021-07-09,-0.0018385275168926176,0.0,0.4,0.39999999999999997,9.71445146547012e-17,0.0,0.19999999999999996
2021-07-12,0.0011566826986552313,0.0,0.4,0.39999999999999997,9.71445146547012e-17,0.0,0.19999999999999996
2021-07-13,-0.003215415666108967,0.0,0.4,0.39999999999999997,9.71445146547012e-17,0.0,0.19999999999999996
2021-07-14,0.004179681118431767,0.0,0.4,0.39999999999999997,9.71445146547012e-17,0.0,0.19999999999999996
2021-07-15,0.0036101487029892797,0.0,0.4,0.39999999999999997,9.71445146547012e-17,0.0,0.19999999999999996
2021-07-16,-0.0036512338015134657,0.0,0.4,0.39999999999999997,9.71445146547012e-17,0.0,0.19999999999999996
2021-07-19,0.003185167380384435,0.0,0.4,0.39999999999999997,9.71445146547012e-17,0.0,0.19999999999999996
2021-07-20,0.0021165467114411924,0.0,0.4,0.39999999999999997,9.71445146547012e-17,0.0,0.19999999999999996
2021-07-21,-0.00230808851735047,0.0,0.4,0.39999999999999997,9.71445146547012e-17,0.0,0.19999999999999996
2021-07-22,0.004859436798964146,0.0,0.4,0.39999999999999997,9.71445146547012e-17,0.0,0.19999999999999996
2021-07-23,0.0015196997505669612,0.0,0.4,0.39999999999999997,9.71445146547012e-17,0.0,0.19999999999999996
2021-07-26,-0.0008436081422658723,0.0,0.4,0.39999999999999997,9.71445146547012e-17,0.0,0.19999999999999996
2021-07-27,0.002123992197218305,0.0,0.4,0.39999999999999997,9.71445146547012e-17,0.0,0.19999999999999996
2021-07-28,-0.0007001807350498706,0.0,0.4,0.39999999999999997,9.71445146547012e-17,0.0,0.19999999999999996
2021-07-29,-0.0012857729655805657,0.0,0.4,0.39999999999999997,9.71445146547012e-17,0.0,0.19999999999999996
2021-07-30,0.0005056967035001127,0.0,0.4,0.39999999999999997,9.71445146547012e-17,0.0,0.19999999999999996
2021-08-02,0.002486297030676665,0.0,0.4,0.39999999999999997,9.71445146547012e-17,0.0,0.19999999999999996
2021-08-03,0.003547502486018672,0.0,0.4,0.39999999999999997,9.71445146547012e-17,0.0,0.19999999999999996
2021-08-04,-0.0008218911812625242,0.0,0.4,0.39999999999999997,9.71445146547012e-17,0.0,0.19999999999999996
2021-08-05,0.0004943658888153734,0.0,0.4,0.39999999999999997,9.71445146547012e-17,0.0,0.19999999999999996
2021-08-06,-0.00488996263502415,0.0,0.4,0.39999999999999997,9.71445146547012e-17,0.0,0.19999999999999996
2021-08-09,-0.0013589938061160396,0.0,0.4,0.39999999999999997,9.71445146547012e-17,0.0,0.19999999999999996
2021-08-10,-0.0011895199443755276,0.0,0.4,0.39999999999999997,9.71445146547012e-17,0.0,0.19999999999999996
2021-08-11,0.00034830146102147325,0.0,0.4,0.39999999999999997,9.71445146547012e-17,0.0,0.19999999999999996
2021-08-12,0.0007839345135636667,0.0,0.4,0.39999999999999997,9.71445146547012e-17,0.0,0.19999999999999996
2021-08-13,0.006085677554428749,0.0,0.4,0.39999999999999997,9.71445146547012e-17,0.0,0.19999999999999996
2021-08-16,0.002072173703423186,0.0,0.4,0.39999999999999997,9.71445146547012e-17,0.0,0.19999999999999996
2021-08-17,-0.001577583939339045,0.0,0.4,0.39999999999999997,9.71445146547012e-17,0.0,0.19999999999999996
2021-08-18,-0.003034255949078135,0.0,0.4,0.39999999999999997,9.71445146547012e-17,0.0,0.19999999999999996
2021-08-19,0.0045240727871528105,0.0,0.4,0.39999999999999997,9.71445146547012e-17,0.0,0.19999999999999996
2021-08-20,0.003210248452649234,0.0,0.4,0.39999999999999997,9.71445146547012e-17,0.0,0.19999999999999996
2021-08-23,0.002058632077444413,0.0,0.4,0.39999999999999997,9.71445146547012e-17,0.0,0.19999999999999996
2021-08-24,-0.0026359069988738603,0.0,0.4,0.39999999999999997,9.71445146547012e-17,0.0,0.19999999999999996
2021-08-25,-0.0026435531085644785,0.0,0.4,0.39999999999999997,9.71445146547012e-17,0.0,0.19999999999999996
2021-08-26,-0.0006918401689656854,0.0,0.4,0.39999999999999997,9.71445146547012e-17,0.0,0.19999999999999996
2021-08-27,0.0054176198178136365,0.0,0.4,0.39999999999999997,9.71445146547012e-17,0.0,0.19999999999999996
2021-08-30,0.002802857320148355,0.0,0.4,0.39999999999999997,9.71445146547012e-17,0.0,0.19999999999999996
2021-08-31,-0.0033153024201026055,0.0,0.4,0.39999999999999997,9.71445146547012e-17,0.0,0.19999999999999996
2021-09-01,0.0004808617477157995,0.0,0.4,0.39999999999999997,9.71445146547012e-17,0.0,0.19999999999999996
2021-09-02,0.0024939838984201707,0.0,0.4,0.39999999999999997,9.71445146547012e-17,0.0,0.19999999999999996
2021-09-03,-0.004138614499942326,0.0,0.4,0.39999999999999997,9.71445146547012e-17,0.0,0.19999999999999996
2021-09-07,-0.0038340936773078056,0.0,0.4,0.39999999999999997,9.71445146547012e-17,0.0,0.19999999999999996
2021-09-08,0.0025570311726732958,0.0,0.4,0.39999999999999997,9.71445146547012e-17,0.0,0.19999999999999996
2021-09-09,0.0026457737795740673,0.0,0.4,0.39999999999999997,9.71445146547012e-17,0.0,0.19999999999999996
2021-09-10,-0.006357975570886909,0.0,0.4,0.39999999999999997,9.71445146547012e-17,0.0,0.19999999999999996
2021-09-13,0.0034497598017925847,0.0,0.4,0.39999999999999997,9.71445146547012e-17,0.0,0.19999999999999996
2021-09-14,0.0026906015231348054,0.0,0.4,0.39999999999999997,9.71445146547012e-17,0.0,0.19999999999999996
2021-09-15,0.001535805646754684,0.0,0.4,0.39999999999999997,9.71445146547012e-17,0.0,0.19999999999999996
2021-09-16,-0.0015805253875015102,0.0,0.4,0.39999999999999997,9.71445146547012e-17,0.0,0.19999999999999996
2021-09-17,-0.005095740912722269,0.0,0.4,0.39999999999999997,9.71445146547012e-17,0.0,0.19999999999999996
2021-09-20,-0.0016289117423083253,0.0,0.4,0.39999999999999997,9.71445146547012e-17,0.0,0.19999999999999996
2021-09-21,-0.0008822525899076165,0.0,0.4,0.39999999999999997,9.71445146547012e-17,0.0,0.19999999999999996
2021-09-22,0.006847684643548834,0.0,0.4,0.39999999999999997,9.71445146547012e-17,0.0,0.19999999999999996
2021-09-23,-0.004976226726816834,0.0,0.4,0.39999999999999997,9.71445146547012e-17,0.0,0.19999999999999996
2021-09-24,-0.0026898957650655754,0.0,0.4,0.39999999999999997,9.71445146547012e-17,0.0,0.19999999999999996
2021-09-27,-0.0023754483648430022,0.0,0.4,0.39999999999999997,9.71445146547012e-17,0.0,0.19999999999999996
2021-09-28,-0.013573654184880813,0.0,0.4,0.39999999999999997,9.71445146547012e-17,0.0,0.19999999999999996
2021-09-29,0.002797610640984249,0.0,0.4,0.39999999999999997,9.71445146547012e-17,0.0,0.19999999999999996
2021-09-30,-0.0052599061498670874,0.0,0.4,0.39999999999999997,9.71445146547012e-17,0.0,0.19999999999999996
2021-10-01,0.007724565376614723,0.0,0.4,0.39999999999999997,9.71445146547012e-17,0.0,0.19999999999999996
2021-10-04,-0.006809891294016989,0.0,0.4,0.39999999999999997,9.71445146547012e-17,0.0,0.19999999999999996
2021-10-05,0.0006965482702530495,0.0,0.4,0.39999999999999997,9.71445146547012e-17,0.0,0.19999999999999996
2021-10-06,0.0044737434174042965,0.0,0.4,0.39999999999999997,9.71445146547012e-17,0.0,0.19999999999999996
2021-10-07,-0.000803909407365033,0.0,0.4,0.39999999999999997,9.71445146547012e-17,0.0,0.19999999999999996
2021-10-08,-0.0036870870852994783,0.0,0.4,0.39999999999999997,9.71445146547012e-17,0.0,0.19999999999999996
2021-10-11,-0.0033568338124841286,0.0,0.4,0.39999999999999997,9.71445146547012e-17,0.0,0.19999999999999996
2021-10-12,0.006092122567321123,0.0,0.4,0.39999999999999997,9.71445146547012e-17,0.0,0.19999999999999996
2021-10-13,0.004225829391281735,0.0,0.4,0.39999999999999997,9.71445146547012e-17,0.0,0.19999999999999996
2021-10-14,0.00821471912696854,0.0,0.4,0.39999999999999997,9.71445146547012e-17,0.0,0.19999999999999996
2021-10-15,0.00047760678268344734,0.0,0.4,0.39999999999999997,9.71445146547012e-17,0.0,0.19999999999999996
2021-10-18,0.003139148031746108,0.0,0.4,0.39999999999999997,9.71445146547012e-17,0.0,0.19999999999999996
2021-10-19,-0.0029079924315572815,0.0,0.4,0.39999999999999997,9.71445146547012e-17,0.0,0.19999999999999996
2021-10-20,-0.001447078962074365,0.0,0.4,0.39999999999999997,9.71445146547012e-17,0.0,0.19999999999999996
2021-10-21,0.0010448133301392383,0.0,0.4,0.39999999999999997,9.71445146547012e-17,0.0,0.19999999999999996
2021-10-22,0.00359343364691771,0.0,0.4,0.39999999999999997,9.71445146547012e-17,0.0,0.19999999999999996
2021-10-25,0.0018529741149723843,0.0,0.4,0.39999999999999997,9.71445146547012e-17,0.0,0.19999999999999996
2021-10-26,0.004065146539997232,0.0,0.4,0.39999999999999997,9.71445146547012e-17,0.0,0.19999999999999996
2021-10-27,0.005426223702839628,0.0,0.4,0.39999999999999997,9.71445146547012e-17,0.0,0.19999999999999996
2021-10-28,0.0013154122085673463,0.0,0.4,0.39999999999999997,9.71445146547012e-17,0.0,0.19999999999999996
2021-10-29,0.003630947386050297,0.0,0.4,0.39999999999999997,9.71445146547012e-17,0.0,0.19999999999999996
2021-11-01,-0.002825397229925074,0.0,0.4,0.39999999999999997,9.71445146547012e-17,0.0,0.19999999999999996
2021-11-02,0.0038692750755644485,0.0,0.4,0.39999999999999997,9.71445146547012e-17,0.0,0.19999999999999996
2021-11-03,-0.0021669327239542523,0.0,0.4,0.39999999999999997,9.71445146547012e-17,0.0,0.19999999999999996
2021-11-04,0.007121862423547354,0.0,0.4,0.39999999999999997,9.71445146547012e-17,0.0,0.19999999999999996
2021-11-05,0.007212289571397102,0.0,0.4,0.39999999999999997,9.71445146547012e-17,0.0,0.19999999999999996
2021-11-08,-0.0008043205965001072,0.0,0.4,0.39999999999999997,9.71445146547012e-17,0.0,0.19999999999999996
2021-11-09,0.0036474265333400254,0.0,0.4,0.39999999999999997,9.71445146547012e-17,0.0,0.19999999999999996
2021-11-10,-0.008388359806828704,0.0,0.4,0.39999999999999997,9.71445146547012e-17,0.0,0.19999999999999996
2021-11-11,6.773965842344319e-06,0.0,0.4,0.39999999999999997,9.71445146547012e-17,0.0,0.19999999999999996
2021-11-12,0.0010267283517113816,0.0,0.4,0.39999999999999997,9.71445146547012e-17,0.0,0.19999999999999996
2021-11-15,-0.0037876430790666498,0.0,0.4,0.39999999999999997,9.71445146547012e-17,0.0,0.19999999999999996
2021-11-16,0.0013457769777183595,0.0,0.4,0.39999999999999997,9.71445146547012e-17,0.0,0.19999999999999996
2021-11-17,0.0018098590703858003,0.0,0.4,0.39999999999999997,9.71445146547012e-17,0.0,0.19999999999999996
2021-11-18,0.0023179020074551634,0.0,0.4,0.39999999999999997,9.71445146547012e-17,0.0,0.19999999999999996
2021-11-19,0.004522572456967921,0.0,0.4,0.39999999999999997,9.71445146547012e-17,0.0,0.19999999999999996
2021-11-22,-0.004807619359249007,0.0,0.4,0.39999999999999997,9.71445146547012e-17,0.0,0.19999999999999996
2021-11-23,-0.0053305680314783555,0.0,0.4,0.39999999999999997,9.71445146547012e-17,0.0,0.19999999999999996
2021-11-24,0.00826302804634218,0.0,0.4,0.39999999999999997,9.71445146547012e-17,0.0,0.19999999999999996
2021-11-26,-0.00035374416818574443,0.0,0.4,0.39999999999999997,9.71445146547012e-17,0.0,0.19999999999999996
2021-11-29,-0.0013133938466238788,0.39999999999999997,0.19999999999999998,0.4,0.4,6.184181366282738e-20,1.1693994741144183e-17
2021-11-30,-0.00263182428994715,0.4,0.4,0.39999999999999997,0.0,3.469446951953614e-18,0.1999999999999999
2021-12-01,-0.0014303221650731066,0.0,0.4,0.39999999999999997,0.0,3.469446951953614e-18,0.1999999999999999
2021-12-02,0.006702885841216367,0.0,0.4,0.39999999999999997,0.0,3.469446951953614e-18,0.1999999999999999
2021-12-03,0.001214880968305953,0.0,0.4,0.39999999999999997,0.0,3.469446951953614e-18,0.1999999999999999
2021-12-06,-0.00044642730430317565,0.0,0.4,0.39999999999999997,0.0,3.469446951953614e-18,0.1999999999999999
2021-12-07,0.005119618507049362,0.0,0.4,0.39999999999999997,0.0,3.469446951953614e-18,0.1999999999999999
2021-12-08,-0.006784347582318427,0.0,0.4,0.39999999999999997,0.0,3.469446951953614e-18,0.1999999999999999
2021-12-09,0.00023731563082476275,0.0,0.4,0.39999999999999997,0.0,3.469446951953614e-18,0.1999999999999999
2021-12-10,0.0024900095052572185,0.0,0.4,0.39999999999999997,0.0,3.469446951953614e-18,0.1999999999999999
2021-12-13,0.0029894738700111377,0.0,0.4,0.39999999999999997,0.0,3.469446951953614e-18,0.1999999999999999
2021-12-14,-0.0033180782499373958,0.0,0.4,0.39999999999999997,0.0,3.469446951953614e-18,0.1999999999999999
2021-12-15,0.0020921808151902043,0.0,0.4,0.39999999999999997,0.0,3.469446951953614e-18,0.1999999999999999
2021-12-16,-0.004223305966301338,0.0,0.4,0.39999999999999997,0.0,3.469446951953614e-18,0.1999999999999999
2021-12-17,0.0016746942503357938,0.0,0.4,0.39999999999999997,0.0,3.469446951953614e-18,0.1999999999999999
2021-12-20,-0.00748155609162604,0.0,0.4,0.39999999999999997,0.0,3.469446951953614e-18,0.1999999999999999
2021-12-21,0.005348488063510782,0.0,0.4,0.39999999999999997,0.0,3.469446951953614e-18,0.1999999999999999
2021-12-22,0.0050767607012276676,0.0,0.4,0.39999999999999997,0.0,3.469446951953614e-18,0.1999999999999999
2021-12-23,-0.0011372711408934363,0.0,0.4,0.39999999999999997,0.0,3.469446951953614e-18,0.1999999999999999
2021-12-27,0.006708066450872652,0.0,0.4,0.39999999999999997,0.0,3.469446951953614e-18,0.1999999999999999
2021-12-28,-0.0016790155517655947,0.0,0.4,0.39999999999999997,0.0,3.469446951953614e-18,0.1999999999999999
2021-12-29,-0.004401351868380709,0.0,0.4,0.39999999999999997,0.0,3.469446951953614e-18,0.1999999999999999
2021-12-30,0.0025599728833868955,0.0,0.4,0.39999999999999997,0.0,3.469446951953614e-18,0.1999999999999999
2021-12-31,-0.001078497959118962,0.0,0.4,0.39999999999999997,0.0,3.469446951953614e-18,0.1999999999999999
2022-01-03,-0.006935399814951281,0.0,0.4,0.39999999999999997,0.0,3.469446951953614e-18,0.1999999999999999
2022-01-04,-0.0016422312136691096,0.0,0.4,0.39999999999999997,0.0,3.469446951953614e-18,0.1999999999999999
2022-01-05,-0.010084312064399437,0.0,0.4,0.39999999999999997,0.0,3.469446951953614e-18,0.1999999999999999
2022-01-06,0.0008147817067507997,0.0,0.4,0.39999999999999997,0.0,3.469446951953614e-18,0.1999999999999999
2022-01-07,-0.005541989472983809,0.0,0.4,0.39999999999999997,0.0,3.469446951953614e-18,0.1999999999999999
2022-01-10,0.0009541781441792182,0.0,0.4,0.39999999999999997,0.0,3.469446951953614e-18,0.1999999999999999
2022-01-11,0.005452384347885442,0.0,0.4,0.39999999999999997,0.0,3.469446951953614e-18,0.1999999999999999
2022-01-12,-0.001778593627283364,0.0,0.4,0.39999999999999997,0.0,3.469446951953614e-18,0.1999999999999999
2022-01-13,-0.002037910451928338,0.0,0.4,0.39999999999999997,0.0,3.469446951953614e-18,0.1999999999999999
2022-01-14,-0.005329595446726597,0.0,0.4,0.39999999999999997,0.0,3.469446951953614e-18,0.1999999999999999
2022-01-18,-0.011458820212867905,0.0,0.4,0.39999999999999997,0.0,3.469446951953614e-18,0.1999999999999999
2022-01-19,-0.0018516387999407023,0.0,0.4,0.39999999999999997,0.0,3.469446951953614e-18,0.1999999999999999
2022-01-20,-0.0013352805589976766,0.0,0.4,0.39999999999999997,0.0,3.469446951953614e-18,0.1999999999999999
2022-01-21,-0.0036350643314278838,0.0,0.4,0.39999999999999997,0.0,3.469446951953614e-18,0.1999999999999999
2022-01-24,-0.0009625122310926049,0.0,0.4,0.39999999999999997,0.0,3.469446951953614e-18,0.1999999999999999
2022-01-25,-0.005451590187455758,0.0,0.4,0.39999999999999997,0.0,3.469446951953614e-18,0.1999999999999999
2022-01-26,-0.004751612321819598,0.0,0.4,0.39999999999999997,0.0,3.469446951953614e-18,0.1999999999999999
2022-01-27,0.007072900560390047,0.0,0.4,0.39999999999999997,0.0,3.469446951953614e-18,0.1999999999999999
2022-01-28,0.009997078351287516,0.0,0.4,0.39999999999999997,0.0,3.469446951953614e-18,0.1999999999999999
2022-01-31,0.003754508672929081,0.0,0.4,0.39999999999999997,0.0,3.469446951953614e-18,0.1999999999999999
2022-02-01,0.0008336307570833373,0.0,0.4,0.39999999999999997,0.0,3.469446951953614e-18,0.1999999999999999
2022-02-02,0.0044653557155293734,0.0,0.4,0.39999999999999997,0.0,3.469446951953614e-18,0.1999999999999999
2022-02-03,-0.013536095672641892,0.0,0.4,0.39999999999999997,0.0,3.469446951953614e-18,0.1999999999999999
2022-02-04,-0.004172502517196186,0.0,0.4,0.39999999999999997,0.0,3.469446951953614e-18,0.1999999999999999
2022-02-07,-0.0009821100602575507,0.009098883954203434,0.4,0.4,3.280967515117475e-19,0.00909888395420343,0.19090111604579652
2022-02-08,0.0007662530314210456,0.0,0.4,0.4,3.280967515117475e-19,0.00909888395420343,0.19090111604579652
2022-02-09,0.006462059620765315,0.0,0.4,0.4,3.280967515117475e-19,0.00909888395420343,0.19090111604579652
2022-02-10,-0.013274453532863554,0.0,0.4,0.4,3.280967515117475e-19,0.00909888395420343,0.19090111604579652
2022-02-11,-0.0006275995727154666,0.010856433410866204,0.4,0.4,8.862882605894723e-20,0.019955317365069638,0.18004468263493031
2022-02-14,-0.005739792662939004,0.01995531736506969,0.4,0.4,1.9081958235744878e-17,0.0,0.20000000000000004
2022-02-15,0.000619727679037725,0.018727729173202944,0.4,0.4,1.1851851057127906e-19,0.018727729173202916,0.1812722708267971
2022-02-16,0.0022507253793790385,0.0,0.4,0.4,1.1851851057127906e-19,0.018727729173202916,0.1812722708267971
2022-02-17,-0.005297304668909476,0.0016379959297326777,0.4,0.4,4.0834289608062856e-20,0.02036572510293559,0.1796342748970644
2022-02-18,0.0022422023226053283,0.008099985736298583,0.4,0.4,0.0,0.012265739366637003,0.187734260633363
2022-02-22,-0.00300121183156157,0.002110699357354448,0.4,0.4,2.371750901066613e-19,0.014376438723991426,0.18562356127600851
2022-02-23,-0.012238295726894055,0.0,0.4,0.4,2.371750901066613e-19,0.014376438723991426,0.18562356127600851
2022-02-24,0.007847953859729475,0.00448565878237856,0.4,0.4,1.2609524568495331e-19,0.009890779941612915,0.19010922005838712
2022-02-25,0.008095854462802591,0.0031547832239630187,0.4,0.4,2.3747720236347446e-19,0.006735996717649887,0.19326400328235013
2022-02-28,0.00865183481221695,0.018203731827303463,0.4,0.4,1.2705327775662753e-19,0.024939728544953306,0.17506027145504663
2022-03-01,0.0014894263246455607,0.0,0.4,0.4,1.2705327775662753e-19,0.024939728544953306,0.17506027145504663
2022-03-02,-0.014156460261678428,0.39999999999999997,0.20000000000000004,0.4,0.4,0.0,0.0
2022-03-03,0.005272339449498811,0.012361166527097844,0.21236116652709788,0.3876388334729022,0.4,6.83300334449379e-20,0.0
2022-03-04,0.011216525668735888,0.004807546167198112,0.21716871269429602,0.3828312873057041,0.4,6.206316569410004e-20,0.0
2022-03-07,-0.0032961669000616703,0.0037279699786890996,0.2134407427156069,0.38655925728439317,0.4,0.0,1.1393980673837658e-20
2022-03-08,0.005403219069519283,0.013440742715606857,0.20000000000000004,0.4,0.4,1.3830673940815582e-20,4.3188851186651477e-19
2022-03-09,-0.0103018463937969,0.003825903602912656,0.20382590360291267,0.39617409639708734,0.4,0.0,7.740916844954613e-20
2022-03-10,-0.003507647768184619,0.20382590360291264,3.2959746043559335e-17,0.4,0.4,0.0,0.19999999999999998
2022-03-11,-0.0033656849037233456,0.16396324200400914,0.16396324200400914,0.4,0.4,6.476274190914288e-19,0.03603675799599086
2022-03-14,-0.015444605255804468,0.16396324200400908,2.0816681711721685e-17,0.4,0.4,0.0,0.19999999999999993
2022-03-15,-0.00840672942345817,0.0,2.0816681711721685e-17,0.4,0.4,0.0,0.19999999999999993
2022-03-16,0.004991654426353454,0.0,2.0816681711721685e-17,0.4,0.4,0.0,0.19999999999999993
2022-03-17,-0.001482733999190699,0.0,2.0816681711721685e-17,0.4,0.4,0.0,0.19999999999999993
2022-03-18,0.0015979323932677762,0.0,2.0816681711721685e-17,0.4,0.4,0.0,0.19999999999999993
2022-03-21,-0.005444146271736017,0.0,2.0816681711721685e-17,0.4,0.4,0.0,0.19999999999999993
2022-03-22,-0.008100913696841117,0.0,2.0816681711721685e-17,0.4,0.4,0.0,0.19999999999999993
2022-03-23,0.014457413538118313,0.0,2.0816681711721685e-17,0.4,0.4,0.0,0.19999999999999993
2022-03-24,-1.3405194842163425e-06,0.0,2.0816681711721685e-17,0.4,0.4,0.0,0.19999999999999993
2022-03-25,-0.007111507743726797,0.0,2.0816681711721685e-17,0.4,0.4,0.0,0.19999999999999993
2022-03-28,-0.0032558552626023923,0.0,2.0816681711721685e-17,0.4,0.4,0.0,0.19999999999999993
2022-03-29,0.0019917553661118925,0.0,2.0816681711721685e-17,0.4,0.4,0.0,0.19999999999999993
2022-03-30,0.005272622359128022,0.0,2.0816681711721685e-17,0.4,0.4,0.0,0.19999999999999993
2022-03-31,0.0019664569705691187,0.0,2.0816681711721685e-17,0.4,0.4,0.0,0.19999999999999993
2022-04-01,-0.0007194956131526097,0.0,2.0816681711721685e-17,0.4,0.4,0.0,0.19999999999999993
2022-04-04,6.990724802640141e-05,0.0,2.0816681711721685e-17,0.4,0.4,0.0,0.19999999999999993
2022-04-05,-0.010484618793795211,0.0,2.0816681711721685e-17,0.4,0.4,0.0,0.19999999999999993
2022-04-06,-0.0021500069473461727,0.0,2.0816681711721685e-17,0.4,0.4,0.0,0.19999999999999993
2022-04-07,-0.0011232539161097235,0.0,2.0816681711721685e-17,0.4,0.4,0.0,0.19999999999999993
2022-04-08,-0.0018260545009598952,0.0,2.0816681711721685e-17,0.4,0.4,0.0,0.19999999999999993
2022-04-11,-0.003896207621731485,0.0,2.0816681711721685e-17,0.4,0.4,0.0,0.19999999999999993
2022-04-12,0.003191886236426811,0.0,2.0816681711721685e-17,0.4,0.4,0.0,0.19999999999999993
2022-04-13,0.0019083651058594336,0.0,2.0816681711721685e-17,0.4,0.4,0.0,0.19999999999999993
2022-04-14,-0.008441135729855056,0.0,2.0816681711721685e-17,0.4,0.4,0.0,0.19999999999999993
2022-04-18,7.133042957812013e-05,0.0,2.0816681711721685e-17,0.4,0.4,0.0,0.19999999999999993
2022-04-19,-0.005040346099777734,0.23269412748776214,0.23269412748776225,0.36730587251223784,0.4,0.0,5.793660253943249e-17
2022-04-20,0.009177844991143384,0.0,0.23269412748776225,0.36730587251223784,0.4,0.0,5.793660253943249e-17
2022-04-21,-0.007620107543640206,0.0,0.23269412748776225,0.36730587251223784,0.4,0.0,5.793660253943249e-17
2022-04-22,-0.012585552525633552,0.0,0.23269412748776225,0.36730587251223784,0.4,0.0,5.793660253943249e-17
2022-04-25,-0.002165941329596244,0.0,0.23269412748776225,0.36730587251223784,0.4,0.0,5.793660253943249e-17
2022-04-26,-0.005068007063392549,0.7084328633620374,0.4,0.058873009150200495,7.295438373362744e-18,0.14112699084979954,0.3999999999999999
2022-04-27,-0.00726433692896355,0.7411269908497995,0.10408640595955619,0.4,0.4000000000000001,3.9624360657114183e-17,0.09591359404044375
2022-04-28,0.011390300928559296,0.27554683566929367,0.37963324162884976,0.40000000000000013,0.1832365336125561,1.4811636887553502e-18,0.0371302247585941
2022-04-29,-0.006029224465737837,0.3796332416288498,0.0,0.4,0.4,4.003694107267678e-18,0.2
2022-05-02,-0.013334164136760761,0.0,0.0,0.4,0.4,4.003694107267678e-18,0.2
2022-05-03,0.0033955321200584976,0.0,0.0,0.4,0.4,4.003694107267678e-18,0.2
2022-05-04,0.004469964486480538,0.0,0.0,0.4,0.4,4.003694107267678e-18,0.2
2022-05-05,-0.01080675797488908,0.0,0.0,0.4,0.4,4.003694107267678e-18,0.2
2022-05-06,-0.004870285703172517,0.0,0.0,0.4,0.4,4.003694107267678e-18,0.2
2022-05-09,-0.0022006915479994673,0.0,0.0,0.4,0.4,4.003694107267678e-18,0.2
2022-05-10,0.0006825559040127601,0.0,0.0,0.4,0.4,4.003694107267678e-18,0.2
2022-05-11,0.0111918284738898,0.0,0.0,0.4,0.4,4.003694107267678e-18,0.2
2022-05-12,-0.005153720633205072,0.0,0.0,0.4,0.4,4.003694107267678e-18,0.2
2022-05-13,-0.00972652789033266,0.0,0.0,0.4,0.4,4.003694107267678e-18,0.2
2022-05-16,0.0026149844415349847,0.0,0.0,0.4,0.4,4.003694107267678e-18,0.2
2022-05-17,-0.008996200140989098,0.0,0.0,0.4,0.4,4.003694107267678e-18,0.2
2022-05-18,0.009752915949128306,0.0,0.0,0.4,0.4,4.003694107267678e-18,0.2
2022-05-19,0.004748376328562754,0.0,0.0,0.4,0.4,4.003694107267678e-18,0.2
2022-05-20,0.005255991433077689,0.0,0.0,0.4,0.4,4.003694107267678e-18,0.2
2022-05-23,-0.006537091825870633,0.0,0.0,0.4,0.4,4.003694107267678e-18,0.2
2022-05-24,0.01031521422770676,0.0,0.0,0.4,0.4,4.003694107267678e-18,0.2
2022-05-25,-9.522323473527567e-05,0.0,0.0,0.4,0.4,4.003694107267678e-18,0.2
2022-05-26,-0.0032086766347517283,0.0,0.0,0.4,0.4,4.003694107267678e-18,0.2
2022-05-27,0.0007439011591626077,0.0,0.0,0.4,0.4,4.003694107267678e-18,0.2
2022-05-31,-0.012053763352039538,0.0,0.0,0.4,0.4,4.003694107267678e-18,0.2
2022-06-01,0.003633761227505961,0.0,0.0,0.4,0.4,4.003694107267678e-18,0.2
2022-06-02,0.0033798277633035672,0.0,0.0,0.4,0.4,4.003694107267678e-18,0.2
2022-06-03,-0.004037975786652659,0.0,0.0,0.4,0.4,4.003694107267678e-18,0.2
2022-06-06,-0.00869929917537764,0.0,0.0,0.4,0.4,4.003694107267678e-18,0.2
2022-06-07,0.006708111514121362,0.0,0.0,0.4,0.4,4.003694107267678e-18,0.2
2022-06-08,-0.0033289596108065926,0.0,0.0,0.4,0.4,4.003694107267678e-18,0.2
2022-06-09,0.0015183583452623942,0.0,0.0,0.4,0.4,4.003694107267678e-18,0.2
2022-06-10,0.004477667861971258,0.0,0.0,0.4,0.4,4.003694107267678e-18,0.2
2022-06-13,-0.021176129152807113,0.0,0.0,0.4,0.4,4.003694107267678e-18,0.2
2022-06-14,-0.007819523575496624,0.0,0.0,0.4,0.4,4.003694107267678e-18,0.2
2022-06-15,0.015449446681354503,0.21925918392401134,0.2192591839240113,0.3807408160759887,0.4,2.1343755585214032e-19,0.0
2022-06-16,-0.0004210823813369175,0.01668043150072128,0.23593961542473257,0.3640603845752674,0.4,0.0,0.0
2022-06-17,-0.0016003310198840347,0.00652067562805303,0.22941893979667954,0.37058106020332043,0.4,0.0,0.0
2022-06-21,-0.0018114426292514694,0.004514772701364023,0.23393371249804357,0.3660662875019564,0.4,0.0,0.0
2022-06-22,0.011182353031000928,0.0018635624470623308,0.2357972749451059,0.3642027250548941,0.4,0.0,6.401247370954613e-20
2022-06-23,0.0010499347164894869,0.23579727494510588,1.3877787807814457e-17,0.4,0.4,4.1330115304832e-19,0.19999999999999998
2022-06-24,-0.006367565554984655,0.0,1.3877787807814457e-17,0.4,0.4,4.1330115304832e-19,0.19999999999999998
2022-06-27,-0.004218159231866903,0.0,1.3877787807814457e-17,0.4,0.4,4.1330115304832e-19,0.19999999999999998
2022-06-28,0.0023586288092541704,0.0,1.3877787807814457e-17,0.4,0.4,4.1330115304832e-19,0.19999999999999998
2022-06-29,0.007084129426289465,0.0,1.3877787807814457e-17,0.4,0.4,4.1330115304832e-19,0.19999999999999998
2022-06-30,0.0004402148551709397,0.0,1.3877787807814457e-17,0.4,0.4,4.1330115304832e-19,0.19999999999999998
2022-07-01,0.004417935014072284,0.0,1.3877787807814457e-17,0.4,0.4,4.1330115304832e-19,0.19999999999999998
2022-07-05,0.0019852005572142074,0.33194565535595644,0.13194565535595643,0.20501577535627405,0.2630385692877696,0.0,0.4
2022-07-06,-0.005327320059455241,0.001697184196792074,0.13246332572662622,0.2061952891823963,0.2613413850909775,1.8969386101381792e-18,0.4
2022-07-07,0.0004543687434826792,0.0,0.13246332572662622,0.2061952891823963,0.2613413850909775,1.8969386101381792e-18,0.4
2022-07-08,-0.0025222717128119856,0.0033973849940764082,0.13372919046525295,0.20279790418831992,0.2634729053464272,1.0415729989623557e-18,0.4
2022-07-11,0.005140435282575502,0.0026236043359431226,0.1329477878812788,0.20095570243635097,0.26609650968237025,0.0,0.3999999999999999
2022-07-12,-0.0010994715672229887,0.001968132178460813,0.13353452477128322,0.20233709772480732,0.2641283775039095,0.0,0.4
2022-07-13,0.0020542651715345682,0.000981922790505435,0.13382600485334137,0.20302754043325463,0.2631464547134041,1.7923312054569862e-19,0.4
2022-07-14,-0.0029074978280022594,0.0005126222316899084,0.1335597235956045,0.20278119945930154,0.26365907694509394,1.7810643551596267e-18,0.4
2022-07-15,0.005844207745600677,0.4,0.24268988777798486,0.3573101122220152,0.3999999999999999,0.0,0.0
2022-07-18,-0.005349016990920465,0.0,0.24268988777798486,0.3573101122220152,0.3999999999999999,0.0,0.0
2022-07-19,0.005584617847172776,0.0,0.24268988777798486,0.3573101122220152,0.3999999999999999,0.0,0.0
2022-07-20,-0.0012763866719511419,0.0,0.24268988777798486,0.3573101122220152,0.3999999999999999,0.0,0.0
2022-07-21,0.014288466456891821,0.0,0.24268988777798486,0.3573101122220152,0.3999999999999999,0.0,0.0
2022-07-22,0.004841592215386691,0.003379207402522566,0.23931068037546235,0.3606893196245377,0.4,0.0,0.0
2022-07-25,-0.004334032275830016,0.0,0.23931068037546235,0.3606893196245377,0.4,0.0,0.0
2022-07-26,-0.0030289961500689962,0.0,0.23931068037546235,0.3606893196245377,0.4,0.0,0.0
2022-07-27,0.008261536267330194,0.0,0.23931068037546235,0.3606893196245377,0.4,0.0,0.0
2022-07-28,0.01074713133470907,0.0,0.23931068037546235,0.3606893196245377,0.4,0.0,0.0
2022-07-29,0.003581356531000197,0.00299313521814365,0.2363175451573187,0.36368245484268136,0.4,0.0,1.5634952634279726e-19
2022-08-01,0.010325797844178764,0.0,0.2363175451573187,0.36368245484268136,0.4,0.0,1.5634952634279726e-19
2022-08-02,-0.011629748370703942,0.0,0.2363175451573187,0.36368245484268136,0.4,0.0,1.5634952634279726e-19
2022-08-03,0.01040198140467297,0.0,0.2363175451573187,0.36368245484268136,0.4,0.0,1.5634952634279726e-19
2022-08-04,0.006334378565312405,0.0,0.2363175451573187,0.36368245484268136,0.4,0.0,1.5634952634279726e-19
2022-08-05,-0.013613026030516298,0.0026341042291966182,0.23368344092812204,0.36631655907187793,0.4,3.143062887272427e-20,0.0
2022-08-08,0.009029589817395397,0.0,0.23368344092812204,0.36631655907187793,0.4,3.143062887272427e-20,0.0
2022-08-09,-0.0011277959673021648,0.0,0.23368344092812204,0.36631655907187793,0.4,3.143062887272427e-20,0.0
2022-08-10,0.0015107847355182698,0.0,0.23368344092812204,0.36631655907187793,0.4,3.143062887272427e-20,0.0
2022-08-11,-0.009593762897894315,0.0,0.23368344092812204,0.36631655907187793,0.4,3.143062887272427e-20,0.0
2022-08-12,0.011374403728829618,0.003622080971630942,0.237305521899753,0.362694478100247,0.4,0.0,0.0
2022-08-15,-0.004482615886789615,0.0,0.237305521899753,0.362694478100247,0.4,0.0,0.0
2022-08-16,0.0012724916470499884,0.0,0.237305521899753,0.362694478100247,0.4,0.0,0.0
2022-08-17,-0.00805719258122879,0.0,0.237305521899753,0.362694478100247,0.4,0.0,0.0
2022-08-18,0.0001804879587039801,0.0,0.237305521899753,0.362694478100247,0.4,0.0,0.0
2022-08-19,-0.011947434408830167,0.003700618569432393,0.24100614046918542,0.35899385953081464,0.4,0.0,0.0
2022-08-22,-0.008879978408324116,0.0,0.24100614046918542,0.35899385953081464,0.4,0.0,0.0
2022-08-23,0.00023753970878152625,0.0,0.24100614046918542,0.35899385953081464,0.4,0.0,0.0
2022-08-24,-0.0006762868855953658,0.0,0.24100614046918542,0.35899385953081464,0.4,0.0,0.0
2022-08-25,0.009630554272803411,0.0,0.24100614046918542,0.35899385953081464,0.4,0.0,0.0
2022-08-26,-0.01039937346297326,0.0020870227936850005,0.24309316326287037,0.3569068367371296,0.4,5.4324372382950615e-21,5.459390981793178e-20
2022-08-29,-0.004312906156047221,0.0,0.24309316326287037,0.3569068367371296,0.4,5.4324372382950615e-21,5.459390981793178e-20
2022-08-30,-0.005117900919668822,0.0,0.24309316326287037,0.3569068367371296,0.4,5.4324372382950615e-21,5.459390981793178e-20
2022-08-31,-0.00835217405251868,0.0,0.24309316326287037,0.3569068367371296,0.4,5.4324372382950615e-21,5.459390981793178e-20
2022-09-01,-0.009287713462994476,0.0,0.24309316326287037,0.3569068367371296,0.4,5.4324372382950615e-21,5.459390981793178e-20
2022-09-02,0.002952840115429173,0.0015356424663355989,0.24462880572920598,0.355371194270794,0.4,1.6449037486135643e-20,0.0
2022-09-06,-0.012060815202162244,0.0,0.24462880572920598,0.355371194270794,0.4,1.6449037486135643e-20,0.0
2022-09-07,0.014082474532361614,0.0,0.24462880572920598,0.355371194270794,0.4,1.6449037486135643e-20,0.0
2022-09-08,-0.0044470652305441324,0.0,0.24462880572920598,0.355371194270794,0.4,1.6449037486135643e-20,0.0
2022-09-09,0.0067029281868505545,0.0,0.24462880572920598,0.355371194270794,0.4,1.6449037486135643e-20,0.0
2022-09-12,0.0017363213511940151,0.0,0.24462880572920598,0.355371194270794,0.4,1.6449037486135643e-20,0.0
2022-09-13,-0.015014411484691584,0.0,0.24462880572920598,0.355371194270794,0.4,1.6449037486135643e-20,0.0
2022-09-14,0.0006155671063572087,0.0,0.24462880572920598,0.355371194270794,0.4,1.6449037486135643e-20,0.0
2022-09-15,-0.010479187726079855,0.0,0.24462880572920598,0.355371194270794,0.4,1.6449037486135643e-20,0.0
2022-09-16,-0.0026088698792919116,0.0,0.24462880572920598,0.355371194270794,0.4,1.6449037486135643e-20,0.0
2022-09-19,0.0030568757353385246,0.0032824262133859805,0.24791123194259196,0.3548756941966912,0.39721307386071686,0.0,3.038020872851412e-20
2022-09-20,-0.008650523306734565,0.0,0.24791123194259196,0.3548756941966912,0.39721307386071686,0.0,3.038020872851412e-20
2022-09-21,0.0034649919075377842,0.0,0.24791123194259196,0.3548756941966912,0.39721307386071686,0.0,3.038020872851412e-20
2022-09-22,-0.011378363582777778,0.0,0.24791123194259196,0.3548756941966912,0.39721307386071686,0.0,3.038020872851412e-20
2022-09-23,-0.009566687820100743,0.0,0.24791123194259196,0.3548756941966912,0.39721307386071686,0.0,3.038020872851412e-20
2022-09-26,-0.013880496149818733,0.009116513891141542,0.25256605171466495,0.3593373883157598,0.38809655996957537,0.0,0.0
2022-09-27,-0.00931108959968472,0.0,0.25256605171466495,0.3593373883157598,0.38809655996957537,0.0,0.0
2022-09-28,0.02506817448004067,0.0,0.25256605171466495,0.3593373883157598,0.38809655996957537,0.0,0.0
2022-09-29,-0.007210817144280863,0.0,0.25256605171466495,0.3593373883157598,0.38809655996957537,0.0,0.0
2022-09-30,-0.008519901132102617,0.0,0.25256605171466495,0.3593373883157598,0.38809655996957537,0.0,0.0
2022-10-03,0.02176465168727472,0.00501355651267503,0.24995034021460807,0.3643509448284347,0.3856987149569571,1.5165780488862526e-19,2.1195408533773973e-19
2022-10-04,0.012253693099393441,0.0,0.24995034021460807,0.3643509448284347,0.3856987149569571,1.5165780488862526e-19,2.1195408533773973e-19
2022-10-05,-0.006201802559657716,0.0,0.24995034021460807,0.3643509448284347,0.3856987149569571,1.5165780488862526e-19,2.1195408533773973e-19
2022-10-06,-0.005038022546820052,0.0,0.24995034021460807,0.3643509448284347,0.3856987149569571,1.5165780488862526e-19,2.1195408533773973e-19
2022-10-07,-0.014737484889821632,0.0,0.24995034021460807,0.3643509448284347,0.3856987149569571,1.5165780488862526e-19,2.1195408533773973e-19
2022-10-10,-0.013438565990397947,0.003051221151688377,0.24971884741296888,0.36740216598012315,0.382878986606908,2.3828156319887492e-20,0.0
2022-10-11,-0.0007434833827648691,0.0,0.24971884741296888,0.36740216598012315,0.382878986606908,2.3828156319887492e-20,0.0
2022-10-12,0.0030271303545620467,0.0,0.24971884741296888,0.36740216598012315,0.382878986606908,2.3828156319887492e-20,0.0
2022-10-13,0.00042481389445584014,0.0,0.24971884741296888,0.36740216598012315,0.382878986606908,2.3828156319887492e-20,0.0
2022-10-14,-0.013492163673633059,0.0,0.24971884741296888,0.36740216598012315,0.382878986606908,2.3828156319887492e-20,0.0
2022-10-17,0.005704278742033774,0.002550287345304908,0.24949555407642884,0.3699524533254281,0.38055199259814315,0.0,0.0
2022-10-18,0.004617412837938128,0.0,0.24949555407642884,0.3699524533254281,0.38055199259814315,0.0,0.0
2022-10-19,-0.01360220311069842,0.0,0.24949555407642884,0.3699524533254281,0.38055199259814315,0.0,0.0
2022-10-20,-0.009017802549486071,0.0,0.24949555407642884,0.3699524533254281,0.38055199259814315,0.0,0.0
2022-10-21,0.006179872849908471,0.0,0.24949555407642884,0.3699524533254281,0.38055199259814315,0.0,0.0
2022-10-24,-0.0011565720462075506,0.005094785459429971,0.2545903395358588,0.369281429406045,0.37612823105809623,7.831032030277375e-20,1.1781993329363043e-19
2022-10-25,0.01567294695146268,0.0,0.2545903395358588,0.369281429406045,0.37612823105809623,7.831032030277375e-20,1.1781993329363043e-19
2022-10-26,0.005795749225472175,0.0,0.2545903395358588,0.369281429406045,0.37612823105809623,7.831032030277375e-20,1.1781993329363043e-19
2022-10-27,0.001924720298314246,0.0,0.2545903395358588,0.369281429406045,0.37612823105809623,7.831032030277375e-20,1.1781993329363043e-19
2022-10-28,-0.0003220346026537291,0.0,0.2545903395358588,0.369281429406045,0.37612823105809623,7.831032030277375e-20,1.1781993329363043e-19
2022-10-31,-0.007538057872144314,0.0031360207566960285,0.25651521675485256,0.37049257294374727,0.3729922103014002,8.564892755364797e-20,1.4108503119623622e-20
2022-11-01,0.006145973198865571,0.0,0.25651521675485256,0.37049257294374727,0.3729922103014002,8.564892755364797e-20,1.4108503119623622e-20
2022-11-02,-0.010646169984017363,0.0,0.25651521675485256,0.37049257294374727,0.3729922103014002,8.564892755364797e-20,1.4108503119623622e-20
2022-11-03,-0.006060609714247066,0.0,0.25651521675485256,0.37049257294374727,0.3729922103014002,8.564892755364797e-20,1.4108503119623622e-20
2022-11-04,0.008917073528974001,0.0,0.25651521675485256,0.37049257294374727,0.3729922103014002,8.564892755364797e-20,1.4108503119623622e-20
2022-11-07,-0.0027204847041609227,0.0,0.25651521675485256,0.37049257294374727,0.3729922103014002,8.564892755364797e-20,1.4108503119623622e-20
2022-11-08,0.014050969299008904,0.0,0.25651521675485256,0.37049257294374727,0.3729922103014002,8.564892755364797e-20,1.4108503119623622e-20
2022-11-09,-0.005938114256417496,0.0,0.25651521675485256,0.37049257294374727,0.3729922103014002,8.564892755364797e-20,1.4108503119623622e-20
2022-11-10,0.03970634338106761,0.0,0.25651521675485256,0.37049257294374727,0.3729922103014002,8.564892755364797e-20,1.4108503119623622e-20
2022-11-11,-0.0015039662314856863,0.3332789409104111,0.15526111345340862,0.15290243391306216,0.35855751172311817,1.3304027806161529e-20,0.33327894091041116
2022-11-14,-0.002290491809787928,0.3332789409104111,0.2582750629633245,0.3698809488465921,0.37184398819008346,0.0,0.0
2022-11-15,0.00949526693046505,0.0,0.2582750629633245,0.3698809488465921,0.37184398819008346,0.0,0.0
2022-11-16,0.005264506757301751,0.0,0.2582750629633245,0.3698809488465921,0.37184398819008346,0.0,0.0
2022-11-17,-0.0073956477950715815,0.0,0.2582750629633245,0.3698809488465921,0.37184398819008346,0.0,0.0
2022-11-18,-0.003934397627361955,0.0,0.2582750629633245,0.3698809488465921,0.37184398819008346,0.0,0.0
2022-11-21,-0.0014515934128070027,0.004127274485019594,0.262402337448344,0.36978814489223577,0.36780951765942016,0.0,0.0
2022-11-22,0.009210895911013817,8.326672684688674e-17,0.26240233744834407,0.3697881448922358,0.3678095176594202,0.0,0.0
2022-11-23,0.010395305268937031,8.326672684688674e-17,0.262402337448344,0.36978814489223577,0.36780951765942016,0.0,0.0
2022-11-25,-0.0009963577546797128,8.326672684688674e-17,0.26240233744834407,0.3697881448922358,0.3678095176594202,0.0,0.0
2022-11-28,-0.006052083754239148,8.326672684688674e-17,0.262402337448344,0.36978814489223577,0.36780951765942016,0.0,0.0
2022-11-29,-0.003000803068266351,0.0019649440168245103,0.2625574638817676,0.37159796247563676,0.3658445736425957,0.0,0.0
2022-11-30,0.015679816248308737,0.0,0.2625574638817676,0.37159796247563676,0.3658445736425957,0.0,0.0
2022-12-01,0.018403774157238973,0.0,0.2625574638817676,0.37159796247563676,0.3658445736425957,0.0,0.0
2022-12-02,0.0031059297561432733,0.0,0.2625574638817676,0.37159796247563676,0.3658445736425957,0.0,0.0
2022-12-05,-0.016205576407971566,0.0,0.2625574638817676,0.37159796247563676,0.3658445736425957,0.0,0.0
2022-12-06,0.0019539300153024954,0.0045660484908870425,0.26604754590382884,0.3726739289444625,0.3612785251517086,9.209871696465957e-20,0.0
2022-12-07,0.011594041939858095,0.0,0.26604754590382884,0.3726739289444625,0.3612785251517086,9.209871696465957e-20,0.0
2022-12-08,0.0013669870340811908,0.0,0.26604754590382884,0.3726739289444625,0.3612785251517086,9.209871696465957e-20,0.0
2022-12-09,-0.010401853757102047,0.0,0.26604754590382884,0.3726739289444625,0.3612785251517086,9.209871696465957e-20,0.0
2022-12-12,0.0020429816652831894,0.0,0.26604754590382884,0.3726739289444625,0.3612785251517086,9.209871696465957e-20,0.0
2022-12-13,0.011778020840017792,0.001847636058095542,0.2651900365599389,0.3745215650025581,0.3602883984375031,1.2317663933507918e-19,0.0
2022-12-14,-0.0009726179150996274,8.326672684688674e-17,0.26519003655993884,0.37452156500255807,0.36028839843750304,1.2317663933507916e-19,0.0
2022-12-15,-0.010919808695684614,8.326672684688674e-17,0.2651900365599389,0.3745215650025581,0.3602883984375031,1.2317663933507918e-19,0.0
2022-12-16,-0.004176689765917093,8.326672684688674e-17,0.26519003655993884,0.37452156500255807,0.36028839843750304,1.2317663933507916e-19,0.0
2022-12-19,-0.009557954129461572,8.326672684688674e-17,0.2651900365599389,0.3745215650025581,0.3602883984375031,1.2317663933507918e-19,0.0
2022-12-20,-0.0003085773143691054,8.326672684688674e-17,0.26519003655993884,0.37452156500255807,0.36028839843750304,1.2317663933507916e-19,0.0
2022-12-21,0.004309929212819693,8.326672684688674e-17,0.2651900365599389,0.3745215650025581,0.3602883984375031,1.2317663933507918e-19,0.0
2022-12-22,-0.00820971099439593,8.326672684688674e-17,0.26519003655993884,0.37452156500255807,0.36028839843750304,1.2317663933507916e-19,0.0
2022-12-23,-0.002884966367834376,8.326672684688674e-17,0.2651900365599389,0.3745215650025581,0.3602883984375031,1.2317663933507918e-19,0.0
2022-12-27,-0.0054139408972729355,8.326672684688674e-17,0.26519003655993884,0.37452156500255807,0.36028839843750304,1.2317663933507916e-19,0.0
2022-12-28,-0.007116554091373932,0.0011763646028113875,0.26401367195712755,0.374640826411438,0.36134545186679295,1.9505601759447577e-20,4.9764641665775855e-08
2022-12-29,0.011027875989027231,8.326673346433164e-17,0.2640136719571275,0.3746408264114379,0.3613454518667929,1.9505601759447574e-20,4.976464166577584e-08
2022-12-30,-0.0031725969840577795,8.326673015560919e-17,0.26401367195712755,0.374640826411438,0.36134545186679295,1.9505601759447577e-20,4.976464166577585e-08
2023-01-03,0.009067639528588675,0.011763133143646867,0.2595891037573324,0.3673022614675862,0.36161201340380794,8.619637051462477e-19,0.011496621371273504
2023-01-04,0.010398771600931089,0.0,0.2595891037573324,0.3673022614675862,0.36161201340380794,8.619637051462477e-19,0.011496621371273504
2023-01-05,-0.005725296589401231,0.010173518066859958,0.2554481545384546,0.36126969261960407,0.3624699130432964,0.0,0.020812239798645008
2023-01-06,0.01901265923238446,0.0,0.2554481545384546,0.36126969261960407,0.3624699130432964,0.0,0.020812239798645008
2023-01-09,0.0024657064316047994,0.0,0.2554481545384546,0.36126969261960407,0.3624699130432964,0.0,0.020812239798645008
2023-01-10,-0.002840111988767654,0.0,0.2554481545384546,0.36126969261960407,0.3624699130432964,0.0,0.020812239798645008
2023-01-11,0.008853013557629807,0.0,0.2554481545384546,0.36126969261960407,0.3624699130432964,0.0,0.020812239798645008
2023-01-12,0.011894726890322387,0.006763930613830163,0.2521784674302743,0.35777544911395415,0.36293963280373304,0.0,0.02710645065203846
2023-01-13,0.0019710904675655583,0.0,0.2521784674302743,0.35777544911395415,0.36293963280373304,0.0,0.02710645065203846
2023-01-17,-0.005071190185348583,0.0,0.2521784674302743,0.35777544911395415,0.36293963280373304,0.0,0.02710645065203846
2023-01-18,0.0036457893524652505,0.0,0.2521784674302743,0.35777544911395415,0.36293963280373304,0.0,0.02710645065203846
2023-01-19,0.0016151256820529127,0.0,0.2521784674302743,0.35777544911395415,0.36293963280373304,0.0,0.02710645065203846
2023-01-20,-0.0023464725134545103,0.006530526133895686,0.24965162271997896,0.3537717676903538,0.3643704732811837,2.038546738898336e-19,0.03220613630848347
2023-01-23,0.002067807185784111,7.28583859910259e-17,0.24965162271997898,0.35377176769035384,0.36437047328118377,2.0385467388983362e-19,0.03220613630848348
2023-01-24,0.006102645043243843,0.0,0.24965162271997898,0.35377176769035384,0.36437047328118377,2.0385467388983362e-19,0.03220613630848348
2023-01-25,0.002523478752285031,0.0,0.24965162271997898,0.35377176769035384,0.36437047328118377,2.0385467388983362e-19,0.03220613630848348
2023-01-26,-0.002119049279583579,0.0,0.24965162271997898,0.35377176769035384,0.36437047328118377,2.0385467388983362e-19,0.03220613630848348
2023-01-27,-0.0007731483505343079,0.004819312661359754,0.24796300878852995,0.35064106896044306,0.36587663023456,9.213472249622742e-20,0.03551929201646692
2023-01-30,-0.005202497702707434,8.673617379884035e-17,0.24796300878853,0.3506410689604431,0.3658766302345601,9.213472249622745e-20,0.035519292016466926
2023-01-31,0.007702324807999131,8.673617379884035e-17,0.24796300878852995,0.35064106896044306,0.36587663023456,9.213472249622742e-20,0.03551929201646692
2023-02-01,0.01112363489462517,8.673617379884035e-17,0.24796300878853,0.3506410689604431,0.3658766302345601,9.213472249622745e-20,0.035519292016466926
2023-02-02,-0.0032947827328157144,8.673617379884035e-17,0.24796300878852995,0.35064106896044306,0.36587663023456,9.213472249622742e-20,0.03551929201646692
2023-02-03,-0.016544943469455137,8.673617379884035e-17,0.24796300878853,0.3506410689604431,0.3658766302345601,9.213472249622745e-20,0.035519292016466926
2023-02-06,-0.0031475352636887288,8.673617379884035e-17,0.24796300878852995,0.35064106896044306,0.36587663023456,9.213472249622742e-20,0.03551929201646692
2023-02-07,0.0007020503248797217,8.673617379884035e-17,0.24796300878853,0.3506410689604431,0.3658766302345601,9.213472249622745e-20,0.035519292016466926
2023-02-08,-0.00010023884260523266,8.673617379884035e-17,0.24796300878852995,0.35064106896044306,0.36587663023456,9.213472249622742e-20,0.03551929201646692
2023-02-09,-0.008417281218841988,8.673617379884035e-17,0.24796300878853,0.3506410689604431,0.3658766302345601,9.213472249622745e-20,0.035519292016466926
2023-02-10,-0.0024381332261847024,0.008745060028413368,0.24568581319332888,0.3441732045272308,0.36661940074056704,0.0,0.04352158153887329
2023-02-13,0.003794744648684789,0.0,0.24568581319332888,0.3441732045272308,0.36661940074056704,0.0,0.04352158153887329
2023-02-14,-0.000660071020901354,0.0,0.24568581319332888,0.3441732045272308,0.36661940074056704,0.0,0.04352158153887329
2023-02-15,-0.005768250209372038,0.0,0.24568581319332888,0.3441732045272308,0.36661940074056704,0.0,0.04352158153887329
2023-02-16,-0.008497239963501158,0.0,0.24568581319332888,0.3441732045272308,0.36661940074056704,0.0,0.04352158153887329
2023-02-17,0.0030877720164270064,0.0071451307400463605,0.24394908251988057,0.3387648044606328,0.36770753367266173,2.6498440583233074e-20,0.049578579346824955
2023-02-21,-0.012693848917246973,0.0,0.24394908251988057,0.3387648044606328,0.36770753367266173,2.6498440583233074e-20,0.049578579346824955
2023-02-22,0.0008577722892611976,0.0,0.24394908251988057,0.3387648044606328,0.36770753367266173,2.6498440583233074e-20,0.049578579346824955
2023-02-23,0.004430618614995488,0.0,0.24394908251988057,0.3387648044606328,0.36770753367266173,2.6498440583233074e-20,0.049578579346824955
2023-02-24,-0.009287701802535709,0.0,0.24394908251988057,0.3387648044606328,0.36770753367266173,2.6498440583233074e-20,0.049578579346824955
2023-02-27,0.0028924390726731437,0.008150921521402739,0.24192369699863095,0.33263926846047964,0.36861786548352066,1.1317840755787772e-19,0.05681916905736875
2023-02-28,0.0024568656909772016,0.0,0.24192369699863095,0.33263926846047964,0.36861786548352066,1.1317840755787772e-19,0.05681916905736875
2023-03-01,-0.002673835599489944,0.0,0.24192369699863095,0.33263926846047964,0.36861786548352066,1.1317840755787772e-19,0.05681916905736875
2023-03-02,-0.0009823742651560792,0.0,0.24192369699863095,0.33263926846047964,0.36861786548352066,1.1317840755787772e-19,0.05681916905736875
2023-03-03,0.015671274899278446,0.0,0.24192369699863095,0.33263926846047964,0.36861786548352066,1.1317840755787772e-19,0.05681916905736875
2023-03-06,-0.004337705944800604,0.007352074640153486,0.23897816523842094,0.3282327255805361,0.3709153021884184,0.0,0.06187380699262446
2023-03-07,-0.007367935810110773,7.28583859910259e-17,0.23897816523842097,0.3282327255805362,0.37091530218841845,0.0,0.061873806992624465
2023-03-08,0.0005150354822738022,9.020562075079397e-17,0.23897816523842091,0.3282327255805361,0.3709153021884184,0.0,0.06187380699262445
2023-03-09,-0.00012286184635458693,7.28583859910259e-17,0.23897816523842094,0.3282327255805362,0.37091530218841845,0.0,0.06187380699262446
2023-03-10,0.015478587944653122,0.0,0.23897816523842094,0.3282327255805362,0.37091530218841845,0.0,0.06187380699262446
2023-03-13,0.008297454346910026,0.006611837352796385,0.23609699919470478,0.32450205427145595,0.37130583946741547,1.0012747098444938e-19,0.06809510706642383
2023-03-14,-0.003582805599287835,0.0,0.23609699919470478,0.32450205427145595,0.37130583946741547,1.0012747098444938e-19,0.06809510706642383
2023-03-15,0.00841452012988595,0.0,0.23609699919470478,0.32450205427145595,0.37130583946741547,1.0012747098444938e-19,0.06809510706642383
2023-03-16,0.0022818725542039656,0.0,0.23609699919470478,0.32450205427145595,0.37130583946741547,1.0012747098444938e-19,0.06809510706642383
2023-03-17,0.012538264219440994,0.0,0.23609699919470478,0.32450205427145595,0.37130583946741547,1.0012747098444938e-19,0.06809510706642383
2023-03-20,-0.0008435209698786461,0.004295948886468767,0.2334790136694884,0.3228240909102036,0.3747405635636858,0.0,0.06895633185662228
2023-03-21,-0.00680583204367864,0.0,0.2334790136694884,0.3228240909102036,0.3747405635636858,0.0,0.06895633185662228
2023-03-22,0.006186080606822046,0.0,0.2334790136694884,0.3228240909102036,0.3747405635636858,0.0,0.06895633185662228
2023-03-23,0.005428830505591682,0.0,0.2334790136694884,0.3228240909102036,0.3747405635636858,0.0,0.06895633185662228
2023-03-24,-0.0008985754495116568,0.0,0.2334790136694884,0.3228240909102036,0.3747405635636858,0.0,0.06895633185662228
2023-03-27,-0.010761497533725746,0.006919269500082571,0.23154512144681444,0.317838713632795,0.3773279488386565,2.443673293676284e-20,0.07328821608173415
2023-03-28,0.0028866555610119297,0.0,0.23154512144681444,0.317838713632795,0.3773279488386565,2.443673293676284e-20,0.07328821608173415
2023-03-29,0.0010394095074583581,0.0,0.23154512144681444,0.317838713632795,0.3773279488386565,2.443673293676284e-20,0.07328821608173415
2023-03-30,0.005887762537804039,0.0,0.23154512144681444,0.317838713632795,0.3773279488386565,2.443673293676284e-20,0.07328821608173415
2023-03-31,0.006322192701939575,0.0,0.23154512144681444,0.317838713632795,0.3773279488386565,2.443673293676284e-20,0.07328821608173415
2023-04-03,0.00476112106596206,0.0025878441933081253,0.230577585187991,0.3162184056983103,0.37991482852525515,1.6727637656360888e-19,0.07328918058844362
2023-04-04,0.007084351945619746,0.0,0.230577585187991,0.3162184056983103,0.37991482852525515,1.6727637656360888e-19,0.07328918058844362
2023-04-05,0.0026112491398494198,0.0,0.230577585187991,0.3162184056983103,0.37991482852525515,1.6727637656360888e-19,0.07328918058844362
2023-04-06,-0.0009401390343339236,0.0,0.230577585187991,0.3162184056983103,0.37991482852525515,1.6727637656360888e-19,0.07328918058844362
2023-04-10,-0.007250818254534674,0.0,0.230577585187991,0.3162184056983103,0.37991482852525515,1.6727637656360888e-19,0.07328918058844362
2023-04-11,0.0028631274543210322,0.0029812013989681183,0.2300281684757459,0.31378662101158716,0.38262981113574995,8.74398020256794e-20,0.07355539937691682
2023-04-12,0.00021204066490380035,7.632783294297951e-17,0.23002816847574592,0.3137866210115872,0.38262981113575,8.743980202567941e-20,0.07355539937691684
2023-04-13,0.005415220931931934,7.632783294297951e-17,0.23002816847574595,0.3137866210115873,0.38262981113575006,8.743980202567942e-20,0.07355539937691685
2023-04-14,-0.00978087318527569,1.1796119636642288e-16,0.2300281684757459,0.3137866210115872,0.38262981113574995,8.74398020256794e-20,0.07355539937691684
2023-04-17,-0.004239365705806518,7.632783294297951e-17,0.23002816847574592,0.3137866210115873,0.38262981113575,8.743980202567941e-20,0.07355539937691685
2023-04-18,0.002485734521207669,0.0034629215180224313,0.2299032421524619,0.3104486258168489,0.3855030419788682,9.437735298016627e-20,0.07414509005182114
2023-04-19,-0.002018379536574835,1.1796119636642288e-16,0.22990324215246186,0.31044862581684884,0.3855030419788681,9.437735298016625e-20,0.07414509005182113
2023-04-20,0.002917719689811948,7.632783294297951e-17,0.22990324215246188,0.3104486258168489,0.38550304197886814,9.437735298016626e-20,0.07414509005182114
2023-04-21,-0.005457729047606457,1.1796119636642288e-16,0.22990324215246183,0.31044862581684884,0.38550304197886803,9.437735298016623e-20,0.07414509005182113
2023-04-24,0.004174387482503631,7.632783294297951e-17,0.22990324215246186,0.3104486258168489,0.3855030419788681,9.437735298016625e-20,0.07414509005182114
2023-04-25,0.003218765998794172,0.0031430761920261466,0.22910754420120072,0.3081012475760839,0.38811301543148025,1.2258325419139375e-21,0.07467819279123517
2023-04-26,-0.0066064477030586995,0.0,0.22910754420120072,0.3081012475760839,0.38811301543148025,1.2258325419139375e-21,0.07467819279123517
2023-04-27,0.0015518974260149915,0.0,0.22910754420120072,0.3081012475760839,0.38811301543148025,1.2258325419139375e-21,0.07467819279123517
2023-04-28,0.007138233021406885,0.0,0.22910754420120072,0.3081012475760839,0.38811301543148025,1.2258325419139375e-21,0.07467819279123517
2023-05-01,-0.010481751029666076,0.0,0.22910754420120072,0.3081012475760839,0.38811301543148025,1.2258325419139375e-21,0.07467819279123517
2023-05-02,0.012357161511891568,0.0033055199857494055,0.2294831869142539,0.3047957275903345,0.39024311442713466,1.3875696814576692e-19,0.07547797106827697
2023-05-03,0.0030282018375593356,0.0,0.2294831869142539,0.3047957275903345,0.39024311442713466,1.3875696814576692e-19,0.07547797106827697
2023-05-04,-0.001810015599173124,0.0,0.2294831869142539,0.3047957275903345,0.39024311442713466,1.3875696814576692e-19,0.07547797106827697
2023-05-05,-0.0029808100253212095,0.0,0.2294831869142539,0.3047957275903345,0.39024311442713466,1.3875696814576692e-19,0.07547797106827697
2023-05-08,-0.003622581893036965,0.0,0.2294831869142539,0.3047957275903345,0.39024311442713466,1.3875696814576692e-19,0.07547797106827697
2023-05-09,0.0009538968984961291,0.0038757462156841643,0.22845285497634585,0.3019503133125584,0.39356704049177893,0.0,0.07602979121931686
2023-05-10,0.0032984640135890835,0.0,0.22845285497634585,0.3019503133125584,0.39356704049177893,0.0,0.07602979121931686
2023-05-11,-9.0726551795092e-05,0.0,0.22845285497634585,0.3019503133125584,0.39356704049177893,0.0,0.07602979121931686
2023-05-12,-0.003009367148665891,0.0,0.22845285497634585,0.3019503133125584,0.39356704049177893,0.0,0.07602979121931686
2023-05-15,-0.0017129430723875781,0.0,0.22845285497634585,0.3019503133125584,0.39356704049177893,0.0,0.07602979121931686
2023-05-16,-0.007181107101290359,0.003734541604883103,0.22837190911665628,0.29829671756736487,0.3961504885341486,0.0,0.07718088478183031
2023-05-17,0.000668283999057284,0.0,0.22837190911665628,0.29829671756736487,0.3961504885341486,0.0,0.07718088478183031
2023-05-18,-0.004573353602795633,0.0,0.22837190911665628,0.29829671756736487,0.3961504885341486,0.0,0.07718088478183031
2023-05-19,0.001262035327535463,0.0,0.22837190911665628,0.29829671756736487,0.3961504885341486,0.0,0.07718088478183031
2023-05-22,-0.0018425446739335862,0.0,0.22837190911665628,0.29829671756736487,0.3961504885341486,0.0,0.07718088478183031
2023-05-23,-0.0009952335732629086,0.006103827727419048,0.22709431132536817,0.29347048763123396,0.3977958626182791,1.0063809516097702e-20,0.08163933842511888
2023-05-24,-0.006019644966640013,3.762181160104489e-05,0.22708174639398704,0.29345795756114396,0.39783348442988015,0.0,0.08162681161498897
2023-05-25,-0.0022168888661608355,0.0,0.22708174639398704,0.29345795756114396,0.39783348442988015,0.0,0.08162681161498897
2023-05-26,0.006872224068855392,0.0,0.22708174639398704,0.29345795756114396,0.39783348442988015,0.0,0.08162681161498897
2023-05-30,0.005395731815681178,0.0,0.22708174639398704,0.29345795756114396,0.39783348442988015,0.0,0.08162681161498897
2023-05-31,0.002027778111601487,0.0027725365478339647,0.227932373230941,0.29068542101331,0.39902489044999345,1.6958241330832962e-19,0.08235731530575569
