date,gross,turnover,w_SPY,w_TLT,w_GLD,w_USO,w_UUP
2019-01-02,0.004232673188708036,0.265640562729876,0.134359437270124,0.4587378639165155,0.20000000000000007,0.0,0.2069026988133605
2019-01-03,0.002697445060555372,0.0,0.134359437270124,0.4587378639165155,0.20000000000000007,0.0,0.2069026988133605
2019-01-04,-0.0027512908625644114,0.0,0.134359437270124,0.4587378639165155,0.20000000000000007,0.0,0.2069026988133605
2019-01-07,-0.0004952217631146952,0.0,0.134359437270124,0.4587378639165155,0.20000000000000007,0.0,0.2069026988133605
2019-01-08,0.000167880807850158,0.0,0.134359437270124,0.4587378639165155,0.20000000000000007,0.0,0.2069026988133605
2019-01-09,-0.0007589355418235908,0.0,0.134359437270124,0.4587378639165155,0.20000000000000007,0.0,0.2069026988133605
2019-01-10,-0.0024226581790682475,0.0,0.134359437270124,0.4587378639165155,0.20000000000000007,0.0,0.2069026988133605
2019-01-11,0.002350548973723992,0.0,0.134359437270124,0.4587378639165155,0.20000000000000007,0.0,0.2069026988133605
2019-01-14,-0.002050747027974436,0.0,0.134359437270124,0.4587378639165155,0.20000000000000007,0.0,0.2069026988133605
2019-01-15,0.000254947554627076,0.0,0.134359437270124,0.4587378639165155,0.20000000000000007,0.0,0.2069026988133605
2019-01-16,0.001667710802888233,0.0,0.134359437270124,0.4587378639165155,0.20000000000000007,0.0,0.2069026988133605
2019-01-17,0.0008722012819427803,0.0,0.134359437270124,0.4587378639165155,0.20000000000000007,0.0,0.2069026988133605
2019-01-18,-0.0017522695631904,0.0,0.134359437270124,0.4587378639165155,0.20000000000000007,0.0,0.2069026988133605
2019-01-22,0.0020033706492381463,0.0,0.134359437270124,0.4587378639165155,0.20000000000000007,0.0,0.2069026988133605
2019-01-23,-0.0006749171589601473,0.0,0.134359437270124,0.4587378639165155,0.20000000000000007,0.0,0.2069026988133605
2019-01-24,0.0039870950824535045,0.0,0.134359437270124,0.4587378639165155,0.20000000000000007,0.0,0.2069026988133605
2019-01-25,0.00016951443619143015,0.0,0.134359437270124,0.4587378639165155,0.20000000000000007,0.0,0.2069026988133605
2019-01-28,-0.000615303415121907,0.0,0.134359437270124,0.4587378639165155,0.20000000000000007,0.0,0.2069026988133605
2019-01-29,0.0033462192452876783,0.0,0.134359437270124,0.4587378639165155,0.20000000000000007,0.0,0.2069026988133605
2019-01-30,0.0018752270558441235,0.0,0.134359437270124,0.4587378639165155,0.20000000000000007,0.0,0.2069026988133605
2019-01-31,0.0056296063335543964,0.0,0.134359437270124,0.4587378639165155,0.20000000000000007,0.0,0.2069026988133605
2019-02-01,-0.00310676243878849,0.0,0.134359437270124,0.4587378639165155,0.20000000000000007,0.0,0.2069026988133605
2019-02-04,-0.0013994418898946694,0.0,0.134359437270124,0.4587378639165155,0.20000000000000007,0.0,0.2069026988133605
2019-02-05,0.003743300271622194,0.0,0.134359437270124,0.4587378639165155,0.20000000000000007,0.0,0.2069026988133605
2019-02-06,-0.000490974239716698,0.0,0.134359437270124,0.4587378639165155,0.20000000000000007,0.0,0.2069026988133605
2019-02-07,0.0027220763903480416,0.0,0.134359437270124,0.4587378639165155,0.20000000000000007,0.0,0.2069026988133605
2019-02-08,0.003123259674508763,0.0,0.134359437270124,0.4587378639165155,0.20000000000000007,0.0,0.2069026988133605
2019-02-11,-0.0019028597916607086,0.0,0.134359437270124,0.4587378639165155,0.20000000000000007,0.0,0.2069026988133605
2019-02-12,0.0002603681675190858,0.0,0.134359437270124,0.4587378639165155,0.20000000000000007,0.0,0.2069026988133605
2019-02-13,-0.0009651991841116083,0.0,0.134359437270124,0.4587378639165155,0.20000000000000007,0.0,0.2069026988133605
2019-02-14,0.0031945294329069392,0.0,0.134359437270124,0.4587378639165155,0.20000000000000007,0.0,0.2069026988133605
2019-02-15,0.0029725479327755845,0.0,0.134359437270124,0.4587378639165155,0.20000000000000007,0.0,0.2069026988133605
2019-02-19,0.0036407273820505907,0.0,0.134359437270124,0.4587378639165155,0.20000000000000007,0.0,0.2069026988133605
2019-02-20,-0.001228148404042578,0.0,0.134359437270124,0.4587378639165155,0.20000000000000007,0.0,0.2069026988133605
2019-02-21,-0.006678712236961223,0.0,0.134359437270124,0.4587378639165155,0.20000000000000007,0.0,0.2069026988133605
2019-02-22,0.004205495052477422,0.0,0.134359437270124,0.4587378639165155,0.20000000000000007,0.0,0.2069026988133605
2019-02-25,-0.0014506290154678236,0.0486367044039544,0.17203160738452794,0.4587378639165155,0.1513632955960457,2.401116242886973e-19,0.217867233102911
2019-02-26,0.0015535124667734935,0.0,0.17203160738452794,0.4587378639165155,0.1513632955960457,2.401116242886973e-19,0.217867233102911
2019-02-27,-0.005649816244122342,0.07868683821533887,0.2507184455998668,0.4587378639165155,0.07267645738070679,2.863906932802644e-19,0.217867233102911
2019-02-28,-0.002266383057276362,0.0,0.2507184455998668,0.4587378639165155,0.07267645738070679,2.863906932802644e-19,0.217867233102911
2019-03-01,0.0013636818211067438,0.24928155440013325,0.5,0.28213276689708905,2.551553193359381e-17,0.0,0.21786723310291095
2019-03-04,0.0006464380288846608,0.0,0.5,0.28213276689708905,2.551553193359381e-17,0.0,0.21786723310291095
2019-03-05,0.00036578130867522083,0.17159561670812146,0.4817153118655521,0.2821327668970891,0.09335118230208925,0.07824443440603217,0.06455630452923736
2019-03-06,-0.0024299163206229907,7.632783294297951e-17,0.48171531186555216,0.28213276689708916,0.09335118230208926,0.07824443440603218,0.06455630452923737
2019-03-07,-0.001302627659522525,1.0408340855860843e-16,0.48171531186555205,0.2821327668970891,0.09335118230208925,0.07824443440603217,0.06455630452923736
2019-03-08,0.0005187428266014699,7.632783294297951e-17,0.4817153118655521,0.28213276689708916,0.09335118230208926,0.07824443440603218,0.06455630452923737
2019-03-11,0.006412148135547812,1.0408340855860843e-16,0.481715311865552,0.2821327668970891,0.09335118230208925,0.07824443440603217,0.06455630452923736
2019-03-12,0.004433505817401016,7.632783294297951e-17,0.48171531186555205,0.28213276689708916,0.09335118230208926,0.07824443440603218,0.06455630452923737
2019-03-13,0.004984685709162032,7.632783294297951e-17,0.4817153118655521,0.2821327668970892,0.09335118230208928,0.0782444344060322,0.06455630452923738
2019-03-14,-0.0030310046236563305,1.0408340855860843e-16,0.481715311865552,0.28213276689708916,0.09335118230208926,0.07824443440603218,0.06455630452923737
2019-03-15,0.004445080059210491,7.632783294297951e-17,0.48171531186555205,0.2821327668970892,0.09335118230208928,0.0782444344060322,0.06455630452923738
2019-03-18,0.0022682103658229567,1.0408340855860843e-16,0.48171531186555194,0.28213276689708916,0.09335118230208926,0.07824443440603218,0.06455630452923737
2019-03-19,-0.0005146394635165289,7.632783294297951e-17,0.481715311865552,0.2821327668970892,0.09335118230208928,0.0782444344060322,0.06455630452923738
2019-03-20,0.003132482063270931,0.0,0.481715311865552,0.2821327668970892,0.09335118230208928,0.0782444344060322,0.06455630452923738
2019-03-21,0.005713668593219849,0.0,0.481715311865552,0.2821327668970892,0.09335118230208928,0.0782444344060322,0.06455630452923738
2019-03-22,-0.00586511049943104,0.0,0.481715311865552,0.2821327668970892,0.09335118230208928,0.0782444344060322,0.06455630452923738
2019-03-25,0.0009330796601695956,0.0,0.481715311865552,0.2821327668970892,0.09335118230208928,0.0782444344060322,0.06455630452923738
2019-03-26,0.0045296029591561735,0.0,0.481715311865552,0.2821327668970892,0.09335118230208928,0.0782444344060322,0.06455630452923738
2019-03-27,-0.0011515606586126755,0.0,0.481715311865552,0.2821327668970892,0.09335118230208928,0.0782444344060322,0.06455630452923738
2019-03-28,0.001776770674340739,0.0,0.481715311865552,0.2821327668970892,0.09335118230208928,0.0782444344060322,0.06455630452923738
2019-03-29,0.0038790443955185354,0.0,0.481715311865552,0.2821327668970892,0.09335118230208928,0.0782444344060322,0.06455630452923738
2019-04-01,0.003291388067297592,0.0,0.481715311865552,0.2821327668970892,0.09335118230208928,0.0782444344060322,0.06455630452923738
2019-04-02,0.0023376876648656068,0.0,0.481715311865552,0.2821327668970892,0.09335118230208928,0.0782444344060322,0.06455630452923738
2019-04-03,-0.002044864029288808,0.0,0.481715311865552,0.2821327668970892,0.09335118230208928,0.0782444344060322,0.06455630452923738
2019-04-04,0.0019680615212256817,0.0,0.481715311865552,0.2821327668970892,0.09335118230208928,0.0782444344060322,0.06455630452923738
2019-04-05,0.004063930560375042,0.0,0.481715311865552,0.2821327668970892,0.09335118230208928,0.0782444344060322,0.06455630452923738
2019-04-08,0.0010365902220846233,0.0,0.481715311865552,0.2821327668970892,0.09335118230208928,0.0782444344060322,0.06455630452923738
2019-04-09,-0.0014745526762200826,0.0,0.481715311865552,0.2821327668970892,0.09335118230208928,0.0782444344060322,0.06455630452923738
2019-04-10,0.002984055440756414,0.0,0.481715311865552,0.2821327668970892,0.09335118230208928,0.0782444344060322,0.06455630452923738
2019-04-11,-0.003602718117832633,0.0,0.481715311865552,0.2821327668970892,0.09335118230208928,0.0782444344060322,0.06455630452923738
2019-04-12,0.0011859436842812025,0.0,0.481715311865552,0.2821327668970892,0.09335118230208928,0.0782444344060322,0.06455630452923738
2019-04-15,-0.00015646200597398146,0.0,0.481715311865552,0.2821327668970892,0.09335118230208928,0.0782444344060322,0.06455630452923738
2019-04-16,-0.0013702123093207765,0.0,0.481715311865552,0.2821327668970892,0.09335118230208928,0.0782444344060322,0.06455630452923738
2019-04-17,-0.0018177058831904123,0.0,0.481715311865552,0.2821327668970892,0.09335118230208928,0.0782444344060322,0.06455630452923738
2019-04-18,0.003078660798069766,0.0,0.481715311865552,0.2821327668970892,0.09335118230208928,0.0782444344060322,0.06455630452923738
2019-04-22,0.0009684883555680012,0.0,0.481715311865552,0.2821327668970892,0.09335118230208928,0.0782444344060322,0.06455630452923738
2019-04-23,0.005647120878367095,0.0,0.481715311865552,0.2821327668970892,0.09335118230208928,0.0782444344060322,0.06455630452923738
2019-04-24,0.0012013547351890064,0.0,0.481715311865552,0.2821327668970892,0.09335118230208928,0.0782444344060322,0.06455630452923738
2019-04-25,-0.0013653620977882351,0.0,0.481715311865552,0.2821327668970892,0.09335118230208928,0.0782444344060322,0.06455630452923738
2019-04-26,0.001204992585006129,0.0,0.481715311865552,0.2821327668970892,0.09335118230208928,0.0782444344060322,0.06455630452923738
2019-04-29,-0.0007707649132167845,0.0,0.481715311865552,0.2821327668970892,0.09335118230208928,0.0782444344060322,0.06455630452923738
2019-04-30,0.0021347041778743614,0.0,0.481715311865552,0.2821327668970892,0.09335118230208928,0.0782444344060322,0.06455630452923738
2019-05-01,-0.0034112345599499414,0.0,0.481715311865552,0.2821327668970892,0.09335118230208928,0.0782444344060322,0.06455630452923738
2019-05-02,-0.00495996964708668,0.0,0.481715311865552,0.2821327668970892,0.09335118230208928,0.0782444344060322,0.06455630452923738
2019-05-03,0.006127862799724373,0.0,0.481715311865552,0.2821327668970892,0.09335118230208928,0.0782444344060322,0.06455630452923738
2019-05-06,0.00018216435684562712,0.0,0.481715311865552,0.2821327668970892,0.09335118230208928,0.0782444344060322,0.06455630452923738
2019-05-07,-0.007559646988179341,0.0,0.481715311865552,0.2821327668970892,0.09335118230208928,0.0782444344060322,0.06455630452923738
2019-05-08,-0.0011117901265654028,0.0,0.481715311865552,0.2821327668970892,0.09335118230208928,0.0782444344060322,0.06455630452923738
2019-05-09,-0.0006860397343922379,0.0,0.481715311865552,0.2821327668970892,0.09335118230208928,0.0782444344060322,0.06455630452923738
2019-05-10,0.0023718806235747424,0.0,0.481715311865552,0.2821327668970892,0.09335118230208928,0.0782444344060322,0.06455630452923738
2019-05-13,-0.009910971253103307,0.0,0.481715311865552,0.2821327668970892,0.09335118230208928,0.0782444344060322,0.06455630452923738
2019-05-14,0.004686830322969073,0.0,0.481715311865552,0.2821327668970892,0.09335118230208928,0.0782444344060322,0.06455630452923738
2019-05-15,0.005133906560334172,0.0,0.481715311865552,0.2821327668970892,0.09335118230208928,0.0782444344060322,0.06455630452923738
2019-05-16,0.004048579605724138,0.0,0.481715311865552,0.2821327668970892,0.09335118230208928,0.0782444344060322,0.06455630452923738
2019-05-17,-0.0033565947744788765,0.0,0.481715311865552,0.2821327668970892,0.09335118230208928,0.0782444344060322,0.06455630452923738
2019-05-20,-0.003405538369474818,0.0,0.481715311865552,0.2821327668970892,0.09335118230208928,0.0782444344060322,0.06455630452923738
2019-05-21,0.0036566990964666092,0.0,0.481715311865552,0.2821327668970892,0.09335118230208928,0.0782444344060322,0.06455630452923738
2019-05-22,-0.0022294716812906144,0.0,0.481715311865552,0.2821327668970892,0.09335118230208928,0.0782444344060322,0.06455630452923738
2019-05-23,-0.006104999665180651,0.0,0.481715311865552,0.2821327668970892,0.09335118230208928,0.0782444344060322,0.06455630452923738
2019-05-24,0.002121491578479271,0.0,0.481715311865552,0.2821327668970892,0.09335118230208928,0.0782444344060322,0.06455630452923738
2019-05-28,-0.0025403157755885452,0.0,0.481715311865552,0.2821327668970892,0.09335118230208928,0.0782444344060322,0.06455630452923738
2019-05-29,-0.0021356530942630244,0.0,0.481715311865552,0.2821327668970892,0.09335118230208928,0.0782444344060322,0.06455630452923738
2019-05-30,0.0013310706483663092,0.0,0.481715311865552,0.2821327668970892,0.09335118230208928,0.0782444344060322,0.06455630452923738
2019-05-31,-0.006361237591821649,0.0,0.481715311865552,0.2821327668970892,0.09335118230208928,0.0782444344060322,0.06455630452923738
2019-06-03,0.0008907396854595515,0.0,0.481715311865552,0.2821327668970892,0.09335118230208928,0.0782444344060322,0.06455630452923738
2019-06-04,0.008405923077961237,0.0,0.481715311865552,0.2821327668970892,0.09335118230208928,0.0782444344060322,0.06455630452923738
2019-06-05,0.0003046783943520051,0.0,0.481715311865552,0.2821327668970892,0.09335118230208928,0.0782444344060322,0.06455630452923738
2019-06-06,0.006233062211334068,0.0,0.481715311865552,0.2821327668970892,0.09335118230208928,0.0782444344060322,0.06455630452923738
2019-06-07,0.008719183406291853,0.0,0.481715311865552,0.2821327668970892,0.09335118230208928,0.0782444344060322,0.06455630452923738
2019-06-10,-0.0021358824243059033,0.0,0.481715311865552,0.2821327668970892,0.09335118230208928,0.0782444344060322,0.06455630452923738
2019-06-11,-3.090050707414983e-05,0.0,0.481715311865552,0.2821327668970892,0.09335118230208928,0.0782444344060322,0.06455630452923738
2019-06-12,-0.003286201097475147,0.0,0.481715311865552,0.2821327668970892,0.09335118230208928,0.0782444344060322,0.06455630452923738
2019-06-13,0.005344626156642877,0.0,0.481715311865552,0.2821327668970892,0.09335118230208928,0.0782444344060322,0.06455630452923738
2019-06-14,0.0009251821174281065,0.0,0.481715311865552,0.2821327668970892,0.09335118230208928,0.0782444344060322,0.06455630452923738
2019-06-17,-0.00028750330507194686,0.0,0.481715311865552,0.2821327668970892,0.09335118230208928,0.0782444344060322,0.06455630452923738
2019-06-18,0.010213424145723418,0.0,0.481715311865552,0.2821327668970892,0.09335118230208928,0.0782444344060322,0.06455630452923738
2019-06-19,0.002320396426310972,0.0,0.481715311865552,0.2821327668970892,0.09335118230208928,0.0782444344060322,0.06455630452923738
2019-06-20,0.01089514326877522,0.0,0.481715311865552,0.2821327668970892,0.09335118230208928,0.0782444344060322,0.06455630452923738
2019-06-21,-0.00270978128060709,0.0,0.481715311865552,0.2821327668970892,0.09335118230208928,0.0782444344060322,0.06455630452923738
2019-06-24,0.0030620833335913214,0.0,0.481715311865552,0.2821327668970892,0.09335118230208928,0.0782444344060322,0.06455630452923738
2019-06-25,-0.0035854946073798385,0.0,0.481715311865552,0.2821327668970892,0.09335118230208928,0.0782444344060322,0.06455630452923738
2019-06-26,-0.0012009878526511473,0.0,0.481715311865552,0.2821327668970892,0.09335118230208928,0.0782444344060322,0.06455630452923738
2019-06-27,0.003605058873269864,0.0,0.481715311865552,0.2821327668970892,0.09335118230208928,0.0782444344060322,0.06455630452923738
2019-06-28,0.000899533841621314,0.0,0.481715311865552,0.2821327668970892,0.09335118230208928,0.0782444344060322,0.06455630452923738
2019-07-01,0.003936996956882251,0.0,0.481715311865552,0.2821327668970892,0.09335118230208928,0.0782444344060322,0.06455630452923738
2019-07-02,0.0016798382033999268,0.0,0.481715311865552,0.2821327668970892,0.09335118230208928,0.0782444344060322,0.06455630452923738
2019-07-03,0.006484882289964582,0.0,0.481715311865552,0.2821327668970892,0.09335118230208928,0.0782444344060322,0.06455630452923738
2019-07-05,-0.0037887816136502944,0.0,0.481715311865552,0.2821327668970892,0.09335118230208928,0.0782444344060322,0.06455630452923738
2019-07-08,-0.0028718673410622455,0.0,0.481715311865552,0.2821327668970892,0.09335118230208928,0.0782444344060322,0.06455630452923738
2019-07-09,0.0015916637980606216,0.0,0.481715311865552,0.2821327668970892,0.09335118230208928,0.0782444344060322,0.06455630452923738
2019-07-10,0.0051365313354494735,0.0,0.481715311865552,0.2821327668970892,0.09335118230208928,0.0782444344060322,0.06455630452923738
2019-07-11,-0.0033003974579474374,0.0,0.481715311865552,0.2821327668970892,0.09335118230208928,0.0782444344060322,0.06455630452923738
2019-07-12,0.0027557509040163756,0.0,0.481715311865552,0.2821327668970892,0.09335118230208928,0.0782444344060322,0.06455630452923738
2019-07-15,0.0005087573352002273,0.0,0.481715311865552,0.2821327668970892,0.09335118230208928,0.0782444344060322,0.06455630452923738
2019-07-16,-0.004351585157179434,0.0,0.481715311865552,0.2821327668970892,0.09335118230208928,0.0782444344060322,0.06455630452923738
2019-07-17,-0.0008914335538074431,0.0,0.481715311865552,0.2821327668970892,0.09335118230208928,0.0782444344060322,0.06455630452923738
2019-07-18,0.0014939342938727852,0.0,0.481715311865552,0.2821327668970892,0.09335118230208928,0.0782444344060322,0.06455630452923738
2019-07-19,-0.0036479525942506915,0.0,0.481715311865552,0.2821327668970892,0.09335118230208928,0.0782444344060322,0.06455630452923738
2019-07-22,0.0018948525254432298,0.0,0.481715311865552,0.2821327668970892,0.09335118230208928,0.0782444344060322,0.06455630452923738
2019-07-23,0.0025419007377662124,0.0,0.481715311865552,0.2821327668970892,0.09335118230208928,0.0782444344060322,0.06455630452923738
2019-07-24,0.002506554848263973,0.0,0.481715311865552,0.2821327668970892,0.09335118230208928,0.0782444344060322,0.06455630452923738
2019-07-25,-0.004120273343551948,0.0,0.481715311865552,0.2821327668970892,0.09335118230208928,0.0782444344060322,0.06455630452923738
2019-07-26,0.004482896346934978,0.0,0.481715311865552,0.2821327668970892,0.09335118230208928,0.0782444344060322,0.06455630452923738
2019-07-29,0.0010207186021038211,0.0,0.481715311865552,0.2821327668970892,0.09335118230208928,0.0782444344060322,0.06455630452923738
2019-07-30,0.0015372030774897369,0.0,0.481715311865552,0.2821327668970892,0.09335118230208928,0.0782444344060322,0.06455630452923738
2019-07-31,-0.0040959375697729354,0.0,0.481715311865552,0.2821327668970892,0.09335118230208928,0.0782444344060322,0.06455630452923738
2019-08-01,-0.0012862648211185187,0.0,0.481715311865552,0.2821327668970892,0.09335118230208928,0.0782444344060322,0.06455630452923738
2019-08-02,-0.00034487114268333223,0.0,0.481715311865552,0.2821327668970892,0.09335118230208928,0.0782444344060322,0.06455630452923738
2019-08-05,-0.009369178854278779,0.0,0.481715311865552,0.2821327668970892,0.09335118230208928,0.0782444344060322,0.06455630452923738
2019-08-06,0.008259405824559552,0.0,0.481715311865552,0.2821327668970892,0.09335118230208928,0.0782444344060322,0.06455630452923738
2019-08-07,-0.00035257983444770473,0.0,0.481715311865552,0.2821327668970892,0.09335118230208928,0.0782444344060322,0.06455630452923738
2019-08-08,0.011440646236130957,0.0,0.481715311865552,0.2821327668970892,0.09335118230208928,0.0782444344060322,0.06455630452923738
2019-08-09,-0.0019422335726477908,0.0,0.481715311865552,0.2821327668970892,0.09335118230208928,0.0782444344060322,0.06455630452923738
2019-08-12,0.0014298666589834383,0.0,0.481715311865552,0.2821327668970892,0.09335118230208928,0.0782444344060322,0.06455630452923738
2019-08-13,0.009773701349703916,0.0,0.481715311865552,0.2821327668970892,0.09335118230208928,0.0782444344060322,0.06455630452923738
2019-08-14,-0.009936891309774931,0.0,0.481715311865552,0.2821327668970892,0.09335118230208928,0.0782444344060322,0.06455630452923738
2019-08-15,0.004469469874328444,0.0013317617899087156,0.48038355007564326,0.2821327668970892,0.09468294409199797,0.0782444344060322,0.06455630452923738
2019-08-16,0.004614881713229578,0.0,0.48038355007564326,0.2821327668970892,0.09468294409199797,0.0782444344060322,0.06455630452923738
2019-08-19,0.0025748107137197117,0.0,0.48038355007564326,0.2821327668970892,0.09468294409199797,0.0782444344060322,0.06455630452923738
2019-08-20,-0.0003706511611486782,0.0,0.48038355007564326,0.2821327668970892,0.09468294409199797,0.0782444344060322,0.06455630452923738
2019-08-21,0.0016661293305842136,0.0,0.48038355007564326,0.2821327668970892,0.09468294409199797,0.0782444344060322,0.06455630452923738
2019-08-22,-0.0028492916994759224,0.0,0.48038355007564326,0.2821327668970892,0.09468294409199797,0.0782444344060322,0.06455630452923738
2019-08-23,-0.008518592812728376,0.0,0.48038355007564326,0.2821327668970892,0.09468294409199797,0.0782444344060322,0.06455630452923738
2019-08-26,0.004455714225211433,0.0,0.48038355007564326,0.2821327668970892,0.09468294409199797,0.0782444344060322,0.06455630452923738
2019-08-27,0.004999892034105527,0.0,0.48038355007564326,0.2821327668970892,0.09468294409199797,0.0782444344060322,0.06455630452923738
2019-08-28,0.005131965514939666,0.0,0.48038355007564326,0.2821327668970892,0.09468294409199797,0.0782444344060322,0.06455630452923738
2019-08-29,0.005498843242365459,0.0,0.48038355007564326,0.2821327668970892,0.09468294409199797,0.0782444344060322,0.06455630452923738
2019-08-30,-0.002264031461934109,0.0,0.48038355007564326,0.2821327668970892,0.09468294409199797,0.0782444344060322,0.06455630452923738
2019-09-03,-0.002621368962819157,0.0,0.48038355007564326,0.2821327668970892,0.09468294409199797,0.0782444344060322,0.06455630452923738
2019-09-04,0.009474738897571923,0.0,0.48038355007564326,0.2821327668970892,0.09468294409199797,0.0782444344060322,0.06455630452923738
2019-09-05,-0.0012491403883052527,0.0,0.48038355007564326,0.2821327668970892,0.09468294409199797,0.0782444344060322,0.06455630452923738
2019-09-06,0.0020634483448580057,0.0,0.48038355007564326,0.2821327668970892,0.09468294409199797,0.0782444344060322,0.06455630452923738
2019-09-09,-0.0031836722148939085,0.0,0.48038355007564326,0.2821327668970892,0.09468294409199797,0.0782444344060322,0.06455630452923738
2019-09-10,-0.006443485444692773,0.0,0.48038355007564326,0.2821327668970892,0.09468294409199797,0.0782444344060322,0.06455630452923738
2019-09-11,0.0017224099500091745,0.0,0.48038355007564326,0.2821327668970892,0.09468294409199797,0.0782444344060322,0.06455630452923738
2019-09-12,-0.0015887242164472582,0.0,0.48038355007564326,0.2821327668970892,0.09468294409199797,0.0782444344060322,0.06455630452923738
2019-09-13,-0.007430116291326659,0.0,0.48038355007564326,0.2821327668970892,0.09468294409199797,0.0782444344060322,0.06455630452923738
2019-09-16,0.012698969842105886,0.0,0.48038355007564326,0.2821327668970892,0.09468294409199797,0.0782444344060322,0.06455630452923738
2019-09-17,-0.0006531424010032187,0.009876911703277626,0.4705067217614009,0.2821327668970892,0.10455985579527555,0.07824435101699688,0.06455630452923738
2019-09-18,-0.00014644149577832017,0.0,0.4705067217614009,0.2821327668970892,0.10455985579527555,0.07824435101699688,0.06455630452923738
2019-09-19,0.001678617539023032,0.0,0.4705067217614009,0.2821327668970892,0.10455985579527555,0.07824435101699688,0.06455630452923738
2019-09-20,0.002972938861928251,0.0,0.4705067217614009,0.2821327668970892,0.10455985579527555,0.07824435101699688,0.06455630452923738
2019-09-23,0.0005755285527408781,0.0,0.4705067217614009,0.2821327668970892,0.10455985579527555,0.07824435101699688,0.06455630452923738
2019-09-24,-0.0019649761444652854,0.0,0.4705067217614009,0.2821327668970892,0.10455985579527555,0.07824435101699688,0.06455630452923738
2019-09-25,-0.003434137547362644,0.0,0.4705067217614009,0.2821327668970892,0.10455985579527555,0.07824435101699688,0.06455630452923738
2019-09-26,0.0009726766246557419,0.0,0.4705067217614009,0.2821327668970892,0.10455985579527555,0.07824435101699688,0.06455630452923738
2019-09-27,-0.00340329145169236,0.0,0.4705067217614009,0.2821327668970892,0.10455985579527555,0.07824435101699688,0.06455630452923738
2019-09-30,-0.0006816510911209202,0.0,0.4705067217614009,0.2821327668970892,0.10455985579527555,0.07824435101699688,0.06455630452923738
2019-10-01,-0.005424399063108526,0.0,0.4705067217614009,0.2821327668970892,0.10455985579527555,0.07824435101699688,0.06455630452923738
2019-10-02,-0.008304339252221536,0.1828042068122725,0.49999999999999994,0.2821327668970892,0.0,2.232528891263261e-18,0.21786723310291087
2019-10-03,0.0065894612877718415,0.0,0.49999999999999994,0.2821327668970892,0.0,2.232528891263261e-18,0.21786723310291087
2019-10-04,0.008687492956856831,0.0,0.49999999999999994,0.2821327668970892,0.0,2.232528891263261e-18,0.21786723310291087
2019-10-07,-0.004091685623197519,0.0,0.49999999999999994,0.2821327668970892,0.0,2.232528891263261e-18,0.21786723310291087
2019-10-08,-0.006679851118246311,0.0,0.49999999999999994,0.2821327668970892,0.0,2.232528891263261e-18,0.21786723310291087
2019-10-09,0.0029934761783025733,0.0,0.49999999999999994,0.2821327668970892,0.0,2.232528891263261e-18,0.21786723310291087
2019-10-10,-0.0017070122111216457,0.0,0.49999999999999994,0.2821327668970892,0.0,2.232528891263261e-18,0.21786723310291087
2019-10-11,0.0008822891271893542,0.0,0.49999999999999994,0.2821327668970892,0.0,2.232528891263261e-18,0.21786723310291087
2019-10-14,0.002141903926178759,0.0,0.49999999999999994,0.2821327668970892,0.0,2.232528891263261e-18,0.21786723310291087
2019-10-15,0.0008919794872480702,0.0,0.49999999999999994,0.2821327668970892,0.0,2.232528891263261e-18,0.21786723310291087
2019-10-16,-0.0010286444387702565,0.0,0.49999999999999994,0.2821327668970892,0.0,2.232528891263261e-18,0.21786723310291087
2019-10-17,-2.534504987711391e-05,0.0,0.49999999999999994,0.2821327668970892,0.0,2.232528891263261e-18,0.21786723310291087
2019-10-18,-0.003006098631856668,0.0,0.49999999999999994,0.2821327668970892,0.0,2.232528891263261e-18,0.21786723310291087
2019-10-21,0.0014312922861634135,0.0,0.49999999999999994,0.2821327668970892,0.0,2.232528891263261e-18,0.21786723310291087
2019-10-22,0.0005082213164256651,0.0,0.49999999999999994,0.2821327668970892,0.0,2.232528891263261e-18,0.21786723310291087
2019-10-23,0.0016565630497502786,0.0,0.49999999999999994,0.2821327668970892,0.0,2.232528891263261e-18,0.21786723310291087
2019-10-24,0.0009053070584459153,0.0,0.49999999999999994,0.2821327668970892,0.0,2.232528891263261e-18,0.21786723310291087
2019-10-25,0.0009140490649454055,0.0,0.49999999999999994,0.2821327668970892,0.0,2.232528891263261e-18,0.21786723310291087
2019-10-28,8.89559009551468e-05,0.0,0.49999999999999994,0.2821327668970892,0.0,2.232528891263261e-18,0.21786723310291087
2019-10-29,-4.4722709169049856e-05,0.0,0.49999999999999994,0.2821327668970892,0.0,2.232528891263261e-18,0.21786723310291087
2019-10-30,0.0051727151457463235,0.0,0.49999999999999994,0.2821327668970892,0.0,2.232528891263261e-18,0.21786723310291087
2019-10-31,0.002065460801722838,0.0,0.49999999999999994,0.2821327668970892,0.0,2.232528891263261e-18,0.21786723310291087
2019-11-01,0.0036815187209145424,0.0,0.49999999999999994,0.2821327668970892,0.0,2.232528891263261e-18,0.21786723310291087
2019-11-04,-0.0008848036344037782,0.0,0.49999999999999994,0.2821327668970892,0.0,2.232528891263261e-18,0.21786723310291087
2019-11-05,-0.002909376223284536,0.0,0.49999999999999994,0.2821327668970892,0.0,2.232528891263261e-18,0.21786723310291087
2019-11-06,0.001821371431678939,0.0,0.49999999999999994,0.2821327668970892,0.0,2.232528891263261e-18,0.21786723310291087
2019-11-07,-0.002865461979950917,0.0,0.49999999999999994,0.2821327668970892,0.0,2.232528891263261e-18,0.21786723310291087
2019-11-08,0.0005329828030471906,0.0,0.49999999999999994,0.2821327668970892,0.0,2.232528891263261e-18,0.21786723310291087
2019-11-11,-0.0010904822090630276,0.0,0.49999999999999994,0.2821327668970892,0.0,2.232528891263261e-18,0.21786723310291087
2019-11-12,0.002674061554074879,0.0,0.49999999999999994,0.2821327668970892,0.0,2.232528891263261e-18,0.21786723310291087
2019-11-13,0.0019116483954191661,0.0,0.49999999999999994,0.2821327668970892,0.0,2.232528891263261e-18,0.21786723310291087
2019-11-14,0.003479978607719978,0.0,0.49999999999999994,0.2821327668970892,0.0,2.232528891263261e-18,0.21786723310291087
2019-11-15,0.00282505669460478,0.0,0.49999999999999994,0.2821327668970892,0.0,2.232528891263261e-18,0.21786723310291087
2019-11-18,0.00047440117385864764,0.0,0.49999999999999994,0.2821327668970892,0.0,2.232528891263261e-18,0.21786723310291087
2019-11-19,0.002451081315708866,0.0,0.49999999999999994,0.2821327668970892,0.0,2.232528891263261e-18,0.21786723310291087
2019-11-20,0.0010600700859328463,0.0,0.49999999999999994,0.2821327668970892,0.0,2.232528891263261e-18,0.21786723310291087
2019-11-21,-0.002245148412216826,0.0,0.49999999999999994,0.2821327668970892,0.0,2.232528891263261e-18,0.21786723310291087
2019-11-22,0.0021250877121125884,0.0,0.49999999999999994,0.2821327668970892,0.0,2.232528891263261e-18,0.21786723310291087
2019-11-25,0.004863870908431903,0.0,0.49999999999999994,0.2821327668970892,0.0,2.232528891263261e-18,0.21786723310291087
2019-11-26,0.0025388053945727103,0.0,0.49999999999999994,0.2821327668970892,0.0,2.232528891263261e-18,0.21786723310291087
2019-11-27,0.0017333766557660623,0.0,0.49999999999999994,0.2821327668970892,0.0,2.232528891263261e-18,0.21786723310291087
2019-11-29,-0.0026985875505236823,0.0,0.49999999999999994,0.2821327668970892,0.0,2.232528891263261e-18,0.21786723310291087
2019-12-02,-0.008899638370417285,0.0,0.49999999999999994,0.2821327668970892,0.0,2.232528891263261e-18,0.21786723310291087
2019-12-03,0.0023183918003199613,0.0,0.49999999999999994,0.2821327668970892,0.0,2.232528891263261e-18,0.21786723310291087
2019-12-04,2.3820510261137514e-05,0.0,0.49999999999999994,0.2821327668970892,0.0,2.232528891263261e-18,0.21786723310291087
2019-12-05,-0.0009622222117585834,0.0,0.49999999999999994,0.2821327668970892,0.0,2.232528891263261e-18,0.21786723310291087
2019-12-06,0.0038222844926307994,0.0,0.49999999999999994,0.2821327668970892,0.0,2.232528891263261e-18,0.21786723310291087
2019-12-09,-0.0012046321723229508,0.0,0.49999999999999994,0.2821327668970892,0.0,2.232528891263261e-18,0.21786723310291087
2019-12-10,-0.0007815303170282751,0.0,0.49999999999999994,0.2821327668970892,0.0,2.232528891263261e-18,0.21786723310291087
2019-12-11,0.002822018342090722,0.0,0.49999999999999994,0.2821327668970892,0.0,2.232528891263261e-18,0.21786723310291087
2019-12-12,-6.439189672556751e-06,0.0,0.49999999999999994,0.2821327668970892,0.0,2.232528891263261e-18,0.21786723310291087
2019-12-13,0.0035630320107144856,0.0,0.49999999999999994,0.2821327668970892,0.0,2.232528891263261e-18,0.21786723310291087
2019-12-16,0.0004902116480715243,0.0,0.49999999999999994,0.2821327668970892,0.0,2.232528891263261e-18,0.21786723310291087
2019-12-17,0.00012979872192928781,0.0,0.49999999999999994,0.2821327668970892,0.0,2.232528891263261e-18,0.21786723310291087
2019-12-18,-0.0018769486278345537,0.0,0.49999999999999994,0.2821327668970892,0.0,2.232528891263261e-18,0.21786723310291087
2019-12-19,0.002500865560149158,0.0,0.49999999999999994,0.2821327668970892,0.0,2.232528891263261e-18,0.21786723310291087
2019-12-20,0.003298171165347228,0.0,0.49999999999999994,0.2821327668970892,0.0,2.232528891263261e-18,0.21786723310291087
2019-12-23,0.00023512375114169838,0.0,0.49999999999999994,0.2821327668970892,0.0,2.232528891263261e-18,0.21786723310291087
2019-12-24,0.0008217912888277527,0.0,0.49999999999999994,0.2821327668970892,0.0,2.232528891263261e-18,0.21786723310291087
2019-12-26,0.0030100552242921506,0.0,0.49999999999999994,0.2821327668970892,0.0,2.232528891263261e-18,0.21786723310291087
2019-12-27,-0.0008953163914396942,0.0,0.49999999999999994,0.2821327668970892,0.0,2.232528891263261e-18,0.21786723310291087
2019-12-30,-0.0042013922435023025,0.0,0.49999999999999994,0.2821327668970892,0.0,2.232528891263261e-18,0.21786723310291087
2019-12-31,-0.0021343417760208688,0.0,0.49999999999999994,0.2821327668970892,0.0,2.232528891263261e-18,0.21786723310291087
2020-01-02,0.008701806253601247,0.1512706329713665,0.45944225760881147,0.2821327668970892,0.11535136371878014,0.03591926925258634,0.1071543425227328
2020-01-03,0.0035571560004253014,0.0,0.45944225760881147,0.2821327668970892,0.11535136371878014,0.03591926925258634,0.1071543425227328
2020-01-06,0.0010598182341245053,0.0,0.45944225760881147,0.2821327668970892,0.11535136371878014,0.03591926925258634,0.1071543425227328
2020-01-07,-0.001936311116414667,0.0,0.45944225760881147,0.2821327668970892,0.11535136371878014,0.03591926925258634,0.1071543425227328
2020-01-08,-0.0012802539363913606,0.0,0.45944225760881147,0.2821327668970892,0.11535136371878014,0.03591926925258634,0.1071543425227328
2020-01-09,0.0031759430316899893,0.0,0.45944225760881147,0.2821327668970892,0.11535136371878014,0.03591926925258634,0.1071543425227328
2020-01-10,0.0015696686553364342,0.0,0.45944225760881147,0.2821327668970892,0.11535136371878014,0.03591926925258634,0.1071543425227328
2020-01-13,0.0008401836248900553,0.0,0.45944225760881147,0.2821327668970892,0.11535136371878014,0.03591926925258634,0.1071543425227328
2020-01-14,0.0009243162328333202,0.0,0.45944225760881147,0.2821327668970892,0.11535136371878014,0.03591926925258634,0.1071543425227328
2020-01-15,0.003126322740278633,0.0,0.45944225760881147,0.2821327668970892,0.11535136371878014,0.03591926925258634,0.1071543425227328
2020-01-16,0.003240099874967374,0.0,0.45944225760881147,0.2821327668970892,0.11535136371878014,0.03591926925258634,0.1071543425227328
2020-01-17,-0.0002844138505117145,0.0,0.45944225760881147,0.2821327668970892,0.11535136371878014,0.03591926925258634,0.1071543425227328
2020-01-21,0.0018467145460233474,0.0,0.45944225760881147,0.2821327668970892,0.11535136371878014,0.03591926925258634,0.1071543425227328
2020-01-22,6.7228785606991204e-06,0.0,0.45944225760881147,0.2821327668970892,0.11535136371878014,0.03591926925258634,0.1071543425227328
2020-01-23,0.0023226596869462207,0.0,0.45944225760881147,0.2821327668970892,0.11535136371878014,0.03591926925258634,0.1071543425227328
2020-01-24,-0.0016753708436372556,0.0,0.45944225760881147,0.2821327668970892,0.11535136371878014,0.03591926925258634,0.1071543425227328
2020-01-27,-0.0030635212181030105,0.0,0.45944225760881147,0.2821327668970892,0.11535136371878014,0.03591926925258634,0.1071543425227328
2020-01-28,0.002060816841226729,0.0,0.45944225760881147,0.2821327668970892,0.11535136371878014,0.03591926925258634,0.1071543425227328
2020-01-29,0.0028792569008405182,0.0,0.45944225760881147,0.2821327668970892,0.11535136371878014,0.03591926925258634,0.1071543425227328
2020-01-30,0.0009565691026302482,0.0,0.45944225760881147,0.2821327668970892,0.11535136371878014,0.03591926925258634,0.1071543425227328
2020-01-31,-0.006323165819797097,0.0,0.45944225760881147,0.2821327668970892,0.11535136371878014,0.03591926925258634,0.1071543425227328
2020-02-03,0.0018053818485200934,0.0,0.45944225760881147,0.2821327668970892,0.11535136371878014,0.03591926925258634,0.1071543425227328
2020-02-04,0.0016936184656749461,0.0,0.45944225760881147,0.2821327668970892,0.11535136371878014,0.03591926925258634,0.1071543425227328
2020-02-05,0.003661781602644518,0.0,0.45944225760881147,0.2821327668970892,0.11535136371878014,0.03591926925258634,0.1071543425227328
2020-02-06,0.0037752306414739296,0.0,0.45944225760881147,0.2821327668970892,0.11535136371878014,0.03591926925258634,0.1071543425227328
2020-02-07,0.0010836473759261744,0.0,0.45944225760881147,0.2821327668970892,0.11535136371878014,0.03591926925258634,0.1071543425227328
2020-02-10,0.004125379814878838,0.0,0.45944225760881147,0.2821327668970892,0.11535136371878014,0.03591926925258634,0.1071543425227328
2020-02-11,-0.000867409528189242,0.0,0.45944225760881147,0.2821327668970892,0.11535136371878014,0.03591926925258634,0.1071543425227328
2020-02-12,0.0027786049540901563,0.0,0.45944225760881147,0.2821327668970892,0.11535136371878014,0.03591926925258634,0.1071543425227328
2020-02-13,0.0014688639429334246,0.0,0.45944225760881147,0.2821327668970892,0.11535136371878014,0.03591926925258634,0.1071543425227328
2020-02-14,0.0027776826900930912,0.0,0.45944225760881147,0.2821327668970892,0.11535136371878014,0.03591926925258634,0.1071543425227328
2020-02-18,0.0026273434946634095,0.0,0.45944225760881147,0.2821327668970892,0.11535136371878014,0.03591926925258634,0.1071543425227328
2020-02-19,0.0038038498212074065,0.0,0.45944225760881147,0.2821327668970892,0.11535136371878014,0.03591926925258634,0.1071543425227328
2020-02-20,0.0014337000479406347,0.0,0.45944225760881147,0.2821327668970892,0.11535136371878014,0.03591926925258634,0.1071543425227328
2020-02-21,-0.0013804630402460072,0.0,0.45944225760881147,0.2821327668970892,0.11535136371878014,0.03591926925258634,0.1071543425227328
2020-02-24,-0.01130107622291512,0.0,0.45944225760881147,0.2821327668970892,0.11535136371878014,0.03591926925258634,0.1071543425227328
2020-02-25,-0.015927592686407307,0.000846924758660151,0.45859533285015136,0.28213276689708916,0.11619828847744025,0.03591926925258633,0.10715434252273277
2020-02-26,-0.00331852692377403,0.0,0.45859533285015136,0.28213276689708916,0.11619828847744025,0.03591926925258633,0.10715434252273277
2020-02-27,-0.019598480500795747,0.0,0.45859533285015136,0.28213276689708916,0.11619828847744025,0.03591926925258633,0.10715434252273277
2020-02-28,-0.002568052737207502,0.3902513186885965,0.14642951358145564,0.23996653672977475,0.15998914680203175,0.0,0.45361480288673794
2020-03-02,0.002923886901198199,0.005968204590493534,0.14337538607951533,0.23705245964122146,0.15998914680203175,0.0,0.4595830074772314
2020-03-03,0.0027131046197763817,0.009775610314645244,0.13846241823664673,0.23218981716944487,0.15998914680203175,7.128741075897307e-20,0.4693586177918767
2020-03-04,0.00524243730406444,0.0,0.13846241823664673,0.23218981716944487,0.15998914680203175,7.128741075897307e-20,0.4693586177918767
2020-03-05,0.0010732250636889277,0.0,0.13846241823664673,0.23218981716944487,0.15998914680203175,7.128741075897307e-20,0.4693586177918767
2020-03-06,0.0071677135814928235,0.00019940986737997107,0.13826300836926672,0.23218981716944487,0.15998914680203175,0.0,0.46955802765925664
2020-03-09,-0.009293068429092118,0.0,0.13826300836926672,0.23218981716944487,0.15998914680203175,0.0,0.46955802765925664
2020-03-10,-0.0011913792389556333,0.0,0.13826300836926672,0.23218981716944487,0.15998914680203175,0.0,0.46955802765925664
2020-03-11,-0.01513452301311145,0.0,0.13826300836926672,0.23218981716944487,0.15998914680203175,0.0,0.46955802765925664
2020-03-12,-0.013145654456651166,0.0,0.13826300836926672,0.23218981716944487,0.15998914680203175,0.0,0.46955802765925664
2020-03-13,0.019448594254667002,0.0,0.13826300836926672,0.23218981716944487,0.15998914680203175,0.0,0.46955802765925664
2020-03-16,-0.016981340447006613,0.0,0.13826300836926672,0.23218981716944487,0.15998914680203175,0.0,0.46955802765925664
2020-03-17,0.0024598536033898465,0.0,0.13826300836926672,0.23218981716944487,0.15998914680203175,0.0,0.46955802765925664
2020-03-18,-0.016163934038724584,0.0,0.13826300836926672,0.23218981716944487,0.15998914680203175,0.0,0.46955802765925664
2020-03-19,0.01471352289198526,0.0,0.13826300836926672,0.23218981716944487,0.15998914680203175,0.0,0.46955802765925664
2020-03-20,0.012563101025012374,0.0,0.13826300836926672,0.23218981716944487,0.15998914680203175,0.0,0.46955802765925664
2020-03-23,0.012431059599109413,0.0,0.13826300836926672,0.23218981716944487,0.15998914680203175,0.0,0.46955802765925664
2020-03-24,0.010597046737989137,0.0,0.13826300836926672,0.23218981716944487,0.15998914680203175,0.0,0.46955802765925664
2020-03-25,-0.005062995467081029,0.0,0.13826300836926672,0.23218981716944487,0.15998914680203175,0.0,0.46955802765925664
2020-03-26,0.0037242859808605203,0.0,0.13826300836926672,0.23218981716944487,0.15998914680203175,0.0,0.46955802765925664
2020-03-27,-0.0027871499895554797,0.0,0.13826300836926672,0.23218981716944487,0.15998914680203175,0.0,0.46955802765925664
2020-03-30,0.0053915368604140505,0.0,0.13826300836926672,0.23218981716944487,0.15998914680203175,0.0,0.46955802765925664
2020-03-31,-0.00939043719604888,0.0,0.13826300836926672,0.23218981716944487,0.15998914680203175,0.0,0.46955802765925664
2020-04-01,0.0015186096615003378,0.0,0.13826300836926672,0.23218981716944487,0.15998914680203175,0.0,0.46955802765925664
2020-04-02,0.009721418613787492,0.0,0.13826300836926672,0.23218981716944487,0.15998914680203175,0.0,0.46955802765925664
2020-04-03,0.0019392694964087704,0.0,0.13826300836926672,0.23218981716944487,0.15998914680203175,0.0,0.46955802765925664
2020-04-06,0.013285626321622905,0.0,0.13826300836926672,0.23218981716944487,0.15998914680203175,0.0,0.46955802765925664
2020-04-07,-0.007447109756821357,0.0,0.13826300836926672,0.23218981716944487,0.15998914680203175,0.0,0.46955802765925664
2020-04-08,0.0032625109626732434,0.0,0.13826300836926672,0.23218981716944487,0.15998914680203175,0.0,0.46955802765925664
2020-04-09,0.003246251573653395,0.0,0.13826300836926672,0.23218981716944487,0.15998914680203175,0.0,0.46955802765925664
2020-04-13,-0.001336744960450336,0.0,0.13826300836926672,0.23218981716944487,0.15998914680203175,0.0,0.46955802765925664
2020-04-14,0.0026625818690537793,0.0,0.13826300836926672,0.23218981716944487,0.15998914680203175,0.0,0.46955802765925664
2020-04-15,0.005905694766618454,0.0,0.13826300836926672,0.23218981716944487,0.15998914680203175,0.0,0.46955802765925664
2020-04-16,0.005255609596505257,0.0,0.13826300836926672,0.23218981716944487,0.15998914680203175,0.0,0.46955802765925664
2020-04-17,-0.003697517270258249,0.0,0.13826300836926672,0.23218981716944487,0.15998914680203175,0.0,0.46955802765925664
2020-04-20,0.0021367697050278657,0.0,0.13826300836926672,0.23218981716944487,0.15998914680203175,0.0,0.46955802765925664
2020-04-21,-0.0016733047156807716,0.0,0.13826300836926672,0.23218981716944487,0.15998914680203175,0.0,0.46955802765925664
2020-04-22,0.005227683512890708,0.0,0.13826300836926672,0.23218981716944487,0.15998914680203175,0.0,0.46955802765925664
2020-04-23,0.002987721760513678,0.0,0.13826300836926672,0.23218981716944487,0.15998914680203175,0.0,0.46955802765925664
2020-04-24,0.0007518065578599862,0.0,0.13826300836926672,0.23218981716944487,0.15998914680203175,0.0,0.46955802765925664
2020-04-27,-0.004600433311765574,0.0,0.13826300836926672,0.23218981716944487,0.15998914680203175,0.0,0.46955802765925664
2020-04-28,0.0008042198339046061,0.0,0.13826300836926672,0.23218981716944487,0.15998914680203175,0.0,0.46955802765925664
2020-04-29,0.0013919041893556625,0.0,0.13826300836926672,0.23218981716944487,0.15998914680203175,0.0,0.46955802765925664
2020-04-30,-0.00985793668136476,0.0,0.13826300836926672,0.23218981716944487,0.15998914680203175,0.0,0.46955802765925664
2020-05-01,-0.00015881283584890564,0.0,0.13826300836926672,0.23218981716944487,0.15998914680203175,0.0,0.46955802765925664
2020-05-04,0.00247603974184215,0.0,0.13826300836926672,0.23218981716944487,0.15998914680203175,0.0,0.46955802765925664
2020-05-05,0.0008179200529127599,0.0,0.13826300836926672,0.23218981716944487,0.15998914680203175,0.0,0.46955802765925664
2020-05-06,-0.004478759194474451,0.0,0.13826300836926672,0.23218981716944487,0.15998914680203175,0.0,0.46955802765925664
2020-05-07,0.006618251681917927,0.0,0.13826300836926672,0.23218981716944487,0.15998914680203175,0.0,0.46955802765925664
2020-05-08,-0.0018663190141972642,0.0,0.13826300836926672,0.23218981716944487,0.15998914680203175,0.0,0.46955802765925664
2020-05-11,-0.0010442821485526707,0.0,0.13826300836926672,0.23218981716944487,0.15998914680203175,0.0,0.46955802765925664
2020-05-12,-0.000615581972091802,0.0,0.13826300836926672,0.23218981716944487,0.15998914680203175,0.0,0.46955802765925664
2020-05-13,0.0015856248891170243,0.0,0.13826300836926672,0.23218981716944487,0.15998914680203175,0.0,0.46955802765925664
2020-05-14,0.005862325341341037,0.0,0.13826300836926672,0.23218981716944487,0.15998914680203175,0.0,0.46955802765925664
2020-05-15,0.0012870936489339324,0.0,0.13826300836926672,0.23218981716944487,0.15998914680203175,0.0,0.46955802765925664
2020-05-18,-0.005897030685914571,0.0,0.13826300836926672,0.23218981716944487,0.15998914680203175,0.0,0.46955802765925664
2020-05-19,0.0006441862944232633,0.0,0.13826300836926672,0.23218981716944487,0.15998914680203175,0.0,0.46955802765925664
2020-05-20,0.0018551356017562205,0.0,0.13826300836926672,0.23218981716944487,0.15998914680203175,0.0,0.46955802765925664
2020-05-21,-0.0016575177761393289,0.0,0.13826300836926672,0.23218981716944487,0.15998914680203175,0.0,0.46955802765925664
2020-05-22,0.004002032068908377,0.0,0.13826300836926672,0.23218981716944487,0.15998914680203175,0.0,0.46955802765925664
2020-05-26,-0.007163808396398361,0.0,0.13826300836926672,0.23218981716944487,0.15998914680203175,0.0,0.46955802765925664
2020-05-27,0.0017437818309121078,0.0,0.13826300836926672,0.23218981716944487,0.15998914680203175,0.0,0.46955802765925664
2020-05-28,-0.0030282816809136396,0.0,0.13826300836926672,0.23218981716944487,0.15998914680203175,0.0,0.46955802765925664
2020-05-29,0.0027464447375679995,0.0,0.13826300836926672,0.23218981716944487,0.15998914680203175,0.0,0.46955802765925664
2020-06-01,-0.002915682985462217,0.0,0.13826300836926672,0.23218981716944487,0.15998914680203175,0.0,0.46955802765925664
2020-06-02,-0.0012681477854158498,0.0,0.13826300836926672,0.23218981716944487,0.15998914680203175,0.0,0.46955802765925664
2020-06-03,-0.00704297740030054,0.0,0.13826300836926672,0.23218981716944487,0.15998914680203175,0.0,0.46955802765925664
2020-06-04,-0.0038290657277743447,0.0,0.13826300836926672,0.23218981716944487,0.15998914680203175,0.0,0.46955802765925664
2020-06-05,-0.00045678161719231854,0.0,0.13826300836926672,0.23218981716944487,0.15998914680203175,0.0,0.46955802765925664
2020-06-08,0.0030410467250640057,0.0,0.13826300836926672,0.23218981716944487,0.15998914680203175,0.0,0.46955802765925664
2020-06-09,0.00171194968427374,0.0,0.13826300836926672,0.23218981716944487,0.15998914680203175,0.0,0.46955802765925664
2020-06-10,0.0026206360586752426,0.0,0.13826300836926672,0.23218981716944487,0.15998914680203175,0.0,0.46955802765925664
2020-06-11,-2.785987799121606e-05,0.0,0.13826300836926672,0.23218981716944487,0.15998914680203175,0.0,0.46955802765925664
2020-06-12,0.0008987141815559533,0.0,0.13826300836926672,0.23218981716944487,0.15998914680203175,0.0,0.46955802765925664
2020-06-15,-0.0008326980130545559,0.0,0.13826300836926672,0.23218981716944487,0.15998914680203175,0.0,0.46955802765925664
2020-06-16,0.0004585974217399041,0.0,0.13826300836926672,0.23218981716944487,0.15998914680203175,0.0,0.46955802765925664
2020-06-17,0.0010479057210451702,0.0,0.13826300836926672,0.23218981716944487,0.15998914680203175,0.0,0.46955802765925664
2020-06-18,0.003985401272698136,0.0,0.13826300836926672,0.23218981716944487,0.15998914680203175,0.0,0.46955802765925664
2020-06-19,0.001695656456908875,0.0,0.13826300836926672,0.23218981716944487,0.15998914680203175,0.0,0.46955802765925664
2020-06-22,-0.000542612325413459,0.0,0.13826300836926672,0.23218981716944487,0.15998914680203175,0.0,0.46955802765925664
2020-06-23,-0.0012137896633742642,0.0,0.13826300836926672,0.23218981716944487,0.15998914680203175,0.0,0.46955802765925664
2020-06-24,0.0005606226643359996,0.0,0.13826300836926672,0.23218981716944487,0.15998914680203175,0.0,0.46955802765925664
2020-06-25,0.0027703413456150747,0.0,0.13826300836926672,0.23218981716944487,0.15998914680203175,0.0,0.46955802765925664
2020-06-26,0.0006291012711615944,0.0,0.13826300836926672,0.23218981716944487,0.15998914680203175,0.0,0.46955802765925664
2020-06-29,0.0015662627978220637,0.0,0.13826300836926672,0.23218981716944487,0.15998914680203175,0.0,0.46955802765925664
2020-06-30,0.000641291613193146,0.0,0.13826300836926672,0.23218981716944487,0.15998914680203175,0.0,0.46955802765925664
2020-07-01,-0.001269728182277254,0.0,0.13826300836926672,0.23218981716944487,0.15998914680203175,0.0,0.46955802765925664
2020-07-02,0.001706166867532777,0.0,0.13826300836926672,0.23218981716944487,0.15998914680203175,0.0,0.46955802765925664
2020-07-06,-0.00035976434950376127,0.0,0.13826300836926672,0.23218981716944487,0.15998914680203175,0.0,0.46955802765925664
2020-07-07,0.003924955166384714,0.0,0.13826300836926672,0.23218981716944487,0.15998914680203175,0.0,0.46955802765925664
2020-07-08,-0.001385285116313451,0.0,0.13826300836926672,0.23218981716944487,0.15998914680203175,0.0,0.46955802765925664
2020-07-09,0.004098813541806151,0.0,0.13826300836926672,0.23218981716944487,0.15998914680203175,0.0,0.46955802765925664
2020-07-10,-0.0008882152956259286,0.0,0.13826300836926672,0.23218981716944487,0.15998914680203175,0.0,0.46955802765925664
2020-07-13,-0.0009502706429406649,0.0,0.13826300836926672,0.23218981716944487,0.15998914680203175,0.0,0.46955802765925664
2020-07-14,0.001971168615446049,0.0,0.13826300836926672,0.23218981716944487,0.15998914680203175,0.0,0.46955802765925664
2020-07-15,-0.0009356013175023479,0.0,0.13826300836926672,0.23218981716944487,0.15998914680203175,0.0,0.46955802765925664
2020-07-16,0.0007636998356810852,0.0,0.13826300836926672,0.23218981716944487,0.15998914680203175,0.0,0.46955802765925664
2020-07-17,-0.0007508643485642094,0.0,0.13826300836926672,0.23218981716944487,0.15998914680203175,0.0,0.46955802765925664
2020-07-20,0.001735031559308727,0.0,0.13826300836926672,0.23218981716944487,0.15998914680203175,0.0,0.46955802765925664
2020-07-21,-0.0005408636401401197,0.0,0.13826300836926672,0.23218981716944487,0.15998914680203175,0.0,0.46955802765925664
2020-07-22,0.002635695890054306,0.0,0.13826300836926672,0.23218981716944487,0.15998914680203175,0.0,0.46955802765925664
2020-07-23,0.0015595971798925384,0.0,0.13826300836926672,0.23218981716944487,0.15998914680203175,0.0,0.46955802765925664
2020-07-24,-0.0015484700061327505,0.0,0.13826300836926672,0.23218981716944487,0.15998914680203175,0.0,0.46955802765925664
2020-07-27,-0.00019179620352237099,0.0,0.13826300836926672,0.23218981716944487,0.15998914680203175,0.0,0.46955802765925664
2020-07-28,0.002806005080518173,0.0,0.13826300836926672,0.23218981716944487,0.15998914680203175,0.0,0.46955802765925664
2020-07-29,0.00028375461701395967,0.0,0.13826300836926672,0.23218981716944487,0.15998914680203175,0.0,0.46955802765925664
2020-07-30,-0.0020084325958831485,0.0,0.13826300836926672,0.23218981716944487,0.15998914680203175,0.0,0.46955802765925664
2020-07-31,0.005200099803248483,0.0,0.13826300836926672,0.23218981716944487,0.15998914680203175,0.0,0.46955802765925664
2020-08-03,-2.659373914424678e-05,0.0,0.13826300836926672,0.23218981716944487,0.15998914680203175,0.0,0.46955802765925664
2020-08-04,0.004479792764180873,0.0,0.13826300836926672,0.23218981716944487,0.15998914680203175,0.0,0.46955802765925664
2020-08-05,-0.0017365546084560832,0.0,0.13826300836926672,0.23218981716944487,0.15998914680203175,0.0,0.46955802765925664
2020-08-06,0.004344952467847793,0.0,0.13826300836926672,0.23218981716944487,0.15998914680203175,0.0,0.46955802765925664
2020-08-07,-0.0011815592928071125,0.0,0.13826300836926672,0.23218981716944487,0.15998914680203175,0.0,0.46955802765925664
2020-08-10,-0.00043451307725767647,0.0,0.13826300836926672,0.23218981716944487,0.15998914680203175,0.0,0.46955802765925664
2020-08-11,-0.011748067296978724,0.0,0.13826300836926672,0.23218981716944487,0.15998914680203175,0.0,0.46955802765925664
2020-08-12,-0.0024155369980776577,0.0,0.13826300836926672,0.23218981716944487,0.15998914680203175,0.0,0.46955802765925664
2020-08-13,0.0008609200712390718,0.0,0.13826300836926672,0.23218981716944487,0.15998914680203175,0.0,0.46955802765925664
2020-08-14,-0.0023371230454774595,0.0,0.13826300836926672,0.23218981716944487,0.15998914680203175,0.0,0.46955802765925664
2020-08-17,0.002442035137000028,0.0,0.13826300836926672,0.23218981716944487,0.15998914680203175,0.0,0.46955802765925664
2020-08-18,0.0007782654965386251,0.0,0.13826300836926672,0.23218981716944487,0.15998914680203175,0.0,0.46955802765925664
2020-08-19,-0.003310219953514532,0.0,0.13826300836926672,0.23218981716944487,0.15998914680203175,0.0,0.46955802765925664
2020-08-20,0.0023273768289615317,0.0,0.13826300836926672,0.23218981716944487,0.15998914680203175,0.0,0.46955802765925664
2020-08-21,0.002848794448904016,0.0,0.13826300836926672,0.23218981716944487,0.15998914680203175,0.0,0.46955802765925664
2020-08-24,0.0008643367017011276,0.0,0.13826300836926672,0.23218981716944487,0.15998914680203175,0.0,0.46955802765925664
2020-08-25,-0.0027744340048393157,0.0,0.13826300836926672,0.23218981716944487,0.15998914680203175,0.0,0.46955802765925664
2020-08-26,0.0018264943158978492,0.0,0.13826300836926672,0.23218981716944487,0.15998914680203175,0.0,0.46955802765925664
2020-08-27,-0.00493565953695099,0.0,0.13826300836926672,0.23218981716944487,0.15998914680203175,0.0,0.46955802765925664
2020-08-28,-0.00023603611628713467,0.0,0.13826300836926672,0.23218981716944487,0.15998914680203175,0.0,0.46955802765925664
2020-08-31,0.0008579330248867698,0.0,0.13826300836926672,0.23218981716944487,0.15998914680203175,0.0,0.46955802765925664
2020-09-01,0.005091293091287721,0.0,0.13826300836926672,0.23218981716944487,0.15998914680203175,0.0,0.46955802765925664
2020-09-02,0.0038031933773865264,0.0,0.13826300836926672,0.23218981716944487,0.15998914680203175,0.0,0.46955802765925664
2020-09-03,-0.005207528352783977,0.0,0.13826300836926672,0.23218981716944487,0.15998914680203175,0.0,0.46955802765925664
2020-09-04,-0.004346354868327509,0.0,0.13826300836926672,0.23218981716944487,0.15998914680203175,0.0,0.46955802765925664
2020-09-08,-0.0002263983967285368,0.0,0.13826300836926672,0.23218981716944487,0.15998914680203175,0.0,0.46955802765925664
2020-09-09,0.0029149303669853376,0.0,0.13826300836926672,0.23218981716944487,0.15998914680203175,0.0,0.46955802765925664
2020-09-10,-0.0008039257141648102,0.0,0.13826300836926672,0.23218981716944487,0.15998914680203175,0.0,0.46955802765925664
2020-09-11,-0.0003738287165049181,0.0,0.13826300836926672,0.23218981716944487,0.15998914680203175,0.0,0.46955802765925664
2020-09-14,0.001950859064343063,0.0,0.13826300836926672,0.23218981716944487,0.15998914680203175,0.0,0.46955802765925664
2020-09-15,0.00012471702011538553,0.0,0.13826300836926672,0.23218981716944487,0.15998914680203175,0.0,0.46955802765925664
2020-09-16,-0.000228176261036506,0.0,0.13826300836926672,0.23218981716944487,0.15998914680203175,0.0,0.46955802765925664
2020-09-17,-0.003063728652524895,0.0,0.13826300836926672,0.23218981716944487,0.15998914680203175,0.0,0.46955802765925664
2020-09-18,-0.0015418396741183659,0.0,0.13826300836926672,0.23218981716944487,0.15998914680203175,0.0,0.46955802765925664
2020-09-21,-0.0002082877433064699,0.0,0.13826300836926672,0.23218981716944487,0.15998914680203175,0.0,0.46955802765925664
2020-09-22,0.0021200147876708265,0.0,0.13826300836926672,0.23218981716944487,0.15998914680203175,0.0,0.46955802765925664
2020-09-23,-0.0037619491546260053,0.0,0.13826300836926672,0.23218981716944487,0.15998914680203175,0.0,0.46955802765925664
2020-09-24,0.0011166713502778589,0.0,0.13826300836926672,0.23218981716944487,0.15998914680203175,0.0,0.46955802765925664
2020-09-25,0.0030692599830850487,0.0,0.13826300836926672,0.23218981716944487,0.15998914680203175,0.0,0.46955802765925664
2020-09-28,0.001774939282789826,0.0,0.13826300836926672,0.23218981716944487,0.15998914680203175,0.0,0.46955802765925664
2020-09-29,-0.0013482883596070633,0.0,0.13826300836926672,0.23218981716944487,0.15998914680203175,0.0,0.46955802765925664
2020-09-30,-0.002138019962061935,0.0,0.13826300836926672,0.23218981716944487,0.15998914680203175,0.0,0.46955802765925664
2020-10-01,0.0019570661071511906,0.0,0.13826300836926672,0.23218981716944487,0.15998914680203175,0.0,0.46955802765925664
2020-10-02,-0.00120995576513677,0.0,0.13826300836926672,0.23218981716944487,0.15998914680203175,0.0,0.46955802765925664
2020-10-05,-0.003341157748464297,0.0,0.13826300836926672,0.23218981716944487,0.15998914680203175,0.0,0.46955802765925664
2020-10-06,-0.0012946285543907524,0.0,0.13826300836926672,0.23218981716944487,0.15998914680203175,0.0,0.46955802765925664
2020-10-07,8.509744931095142e-05,0.0,0.13826300836926672,0.23218981716944487,0.15998914680203175,0.0,0.46955802765925664
2020-10-08,0.002862397504742778,0.0,0.13826300836926672,0.23218981716944487,0.15998914680203175,0.0,0.46955802765925664
2020-10-09,0.0013410850756284186,0.0031896262997539726,0.13507338206951275,0.23218981716944487,0.16317877310178572,3.5622963152231055e-19,0.46955802765925664
2020-10-12,0.0015786467933037768,0.15336866800623744,0.08345571174945143,0.37157340012102347,0.17716385815644456,3.338512374128938e-19,0.3678070299730805
2020-10-13,0.0015289885017635064,0.000317848543471798,0.08317904046149178,0.37181969600631887,0.177235410814621,0.0,0.3677658527175684
2020-10-14,-0.0011923770680613934,0.27759498035556807,0.34790958186271165,0.28041610828935076,0.177235410814621,0.01286443895434818,0.1815744600789685
2020-10-15,0.0005788851487925308,0.0,0.34790958186271165,0.28041610828935076,0.177235410814621,0.01286443895434818,0.1815744600789685
2020-10-16,-0.0019168866518262165,0.0,0.34790958186271165,0.28041610828935076,0.177235410814621,0.01286443895434818,0.1815744600789685
2020-10-19,-0.00689243659499183,0.0,0.34790958186271165,0.28041610828935076,0.177235410814621,0.01286443895434818,0.1815744600789685
2020-10-20,-0.0007898593441693141,0.0,0.34790958186271165,0.28041610828935076,0.177235410814621,0.01286443895434818,0.1815744600789685
2020-10-21,-0.0016520802217966377,0.0,0.34790958186271165,0.28041610828935076,0.177235410814621,0.01286443895434818,0.1815744600789685
2020-10-22,-0.0018301721880263568,0.0,0.34790958186271165,0.28041610828935076,0.177235410814621,0.01286443895434818,0.1815744600789685
2020-10-23,0.0019886873603617208,0.0,0.34790958186271165,0.28041610828935076,0.177235410814621,0.01286443895434818,0.1815744600789685
2020-10-26,-0.0036127034408204965,0.0,0.34790958186271165,0.28041610828935076,0.177235410814621,0.01286443895434818,0.1815744600789685
2020-10-27,0.0010626905889910135,0.0,0.34790958186271165,0.28041610828935076,0.177235410814621,0.01286443895434818,0.1815744600789685
2020-10-28,-0.01397307813387969,0.0,0.34790958186271165,0.28041610828935076,0.177235410814621,0.01286443895434818,0.1815744600789685
2020-10-29,0.0004513866946925238,0.0,0.34790958186271165,0.28041610828935076,0.177235410814621,0.01286443895434818,0.1815744600789685
2020-10-30,-0.0055459300081289855,0.0,0.34790958186271165,0.28041610828935076,0.177235410814621,0.01286443895434818,0.1815744600789685
2020-11-02,0.00844945623891221,0.0,0.34790958186271165,0.28041610828935076,0.177235410814621,0.01286443895434818,0.1815744600789685
2020-11-03,0.0047463627553303855,0.0,0.34790958186271165,0.28041610828935076,0.177235410814621,0.01286443895434818,0.1815744600789685
2020-11-04,0.013818497768902427,0.0,0.34790958186271165,0.28041610828935076,0.177235410814621,0.01286443895434818,0.1815744600789685
2020-11-05,0.00948681787130198,0.0,0.34790958186271165,0.28041610828935076,0.177235410814621,0.01286443895434818,0.1815744600789685
2020-11-06,-0.004197058018479424,0.0,0.34790958186271165,0.28041610828935076,0.177235410814621,0.01286443895434818,0.1815744600789685
2020-11-09,-0.007422813230246641,0.0,0.34790958186271165,0.28041610828935076,0.177235410814621,0.01286443895434818,0.1815744600789685
2020-11-10,-0.0011553826421645615,0.0,0.34790958186271165,0.28041610828935076,0.177235410814621,0.01286443895434818,0.1815744600789685
2020-11-11,0.003105038060871418,0.0,0.34790958186271165,0.28041610828935076,0.177235410814621,0.01286443895434818,0.1815744600789685
2020-11-12,0.0023029073468476668,0.0,0.34790958186271165,0.28041610828935076,0.177235410814621,0.01286443895434818,0.1815744600789685
2020-11-13,0.005053654074419913,0.0,0.34790958186271165,0.28041610828935076,0.177235410814621,0.01286443895434818,0.1815744600789685
2020-11-16,0.0035346402032705943,0.0,0.34790958186271165,0.28041610828935076,0.177235410814621,0.01286443895434818,0.1815744600789685
2020-11-17,-0.0009549631216804924,0.0,0.34790958186271165,0.28041610828935076,0.177235410814621,0.01286443895434818,0.1815744600789685
2020-11-18,-0.0042581463665807805,0.0,0.34790958186271165,0.28041610828935076,0.177235410814621,0.01286443895434818,0.1815744600789685
2020-11-19,0.0023236950926315983,0.0,0.34790958186271165,0.28041610828935076,0.177235410814621,0.01286443895434818,0.1815744600789685
2020-11-20,0.0009397556323622752,0.0,0.34790958186271165,0.28041610828935076,0.177235410814621,0.01286443895434818,0.1815744600789685
2020-11-23,-0.0022886896105105145,0.0,0.34790958186271165,0.28041610828935076,0.177235410814621,0.01286443895434818,0.1815744600789685
2020-11-24,-0.00021594350733103798,0.0,0.34790958186271165,0.28041610828935076,0.177235410814621,0.01286443895434818,0.1815744600789685
2020-11-25,-0.0015376143712419624,0.0,0.34790958186271165,0.28041610828935076,0.177235410814621,0.01286443895434818,0.1815744600789685
2020-11-27,0.0014645938408814206,0.0,0.34790958186271165,0.28041610828935076,0.177235410814621,0.01286443895434818,0.1815744600789685
2020-11-30,-0.0027363941314015776,0.0,0.34790958186271165,0.28041610828935076,0.177235410814621,0.01286443895434818,0.1815744600789685
2020-12-01,0.0016484901871524548,0.0,0.34790958186271165,0.28041610828935076,0.177235410814621,0.01286443895434818,0.1815744600789685
2020-12-02,-0.0002350443065381332,0.0,0.34790958186271165,0.28041610828935076,0.177235410814621,0.01286443895434818,0.1815744600789685
2020-12-03,0.002717540325765172,0.0,0.34790958186271165,0.28041610828935076,0.177235410814621,0.01286443895434818,0.1815744600789685
2020-12-04,-0.001266472101555958,0.0,0.34790958186271165,0.28041610828935076,0.177235410814621,0.01286443895434818,0.1815744600789685
2020-12-07,0.004689589989011724,0.0,0.34790958186271165,0.28041610828935076,0.177235410814621,0.01286443895434818,0.1815744600789685
2020-12-08,0.0031875810609090314,0.0,0.34790958186271165,0.28041610828935076,0.177235410814621,0.01286443895434818,0.1815744600789685
2020-12-09,-0.007031406938462846,0.0,0.34790958186271165,0.28041610828935076,0.177235410814621,0.01286443895434818,0.1815744600789685
2020-12-10,0.0018310627877842851,0.0,0.34790958186271165,0.28041610828935076,0.177235410814621,0.01286443895434818,0.1815744600789685
2020-12-11,0.0012908884710413956,0.0,0.34790958186271165,0.28041610828935076,0.177235410814621,0.01286443895434818,0.1815744600789685
2020-12-14,-0.0037361246749401337,0.0,0.34790958186271165,0.28041610828935076,0.177235410814621,0.01286443895434818,0.1815744600789685
2020-12-15,0.0057988372380451975,0.0,0.34790958186271165,0.28041610828935076,0.177235410814621,0.01286443895434818,0.1815744600789685
2020-12-16,0.0006334424200855261,0.0,0.34790958186271165,0.28041610828935076,0.177235410814621,0.01286443895434818,0.1815744600789685
2020-12-17,0.0022640324584425812,0.0,0.34790958186271165,0.28041610828935076,0.177235410814621,0.01286443895434818,0.1815744600789685
2020-12-18,-0.0021815183808443464,0.0,0.34790958186271165,0.28041610828935076,0.177235410814621,0.01286443895434818,0.1815744600789685
2020-12-21,-0.0006428157288969113,0.0,0.34790958186271165,0.28041610828935076,0.177235410814621,0.01286443895434818,0.1815744600789685
2020-12-22,0.0002142876703846025,0.0,0.34790958186271165,0.28041610828935076,0.177235410814621,0.01286443895434818,0.1815744600789685
2020-12-23,-0.0009991283911839116,0.0,0.34790958186271165,0.28041610828935076,0.177235410814621,0.01286443895434818,0.1815744600789685
2020-12-24,0.0033853548168977865,0.0,0.34790958186271165,0.28041610828935076,0.177235410814621,0.01286443895434818,0.1815744600789685
2020-12-28,0.0023415167433714253,0.0,0.34790958186271165,0.28041610828935076,0.177235410814621,0.01286443895434818,0.1815744600789685
2020-12-29,-0.0008960083822274032,0.0,0.34790958186271165,0.28041610828935076,0.177235410814621,0.01286443895434818,0.1815744600789685
2020-12-30,0.0017626876795104832,0.0,0.34790958186271165,0.28041610828935076,0.177235410814621,0.01286443895434818,0.1815744600789685
2020-12-31,0.003400358846897659,0.0,0.34790958186271165,0.28041610828935076,0.177235410814621,0.01286443895434818,0.1815744600789685
2021-01-04,-0.0012248990710732092,0.0,0.34790958186271165,0.28041610828935076,0.177235410814621,0.01286443895434818,0.1815744600789685
2021-01-05,0.00041047367788628894,0.0,0.34790958186271165,0.28041610828935076,0.177235410814621,0.01286443895434818,0.1815744600789685
2021-01-06,-0.006716368416793399,0.0,0.34790958186271165,0.28041610828935076,0.177235410814621,0.01286443895434818,0.1815744600789685
2021-01-07,0.00349714839692748,0.0,0.34790958186271165,0.28041610828935076,0.177235410814621,0.01286443895434818,0.1815744600789685
2021-01-08,-0.004350753913601389,0.0,0.34790958186271165,0.28041610828935076,0.177235410814621,0.01286443895434818,0.1815744600789685
2021-01-11,-0.0020957684089198863,0.0,0.34790958186271165,0.28041610828935076,0.177235410814621,0.01286443895434818,0.1815744600789685
2021-01-12,0.0002650596869879445,0.0,0.34790958186271165,0.28041610828935076,0.177235410814621,0.01286443895434818,0.1815744600789685
2021-01-13,0.0038937278016655543,0.0,0.34790958186271165,0.28041610828935076,0.177235410814621,0.01286443895434818,0.1815744600789685
2021-01-14,-0.004151715783248462,0.0,0.34790958186271165,0.28041610828935076,0.177235410814621,0.01286443895434818,0.1815744600789685
2021-01-15,-0.002748452406553803,0.0,0.34790958186271165,0.28041610828935076,0.177235410814621,0.01286443895434818,0.1815744600789685
2021-01-19,0.004768441296284309,0.0,0.34790958186271165,0.28041610828935076,0.177235410814621,0.01286443895434818,0.1815744600789685
2021-01-20,0.007916547558030661,0.0,0.34790958186271165,0.28041610828935076,0.177235410814621,0.01286443895434818,0.1815744600789685
2021-01-21,-0.0025911743851587702,0.0,0.34790958186271165,0.28041610828935076,0.177235410814621,0.01286443895434818,0.1815744600789685
2021-01-22,-0.0015362014670608068,0.0,0.34790958186271165,0.28041610828935076,0.177235410814621,0.01286443895434818,0.1815744600789685
2021-01-25,0.005184992103715505,0.0,0.34790958186271165,0.28041610828935076,0.177235410814621,0.01286443895434818,0.1815744600789685
2021-01-26,-0.0020821348915485956,0.0,0.34790958186271165,0.28041610828935076,0.177235410814621,0.01286443895434818,0.1815744600789685
2021-01-27,-0.007774045420397233,0.0,0.34790958186271165,0.28041610828935076,0.177235410814621,0.01286443895434818,0.1815744600789685
2021-01-28,0.001070251336564456,0.0,0.34790958186271165,0.28041610828935076,0.177235410814621,0.01286443895434818,0.1815744600789685
2021-01-29,-0.008525988769127156,0.0,0.34790958186271165,0.28041610828935076,0.177235410814621,0.01286443895434818,0.1815744600789685
2021-02-01,0.009015586195311759,0.0,0.34790958186271165,0.28041610828935076,0.177235410814621,0.01286443895434818,0.1815744600789685
2021-02-02,0.0014262103700091017,0.0,0.34790958186271165,0.28041610828935076,0.177235410814621,0.01286443895434818,0.1815744600789685
2021-02-03,-0.002339705014535076,0.0,0.34790958186271165,0.28041610828935076,0.177235410814621,0.01286443895434818,0.1815744600789685
2021-02-04,0.00032939069619663044,0.0,0.34790958186271165,0.28041610828935076,0.177235410814621,0.01286443895434818,0.1815744600789685
2021-02-05,-0.00013026057868031644,0.0,0.34790958186271165,0.28041610828935076,0.177235410814621,0.01286443895434818,0.1815744600789685
2021-02-08,0.005707390455991171,0.0,0.34790958186271165,0.28041610828935076,0.177235410814621,0.01286443895434818,0.1815744600789685
2021-02-09,-0.0003321569496737242,0.0,0.34790958186271165,0.28041610828935076,0.177235410814621,0.01286443895434818,0.1815744600789685
2021-02-10,0.0023247761384809305,0.0,0.34790958186271165,0.28041610828935076,0.177235410814621,0.01286443895434818,0.1815744600789685
2021-02-11,-0.0026885943826263662,0.0,0.34790958186271165,0.28041610828935076,0.177235410814621,0.01286443895434818,0.1815744600789685
2021-02-12,-0.0018331310138696502,0.0,0.34790958186271165,0.28041610828935076,0.177235410814621,0.01286443895434818,0.1815744600789685
2021-02-16,-0.006950833251214723,0.0,0.34790958186271165,0.28041610828935076,0.177235410814621,0.01286443895434818,0.1815744600789685
2021-02-17,0.0007329432400532479,0.0,0.34790958186271165,0.28041610828935076,0.177235410814621,0.01286443895434818,0.1815744600789685
2021-02-18,-0.00341445242298114,0.0,0.34790958186271165,0.28041610828935076,0.177235410814621,0.01286443895434818,0.1815744600789685
2021-02-19,-0.004241273213189031,0.0,0.34790958186271165,0.28041610828935076,0.177235410814621,0.01286443895434818,0.1815744600789685
2021-02-22,-0.00215946915867055,0.0,0.34790958186271165,0.28041610828935076,0.177235410814621,0.01286443895434818,0.1815744600789685
2021-02-23,-0.0005383488623460556,0.0,0.34790958186271165,0.28041610828935076,0.177235410814621,0.01286443895434818,0.1815744600789685
2021-02-24,0.001841537136770822,0.0,0.34790958186271165,0.28041610828935076,0.177235410814621,0.01286443895434818,0.1815744600789685
2021-02-25,-0.01571078007790746,0.0,0.34790958186271165,0.28041610828935076,0.177235410814621,0.01286443895434818,0.1815744600789685
2021-02-26,0.004185754367495058,0.0,0.34790958186271165,0.28041610828935076,0.177235410814621,0.01286443895434818,0.1815744600789685
2021-03-01,0.004350197598257232,0.0,0.34790958186271165,0.28041610828935076,0.177235410814621,0.01286443895434818,0.1815744600789685
2021-03-02,-0.0025631949938703944,0.0,0.34790958186271165,0.28041610828935076,0.177235410814621,0.01286443895434818,0.1815744600789685
2021-03-03,-0.00873976907624141,0.0,0.34790958186271165,0.28041610828935076,0.177235410814621,0.01286443895434818,0.1815744600789685
2021-03-04,-0.0060687600346302495,0.0,0.34790958186271165,0.28041610828935076,0.177235410814621,0.01286443895434818,0.1815744600789685
2021-03-05,0.008129109645099108,0.0,0.34790958186271165,0.28041610828935076,0.177235410814621,0.01286443895434818,0.1815744600789685
2021-03-08,-0.004995959213017454,0.0,0.34790958186271165,0.28041610828935076,0.177235410814621,0.01286443895434818,0.1815744600789685
2021-03-09,0.011487406933284247,0.0,0.34790958186271165,0.28041610828935076,0.177235410814621,0.01286443895434818,0.1815744600789685
2021-03-10,0.003525861261644653,0.0,0.34790958186271165,0.28041610828935076,0.177235410814621,0.01286443895434818,0.1815744600789685
2021-03-11,0.0007231881813484567,0.0,0.34790958186271165,0.28041610828935076,0.177235410814621,0.01286443895434818,0.1815744600789685
2021-03-12,-0.004997054525471483,0.0,0.34790958186271165,0.28041610828935076,0.177235410814621,0.01286443895434818,0.1815744600789685
2021-03-15,0.004844398442740264,0.0,0.34790958186271165,0.28041610828935076,0.177235410814621,0.01286443895434818,0.1815744600789685
2021-03-16,-0.0015268083131159491,0.0,0.34790958186271165,0.28041610828935076,0.177235410814621,0.01286443895434818,0.1815744600789685
2021-03-17,-0.000529360986622038,0.0,0.34790958186271165,0.28041610828935076,0.177235410814621,0.01286443895434818,0.1815744600789685
2021-03-18,-0.008808466006073597,0.0,0.34790958186271165,0.28041610828935076,0.177235410814621,0.01286443895434818,0.1815744600789685
2021-03-19,0.0023221903000164657,0.0,0.34790958186271165,0.28041610828935076,0.177235410814621,0.01286443895434818,0.1815744600789685
2021-03-22,0.005274877301912049,0.0,0.34790958186271165,0.28041610828935076,0.177235410814621,0.01286443895434818,0.1815744600789685
2021-03-23,-0.0011213884796295892,0.0,0.34790958186271165,0.28041610828935076,0.177235410814621,0.01286443895434818,0.1815744600789685
2021-03-24,0.0014715241290312105,0.0,0.34790958186271165,0.28041610828935076,0.177235410814621,0.01286443895434818,0.1815744600789685
2021-03-25,-0.0008724075332943457,0.0,0.34790958186271165,0.28041610828935076,0.177235410814621,0.01286443895434818,0.1815744600789685
2021-03-26,0.005440206427133544,0.0,0.34790958186271165,0.28041610828935076,0.177235410814621,0.01286443895434818,0.1815744600789685
2021-03-29,-0.004107710551061709,0.0,0.34790958186271165,0.28041610828935076,0.177235410814621,0.01286443895434818,0.1815744600789685
2021-03-30,-0.0019878769360802007,0.0,0.34790958186271165,0.28041610828935076,0.177235410814621,0.01286443895434818,0.1815744600789685
2021-03-31,0.002189470296827633,0.0,0.34790958186271165,0.28041610828935076,0.177235410814621,0.01286443895434818,0.1815744600789685
2021-04-01,0.010270016007120188,0.0,0.34790958186271165,0.28041610828935076,0.177235410814621,0.01286443895434818,0.1815744600789685
2021-04-05,0.0026438571819584877,0.0,0.34790958186271165,0.28041610828935076,0.177235410814621,0.01286443895434818,0.1815744600789685
2021-04-06,0.0028195092658703557,0.0,0.34790958186271165,0.28041610828935076,0.177235410814621,0.01286443895434818,0.1815744600789685
2021-04-07,-0.0017803117186751998,0.0,0.34790958186271165,0.28041610828935076,0.177235410814621,0.01286443895434818,0.1815744600789685
2021-04-08,0.005057372863217645,0.0,0.34790958186271165,0.28041610828935076,0.177235410814621,0.01286443895434818,0.1815744600789685
2021-04-09,0.00026724619885064,0.0,0.34790958186271165,0.28041610828935076,0.177235410814621,0.01286443895434818,0.1815744600789685
2021-04-12,-0.0010610078507582539,0.0,0.34790958186271165,0.28041610828935076,0.177235410814621,0.01286443895434818,0.1815744600789685
2021-04-13,0.0038867573160421983,0.0,0.34790958186271165,0.28041610828935076,0.177235410814621,0.01286443895434818,0.1815744600789685
2021-04-14,-0.0025599156285346,0.0,0.34790958186271165,0.28041610828935076,0.177235410814621,0.01286443895434818,0.1815744600789685
2021-04-15,0.011363369543580415,0.0,0.34790958186271165,0.28041610828935076,0.177235410814621,0.01286443895434818,0.1815744600789685
2021-04-16,-0.0001907155347595636,0.0,0.34790958186271165,0.28041610828935076,0.177235410814621,0.01286443895434818,0.1815744600789685
2021-04-19,-0.003994366680784957,0.0,0.34790958186271165,0.28041610828935076,0.177235410814621,0.01286443895434818,0.1815744600789685
2021-04-20,-0.0005003390021317106,0.0,0.34790958186271165,0.28041610828935076,0.177235410814621,0.01286443895434818,0.1815744600789685
2021-04-21,0.0050975456470581165,0.0,0.34790958186271165,0.28041610828935076,0.177235410814621,0.01286443895434818,0.1815744600789685
2021-04-22,-0.002485866692873558,0.0,0.34790958186271165,0.28041610828935076,0.177235410814621,0.01286443895434818,0.1815744600789685
2021-04-23,0.0015131927605222808,0.0,0.34790958186271165,0.28041610828935076,0.177235410814621,0.01286443895434818,0.1815744600789685
2021-04-26,0.0007552832408424912,0.0,0.34790958186271165,0.28041610828935076,0.177235410814621,0.01286443895434818,0.1815744600789685
2021-04-27,-0.002655838461353499,0.0,0.34790958186271165,0.28041610828935076,0.177235410814621,0.01286443895434818,0.1815744600789685
2021-04-28,6.10506597143676e-05,0.0,0.34790958186271165,0.28041610828935076,0.177235410814621,0.01286443895434818,0.1815744600789685
2021-04-29,0.0009459045326835406,0.0,0.34790958186271165,0.28041610828935076,0.177235410814621,0.01286443895434818,0.1815744600789685
2021-04-30,-0.0010324084928714638,0.0,0.34790958186271165,0.28041610828935076,0.177235410814621,0.01286443895434818,0.1815744600789685
2021-05-03,0.0026172667647591497,0.0,0.34790958186271165,0.28041610828935076,0.177235410814621,0.01286443895434818,0.1815744600789685
2021-05-04,-0.0004660632122680886,0.0,0.34790958186271165,0.28041610828935076,0.177235410814621,0.01286443895434818,0.1815744600789685
2021-05-05,0.001171219689043056,0.0,0.34790958186271165,0.28041610828935076,0.177235410814621,0.01286443895434818,0.1815744600789685
2021-05-06,0.005237523198684476,0.0,0.34790958186271165,0.28041610828935076,0.177235410814621,0.01286443895434818,0.1815744600789685
2021-05-07,0.0014127304450757246,0.0,0.34790958186271165,0.28041610828935076,0.177235410814621,0.01286443895434818,0.1815744600789685
2021-05-10,-0.005733321213146476,0.0,0.34790958186271165,0.28041610828935076,0.177235410814621,0.01286443895434818,0.1815744600789685
2021-05-11,-0.004697926709504501,0.0,0.34790958186271165,0.28041610828935076,0.177235410814621,0.01286443895434818,0.1815744600789685
2021-05-12,-0.010650561752312318,0.0,0.34790958186271165,0.28041610828935076,0.177235410814621,0.01286443895434818,0.1815744600789685
2021-05-13,0.004643117532661082,0.0,0.34790958186271165,0.28041610828935076,0.177235410814621,0.01286443895434818,0.1815744600789685
2021-05-14,0.00909999610702522,0.0,0.34790958186271165,0.28041610828935076,0.177235410814621,0.01286443895434818,0.1815744600789685
2021-05-17,0.0005557689390575947,0.0,0.34790958186271165,0.28041610828935076,0.177235410814621,0.01286443895434818,0.1815744600789685
2021-05-18,-0.004349285202433859,0.0,0.34790958186271165,0.28041610828935076,0.177235410814621,0.01286443895434818,0.1815744600789685
2021-05-19,-0.0010462288747866704,0.0,0.34790958186271165,0.28041610828935076,0.177235410814621,0.01286443895434818,0.1815744600789685
2021-05-20,0.005680130331943961,0.0,0.34790958186271165,0.28041610828935076,0.177235410814621,0.01286443895434818,0.1815744600789685
2021-05-21,0.0016660953931078829,0.0,0.34790958186271165,0.28041610828935076,0.177235410814621,0.01286443895434818,0.1815744600789685
2021-05-24,0.0048363546297240665,0.0,0.34790958186271165,0.28041610828935076,0.177235410814621,0.01286443895434818,0.1815744600789685
2021-05-25,0.0031795642333469973,0.0,0.34790958186271165,0.28041610828935076,0.177235410814621,0.01286443895434818,0.1815744600789685
2021-05-26,0.0006566242833688039,0.0,0.34790958186271165,0.28041610828935076,0.177235410814621,0.01286443895434818,0.1815744600789685
2021-05-27,-0.0009256982002930261,0.0,0.34790958186271165,0.28041610828935076,0.177235410814621,0.01286443895434818,0.1815744600789685
2021-05-28,0.0009588071317570091,0.0,0.34790958186271165,0.28041610828935076,0.177235410814621,0.01286443895434818,0.1815744600789685
2021-06-01,-0.0008885002817260739,0.0,0.34790958186271165,0.28041610828935076,0.177235410814621,0.01286443895434818,0.1815744600789685
2021-06-02,0.002221566874728762,0.0,0.34790958186271165,0.28041610828935076,0.177235410814621,0.01286443895434818,0.1815744600789685
2021-06-03,-0.004668183039642705,0.0,0.34790958186271165,0.28041610828935076,0.177235410814621,0.01286443895434818,0.1815744600789685
2021-06-04,0.008340926758202492,0.0,0.34790958186271165,0.28041610828935076,0.177235410814621,0.01286443895434818,0.1815744600789685
2021-06-07,-0.0007860682458777227,0.0,0.34790958186271165,0.28041610828935076,0.177235410814621,0.01286443895434818,0.1815744600789685
2021-06-08,0.0018877674357455538,0.0,0.34790958186271165,0.28041610828935076,0.177235410814621,0.01286443895434818,0.1815744600789685
2021-06-09,0.0016860505941202317,0.0,0.34790958186271165,0.28041610828935076,0.177235410814621,0.01286443895434818,0.1815744600789685
2021-06-10,0.003978172098779093,0.0,0.34790958186271165,0.28041610828935076,0.177235410814621,0.01286443895434818,0.1815744600789685
2021-06-11,-0.000907812919102603,0.0,0.34790958186271165,0.28041610828935076,0.177235410814621,0.01286443895434818,0.1815744600789685
2021-06-14,-0.0024898947718103547,0.0,0.34790958186271165,0.28041610828935076,0.177235410814621,0.01286443895434818,0.1815744600789685
2021-06-15,-0.0013200347761726193,0.0,0.34790958186271165,0.28041610828935076,0.177235410814621,0.01286443895434818,0.1815744600789685
2021-06-16,-0.0037440841088067275,0.0,0.34790958186271165,0.28041610828935076,0.177235410814621,0.01286443895434818,0.1815744600789685
2021-06-17,-0.00014740740294440658,0.0,0.34790958186271165,0.28041610828935076,0.177235410814621,0.01286443895434818,0.1815744600789685
2021-06-18,0.00026975649125906154,0.0,0.34790958186271165,0.28041610828935076,0.177235410814621,0.01286443895434818,0.1815744600789685
2021-06-21,0.0018443873132357623,0.0,0.34790958186271165,0.28041610828935076,0.177235410814621,0.01286443895434818,0.1815744600789685
2021-06-22,0.0015234745453205534,0.0,0.34790958186271165,0.28041610828935076,0.177235410814621,0.01286443895434818,0.1815744600789685
2021-06-23,-0.0008864610058376548,0.0,0.34790958186271165,0.28041610828935076,0.177235410814621,0.01286443895434818,0.1815744600789685
2021-06-24,0.0022857548152426365,0.0,0.34790958186271165,0.28041610828935076,0.177235410814621,0.01286443895434818,0.1815744600789685
2021-06-25,-0.0009094502638005814,0.0,0.34790958186271165,0.28041610828935076,0.177235410814621,0.01286443895434818,0.1815744600789685
2021-06-28,0.0034656767003880006,0.0,0.34790958186271165,0.28041610828935076,0.177235410814621,0.01286443895434818,0.1815744600789685
2021-06-29,-0.0006737425248100894,0.0,0.34790958186271165,0.28041610828935076,0.177235410814621,0.01286443895434818,0.1815744600789685
2021-06-30,0.0029124703779374395,0.0,0.34790958186271165,0.28041610828935076,0.177235410814621,0.01286443895434818,0.1815744600789685
2021-07-01,0.0032546869610675148,0.0,0.34790958186271165,0.28041610828935076,0.177235410814621,0.01286443895434818,0.1815744600789685
2021-07-02,0.004863222212717673,0.0,0.34790958186271165,0.28041610828935076,0.177235410814621,0.01286443895434818,0.1815744600789685
2021-07-06,0.0039310221698462475,0.0,0.34790958186271165,0.28041610828935076,0.177235410814621,0.01286443895434818,0.1815744600789685
2021-07-07,0.004360673884887958,0.0,0.34790958186271165,0.28041610828935076,0.177235410814621,0.01286443895434818,0.1815744600789685
2021-07-08,-0.00235265531940223,0.0,0.34790958186271165,0.28041610828935076,0.177235410814621,0.01286443895434818,0.1815744600789685
2021-07-09,0.00015137730421668164,0.0,0.34790958186271165,0.28041610828935076,0.177235410814621,0.01286443895434818,0.1815744600789685
2021-07-12,0.0008572523271999978,0.0,0.34790958186271165,0.28041610828935076,0.177235410814621,0.01286443895434818,0.1815744600789685
2021-07-13,-0.0017885053341415832,0.0,0.34790958186271165,0.28041610828935076,0.177235410814621,0.01286443895434818,0.1815744600789685
2021-07-14,0.0043734028836789575,0.0,0.34790958186271165,0.28041610828935076,0.177235410814621,0.01286443895434818,0.1815744600789685
2021-07-15,0.002277228107133143,0.0,0.34790958186271165,0.28041610828935076,0.177235410814621,0.01286443895434818,0.1815744600789685
2021-07-16,-0.00473283416029411,0.0,0.34790958186271165,0.28041610828935076,0.177235410814621,0.01286443895434818,0.1815744600789685
2021-07-19,0.0006478896142831899,0.0,0.34790958186271165,0.28041610828935076,0.177235410814621,0.01286443895434818,0.1815744600789685
2021-07-20,0.0024588234639870304,0.0,0.34790958186271165,0.28041610828935076,0.177235410814621,0.01286443895434818,0.1815744600789685
2021-07-21,-0.0013432574802054401,0.0,0.34790958186271165,0.28041610828935076,0.177235410814621,0.01286443895434818,0.1815744600789685
2021-07-22,0.0041841873911734545,0.0,0.34790958186271165,0.28041610828935076,0.177235410814621,0.01286443895434818,0.1815744600789685
2021-07-23,0.0012992713454584319,0.0,0.34790958186271165,0.28041610828935076,0.177235410814621,0.01286443895434818,0.1815744600789685
2021-07-26,-0.0009267723659589207,0.0,0.34790958186271165,0.28041610828935076,0.177235410814621,0.01286443895434818,0.1815744600789685
2021-07-27,0.0013582608594417454,0.0,0.34790958186271165,0.28041610828935076,0.177235410814621,0.01286443895434818,0.1815744600789685
2021-07-28,0.0003243806634806518,0.0,0.34790958186271165,0.28041610828935076,0.177235410814621,0.01286443895434818,0.1815744600789685
2021-07-29,0.0014346267442667286,0.0,0.34790958186271165,0.28041610828935076,0.177235410814621,0.01286443895434818,0.1815744600789685
2021-07-30,-0.0012487658936038053,0.0,0.34790958186271165,0.28041610828935076,0.177235410814621,0.01286443895434818,0.1815744600789685
2021-08-02,0.0009562825104329723,0.0,0.34790958186271165,0.28041610828935076,0.177235410814621,0.01286443895434818,0.1815744600789685
2021-08-03,0.002841045659300663,0.0,0.34790958186271165,0.28041610828935076,0.177235410814621,0.01286443895434818,0.1815744600789685
2021-08-04,-0.00123401541247639,0.0,0.34790958186271165,0.28041610828935076,0.177235410814621,0.01286443895434818,0.1815744600789685
2021-08-05,0.0003188509062223251,0.0,0.34790958186271165,0.28041610828935076,0.177235410814621,0.01286443895434818,0.1815744600789685
2021-08-06,-0.0076539845780977285,0.0,0.34790958186271165,0.28041610828935076,0.177235410814621,0.01286443895434818,0.1815744600789685
2021-08-09,-0.004330358414773224,0.0,0.34790958186271165,0.28041610828935076,0.177235410814621,0.01286443895434818,0.1815744600789685
2021-08-10,-0.00036389173680407443,0.0,0.34790958186271165,0.28041610828935076,0.177235410814621,0.01286443895434818,0.1815744600789685
2021-08-11,0.0029396253246290346,0.0,0.34790958186271165,0.28041610828935076,0.177235410814621,0.01286443895434818,0.1815744600789685
2021-08-12,0.0007915464551113659,0.0,0.34790958186271165,0.28041610828935076,0.177235410814621,0.01286443895434818,0.1815744600789685
2021-08-13,0.006550268597620404,0.0,0.34790958186271165,0.28041610828935076,0.177235410814621,0.01286443895434818,0.1815744600789685
2021-08-16,0.002423197499551482,0.0,0.34790958186271165,0.28041610828935076,0.177235410814621,0.01286443895434818,0.1815744600789685
2021-08-17,-0.0016897663840599376,0.0,0.34790958186271165,0.28041610828935076,0.177235410814621,0.01286443895434818,0.1815744600789685
2021-08-18,-0.003053750210035881,0.0,0.34790958186271165,0.28041610828935076,0.177235410814621,0.01286443895434818,0.1815744600789685
2021-08-19,0.0027761305734783034,0.0,0.34790958186271165,0.28041610828935076,0.177235410814621,0.01286443895434818,0.1815744600789685
2021-08-20,0.002448918031037482,0.0,0.34790958186271165,0.28041610828935076,0.177235410814621,0.01286443895434818,0.1815744600789685
2021-08-23,0.004665016081287087,0.0,0.34790958186271165,0.28041610828935076,0.177235410814621,0.01286443895434818,0.1815744600789685
2021-08-24,-0.0014314356372160544,0.0,0.34790958186271165,0.28041610828935076,0.177235410814621,0.01286443895434818,0.1815744600789685
2021-08-25,-0.002854832424904955,0.0,0.34790958186271165,0.28041610828935076,0.177235410814621,0.01286443895434818,0.1815744600789685
2021-08-26,-0.0006550115358035277,0.0,0.34790958186271165,0.28041610828935076,0.177235410814621,0.01286443895434818,0.1815744600789685
2021-08-27,0.007064712131765976,0.0,0.34790958186271165,0.28041610828935076,0.177235410814621,0.01286443895434818,0.1815744600789685
2021-08-30,0.0014537349050007093,0.0,0.34790958186271165,0.28041610828935076,0.177235410814621,0.01286443895434818,0.1815744600789685
2021-08-31,-0.002164006119738542,0.0,0.34790958186271165,0.28041610828935076,0.177235410814621,0.01286443895434818,0.1815744600789685
2021-09-01,0.00029438273058240305,0.19009984976896915,0.49999999999999994,0.28041610828935076,4.443559766187775e-17,6.10239661978e-18,0.21958389171064938
2021-09-02,0.0022322298129824007,0.0,0.49999999999999994,0.28041610828935076,4.443559766187775e-17,6.10239661978e-18,0.21958389171064938
2021-09-03,-0.003114806326239699,0.0,0.49999999999999994,0.28041610828935076,4.443559766187775e-17,6.10239661978e-18,0.21958389171064938
2021-09-07,-0.003087829156795306,0.0,0.49999999999999994,0.28041610828935076,4.443559766187775e-17,6.10239661978e-18,0.21958389171064938
2021-09-08,0.001652819395231275,0.0,0.49999999999999994,0.28041610828935076,4.443559766187775e-17,6.10239661978e-18,0.21958389171064938
2021-09-09,0.000723600793673472,0.0,0.49999999999999994,0.28041610828935076,4.443559766187775e-17,6.10239661978e-18,0.21958389171064938
2021-09-10,-0.006060617879879425,0.0,0.49999999999999994,0.28041610828935076,4.443559766187775e-17,6.10239661978e-18,0.21958389171064938
2021-09-13,0.0029803921761542883,0.0,0.49999999999999994,0.28041610828935076,4.443559766187775e-17,6.10239661978e-18,0.21958389171064938
2021-09-14,0.0007012652186250312,0.0,0.49999999999999994,0.28041610828935076,4.443559766187775e-17,6.10239661978e-18,0.21958389171064938
2021-09-15,0.0027511281595548713,0.0,0.49999999999999994,0.28041610828935076,4.443559766187775e-17,6.10239661978e-18,0.21958389171064938
2021-09-16,-0.0011043393606498136,0.0,0.49999999999999994,0.28041610828935076,4.443559766187775e-17,6.10239661978e-18,0.21958389171064938
2021-09-17,-0.005424728231981404,0.0,0.49999999999999994,0.28041610828935076,4.443559766187775e-17,6.10239661978e-18,0.21958389171064938
2021-09-20,-0.004771577137388057,0.0,0.49999999999999994,0.28041610828935076,4.443559766187775e-17,6.10239661978e-18,0.21958389171064938
2021-09-21,-0.0008893478941843233,0.0,0.49999999999999994,0.28041610828935076,4.443559766187775e-17,6.10239661978e-18,0.21958389171064938
2021-09-22,0.00716463444564858,0.0,0.49999999999999994,0.28041610828935076,4.443559766187775e-17,6.10239661978e-18,0.21958389171064938
2021-09-23,-0.0011370468868740517,0.0,0.49999999999999994,0.28041610828935076,4.443559766187775e-17,6.10239661978e-18,0.21958389171064938
2021-09-24,-0.001301585454783741,0.0,0.49999999999999994,0.28041610828935076,4.443559766187775e-17,6.10239661978e-18,0.21958389171064938
2021-09-27,-0.002198462110084524,0.0,0.49999999999999994,0.28041610828935076,4.443559766187775e-17,6.10239661978e-18,0.21958389171064938
2021-09-28,-0.013655851869471426,0.0,0.49999999999999994,0.28041610828935076,4.443559766187775e-17,6.10239661978e-18,0.21958389171064938
2021-09-29,0.002898510091390777,0.0,0.49999999999999994,0.28041610828935076,4.443559766187775e-17,6.10239661978e-18,0.21958389171064938
2021-09-30,-0.006496499983849366,0.0,0.49999999999999994,0.28041610828935076,4.443559766187775e-17,6.10239661978e-18,0.21958389171064938
2021-10-01,0.007867984054917199,0.0,0.49999999999999994,0.28041610828935076,4.443559766187775e-17,6.10239661978e-18,0.21958389171064938
2021-10-04,-0.007857157701710324,0.0,0.49999999999999994,0.28041610828935076,4.443559766187775e-17,6.10239661978e-18,0.21958389171064938
2021-10-05,0.002930701881763548,0.0,0.49999999999999994,0.28041610828935076,4.443559766187775e-17,6.10239661978e-18,0.21958389171064938
2021-10-06,0.004269068508871317,0.0,0.49999999999999994,0.28041610828935076,4.443559766187775e-17,6.10239661978e-18,0.21958389171064938
2021-10-07,0.0013035150964563363,0.0,0.49999999999999994,0.28041610828935076,4.443559766187775e-17,6.10239661978e-18,0.21958389171064938
2021-10-08,-0.0030480410920054927,0.0,0.49999999999999994,0.28041610828935076,4.443559766187775e-17,6.10239661978e-18,0.21958389171064938
2021-10-11,-0.003723098972330508,0.0,0.49999999999999994,0.28041610828935076,4.443559766187775e-17,6.10239661978e-18,0.21958389171064938
2021-10-12,0.0038242506950651573,0.0,0.49999999999999994,0.28041610828935076,4.443559766187775e-17,6.10239661978e-18,0.21958389171064938
2021-10-13,0.003314475413186188,0.0,0.49999999999999994,0.28041610828935076,4.443559766187775e-17,6.10239661978e-18,0.21958389171064938
2021-10-14,0.009452382231469887,0.0,0.49999999999999994,0.28041610828935076,4.443559766187775e-17,6.10239661978e-18,0.21958389171064938
2021-10-15,0.0019127428732852406,0.0,0.49999999999999994,0.28041610828935076,4.443559766187775e-17,6.10239661978e-18,0.21958389171064938
2021-10-18,0.0028822256468349875,0.0,0.49999999999999994,0.28041610828935076,4.443559766187775e-17,6.10239661978e-18,0.21958389171064938
2021-10-19,-0.0005334774907852272,0.0,0.49999999999999994,0.28041610828935076,4.443559766187775e-17,6.10239661978e-18,0.21958389171064938
2021-10-20,-0.0002781819201453069,0.0,0.49999999999999994,0.28041610828935076,4.443559766187775e-17,6.10239661978e-18,0.21958389171064938
2021-10-21,0.0014948169863536961,0.0,0.49999999999999994,0.28041610828935076,4.443559766187775e-17,6.10239661978e-18,0.21958389171064938
2021-10-22,0.0021339304065185415,0.0,0.49999999999999994,0.28041610828935076,4.443559766187775e-17,6.10239661978e-18,0.21958389171064938
2021-10-25,0.002603003477114008,0.0,0.49999999999999994,0.28041610828935076,4.443559766187775e-17,6.10239661978e-18,0.21958389171064938
2021-10-26,0.0032052260783160605,0.0,0.49999999999999994,0.28041610828935076,4.443559766187775e-17,6.10239661978e-18,0.21958389171064938
2021-10-27,0.002799679072001846,0.0,0.49999999999999994,0.28041610828935076,4.443559766187775e-17,6.10239661978e-18,0.21958389171064938
2021-10-28,0.0025683908985073547,0.0,0.49999999999999994,0.28041610828935076,4.443559766187775e-17,6.10239661978e-18,0.21958389171064938
2021-10-29,0.0036247935338030142,0.0,0.49999999999999994,0.28041610828935076,4.443559766187775e-17,6.10239661978e-18,0.21958389171064938
2021-11-01,-0.0018544910702557034,0.0,0.49999999999999994,0.28041610828935076,4.443559766187775e-17,6.10239661978e-18,0.21958389171064938
2021-11-02,0.0037895093826403378,0.0,0.49999999999999994,0.28041610828935076,4.443559766187775e-17,6.10239661978e-18,0.21958389171064938
2021-11-03,-0.0003672452476114049,0.0,0.49999999999999994,0.28041610828935076,4.443559766187775e-17,6.10239661978e-18,0.21958389171064938
2021-11-04,0.006437458728952835,0.0,0.49999999999999994,0.28041610828935076,4.443559766187775e-17,6.10239661978e-18,0.21958389171064938
2021-11-05,0.005755239628167513,0.0,0.49999999999999994,0.28041610828935076,4.443559766187775e-17,6.10239661978e-18,0.21958389171064938
2021-11-08,-0.0005333797268547309,0.0,0.49999999999999994,0.28041610828935076,4.443559766187775e-17,6.10239661978e-18,0.21958389171064938
2021-11-09,0.001736778231080832,0.0,0.49999999999999994,0.28041610828935076,4.443559766187775e-17,6.10239661978e-18,0.21958389171064938
2021-11-10,-0.0067966265376517045,0.0,0.49999999999999994,0.28041610828935076,4.443559766187775e-17,6.10239661978e-18,0.21958389171064938
2021-11-11,0.00026274181545103806,0.0,0.49999999999999994,0.28041610828935076,4.443559766187775e-17,6.10239661978e-18,0.21958389171064938
2021-11-12,0.0022837146864619403,0.0,0.49999999999999994,0.28041610828935076,4.443559766187775e-17,6.10239661978e-18,0.21958389171064938
2021-11-15,-0.0021443110928338113,0.0,0.49999999999999994,0.28041610828935076,4.443559766187775e-17,6.10239661978e-18,0.21958389171064938
2021-11-16,0.002122082300613195,0.0,0.49999999999999994,0.28041610828935076,4.443559766187775e-17,6.10239661978e-18,0.21958389171064938
2021-11-17,0.0005811701473663364,0.0,0.49999999999999994,0.28041610828935076,4.443559766187775e-17,6.10239661978e-18,0.21958389171064938
2021-11-18,0.002154471100196711,0.0,0.49999999999999994,0.28041610828935076,4.443559766187775e-17,6.10239661978e-18,0.21958389171064938
2021-11-19,0.0031806290355667465,0.0,0.49999999999999994,0.28041610828935076,4.443559766187775e-17,6.10239661978e-18,0.21958389171064938
2021-11-22,-0.0035877798600741162,0.0,0.49999999999999994,0.28041610828935076,4.443559766187775e-17,6.10239661978e-18,0.21958389171064938
2021-11-23,-0.003476458406169678,0.0,0.49999999999999994,0.28041610828935076,4.443559766187775e-17,6.10239661978e-18,0.21958389171064938
2021-11-24,0.00668580111092563,0.0,0.49999999999999994,0.28041610828935076,4.443559766187775e-17,6.10239661978e-18,0.21958389171064938
2021-11-26,-0.005756727167243168,0.0,0.49999999999999994,0.28041610828935076,4.443559766187775e-17,6.10239661978e-18,0.21958389171064938
2021-11-29,-0.0007751910801024129,0.3501650446411349,0.14983495535886493,0.3647154380614366,0.18782788648361481,1.6628918937995077e-18,0.2976217200960836
2021-11-30,-0.005728359541248169,0.28359973474110756,0.43343469009997254,0.2689435898039439,0.0,0.0,0.2976217200960836
2021-12-01,-0.002878171579622584,0.03089890871155576,0.4643335988115283,0.23804468109238813,0.0,0.0,0.2976217200960836
2021-12-02,0.007567237402882115,0.003060194533815966,0.46739379334534426,0.23498448655857215,0.0,3.9034394784641577e-20,0.2976217200960836
2021-12-03,-0.0013784702484893174,0.0,0.46739379334534426,0.23498448655857215,0.0,3.9034394784641577e-20,0.2976217200960836
2021-12-06,0.0027698147997239435,0.0,0.46739379334534426,0.23498448655857215,0.0,3.9034394784641577e-20,0.2976217200960836
2021-12-07,0.007884729315168943,0.0,0.46739379334534426,0.23498448655857215,0.0,3.9034394784641577e-20,0.2976217200960836
2021-12-08,-0.004207284815370913,0.0,0.46739379334534426,0.23498448655857215,0.0,3.9034394784641577e-20,0.2976217200960836
2021-12-09,-0.0007989088503292229,0.0,0.46739379334534426,0.23498448655857215,0.0,3.9034394784641577e-20,0.2976217200960836
2021-12-10,0.0033711460000152723,0.0,0.46739379334534426,0.23498448655857215,0.0,3.9034394784641577e-20,0.2976217200960836
2021-12-13,0.0002571165694828506,0.0,0.46739379334534426,0.23498448655857215,0.0,3.9034394784641577e-20,0.2976217200960836
2021-12-14,-0.003199573336304556,0.0,0.46739379334534426,0.23498448655857215,0.0,3.9034394784641577e-20,0.2976217200960836
2021-12-15,0.004582096312877556,0.0,0.46739379334534426,0.23498448655857215,0.0,3.9034394784641577e-20,0.2976217200960836
2021-12-16,-0.005297373659390522,0.0,0.46739379334534426,0.23498448655857215,0.0,3.9034394784641577e-20,0.2976217200960836
2021-12-17,-0.0002295515128430299,0.0,0.46739379334534426,0.23498448655857215,0.0,3.9034394784641577e-20,0.2976217200960836
2021-12-20,-0.007074999017012537,0.0,0.46739379334534426,0.23498448655857215,0.0,3.9034394784641577e-20,0.2976217200960836
2021-12-21,0.007060616838542334,0.0,0.46739379334534426,0.23498448655857215,0.0,3.9034394784641577e-20,0.2976217200960836
2021-12-22,0.00460935275394115,0.0,0.46739379334534426,0.23498448655857215,0.0,3.9034394784641577e-20,0.2976217200960836
2021-12-23,0.0006380386516455661,0.0,0.46739379334534426,0.23498448655857215,0.0,3.9034394784641577e-20,0.2976217200960836
2021-12-27,0.007299817130536897,0.0,0.46739379334534426,0.23498448655857215,0.0,3.9034394784641577e-20,0.2976217200960836
2021-12-28,-0.000966315810296209,0.0,0.46739379334534426,0.23498448655857215,0.0,3.9034394784641577e-20,0.2976217200960836
2021-12-29,-0.002777588031362267,0.0,0.46739379334534426,0.23498448655857215,0.0,3.9034394784641577e-20,0.2976217200960836
2021-12-30,0.0011416790171438493,0.0,0.46739379334534426,0.23498448655857215,0.0,3.9034394784641577e-20,0.2976217200960836
2021-12-31,-0.0019890433576725455,0.0,0.46739379334534426,0.23498448655857215,0.0,3.9034394784641577e-20,0.2976217200960836
2022-01-03,-0.0016041194514042072,0.0,0.46739379334534426,0.23498448655857215,0.0,3.9034394784641577e-20,0.2976217200960836
2022-01-04,-0.0009029128108283378,0.0,0.46739379334534426,0.23498448655857215,0.0,3.9034394784641577e-20,0.2976217200960836
2022-01-05,-0.01059627706918802,0.0,0.46739379334534426,0.23498448655857215,0.0,3.9034394784641577e-20,0.2976217200960836
2022-01-06,0.00040003260589321264,0.0,0.46739379334534426,0.23498448655857215,0.0,3.9034394784641577e-20,0.2976217200960836
2022-01-07,-0.005151940551837038,0.0,0.46739379334534426,0.23498448655857215,0.0,3.9034394784641577e-20,0.2976217200960836
2022-01-10,0.000692539141608569,0.0,0.46739379334534426,0.23498448655857215,0.0,3.9034394784641577e-20,0.2976217200960836
2022-01-11,0.004549497154996829,0.0,0.46739379334534426,0.23498448655857215,0.0,3.9034394784641577e-20,0.2976217200960836
2022-01-12,-0.00161221825801381,0.0,0.46739379334534426,0.23498448655857215,0.0,3.9034394784641577e-20,0.2976217200960836
2022-01-13,-0.004470273619242972,0.0,0.46739379334534426,0.23498448655857215,0.0,3.9034394784641577e-20,0.2976217200960836
2022-01-14,-0.00254005054716465,0.0,0.46739379334534426,0.23498448655857215,0.0,3.9034394784641577e-20,0.2976217200960836
2022-01-18,-0.009717263429948449,0.0,0.46739379334534426,0.23498448655857215,0.0,3.9034394784641577e-20,0.2976217200960836
2022-01-19,-0.00392217932795935,0.0,0.46739379334534426,0.23498448655857215,0.0,3.9034394784641577e-20,0.2976217200960836
2022-01-20,-0.002793855379390844,0.0,0.46739379334534426,0.23498448655857215,0.0,3.9034394784641577e-20,0.2976217200960836
2022-01-21,-0.007188827582362352,0.0,0.46739379334534426,0.23498448655857215,0.0,3.9034394784641577e-20,0.2976217200960836
2022-01-24,0.0009842410101178168,0.0,0.46739379334534426,0.23498448655857215,0.0,3.9034394784641577e-20,0.2976217200960836
2022-01-25,-0.005969913142973169,0.0,0.46739379334534426,0.23498448655857215,0.0,3.9034394784641577e-20,0.2976217200960836
2022-01-26,-0.002393203027885261,0.0,0.46739379334534426,0.23498448655857215,0.0,3.9034394784641577e-20,0.2976217200960836
2022-01-27,0.004541036752711096,0.0,0.46739379334534426,0.23498448655857215,0.0,3.9034394784641577e-20,0.2976217200960836
2022-01-28,0.011575705264599726,0.0,0.46739379334534426,0.23498448655857215,0.0,3.9034394784641577e-20,0.2976217200960836
2022-01-31,0.005146928397617564,0.0,0.46739379334534426,0.23498448655857215,0.0,3.9034394784641577e-20,0.2976217200960836
2022-02-01,0.0015726789532546175,0.0,0.46739379334534426,0.23498448655857215,0.0,3.9034394784641577e-20,0.2976217200960836
2022-02-02,0.004182757654372368,0.0,0.46739379334534426,0.23498448655857215,0.0,3.9034394784641577e-20,0.2976217200960836
2022-02-03,-0.014325897906098735,0.0,0.46739379334534426,0.23498448655857215,0.0,3.9034394784641577e-20,0.2976217200960836
2022-02-04,-0.0014992257317139215,0.0,0.46739379334534426,0.23498448655857215,0.0,3.9034394784641577e-20,0.2976217200960836
2022-02-07,-0.0012313119622472369,0.0,0.46739379334534426,0.23498448655857215,0.0,3.9034394784641577e-20,0.2976217200960836
2022-02-08,0.002740212428007694,0.0,0.46739379334534426,0.23498448655857215,0.0,3.9034394784641577e-20,0.2976217200960836
2022-02-09,0.006934199230892318,0.0,0.46739379334534426,0.23498448655857215,0.0,3.9034394784641577e-20,0.2976217200960836
2022-02-10,-0.011665956561288856,0.0,0.46739379334534426,0.23498448655857215,0.0,3.9034394784641577e-20,0.2976217200960836
2022-02-11,-0.004453678575028806,0.0,0.46739379334534426,0.23498448655857215,0.0,3.9034394784641577e-20,0.2976217200960836
2022-02-14,-0.003641513667492927,0.0,0.46739379334534426,0.23498448655857215,0.0,3.9034394784641577e-20,0.2976217200960836
2022-02-15,0.00371585842890422,0.0,0.46739379334534426,0.23498448655857215,0.0,3.9034394784641577e-20,0.2976217200960836
2022-02-16,0.0013373733529410854,0.0,0.46739379334534426,0.23498448655857215,0.0,3.9034394784641577e-20,0.2976217200960836
2022-02-17,-0.008120300370242731,0.0,0.46739379334534426,0.23498448655857215,0.0,3.9034394784641577e-20,0.2976217200960836
2022-02-18,0.0002596338053622413,0.0,0.46739379334534426,0.23498448655857215,0.0,3.9034394784641577e-20,0.2976217200960836
2022-02-22,-0.004288316005347419,0.0,0.46739379334534426,0.23498448655857215,0.0,3.9034394784641577e-20,0.2976217200960836
2022-02-23,-0.011182445685008625,0.0,0.46739379334534426,0.23498448655857215,0.0,3.9034394784641577e-20,0.2976217200960836
2022-02-24,0.009614888253466486,0.0,0.46739379334534426,0.23498448655857215,0.0,3.9034394784641577e-20,0.2976217200960836
2022-02-25,0.008994683379228909,0.0,0.46739379334534426,0.23498448655857215,0.0,3.9034394784641577e-20,0.2976217200960836
2022-02-28,0.00464076218339189,0.00920633973724215,0.4581874536081021,0.2441908262958143,9.383899921579806e-19,9.103283753624516e-20,0.2976217200960836
2022-03-01,-0.00012008845601820754,0.06475680470267911,0.39343064890542295,0.30894763099849337,1.2414513653612279e-18,0.0,0.2976217200960836
2022-03-02,-0.013254874325930194,0.26785927343723537,0.12557137546818756,0.3925805814181196,0.18422632301760916,0.0,0.29762172009608356
2022-03-03,0.005612214626758575,1.1102230246251565e-16,0.12557137546818758,0.3925805814181197,0.1842263230176092,0.0,0.2976217200960836
2022-03-04,0.010967339667146078,1.1102230246251565e-16,0.12557137546818756,0.3925805814181196,0.18422632301760916,0.0,0.29762172009608356
2022-03-07,-0.0018135878977040714,1.1102230246251565e-16,0.12557137546818758,0.3925805814181197,0.1842263230176092,0.0,0.2976217200960836
2022-03-08,-0.00042171841367209285,1.1102230246251565e-16,0.12557137546818756,0.3925805814181196,0.18422632301760916,0.0,0.29762172009608356
2022-03-09,-0.00887385571136612,1.1102230246251565e-16,0.12557137546818758,0.3925805814181197,0.1842263230176092,0.0,0.2976217200960836
2022-03-10,-0.0029136229779973635,0.06992727999176769,0.13685364631663346,0.32265330142635196,0.1842263230176092,0.0,0.3562667292394054
2022-03-11,0.0003632239121854901,0.039903772404492936,0.10884510960617381,0.3625570738308449,0.1842263230176092,0.0,0.3443714935453721
2022-03-14,-0.01216778150720945,0.0,0.10884510960617381,0.3625570738308449,0.1842263230176092,0.0,0.3443714935453721
2022-03-15,-0.0020751156962229827,0.0,0.10884510960617381,0.3625570738308449,0.1842263230176092,0.0,0.3443714935453721
2022-03-16,0.0046507868018746505,0.0,0.10884510960617381,0.3625570738308449,0.1842263230176092,0.0,0.3443714935453721
2022-03-17,-0.0012263326101615893,0.0,0.10884510960617381,0.3625570738308449,0.1842263230176092,0.0,0.3443714935453721
2022-03-18,0.004394598504018198,0.0,0.10884510960617381,0.3625570738308449,0.1842263230176092,0.0,0.3443714935453721
2022-03-21,-0.005707634567499311,0.0,0.10884510960617381,0.3625570738308449,0.1842263230176092,0.0,0.3443714935453721
2022-03-22,-0.00483781952081943,0.0,0.10884510960617381,0.3625570738308449,0.1842263230176092,0.0,0.3443714935453721
2022-03-23,0.009452162835803714,0.0,0.10884510960617381,0.3625570738308449,0.1842263230176092,0.0,0.3443714935453721
2022-03-24,0.0005303278961859437,0.0,0.10884510960617381,0.3625570738308449,0.1842263230176092,0.0,0.3443714935453721
2022-03-25,-0.005122123330678226,0.0,0.10884510960617381,0.3625570738308449,0.1842263230176092,0.0,0.3443714935453721
2022-03-28,0.0015634564713416584,0.0,0.10884510960617381,0.3625570738308449,0.1842263230176092,0.0,0.3443714935453721
2022-03-29,0.0020870886960514413,0.0,0.10884510960617381,0.3625570738308449,0.1842263230176092,0.0,0.3443714935453721
2022-03-30,0.0018062719573776528,0.0,0.10884510960617381,0.3625570738308449,0.1842263230176092,0.0,0.3443714935453721
2022-03-31,0.0007230090662301916,0.0,0.10884510960617381,0.3625570738308449,0.1842263230176092,0.0,0.3443714935453721
2022-04-01,0.0010395941917772699,0.0,0.10884510960617381,0.3625570738308449,0.1842263230176092,0.0,0.3443714935453721
2022-04-04,0.0008744925538523762,0.0,0.10884510960617381,0.3625570738308449,0.1842263230176092,0.0,0.3443714935453721
2022-04-05,-0.008897899248319347,0.0,0.10884510960617381,0.3625570738308449,0.1842263230176092,0.0,0.3443714935453721
2022-04-06,-0.003332391367997973,0.0,0.10884510960617381,0.3625570738308449,0.1842263230176092,0.0,0.3443714935453721
2022-04-07,-0.0008382660456058798,0.0,0.10884510960617381,0.3625570738308449,0.1842263230176092,0.0,0.3443714935453721
2022-04-08,-0.0030635909112217558,0.0,0.10884510960617381,0.3625570738308449,0.1842263230176092,0.0,0.3443714935453721
2022-04-11,-0.005909398330032275,0.0,0.10884510960617381,0.3625570738308449,0.1842263230176092,0.0,0.3443714935453721
2022-04-12,0.0016699309677501086,0.0,0.10884510960617381,0.3625570738308449,0.1842263230176092,0.0,0.3443714935453721
2022-04-13,0.0014535594082488858,0.0,0.10884510960617381,0.3625570738308449,0.1842263230176092,0.0,0.3443714935453721
2022-04-14,-0.007684458948754251,0.0,0.10884510960617381,0.3625570738308449,0.1842263230176092,0.0,0.3443714935453721
2022-04-18,0.00022574478285023966,0.0,0.10884510960617381,0.3625570738308449,0.1842263230176092,0.0,0.3443714935453721
2022-04-19,-0.002976047006064019,0.0,0.10884510960617381,0.3625570738308449,0.1842263230176092,0.0,0.3443714935453721
2022-04-20,0.005694548724640568,0.0,0.10884510960617381,0.3625570738308449,0.1842263230176092,0.0,0.3443714935453721
2022-04-21,-0.003937798967654061,0.0,0.10884510960617381,0.3625570738308449,0.1842263230176092,0.0,0.3443714935453721
2022-04-22,-0.005010503306039095,0.0,0.10884510960617381,0.3625570738308449,0.1842263230176092,0.0,0.3443714935453721
2022-04-25,0.0026012639756417834,0.0,0.10884510960617381,0.3625570738308449,0.1842263230176092,0.0,0.3443714935453721
2022-04-26,0.0029324557768578346,0.0,0.10884510960617381,0.3625570738308449,0.1842263230176092,0.0,0.3443714935453721
2022-04-27,-0.00359576572832347,0.0,0.10884510960617381,0.3625570738308449,0.1842263230176092,0.0,0.3443714935453721
2022-04-28,0.0062861456353967785,0.0,0.10884510960617381,0.3625570738308449,0.1842263230176092,0.0,0.3443714935453721
2022-04-29,-0.010115304717886131,0.0,0.10884510960617381,0.3625570738308449,0.1842263230176092,0.0,0.3443714935453721
2022-05-02,-0.007296248550424033,0.0,0.10884510960617381,0.3625570738308449,0.1842263230176092,0.0,0.3443714935453721
2022-05-03,0.002809885118657149,0.0,0.10884510960617381,0.3625570738308449,0.1842263230176092,0.0,0.3443714935453721
2022-05-04,0.0042584144002790845,0.0,0.10884510960617381,0.3625570738308449,0.1842263230176092,0.0,0.3443714935453721
2022-05-05,-0.011616676437916956,0.0,0.10884510960617381,0.3625570738308449,0.1842263230176092,0.0,0.3443714935453721
2022-05-06,-0.005064557167509112,0.0,0.10884510960617381,0.3625570738308449,0.1842263230176092,0.0,0.3443714935453721
2022-05-09,-0.0028386164303780452,0.0,0.10884510960617381,0.3625570738308449,0.1842263230176092,0.0,0.3443714935453721
2022-05-10,0.0027292240913474658,0.0,0.10884510960617381,0.3625570738308449,0.1842263230176092,0.0,0.3443714935453721
2022-05-11,0.007134731807177529,0.0,0.10884510960617381,0.3625570738308449,0.1842263230176092,0.0,0.3443714935453721
2022-05-12,-0.000642920468504731,0.0,0.10884510960617381,0.3625570738308449,0.1842263230176092,0.0,0.3443714935453721
2022-05-13,-0.005232777527334309,0.0,0.10884510960617381,0.3625570738308449,0.1842263230176092,0.0,0.3443714935453721
2022-05-16,-0.0004138244543942153,0.0,0.10884510960617381,0.3625570738308449,0.1842263230176092,0.0,0.3443714935453721
2022-05-17,-0.006141757763933297,0.0,0.10884510960617381,0.3625570738308449,0.1842263230176092,0.0,0.3443714935453721
2022-05-18,0.005183848932881103,0.0,0.10884510960617381,0.3625570738308449,0.1842263230176092,0.0,0.3443714935453721
2022-05-19,-0.0006868603467414993,0.0,0.10884510960617381,0.3625570738308449,0.1842263230176092,0.0,0.3443714935453721
2022-05-20,0.005043118569454363,0.0,0.10884510960617381,0.3625570738308449,0.1842263230176092,0.0,0.3443714935453721
2022-05-23,-0.006198482927921448,0.0,0.10884510960617381,0.3625570738308449,0.1842263230176092,0.0,0.3443714935453721
2022-05-24,0.00669922083701538,0.0,0.10884510960617381,0.3625570738308449,0.1842263230176092,0.0,0.3443714935453721
2022-05-25,0.002550095357861052,0.0,0.10884510960617381,0.3625570738308449,0.1842263230176092,0.0,0.3443714935453721
2022-05-26,-0.0009412121086336592,0.0,0.10884510960617381,0.3625570738308449,0.1842263230176092,0.0,0.3443714935453721
2022-05-27,0.00289389455956064,0.0,0.10884510960617381,0.3625570738308449,0.1842263230176092,0.0,0.3443714935453721
2022-05-31,-0.009471702211485612,0.0,0.10884510960617381,0.3625570738308449,0.1842263230176092,0.0,0.3443714935453721
2022-06-01,0.0025361288597597954,0.0,0.10884510960617381,0.3625570738308449,0.1842263230176092,0.0,0.3443714935453721
2022-06-02,0.0015877995148458422,0.10812331786274124,0.14756945154087936,0.25443375596810364,0.1842263230176092,2.29156274906308e-19,0.4137704694734078
2022-06-03,-0.0029957925261190157,0.002543079464921383,0.14756945154087936,0.25189067650318225,0.1842263230176092,0.0,0.41631354893832917
2022-06-06,-0.0040591654459539595,0.0016242219534546853,0.14756945154087936,0.25026645454972757,0.1842263230176092,0.0,0.41793777089178386
2022-06-07,0.0048610413029873956,0.0,0.14756945154087936,0.25026645454972757,0.1842263230176092,0.0,0.41793777089178386
2022-06-08,-0.0027939884031694937,0.01239990239845594,0.1599693539393353,0.23786655215127164,0.1842263230176092,2.233622948160627e-19,0.41793777089178386
2022-06-09,-0.0022739871036233294,0.05549711872452727,0.21546647266386257,0.23786655215127164,0.1842263230176092,0.0,0.36244065216725657
2022-06-10,-0.0004565440526308629,0.0516035764047271,0.1638628962591355,0.23786655215127164,0.1842263230176092,0.0,0.4140442285719837
2022-06-13,-0.013984738883012634,0.011530942646106976,0.15233195361302854,0.23786655215127164,0.1842263230176092,3.2801686128029605e-19,0.4255751712180907
2022-06-14,-0.0040250126837583396,0.0,0.15233195361302854,0.23786655215127164,0.1842263230176092,3.2801686128029605e-19,0.4255751712180907
2022-06-15,0.005688958924324368,0.0,0.15233195361302854,0.23786655215127164,0.1842263230176092,3.2801686128029605e-19,0.4255751712180907
2022-06-16,-0.005194419149811188,0.0,0.15233195361302854,0.23786655215127164,0.1842263230176092,3.2801686128029605e-19,0.4255751712180907
2022-06-17,0.003886547608077451,0.0,0.15233195361302854,0.23786655215127164,0.1842263230176092,3.2801686128029605e-19,0.4255751712180907
2022-06-21,-0.0024086996928430514,0.0,0.15233195361302854,0.23786655215127164,0.1842263230176092,3.2801686128029605e-19,0.4255751712180907
2022-06-22,0.006388208160029191,0.0,0.15233195361302854,0.23786655215127164,0.1842263230176092,3.2801686128029605e-19,0.4255751712180907
2022-06-23,0.0027771837360594017,0.0,0.15233195361302854,0.23786655215127164,0.1842263230176092,3.2801686128029605e-19,0.4255751712180907
2022-06-24,0.00044935477228133947,0.0,0.15233195361302854,0.23786655215127164,0.1842263230176092,3.2801686128029605e-19,0.4255751712180907
2022-06-27,-0.0035823075941034694,0.0,0.15233195361302854,0.23786655215127164,0.1842263230176092,3.2801686128029605e-19,0.4255751712180907
2022-06-28,0.00014774963128743376,0.0,0.15233195361302854,0.23786655215127164,0.1842263230176092,3.2801686128029605e-19,0.4255751712180907
2022-06-29,0.0058889148463540835,0.0,0.15233195361302854,0.23786655215127164,0.1842263230176092,3.2801686128029605e-19,0.4255751712180907
2022-06-30,-0.0016337376659851307,0.0,0.15233195361302854,0.23786655215127164,0.1842263230176092,3.2801686128029605e-19,0.4255751712180907
2022-07-01,0.00526998805445837,0.0,0.15233195361302854,0.23786655215127164,0.1842263230176092,3.2801686128029605e-19,0.4255751712180907
2022-07-05,0.004004989065240969,0.11373092610633295,0.11628778542528803,0.35053723252108177,0.185286568754132,0.0,0.3478884132994982
2022-07-06,-0.00683881872986155,0.0,0.11628778542528803,0.35053723252108177,0.185286568754132,0.0,0.3478884132994982
2022-07-07,-0.0011186105082021973,0.0,0.11628778542528803,0.35053723252108177,0.185286568754132,0.0,0.3478884132994982
2022-07-08,-0.004141554156636414,0.0,0.11628778542528803,0.35053723252108177,0.185286568754132,0.0,0.3478884132994982
2022-07-11,0.007741465733482215,0.0,0.11628778542528803,0.35053723252108177,0.185286568754132,0.0,0.3478884132994982
2022-07-12,0.0002448380992123762,0.0,0.11628778542528803,0.35053723252108177,0.185286568754132,0.0,0.3478884132994982
2022-07-13,0.003573186719222672,0.0,0.11628778542528803,0.35053723252108177,0.185286568754132,0.0,0.3478884132994982
2022-07-14,-0.003331672465436879,0.0,0.11628778542528803,0.35053723252108177,0.185286568754132,0.0,0.3478884132994982
2022-07-15,0.00178515881632093,0.0,0.11628778542528803,0.35053723252108177,0.185286568754132,0.0,0.3478884132994982
2022-07-18,-0.00636602485977188,0.0,0.11628778542528803,0.35053723252108177,0.185286568754132,0.0,0.3478884132994982
2022-07-19,-0.0004885749267994361,0.0,0.11628778542528803,0.35053723252108177,0.185286568754132,0.0,0.3478884132994982
2022-07-20,0.0008947953185846503,0.0,0.11628778542528803,0.35053723252108177,0.185286568754132,0.0,0.3478884132994982
2022-07-21,0.008881501081641967,0.0,0.11628778542528803,0.35053723252108177,0.185286568754132,0.0,0.3478884132994982
2022-07-22,0.004788500411200252,0.0,0.11628778542528803,0.35053723252108177,0.185286568754132,0.0,0.3478884132994982
2022-07-25,-0.004284739815395179,0.0,0.11628778542528803,0.35053723252108177,0.185286568754132,0.0,0.3478884132994982
2022-07-26,0.0013644243098761195,0.0,0.11628778542528803,0.35053723252108177,0.185286568754132,0.0,0.3478884132994982
2022-07-27,2.403536942862782e-05,0.0,0.11628778542528803,0.35053723252108177,0.185286568754132,0.0,0.3478884132994982
2022-07-28,0.006262147919123894,0.0,0.11628778542528803,0.35053723252108177,0.185286568754132,0.0,0.3478884132994982
2022-07-29,-8.383655505830867e-05,0.0,0.11628778542528803,0.35053723252108177,0.185286568754132,0.0,0.3478884132994982
2022-08-01,0.007795122267710832,0.0,0.11628778542528803,0.35053723252108177,0.185286568754132,0.0,0.3478884132994982
2022-08-02,-0.007062595999646533,0.0,0.11628778542528803,0.35053723252108177,0.185286568754132,0.0,0.3478884132994982
2022-08-03,0.007743405531935652,0.10477679754541068,0.14154395186572805,0.24576043497567113,0.185286568754132,1.330708063698518e-18,0.4274090444044689
2022-08-04,0.0001814748274022184,0.0,0.14154395186572805,0.24576043497567113,0.185286568754132,1.330708063698518e-18,0.4274090444044689
2022-08-05,-0.004543161307255175,0.0,0.14154395186572805,0.24576043497567113,0.185286568754132,1.330708063698518e-18,0.4274090444044689
2022-08-08,0.0047720948088978135,0.0,0.14154395186572805,0.24576043497567113,0.185286568754132,1.330708063698518e-18,0.4274090444044689
2022-08-09,-0.0014008184367061201,0.0,0.14154395186572805,0.24576043497567113,0.185286568754132,1.330708063698518e-18,0.4274090444044689
2022-08-10,-0.003758179901807912,0.0,0.14154395186572805,0.24576043497567113,0.185286568754132,1.330708063698518e-18,0.4274090444044689
2022-08-11,-0.005913261463265422,0.0,0.14154395186572805,0.24576043497567113,0.185286568754132,1.330708063698518e-18,0.4274090444044689
2022-08-12,0.008264074821259652,0.00011006179831554784,0.1416540136640436,0.24565037317735558,0.185286568754132,3.846678630367919e-20,0.4274090444044689
2022-08-15,0.0017695491204854058,0.0,0.1416540136640436,0.24565037317735558,0.185286568754132,3.846678630367919e-20,0.4274090444044689
2022-08-16,0.0008244166236222384,0.0,0.1416540136640436,0.24565037317735558,0.185286568754132,3.846678630367919e-20,0.4274090444044689
2022-08-17,-0.004167754973546151,0.0,0.1416540136640436,0.24565037317735558,0.185286568754132,3.846678630367919e-20,0.4274090444044689
2022-08-18,0.0035866653189197363,0.0,0.1416540136640436,0.24565037317735558,0.185286568754132,3.846678630367919e-20,0.4274090444044689
2022-08-19,-0.004539456012645767,0.0,0.1416540136640436,0.24565037317735558,0.185286568754132,3.846678630367919e-20,0.4274090444044689
2022-08-22,-0.0014594010716033417,0.0,0.1416540136640436,0.24565037317735558,0.185286568754132,3.846678630367919e-20,0.4274090444044689
2022-08-23,-0.0021576297958552136,0.0,0.1416540136640436,0.24565037317735558,0.185286568754132,3.846678630367919e-20,0.4274090444044689
2022-08-24,-0.0005037192323617324,0.0,0.1416540136640436,0.24565037317735558,0.185286568754132,3.846678630367919e-20,0.4274090444044689
2022-08-25,0.005255588257128627,0.0,0.1416540136640436,0.24565037317735558,0.185286568754132,3.846678630367919e-20,0.4274090444044689
2022-08-26,-0.003579688262246953,0.00011564053262994035,0.14176965419667353,0.24553473264472564,0.185286568754132,0.0,0.4274090444044689
2022-08-29,-0.00270752868476478,0.0,0.14176965419667353,0.24553473264472564,0.185286568754132,0.0,0.4274090444044689
2022-08-30,-0.0026382073169011616,0.0,0.14176965419667353,0.24553473264472564,0.185286568754132,0.0,0.4274090444044689
2022-08-31,-0.005151083326714698,0.0,0.14176965419667353,0.24553473264472564,0.185286568754132,0.0,0.4274090444044689
2022-09-01,-0.004421909372692368,0.09894606292387201,0.11844553234462944,0.3444807955685976,0.185286568754132,5.087004466889786e-19,0.35178710333264096
2022-09-02,0.002451017811006445,0.0,0.11844553234462944,0.3444807955685976,0.185286568754132,5.087004466889786e-19,0.35178710333264096
2022-09-06,-0.00802565680299976,0.0,0.11844553234462944,0.3444807955685976,0.185286568754132,5.087004466889786e-19,0.35178710333264096
2022-09-07,0.00696008139349431,0.0,0.11844553234462944,0.3444807955685976,0.185286568754132,5.087004466889786e-19,0.35178710333264096
2022-09-08,-0.0031520402678588506,0.0,0.11844553234462944,0.3444807955685976,0.185286568754132,5.087004466889786e-19,0.35178710333264096
2022-09-09,0.001071279725968077,0.0,0.11844553234462944,0.3444807955685976,0.185286568754132,5.087004466889786e-19,0.35178710333264096
2022-09-12,-0.00242633512209181,0.0,0.11844553234462944,0.3444807955685976,0.185286568754132,5.087004466889786e-19,0.35178710333264096
2022-09-13,-0.001913759846881355,0.0,0.11844553234462944,0.3444807955685976,0.185286568754132,5.087004466889786e-19,0.35178710333264096
2022-09-14,0.00020582812508874342,0.0,0.11844553234462944,0.3444807955685976,0.185286568754132,5.087004466889786e-19,0.35178710333264096
2022-09-15,-0.004789419443327784,0.0,0.11844553234462944,0.3444807955685976,0.185286568754132,5.087004466889786e-19,0.35178710333264096
2022-09-16,-0.002746934679034238,0.0,0.11844553234462944,0.3444807955685976,0.185286568754132,5.087004466889786e-19,0.35178710333264096
2022-09-19,0.0016261385037013485,0.0,0.11844553234462944,0.3444807955685976,0.185286568754132,5.087004466889786e-19,0.35178710333264096
2022-09-20,-0.004175110463670106,0.0,0.11844553234462944,0.3444807955685976,0.185286568754132,5.087004466889786e-19,0.35178710333264096
2022-09-21,0.008021136606416015,0.0,0.11844553234462944,0.3444807955685976,0.185286568754132,5.087004466889786e-19,0.35178710333264096
2022-09-22,-0.009430816530073046,0.0,0.11844553234462944,0.3444807955685976,0.185286568754132,5.087004466889786e-19,0.35178710333264096
2022-09-23,0.0017604530915299593,0.0,0.11844553234462944,0.3444807955685976,0.185286568754132,5.087004466889786e-19,0.35178710333264096
2022-09-26,-0.005965601626694307,0.0,0.11844553234462944,0.3444807955685976,0.185286568754132,5.087004466889786e-19,0.35178710333264096
2022-09-27,-0.008878454239361365,0.0,0.11844553234462944,0.3444807955685976,0.185286568754132,5.087004466889786e-19,0.35178710333264096
2022-09-28,0.01312796535649329,0.0,0.11844553234462944,0.3444807955685976,0.185286568754132,5.087004466889786e-19,0.35178710333264096
2022-09-29,-0.005687611442158201,0.0,0.11844553234462944,0.3444807955685976,0.185286568754132,5.087004466889786e-19,0.35178710333264096
2022-09-30,-0.006267209994436467,0.0,0.11844553234462944,0.3444807955685976,0.185286568754132,5.087004466889786e-19,0.35178710333264096
2022-10-03,0.011471595976939357,0.0,0.11844553234462944,0.3444807955685976,0.185286568754132,5.087004466889786e-19,0.35178710333264096
2022-10-04,0.0005566183889509618,0.0,0.11844553234462944,0.3444807955685976,0.185286568754132,5.087004466889786e-19,0.35178710333264096
2022-10-05,-0.0012680006589873146,0.0,0.11844553234462944,0.3444807955685976,0.185286568754132,5.087004466889786e-19,0.35178710333264096
2022-10-06,0.00018672496980840295,0.0,0.11844553234462944,0.3444807955685976,0.185286568754132,5.087004466889786e-19,0.35178710333264096
2022-10-07,-0.007280586627124759,0.0,0.11844553234462944,0.3444807955685976,0.185286568754132,5.087004466889786e-19,0.35178710333264096
2022-10-10,-0.007566862004404569,0.0,0.11844553234462944,0.3444807955685976,0.185286568754132,5.087004466889786e-19,0.35178710333264096
2022-10-11,0.0006242519123256713,0.0,0.11844553234462944,0.3444807955685976,0.185286568754132,5.087004466889786e-19,0.35178710333264096
2022-10-12,0.0022907141321986124,0.0,0.11844553234462944,0.3444807955685976,0.185286568754132,5.087004466889786e-19,0.35178710333264096
2022-10-13,-0.003762917584233768,0.0,0.11844553234462944,0.3444807955685976,0.185286568754132,5.087004466889786e-19,0.35178710333264096
2022-10-14,-0.005407589954639811,0.0,0.11844553234462944,0.3444807955685976,0.185286568754132,5.087004466889786e-19,0.35178710333264096
2022-10-17,-0.0016811588901313955,0.0,0.11844553234462944,0.3444807955685976,0.185286568754132,5.087004466889786e-19,0.35178710333264096
2022-10-18,0.002364582548913779,0.0,0.11844553234462944,0.3444807955685976,0.185286568754132,5.087004466889786e-19,0.35178710333264096
2022-10-19,-0.0070248778432894,0.0,0.11844553234462944,0.3444807955685976,0.185286568754132,5.087004466889786e-19,0.35178710333264096
2022-10-20,-0.006942749123567515,0.0,0.11844553234462944,0.3444807955685976,0.185286568754132,5.087004466889786e-19,0.35178710333264096
2022-10-21,-0.0030386123248244508,0.0,0.11844553234462944,0.3444807955685976,0.185286568754132,5.087004466889786e-19,0.35178710333264096
2022-10-24,-0.0016480156700242402,0.0,0.11844553234462944,0.3444807955685976,0.185286568754132,5.087004466889786e-19,0.35178710333264096
2022-10-25,0.008490490501874982,0.0,0.11844553234462944,0.3444807955685976,0.185286568754132,5.087004466889786e-19,0.35178710333264096
2022-10-26,0.0015914583071768018,0.0,0.11844553234462944,0.3444807955685976,0.185286568754132,5.087004466889786e-19,0.35178710333264096
2022-10-27,0.005430301545424323,0.0,0.11844553234462944,0.3444807955685976,0.185286568754132,5.087004466889786e-19,0.35178710333264096
2022-10-28,-0.0008502534193954967,0.0,0.11844553234462944,0.3444807955685976,0.185286568754132,5.087004466889786e-19,0.35178710333264096
2022-10-31,-0.0018701954437829885,0.0,0.11844553234462944,0.3444807955685976,0.185286568754132,5.087004466889786e-19,0.35178710333264096
2022-11-01,0.0044746666292667815,0.0,0.11844553234462944,0.3444807955685976,0.185286568754132,5.087004466889786e-19,0.35178710333264096
2022-11-02,-0.004236107686233658,0.0,0.11844553234462944,0.3444807955685976,0.185286568754132,5.087004466889786e-19,0.35178710333264096
2022-11-03,-0.0008671264920864538,0.0,0.11844553234462944,0.3444807955685976,0.185286568754132,5.087004466889786e-19,0.35178710333264096
2022-11-04,-0.004991022443438558,0.0,0.11844553234462944,0.3444807955685976,0.185286568754132,5.087004466889786e-19,0.35178710333264096
2022-11-07,-0.005042761103280419,0.0,0.11844553234462944,0.3444807955685976,0.185286568754132,5.087004466889786e-19,0.35178710333264096
2022-11-08,0.007143898401063944,0.0,0.11844553234462944,0.3444807955685976,0.185286568754132,5.087004466889786e-19,0.35178710333264096
2022-11-09,0.0003834827244081568,0.0,0.11844553234462944,0.3444807955685976,0.185286568754132,5.087004466889786e-19,0.35178710333264096
2022-11-10,0.017362656240933555,0.0,0.11844553234462944,0.3444807955685976,0.185286568754132,5.087004466889786e-19,0.35178710333264096
2022-11-11,-0.004437469841512304,0.09280464493258872,0.1407311321104576,0.2516761506360089,0.185286568754132,9.048350237409716e-19,0.4223061484994015
2022-11-14,0.00023245608015174106,0.07064639317819474,0.12412908032373231,0.3218263312596322,0.1857827813087034,2.594306586310183e-19,0.36826180710793205
2022-11-15,0.0057557337212941675,0.0064959440867856585,0.12315883973636343,0.3283222753464179,0.1857827813087034,0.0,0.36273610360851527
2022-11-16,0.0050547970724175795,0.0,0.12315883973636343,0.3283222753464179,0.1857827813087034,0.0,0.36273610360851527
2022-11-17,-0.0037973526820114997,0.0,0.12315883973636343,0.3283222753464179,0.1857827813087034,0.0,0.36273610360851527
2022-11-18,-0.0019693640499932716,0.0,0.12315883973636343,0.3283222753464179,0.1857827813087034,0.0,0.36273610360851527
2022-11-21,0.003045101690475991,0.0,0.12315883973636343,0.3283222753464179,0.1857827813087034,0.0,0.36273610360851527
2022-11-22,0.004288140780460517,0.0,0.12315883973636343,0.3283222753464179,0.1857827813087034,0.0,0.36273610360851527
2022-11-23,0.0038922305846159615,0.0,0.12315883973636343,0.3283222753464179,0.1857827813087034,0.0,0.36273610360851527
2022-11-25,-0.000980938437315637,0.0,0.12315883973636343,0.3283222753464179,0.1857827813087034,0.0,0.36273610360851527
2022-11-28,0.00015703605443039698,0.0,0.12315883973636343,0.3283222753464179,0.1857827813087034,0.0,0.36273610360851527
2022-11-29,-0.0025136077780824424,0.0,0.12315883973636343,0.3283222753464179,0.1857827813087034,0.0,0.36273610360851527
2022-11-30,0.005776023099432264,0.0,0.12315883973636343,0.3283222753464179,0.1857827813087034,0.0,0.36273610360851527
2022-12-01,0.005705829470543443,0.08765353811371696,0.14075772320793875,0.2406687372327009,0.1857827813087034,0.0,0.4327907582506569
2022-12-02,0.0017627213444100164,0.0,0.14075772320793875,0.2406687372327009,0.1857827813087034,0.0,0.4327907582506569
2022-12-05,-0.005564855151409205,0.0,0.14075772320793875,0.2406687372327009,0.1857827813087034,0.0,0.4327907582506569
2022-12-06,0.0018800904061558542,0.0001338754590056031,0.14087495464372637,0.24053486177369537,0.1857827813087034,3.3033371657029763e-19,0.43280740227387493
2022-12-07,0.005739428870260619,0.0,0.14087495464372637,0.24053486177369537,0.1857827813087034,3.3033371657029763e-19,0.43280740227387493
2022-12-08,-0.0007712181824426579,0.0,0.14087495464372637,0.24053486177369537,0.1857827813087034,3.3033371657029763e-19,0.43280740227387493
2022-12-09,-0.005733665834379679,0.0,0.14087495464372637,0.24053486177369537,0.1857827813087034,3.3033371657029763e-19,0.43280740227387493
2022-12-12,0.001570760942007377,0.0,0.14087495464372637,0.24053486177369537,0.1857827813087034,3.3033371657029763e-19,0.43280740227387493
2022-12-13,0.002749789325694012,0.0,0.14087495464372637,0.24053486177369537,0.1857827813087034,3.3033371657029763e-19,0.43280740227387493
2022-12-14,-0.0023256369729975288,0.0,0.14087495464372637,0.24053486177369537,0.1857827813087034,3.3033371657029763e-19,0.43280740227387493
2022-12-15,-0.001527876588685407,0.0,0.14087495464372637,0.24053486177369537,0.1857827813087034,3.3033371657029763e-19,0.43280740227387493
2022-12-16,-0.001966332687408611,0.0,0.14087495464372637,0.24053486177369537,0.1857827813087034,3.3033371657029763e-19,0.43280740227387493
2022-12-19,-0.005652437142467269,0.0,0.14087495464372637,0.24053486177369537,0.1857827813087034,3.3033371657029763e-19,0.43280740227387493
2022-12-20,-0.003919413062156895,0.0005039765634913265,0.14087495464372637,0.240030885210204,0.1857827813087034,1.8512809625208228e-20,0.4333113788373662
2022-12-21,0.003490048342236024,0.0,0.14087495464372637,0.240030885210204,0.1857827813087034,1.8512809625208228e-20,0.4333113788373662
2022-12-22,-0.0036811997208622506,0.0,0.14087495464372637,0.240030885210204,0.1857827813087034,1.8512809625208228e-20,0.4333113788373662
2022-12-23,-0.0023063689289680635,0.0,0.14087495464372637,0.240030885210204,0.1857827813087034,1.8512809625208228e-20,0.4333113788373662
2022-12-27,-0.0038903898789192583,0.0,0.14087495464372637,0.240030885210204,0.1857827813087034,1.8512809625208228e-20,0.4333113788373662
2022-12-28,-0.0024528943964078715,0.0,0.14087495464372637,0.240030885210204,0.1857827813087034,1.8512809625208228e-20,0.4333113788373662
2022-12-29,0.003676293443014823,0.0,0.14087495464372637,0.240030885210204,0.1857827813087034,1.8512809625208228e-20,0.4333113788373662
2022-12-30,-0.0035699441477946934,0.0,0.14087495464372637,0.240030885210204,0.1857827813087034,1.8512809625208228e-20,0.4333113788373662
2023-01-03,0.01115792666917665,0.08380110684281106,0.12449989232975624,0.3238319920530151,0.1857827813087034,1.4745322239332178e-19,0.3658853343085253
2023-01-04,0.005844693999004625,0.0,0.12449989232975624,0.3238319920530151,0.1857827813087034,1.4745322239332178e-19,0.3658853343085253
2023-01-05,0.0010158745147030778,0.0,0.12449989232975624,0.3238319920530151,0.1857827813087034,1.4745322239332178e-19,0.3658853343085253
2023-01-06,0.007499303280979647,0.0,0.12449989232975624,0.3238319920530151,0.1857827813087034,1.4745322239332178e-19,0.3658853343085253
2023-01-09,-0.0001587146949417141,0.0,0.12449989232975624,0.3238319920530151,0.1857827813087034,1.4745322239332178e-19,0.3658853343085253
2023-01-10,-0.003539464134647008,0.0,0.12449989232975624,0.3238319920530151,0.1857827813087034,1.4745322239332178e-19,0.3658853343085253
2023-01-11,0.006709718206197782,0.0,0.12449989232975624,0.3238319920530151,0.1857827813087034,1.4745322239332178e-19,0.3658853343085253
2023-01-12,0.005416242681001963,0.0,0.12449989232975624,0.3238319920530151,0.1857827813087034,1.4745322239332178e-19,0.3658853343085253
2023-01-13,-0.0004555773875452485,0.0,0.12449989232975624,0.3238319920530151,0.1857827813087034,1.4745322239332178e-19,0.3658853343085253
2023-01-17,-0.0024717658014054957,0.0,0.12449989232975624,0.3238319920530151,0.1857827813087034,1.4745322239332178e-19,0.3658853343085253
2023-01-18,0.005347819998250189,0.0,0.12449989232975624,0.3238319920530151,0.1857827813087034,1.4745322239332178e-19,0.3658853343085253
2023-01-19,-0.0009149144315749817,0.0,0.12449989232975624,0.3238319920530151,0.1857827813087034,1.4745322239332178e-19,0.3658853343085253
2023-01-20,-0.004082593716690686,0.0,0.12449989232975624,0.3238319920530151,0.1857827813087034,1.4745322239332178e-19,0.3658853343085253
2023-01-23,0.000854842824663835,0.0,0.12449989232975624,0.3238319920530151,0.1857827813087034,1.4745322239332178e-19,0.3658853343085253
2023-01-24,0.004795921555596539,0.0,0.12449989232975624,0.3238319920530151,0.1857827813087034,1.4745322239332178e-19,0.3658853343085253
2023-01-25,0.000487776001654888,0.0,0.12449989232975624,0.3238319920530151,0.1857827813087034,1.4745322239332178e-19,0.3658853343085253
2023-01-26,-0.0008843812355733801,0.0,0.12449989232975624,0.3238319920530151,0.1857827813087034,1.4745322239332178e-19,0.3658853343085253
2023-01-27,-0.0002565733039528824,0.0,0.12449989232975624,0.3238319920530151,0.1857827813087034,1.4745322239332178e-19,0.3658853343085253
2023-01-30,-0.0018905267526352879,0.0,0.12449989232975624,0.3238319920530151,0.1857827813087034,1.4745322239332178e-19,0.3658853343085253
2023-01-31,0.0042988427674318045,0.0,0.12449989232975624,0.3238319920530151,0.1857827813087034,1.4745322239332178e-19,0.3658853343085253
2023-02-01,0.004098282339156564,0.0,0.12449989232975624,0.3238319920530151,0.1857827813087034,1.4745322239332178e-19,0.3658853343085253
2023-02-02,0.0007928164754944862,0.0,0.12449989232975624,0.3238319920530151,0.1857827813087034,1.4745322239332178e-19,0.3658853343085253
2023-02-03,-0.00600113147462839,0.0,0.12449989232975624,0.3238319920530151,0.1857827813087034,1.4745322239332178e-19,0.3658853343085253
2023-02-06,-0.000666228939526217,0.0,0.12449989232975624,0.3238319920530151,0.1857827813087034,1.4745322239332178e-19,0.3658853343085253
2023-02-07,-0.0014542834179081762,0.0,0.12449989232975624,0.3238319920530151,0.1857827813087034,1.4745322239332178e-19,0.3658853343085253
2023-02-08,0.0010323353947243026,0.0,0.12449989232975624,0.3238319920530151,0.1857827813087034,1.4745322239332178e-19,0.3658853343085253
2023-02-09,-0.006141132298714075,0.0,0.12449989232975624,0.3238319920530151,0.1857827813087034,1.4745322239332178e-19,0.3658853343085253
2023-02-10,-0.0017979571281981676,0.0,0.12449989232975624,0.3238319920530151,0.1857827813087034,1.4745322239332178e-19,0.3658853343085253
2023-02-13,0.0021972575457177047,0.0,0.12449989232975624,0.3238319920530151,0.1857827813087034,1.4745322239332178e-19,0.3658853343085253
2023-02-14,-0.0009249390645829189,0.0,0.12449989232975624,0.3238319920530151,0.1857827813087034,1.4745322239332178e-19,0.3658853343085253
2023-02-15,-0.001973220092794277,0.0,0.12449989232975624,0.3238319920530151,0.1857827813087034,1.4745322239332178e-19,0.3658853343085253
2023-02-16,-0.0059329549226686245,0.0,0.12449989232975624,0.3238319920530151,0.1857827813087034,1.4745322239332178e-19,0.3658853343085253
2023-02-17,0.0025016632231544956,0.0,0.12449989232975624,0.3238319920530151,0.1857827813087034,1.4745322239332178e-19,0.3658853343085253
2023-02-21,-0.00831403385729437,0.0,0.12449989232975624,0.3238319920530151,0.1857827813087034,1.4745322239332178e-19,0.3658853343085253
2023-02-22,0.0029193343408696676,0.0,0.12449989232975624,0.3238319920530151,0.1857827813087034,1.4745322239332178e-19,0.3658853343085253
2023-02-23,0.003857689122162641,0.0,0.12449989232975624,0.3238319920530151,0.1857827813087034,1.4745322239332178e-19,0.3658853343085253
2023-02-24,-0.004159837881960603,0.0,0.12449989232975624,0.3238319920530151,0.1857827813087034,1.4745322239332178e-19,0.3658853343085253
2023-02-27,0.00012409373211835968,0.0,0.12449989232975624,0.3238319920530151,0.1857827813087034,1.4745322239332178e-19,0.3658853343085253
2023-02-28,0.0028902830018017623,0.0,0.12449989232975624,0.3238319920530151,0.1857827813087034,1.4745322239332178e-19,0.3658853343085253
2023-03-01,-0.00481538597198672,0.0,0.12449989232975624,0.3238319920530151,0.1857827813087034,1.4745322239332178e-19,0.3658853343085253
2023-03-02,-7.056233357296724e-05,0.0,0.12449989232975624,0.3238319920530151,0.1857827813087034,1.4745322239332178e-19,0.3658853343085253
2023-03-03,0.010417883904705435,0.0,0.12449989232975624,0.3238319920530151,0.1857827813087034,1.4745322239332178e-19,0.3658853343085253
2023-03-06,-0.003878644715755972,0.0,0.12449989232975624,0.3238319920530151,0.1857827813087034,1.4745322239332178e-19,0.3658853343085253
2023-03-07,0.0013599377918555484,0.0,0.12449989232975624,0.3238319920530151,0.1857827813087034,1.4745322239332178e-19,0.3658853343085253
2023-03-08,0.0003054666438366151,0.0,0.12449989232975624,0.3238319920530151,0.1857827813087034,1.4745322239332178e-19,0.3658853343085253
2023-03-09,-0.000695069824781057,0.0,0.12449989232975624,0.3238319920530151,0.1857827813087034,1.4745322239332178e-19,0.3658853343085253
2023-03-10,0.011068661553799,0.0,0.12449989232975624,0.3238319920530151,0.1857827813087034,1.4745322239332178e-19,0.3658853343085253
2023-03-13,0.001466488968520063,0.0,0.12449989232975624,0.3238319920530151,0.1857827813087034,1.4745322239332178e-19,0.3658853343085253
2023-03-14,-0.004342131819559108,0.0,0.12449989232975624,0.3238319920530151,0.1857827813087034,1.4745322239332178e-19,0.3658853343085253
2023-03-15,0.010832098901685303,0.0,0.12449989232975624,0.3238319920530151,0.1857827813087034,1.4745322239332178e-19,0.3658853343085253
2023-03-16,-0.00036031261220287845,0.0,0.12449989232975624,0.3238319920530151,0.1857827813087034,1.4745322239332178e-19,0.3658853343085253
2023-03-17,0.006750542887766421,0.0,0.12449989232975624,0.3238319920530151,0.1857827813087034,1.4745322239332178e-19,0.3658853343085253
2023-03-20,-0.003656980353091346,0.0,0.12449989232975624,0.3238319920530151,0.1857827813087034,1.4745322239332178e-19,0.3658853343085253
2023-03-21,-0.004784696493016336,0.0,0.12449989232975624,0.3238319920530151,0.1857827813087034,1.4745322239332178e-19,0.3658853343085253
2023-03-22,0.0026164240376251764,0.0,0.12449989232975624,0.3238319920530151,0.1857827813087034,1.4745322239332178e-19,0.3658853343085253
2023-03-23,0.0031919721378802033,0.0,0.12449989232975624,0.3238319920530151,0.1857827813087034,1.4745322239332178e-19,0.3658853343085253
2023-03-24,0.0023286470560825827,0.0,0.12449989232975624,0.3238319920530151,0.1857827813087034,1.4745322239332178e-19,0.3658853343085253
2023-03-27,-0.010268864308768617,0.0,0.12449989232975624,0.3238319920530151,0.1857827813087034,1.4745322239332178e-19,0.3658853343085253
2023-03-28,0.0005220334869927253,0.0,0.12449989232975624,0.3238319920530151,0.1857827813087034,1.4745322239332178e-19,0.3658853343085253
2023-03-29,0.0011573940718998667,0.0,0.12449989232975624,0.3238319920530151,0.1857827813087034,1.4745322239332178e-19,0.3658853343085253
2023-03-30,0.0021941838222178075,0.0,0.12449989232975624,0.3238319920530151,0.1857827813087034,1.4745322239332178e-19,0.3658853343085253
2023-03-31,0.0069548587379758085,0.0,0.12449989232975624,0.3238319920530151,0.1857827813087034,1.4745322239332178e-19,0.3658853343085253
2023-04-03,0.001629774216899987,0.0,0.12449989232975624,0.3238319920530151,0.1857827813087034,1.4745322239332178e-19,0.3658853343085253
2023-04-04,0.0029321021172957554,0.0,0.12449989232975624,0.3238319920530151,0.1857827813087034,1.4745322239332178e-19,0.3658853343085253
2023-04-05,0.003970369941804336,0.0,0.12449989232975624,0.3238319920530151,0.1857827813087034,1.4745322239332178e-19,0.3658853343085253
2023-04-06,0.00026180801630910206,0.0,0.12449989232975624,0.3238319920530151,0.1857827813087034,1.4745322239332178e-19,0.3658853343085253
2023-04-10,-0.004358213897369122,0.0,0.12449989232975624,0.3238319920530151,0.1857827813087034,1.4745322239332178e-19,0.3658853343085253
2023-04-11,0.0005635127276229317,0.0,0.12449989232975624,0.3238319920530151,0.1857827813087034,1.4745322239332178e-19,0.3658853343085253
2023-04-12,-0.0019071128783963468,0.0,0.12449989232975624,0.3238319920530151,0.1857827813087034,1.4745322239332178e-19,0.3658853343085253
2023-04-13,-0.00010038276892948908,0.0,0.12449989232975624,0.3238319920530151,0.1857827813087034,1.4745322239332178e-19,0.3658853343085253
2023-04-14,-0.004429122171380414,0.0,0.12449989232975624,0.3238319920530151,0.1857827813087034,1.4745322239332178e-19,0.3658853343085253
2023-04-17,-0.002382296761305293,0.0,0.12449989232975624,0.3238319920530151,0.1857827813087034,1.4745322239332178e-19,0.3658853343085253
2023-04-18,0.0010907339014013286,0.1900580543582186,0.31455794668797477,0.2739115211981246,0.18578278130870338,1.3683866438281247e-17,0.22574775080519716
2023-04-19,-0.0007151068528465142,8.326672684688674e-17,0.3145579466879748,0.2739115211981247,0.1857827813087034,1.3683866438281249e-17,0.22574775080519718
2023-04-20,0.001356835454531773,9.71445146547012e-17,0.31455794668797477,0.2739115211981246,0.18578278130870338,1.3683866438281246e-17,0.22574775080519713
2023-04-21,-0.003375608234389227,8.326672684688674e-17,0.3145579466879748,0.2739115211981247,0.1857827813087034,1.3683866438281247e-17,0.22574775080519716
2023-04-24,0.0028105260386712557,0.0,0.3145579466879748,0.2739115211981247,0.1857827813087034,1.3683866438281247e-17,0.22574775080519716
2023-04-25,0.0010405301564260696,0.0,0.3145579466879748,0.2739115211981247,0.1857827813087034,1.3683866438281247e-17,0.22574775080519716
2023-04-26,-0.005993088599584636,0.0,0.3145579466879748,0.2739115211981247,0.1857827813087034,1.3683866438281247e-17,0.22574775080519716
2023-04-27,0.0036358662632926127,0.0,0.3145579466879748,0.2739115211981247,0.1857827813087034,1.3683866438281247e-17,0.22574775080519716
2023-04-28,0.007479371715236605,0.0,0.3145579466879748,0.2739115211981247,0.1857827813087034,1.3683866438281247e-17,0.22574775080519716
2023-05-01,-0.00791129078699702,0.0,0.3145579466879748,0.2739115211981247,0.1857827813087034,1.3683866438281247e-17,0.22574775080519716
2023-05-02,0.010557580635468633,0.11893828930973356,0.19561965737824125,0.3836145858940305,0.1950180059225311,0.0,0.22574775080519716
2023-05-03,0.001235068109802531,0.0,0.19561965737824125,0.3836145858940305,0.1950180059225311,0.0,0.22574775080519716
2023-05-04,-0.0035588784264032444,0.0,0.19561965737824125,0.3836145858940305,0.1950180059225311,0.0,0.22574775080519716
2023-05-05,-0.0010319500920364173,0.0,0.19561965737824125,0.3836145858940305,0.1950180059225311,0.0,0.22574775080519716
2023-05-08,-0.004758454253056358,0.0,0.19561965737824125,0.3836145858940305,0.1950180059225311,0.0,0.22574775080519716
2023-05-09,-0.00011476316411311084,0.0,0.19561965737824125,0.3836145858940305,0.1950180059225311,0.0,0.22574775080519716
2023-05-10,0.00395171315457214,0.0,0.19561965737824125,0.3836145858940305,0.1950180059225311,0.0,0.22574775080519716
2023-05-11,0.0035054917091338162,0.0,0.19561965737824125,0.3836145858940305,0.1950180059225311,0.0,0.22574775080519716
2023-05-12,-0.0023450474340210156,0.0,0.19561965737824125,0.3836145858940305,0.1950180059225311,0.0,0.22574775080519716
2023-05-15,-0.0035234397452339273,0.0,0.19561965737824125,0.3836145858940305,0.1950180059225311,0.0,0.22574775080519716
2023-05-16,-0.004333355527558007,0.0,0.19561965737824125,0.3836145858940305,0.1950180059225311,0.0,0.22574775080519716
2023-05-17,0.0009826544244860439,0.0,0.19561965737824125,0.3836145858940305,0.1950180059225311,0.0,0.22574775080519716
2023-05-18,-0.0018030053262147877,0.0,0.19561965737824125,0.3836145858940305,0.1950180059225311,0.0,0.22574775080519716
2023-05-19,-0.0017038239117827807,0.0,0.19561965737824125,0.3836145858940305,0.1950180059225311,0.0,0.22574775080519716
2023-05-22,-0.0015836238948019935,0.0,0.19561965737824125,0.3836145858940305,0.1950180059225311,0.0,0.22574775080519716
2023-05-23,-0.0002184310776703266,0.0,0.19561965737824125,0.3836145858940305,0.1950180059225311,0.0,0.22574775080519716
2023-05-24,-0.004093481301202042,0.0,0.19561965737824125,0.3836145858940305,0.1950180059225311,0.0,0.22574775080519716
2023-05-25,-0.00010476724928230353,0.0,0.19561965737824125,0.3836145858940305,0.1950180059225311,0.0,0.22574775080519716
2023-05-26,0.0063322203041678345,0.0,0.19561965737824125,0.3836145858940305,0.1950180059225311,0.0,0.22574775080519716
2023-05-30,0.004877780047871585,0.0,0.19561965737824125,0.3836145858940305,0.1950180059225311,0.0,0.22574775080519716
2023-05-31,0.0029541928219598322,0.0,0.19561965737824125,0.3836145858940305,0.1950180059225311,0.0,0.22574775080519716
