date,gross,turnover,w_SPY,w_TLT,w_GLD,w_USO,w_UUP
2019-01-02,0.00682033918162226,0.0,0.2,0.2,0.2,0.2,0.2
2019-01-03,0.0002549596793360201,0.0,0.2,0.2,0.2,0.2,0.2
2019-01-04,0.007076277279523358,0.0,0.2,0.2,0.2,0.2,0.2
2019-01-07,0.0029759993960644772,0.0,0.2,0.2,0.2,0.2,0.2
2019-01-08,0.005524543715949349,0.0,0.2,0.2,0.2,0.2,0.2
2019-01-09,0.010494021143531974,0.0,0.2,0.2,0.2,0.2,0.2
2019-01-10,0.0003373503365268205,0.0,0.2,0.2,0.2,0.2,0.2
2019-01-11,-0.002242677194774001,0.0,0.2,0.2,0.2,0.2,0.2
2019-01-14,-0.005341510554392493,0.0,0.2,0.2,0.2,0.2,0.2
2019-01-15,0.007727407028271949,0.0,0.2,0.2,0.2,0.2,0.2
2019-01-16,0.0026506374302330826,0.0,0.2,0.2,0.2,0.2,0.2
2019-01-17,0.0007630529898025709,0.0,0.2,0.2,0.2,0.2,0.2
2019-01-18,0.00553319146423974,0.0,0.2,0.2,0.2,0.2,0.2
2019-01-22,-0.003996257354986144,0.0,0.2,0.2,0.2,0.2,0.2
2019-01-23,-0.0016729874015515513,0.0,0.2,0.2,0.2,0.2,0.2
2019-01-24,0.004454523051546345,0.0,0.2,0.2,0.2,0.2,0.2
2019-01-25,0.003452970144806345,0.0,0.2,0.2,0.2,0.2,0.2
2019-01-28,-0.00619536305742825,0.0,0.2,0.2,0.2,0.2,0.2
2019-01-29,0.005781263926984304,0.0,0.2,0.2,0.2,0.2,0.2
2019-01-30,0.007443058071027386,0.0,0.2,0.2,0.2,0.2,0.2
2019-01-31,0.0030901918259420348,0.0,0.2,0.2,0.2,0.2,0.2
2019-02-01,0.0034214317114020566,0.0,0.2,0.2,0.2,0.2,0.2
2019-02-04,-0.002037277128387216,0.0,0.2,0.2,0.2,0.2,0.2
2019-02-05,-0.0008342876405427191,0.0,0.2,0.2,0.2,0.2,0.2
2019-02-06,-0.00020142968733516398,0.0,0.2,0.2,0.2,0.2,0.2
2019-02-07,-0.004047150827044566,0.0,0.2,0.2,0.2,0.2,0.2
2019-02-08,0.002271772515815984,0.0,0.2,0.2,0.2,0.2,0.2
2019-02-11,-0.0021417830321421418,0.0,0.2,0.2,0.2,0.2,0.2
2019-02-12,0.0045114800801576045,0.0,0.2,0.2,0.2,0.2,0.2
2019-02-13,0.003415353802068455,0.0,0.2,0.2,0.2,0.2,0.2
2019-02-14,0.004051672734217559,0.0,0.2,0.2,0.2,0.2,0.2
2019-02-15,0.0073045310037605626,0.0,0.2,0.2,0.2,0.2,0.2
2019-02-19,0.0043192063674838636,0.0,0.2,0.2,0.2,0.2,0.2
2019-02-20,0.002185893508412873,0.0,0.2,0.2,0.2,0.2,0.2
2019-02-21,-0.005442884601534127,0.0,0.2,0.2,0.2,0.2,0.2
2019-02-22,0.0042520808022055824,0.0,0.2,0.2,0.2,0.2,0.2
2019-02-25,-0.007042597928836969,0.0,0.2,0.2,0.2,0.2,0.2
2019-02-26,0.0014408627466500736,0.0,0.2,0.2,0.2,0.2,0.2
2019-02-27,0.0008582305522324642,0.0,0.2,0.2,0.2,0.2,0.2
2019-02-28,-0.001010677477642097,0.0,0.2,0.2,0.2,0.2,0.2
2019-03-01,-0.008076914550496594,0.0,0.2,0.2,0.2,0.2,0.2
2019-03-04,0.0029493872049448427,0.0,0.2,0.2,0.2,0.2,0.2
2019-03-05,0.0012917223467955319,0.0,0.2,0.2,0.2,0.2,0.2
2019-03-06,-0.001842399973601161,0.0,0.2,0.2,0.2,0.2,0.2
2019-03-07,0.002260948584877243,0.0,0.2,0.2,0.2,0.2,0.2
2019-03-08,0.0006631010640555822,0.0,0.2,0.2,0.2,0.2,0.2
2019-03-11,0.003085957486321589,0.0,0.2,0.2,0.2,0.2,0.2
2019-03-12,0.003487650799532993,0.0,0.2,0.2,0.2,0.2,0.2
2019-03-13,0.006464510073856999,0.0,0.2,0.2,0.2,0.2,0.2
2019-03-14,-0.0027687013186762366,0.0,0.2,0.2,0.2,0.2,0.2
2019-03-15,0.0026180888153349404,0.004427181168862024,0.20442718116886202,0.2,0.2,0.19557281883113797,0.2
2019-03-18,0.00227103636318028,0.0,0.20442718116886202,0.2,0.2,0.19557281883113797,0.2
2019-03-19,-0.0005499862910390333,0.0,0.20442718116886202,0.2,0.2,0.19557281883113797,0.2
2019-03-20,0.00511199880447316,0.0,0.20442718116886202,0.2,0.2,0.19557281883113797,0.2
2019-03-21,0.0022553864522119028,0.0,0.20442718116886202,0.2,0.2,0.19557281883113797,0.2
2019-03-22,-0.003299010124348302,0.011531900652014232,0.21595908182087625,0.2,0.2,0.18404091817912374,0.2
2019-03-25,0.001991596377816837,0.0,0.21595908182087625,0.2,0.2,0.18404091817912374,0.2
2019-03-26,0.004398523976691648,0.0,0.21595908182087625,0.2,0.2,0.18404091817912374,0.2
2019-03-27,-0.002021412138637446,0.0,0.21595908182087625,0.2,0.2,0.18404091817912374,0.2
2019-03-28,-0.0004703273556008205,0.0,0.21595908182087625,0.2,0.2,0.18404091817912374,0.2
2019-03-29,0.0037690739716723506,0.008496887450297919,0.22445596927117417,0.2,0.2,0.17554403072882582,0.2
2019-04-01,0.0033743823297788388,0.0,0.22445596927117417,0.2,0.2,0.17554403072882582,0.2
2019-04-02,0.004052877720741201,0.0,0.22445596927117417,0.2,0.2,0.17554403072882582,0.2
2019-04-03,-0.002252680566218766,0.0,0.22445596927117417,0.2,0.2,0.17554403072882582,0.2
2019-04-04,0.0009561044382994816,0.0,0.22445596927117417,0.2,0.2,0.17554403072882582,0.2
2019-04-05,0.004325689847436056,0.012469440335219406,0.23692540960639358,0.2,0.2,0.16307459039360642,0.2
2019-04-08,0.002749703438915343,0.0,0.23692540960639358,0.2,0.2,0.16307459039360642,0.2
2019-04-09,-0.0003130826503436376,0.0,0.23692540960639358,0.2,0.2,0.16307459039360642,0.2
2019-04-10,0.0025799595032677375,0.0,0.23692540960639358,0.2,0.2,0.16307459039360642,0.2
2019-04-11,-0.004884314522856568,0.0,0.23692540960639358,0.2,0.2,0.16307459039360642,0.2
2019-04-12,-0.00011079257603519325,0.0,0.23692540960639358,0.2,0.2,0.16307459039360642,0.2
2019-04-15,-0.0008399631523768158,0.0,0.23692540960639358,0.2,0.2,0.16307459039360642,0.2
2019-04-16,-0.0008261884091938552,0.0,0.23692540960639358,0.2,0.2,0.16307459039360642,0.2
2019-04-17,-0.0021310993517221198,0.0,0.23692540960639358,0.2,0.2,0.16307459039360642,0.2
2019-04-18,0.003231625046908953,0.0,0.23692540960639358,0.2,0.2,0.16307459039360642,0.2
2019-04-22,0.003069798282988606,0.0,0.23692540960639358,0.2,0.2,0.16307459039360642,0.2
2019-04-23,0.00426219798780164,0.0,0.23692540960639358,0.2,0.2,0.16307459039360642,0.2
2019-04-24,0.0013816544819337073,0.0,0.23692540960639358,0.2,0.2,0.16307459039360642,0.2
2019-04-25,-0.0016789501164336841,0.0,0.23692540960639358,0.2,0.2,0.16307459039360642,0.2
2019-04-26,-0.0024198873246827303,0.0,0.23692540960639358,0.2,0.2,0.16307459039360642,0.2
2019-04-29,-0.0006081466321761618,0.01112888034499801,0.2480542899513916,0.2,0.2,0.1519457100486084,0.2
2019-04-30,0.0018428428113655404,0.0,0.2480542899513916,0.2,0.2,0.1519457100486084,0.2
2019-05-01,-0.002930600692871921,0.0,0.2480542899513916,0.2,0.2,0.1519457100486084,0.2
2019-05-02,-0.006391603200359966,0.0,0.2480542899513916,0.2,0.2,0.1519457100486084,0.2
2019-05-03,0.004010647220361236,0.0,0.2480542899513916,0.2,0.2,0.1519457100486084,0.2
2019-05-06,0.0021102067048435506,0.01007826777790262,0.2581325577292942,0.2,0.2,0.1418674422707058,0.2
2019-05-07,-0.00565376062006006,0.0,0.2581325577292942,0.2,0.2,0.1418674422707058,0.2
2019-05-08,0.0001412624542623392,0.0,0.2581325577292942,0.2,0.2,0.1418674422707058,0.2
2019-05-09,-0.0007435726684338862,0.0,0.2581325577292942,0.2,0.2,0.1418674422707058,0.2
2019-05-10,0.0016600004112490934,0.0,0.2581325577292942,0.2,0.2,0.1418674422707058,0.2
2019-05-13,-0.0046412646307666325,0.0,0.2581325577292942,0.2,0.2,0.1418674422707058,0.2
2019-05-14,0.003988105227619157,0.0,0.2581325577292942,0.2,0.2,0.1418674422707058,0.2
2019-05-15,0.003804838588836102,0.0,0.2581325577292942,0.2,0.2,0.1418674422707058,0.2
2019-05-16,0.002680064824533864,0.0,0.2581325577292942,0.2,0.2,0.1418674422707058,0.2
2019-05-17,-0.0028302459311813984,0.0,0.2581325577292942,0.2,0.2,0.1418674422707058,0.2
2019-05-20,-0.001555192270712349,0.002207197295944499,0.26033975502523865,0.2,0.2,0.13966024497476123,0.2
2019-05-21,0.0016562790213608637,0.0,0.26033975502523865,0.2,0.2,0.13966024497476123,0.2
2019-05-22,-0.0038484670517302116,0.0,0.26033975502523865,0.2,0.2,0.13966024497476123,0.2
2019-05-23,-0.00688904886562478,0.0,0.26033975502523865,0.2,0.2,0.13966024497476123,0.2
2019-05-24,0.0019113254114131936,0.0,0.26033975502523865,0.2,0.2,0.13966024497476123,0.2
2019-05-28,-0.0010160194666270733,0.010505262245016578,0.27084501727025523,0.2,0.2,0.12915498272974466,0.2
2019-05-29,-0.0005842922284267462,0.0,0.27084501727025523,0.2,0.2,0.12915498272974466,0.2
2019-05-30,-0.0011728421372813333,0.0,0.27084501727025523,0.2,0.2,0.12915498272974466,0.2
2019-05-31,-0.006531521607703256,0.0,0.27084501727025523,0.2,0.2,0.12915498272974466,0.2
2019-06-03,0.0011918628991460054,0.0,0.27084501727025523,0.2,0.2,0.12915498272974466,0.2
2019-06-04,0.0054936973227219695,0.009972732538142487,0.2808177498083977,0.20000000000000007,0.20000000000000007,0.1191822501916023,0.20000000000000007
2019-06-05,-0.0016631151654554889,1.249000902703301e-16,0.28081774980839763,0.2,0.2,0.11918225019160228,0.2
2019-06-06,0.005648002883138131,1.249000902703301e-16,0.2808177498083977,0.20000000000000007,0.20000000000000007,0.1191822501916023,0.20000000000000007
2019-06-07,0.006659211544096873,1.249000902703301e-16,0.28081774980839763,0.2,0.2,0.11918225019160228,0.2
2019-06-10,-0.0036276607222144276,1.249000902703301e-16,0.2808177498083977,0.20000000000000007,0.20000000000000007,0.1191822501916023,0.20000000000000007
2019-06-11,-0.00011086134029557158,0.011018409054001137,0.2918361588623988,0.20000000000000007,0.20000000000000007,0.10816384113760112,0.20000000000000007
2019-06-12,-0.003362368858751104,0.0,0.2918361588623988,0.20000000000000007,0.20000000000000007,0.10816384113760112,0.20000000000000007
2019-06-13,0.00570942973873652,0.0,0.2918361588623988,0.20000000000000007,0.20000000000000007,0.10816384113760112,0.20000000000000007
2019-06-14,0.0017841381545218105,0.0,0.2918361588623988,0.20000000000000007,0.20000000000000007,0.10816384113760112,0.20000000000000007
2019-06-17,-0.0008748472883122776,0.0,0.2918361588623988,0.20000000000000007,0.20000000000000007,0.10816384113760112,0.20000000000000007
2019-06-18,0.009501729497409381,0.009099698901547111,0.3009358577639459,0.20000000000000007,0.20000000000000007,0.099064142236054,0.20000000000000007
2019-06-19,0.0019718631682968443,0.0,0.3009358577639459,0.20000000000000007,0.20000000000000007,0.099064142236054,0.20000000000000007
2019-06-20,0.011765955166862456,0.0,0.3009358577639459,0.20000000000000007,0.20000000000000007,0.099064142236054,0.20000000000000007
2019-06-21,-0.0013013036238977435,0.0,0.3009358577639459,0.20000000000000007,0.20000000000000007,0.099064142236054,0.20000000000000007
2019-06-24,0.004115660514414225,0.0,0.3009358577639459,0.20000000000000007,0.20000000000000007,0.099064142236054,0.20000000000000007
2019-06-25,-0.001563420532481929,0.0,0.3009358577639459,0.20000000000000007,0.20000000000000007,0.099064142236054,0.20000000000000007
2019-06-26,-0.0008650669962602887,0.0,0.3009358577639459,0.20000000000000007,0.20000000000000007,0.099064142236054,0.20000000000000007
2019-06-27,0.0022809577564572624,0.0,0.3009358577639459,0.20000000000000007,0.20000000000000007,0.099064142236054,0.20000000000000007
2019-06-28,-0.00021385500408769914,0.0,0.3009358577639459,0.20000000000000007,0.20000000000000007,0.099064142236054,0.20000000000000007
2019-07-01,0.0018282032777780604,0.0,0.3009358577639459,0.20000000000000007,0.20000000000000007,0.099064142236054,0.20000000000000007
2019-07-02,0.0018482270809205732,0.0016391628736001779,0.30257502063754604,0.20000000000000007,0.20000000000000007,0.09742497936245381,0.20000000000000007
2019-07-03,0.004761578883528765,0.0019304215585180876,0.3045054421960641,0.20000000000000007,0.20000000000000007,0.09549455780393572,0.20000000000000007
2019-07-05,-0.002697655705154619,0.0,0.3045054421960641,0.20000000000000007,0.20000000000000007,0.09549455780393572,0.20000000000000007
2019-07-08,-0.002467061235987579,0.0,0.3045054421960641,0.20000000000000007,0.20000000000000007,0.09549455780393572,0.20000000000000007
2019-07-09,0.0020373400068431627,0.0,0.3045054421960641,0.20000000000000007,0.20000000000000007,0.09549455780393572,0.20000000000000007
2019-07-10,0.006562475143134388,0.0,0.3045054421960641,0.20000000000000007,0.20000000000000007,0.09549455780393572,0.20000000000000007
2019-07-11,-0.0034923684532802996,0.0,0.3045054421960641,0.20000000000000007,0.20000000000000007,0.09549455780393572,0.20000000000000007
2019-07-12,0.002235445394925379,0.0,0.3045054421960641,0.20000000000000007,0.20000000000000007,0.09549455780393572,0.20000000000000007
2019-07-15,-0.000119456941436551,0.0,0.3045054421960641,0.20000000000000007,0.20000000000000007,0.09549455780393572,0.20000000000000007
2019-07-16,-0.004140884376879882,0.0,0.3045054421960641,0.20000000000000007,0.20000000000000007,0.09549455780393572,0.20000000000000007
2019-07-17,0.00046927280603025997,0.0,0.3045054421960641,0.20000000000000007,0.20000000000000007,0.09549455780393572,0.20000000000000007
2019-07-18,0.0013446997740949396,0.0,0.3045054421960641,0.20000000000000007,0.20000000000000007,0.09549455780393572,0.20000000000000007
2019-07-19,-0.0032041387585551983,0.0,0.3045054421960641,0.20000000000000007,0.20000000000000007,0.09549455780393572,0.20000000000000007
2019-07-22,0.0015601573640753883,0.0,0.3045054421960641,0.20000000000000007,0.20000000000000007,0.09549455780393572,0.20000000000000007
2019-07-23,0.0019292609319132544,0.0,0.3045054421960641,0.20000000000000007,0.20000000000000007,0.09549455780393572,0.20000000000000007
2019-07-24,0.0015381126420359464,0.0,0.3045054421960641,0.20000000000000007,0.20000000000000007,0.09549455780393572,0.20000000000000007
2019-07-25,-0.0033643010901300025,0.0,0.3045054421960641,0.20000000000000007,0.20000000000000007,0.09549455780393572,0.20000000000000007
2019-07-26,0.0035560189545246076,0.0,0.3045054421960641,0.20000000000000007,0.20000000000000007,0.09549455780393572,0.20000000000000007
2019-07-29,0.0023824460711643534,0.0,0.3045054421960641,0.20000000000000007,0.20000000000000007,0.09549455780393572,0.20000000000000007
2019-07-30,0.002508605022084475,0.0,0.3045054421960641,0.20000000000000007,0.20000000000000007,0.09549455780393572,0.20000000000000007
2019-07-31,-0.00348456434768265,0.003529011038787673,0.3080344532348518,0.20000000000000007,0.20000000000000007,0.09196554676514804,0.20000000000000007
2019-08-01,-8.040459169026282e-05,0.0,0.3080344532348518,0.20000000000000007,0.20000000000000007,0.09196554676514804,0.20000000000000007
2019-08-02,-0.0003014031288393073,0.0,0.3080344532348518,0.20000000000000007,0.20000000000000007,0.09196554676514804,0.20000000000000007
2019-08-05,-0.0048685340043992855,0.0,0.3080344532348518,0.20000000000000007,0.20000000000000007,0.09196554676514804,0.20000000000000007
2019-08-06,0.0059102681942219,0.0,0.3080344532348518,0.20000000000000007,0.20000000000000007,0.09196554676514804,0.20000000000000007
2019-08-07,0.0007408592397571846,0.0028032959134414864,0.31083774914829326,0.20000000000000007,0.20000000000000007,0.08916225085170654,0.20000000000000007
2019-08-08,0.008672191441190469,0.0,0.31083774914829326,0.20000000000000007,0.20000000000000007,0.08916225085170654,0.20000000000000007
2019-08-09,-0.0008027336897073428,0.0,0.31083774914829326,0.20000000000000007,0.20000000000000007,0.08916225085170654,0.20000000000000007
2019-08-12,0.002806944722670214,0.0,0.31083774914829326,0.20000000000000007,0.20000000000000007,0.08916225085170654,0.20000000000000007
2019-08-13,0.007867134850149879,0.0,0.31083774914829326,0.20000000000000007,0.20000000000000007,0.08916225085170654,0.20000000000000007
2019-08-14,-0.00609472614132842,0.0,0.31083774914829326,0.20000000000000007,0.20000000000000007,0.08916225085170654,0.20000000000000007
2019-08-15,0.0038249753734257465,0.0,0.31083774914829326,0.20000000000000007,0.20000000000000007,0.08916225085170654,0.20000000000000007
2019-08-16,0.0022467477676586236,0.0,0.31083774914829326,0.20000000000000007,0.20000000000000007,0.08916225085170654,0.20000000000000007
2019-08-19,0.0010288149420368202,0.0,0.31083774914829326,0.20000000000000007,0.20000000000000007,0.08916225085170654,0.20000000000000007
2019-08-20,0.0005676666204040416,0.0,0.31083774914829326,0.20000000000000007,0.20000000000000007,0.08916225085170654,0.20000000000000007
2019-08-21,0.0006345895394162654,0.0,0.31083774914829326,0.20000000000000007,0.20000000000000007,0.08916225085170654,0.20000000000000007
2019-08-22,-0.0026959179814464145,0.0,0.31083774914829326,0.20000000000000007,0.20000000000000007,0.08916225085170654,0.20000000000000007
2019-08-23,-0.004533801611776343,0.0,0.31083774914829326,0.20000000000000007,0.20000000000000007,0.08916225085170654,0.20000000000000007
2019-08-26,0.003632739091313692,0.0,0.31083774914829326,0.20000000000000007,0.20000000000000007,0.08916225085170654,0.20000000000000007
2019-08-27,0.005540275140005381,0.0,0.31083774914829326,0.20000000000000007,0.20000000000000007,0.08916225085170654,0.20000000000000007
2019-08-28,0.004051102905082608,0.0,0.31083774914829326,0.20000000000000007,0.20000000000000007,0.08916225085170654,0.20000000000000007
2019-08-29,0.0033763130503122515,0.0,0.31083774914829326,0.20000000000000007,0.20000000000000007,0.08916225085170654,0.20000000000000007
2019-08-30,-0.0022720684837401793,0.0,0.31083774914829326,0.20000000000000007,0.20000000000000007,0.08916225085170654,0.20000000000000007
2019-09-03,-0.00019707972438524673,0.0,0.31083774914829326,0.20000000000000007,0.20000000000000007,0.08916225085170654,0.20000000000000007
2019-09-04,0.007706960596035145,0.0,0.31083774914829326,0.20000000000000007,0.20000000000000007,0.08916225085170654,0.20000000000000007
2019-09-05,-0.004427704983391446,0.0,0.31083774914829326,0.20000000000000007,0.20000000000000007,0.08916225085170654,0.20000000000000007
2019-09-06,0.0005664918945206773,0.0,0.31083774914829326,0.20000000000000007,0.20000000000000007,0.08916225085170654,0.20000000000000007
2019-09-09,-0.0021685525210170383,0.0,0.31083774914829326,0.20000000000000007,0.20000000000000007,0.08916225085170654,0.20000000000000007
2019-09-10,-0.005803750735958431,0.0,0.31083774914829326,0.20000000000000007,0.20000000000000007,0.08916225085170654,0.20000000000000007
2019-09-11,0.0014328342991087803,0.0,0.31083774914829326,0.20000000000000007,0.20000000000000007,0.08916225085170654,0.20000000000000007
2019-09-12,-0.0019412655694170723,0.0037371517293945805,0.3145749008776879,0.20000000000000007,0.20000000000000007,0.08542509912231203,0.20000000000000007
2019-09-13,-0.0066589182685243015,0.0,0.3145749008776879,0.20000000000000007,0.20000000000000007,0.08542509912231203,0.20000000000000007
2019-09-16,0.014524409560188387,0.0,0.3145749008776879,0.20000000000000007,0.20000000000000007,0.08542509912231203,0.20000000000000007
2019-09-17,-0.0022121194516528265,0.0,0.3145749008776879,0.20000000000000007,0.20000000000000007,0.08542509912231203,0.20000000000000007
2019-09-18,-0.0007922579755617785,0.0,0.3145749008776879,0.20000000000000007,0.20000000000000007,0.08542509912231203,0.20000000000000007
2019-09-19,0.0015789053925961275,0.0,0.3145749008776879,0.20000000000000007,0.20000000000000007,0.08542509912231203,0.20000000000000007
2019-09-20,0.004113058128520308,0.0,0.3145749008776879,0.20000000000000007,0.20000000000000007,0.08542509912231203,0.20000000000000007
2019-09-23,0.0013714118377212926,0.0,0.3145749008776879,0.20000000000000007,0.20000000000000007,0.08542509912231203,0.20000000000000007
2019-09-24,-0.0019132928512672577,0.0,0.3145749008776879,0.20000000000000007,0.20000000000000007,0.08542509912231203,0.20000000000000007
2019-09-25,-0.003922859855630442,0.0,0.3145749008776879,0.20000000000000007,0.20000000000000007,0.08542509912231203,0.20000000000000007
2019-09-26,0.0010936879004214515,0.0,0.3145749008776879,0.20000000000000007,0.20000000000000007,0.08542509912231203,0.20000000000000007
2019-09-27,-0.0035420041655339057,0.0,0.3145749008776879,0.20000000000000007,0.20000000000000007,0.08542509912231203,0.20000000000000007
2019-09-30,-0.002833729211214442,0.0,0.3145749008776879,0.20000000000000007,0.20000000000000007,0.08542509912231203,0.20000000000000007
2019-10-01,-0.003839334174846754,0.0,0.3145749008776879,0.20000000000000007,0.20000000000000007,0.08542509912231203,0.20000000000000007
2019-10-02,-0.00448474258812764,0.0,0.3145749008776879,0.20000000000000007,0.20000000000000007,0.08542509912231203,0.20000000000000007
2019-10-03,0.004875227732217345,0.0023868857588984493,0.3169617866365863,0.20000000000000007,0.20000000000000007,0.08303821336341352,0.20000000000000007
2019-10-04,0.006453167138156554,0.0,0.3169617866365863,0.20000000000000007,0.20000000000000007,0.08303821336341352,0.20000000000000007
2019-10-07,-0.004359734986310863,0.0,0.3169617866365863,0.20000000000000007,0.20000000000000007,0.08303821336341352,0.20000000000000007
2019-10-08,-0.003465614709488784,0.0,0.3169617866365863,0.20000000000000007,0.20000000000000007,0.08303821336341352,0.20000000000000007
2019-10-09,0.002678133113739457,0.0,0.3169617866365863,0.20000000000000007,0.20000000000000007,0.08303821336341352,0.20000000000000007
2019-10-10,-0.0019418847739239072,0.005089235056157451,0.3220510216927438,0.20000000000000007,0.20000000000000007,0.07794897830725611,0.20000000000000007
2019-10-11,0.0006146976154756587,0.0,0.3220510216927438,0.20000000000000007,0.20000000000000007,0.07794897830725611,0.20000000000000007
2019-10-14,0.0008520164112934853,0.0,0.3220510216927438,0.20000000000000007,0.20000000000000007,0.07794897830725611,0.20000000000000007
2019-10-15,-0.0020546605284369997,0.0,0.3220510216927438,0.20000000000000007,0.20000000000000007,0.07794897830725611,0.20000000000000007
2019-10-16,0.0009138202299307666,0.0,0.3220510216927438,0.20000000000000007,0.20000000000000007,0.07794897830725611,0.20000000000000007
2019-10-17,0.0009475102174173485,0.003447735460836425,0.3254987571535802,0.20000000000000007,0.20000000000000007,0.07450124284641964,0.20000000000000007
2019-10-18,-0.0027848608996088324,0.0,0.3254987571535802,0.20000000000000007,0.20000000000000007,0.07450124284641964,0.20000000000000007
2019-10-21,-0.00016769855999110598,0.0,0.3254987571535802,0.20000000000000007,0.20000000000000007,0.07450124284641964,0.20000000000000007
2019-10-22,0.0020082697623835318,0.0,0.3254987571535802,0.20000000000000007,0.20000000000000007,0.07450124284641964,0.20000000000000007
2019-10-23,0.0035803856517215176,0.0,0.3254987571535802,0.20000000000000007,0.20000000000000007,0.07450124284641964,0.20000000000000007
2019-10-24,0.0026495148239023053,0.003179005379624754,0.3286777625332049,0.20000000000000007,0.20000000000000007,0.07132223746679486,0.20000000000000007
2019-10-25,0.0016680078372423468,0.0,0.3286777625332049,0.20000000000000007,0.20000000000000007,0.07132223746679486,0.20000000000000007
2019-10-28,-0.002921476431427013,0.0,0.3286777625332049,0.20000000000000007,0.20000000000000007,0.07132223746679486,0.20000000000000007
2019-10-29,-0.0010242705685233754,0.0,0.3286777625332049,0.20000000000000007,0.20000000000000007,0.07132223746679486,0.20000000000000007
2019-10-30,0.003906015313593904,0.0,0.3286777625332049,0.20000000000000007,0.20000000000000007,0.07132223746679486,0.20000000000000007
2019-10-31,0.0023899086552919132,0.0,0.3286777625332049,0.20000000000000007,0.20000000000000007,0.07132223746679486,0.20000000000000007
2019-11-01,0.004998070693970241,0.0,0.3286777625332049,0.20000000000000007,0.20000000000000007,0.07132223746679486,0.20000000000000007
2019-11-04,-0.000402411610288537,0.0,0.3286777625332049,0.20000000000000007,0.20000000000000007,0.07132223746679486,0.20000000000000007
2019-11-05,-0.004374467941968603,0.0,0.3286777625332049,0.20000000000000007,0.20000000000000007,0.07132223746679486,0.20000000000000007
2019-11-06,0.0014259143948873328,0.0,0.3286777625332049,0.20000000000000007,0.20000000000000007,0.07132223746679486,0.20000000000000007
2019-11-07,-0.004701389606149088,0.0,0.3286777625332049,0.20000000000000007,0.20000000000000007,0.07132223746679486,0.20000000000000007
2019-11-08,-0.00019635637302240335,0.0,0.3286777625332049,0.20000000000000007,0.20000000000000007,0.07132223746679486,0.20000000000000007
2019-11-11,-0.0018668024946672701,0.0,0.3286777625332049,0.20000000000000007,0.20000000000000007,0.07132223746679486,0.20000000000000007
2019-11-12,0.0023290712358552327,0.0,0.3286777625332049,0.20000000000000007,0.20000000000000007,0.07132223746679486,0.20000000000000007
2019-11-13,0.0026710488605536636,0.0,0.3286777625332049,0.20000000000000007,0.20000000000000007,0.07132223746679486,0.20000000000000007
2019-11-14,0.002938057486631676,0.0,0.3286777625332049,0.20000000000000007,0.20000000000000007,0.07132223746679486,0.20000000000000007
2019-11-15,0.002227306310700807,0.0,0.3286777625332049,0.20000000000000007,0.20000000000000007,0.07132223746679486,0.20000000000000007
2019-11-18,-0.00023713213598205128,0.0,0.3286777625332049,0.20000000000000007,0.20000000000000007,0.07132223746679486,0.20000000000000007
2019-11-19,-8.079985689043911e-05,0.0,0.3286777625332049,0.20000000000000007,0.20000000000000007,0.07132223746679486,0.20000000000000007
2019-11-20,0.0029824736022321676,0.0,0.3286777625332049,0.20000000000000007,0.20000000000000007,0.07132223746679486,0.20000000000000007
2019-11-21,-0.0007794366373580373,0.0,0.3286777625332049,0.20000000000000007,0.20000000000000007,0.07132223746679486,0.20000000000000007
2019-11-22,0.0006820185059369983,0.0,0.3286777625332049,0.20000000000000007,0.20000000000000007,0.07132223746679486,0.20000000000000007
2019-11-25,0.0023237804816953925,0.0,0.3286777625332049,0.20000000000000007,0.20000000000000007,0.07132223746679486,0.20000000000000007
2019-11-26,0.003124711905575171,0.0,0.3286777625332049,0.20000000000000007,0.20000000000000007,0.07132223746679486,0.20000000000000007
2019-11-27,-0.00017087462410098634,0.0,0.3286777625332049,0.20000000000000007,0.20000000000000007,0.07132223746679486,0.20000000000000007
2019-11-29,-0.0036823664991639175,0.0,0.3286777625332049,0.20000000000000007,0.20000000000000007,0.07132223746679486,0.20000000000000007
2019-12-02,-0.006070848589676886,0.0,0.3286777625332049,0.20000000000000007,0.20000000000000007,0.07132223746679486,0.20000000000000007
2019-12-03,0.004231297527064637,0.0,0.3286777625332049,0.20000000000000007,0.20000000000000007,0.07132223746679486,0.20000000000000007
2019-12-04,0.0021415499850313234,0.0,0.3286777625332049,0.20000000000000007,0.20000000000000007,0.07132223746679486,0.20000000000000007
2019-12-05,-0.000715479161185707,0.0,0.3286777625332049,0.20000000000000007,0.20000000000000007,0.07132223746679486,0.20000000000000007
2019-12-06,0.0014199733973103983,0.0,0.3286777625332049,0.20000000000000007,0.20000000000000007,0.07132223746679486,0.20000000000000007
2019-12-09,-0.0008241893206507077,0.0,0.3286777625332049,0.20000000000000007,0.20000000000000007,0.07132223746679486,0.20000000000000007
2019-12-10,0.0003376221586356428,0.0,0.3286777625332049,0.20000000000000007,0.20000000000000007,0.07132223746679486,0.20000000000000007
2019-12-11,0.002615880083234376,0.0,0.3286777625332049,0.20000000000000007,0.20000000000000007,0.07132223746679486,0.20000000000000007
2019-12-12,-0.0004577318084739222,0.0,0.3286777625332049,0.20000000000000007,0.20000000000000007,0.07132223746679486,0.20000000000000007
2019-12-13,0.004098013961176152,0.0,0.3286777625332049,0.20000000000000007,0.20000000000000007,0.07132223746679486,0.20000000000000007
2019-12-16,0.0006416838851091909,0.0,0.3286777625332049,0.20000000000000007,0.20000000000000007,0.07132223746679486,0.20000000000000007
2019-12-17,0.000865275010855596,0.0,0.3286777625332049,0.20000000000000007,0.20000000000000007,0.07132223746679486,0.20000000000000007
2019-12-18,-0.0011201776140543336,0.0,0.3286777625332049,0.20000000000000007,0.20000000000000007,0.07132223746679486,0.20000000000000007
2019-12-19,0.0024090632076868615,0.0,0.3286777625332049,0.20000000000000007,0.20000000000000007,0.07132223746679486,0.20000000000000007
2019-12-20,0.0017423412603307297,0.0,0.3286777625332049,0.20000000000000007,0.20000000000000007,0.07132223746679486,0.20000000000000007
2019-12-23,0.0011147143445363879,0.0,0.3286777625332049,0.20000000000000007,0.20000000000000007,0.07132223746679486,0.20000000000000007
2019-12-24,0.0028612710268881942,0.0,0.3286777625332049,0.20000000000000007,0.20000000000000007,0.07132223746679486,0.20000000000000007
2019-12-26,0.004168925140566474,0.0,0.3286777625332049,0.20000000000000007,0.20000000000000007,0.07132223746679486,0.20000000000000007
2019-12-27,-0.0008137591987463818,0.0,0.3286777625332049,0.20000000000000007,0.20000000000000007,0.07132223746679486,0.20000000000000007
2019-12-30,-0.0026124907402918928,0.0,0.3286777625332049,0.20000000000000007,0.20000000000000007,0.07132223746679486,0.20000000000000007
2019-12-31,-0.0017621243519898113,0.0,0.3286777625332049,0.20000000000000007,0.20000000000000007,0.07132223746679486,0.20000000000000007
2020-01-02,0.00749511061050212,0.0,0.3286777625332049,0.20000000000000007,0.20000000000000007,0.07132223746679486,0.20000000000000007
2020-01-03,0.005535103444035059,0.0,0.3286777625332049,0.20000000000000007,0.20000000000000007,0.07132223746679486,0.20000000000000007
2020-01-06,0.001648019229512529,0.0,0.3286777625332049,0.20000000000000007,0.20000000000000007,0.07132223746679486,0.20000000000000007
2020-01-07,-0.0005914486778586275,0.0,0.3286777625332049,0.20000000000000007,0.20000000000000007,0.07132223746679486,0.20000000000000007
2020-01-08,-0.003087697805688499,0.0,0.3286777625332049,0.20000000000000007,0.20000000000000007,0.07132223746679486,0.20000000000000007
2020-01-09,0.0012244189820601627,0.0,0.3286777625332049,0.20000000000000007,0.20000000000000007,0.07132223746679486,0.20000000000000007
2020-01-10,0.0014283260389430623,0.0,0.3286777625332049,0.20000000000000007,0.20000000000000007,0.07132223746679486,0.20000000000000007
2020-01-13,-0.0010370991158246373,0.0,0.3286777625332049,0.20000000000000007,0.20000000000000007,0.07132223746679486,0.20000000000000007
2020-01-14,0.0008933029506240019,0.0,0.3286777625332049,0.20000000000000007,0.20000000000000007,0.07132223746679486,0.20000000000000007
2020-01-15,0.002350131597592664,0.0,0.3286777625332049,0.20000000000000007,0.20000000000000007,0.07132223746679486,0.20000000000000007
2020-01-16,0.00273974175461933,0.0,0.3286777625332049,0.20000000000000007,0.20000000000000007,0.07132223746679486,0.20000000000000007
2020-01-17,0.0006007192472988266,0.0,0.3286777625332049,0.20000000000000007,0.20000000000000007,0.07132223746679486,0.20000000000000007
2020-01-21,0.0010033324283722396,0.0,0.3286777625332049,0.20000000000000007,0.20000000000000007,0.07132223746679486,0.20000000000000007
2020-01-22,-0.0013228156124741619,0.0,0.3286777625332049,0.20000000000000007,0.20000000000000007,0.07132223746679486,0.20000000000000007
2020-01-23,0.001321222672855431,0.0,0.3286777625332049,0.20000000000000007,0.20000000000000007,0.07132223746679486,0.20000000000000007
2020-01-24,-0.0012394054900823877,0.0,0.3286777625332049,0.20000000000000007,0.20000000000000007,0.07132223746679486,0.20000000000000007
2020-01-27,-0.002548597871843464,0.0,0.3286777625332049,0.20000000000000007,0.20000000000000007,0.07132223746679486,0.20000000000000007
2020-01-28,0.0010564873510602376,0.0,0.3286777625332049,0.20000000000000007,0.20000000000000007,0.07132223746679486,0.20000000000000007
2020-01-29,0.0025000019762145605,0.0,0.3286777625332049,0.20000000000000007,0.20000000000000007,0.07132223746679486,0.20000000000000007
2020-01-30,-7.898372968252092e-06,0.0,0.3286777625332049,0.20000000000000007,0.20000000000000007,0.07132223746679486,0.20000000000000007
2020-01-31,-0.00536215025263027,0.0,0.3286777625332049,0.20000000000000007,0.20000000000000007,0.07132223746679486,0.20000000000000007
2020-02-03,-0.00033310279653971445,0.0,0.3286777625332049,0.20000000000000007,0.20000000000000007,0.07132223746679486,0.20000000000000007
2020-02-04,-0.00032266445135233426,0.0,0.3286777625332049,0.20000000000000007,0.20000000000000007,0.07132223746679486,0.20000000000000007
2020-02-05,0.0043866499474968,0.0,0.3286777625332049,0.20000000000000007,0.20000000000000007,0.07132223746679486,0.20000000000000007
2020-02-06,0.003728359675806601,0.0,0.3286777625332049,0.20000000000000007,0.20000000000000007,0.07132223746679486,0.20000000000000007
2020-02-07,0.0006616881442743272,0.0,0.3286777625332049,0.20000000000000007,0.20000000000000007,0.07132223746679486,0.20000000000000007
2020-02-10,0.002743280566520682,0.0,0.3286777625332049,0.20000000000000007,0.20000000000000007,0.07132223746679486,0.20000000000000007
2020-02-11,-0.0008039547257569162,0.0,0.3286777625332049,0.20000000000000007,0.20000000000000007,0.07132223746679486,0.20000000000000007
2020-02-12,0.0035723917400281103,0.0,0.3286777625332049,0.20000000000000007,0.20000000000000007,0.07132223746679486,0.20000000000000007
2020-02-13,0.001977636490145405,0.0,0.3286777625332049,0.20000000000000007,0.20000000000000007,0.07132223746679486,0.20000000000000007
2020-02-14,0.0028868727376449776,0.0,0.3286777625332049,0.20000000000000007,0.20000000000000007,0.07132223746679486,0.20000000000000007
2020-02-18,0.0038338769133465208,0.0,0.3286777625332049,0.20000000000000007,0.20000000000000007,0.07132223746679486,0.20000000000000007
2020-02-19,0.0045943384542301395,0.0,0.3286777625332049,0.20000000000000007,0.20000000000000007,0.07132223746679486,0.20000000000000007
2020-02-20,0.0022659442447647902,0.0,0.3286777625332049,0.20000000000000007,0.20000000000000007,0.07132223746679486,0.20000000000000007
2020-02-21,-0.0004561081556143907,0.0,0.3286777625332049,0.20000000000000007,0.20000000000000007,0.07132223746679486,0.20000000000000007
2020-02-24,-0.008727564247447823,0.0,0.3286777625332049,0.20000000000000007,0.20000000000000007,0.07132223746679486,0.20000000000000007
2020-02-25,-0.01532353253553472,0.0,0.3286777625332049,0.20000000000000007,0.20000000000000007,0.07132223746679486,0.20000000000000007
2020-02-26,-0.0026848545508799124,0.0,0.3286777625332049,0.20000000000000007,0.20000000000000007,0.07132223746679486,0.20000000000000007
2020-02-27,-0.01661749099349555,0.0,0.3286777625332049,0.20000000000000007,0.20000000000000007,0.07132223746679486,0.20000000000000007
2020-02-28,-0.007245591293436401,0.0,0.3286777625332049,0.20000000000000007,0.20000000000000007,0.07132223746679486,0.20000000000000007
2020-03-02,0.016359462871321975,0.0,0.3286777625332049,0.20000000000000007,0.20000000000000007,0.07132223746679486,0.20000000000000007
2020-03-03,-0.0010681591028114637,0.0,0.3286777625332049,0.20000000000000007,0.20000000000000007,0.07132223746679486,0.20000000000000007
2020-03-04,0.012510890194000403,0.0,0.3286777625332049,0.20000000000000007,0.20000000000000007,0.07132223746679486,0.20000000000000007
2020-03-05,-0.0013685229740867154,0.07132223746679493,0.3286777625332049,0.27132223746679507,0.20000000000000007,0.0,0.20000000000000007
2020-03-06,0.007616747152913173,0.0,0.3286777625332049,0.27132223746679507,0.20000000000000007,0.0,0.20000000000000007
2020-03-09,-0.020135934746697618,0.0,0.3286777625332049,0.27132223746679507,0.20000000000000007,0.0,0.20000000000000007
2020-03-10,0.0018318687701515506,0.0,0.3286777625332049,0.27132223746679507,0.20000000000000007,0.0,0.20000000000000007
2020-03-11,-0.02641217437063182,0.0,0.3286777625332049,0.27132223746679507,0.20000000000000007,0.0,0.20000000000000007
2020-03-12,-0.03560266373223785,0.0,0.3286777625332049,0.27132223746679507,0.20000000000000007,0.0,0.20000000000000007
2020-03-13,0.023425939572174013,0.0,0.3286777625332049,0.27132223746679507,0.20000000000000007,0.0,0.20000000000000007
2020-03-16,-0.027096063406267582,0.0,0.3286777625332049,0.27132223746679507,0.20000000000000007,0.0,0.20000000000000007
2020-03-17,0.005903583635174495,0.0,0.3286777625332049,0.27132223746679507,0.20000000000000007,0.0,0.20000000000000007
2020-03-18,-0.032898586772850125,0.0,0.3286777625332049,0.27132223746679507,0.20000000000000007,0.0,0.20000000000000007
2020-03-19,0.012964785159278316,0.29434270000973006,0.034335062523474805,0.2713222374667951,0.25690972488405084,0.0,0.43743297512567925
2020-03-20,0.021529249905640303,0.0,0.034335062523474805,0.2713222374667951,0.25690972488405084,0.0,0.43743297512567925
2020-03-23,0.021028706153442184,0.0,0.034335062523474805,0.2713222374667951,0.25690972488405084,0.0,0.43743297512567925
2020-03-24,0.00552353559444374,0.0,0.034335062523474805,0.2713222374667951,0.25690972488405084,0.0,0.43743297512567925
2020-03-25,-0.007732425989384412,0.0,0.034335062523474805,0.2713222374667951,0.25690972488405084,0.0,0.43743297512567925
2020-03-26,-0.0003926370458708457,0.0,0.034335062523474805,0.2713222374667951,0.25690972488405084,0.0,0.43743297512567925
2020-03-27,0.0009890728279461215,0.0,0.034335062523474805,0.2713222374667951,0.25690972488405084,0.0,0.43743297512567925
2020-03-30,0.001976659579150275,0.0,0.034335062523474805,0.2713222374667951,0.25690972488405084,0.0,0.43743297512567925
2020-03-31,-0.011221621424266592,0.0,0.034335062523474805,0.2713222374667951,0.25690972488405084,0.0,0.43743297512567925
2020-04-01,0.007457056932441204,0.0,0.034335062523474805,0.2713222374667951,0.25690972488405084,0.0,0.43743297512567925
2020-04-02,0.008955975451666934,0.005669661114322454,0.02866540140915233,0.2713222374667951,0.26257938599837327,0.0,0.43743297512567925
2020-04-03,0.00394550278315966,0.0,0.02866540140915233,0.2713222374667951,0.26257938599837327,0.0,0.43743297512567925
2020-04-06,0.008653293561882913,0.0,0.02866540140915233,0.2713222374667951,0.26257938599837327,0.0,0.43743297512567925
2020-04-07,-0.008223795569667692,0.0,0.02866540140915233,0.2713222374667951,0.26257938599837327,0.0,0.43743297512567925
2020-04-08,-0.0017338729736770316,0.0,0.02866540140915233,0.2713222374667951,0.26257938599837327,0.0,0.43743297512567925
2020-04-09,0.004577017356451618,0.00098888219224476,0.02767651921690761,0.2713222374667951,0.26356826819061807,0.0,0.43743297512567925
2020-04-13,0.0011387166387588658,0.0,0.02767651921690761,0.2713222374667951,0.26356826819061807,0.0,0.43743297512567925
2020-04-14,0.00038559891649735806,0.0,0.02767651921690761,0.2713222374667951,0.26356826819061807,0.0,0.43743297512567925
2020-04-15,0.008523441360300617,0.0,0.02767651921690761,0.2713222374667951,0.26356826819061807,0.0,0.43743297512567925
2020-04-16,0.00493390403497303,0.0,0.02767651921690761,0.2713222374667951,0.26356826819061807,0.0,0.43743297512567925
2020-04-17,-0.009137789972392975,0.0,0.02767651921690761,0.2713222374667951,0.26356826819061807,0.0,0.43743297512567925
2020-04-20,0.005030961533913235,0.0,0.02767651921690761,0.2713222374667951,0.26356826819061807,0.0,0.43743297512567925
2020-04-21,0.0014228645938651925,0.0,0.02767651921690761,0.2713222374667951,0.26356826819061807,0.0,0.43743297512567925
2020-04-22,0.004316213976290469,0.0,0.02767651921690761,0.2713222374667951,0.26356826819061807,0.0,0.43743297512567925
2020-04-23,0.004222747659829592,0.0,0.02767651921690761,0.2713222374667951,0.26356826819061807,0.0,0.43743297512567925
2020-04-24,-0.001070898059620062,0.0,0.02767651921690761,0.2713222374667951,0.26356826819061807,0.0,0.43743297512567925
2020-04-27,-0.007528392042780116,0.0,0.02767651921690761,0.2713222374667951,0.26356826819061807,0.0,0.43743297512567925
2020-04-28,0.0013371675054047111,0.0,0.02767651921690761,0.2713222374667951,0.26356826819061807,0.0,0.43743297512567925
2020-04-29,-0.0010024158756737748,0.0,0.02767651921690761,0.2713222374667951,0.26356826819061807,0.0,0.43743297512567925
2020-04-30,-0.010959203739613458,0.0,0.02767651921690761,0.2713222374667951,0.26356826819061807,0.0,0.43743297512567925
2020-05-01,0.0037071195263931713,0.0,0.02767651921690761,0.2713222374667951,0.26356826819061807,0.0,0.43743297512567925
2020-05-04,0.0021703201383481375,0.0,0.02767651921690761,0.2713222374667951,0.26356826819061807,0.0,0.43743297512567925
2020-05-05,-3.8872442092430714e-05,0.0,0.02767651921690761,0.2713222374667951,0.26356826819061807,0.0,0.43743297512567925
2020-05-06,-0.0058468142524369104,0.0,0.02767651921690761,0.2713222374667951,0.26356826819061807,0.0,0.43743297512567925
2020-05-07,0.007622338611765471,0.0,0.02767651921690761,0.2713222374667951,0.26356826819061807,0.0,0.43743297512567925
2020-05-08,-0.0048155511327168145,0.0,0.02767651921690761,0.2713222374667951,0.26356826819061807,0.0,0.43743297512567925
2020-05-11,-0.0021369578130826803,0.0,0.02767651921690761,0.2713222374667951,0.26356826819061807,0.0,0.43743297512567925
2020-05-12,0.002452251564390242,0.0,0.02767651921690761,0.2713222374667951,0.26356826819061807,0.0,0.43743297512567925
2020-05-13,0.004752664788777209,0.0,0.02767651921690761,0.2713222374667951,0.26356826819061807,0.0,0.43743297512567925
2020-05-14,0.0058030284200928355,0.0,0.02767651921690761,0.2713222374667951,0.26356826819061807,0.0,0.43743297512567925
2020-05-15,0.0012390405038219,0.0,0.02767651921690761,0.2713222374667951,0.26356826819061807,0.0,0.43743297512567925
2020-05-18,-0.010648076526832416,0.0,0.02767651921690761,0.2713222374667951,0.26356826819061807,0.0,0.43743297512567925
2020-05-19,0.0029498186132873856,0.0,0.02767651921690761,0.2713222374667951,0.26356826819061807,0.0,0.43743297512567925
2020-05-20,0.0004469376426072015,0.0,0.02767651921690761,0.2713222374667951,0.26356826819061807,0.0,0.43743297512567925
2020-05-21,-0.0023778853286909405,0.0,0.02767651921690761,0.2713222374667951,0.26356826819061807,0.0,0.43743297512567925
2020-05-22,0.004544783050462422,0.0,0.02767651921690761,0.2713222374667951,0.26356826819061807,0.0,0.43743297512567925
2020-05-26,-0.010285349088418478,0.0,0.02767651921690761,0.2713222374667951,0.26356826819061807,0.0,0.43743297512567925
2020-05-27,0.00022515597766237304,0.0,0.02767651921690761,0.2713222374667951,0.26356826819061807,0.0,0.43743297512567925
2020-05-28,-0.002453276455522738,0.0,0.02767651921690761,0.2713222374667951,0.26356826819061807,0.0,0.43743297512567925
2020-05-29,0.003343524032905061,0.0,0.02767651921690761,0.2713222374667951,0.26356826819061807,0.0,0.43743297512567925
2020-06-01,-0.0029680832126250324,0.0,0.02767651921690761,0.2713222374667951,0.26356826819061807,0.0,0.43743297512567925
2020-06-02,-0.002960552788593554,0.0,0.02767651921690761,0.2713222374667951,0.26356826819061807,0.0,0.43743297512567925
2020-06-03,-0.010751524130898107,0.0,0.02767651921690761,0.2713222374667951,0.26356826819061807,0.0,0.43743297512567925
2020-06-04,-0.00289256304428859,0.0,0.02767651921690761,0.2713222374667951,0.26356826819061807,0.0,0.43743297512567925
2020-06-05,-0.005731300538432742,0.0,0.02767651921690761,0.2713222374667951,0.26356826819061807,0.0,0.43743297512567925
2020-06-08,0.0030614610292584946,0.0,0.02767651921690761,0.2713222374667951,0.26356826819061807,0.0,0.43743297512567925
2020-06-09,0.0040780763205116735,0.0,0.02767651921690761,0.2713222374667951,0.26356826819061807,0.0,0.43743297512567925
2020-06-10,0.005461948042325022,0.0,0.02767651921690761,0.2713222374667951,0.26356826819061807,0.0,0.43743297512567925
2020-06-11,0.006017613309665988,0.0,0.02767651921690761,0.2713222374667951,0.26356826819061807,0.0,0.43743297512567925
2020-06-12,-0.0007420291855810726,0.0,0.02767651921690761,0.2713222374667951,0.26356826819061807,0.0,0.43743297512567925
2020-06-15,-0.0018935668873189216,0.0,0.02767651921690761,0.2713222374667951,0.26356826819061807,0.0,0.43743297512567925
2020-06-16,-0.0024193163109738737,0.0,0.02767651921690761,0.2713222374667951,0.26356826819061807,0.0,0.43743297512567925
2020-06-17,0.0018422494177824976,0.0,0.02767651921690761,0.2713222374667951,0.26356826819061807,0.0,0.43743297512567925
2020-06-18,0.004030839215932452,0.0,0.02767651921690761,0.2713222374667951,0.26356826819061807,0.0,0.43743297512567925
2020-06-19,0.0034651793264791745,0.0,0.02767651921690761,0.2713222374667951,0.26356826819061807,0.0,0.43743297512567925
2020-06-22,-0.0004073699271559873,0.0,0.02767651921690761,0.2713222374667951,0.26356826819061807,0.0,0.43743297512567925
2020-06-23,-0.0010080387393703013,0.0,0.02767651921690761,0.2713222374667951,0.26356826819061807,0.0,0.43743297512567925
2020-06-24,0.0032929296670759197,0.0,0.02767651921690761,0.2713222374667951,0.26356826819061807,0.0,0.43743297512567925
2020-06-25,0.0015863810552899122,0.0,0.02767651921690761,0.2713222374667951,0.26356826819061807,0.0,0.43743297512567925
2020-06-26,0.004087883446465954,0.0,0.02767651921690761,0.2713222374667951,0.26356826819061807,0.0,0.43743297512567925
2020-06-29,0.008433463835141933,0.43743297512567925,0.3407331057203995,0.2713222374667951,0.2635682681906181,0.12437638862218742,2.972844844262366e-17
2020-06-30,0.0032934567462232804,9.71445146547012e-17,0.34073310572039944,0.27132223746679507,0.26356826819061807,0.12437638862218739,2.972844844262365e-17
2020-07-01,0.0019642843390635188,9.020562075079397e-17,0.3407331057203995,0.2713222374667951,0.2635682681906181,0.1243763886221874,2.972844844262366e-17
2020-07-02,0.0019891322424036052,0.31026514654993226,0.15484434779265452,0.2938888698383116,0.29373499718648144,0.0,0.25753178518255243
2020-07-06,0.0015740393905366258,0.0,0.15484434779265452,0.2938888698383116,0.29373499718648144,0.0,0.25753178518255243
2020-07-07,0.004978444957348724,0.0,0.15484434779265452,0.2938888698383116,0.29373499718648144,0.0,0.25753178518255243
2020-07-08,0.0004587970623121684,0.0,0.15484434779265452,0.2938888698383116,0.29373499718648144,0.0,0.25753178518255243
2020-07-09,0.0038928558246217075,0.0,0.15484434779265452,0.2938888698383116,0.29373499718648144,0.0,0.25753178518255243
2020-07-10,-0.0010515511347414562,0.0,0.15484434779265452,0.2938888698383116,0.29373499718648144,0.0,0.25753178518255243
2020-07-13,-0.00039897962805210613,0.0,0.15484434779265452,0.2938888698383116,0.29373499718648144,0.0,0.25753178518255243
2020-07-14,0.003305126893494494,0.0,0.15484434779265452,0.2938888698383116,0.29373499718648144,0.0,0.25753178518255243
2020-07-15,-0.00038294303642141033,0.0,0.15484434779265452,0.2938888698383116,0.29373499718648144,0.0,0.25753178518255243
2020-07-16,-0.00099737426242151,0.0,0.15484434779265452,0.2938888698383116,0.29373499718648144,0.0,0.25753178518255243
2020-07-17,0.001165483091518873,0.0,0.15484434779265452,0.2938888698383116,0.29373499718648144,0.0,0.25753178518255243
2020-07-20,0.0029924572400121833,0.0,0.15484434779265452,0.2938888698383116,0.29373499718648144,0.0,0.25753178518255243
2020-07-21,0.0024534133541021822,0.0,0.15484434779265452,0.2938888698383116,0.29373499718648144,0.0,0.25753178518255243
2020-07-22,0.005524583081002187,0.0,0.15484434779265452,0.2938888698383116,0.29373499718648144,0.0,0.25753178518255243
2020-07-23,0.003675940541282704,0.0,0.15484434779265452,0.2938888698383116,0.29373499718648144,0.0,0.25753178518255243
2020-07-24,0.00039918512293242274,0.0,0.15484434779265452,0.2938888698383116,0.29373499718648144,0.0,0.25753178518255243
2020-07-27,0.003921911254857347,0.0,0.15484434779265452,0.2938888698383116,0.29373499718648144,0.0,0.25753178518255243
2020-07-28,0.003908210716142497,0.0,0.15484434779265452,0.2938888698383116,0.29373499718648144,0.0,0.25753178518255243
2020-07-29,0.0023907398956690643,0.0,0.15484434779265452,0.2938888698383116,0.29373499718648144,0.0,0.25753178518255243
2020-07-30,-0.0018104587248976877,0.0,0.15484434779265452,0.2938888698383116,0.29373499718648144,0.0,0.25753178518255243
2020-07-31,0.005241383946685125,0.0,0.15484434779265452,0.2938888698383116,0.29373499718648144,0.0,0.25753178518255243
2020-08-03,-7.048444419748782e-05,0.0,0.15484434779265452,0.2938888698383116,0.29373499718648144,0.0,0.25753178518255243
2020-08-04,0.01203778046380161,0.2575317851825525,0.2872098016468102,0.2938888698383116,0.29373499718648144,0.12516633132839677,0.0
2020-08-05,0.0038325848198942974,0.0,0.2872098016468102,0.2938888698383116,0.29373499718648144,0.12516633132839677,0.0
2020-08-06,0.007253578061077447,0.0,0.2872098016468102,0.2938888698383116,0.29373499718648144,0.12516633132839677,0.0
2020-08-07,-0.0077874792389509276,0.0,0.2872098016468102,0.2938888698383116,0.29373499718648144,0.12516633132839677,0.0
2020-08-10,-0.00017260205779471698,0.0,0.2872098016468102,0.2938888698383116,0.29373499718648144,0.12516633132839677,0.0
2020-08-11,-0.023046548744534563,0.0,0.2872098016468102,0.2938888698383116,0.29373499718648144,0.12516633132839677,0.0
2020-08-12,0.0030658011388709477,0.0,0.2872098016468102,0.2938888698383116,0.29373499718648144,0.12516633132839677,0.0
2020-08-13,0.0026218472002433797,0.0,0.2872098016468102,0.2938888698383116,0.29373499718648144,0.12516633132839677,0.0
2020-08-14,-0.002693613374991433,0.0,0.2872098016468102,0.2938888698383116,0.29373499718648144,0.12516633132839677,0.0
2020-08-17,0.009838740774061633,0.0,0.2872098016468102,0.2938888698383116,0.29373499718648144,0.12516633132839677,0.0
2020-08-18,0.0043554274694086875,0.04000447926666505,0.3113772831885824,0.2538843905716465,0.29373499718648144,0.14100332905328963,4.75898467553263e-19
2020-08-19,-0.011878962563723195,0.0,0.3113772831885824,0.2538843905716465,0.29373499718648144,0.14100332905328963,4.75898467553263e-19
2020-08-20,0.004651319213146043,0.0,0.3113772831885824,0.2538843905716465,0.29373499718648144,0.14100332905328963,4.75898467553263e-19
2020-08-21,-0.0012978884004192675,0.0,0.3113772831885824,0.2538843905716465,0.29373499718648144,0.14100332905328963,4.75898467553263e-19
2020-08-24,0.0018748852842472765,0.0,0.3113772831885824,0.2538843905716465,0.29373499718648144,0.14100332905328963,4.75898467553263e-19
2020-08-25,0.0027559616906724527,0.048414366639275966,0.35558180694626823,0.20547002393237057,0.29373499718648144,0.14521317193487976,1.4140359028551334e-18
2020-08-26,0.006294397699387167,0.0,0.35558180694626823,0.20547002393237057,0.29373499718648144,0.14521317193487976,1.4140359028551334e-18
2020-08-27,-0.007334331651970794,0.0,0.35558180694626823,0.20547002393237057,0.29373499718648144,0.14521317193487976,1.4140359028551334e-18
2020-08-28,0.0074859764228480735,0.0,0.35558180694626823,0.20547002393237057,0.29373499718648144,0.14521317193487976,1.4140359028551334e-18
2020-08-31,0.00011563867525304504,0.0,0.35558180694626823,0.20547002393237057,0.29373499718648144,0.14521317193487976,1.4140359028551334e-18
2020-09-01,0.005832571012212223,0.08237524869403713,0.4151547667158825,0.12309477523833347,0.29373499718648144,0.16801546085930266,6.602077262990556e-19
2020-09-02,-0.0007972279527906512,0.0,0.4151547667158825,0.12309477523833347,0.29373499718648144,0.16801546085930266,6.602077262990556e-19
2020-09-03,-0.017555940744780618,0.0,0.4151547667158825,0.12309477523833347,0.29373499718648144,0.16801546085930266,6.602077262990556e-19
2020-09-04,-0.011321528487198885,0.0,0.4151547667158825,0.12309477523833347,0.29373499718648144,0.16801546085930266,6.602077262990556e-19
2020-09-08,-0.02152492971342925,0.0,0.4151547667158825,0.12309477523833347,0.29373499718648144,0.16801546085930266,6.602077262990556e-19
2020-09-09,0.015479404118485078,0.02741194629716743,0.4425667130130499,0.09568282894116603,0.29373499718648144,0.16801546085930266,0.0
2020-09-10,-0.011945328494284747,0.0,0.4425667130130499,0.09568282894116603,0.29373499718648144,0.16801546085930266,0.0
2020-09-11,0.001981026750766934,0.0,0.4425667130130499,0.09568282894116603,0.29373499718648144,0.16801546085930266,0.0
2020-09-14,0.007520338692141754,0.0,0.4425667130130499,0.09568282894116603,0.29373499718648144,0.16801546085930266,0.0
2020-09-15,0.004917602466039564,0.0,0.4425667130130499,0.09568282894116603,0.29373499718648144,0.16801546085930266,0.0
2020-09-16,0.005970172730475065,0.025094372533426917,0.4676610855464768,0.07058845640773909,0.29373499718648144,0.16801546085930266,0.0
2020-09-17,-0.0024073345652887834,0.0,0.4676610855464768,0.07058845640773909,0.29373499718648144,0.16801546085930266,0.0
2020-09-18,-0.006195378815039043,0.0,0.4676610855464768,0.07058845640773909,0.29373499718648144,0.16801546085930266,0.0
2020-09-21,-0.015198879776425003,0.0,0.4676610855464768,0.07058845640773909,0.29373499718648144,0.16801546085930266,0.0
2020-09-22,0.0025707526062662294,0.0,0.4676610855464768,0.07058845640773909,0.29373499718648144,0.16801546085930266,0.0
2020-09-23,-0.01793240681229197,0.0,0.4676610855464768,0.07058845640773909,0.29373499718648144,0.16801546085930266,0.0
2020-09-24,0.005426344054594795,0.0,0.4676610855464768,0.07058845640773909,0.29373499718648144,0.16801546085930266,0.0
2020-09-25,0.005839192899841088,0.0,0.4676610855464768,0.07058845640773909,0.29373499718648144,0.16801546085930266,0.0
2020-09-28,0.012536861225563507,0.0,0.4676610855464768,0.07058845640773909,0.29373499718648144,0.16801546085930266,0.0
2020-09-29,-0.0057863804175868816,0.0,0.4676610855464768,0.07058845640773909,0.29373499718648144,0.16801546085930266,0.0
2020-09-30,0.004684193113040302,0.0,0.4676610855464768,0.07058845640773909,0.29373499718648144,0.16801546085930266,0.0
2020-10-01,0.0011066428757833778,0.0,0.4676610855464768,0.07058845640773909,0.29373499718648144,0.16801546085930266,0.0
2020-10-02,-0.012051447624003757,0.0,0.4676610855464768,0.07058845640773909,0.29373499718648144,0.16801546085930266,0.0
2020-10-05,0.01841967608846973,0.0,0.4676610855464768,0.07058845640773909,0.29373499718648144,0.16801546085930266,0.0
2020-10-06,-0.006955148142056463,0.0,0.4676610855464768,0.07058845640773909,0.29373499718648144,0.16801546085930266,0.0
2020-10-07,0.007493109117110388,0.0,0.4676610855464768,0.07058845640773909,0.29373499718648144,0.16801546085930266,0.0
2020-10-08,0.010008572385657433,0.0,0.4676610855464768,0.07058845640773909,0.29373499718648144,0.16801546085930266,0.0
2020-10-09,0.006903154778969075,0.0,0.4676610855464768,0.07058845640773909,0.29373499718648144,0.16801546085930266,0.0
2020-10-12,0.00327395605991092,0.0,0.4676610855464768,0.07058845640773909,0.29373499718648144,0.16801546085930266,0.0
2020-10-13,-0.005784310515259481,0.04662166791380249,0.5142827534602793,0.07058845640773909,0.29373499718648144,0.12139379294550019,0.0
2020-10-14,-0.00034688276120577134,0.016453713414857345,0.5307364668751366,0.07058845640773909,0.29373499718648144,0.10494007953064285,0.0
2020-10-15,0.00014831162814042784,0.0,0.5307364668751366,0.07058845640773909,0.29373499718648144,0.10494007953064285,0.0
2020-10-16,-0.002332512316926823,0.0,0.5307364668751366,0.07058845640773909,0.29373499718648144,0.10494007953064285,0.0
2020-10-19,-0.008662567752292679,0.0,0.5307364668751366,0.07058845640773909,0.29373499718648144,0.10494007953064285,0.0
2020-10-20,0.004558593610772757,0.0,0.5307364668751366,0.07058845640773909,0.29373499718648144,0.10494007953064285,0.0
2020-10-21,-0.0024678808245384193,0.0,0.5307364668751366,0.07058845640773909,0.29373499718648144,0.10494007953064285,0.0
2020-10-22,0.0008297096224588986,0.0,0.5307364668751366,0.07058845640773909,0.29373499718648144,0.10494007953064285,0.0
2020-10-23,-0.0003975898221796265,0.0,0.5307364668751366,0.07058845640773909,0.29373499718648144,0.10494007953064285,0.0
2020-10-26,-0.012197650136539236,0.0,0.5307364668751366,0.07058845640773909,0.29373499718648144,0.10494007953064285,0.0
2020-10-27,0.0016625084664253875,0.0,0.5307364668751366,0.07058845640773909,0.29373499718648144,0.10494007953064285,0.0
2020-10-28,-0.02792498475433612,0.00771750358446921,0.5384539704596059,0.07058845640773909,0.29373499718648144,0.09722257594617364,0.0
2020-10-29,0.0009459865613127842,0.0,0.5384539704596059,0.07058845640773909,0.29373499718648144,0.09722257594617364,0.0
2020-10-30,-0.006299177312678109,0.0,0.5384539704596059,0.07058845640773909,0.29373499718648144,0.09722257594617364,0.0
2020-11-02,0.013303741412519275,0.0,0.5384539704596059,0.07058845640773909,0.29373499718648144,0.09722257594617364,0.0
2020-11-03,0.01246772759015458,0.0,0.5384539704596059,0.07058845640773909,0.29373499718648144,0.09722257594617364,0.0
2020-11-04,0.01597803724557377,0.009317865213816404,0.5477718356734222,0.07058845640773909,0.29373499718648144,0.08790471073235723,0.0
2020-11-05,0.016659973538521933,0.0,0.5477718356734222,0.07058845640773909,0.29373499718648144,0.08790471073235723,0.0
2020-11-06,-0.002793732617250044,0.0,0.5477718356734222,0.07058845640773909,0.29373499718648144,0.08790471073235723,0.0
2020-11-09,-0.0022907160198943196,0.0,0.5477718356734222,0.07058845640773909,0.29373499718648144,0.08790471073235723,0.0
2020-11-10,0.0023931553602418157,0.0,0.5477718356734222,0.07058845640773909,0.29373499718648144,0.08790471073235723,0.0
2020-11-11,0.003451753556305775,0.0011745503050664004,0.5489463859784887,0.07058845640773909,0.29373499718648144,0.08673016042729084,2.5542001952210655e-18
2020-11-12,-0.0034786854083483807,0.0,0.5489463859784887,0.07058845640773909,0.29373499718648144,0.08673016042729084,2.5542001952210655e-18
2020-11-13,0.007905593100511712,0.0,0.5489463859784887,0.07058845640773909,0.29373499718648144,0.08673016042729084,2.5542001952210655e-18
2020-11-16,0.008762616369229082,0.0,0.5489463859784887,0.07058845640773909,0.29373499718648144,0.08673016042729084,2.5542001952210655e-18
2020-11-17,-0.0033886091258640166,0.0,0.5489463859784887,0.07058845640773909,0.29373499718648144,0.08673016042729084,2.5542001952210655e-18
2020-11-18,-0.007760474624553848,0.004115659951211299,0.5530620459297,0.07058845640773909,0.29373499718648144,0.08261450047607957,4.3482982422710287e-20
2020-11-19,0.002395959018520361,0.0,0.5530620459297,0.07058845640773909,0.29373499718648144,0.08261450047607957,4.3482982422710287e-20
2020-11-20,-0.0017611502201269665,0.0,0.5530620459297,0.07058845640773909,0.29373499718648144,0.08261450047607957,4.3482982422710287e-20
2020-11-23,-0.0020874197395331128,0.0,0.5530620459297,0.07058845640773909,0.29373499718648144,0.08261450047607957,4.3482982422710287e-20
2020-11-24,0.007289263737764879,0.0,0.5530620459297,0.07058845640773909,0.29373499718648144,0.08261450047607957,4.3482982422710287e-20
2020-11-25,0.00025495763840508996,0.0032565912837798847,0.5563186372134798,0.07058845640773909,0.29373499718648144,0.07935790919229967,0.0
2020-11-27,-0.0011254924938310037,0.0,0.5563186372134798,0.07058845640773909,0.29373499718648144,0.07935790919229967,0.0
2020-11-30,-0.005147249380563104,0.0,0.5563186372134798,0.07058845640773909,0.29373499718648144,0.07935790919229967,0.0
2020-12-01,0.010333193947953312,0.0,0.5563186372134798,0.07058845640773909,0.29373499718648144,0.07935790919229967,0.0
2020-12-02,0.0037263364433870235,0.0,0.5563186372134798,0.07058845640773909,0.29373499718648144,0.07935790919229967,0.0
2020-12-03,0.003442797576149015,0.005090933425947985,0.5563186372134798,0.07567938983368708,0.29373499718648144,0.07426697576635169,9.058600308929453e-19
2020-12-04,0.003588165440346743,0.0,0.5563186372134798,0.07567938983368708,0.29373499718648144,0.07426697576635169,9.058600308929453e-19
2020-12-07,0.00354383810601616,0.0,0.5563186372134798,0.07567938983368708,0.29373499718648144,0.07426697576635169,9.058600308929453e-19
2020-12-08,0.0030336678274385737,0.0,0.5563186372134798,0.07567938983368708,0.29373499718648144,0.07426697576635169,9.058600308929453e-19
2020-12-09,-0.01042642869334925,0.0,0.5563186372134798,0.07567938983368708,0.29373499718648144,0.07426697576635169,9.058600308929453e-19
2020-12-10,0.0017517489507055234,0.0,0.5563186372134798,0.07567938983368708,0.29373499718648144,0.07426697576635169,9.058600308929453e-19
2020-12-11,-0.0002317904581205429,0.0,0.5563186372134798,0.07567938983368708,0.29373499718648144,0.07426697576635169,9.058600308929453e-19
2020-12-14,-0.003783428347945358,0.0,0.5563186372134798,0.07567938983368708,0.29373499718648144,0.07426697576635169,9.058600308929453e-19
2020-12-15,0.012231636181762212,0.0,0.5563186372134798,0.07567938983368708,0.29373499718648144,0.07426697576635169,9.058600308929453e-19
2020-12-16,0.0027492478077335634,0.0,0.5563186372134798,0.07567938983368708,0.29373499718648144,0.07426697576635169,9.058600308929453e-19
2020-12-17,0.006953425975310649,0.0,0.5563186372134798,0.07567938983368708,0.29373499718648144,0.07426697576635169,9.058600308929453e-19
2020-12-18,-0.0022299850457647465,0.0,0.5563186372134798,0.07567938983368708,0.29373499718648144,0.07426697576635169,9.058600308929453e-19
2020-12-21,-0.0044845788047492285,0.0,0.5563186372134798,0.07567938983368708,0.29373499718648144,0.07426697576635169,9.058600308929453e-19
2020-12-22,-0.0041198605298947795,0.0,0.5563186372134798,0.07567938983368708,0.29373499718648144,0.07426697576635169,9.058600308929453e-19
2020-12-23,0.003457192897464596,0.0,0.5563186372134798,0.07567938983368708,0.29373499718648144,0.07426697576635169,9.058600308929453e-19
2020-12-24,0.004019851485246562,0.0,0.5563186372134798,0.07567938983368708,0.29373499718648144,0.07426697576635169,9.058600308929453e-19
2020-12-28,0.003002398448258692,0.0,0.5563186372134798,0.07567938983368708,0.29373499718648144,0.07426697576635169,9.058600308929453e-19
2020-12-29,0.0003454503657628909,0.0,0.5563186372134798,0.07567938983368708,0.29373499718648144,0.07426697576635169,9.058600308929453e-19
2020-12-30,0.0035005582790803573,0.0,0.5563186372134798,0.07567938983368708,0.29373499718648144,0.07426697576635169,9.058600308929453e-19
2020-12-31,0.004253741047622494,0.0,0.5563186372134798,0.07567938983368708,0.29373499718648144,0.07426697576635169,9.058600308929453e-19
2021-01-04,-0.002544187873885703,0.0,0.5563186372134798,0.07567938983368708,0.29373499718648144,0.07426697576635169,9.058600308929453e-19
2021-01-05,0.007717494941923211,0.0,0.5563186372134798,0.07567938983368708,0.29373499718648144,0.07426697576635169,9.058600308929453e-19
2021-01-06,-0.0026261963404332674,0.0,0.5563186372134798,0.07567938983368708,0.29373499718648144,0.07426697576635169,9.058600308929453e-19
2021-01-07,0.007827030107015237,0.0,0.5563186372134798,0.07567938983368708,0.29373499718648144,0.07426697576635169,9.058600308929453e-19
2021-01-08,-0.005187268324753955,0.0,0.5563186372134798,0.07567938983368708,0.29373499718648144,0.07426697576635169,9.058600308929453e-19
2021-01-11,-0.004807668975318507,0.0,0.5563186372134798,0.07567938983368708,0.29373499718648144,0.07426697576635169,9.058600308929453e-19
2021-01-12,0.0033070509314227694,0.0,0.5563186372134798,0.07567938983368708,0.29373499718648144,0.07426697576635169,9.058600308929453e-19
2021-01-13,0.0008783649483568665,0.0,0.5563186372134798,0.07567938983368708,0.29373499718648144,0.07426697576635169,9.058600308929453e-19
2021-01-14,-0.0018969326421204866,0.0,0.5563186372134798,0.07567938983368708,0.29373499718648144,0.07426697576635169,9.058600308929453e-19
2021-01-15,-0.009245654247274282,0.0,0.5563186372134798,0.07567938983368708,0.29373499718648144,0.07426697576635169,9.058600308929453e-19
2021-01-19,0.007962889619339561,0.0,0.5563186372134798,0.07567938983368708,0.29373499718648144,0.07426697576635169,9.058600308929453e-19
2021-01-20,0.01263893048705949,0.0,0.5563186372134798,0.07567938983368708,0.29373499718648144,0.07426697576635169,9.058600308929453e-19
2021-01-21,-0.0002702442506905253,0.0,0.5563186372134798,0.07567938983368708,0.29373499718648144,0.07426697576635169,9.058600308929453e-19
2021-01-22,-0.005137530446848199,0.0,0.5563186372134798,0.07567938983368708,0.29373499718648144,0.07426697576635169,9.058600308929453e-19
2021-01-25,0.004098102327567459,0.0,0.5563186372134798,0.07567938983368708,0.29373499718648144,0.07426697576635169,9.058600308929453e-19
2021-01-26,-0.0020289644296208847,0.0,0.5563186372134798,0.07567938983368708,0.29373499718648144,0.07426697576635169,9.058600308929453e-19
2021-01-27,-0.015160503589753963,0.0,0.5563186372134798,0.07567938983368708,0.29373499718648144,0.07426697576635169,9.058600308929453e-19
2021-01-28,0.004115531504950366,0.0,0.5563186372134798,0.07567938983368708,0.29373499718648144,0.07426697576635169,9.058600308929453e-19
2021-01-29,-0.011859029637781968,0.0,0.5563186372134798,0.07567938983368708,0.29373499718648144,0.07426697576635169,9.058600308929453e-19
2021-02-01,0.014089113639491752,0.0,0.5563186372134798,0.07567938983368708,0.29373499718648144,0.07426697576635169,9.058600308929453e-19
2021-02-02,0.005243694310104189,0.0,0.5563186372134798,0.07567938983368708,0.29373499718648144,0.07426697576635169,9.058600308929453e-19
2021-02-03,0.0005726568570254719,0.0,0.5563186372134798,0.07567938983368708,0.29373499718648144,0.07426697576635169,9.058600308929453e-19
2021-02-04,0.0005304919387897695,0.0,0.5563186372134798,0.07567938983368708,0.29373499718648144,0.07426697576635169,9.058600308929453e-19
2021-02-05,0.005202051100128283,0.0,0.5563186372134798,0.07567938983368708,0.29373499718648144,0.07426697576635169,9.058600308929453e-19
2021-02-08,0.008766417294713991,0.0,0.5563186372134798,0.07567938983368708,0.29373499718648144,0.07426697576635169,9.058600308929453e-19
2021-02-09,0.0010833329885175727,0.0,0.5563186372134798,0.07567938983368708,0.29373499718648144,0.07426697576635169,9.058600308929453e-19
2021-02-10,0.0015450765066874496,0.0,0.5563186372134798,0.07567938983368708,0.29373499718648144,0.07426697576635169,9.058600308929453e-19
2021-02-11,-0.002653032270168416,0.0,0.5563186372134798,0.07567938983368708,0.29373499718648144,0.07426697576635169,9.058600308929453e-19
2021-02-12,0.0027646398651423685,0.0,0.5563186372134798,0.07567938983368708,0.29373499718648144,0.07426697576635169,9.058600308929453e-19
2021-02-16,-0.004901879968193341,0.0,0.5563186372134798,0.07567938983368708,0.29373499718648144,0.07426697576635169,9.058600308929453e-19
2021-02-17,-0.0019186132494022838,0.0,0.5563186372134798,0.07567938983368708,0.29373499718648144,0.07426697576635169,9.058600308929453e-19
2021-02-18,-0.0038176486277642216,0.0,0.5563186372134798,0.07567938983368708,0.29373499718648144,0.07426697576635169,9.058600308929453e-19
2021-02-19,-0.001858012955620388,0.0,0.5563186372134798,0.07567938983368708,0.29373499718648144,0.07426697576635169,9.058600308929453e-19
2021-02-22,0.0025367527904447177,0.0,0.5563186372134798,0.07567938983368708,0.29373499718648144,0.07426697576635169,9.058600308929453e-19
2021-02-23,0.00039336215929369295,0.0,0.5563186372134798,0.07567938983368708,0.29373499718648144,0.07426697576635169,9.058600308929453e-19
2021-02-24,0.006995668776953639,0.0,0.5563186372134798,0.07567938983368708,0.29373499718648144,0.07426697576635169,9.058600308929453e-19
2021-02-25,-0.020237805365533008,0.0,0.5563186372134798,0.07567938983368708,0.29373499718648144,0.07426697576635169,9.058600308929453e-19
2021-02-26,-0.009479548534455352,0.0,0.5563186372134798,0.07567938983368708,0.29373499718648144,0.07426697576635169,9.058600308929453e-19
2021-03-01,0.010701073866182844,0.0,0.5563186372134798,0.07567938983368708,0.29373499718648144,0.07426697576635169,9.058600308929453e-19
2021-03-02,-0.0037049566966757897,0.0,0.5563186372134798,0.07567938983368708,0.29373499718648144,0.07426697576635169,9.058600308929453e-19
2021-03-03,-0.009443887629475598,0.0,0.5563186372134798,0.07567938983368708,0.29373499718648144,0.07426697576635169,9.058600308929453e-19
2021-03-04,-0.006777602225039195,0.0,0.5563186372134798,0.07567938983368708,0.29373499718648144,0.07426697576635169,9.058600308929453e-19
2021-03-05,0.012928589002207488,0.0,0.5563186372134798,0.07567938983368708,0.29373499718648144,0.07426697576635169,9.058600308929453e-19
2021-03-08,-0.007974706213256638,0.0,0.5563186372134798,0.07567938983368708,0.29373499718648144,0.07426697576635169,9.058600308929453e-19
2021-03-09,0.014573919293061628,0.0,0.5563186372134798,0.07567938983368708,0.29373499718648144,0.07426697576635169,9.058600308929453e-19
2021-03-10,0.006197393203656098,0.0,0.5563186372134798,0.07567938983368708,0.29373499718648144,0.07426697576635169,9.058600308929453e-19
2021-03-11,0.006300493789193694,0.0,0.5563186372134798,0.07567938983368708,0.29373499718648144,0.07426697576635169,9.058600308929453e-19
2021-03-12,-0.0013276016319390582,0.0,0.5563186372134798,0.07567938983368708,0.29373499718648144,0.07426697576635169,9.058600308929453e-19
2021-03-15,0.0049033556254723665,0.0,0.5563186372134798,0.07567938983368708,0.29373499718648144,0.07426697576635169,9.058600308929453e-19
2021-03-16,-0.0014557502565329145,0.0,0.5563186372134798,0.07567938983368708,0.29373499718648144,0.07426697576635169,9.058600308929453e-19
2021-03-17,0.0034124434173774115,0.0,0.5563186372134798,0.07567938983368708,0.29373499718648144,0.07426697576635169,9.058600308929453e-19
2021-03-18,-0.016244872086820468,0.0,0.5563186372134798,0.07567938983368708,0.29373499718648144,0.07426697576635169,9.058600308929453e-19
2021-03-19,0.003054222819833353,0.0,0.5563186372134798,0.07567938983368708,0.29373499718648144,0.07426697576635169,9.058600308929453e-19
2021-03-22,0.004751618482298377,0.0,0.5563186372134798,0.07567938983368708,0.29373499718648144,0.07426697576635169,9.058600308929453e-19
2021-03-23,-0.010006489575816898,0.0,0.5563186372134798,0.07567938983368708,0.29373499718648144,0.07426697576635169,9.058600308929453e-19
2021-03-24,0.0025195037530869433,0.0,0.5563186372134798,0.07567938983368708,0.29373499718648144,0.07426697576635169,9.058600308929453e-19
2021-03-25,-0.0013294876465499111,0.0,0.5563186372134798,0.07567938983368708,0.29373499718648144,0.07426697576635169,9.058600308929453e-19
2021-03-26,0.012588739132288354,0.0,0.5563186372134798,0.07567938983368708,0.29373499718648144,0.07426697576635169,9.058600308929453e-19
2021-03-29,-0.0037204468801988653,0.0,0.5563186372134798,0.07567938983368708,0.29373499718648144,0.07426697576635169,9.058600308929453e-19
2021-03-30,-0.007428414310427671,0.0,0.5563186372134798,0.07567938983368708,0.29373499718648144,0.07426697576635169,9.058600308929453e-19
2021-03-31,0.005133483328306241,0.0,0.5563186372134798,0.07567938983368708,0.29373499718648144,0.07426697576635169,9.058600308929453e-19
2021-04-01,0.013373613300982275,0.0,0.5563186372134798,0.07567938983368708,0.29373499718648144,0.07426697576635169,9.058600308929453e-19
2021-04-05,0.004776744386921231,0.0,0.5563186372134798,0.07567938983368708,0.29373499718648144,0.07426697576635169,9.058600308929453e-19
2021-04-06,0.0033182908687347584,0.0,0.5563186372134798,0.07567938983368708,0.29373499718648144,0.07426697576635169,9.058600308929453e-19
2021-04-07,-0.0004191404913955057,0.0,0.5563186372134798,0.07567938983368708,0.29373499718648144,0.07426697576635169,9.058600308929453e-19
2021-04-08,0.006351036131518975,0.0,0.5563186372134798,0.07567938983368708,0.29373499718648144,0.07426697576635169,9.058600308929453e-19
2021-04-09,0.0012288268083574445,0.0,0.5563186372134798,0.07567938983368708,0.29373499718648144,0.07426697576635169,9.058600308929453e-19
2021-04-12,-0.0011361516384838703,0.0,0.5563186372134798,0.07567938983368708,0.29373499718648144,0.07426697576635169,9.058600308929453e-19
2021-04-13,0.005205376400654999,0.0,0.5563186372134798,0.07567938983368708,0.29373499718648144,0.07426697576635169,9.058600308929453e-19
2021-04-14,-0.000474552209714089,0.0,0.5563186372134798,0.07567938983368708,0.29373499718648144,0.07426697576635169,9.058600308929453e-19
2021-04-15,0.012387170475371617,0.0,0.5563186372134798,0.07567938983368708,0.29373499718648144,0.07426697576635169,9.058600308929453e-19
2021-04-16,0.002893566344135725,0.0,0.5563186372134798,0.07567938983368708,0.29373499718648144,0.07426697576635169,9.058600308929453e-19
2021-04-19,-0.0035219880281638105,0.0,0.5563186372134798,0.07567938983368708,0.29373499718648144,0.07426697576635169,9.058600308929453e-19
2021-04-20,-0.003673919205776594,0.0,0.5563186372134798,0.07567938983368708,0.29373499718648144,0.07426697576635169,9.058600308929453e-19
2021-04-21,0.006641581027698202,0.0,0.5563186372134798,0.07567938983368708,0.29373499718648144,0.07426697576635169,9.058600308929453e-19
2021-04-22,-0.0060860414342995325,0.0,0.5563186372134798,0.07567938983368708,0.29373499718648144,0.07426697576635169,9.058600308929453e-19
2021-04-23,0.005381291225606432,0.0,0.5563186372134798,0.07567938983368708,0.29373499718648144,0.07426697576635169,9.058600308929453e-19
2021-04-26,0.0016026883980634992,0.0,0.5563186372134798,0.07567938983368708,0.29373499718648144,0.07426697576635169,9.058600308929453e-19
2021-04-27,-0.00015091765499061,0.0,0.5563186372134798,0.07567938983368708,0.29373499718648144,0.07426697576635169,9.058600308929453e-19
2021-04-28,0.0014775555641130139,0.0,0.5563186372134798,0.07567938983368708,0.29373499718648144,0.07426697576635169,9.058600308929453e-19
2021-04-29,0.003352776479987562,0.0,0.5563186372134798,0.07567938983368708,0.29373499718648144,0.07426697576635169,9.058600308929453e-19
2021-04-30,-0.006130949904745067,0.0,0.5563186372134798,0.07567938983368708,0.29373499718648144,0.07426697576635169,9.058600308929453e-19
2021-05-03,0.0062761537125686,0.0,0.5563186372134798,0.07567938983368708,0.29373499718648144,0.07426697576635169,9.058600308929453e-19
2021-05-04,-0.0035686315045083085,0.0,0.5563186372134798,0.07567938983368708,0.29373499718648144,0.07426697576635169,9.058600308929453e-19
2021-05-05,0.0011678146527748785,0.0,0.5563186372134798,0.07567938983368708,0.29373499718648144,0.07426697576635169,9.058600308929453e-19
2021-05-06,0.009050860561277704,0.0,0.5563186372134798,0.07567938983368708,0.29373499718648144,0.07426697576635169,9.058600308929453e-19
2021-05-07,0.006351749706914831,0.0,0.5563186372134798,0.07567938983368708,0.29373499718648144,0.07426697576635169,9.058600308929453e-19
2021-05-10,-0.0053015845139872545,0.0,0.5563186372134798,0.07567938983368708,0.29373499718648144,0.07426697576635169,9.058600308929453e-19
2021-05-11,-0.004690913598109985,0.0,0.5563186372134798,0.07567938983368708,0.29373499718648144,0.07426697576635169,9.058600308929453e-19
2021-05-12,-0.01495292660470508,0.0,0.5563186372134798,0.07567938983368708,0.29373499718648144,0.07426697576635169,9.058600308929453e-19
2021-05-13,0.005690761026179156,0.0,0.5563186372134798,0.07567938983368708,0.29373499718648144,0.07426697576635169,9.058600308929453e-19
2021-05-14,0.013453467534815697,0.0,0.5563186372134798,0.07567938983368708,0.29373499718648144,0.07426697576635169,9.058600308929453e-19
2021-05-17,0.0029727890524407293,0.0,0.5563186372134798,0.07567938983368708,0.29373499718648144,0.07426697576635169,9.058600308929453e-19
2021-05-18,-0.005315025661918934,0.0,0.5563186372134798,0.07567938983368708,0.29373499718648144,0.07426697576635169,9.058600308929453e-19
2021-05-19,-0.003775467641931216,0.0,0.5563186372134798,0.07567938983368708,0.29373499718648144,0.07426697576635169,9.058600308929453e-19
2021-05-20,0.006324473445736234,0.0,0.5563186372134798,0.07567938983368708,0.29373499718648144,0.07426697576635169,9.058600308929453e-19
2021-05-21,0.002053740119868743,0.0,0.5563186372134798,0.07567938983368708,0.29373499718648144,0.07426697576635169,9.058600308929453e-19
2021-05-24,0.008712199215003867,0.0,0.5563186372134798,0.07567938983368708,0.29373499718648144,0.07426697576635169,9.058600308929453e-19
2021-05-25,0.001966684146932338,0.0,0.5563186372134798,0.07567938983368708,0.29373499718648144,0.07426697576635169,9.058600308929453e-19
2021-05-26,0.0009251142490632426,0.0,0.5563186372134798,0.07567938983368708,0.29373499718648144,0.07426697576635169,9.058600308929453e-19
2021-05-27,0.0006785638088257565,0.0,0.5563186372134798,0.07567938983368708,0.29373499718648144,0.07426697576635169,9.058600308929453e-19
2021-05-28,0.0017703238837350112,0.0,0.5563186372134798,0.07567938983368708,0.29373499718648144,0.07426697576635169,9.058600308929453e-19
2021-06-01,0.00019045175711921662,0.0,0.5563186372134798,0.07567938983368708,0.29373499718648144,0.07426697576635169,9.058600308929453e-19
2021-06-02,0.003400426559129456,0.0,0.5563186372134798,0.07567938983368708,0.29373499718648144,0.07426697576635169,9.058600308929453e-19
2021-06-03,-0.00798875395210156,0.0,0.5563186372134798,0.07567938983368708,0.29373499718648144,0.07426697576635169,9.058600308929453e-19
2021-06-04,0.009750321961066498,0.0,0.5563186372134798,0.07567938983368708,0.29373499718648144,0.07426697576635169,9.058600308929453e-19
2021-06-07,0.0004205769023552918,0.0,0.5563186372134798,0.07567938983368708,0.29373499718648144,0.07426697576635169,9.058600308929453e-19
2021-06-08,0.0007005972489451055,0.0,0.5563186372134798,0.07567938983368708,0.29373499718648144,0.07426697576635169,9.058600308929453e-19
2021-06-09,-0.0011904161125633193,0.0,0.5563186372134798,0.07567938983368708,0.29373499718648144,0.07426697576635169,9.058600308929453e-19
2021-06-10,0.004691418467565251,0.0,0.5563186372134798,0.07567938983368708,0.29373499718648144,0.07426697576635169,9.058600308929453e-19
2021-06-11,-0.002135261664406153,0.0,0.5563186372134798,0.07567938983368708,0.29373499718648144,0.07426697576635169,9.058600308929453e-19
2021-06-14,-0.0006693841219835723,0.0,0.5563186372134798,0.07567938983368708,0.29373499718648144,0.07426697576635169,9.058600308929453e-19
2021-06-15,-0.0012065792740509917,0.0,0.5563186372134798,0.07567938983368708,0.29373499718648144,0.07426697576635169,9.058600308929453e-19
2021-06-16,-0.008481078011359383,0.0,0.5563186372134798,0.07567938983368708,0.29373499718648144,0.07426697576635169,9.058600308929453e-19
2021-06-17,-0.009162576865323901,0.0,0.5563186372134798,0.07567938983368708,0.29373499718648144,0.07426697576635169,9.058600308929453e-19
2021-06-18,-0.0072164271488428435,0.0,0.5563186372134798,0.07567938983368708,0.29373499718648144,0.07426697576635169,9.058600308929453e-19
2021-06-21,0.011830344212988734,0.0,0.5563186372134798,0.07567938983368708,0.29373499718648144,0.07426697576635169,9.058600308929453e-19
2021-06-22,0.002017752273107549,0.0,0.5563186372134798,0.07567938983368708,0.29373499718648144,0.07426697576635169,9.058600308929453e-19
2021-06-23,-0.000609106896498332,0.0,0.5563186372134798,0.07567938983368708,0.29373499718648144,0.07426697576635169,9.058600308929453e-19
2021-06-24,0.003415164082174812,0.0,0.5563186372134798,0.07567938983368708,0.29373499718648144,0.07426697576635169,9.058600308929453e-19
2021-06-25,0.0027740742866531978,0.0,0.5563186372134798,0.07567938983368708,0.29373499718648144,0.07426697576635169,9.058600308929453e-19
2021-06-28,0.0008326703162550263,0.0,0.5563186372134798,0.07567938983368708,0.29373499718648144,0.07426697576635169,9.058600308929453e-19
2021-06-29,-0.002135164675462237,0.0,0.5563186372134798,0.07567938983368708,0.29373499718648144,0.07426697576635169,9.058600308929453e-19
2021-06-30,0.002215940168249925,0.0,0.5563186372134798,0.07567938983368708,0.29373499718648144,0.07426697576635169,9.058600308929453e-19
2021-07-01,0.005197090493948555,0.0,0.5563186372134798,0.07567938983368708,0.29373499718648144,0.07426697576635169,9.058600308929453e-19
2021-07-02,0.007090046938554461,0.0,0.5563186372134798,0.07567938983368708,0.29373499718648144,0.07426697576635169,9.058600308929453e-19
2021-07-06,-0.0001709588874053922,0.0,0.5563186372134798,0.07567938983368708,0.29373499718648144,0.07426697576635169,9.058600308929453e-19
2021-07-07,0.0019092916042557743,0.0,0.5563186372134798,0.07567938983368708,0.29373499718648144,0.07426697576635169,9.058600308929453e-19
2021-07-08,-0.003115394620498979,0.0,0.5563186372134798,0.07567938983368708,0.29373499718648144,0.07426697576635169,9.058600308929453e-19
2021-07-09,0.007184518324199604,0.0,0.5563186372134798,0.07567938983368708,0.29373499718648144,0.07426697576635169,9.058600308929453e-19
2021-07-12,0.0013827409617202186,0.0,0.5563186372134798,0.07567938983368708,0.29373499718648144,0.07426697576635169,9.058600308929453e-19
2021-07-13,-0.0008533118084593912,0.0,0.5563186372134798,0.07567938983368708,0.29373499718648144,0.07426697576635169,9.058600308929453e-19
2021-07-14,0.002743876547030577,0.0,0.5563186372134798,0.07567938983368708,0.29373499718648144,0.07426697576635169,9.058600308929453e-19
2021-07-15,-0.0019999286516131486,0.0,0.5563186372134798,0.07567938983368708,0.29373499718648144,0.07426697576635169,9.058600308929453e-19
2021-07-16,-0.0072053026709888585,0.0,0.5563186372134798,0.07567938983368708,0.29373499718648144,0.07426697576635169,9.058600308929453e-19
2021-07-19,-0.011196759285045823,0.0,0.5563186372134798,0.07567938983368708,0.29373499718648144,0.07426697576635169,9.058600308929453e-19
2021-07-20,0.00794718671087993,0.0,0.5563186372134798,0.07567938983368708,0.29373499718648144,0.07426697576635169,9.058600308929453e-19
2021-07-21,0.005263501925203091,0.0,0.5563186372134798,0.07567938983368708,0.29373499718648144,0.07426697576635169,9.058600308929453e-19
2021-07-22,0.003839475345005641,0.0,0.5563186372134798,0.07567938983368708,0.29373499718648144,0.07426697576635169,9.058600308929453e-19
2021-07-23,0.004749630404658219,0.0,0.5563186372134798,0.07567938983368708,0.29373499718648144,0.07426697576635169,9.058600308929453e-19
2021-07-26,0.0007446175435959513,0.0,0.5563186372134798,0.07567938983368708,0.29373499718648144,0.07426697576635169,9.058600308929453e-19
2021-07-27,-0.0015378101347281797,0.0,0.5563186372134798,0.07567938983368708,0.29373499718648144,0.07426697576635169,9.058600308929453e-19
2021-07-28,0.0016345803452704523,0.0,0.5563186372134798,0.07567938983368708,0.29373499718648144,0.07426697576635169,9.058600308929453e-19
2021-07-29,0.006523634698426786,0.0,0.5563186372134798,0.07567938983368708,0.29373499718648144,0.07426697576635169,9.058600308929453e-19
2021-07-30,-0.0046329995002261865,0.0,0.5563186372134798,0.07567938983368708,0.29373499718648144,0.07426697576635169,9.058600308929453e-19
2021-08-02,-0.003025093350124355,0.0,0.5563186372134798,0.07567938983368708,0.29373499718648144,0.07426697576635169,9.058600308929453e-19
2021-08-03,0.003859985610047189,0.0,0.5563186372134798,0.07567938983368708,0.29373499718648144,0.07426697576635169,9.058600308929453e-19
2021-08-04,-0.005020068311967005,0.0,0.5563186372134798,0.07567938983368708,0.29373499718648144,0.07426697576635169,9.058600308929453e-19
2021-08-05,0.0033926516386774794,0.0,0.5563186372134798,0.07567938983368708,0.29373499718648144,0.07426697576635169,9.058600308929453e-19
2021-08-06,-0.00850373182263673,0.0,0.5563186372134798,0.07567938983368708,0.29373499718648144,0.07426697576635169,9.058600308929453e-19
2021-08-09,-0.007448011590611677,0.0,0.5563186372134798,0.07567938983368708,0.29373499718648144,0.07426697576635169,9.058600308929453e-19
2021-08-10,0.0021544589756879303,0.0,0.5563186372134798,0.07567938983368708,0.29373499718648144,0.07426697576635169,9.058600308929453e-19
2021-08-11,0.006350778997531754,0.0,0.5563186372134798,0.07567938983368708,0.29373499718648144,0.07426697576635169,9.058600308929453e-19
2021-08-12,0.0013074782711726576,0.0,0.5563186372134798,0.07567938983368708,0.29373499718648144,0.07426697576635169,9.058600308929453e-19
2021-08-13,0.005381386472971662,0.0,0.5563186372134798,0.07567938983368708,0.29373499718648144,0.07426697576635169,9.058600308929453e-19
2021-08-16,0.002347870325210935,0.0,0.5563186372134798,0.07567938983368708,0.29373499718648144,0.07426697576635169,9.058600308929453e-19
2021-08-17,-0.0048427172746197756,0.0,0.5563186372134798,0.07567938983368708,0.29373499718648144,0.07426697576635169,9.058600308929453e-19
2021-08-18,-0.007487386492456245,0.0,0.5563186372134798,0.07567938983368708,0.29373499718648144,0.07426697576635169,9.058600308929453e-19
2021-08-19,-0.0004732381971782242,0.0,0.5563186372134798,0.07567938983368708,0.29373499718648144,0.07426697576635169,9.058600308929453e-19
2021-08-20,0.0024127720844457756,0.0,0.5563186372134798,0.07567938983368708,0.29373499718648144,0.07426697576635169,9.058600308929453e-19
2021-08-23,0.012558801409347084,0.0,0.5563186372134798,0.07567938983368708,0.29373499718648144,0.07426697576635169,9.058600308929453e-19
2021-08-24,0.002617289240043535,0.0,0.5563186372134798,0.07567938983368708,0.29373499718648144,0.07426697576635169,9.058600308929453e-19
2021-08-25,-0.0008091302315255022,0.0,0.5563186372134798,0.07567938983368708,0.29373499718648144,0.07426697576635169,9.058600308929453e-19
2021-08-26,-0.0032538726804907814,0.0,0.5563186372134798,0.07567938983368708,0.29373499718648144,0.07426697576635169,9.058600308929453e-19
2021-08-27,0.010951592849616422,0.0,0.5563186372134798,0.07567938983368708,0.29373499718648144,0.07426697576635169,9.058600308929453e-19
2021-08-30,0.0015796890378209705,0.0,0.5563186372134798,0.07567938983368708,0.29373499718648144,0.07426697576635169,9.058600308929453e-19
2021-08-31,-0.001301966418356829,0.0,0.5563186372134798,0.07567938983368708,0.29373499718648144,0.07426697576635169,9.058600308929453e-19
2021-09-01,0.00026972268750782467,0.0,0.5563186372134798,0.07567938983368708,0.29373499718648144,0.07426697576635169,9.058600308929453e-19
2021-09-02,0.002843570663926571,0.0,0.5563186372134798,0.07567938983368708,0.29373499718648144,0.07426697576635169,9.058600308929453e-19
2021-09-03,0.0018779325971494986,0.0,0.5563186372134798,0.07567938983368708,0.29373499718648144,0.07426697576635169,9.058600308929453e-19
2021-09-07,-0.009326278568996616,0.0,0.5563186372134798,0.07567938983368708,0.29373499718648144,0.07426697576635169,9.058600308929453e-19
2021-09-08,-4.804542675506144e-05,0.0,0.5563186372134798,0.07567938983368708,0.29373499718648144,0.07426697576635169,9.058600308929453e-19
2021-09-09,-0.0014499918987717802,0.0,0.5563186372134798,0.07567938983368708,0.29373499718648144,0.07426697576635169,9.058600308929453e-19
2021-09-10,-0.004906257574855886,0.0,0.5563186372134798,0.07567938983368708,0.29373499718648144,0.07426697576635169,9.058600308929453e-19
2021-09-13,0.0039015785503293586,0.0,0.5563186372134798,0.07567938983368708,0.29373499718648144,0.07426697576635169,9.058600308929453e-19
2021-09-14,-0.0004485792528710498,0.0,0.5563186372134798,0.07567938983368708,0.29373499718648144,0.07426697576635169,9.058600308929453e-19
2021-09-15,0.0047370266744346,0.0,0.5563186372134798,0.07567938983368708,0.29373499718648144,0.07426697576635169,9.058600308929453e-19
2021-09-16,-0.007864761817048972,0.0,0.5563186372134798,0.07567938983368708,0.29373499718648144,0.07426697576635169,9.058600308929453e-19
2021-09-17,-0.006804851392558901,0.0,0.5563186372134798,0.07567938983368708,0.29373499718648144,0.07426697576635169,9.058600308929453e-19
2021-09-20,-0.0073017097684709275,0.0,0.5563186372134798,0.07567938983368708,0.29373499718648144,0.07426697576635169,9.058600308929453e-19
2021-09-21,0.001338273410303995,0.0,0.5563186372134798,0.07567938983368708,0.29373499718648144,0.07426697576635169,9.058600308929453e-19
2021-09-22,0.006129479595111659,0.0,0.5563186372134798,0.07567938983368708,0.29373499718648144,0.07426697576635169,9.058600308929453e-19
2021-09-23,0.0029817253803218085,0.0,0.5563186372134798,0.07567938983368708,0.29373499718648144,0.07426697576635169,9.058600308929453e-19
2021-09-24,0.00043553519158038824,0.0,0.5563186372134798,0.07567938983368708,0.29373499718648144,0.07426697576635169,9.058600308929453e-19
2021-09-27,0.0003038611857651991,0.0,0.5563186372134798,0.07567938983368708,0.29373499718648144,0.07426697576635169,9.058600308929453e-19
2021-09-28,-0.01595960874871149,0.0,0.5563186372134798,0.07567938983368708,0.29373499718648144,0.07426697576635169,9.058600308929453e-19
2021-09-29,-0.0003688125941345413,0.0,0.5563186372134798,0.07567938983368708,0.29373499718648144,0.07426697576635169,9.058600308929453e-19
2021-09-30,-0.0011889938752723318,0.0,0.5563186372134798,0.07567938983368708,0.29373499718648144,0.07426697576635169,9.058600308929453e-19
2021-10-01,0.008899081314071302,0.0,0.5563186372134798,0.07567938983368708,0.29373499718648144,0.07426697576635169,9.058600308929453e-19
2021-10-04,-0.0042775923051467666,0.0,0.5563186372134798,0.07567938983368708,0.29373499718648144,0.07426697576635169,9.058600308929453e-19
2021-10-05,0.005243711576063948,0.0,0.5563186372134798,0.07567938983368708,0.29373499718648144,0.07426697576635169,9.058600308929453e-19
2021-10-06,0.0015617044194706623,0.0,0.5563186372134798,0.07567938983368708,0.29373499718648144,0.07426697576635169,9.058600308929453e-19
2021-10-07,0.004115287378975065,0.0,0.5563186372134798,0.07567938983368708,0.29373499718648144,0.07426697576635169,9.058600308929453e-19
2021-10-08,-0.0012713972532028862,0.0,0.5563186372134798,0.07567938983368708,0.29373499718648144,0.07426697576635169,9.058600308929453e-19
2021-10-11,-0.003823415735507832,0.0,0.5563186372134798,0.07567938983368708,0.29373499718648144,0.07426697576635169,9.058600308929453e-19
2021-10-12,0.0011581272752936302,0.0,0.5563186372134798,0.07567938983368708,0.29373499718648144,0.07426697576635169,9.058600308929453e-19
2021-10-13,0.008030565769416142,0.0,0.5563186372134798,0.07567938983368708,0.29373499718648144,0.07426697576635169,9.058600308929453e-19
2021-10-14,0.011217040894459242,0.0,0.5563186372134798,0.07567938983368708,0.29373499718648144,0.07426697576635169,9.058600308929453e-19
2021-10-15,-0.00042801794918735116,0.0,0.5563186372134798,0.07567938983368708,0.29373499718648144,0.07426697576635169,9.058600308929453e-19
2021-10-18,0.0010264463666710634,0.0,0.5563186372134798,0.07567938983368708,0.29373499718648144,0.07426697576635169,9.058600308929453e-19
2021-10-19,0.004791679428236739,0.0,0.5563186372134798,0.07567938983368708,0.29373499718648144,0.07426697576635169,9.058600308929453e-19
2021-10-20,0.005153993083502607,0.0,0.5563186372134798,0.07567938983368708,0.29373499718648144,0.07426697576635169,9.058600308929453e-19
2021-10-21,0.00018956198680029012,0.0,0.5563186372134798,0.07567938983368708,0.29373499718648144,0.07426697576635169,9.058600308929453e-19
2021-10-22,0.00285580875031845,0.0,0.5563186372134798,0.07567938983368708,0.29373499718648144,0.07426697576635169,9.058600308929453e-19
2021-10-25,0.004642933074929831,0.0,0.5563186372134798,0.07567938983368708,0.29373499718648144,0.07426697576635169,9.058600308929453e-19
2021-10-26,-0.00025073003709796034,0.0,0.5563186372134798,0.07567938983368708,0.29373499718648144,0.07426697576635169,9.058600308929453e-19
2021-10-27,-0.0022864227735511088,0.0,0.5563186372134798,0.07567938983368708,0.29373499718648144,0.07426697576635169,9.058600308929453e-19
2021-10-28,0.005694422341516519,0.0,0.5563186372134798,0.07567938983368708,0.29373499718648144,0.07426697576635169,9.058600308929453e-19
2021-10-29,-0.0014623079073921418,0.0,0.5563186372134798,0.07567938983368708,0.29373499718648144,0.07426697576635169,9.058600308929453e-19
2021-11-01,0.002439367770876538,0.0,0.5563186372134798,0.07567938983368708,0.29373499718648144,0.07426697576635169,9.058600308929453e-19
2021-11-02,0.0019538690857740394,0.0,0.5563186372134798,0.07567938983368708,0.29373499718648144,0.07426697576635169,9.058600308929453e-19
2021-11-03,-0.002655212690596033,0.0,0.5563186372134798,0.07567938983368708,0.29373499718648144,0.07426697576635169,9.058600308929453e-19
2021-11-04,0.006184616221328746,0.0,0.5563186372134798,0.07567938983368708,0.29373499718648144,0.07426697576635169,9.058600308929453e-19
2021-11-05,0.009103362758725472,0.0,0.5563186372134798,0.07567938983368708,0.29373499718648144,0.07426697576635169,9.058600308929453e-19
2021-11-08,0.002097197890944291,0.0,0.5563186372134798,0.07567938983368708,0.29373499718648144,0.07426697576635169,9.058600308929453e-19
2021-11-09,0.0017386514762703135,0.0,0.5563186372134798,0.07567938983368708,0.29373499718648144,0.07426697576635169,9.058600308929453e-19
2021-11-10,-0.004783365547746507,0.0,0.5563186372134798,0.07567938983368708,0.29373499718648144,0.07426697576635169,9.058600308929453e-19
2021-11-11,0.0015811997128623821,0.0,0.5563186372134798,0.07567938983368708,0.29373499718648144,0.07426697576635169,9.058600308929453e-19
2021-11-12,0.004105793348231664,0.0,0.5563186372134798,0.07567938983368708,0.29373499718648144,0.07426697576635169,9.058600308929453e-19
2021-11-15,-0.0010950001151907496,0.0,0.5563186372134798,0.07567938983368708,0.29373499718648144,0.07426697576635169,9.058600308929453e-19
2021-11-16,5.664372826657396e-05,0.0,0.5563186372134798,0.07567938983368708,0.29373499718648144,0.07426697576635169,9.058600308929453e-19
2021-11-17,0.00034645855489678847,0.0,0.5563186372134798,0.07567938983368708,0.29373499718648144,0.07426697576635169,9.058600308929453e-19
2021-11-18,0.0019741517613581314,0.0,0.5563186372134798,0.07567938983368708,0.29373499718648144,0.07426697576635169,9.058600308929453e-19
2021-11-19,-0.0048081467850993815,0.0,0.5563186372134798,0.07567938983368708,0.29373499718648144,0.07426697576635169,9.058600308929453e-19
2021-11-22,-0.00811416533268365,0.0,0.5563186372134798,0.07567938983368708,0.29373499718648144,0.07426697576635169,9.058600308929453e-19
2021-11-23,-0.0005112539841102815,0.0,0.5563186372134798,0.07567938983368708,0.29373499718648144,0.07426697576635169,9.058600308929453e-19
2021-11-24,0.0019965312634510264,0.0,0.5563186372134798,0.07567938983368708,0.29373499718648144,0.07426697576635169,9.058600308929453e-19
2021-11-26,-0.01927644734292646,0.0,0.5563186372134798,0.07567938983368708,0.29373499718648144,0.07426697576635169,9.058600308929453e-19
2021-11-29,0.0066190056917241,0.0,0.5563186372134798,0.07567938983368708,0.29373499718648144,0.07426697576635169,9.058600308929453e-19
2021-11-30,-0.014994104547680655,0.0,0.5563186372134798,0.07567938983368708,0.29373499718648144,0.07426697576635169,9.058600308929453e-19
2021-12-01,-0.0058893923616863296,0.0,0.5563186372134798,0.07567938983368708,0.29373499718648144,0.07426697576635169,9.058600308929453e-19
2021-12-02,0.008962255975712517,0.0,0.5563186372134798,0.07567938983368708,0.29373499718648144,0.07426697576635169,9.058600308929453e-19
2021-12-03,-0.0019128181161879563,0.0,0.5563186372134798,0.07567938983368708,0.29373499718648144,0.07426697576635169,9.058600308929453e-19
2021-12-06,0.008709933170258654,0.0,0.5563186372134798,0.07567938983368708,0.29373499718648144,0.07426697576635169,9.058600308929453e-19
2021-12-07,0.013526512021698247,0.0,0.5563186372134798,0.07567938983368708,0.29373499718648144,0.07426697576635169,9.058600308929453e-19
2021-12-08,0.0015182524038191226,0.0,0.5563186372134798,0.07567938983368708,0.29373499718648144,0.07426697576635169,9.058600308929453e-19
2021-12-09,-0.0071112052721609455,0.0,0.5563186372134798,0.07567938983368708,0.29373499718648144,0.07426697576635169,9.058600308929453e-19
2021-12-10,0.0077639116893239365,0.0,0.5563186372134798,0.07567938983368708,0.29373499718648144,0.07426697576635169,9.058600308929453e-19
2021-12-13,-0.0039110755014018705,0.0,0.5563186372134798,0.07567938983368708,0.29373499718648144,0.07426697576635169,9.058600308929453e-19
2021-12-14,-0.007502505917442264,0.0,0.5563186372134798,0.07567938983368708,0.29373499718648144,0.07426697576635169,9.058600308929453e-19
2021-12-15,0.010245851077888973,0.0,0.5563186372134798,0.07567938983368708,0.29373499718648144,0.07426697576635169,9.058600308929453e-19
2021-12-16,-0.0009633576664729955,0.0,0.5563186372134798,0.07567938983368708,0.29373499718648144,0.07426697576635169,9.058600308929453e-19
2021-12-17,-0.007252775151881099,0.0,0.5563186372134798,0.07567938983368708,0.29373499718648144,0.07426697576635169,9.058600308929453e-19
2021-12-20,-0.009012378802378465,0.0,0.5563186372134798,0.07567938983368708,0.29373499718648144,0.07426697576635169,9.058600308929453e-19
2021-12-21,0.011953955782598665,0.0,0.5563186372134798,0.07567938983368708,0.29373499718648144,0.07426697576635169,9.058600308929453e-19
2021-12-22,0.009984267115294508,0.0,0.5563186372134798,0.07567938983368708,0.29373499718648144,0.07426697576635169,9.058600308929453e-19
2021-12-23,0.004386691436477199,0.0,0.5563186372134798,0.07567938983368708,0.29373499718648144,0.07426697576635169,9.058600308929453e-19
2021-12-27,0.010694835672226927,0.0,0.5563186372134798,0.07567938983368708,0.29373499718648144,0.07426697576635169,9.058600308929453e-19
2021-12-28,-0.0018161992517806492,0.0,0.5563186372134798,0.07567938983368708,0.29373499718648144,0.07426697576635169,9.058600308929453e-19
2021-12-29,0.0003547867349089532,0.0,0.5563186372134798,0.07567938983368708,0.29373499718648144,0.07426697576635169,9.058600308929453e-19
2021-12-30,0.001231799036481707,0.0,0.5563186372134798,0.07567938983368708,0.29373499718648144,0.07426697576635169,9.058600308929453e-19
2021-12-31,-0.00024430663672340427,0.0,0.5563186372134798,0.07567938983368708,0.29373499718648144,0.07426697576635169,9.058600308929453e-19
2022-01-03,-0.002642066737482471,0.0,0.5563186372134798,0.07567938983368708,0.29373499718648144,0.07426697576635169,9.058600308929453e-19
2022-01-04,0.002692147701888488,0.0,0.5563186372134798,0.07567938983368708,0.29373499718648144,0.07426697576635169,9.058600308929453e-19
2022-01-05,-0.012190506882457252,0.0,0.5563186372134798,0.07567938983368708,0.29373499718648144,0.07426697576635169,9.058600308929453e-19
2022-01-06,-0.001967137381775696,0.0,0.5563186372134798,0.07567938983368708,0.29373499718648144,0.07426697576635169,9.058600308929453e-19
2022-01-07,-0.0016936816372313782,0.0,0.5563186372134798,0.07567938983368708,0.29373499718648144,0.07426697576635169,9.058600308929453e-19
2022-01-10,-0.0002814311478010938,0.0,0.5563186372134798,0.07567938983368708,0.29373499718648144,0.07426697576635169,9.058600308929453e-19
2022-01-11,0.011759797646108648,0.0,0.5563186372134798,0.07567938983368708,0.29373499718648144,0.07426697576635169,9.058600308929453e-19
2022-01-12,0.0029480976988488844,0.0,0.5563186372134798,0.07567938983368708,0.29373499718648144,0.07426697576635169,9.058600308929453e-19
2022-01-13,-0.008797915012118764,0.0,0.5563186372134798,0.07567938983368708,0.29373499718648144,0.07426697576635169,9.058600308929453e-19
2022-01-14,0.0004049033605845923,0.0,0.5563186372134798,0.07567938983368708,0.29373499718648144,0.07426697576635169,9.058600308929453e-19
2022-01-18,-0.010163634804127644,0.0,0.5563186372134798,0.07567938983368708,0.29373499718648144,0.07426697576635169,9.058600308929453e-19
2022-01-19,-0.0004905017374027401,0.0,0.5563186372134798,0.07567938983368708,0.29373499718648144,0.07426697576635169,9.058600308929453e-19
2022-01-20,-0.006899057243851929,0.0,0.5563186372134798,0.07567938983368708,0.29373499718648144,0.07426697576635169,9.058600308929453e-19
2022-01-21,-0.010831315225054006,0.0,0.5563186372134798,0.07567938983368708,0.29373499718648144,0.07426697576635169,9.058600308929453e-19
2022-01-24,0.0025360413836790596,0.0,0.5563186372134798,0.07567938983368708,0.29373499718648144,0.07426697576635169,9.058600308929453e-19
2022-01-25,-0.004912559020777626,0.0,0.5563186372134798,0.07567938983368708,0.29373499718648144,0.07426697576635169,9.058600308929453e-19
2022-01-26,-0.006194745572981377,0.0,0.5563186372134798,0.07567938983368708,0.29373499718648144,0.07426697576635169,9.058600308929453e-19
2022-01-27,-0.004929262063267864,0.0,0.5563186372134798,0.07567938983368708,0.29373499718648144,0.07426697576635169,9.058600308929453e-19
2022-01-28,0.013098525607709965,0.0,0.5563186372134798,0.07567938983368708,0.29373499718648144,0.07426697576635169,9.058600308929453e-19
2022-01-31,0.011980045369075907,0.0,0.5563186372134798,0.07567938983368708,0.29373499718648144,0.07426697576635169,9.058600308929453e-19
2022-02-01,0.0038118561252617,0.0,0.5563186372134798,0.07567938983368708,0.29373499718648144,0.07426697576635169,9.058600308929453e-19
2022-02-02,0.006713751219355531,0.0,0.5563186372134798,0.07567938983368708,0.29373499718648144,0.07426697576635169,9.058600308929453e-19
2022-02-03,-0.012908536215794998,0.0,0.5563186372134798,0.07567938983368708,0.29373499718648144,0.07426697576635169,9.058600308929453e-19
2022-02-04,0.0035903572997749962,0.0,0.5563186372134798,0.07567938983368708,0.29373499718648144,0.07426697576635169,9.058600308929453e-19
2022-02-07,0.0001748223603029705,0.0,0.5563186372134798,0.07567938983368708,0.29373499718648144,0.07426697576635169,9.058600308929453e-19
2022-02-08,0.003752031167932341,0.0,0.5563186372134798,0.07567938983368708,0.29373499718648144,0.07426697576635169,9.058600308929453e-19
2022-02-09,0.009925225436926118,0.0,0.5563186372134798,0.07567938983368708,0.29373499718648144,0.07426697576635169,9.058600308929453e-19
2022-02-10,-0.012555574208967437,0.0,0.5563186372134798,0.07567938983368708,0.29373499718648144,0.07426697576635169,9.058600308929453e-19
2022-02-11,-0.0021837345741639474,0.0,0.5563186372134798,0.07567938983368708,0.29373499718648144,0.07426697576635169,9.058600308929453e-19
2022-02-14,-0.0004882150839494394,0.0,0.5563186372134798,0.07567938983368708,0.29373499718648144,0.07426697576635169,9.058600308929453e-19
2022-02-15,0.002994233893027911,0.0,0.5563186372134798,0.07567938983368708,0.29373499718648144,0.07426697576635169,9.058600308929453e-19
2022-02-16,0.003238006166178897,0.0,0.5563186372134798,0.07567938983368708,0.29373499718648144,0.07426697576635169,9.058600308929453e-19
2022-02-17,-0.006569783622704762,0.0,0.5563186372134798,0.07567938983368708,0.29373499718648144,0.07426697576635169,9.058600308929453e-19
2022-02-18,-0.002361170656756854,0.0,0.5563186372134798,0.07567938983368708,0.29373499718648144,0.07426697576635169,9.058600308929453e-19
2022-02-22,-0.0042418398084586514,0.0,0.5563186372134798,0.07567938983368708,0.29373499718648144,0.07426697576635169,9.058600308929453e-19
2022-02-23,-0.008794153549139061,0.0,0.5563186372134798,0.07567938983368708,0.29373499718648144,0.07426697576635169,9.058600308929453e-19
2022-02-24,0.006639323155864431,0.0,0.5563186372134798,0.07567938983368708,0.29373499718648144,0.07426697576635169,9.058600308929453e-19
2022-02-25,0.010747234731725364,0.0,0.5563186372134798,0.07567938983368708,0.29373499718648144,0.07426697576635169,9.058600308929453e-19
2022-02-28,0.005176295207767851,0.0,0.5563186372134798,0.07567938983368708,0.29373499718648144,0.07426697576635169,9.058600308929453e-19
2022-03-01,0.002513754132406968,0.0,0.5563186372134798,0.07567938983368708,0.29373499718648144,0.07426697576635169,9.058600308929453e-19
2022-03-02,0.008313145507080132,0.0,0.5563186372134798,0.07567938983368708,0.29373499718648144,0.07426697576635169,9.058600308929453e-19
2022-03-03,-0.0011263895604151565,0.0,0.5563186372134798,0.07567938983368708,0.29373499718648144,0.07426697576635169,9.058600308929453e-19
2022-03-04,0.006378231771373378,0.0,0.5563186372134798,0.07567938983368708,0.29373499718648144,0.07426697576635169,9.058600308929453e-19
2022-03-07,-0.009891733719730745,0.0,0.5563186372134798,0.07567938983368708,0.29373499718648144,0.07426697576635169,9.058600308929453e-19
2022-03-08,0.005816198015560392,0.0,0.5563186372134798,0.07567938983368708,0.29373499718648144,0.07426697576635169,9.058600308929453e-19
2022-03-09,-0.0032120721484580382,0.0,0.5563186372134798,0.07567938983368708,0.29373499718648144,0.07426697576635169,9.058600308929453e-19
2022-03-10,0.0002533586432391531,0.5272338830329794,0.10335172994685202,0.16111810306678187,0.3322984391491484,1.4591116133150496e-16,0.4032317278372176
2022-03-11,-0.0009693551586259911,0.0,0.10335172994685202,0.16111810306678187,0.3322984391491484,1.4591116133150496e-16,0.4032317278372176
2022-03-14,-0.009906107505315648,0.014194809140873326,0.08915692080597883,0.17531291220765519,0.3322984391491484,0.0,0.4032317278372176
2022-03-15,-0.005017629463783242,0.0,0.08915692080597883,0.17531291220765519,0.3322984391491484,0.0,0.4032317278372176
2022-03-16,0.0028823963951034454,0.0,0.08915692080597883,0.17531291220765519,0.3322984391491484,0.0,0.4032317278372176
2022-03-17,0.0005125460443029758,0.0,0.08915692080597883,0.17531291220765519,0.3322984391491484,0.0,0.4032317278372176
2022-03-18,0.0006580420701804183,0.0,0.08915692080597883,0.17531291220765519,0.3322984391491484,0.0,0.4032317278372176
2022-03-21,-1.0447538903001017e-05,0.0,0.08915692080597883,0.17531291220765519,0.3322984391491484,0.0,0.4032317278372176
2022-03-22,-0.00376525102694734,0.0,0.08915692080597883,0.17531291220765519,0.3322984391491484,0.0,0.4032317278372176
2022-03-23,0.007692015767572558,0.0,0.08915692080597883,0.17531291220765519,0.3322984391491484,0.0,0.4032317278372176
2022-03-24,0.002842169728722245,0.0,0.08915692080597883,0.17531291220765519,0.3322984391491484,0.0,0.4032317278372176
2022-03-25,-0.0032048161829210846,0.0,0.08915692080597883,0.17531291220765519,0.3322984391491484,0.0,0.4032317278372176
2022-03-28,-0.0026744020390944813,0.01407442072513481,0.07508250008084402,0.18938733293279,0.3322984391491484,0.0,0.4032317278372176
2022-03-29,7.216852502839712e-05,0.0,0.07508250008084402,0.18938733293279,0.3322984391491484,0.0,0.4032317278372176
2022-03-30,0.0015410413507361508,0.0,0.07508250008084402,0.18938733293279,0.3322984391491484,0.0,0.4032317278372176
2022-03-31,0.0011267244530062076,0.0,0.07508250008084402,0.18938733293279,0.3322984391491484,0.0,0.4032317278372176
2022-04-01,-0.0005683827068556488,0.0,0.07508250008084402,0.18938733293279,0.3322984391491484,0.0,0.4032317278372176
2022-04-04,0.004010726015687616,0.33229843914914836,0.4073809392299924,0.18938733293279,5.551115123125783e-17,0.0,0.4032317278372176
2022-04-05,-0.007290948259337179,0.0,0.4073809392299924,0.18938733293279,5.551115123125783e-17,0.0,0.4032317278372176
2022-04-06,-0.0053033739693853854,0.0,0.4073809392299924,0.18938733293279,5.551115123125783e-17,0.0,0.4032317278372176
2022-04-07,0.001383712997907283,0.0,0.4073809392299924,0.18938733293279,5.551115123125783e-17,0.0,0.4032317278372176
2022-04-08,-0.00314061694579461,0.0,0.4073809392299924,0.18938733293279,5.551115123125783e-17,0.0,0.4032317278372176
2022-04-11,-0.009052908111812202,0.0,0.4073809392299924,0.18938733293279,5.551115123125783e-17,0.0,0.4032317278372176
2022-04-12,-0.0004132214161076532,0.0,0.4073809392299924,0.18938733293279,5.551115123125783e-17,0.0,0.4032317278372176
2022-04-13,0.003397246945461745,0.0,0.4073809392299924,0.18938733293279,5.551115123125783e-17,0.0,0.4032317278372176
2022-04-14,-0.007057437146276188,0.0,0.4073809392299924,0.18938733293279,5.551115123125783e-17,0.0,0.4032317278372176
2022-04-18,0.0008796707550789633,0.0,0.4073809392299924,0.18938733293279,5.551115123125783e-17,0.0,0.4032317278372176
2022-04-19,0.006055555786527293,0.0,0.4073809392299924,0.18938733293279,5.551115123125783e-17,0.0,0.4032317278372176
2022-04-20,0.0006719793999808343,0.0,0.4073809392299924,0.18938733293279,5.551115123125783e-17,0.0,0.4032317278372176
2022-04-21,-0.006289751779207037,0.0,0.4073809392299924,0.18938733293279,5.551115123125783e-17,0.0,0.4032317278372176
2022-04-22,-0.009970822248640343,0.0,0.4073809392299924,0.18938733293279,5.551115123125783e-17,0.0,0.4032317278372176
2022-04-25,0.006193725202347953,0.0,0.4073809392299924,0.18938733293279,5.551115123125783e-17,0.0,0.4032317278372176
2022-04-26,-0.007369496036601255,0.0,0.4073809392299924,0.18938733293279,5.551115123125783e-17,0.0,0.4032317278372176
2022-04-27,0.0012228171516242183,0.0,0.4073809392299924,0.18938733293279,5.551115123125783e-17,0.0,0.4032317278372176
2022-04-28,0.0129167696233409,0.0,0.4073809392299924,0.18938733293279,5.551115123125783e-17,0.0,0.4032317278372176
2022-04-29,-0.01911450943355176,0.0,0.4073809392299924,0.18938733293279,5.551115123125783e-17,0.0,0.4032317278372176
2022-05-02,0.0012170867408614122,0.0,0.4073809392299924,0.18938733293279,5.551115123125783e-17,0.0,0.4032317278372176
2022-05-03,0.002416576646426102,0.0,0.4073809392299924,0.18938733293279,5.551115123125783e-17,0.0,0.4032317278372176
2022-05-04,0.010096630015652591,0.0,0.4073809392299924,0.18938733293279,5.551115123125783e-17,0.0,0.4032317278372176
2022-05-05,-0.01628732949501049,0.0,0.4073809392299924,0.18938733293279,5.551115123125783e-17,0.0,0.4032317278372176
2022-05-06,-0.004493415508708064,0.0,0.4073809392299924,0.18938733293279,5.551115123125783e-17,0.0,0.4032317278372176
2022-05-09,-0.011231603677501627,0.0,0.4073809392299924,0.18938733293279,5.551115123125783e-17,0.0,0.4032317278372176
2022-05-10,0.003531700633808914,0.0,0.4073809392299924,0.18938733293279,5.551115123125783e-17,0.0,0.4032317278372176
2022-05-11,-0.00238627696831936,0.0,0.4073809392299924,0.18938733293279,5.551115123125783e-17,0.0,0.4032317278372176
2022-05-12,0.002701315762971953,0.0,0.4073809392299924,0.18938733293279,5.551115123125783e-17,0.0,0.4032317278372176
2022-05-13,0.005790234058509565,0.0,0.4073809392299924,0.18938733293279,5.551115123125783e-17,0.0,0.4032317278372176
2022-05-16,-0.003434638380710427,0.0,0.4073809392299924,0.18938733293279,5.551115123125783e-17,0.0,0.4032317278372176
2022-05-17,0.0027625639203054247,0.0,0.4073809392299924,0.18938733293279,5.551115123125783e-17,0.0,0.4032317278372176
2022-05-18,-0.010341802824468675,0.0,0.4073809392299924,0.18938733293279,5.551115123125783e-17,0.0,0.4032317278372176
2022-05-19,-0.006252312892675572,0.0,0.4073809392299924,0.18938733293279,5.551115123125783e-17,0.0,0.4032317278372176
2022-05-20,0.0032078477893632937,0.0,0.4073809392299924,0.18938733293279,5.551115123125783e-17,0.0,0.4032317278372176
2022-05-23,0.0008454627378244248,0.0,0.4073809392299924,0.18938733293279,5.551115123125783e-17,0.0,0.4032317278372176
2022-05-24,0.0034665056361411276,0.267036080100734,0.14034485912925837,0.18938733293279003,0.26458767274176276,4.579539801136971e-19,0.4056801351961889
2022-05-25,0.0018843835877346447,0.0,0.14034485912925837,0.18938733293279003,0.26458767274176276,4.579539801136971e-19,0.4056801351961889
2022-05-26,0.00012116411225547965,0.0,0.14034485912925837,0.18938733293279003,0.26458767274176276,4.579539801136971e-19,0.4056801351961889
2022-05-27,0.0031512317525463217,0.0,0.14034485912925837,0.18938733293279003,0.26458767274176276,4.579539801136971e-19,0.4056801351961889
2022-05-31,-0.006666014089781441,0.0,0.14034485912925837,0.18938733293279003,0.26458767274176276,4.579539801136971e-19,0.4056801351961889
2022-06-01,0.0035714750629439345,0.006777164144219042,0.13356769498503937,0.18938733293279003,0.26458767274176276,9.167171492825824e-19,0.412457299340408
2022-06-02,0.0022882241050493812,0.0,0.13356769498503937,0.18938733293279003,0.26458767274176276,9.167171492825824e-19,0.412457299340408
2022-06-03,-0.003464452399492165,0.0,0.13356769498503937,0.18938733293279003,0.26458767274176276,9.167171492825824e-19,0.412457299340408
2022-06-06,-0.0033449076370433758,0.0,0.13356769498503937,0.18938733293279003,0.26458767274176276,9.167171492825824e-19,0.412457299340408
2022-06-07,0.004599067709669236,0.0,0.13356769498503937,0.18938733293279003,0.26458767274176276,9.167171492825824e-19,0.412457299340408
2022-06-08,-0.003947316713481086,0.17890104773529536,0.31246874272033465,0.18938733293278998,0.08568662500646745,1.0036182501180937e-18,0.41245729934040787
2022-06-09,-0.004063837387443048,0.0,0.31246874272033465,0.18938733293278998,0.08568662500646745,1.0036182501180937e-18,0.41245729934040787
2022-06-10,-0.005799061282267691,0.0,0.31246874272033465,0.18938733293278998,0.08568662500646745,1.0036182501180937e-18,0.41245729934040787
2022-06-13,-0.01606821238767005,0.0,0.31246874272033465,0.18938733293278998,0.08568662500646745,1.0036182501180937e-18,0.41245729934040787
2022-06-14,-0.003775666976512906,0.13672595110188493,0.1757427916184497,0.18938733293278998,0.21826632319208453,0.0,0.4166035522566757
2022-06-15,0.005632603765435811,0.0,0.1757427916184497,0.18938733293278998,0.21826632319208453,0.0,0.4166035522566757
2022-06-16,-0.00588468062309292,0.0,0.1757427916184497,0.18938733293278998,0.21826632319208453,0.0,0.4166035522566757
2022-06-17,0.003410097535140878,0.0,0.1757427916184497,0.18938733293278998,0.21826632319208453,0.0,0.4166035522566757
2022-06-21,-0.001092622085655848,0.0,0.1757427916184497,0.18938733293278998,0.21826632319208453,0.0,0.4166035522566757
2022-06-22,0.005161093429987361,0.0,0.1757427916184497,0.18938733293278998,0.21826632319208453,0.0,0.4166035522566757
2022-06-23,0.0017585333247848375,0.03964236493106629,0.13610042668738345,0.18938733293278998,0.2579086881231509,0.0,0.4166035522566757
2022-06-24,0.0005501525670711951,0.0,0.13610042668738345,0.18938733293278998,0.2579086881231509,0.0,0.4166035522566757
2022-06-27,-0.0031730184765738577,0.0,0.13610042668738345,0.18938733293278998,0.2579086881231509,0.0,0.4166035522566757
2022-06-28,8.031495690845325e-05,0.0,0.13610042668738345,0.18938733293278998,0.2579086881231509,0.0,0.4166035522566757
2022-06-29,0.005037518026323086,0.0,0.13610042668738345,0.18938733293278998,0.2579086881231509,0.0,0.4166035522566757
2022-06-30,-0.002524874986143991,0.08708371995083182,0.22318414663821515,0.18938733293279003,0.1708249681723191,7.030078518229386e-19,0.41660355225667584
2022-07-01,0.005503909084383588,0.0,0.22318414663821515,0.18938733293279003,0.1708249681723191,7.030078518229386e-19,0.41660355225667584
2022-07-05,0.00203839707713146,0.09476518752768857,0.1284189591105265,0.18938733293279003,0.2655901557000076,1.8993243053470894e-18,0.41660355225667584
2022-07-06,-0.005050202346264363,0.0,0.1284189591105265,0.18938733293279003,0.2655901557000076,1.8993243053470894e-18,0.41660355225667584
2022-07-07,0.0005498815477244091,0.0,0.1284189591105265,0.18938733293279003,0.2655901557000076,1.8993243053470894e-18,0.41660355225667584
2022-07-08,-0.002377738709862433,0.018928036836804274,0.10949092227372223,0.18938733293279003,0.2655901557000076,4.377705491572018e-19,0.4355315890934801
2022-07-11,0.005622029865703413,0.0,0.10949092227372223,0.18938733293279003,0.2655901557000076,4.377705491572018e-19,0.4355315890934801
2022-07-12,-0.0009813891912330375,0.0,0.10949092227372223,0.18938733293279003,0.2655901557000076,4.377705491572018e-19,0.4355315890934801
2022-07-13,0.0019635795325347828,0.0,0.10949092227372223,0.18938733293279003,0.2655901557000076,4.377705491572018e-19,0.4355315890934801
2022-07-14,-0.002520411282407861,0.0,0.10949092227372223,0.18938733293279003,0.2655901557000076,4.377705491572018e-19,0.4355315890934801
2022-07-15,7.379508770384742e-05,0.0,0.10949092227372223,0.18938733293279003,0.2655901557000076,4.377705491572018e-19,0.4355315890934801
2022-07-18,-0.005041146573397606,0.0,0.10949092227372223,0.18938733293279003,0.2655901557000076,4.377705491572018e-19,0.4355315890934801
2022-07-19,-0.00016080064717211755,0.0,0.10949092227372223,0.18938733293279003,0.2655901557000076,4.377705491572018e-19,0.4355315890934801
2022-07-20,-8.060950903995031e-05,0.0,0.10949092227372223,0.18938733293279003,0.2655901557000076,4.377705491572018e-19,0.4355315890934801
2022-07-21,0.0069162067398964525,0.0,0.10949092227372223,0.18938733293279003,0.2655901557000076,4.377705491572018e-19,0.4355315890934801
2022-07-22,0.002219924457125233,0.0,0.10949092227372223,0.18938733293279003,0.2655901557000076,4.377705491572018e-19,0.4355315890934801
2022-07-25,-0.003059151430895854,0.0,0.10949092227372223,0.18938733293279003,0.2655901557000076,4.377705491572018e-19,0.4355315890934801
2022-07-26,0.0019039861672547973,0.0,0.10949092227372223,0.18938733293279003,0.2655901557000076,4.377705491572018e-19,0.4355315890934801
2022-07-27,0.0008369176308318594,0.0,0.10949092227372223,0.18938733293279003,0.2655901557000076,4.377705491572018e-19,0.4355315890934801
2022-07-28,0.005810834826929094,0.0,0.10949092227372223,0.18938733293279003,0.2655901557000076,4.377705491572018e-19,0.4355315890934801
2022-07-29,0.00014126170897945474,0.0,0.10949092227372223,0.18938733293279003,0.2655901557000076,4.377705491572018e-19,0.4355315890934801
2022-08-01,0.004046510499910777,0.0021811844882379944,0.10730973778548428,0.18938733293279006,0.26559015570000766,6.370052214576163e-20,0.43771277358171806
2022-08-02,-0.0034331805928231435,0.004884860587101275,0.10242487719838297,0.18938733293279006,0.26559015570000766,1.2977942609168e-18,0.4425976341688193
2022-08-03,0.006481889604063292,0.0,0.10242487719838297,0.18938733293279006,0.26559015570000766,1.2977942609168e-18,0.4425976341688193
2022-08-04,0.0014588985026893412,0.0,0.10242487719838297,0.18938733293279006,0.26559015570000766,1.2977942609168e-18,0.4425976341688193
2022-08-05,-0.003909273136622579,0.0,0.10242487719838297,0.18938733293279006,0.26559015570000766,1.2977942609168e-18,0.4425976341688193
2022-08-08,0.004566421622540015,0.0,0.10242487719838297,0.18938733293279006,0.26559015570000766,1.2977942609168e-18,0.4425976341688193
2022-08-09,-0.0007967056316514067,0.0,0.10242487719838297,0.18938733293279006,0.26559015570000766,1.2977942609168e-18,0.4425976341688193
2022-08-10,-0.004578951896607539,0.0,0.10242487719838297,0.18938733293279006,0.26559015570000766,1.2977942609168e-18,0.4425976341688193
2022-08-11,-0.004800316155511626,0.0,0.10242487719838297,0.18938733293279006,0.26559015570000766,1.2977942609168e-18,0.4425976341688193
2022-08-12,0.007700541893560204,0.009746923673264712,0.09267795352511829,0.18938733293279006,0.26559015570000766,0.0,0.45234455784208405
2022-08-15,0.0008037886206903899,0.0,0.09267795352511829,0.18938733293279006,0.26559015570000766,0.0,0.45234455784208405
2022-08-16,0.0003453145529322016,0.0,0.09267795352511829,0.18938733293279006,0.26559015570000766,0.0,0.45234455784208405
2022-08-17,-0.0037173216202922134,0.0,0.09267795352511829,0.18938733293279006,0.26559015570000766,0.0,0.45234455784208405
2022-08-18,0.003343136762223712,0.0,0.09267795352511829,0.18938733293279006,0.26559015570000766,0.0,0.45234455784208405
2022-08-19,-0.0034071173237634022,0.0,0.09267795352511829,0.18938733293279006,0.26559015570000766,0.0,0.45234455784208405
2022-08-22,-0.0005765977205213122,0.0,0.09267795352511829,0.18938733293279006,0.26559015570000766,0.0,0.45234455784208405
2022-08-23,-0.0012706826330732373,0.0,0.09267795352511829,0.18938733293279006,0.26559015570000766,0.0,0.45234455784208405
2022-08-24,5.244990922458406e-06,0.0,0.09267795352511829,0.18938733293279006,0.26559015570000766,0.0,0.45234455784208405
2022-08-25,0.0039831348080788575,0.0,0.09267795352511829,0.18938733293279006,0.26559015570000766,0.0,0.45234455784208405
2022-08-26,-0.003222578137684785,0.0,0.09267795352511829,0.18938733293279006,0.26559015570000766,0.0,0.45234455784208405
2022-08-29,-0.0018601897263243099,0.0,0.09267795352511829,0.18938733293279006,0.26559015570000766,0.0,0.45234455784208405
2022-08-30,-0.002917156857879817,0.0,0.09267795352511829,0.18938733293279006,0.26559015570000766,0.0,0.45234455784208405
2022-08-31,-0.004878214987186274,0.0,0.09267795352511829,0.18938733293279006,0.26559015570000766,0.0,0.45234455784208405
2022-09-01,-0.0014709925025755796,0.0,0.09267795352511829,0.18938733293279006,0.26559015570000766,0.0,0.45234455784208405
2022-09-02,0.0025866045058722444,0.0,0.09267795352511829,0.18938733293279006,0.26559015570000766,0.0,0.45234455784208405
2022-09-06,-0.003974064657241414,0.0,0.09267795352511829,0.18938733293279006,0.26559015570000766,0.0,0.45234455784208405
2022-09-07,0.004146282725451985,0.0,0.09267795352511829,0.18938733293279006,0.26559015570000766,0.0,0.45234455784208405
2022-09-08,-0.002006010245831237,0.0,0.09267795352511829,0.18938733293279006,0.26559015570000766,0.0,0.45234455784208405
2022-09-09,0.015176499748543818,0.45234455784208394,0.3746172710931629,0.18938733293279003,0.2655901557000077,0.1704052402740393,6.593185221068868e-17
2022-09-12,0.006859967370149218,0.0,0.3746172710931629,0.18938733293279003,0.2655901557000077,0.1704052402740393,6.593185221068868e-17
2022-09-13,-0.02015179982466355,0.0,0.3746172710931629,0.18938733293279003,0.2655901557000077,0.1704052402740393,6.593185221068868e-17
2022-09-14,0.0027621554538014427,0.0,0.3746172710931629,0.18938733293279003,0.2655901557000077,0.1704052402740393,6.593185221068868e-17
2022-09-15,-0.01629548035962324,0.0,0.3746172710931629,0.18938733293279003,0.2655901557000077,0.1704052402740393,6.593185221068868e-17
2022-09-16,-0.0026207901101935127,0.0,0.3746172710931629,0.18938733293279003,0.2655901557000077,0.1704052402740393,6.593185221068868e-17
2022-09-19,0.003917422918765892,0.0,0.3746172710931629,0.18938733293279003,0.2655901557000077,0.1704052402740393,6.593185221068868e-17
2022-09-20,-0.0097229377010439,0.0,0.3746172710931629,0.18938733293279003,0.2655901557000077,0.1704052402740393,6.593185221068868e-17
2022-09-21,-0.0034581834002389553,0.0,0.3746172710931629,0.18938733293279003,0.2655901557000077,0.1704052402740393,6.593185221068868e-17
2022-09-22,-0.007419112726196858,0.0,0.3746172710931629,0.18938733293279003,0.2655901557000077,0.1704052402740393,6.593185221068868e-17
2022-09-23,-0.0191097154674734,0.0,0.3746172710931629,0.18938733293279003,0.2655901557000077,0.1704052402740393,6.593185221068868e-17
2022-09-26,-0.01594552854934355,0.0,0.3746172710931629,0.18938733293279003,0.2655901557000077,0.1704052402740393,6.593185221068868e-17
2022-09-27,-0.002109324575822713,0.0,0.3746172710931629,0.18938733293279003,0.2655901557000077,0.1704052402740393,6.593185221068868e-17
2022-09-28,0.026401513475814386,0.0,0.3746172710931629,0.18938733293279003,0.2655901557000077,0.1704052402740393,6.593185221068868e-17
2022-09-29,-0.008989625335690992,0.15114629072921576,0.37461727109316284,0.18938733293278998,0.4167364464292234,0.0192589495448236,4.6321178315542447e-17
2022-09-30,-0.008640945192515485,1.1275702593849246e-16,0.3746172710931629,0.18938733293279003,0.41673644642922353,0.019258949544823604,4.632117831554246e-17
2022-10-03,0.02380041650117052,1.1275702593849246e-16,0.37461727109316284,0.18938733293278998,0.4167364464292234,0.0192589495448236,4.6321178315542447e-17
2022-10-04,0.01772812538101378,1.1275702593849246e-16,0.3746172710931629,0.18938733293279003,0.41673644642922353,0.019258949544823604,4.632117831554246e-17
2022-10-05,-0.004536106078713552,1.1275702593849246e-16,0.37461727109316284,0.18938733293278998,0.4167364464292234,0.0192589495448236,4.6321178315542447e-17
2022-10-06,-0.005105418989470864,1.1275702593849246e-16,0.3746172710931629,0.18938733293279003,0.41673644642922353,0.019258949544823604,4.632117831554246e-17
2022-10-07,-0.01629993632006238,1.1275702593849246e-16,0.37461727109316284,0.18938733293278998,0.4167364464292234,0.0192589495448236,4.6321178315542447e-17
2022-10-10,-0.012478032807520531,1.1275702593849246e-16,0.3746172710931629,0.18938733293279003,0.41673644642922353,0.019258949544823604,4.632117831554246e-17
2022-10-11,-0.002921803498635605,1.1275702593849246e-16,0.37461727109316284,0.18938733293278998,0.4167364464292234,0.0192589495448236,4.6321178315542447e-17
2022-10-12,0.001702658861934113,1.1275702593849246e-16,0.3746172710931629,0.18938733293279003,0.41673644642922353,0.019258949544823604,4.632117831554246e-17
2022-10-13,0.005621262432022137,1.1275702593849246e-16,0.37461727109316284,0.18938733293278998,0.4167364464292234,0.0192589495448236,4.6321178315542447e-17
2022-10-14,-0.015915676760492912,1.1275702593849246e-16,0.3746172710931629,0.18938733293279003,0.41673644642922353,0.019258949544823604,4.632117831554246e-17
2022-10-17,0.009891954542207575,1.1275702593849246e-16,0.37461727109316284,0.18938733293278998,0.4167364464292234,0.0192589495448236,4.6321178315542447e-17
2022-10-18,0.005349270758214133,1.1275702593849246e-16,0.3746172710931629,0.18938733293279003,0.41673644642922353,0.019258949544823604,4.632117831554246e-17
2022-10-19,-0.011310631975487985,1.1275702593849246e-16,0.37461727109316284,0.18938733293278998,0.4167364464292234,0.0192589495448236,4.6321178315542447e-17
2022-10-20,-0.00699939052311402,1.1275702593849246e-16,0.3746172710931629,0.18938733293279003,0.41673644642922353,0.019258949544823604,4.632117831554246e-17
2022-10-21,0.01322697007449472,1.1275702593849246e-16,0.37461727109316284,0.18938733293278998,0.4167364464292234,0.0192589495448236,4.6321178315542447e-17
2022-10-24,0.0016152525024931785,1.1275702593849246e-16,0.3746172710931629,0.18938733293279003,0.41673644642922353,0.019258949544823604,4.632117831554246e-17
2022-10-25,0.012507849725360726,1.1275702593849246e-16,0.37461727109316284,0.18938733293278998,0.4167364464292234,0.0192589495448236,4.6321178315542447e-17
2022-10-26,0.0032018028175987627,1.1275702593849246e-16,0.3746172710931629,0.18938733293279003,0.41673644642922353,0.019258949544823604,4.632117831554246e-17
2022-10-27,-0.0004911770742178937,1.1275702593849246e-16,0.37461727109316284,0.18938733293278998,0.4167364464292234,0.0192589495448236,4.6321178315542447e-17
2022-10-28,0.003146118522964668,1.1275702593849246e-16,0.3746172710931629,0.18938733293279003,0.41673644642922353,0.019258949544823604,4.632117831554246e-17
2022-10-31,-0.007798326429891277,1.1275702593849246e-16,0.37461727109316284,0.18938733293278998,0.4167364464292234,0.0192589495448236,4.6321178315542447e-17
2022-11-01,0.004811010363118222,1.1275702593849246e-16,0.3746172710931629,0.18938733293279003,0.41673644642922353,0.019258949544823604,4.632117831554246e-17
2022-11-02,-0.012876274397800406,1.1275702593849246e-16,0.37461727109316284,0.18938733293278998,0.4167364464292234,0.0192589495448236,4.6321178315542447e-17
2022-11-03,-0.0066710100428315775,1.1275702593849246e-16,0.3746172710931629,0.18938733293279003,0.41673644642922353,0.019258949544823604,4.632117831554246e-17
2022-11-04,0.015929923136940336,1.1275702593849246e-16,0.37461727109316284,0.18938733293278998,0.4167364464292234,0.0192589495448236,4.6321178315542447e-17
2022-11-07,-2.2437114042872736e-05,1.1275702593849246e-16,0.3746172710931629,0.18938733293279003,0.41673644642922353,0.019258949544823604,4.632117831554246e-17
2022-11-08,0.013192575814477903,1.1275702593849246e-16,0.37461727109316284,0.18938733293278998,0.4167364464292234,0.0192589495448236,4.6321178315542447e-17
2022-11-09,-0.009910272552282101,1.1275702593849246e-16,0.3746172710931629,0.18938733293279003,0.41673644642922353,0.019258949544823604,4.632117831554246e-17
2022-11-10,0.04071361793034063,1.1275702593849246e-16,0.37461727109316284,0.18938733293278998,0.4167364464292234,0.0192589495448236,4.6321178315542447e-17
2022-11-11,0.006255508944378473,1.1275702593849246e-16,0.3746172710931629,0.18938733293279003,0.41673644642922353,0.019258949544823604,4.632117831554246e-17
2022-11-14,-0.003379013967650831,1.1275702593849246e-16,0.37461727109316284,0.18938733293278998,0.4167364464292234,0.0192589495448236,4.6321178315542447e-17
2022-11-15,0.008083903627256622,1.1275702593849246e-16,0.3746172710931629,0.18938733293279003,0.41673644642922353,0.019258949544823604,4.632117831554246e-17
2022-11-16,8.689618271477077e-06,1.1275702593849246e-16,0.37461727109316284,0.18938733293278998,0.4167364464292234,0.0192589495448236,4.6321178315542447e-17
2022-11-17,-0.006681249987815004,1.1275702593849246e-16,0.3746172710931629,0.18938733293279003,0.41673644642922353,0.019258949544823604,4.632117831554246e-17
2022-11-18,-0.0027791232057030827,1.1275702593849246e-16,0.37461727109316284,0.18938733293278998,0.4167364464292234,0.0192589495448236,4.6321178315542447e-17
2022-11-21,-0.0028934996478211547,1.1275702593849246e-16,0.3746172710931629,0.18938733293279003,0.41673644642922353,0.019258949544823604,4.632117831554246e-17
2022-11-22,0.008483205433674581,1.1275702593849246e-16,0.37461727109316284,0.18938733293278998,0.4167364464292234,0.0192589495448236,4.6321178315542447e-17
2022-11-23,0.007553603816965679,1.1275702593849246e-16,0.3746172710931629,0.18938733293279003,0.41673644642922353,0.019258949544823604,4.632117831554246e-17
2022-11-25,-0.0004965146590774258,1.1275702593849246e-16,0.37461727109316284,0.18938733293278998,0.4167364464292234,0.0192589495448236,4.6321178315542447e-17
2022-11-28,-0.008760787072724218,1.1275702593849246e-16,0.3746172710931629,0.18938733293279003,0.41673644642922353,0.019258949544823604,4.632117831554246e-17
2022-11-29,-0.0003848209885903898,1.1275702593849246e-16,0.37461727109316284,0.18938733293278998,0.4167364464292234,0.0192589495448236,4.6321178315542447e-17
2022-11-30,0.019052829606395597,1.1275702593849246e-16,0.3746172710931629,0.18938733293279003,0.41673644642922353,0.019258949544823604,4.632117831554246e-17
2022-12-01,0.013496399739166968,1.1275702593849246e-16,0.37461727109316284,0.18938733293278998,0.4167364464292234,0.0192589495448236,4.6321178315542447e-17
2022-12-02,0.0003425758990288905,1.1275702593849246e-16,0.3746172710931629,0.18938733293279003,0.41673644642922353,0.019258949544823604,4.632117831554246e-17
2022-12-05,-0.017127100344600403,1.1275702593849246e-16,0.37461727109316284,0.18938733293278998,0.4167364464292234,0.0192589495448236,4.6321178315542447e-17
2022-12-06,-0.0025280950158987816,1.1275702593849246e-16,0.3746172710931629,0.18938733293279003,0.41673644642922353,0.019258949544823604,4.632117831554246e-17
2022-12-07,0.0071254795215355635,1.1275702593849246e-16,0.37461727109316284,0.18938733293278998,0.4167364464292234,0.0192589495448236,4.6321178315542447e-17
2022-12-08,0.0024820445654680115,1.1275702593849246e-16,0.3746172710931629,0.18938733293279003,0.41673644642922353,0.019258949544823604,4.632117831554246e-17
2022-12-09,-0.00620527914255819,1.1275702593849246e-16,0.37461727109316284,0.18938733293278998,0.4167364464292234,0.0192589495448236,4.6321178315542447e-17
2022-12-12,0.00304211452792384,1.1275702593849246e-16,0.3746172710931629,0.18938733293279003,0.41673644642922353,0.019258949544823604,4.632117831554246e-17
2022-12-13,0.012216452108315314,1.1275702593849246e-16,0.37461727109316284,0.18938733293278998,0.4167364464292234,0.0192589495448236,4.6321178315542447e-17
2022-12-14,-0.0021616145034322885,1.1275702593849246e-16,0.3746172710931629,0.18938733293279003,0.41673644642922353,0.019258949544823604,4.632117831554246e-17
2022-12-15,-0.015588321672451777,1.1275702593849246e-16,0.37461727109316284,0.18938733293278998,0.4167364464292234,0.0192589495448236,4.6321178315542447e-17
2022-12-16,-0.003272939428493748,1.1275702593849246e-16,0.3746172710931629,0.18938733293279003,0.41673644642922353,0.019258949544823604,4.632117831554246e-17
2022-12-19,-0.007186473362743133,1.1275702593849246e-16,0.37461727109316284,0.18938733293278998,0.4167364464292234,0.0192589495448236,4.6321178315542447e-17
2022-12-20,0.004108984329810501,1.1275702593849246e-16,0.3746172710931629,0.18938733293279003,0.41673644642922353,0.019258949544823604,4.632117831554246e-17
2022-12-21,0.005922487380637616,1.1275702593849246e-16,0.37461727109316284,0.18938733293278998,0.4167364464292234,0.0192589495448236,4.6321178315542447e-17
2022-12-22,-0.010519193790461215,1.1275702593849246e-16,0.3746172710931629,0.18938733293279003,0.41673644642922353,0.019258949544823604,4.632117831554246e-17
2022-12-23,0.001088732332569735,1.1275702593849246e-16,0.37461727109316284,0.18938733293278998,0.4167364464292234,0.0192589495448236,4.6321178315542447e-17
2022-12-27,-0.001650581558773091,1.1275702593849246e-16,0.3746172710931629,0.18938733293279003,0.41673644642922353,0.019258949544823604,4.632117831554246e-17
2022-12-28,-0.00791236894878179,1.1275702593849246e-16,0.37461727109316284,0.18938733293278998,0.4167364464292234,0.0192589495448236,4.6321178315542447e-17
2022-12-29,0.011211980591028545,1.1275702593849246e-16,0.3746172710931629,0.18938733293279003,0.41673644642922353,0.019258949544823604,4.632117831554246e-17
2022-12-30,-0.0006999061199225492,1.1275702593849246e-16,0.37461727109316284,0.18938733293278998,0.4167364464292234,0.0192589495448236,4.6321178315542447e-17
2023-01-03,0.0048469860769423286,1.1275702593849246e-16,0.3746172710931629,0.18938733293279003,0.41673644642922353,0.019258949544823604,4.632117831554246e-17
2023-01-04,0.00845811457633544,1.1275702593849246e-16,0.37461727109316284,0.18938733293278998,0.4167364464292234,0.0192589495448236,4.6321178315542447e-17
2023-01-05,-0.008529143483770277,1.1275702593849246e-16,0.3746172710931629,0.18938733293279003,0.41673644642922353,0.019258949544823604,4.632117831554246e-17
2023-01-06,0.01988585961873324,1.1275702593849246e-16,0.37461727109316284,0.18938733293278998,0.4167364464292234,0.0192589495448236,4.6321178315542447e-17
2023-01-09,0.002043550008574576,1.1275702593849246e-16,0.3746172710931629,0.18938733293279003,0.41673644642922353,0.019258949544823604,4.632117831554246e-17
2023-01-10,0.0010305388198920268,1.1275702593849246e-16,0.37461727109316284,0.18938733293278998,0.4167364464292234,0.0192589495448236,4.6321178315542447e-17
2023-01-11,0.008158044809457865,1.1275702593849246e-16,0.3746172710931629,0.18938733293279003,0.41673644642922353,0.019258949544823604,4.632117831554246e-17
2023-01-12,0.010070780294909907,1.1275702593849246e-16,0.37461727109316284,0.18938733293278998,0.4167364464292234,0.0192589495448236,4.6321178315542447e-17
2023-01-13,0.00508403814404452,1.1275702593849246e-16,0.3746172710931629,0.18938733293279003,0.41673644642922353,0.019258949544823604,4.632117831554246e-17
2023-01-17,-0.004415373490452581,1.1275702593849246e-16,0.37461727109316284,0.18938733293278998,0.4167364464292234,0.0192589495448236,4.6321178315542447e-17
2023-01-18,-0.0028889708123434176,1.1275702593849246e-16,0.3746172710931629,0.18938733293279003,0.41673644642922353,0.019258949544823604,4.632117831554246e-17
2023-01-19,0.002999619619250258,1.1275702593849246e-16,0.37461727109316284,0.18938733293278998,0.4167364464292234,0.0192589495448236,4.6321178315542447e-17
2023-01-20,0.002780504882692168,1.1275702593849246e-16,0.3746172710931629,0.18938733293279003,0.41673644642922353,0.019258949544823604,4.632117831554246e-17
2023-01-23,0.004380058620327682,1.1275702593849246e-16,0.37461727109316284,0.18938733293278998,0.4167364464292234,0.0192589495448236,4.6321178315542447e-17
2023-01-24,0.0034845514345125048,1.1275702593849246e-16,0.3746172710931629,0.18938733293279003,0.41673644642922353,0.019258949544823604,4.632117831554246e-17
2023-01-25,0.0025978179675381825,1.1275702593849246e-16,0.37461727109316284,0.18938733293278998,0.4167364464292234,0.0192589495448236,4.6321178315542447e-17
2023-01-26,-0.0004227884355866449,1.1275702593849246e-16,0.3746172710931629,0.18938733293279003,0.41673644642922353,0.019258949544823604,4.632117831554246e-17
2023-01-27,-0.0005859978915681521,1.1275702593849246e-16,0.37461727109316284,0.18938733293278998,0.4167364464292234,0.0192589495448236,4.6321178315542447e-17
2023-01-30,-0.006850079207448187,1.1275702593849246e-16,0.3746172710931629,0.18938733293279003,0.41673644642922353,0.019258949544823604,4.632117831554246e-17
2023-01-31,0.00888261728204202,1.1275702593849246e-16,0.37461727109316284,0.18938733293278998,0.4167364464292234,0.0192589495448236,4.6321178315542447e-17
2023-02-01,0.010963070803823874,1.1275702593849246e-16,0.3746172710931629,0.18938733293279003,0.41673644642922353,0.019258949544823604,4.632117831554246e-17
2023-02-02,-0.0031756536289069873,1.1275702593849246e-16,0.37461727109316284,0.18938733293278998,0.4167364464292234,0.0192589495448236,4.6321178315542447e-17
2023-02-03,-0.01760821789677848,0.016369938905575837,0.39098720999873876,0.18938733293279003,0.4003665075236477,0.019258949544823604,4.644643119312702e-17
2023-02-06,-0.0026317544795837608,1.4051260155412137e-16,0.39098720999873865,0.18938733293278998,0.4003665075236476,0.0192589495448236,4.644643119312701e-17
2023-02-07,0.004626655711610763,1.4051260155412137e-16,0.39098720999873876,0.18938733293279003,0.4003665075236477,0.019258949544823604,4.644643119312702e-17
2023-02-08,-0.0021231123718581765,1.4051260155412137e-16,0.39098720999873865,0.18938733293278998,0.4003665075236476,0.0192589495448236,4.644643119312701e-17
2023-02-09,-0.008564719468952126,1.4051260155412137e-16,0.39098720999873876,0.18938733293279003,0.4003665075236477,0.019258949544823604,4.644643119312702e-17
2023-02-10,0.00010981735464030053,1.4051260155412137e-16,0.39098720999873865,0.18938733293278998,0.4003665075236476,0.0192589495448236,4.644643119312701e-17
2023-02-13,0.004049089217204589,1.4051260155412137e-16,0.39098720999873876,0.18938733293279003,0.4003665075236477,0.019258949544823604,4.644643119312702e-17
2023-02-14,-0.00034170122197327556,1.4051260155412137e-16,0.39098720999873865,0.18938733293278998,0.4003665075236476,0.0192589495448236,4.644643119312701e-17
2023-02-15,-0.0045913833454634245,1.4051260155412137e-16,0.39098720999873876,0.18938733293279003,0.4003665075236477,0.019258949544823604,4.644643119312702e-17
2023-02-16,-0.00855360427475762,1.4051260155412137e-16,0.39098720999873865,0.18938733293278998,0.4003665075236476,0.0192589495448236,4.644643119312701e-17
2023-02-17,0.0012893411889693365,1.4051260155412137e-16,0.39098720999873876,0.18938733293279003,0.4003665075236477,0.019258949544823604,4.644643119312702e-17
2023-02-21,-0.013115780468396293,1.4051260155412137e-16,0.39098720999873865,0.18938733293278998,0.4003665075236476,0.0192589495448236,4.644643119312701e-17
2023-02-22,-0.0015670227736503354,1.4051260155412137e-16,0.39098720999873876,0.18938733293279003,0.4003665075236477,0.019258949544823604,4.644643119312702e-17
2023-02-23,0.004151294606852073,1.4051260155412137e-16,0.39098720999873865,0.18938733293278998,0.4003665075236476,0.0192589495448236,4.644643119312701e-17
2023-02-24,-0.009310601188220594,1.4051260155412137e-16,0.39098720999873876,0.18938733293279003,0.4003665075236477,0.019258949544823604,4.644643119312702e-17
2023-02-27,0.0031825060631536705,1.4051260155412137e-16,0.39098720999873865,0.18938733293278998,0.4003665075236476,0.0192589495448236,4.644643119312701e-17
2023-02-28,0.0015184413319146908,1.4051260155412137e-16,0.39098720999873876,0.18938733293279003,0.4003665075236477,0.019258949544823604,4.644643119312702e-17
2023-03-01,-0.000977029909685429,1.4051260155412137e-16,0.39098720999873865,0.18938733293278998,0.4003665075236476,0.0192589495448236,4.644643119312701e-17
2023-03-02,0.0011921571626560103,1.4051260155412137e-16,0.39098720999873876,0.18938733293279003,0.4003665075236477,0.019258949544823604,4.644643119312702e-17
2023-03-03,0.015591767134570753,1.4051260155412137e-16,0.39098720999873865,0.18938733293278998,0.4003665075236476,0.0192589495448236,4.644643119312701e-17
2023-03-06,-0.003043336725091465,1.4051260155412137e-16,0.39098720999873876,0.18938733293279003,0.4003665075236477,0.019258949544823604,4.644643119312702e-17
2023-03-07,-0.012551701125085548,1.4051260155412137e-16,0.39098720999873865,0.18938733293278998,0.4003665075236476,0.0192589495448236,4.644643119312701e-17
2023-03-08,0.0004214493769676006,1.4051260155412137e-16,0.39098720999873876,0.18938733293279003,0.4003665075236477,0.019258949544823604,4.644643119312702e-17
2023-03-09,-0.003052091519782325,1.4051260155412137e-16,0.39098720999873865,0.18938733293278998,0.4003665075236476,0.0192589495448236,4.644643119312701e-17
2023-03-10,0.009784082629016498,1.4051260155412137e-16,0.39098720999873876,0.18938733293279003,0.4003665075236477,0.019258949544823604,4.644643119312702e-17
2023-03-13,0.00851882510135939,1.4051260155412137e-16,0.39098720999873865,0.18938733293278998,0.4003665075236476,0.0192589495448236,4.644643119312701e-17
2023-03-14,0.00034597810386986306,1.4051260155412137e-16,0.39098720999873876,0.18938733293279003,0.4003665075236477,0.019258949544823604,4.644643119312702e-17
2023-03-15,0.0034456357890340645,1.4051260155412137e-16,0.39098720999873865,0.18938733293278998,0.4003665075236476,0.0192589495448236,4.644643119312701e-17
2023-03-16,0.006196715947545905,1.4051260155412137e-16,0.39098720999873876,0.18938733293279003,0.4003665075236477,0.019258949544823604,4.644643119312702e-17
2023-03-17,0.009483891443006851,1.4051260155412137e-16,0.39098720999873865,0.18938733293278998,0.4003665075236476,0.0192589495448236,4.644643119312701e-17
2023-03-20,0.0026169111635908505,1.4051260155412137e-16,0.39098720999873876,0.18938733293279003,0.4003665075236477,0.019258949544823604,4.644643119312702e-17
2023-03-21,-0.0035864703525460015,1.4051260155412137e-16,0.39098720999873865,0.18938733293278998,0.4003665075236476,0.0192589495448236,4.644643119312701e-17
2023-03-22,0.002794311611818705,1.4051260155412137e-16,0.39098720999873876,0.18938733293279003,0.4003665075236477,0.019258949544823604,4.644643119312702e-17
2023-03-23,0.005882947697915035,1.4051260155412137e-16,0.39098720999873865,0.18938733293278998,0.4003665075236476,0.0192589495448236,4.644643119312701e-17
2023-03-24,-0.0011478933283247388,1.4051260155412137e-16,0.39098720999873876,0.18938733293279003,0.4003665075236477,0.019258949544823604,4.644643119312702e-17
2023-03-27,-0.006416068071986953,1.4051260155412137e-16,0.39098720999873865,0.18938733293278998,0.4003665075236476,0.0192589495448236,4.644643119312701e-17
2023-03-28,0.002865920232275552,1.4051260155412137e-16,0.39098720999873876,0.18938733293279003,0.4003665075236477,0.019258949544823604,4.644643119312702e-17
2023-03-29,0.00319702264516181,1.4051260155412137e-16,0.39098720999873865,0.18938733293278998,0.4003665075236476,0.0192589495448236,4.644643119312701e-17
2023-03-30,0.007131207347151191,1.4051260155412137e-16,0.39098720999873876,0.18938733293279003,0.4003665075236477,0.019258949544823604,4.644643119312702e-17
2023-03-31,0.006591425262696555,1.4051260155412137e-16,0.39098720999873865,0.18938733293278998,0.4003665075236476,0.0192589495448236,4.644643119312701e-17
2023-04-03,0.006375158706631075,1.4051260155412137e-16,0.39098720999873876,0.18938733293279003,0.4003665075236477,0.019258949544823604,4.644643119312702e-17
2023-04-04,0.006235549513277798,1.4051260155412137e-16,0.39098720999873865,0.18938733293278998,0.4003665075236476,0.0192589495448236,4.644643119312701e-17
2023-04-05,0.0006286259056504991,1.4051260155412137e-16,0.39098720999873876,0.18938733293279003,0.4003665075236477,0.019258949544823604,4.644643119312702e-17
2023-04-06,-0.0008357248042393081,1.4051260155412137e-16,0.39098720999873865,0.18938733293278998,0.4003665075236476,0.0192589495448236,4.644643119312701e-17
2023-04-10,-0.0057522362843550005,1.4051260155412137e-16,0.39098720999873876,0.18938733293279003,0.4003665075236477,0.019258949544823604,4.644643119312702e-17
2023-04-11,0.0033874468842110357,1.4051260155412137e-16,0.39098720999873865,0.18938733293278998,0.4003665075236476,0.0192589495448236,4.644643119312701e-17
2023-04-12,0.0005359499346480133,1.4051260155412137e-16,0.39098720999873876,0.18938733293279003,0.4003665075236477,0.019258949544823604,4.644643119312702e-17
2023-04-13,0.008948828713259988,1.4051260155412137e-16,0.39098720999873865,0.18938733293278998,0.4003665075236476,0.0192589495448236,4.644643119312701e-17
2023-04-14,-0.009700220879128304,1.4051260155412137e-16,0.39098720999873876,0.18938733293279003,0.4003665075236477,0.019258949544823604,4.644643119312702e-17
2023-04-17,-0.0029669270426691333,1.4051260155412137e-16,0.39098720999873865,0.18938733293278998,0.4003665075236476,0.0192589495448236,4.644643119312701e-17
2023-04-18,0.002453697742601488,1.4051260155412137e-16,0.39098720999873876,0.18938733293279003,0.4003665075236477,0.019258949544823604,4.644643119312702e-17
2023-04-19,-0.00255030421034629,1.4051260155412137e-16,0.39098720999873865,0.18938733293278998,0.4003665075236476,0.0192589495448236,4.644643119312701e-17
2023-04-20,0.000589776793726202,1.4051260155412137e-16,0.39098720999873876,0.18938733293279003,0.4003665075236477,0.019258949544823604,4.644643119312702e-17
2023-04-21,-0.004545398547680859,1.4051260155412137e-16,0.39098720999873865,0.18938733293278998,0.4003665075236476,0.0192589495448236,4.644643119312701e-17
2023-04-24,0.0037505011680040203,1.4051260155412137e-16,0.39098720999873876,0.18938733293279003,0.4003665075236477,0.019258949544823604,4.644643119312702e-17
2023-04-25,-0.0018384598705035145,1.4051260155412137e-16,0.39098720999873865,0.18938733293278998,0.4003665075236476,0.0192589495448236,4.644643119312701e-17
2023-04-26,-0.00649525332532256,1.4051260155412137e-16,0.39098720999873876,0.18938733293279003,0.4003665075236477,0.019258949544823604,4.644643119312702e-17
2023-04-27,0.006058818912253803,1.4051260155412137e-16,0.39098720999873865,0.18938733293278998,0.4003665075236476,0.0192589495448236,4.644643119312701e-17
2023-04-28,0.0069950661990470925,1.4051260155412137e-16,0.39098720999873876,0.18938733293279003,0.4003665075236477,0.019258949544823604,4.644643119312702e-17
2023-05-01,-0.007924977551618466,1.4051260155412137e-16,0.39098720999873865,0.18938733293278998,0.4003665075236476,0.0192589495448236,4.644643119312701e-17
2023-05-02,0.00703792003871716,1.4051260155412137e-16,0.39098720999873876,0.18938733293279003,0.4003665075236477,0.019258949544823604,4.644643119312702e-17
2023-05-03,0.0009312674361704883,1.4051260155412137e-16,0.39098720999873865,0.18938733293278998,0.4003665075236476,0.0192589495448236,4.644643119312701e-17
2023-05-04,-0.001699947125477612,1.4051260155412137e-16,0.39098720999873876,0.18938733293279003,0.4003665075236477,0.019258949544823604,4.644643119312702e-17
2023-05-05,0.001082673260102257,1.4051260155412137e-16,0.39098720999873865,0.18938733293278998,0.4003665075236476,0.0192589495448236,4.644643119312701e-17
2023-05-08,-0.0016830067208331969,1.4051260155412137e-16,0.39098720999873876,0.18938733293279003,0.4003665075236477,0.019258949544823604,4.644643119312702e-17
2023-05-09,0.0006278069484420414,1.4051260155412137e-16,0.39098720999873865,0.18938733293278998,0.4003665075236476,0.0192589495448236,4.644643119312701e-17
2023-05-10,0.0029502206280943412,1.4051260155412137e-16,0.39098720999873876,0.18938733293279003,0.4003665075236477,0.019258949544823604,4.644643119312702e-17
2023-05-11,-0.0024568777531449445,1.4051260155412137e-16,0.39098720999873865,0.18938733293278998,0.4003665075236476,0.0192589495448236,4.644643119312701e-17
2023-05-12,-0.0031413846985373075,1.4051260155412137e-16,0.39098720999873876,0.18938733293279003,0.4003665075236477,0.019258949544823604,4.644643119312702e-17
2023-05-15,0.0005301629178307572,1.4051260155412137e-16,0.39098720999873865,0.18938733293278998,0.4003665075236476,0.0192589495448236,4.644643119312701e-17
2023-05-16,-0.008323752568395485,1.4051260155412137e-16,0.39098720999873876,0.18938733293279003,0.4003665075236477,0.019258949544823604,4.644643119312702e-17
2023-05-17,0.0034422433645906474,1.4051260155412137e-16,0.39098720999873865,0.18938733293278998,0.4003665075236476,0.0192589495448236,4.644643119312701e-17
2023-05-18,-0.0029975217899514996,1.4051260155412137e-16,0.39098720999873876,0.18938733293279003,0.4003665075236477,0.019258949544823604,4.644643119312702e-17
2023-05-19,0.0020129674258399653,1.4051260155412137e-16,0.39098720999873865,0.18938733293278998,0.4003665075236476,0.0192589495448236,4.644643119312701e-17
2023-05-22,-0.001450126327482453,1.4051260155412137e-16,0.39098720999873876,0.18938733293279003,0.4003665075236477,0.019258949544823604,4.644643119312702e-17
2023-05-23,-0.003306569735954215,0.01925894954482353,0.39098720999873876,0.20864628247761344,0.4003665075236477,0.0,1.0408340855860843e-16
2023-05-24,-0.0070955413019825045,0.0,0.39098720999873876,0.20864628247761344,0.4003665075236477,0.0,1.0408340855860843e-16
2023-05-25,-0.000983671432739765,0.0,0.39098720999873876,0.20864628247761344,0.4003665075236477,0.0,1.0408340855860843e-16
2023-05-26,0.00834856324510043,0.0,0.39098720999873876,0.20864628247761344,0.4003665075236477,0.0,1.0408340855860843e-16
2023-05-30,0.00471209602956766,0.0,0.39098720999873876,0.20864628247761344,0.4003665075236477,0.0,1.0408340855860843e-16
2023-05-31,0.00026640979026316437,0.0,0.39098720999873876,0.20864628247761344,0.4003665075236477,0.0,1.0408340855860843e-16
