date,gross,turnover,w_SPY,w_TLT,w_GLD,w_USO,w_UUP
2019-01-02,0.0027310537138907956,0.5999999999999999,0.6000000000000001,0.39999999999999986,6.279127307056299e-17,0.0,0.0
2019-01-03,-0.009765965055197893,2.775557561562892e-17,0.6000000000000001,0.3999999999999999,6.2791273070563e-17,0.0,0.0
2019-01-04,0.01546741901055202,5.551115123125783e-17,0.6,0.3999999999999999,6.2791273070563e-17,0.0,0.0
2019-01-07,0.0035515302450681127,0.0,0.6,0.3999999999999999,6.2791273070563e-17,0.0,0.0
2019-01-08,0.004585791967899988,0.0,0.6,0.3999999999999999,6.2791273070563e-17,0.0,0.0
2019-01-09,0.0021781188305719738,0.0,0.6,0.3999999999999999,6.2791273070563e-17,0.0,0.0
2019-01-10,-0.00045693334358682964,0.0,0.6,0.3999999999999999,6.2791273070563e-17,0.0,0.0
2019-01-11,0.0017925753828115006,0.0,0.6,0.3999999999999999,6.2791273070563e-17,0.0,0.0
2019-01-14,-0.005149121343240969,0.0,0.6,0.3999999999999999,6.2791273070563e-17,0.0,0.0
2019-01-15,0.005415769610270971,0.0,0.6,0.3999999999999999,6.2791273070563e-17,0.0,0.0
2019-01-16,0.0018519749542177167,0.0,0.6,0.3999999999999999,6.2791273070563e-17,0.0,0.0
2019-01-17,0.004651854969252822,0.0,0.6,0.3999999999999999,6.2791273070563e-17,0.0,0.0
2019-01-18,0.00588886427454245,0.0,0.6,0.3999999999999999,6.2791273070563e-17,0.0,0.0
2019-01-22,-0.0053960501891468175,0.0,0.6,0.3999999999999999,6.2791273070563e-17,0.0,0.0
2019-01-23,0.0010892446917321053,0.0,0.6,0.3999999999999999,6.2791273070563e-17,0.0,0.0
2019-01-24,0.0029452048829839306,0.0,0.6,0.3999999999999999,6.2791273070563e-17,0.0,0.0
2019-01-25,0.0031614297435893952,0.0,0.6,0.3999999999999999,6.2791273070563e-17,0.0,0.0
2019-01-28,-0.004958633236446985,0.0,0.6,0.3999999999999999,6.2791273070563e-17,0.0,0.0
2019-01-29,0.0012301969034201222,0.0,0.6,0.3999999999999999,6.2791273070563e-17,0.0,0.0
2019-01-30,0.009201096319120073,0.0,0.6,0.3999999999999999,6.2791273070563e-17,0.0,0.0
2019-01-31,0.008709531626633148,0.0,0.6,0.3999999999999999,6.2791273070563e-17,0.0,0.0
2019-02-01,-0.0021271154098817745,5.925422952617953e-17,0.6,0.39999999999999997,0.0,2.060347505382343e-19,0.0
2019-02-04,0.0024358659314762223,0.0,0.6,0.39999999999999997,0.0,2.060347505382343e-19,0.0
2019-02-05,0.004341794487184991,0.0,0.6,0.39999999999999997,0.0,2.060347505382343e-19,0.0
2019-02-06,-0.0005925908793025014,0.0,0.6,0.39999999999999997,0.0,2.060347505382343e-19,0.0
2019-02-07,-0.0030754356985001063,0.0,0.6,0.39999999999999997,0.0,2.060347505382343e-19,0.0
2019-02-08,0.0024400489954872207,0.0,0.6,0.39999999999999997,0.0,2.060347505382343e-19,0.0
2019-02-11,-0.0012363488699045798,0.0,0.6,0.39999999999999997,0.0,2.060347505382343e-19,0.0
2019-02-12,0.006698102455074472,0.0,0.6,0.39999999999999997,0.0,2.060347505382343e-19,0.0
2019-02-13,0.00043439512571628045,0.0,0.6,0.39999999999999997,0.0,2.060347505382343e-19,0.0
2019-02-14,0.0009481210363709413,0.0,0.6,0.39999999999999997,0.0,2.060347505382343e-19,0.0
2019-02-15,0.0071626785429343524,0.0,0.6,0.39999999999999997,0.0,2.060347505382343e-19,0.0
2019-02-19,0.002054680283810084,0.0,0.6,0.39999999999999997,0.0,2.060347505382343e-19,0.0
2019-02-20,6.462662976183245e-05,0.0,0.6,0.39999999999999997,0.0,2.060347505382343e-19,0.0
2019-02-21,-0.0057092762174286715,0.0,0.6,0.39999999999999997,0.0,2.060347505382343e-19,0.0
2019-02-22,0.0061033811947421406,0.0,0.6,0.39999999999999997,0.0,2.060347505382343e-19,0.0
2019-02-25,-0.0003679721452022999,0.0,0.6,0.39999999999999997,0.0,2.060347505382343e-19,0.0
2019-02-26,0.00155070698749431,0.0,0.6,0.39999999999999997,0.0,2.060347505382343e-19,0.0
2019-02-27,-0.00478951579140856,0.0,0.6,0.39999999999999997,0.0,2.060347505382343e-19,0.0
2019-02-28,-0.002478888389941347,0.0,0.6,0.39999999999999997,0.0,2.060347505382343e-19,0.0
2019-03-01,4.884337630080022e-05,0.0,0.6,0.39999999999999997,0.0,2.060347505382343e-19,0.0
2019-03-04,0.0009525408763723987,0.0,0.6,0.39999999999999997,0.0,2.060347505382343e-19,0.0
2019-03-05,2.056760595172671e-05,0.0,0.6,0.39999999999999997,0.0,2.060347505382343e-19,0.0
2019-03-06,-0.002165955228446847,0.0,0.6,0.39999999999999997,0.0,2.060347505382343e-19,0.0
2019-03-07,-0.0024251435161979137,0.0,0.6,0.39999999999999997,0.0,2.060347505382343e-19,0.0
2019-03-08,0.0004850434317457573,0.0,0.6,0.39999999999999997,0.0,2.060347505382343e-19,0.0
2019-03-11,0.007516231696853381,0.0,0.6,0.39999999999999997,0.0,2.060347505382343e-19,0.0
2019-03-12,0.00506752476140364,0.0,0.6,0.39999999999999997,0.0,2.060347505382343e-19,0.0
2019-03-13,0.0032178821430003165,0.0,0.6,0.39999999999999997,0.0,2.060347505382343e-19,0.0
2019-03-14,-0.0032731817696328488,0.0,0.6,0.39999999999999997,0.0,2.060347505382343e-19,0.0
2019-03-15,0.0056100104038048215,0.0,0.6,0.39999999999999997,0.0,2.060347505382343e-19,0.0
2019-03-18,0.0019458233631427292,0.0,0.6,0.39999999999999997,0.0,2.060347505382343e-19,0.0
2019-03-19,-0.0007390093183460067,0.0,0.6,0.39999999999999997,0.0,2.060347505382343e-19,0.0
2019-03-20,0.0023786274452290085,0.0,0.6,0.39999999999999997,0.0,2.060347505382343e-19,0.0
2019-03-21,0.007656788999427676,0.0,0.6,0.39999999999999997,0.0,2.060347505382343e-19,0.0
2019-03-22,-0.005334034969189338,0.0,0.6,0.39999999999999997,0.0,2.060347505382343e-19,0.0
2019-03-25,0.00018963233001956237,0.0,0.6,0.39999999999999997,0.0,2.060347505382343e-19,0.0
2019-03-26,0.004184379897387025,0.0,0.6,0.39999999999999997,0.0,2.060347505382343e-19,0.0
2019-03-27,0.0005435970425440749,0.0,0.6,0.39999999999999997,0.0,2.060347505382343e-19,0.0
2019-03-28,0.003669909096718004,0.0,0.6,0.39999999999999997,0.0,2.060347505382343e-19,0.0
2019-03-29,0.003404090731043174,0.0,0.6,0.39999999999999997,0.0,2.060347505382343e-19,0.0
2019-04-01,0.0014336915352936245,0.0,0.6,0.39999999999999997,0.0,2.060347505382343e-19,0.0
2019-04-02,0.001033925018135573,0.0,0.6,0.39999999999999997,0.0,2.060347505382343e-19,0.0
2019-04-03,0.00035357878522450636,0.4,0.6,0.0,0.4,7.973476074934909e-18,4.8541677228692044e-18
2019-04-04,0.0026101915747223092,0.0,0.6,0.0,0.4,7.973476074934909e-18,4.8541677228692044e-18
2019-04-05,0.002478337790201568,0.0,0.6,0.0,0.4,7.973476074934909e-18,4.8541677228692044e-18
2019-04-08,0.002195318181195116,0.0,0.6,0.0,0.4,7.973476074934909e-18,4.8541677228692044e-18
2019-04-09,-0.0009852569995094649,0.0,0.6,0.0,0.4,7.973476074934909e-18,4.8541677228692044e-18
2019-04-10,0.003281014711061969,0.0,0.6,0.0,0.4,7.973476074934909e-18,4.8541677228692044e-18
2019-04-11,-0.005282771557852151,0.0,0.6,0.0,0.4,7.973476074934909e-18,4.8541677228692044e-18
2019-04-12,0.003541005846997128,0.02035407786301764,0.6,0.020354077863017638,0.3796459221369824,0.0,0.0
2019-04-15,-0.0010580301192372478,0.0,0.6,0.020354077863017638,0.3796459221369824,0.0,0.0
2019-04-16,-0.00313751914250788,0.0,0.6,0.020354077863017638,0.3796459221369824,0.0,0.0
2019-04-17,-0.0021843707143870557,0.0,0.6,0.020354077863017638,0.3796459221369824,0.0,0.0
2019-04-18,0.00157212314713615,0.0,0.6,0.020354077863017638,0.3796459221369824,0.0,0.0
2019-04-22,0.00041945850414133425,0.0,0.6,0.020354077863017638,0.3796459221369824,0.0,0.0
2019-04-23,0.004649749089201688,0.0,0.6,0.020354077863017638,0.3796459221369824,0.0,0.0
2019-04-24,-5.920043418433877e-05,0.0,0.6,0.020354077863017638,0.3796459221369824,0.0,0.0
2019-04-25,-8.418327434131485e-05,0.0,0.6,0.020354077863017638,0.3796459221369824,0.0,0.0
2019-04-26,0.005382486933896508,0.0,0.6,0.020354077863017638,0.3796459221369824,0.0,0.0
2019-04-29,-0.000926197761645595,0.024772303559183646,0.6,0.04512638142220129,0.35487361857779876,2.953282205282793e-19,2.670041915150536e-19
2019-04-30,0.0016240553959308843,0.0,0.6,0.04512638142220129,0.35487361857779876,2.953282205282793e-19,2.670041915150536e-19
2019-05-01,-0.00666617376339197,0.0,0.6,0.04512638142220129,0.35487361857779876,2.953282205282793e-19,2.670041915150536e-19
2019-05-02,-0.002866295452778595,0.0,0.6,0.04512638142220129,0.35487361857779876,2.953282205282793e-19,2.670041915150536e-19
2019-05-03,0.008027528266278179,0.024049229836203032,0.6,0.06917561125840435,0.33082438874159575,3.4791390350538193e-19,6.42910880382982e-20
2019-05-06,-0.001840486635611236,0.0,0.6,0.06917561125840435,0.33082438874159575,3.4791390350538193e-19,6.42910880382982e-20
2019-05-07,-0.008394150594708638,0.0,0.6,0.06917561125840435,0.33082438874159575,3.4791390350538193e-19,6.42910880382982e-20
2019-05-08,-0.0019514229343241402,0.0,0.6,0.06917561125840435,0.33082438874159575,3.4791390350538193e-19,6.42910880382982e-20
2019-05-09,-0.0007386635123146316,0.0,0.6,0.06917561125840435,0.33082438874159575,3.4791390350538193e-19,6.42910880382982e-20
2019-05-10,0.0035479665472277033,0.0,0.6,0.06917561125840435,0.33082438874159575,3.4791390350538193e-19,6.42910880382982e-20
2019-05-13,-0.011210524618867854,0.02297006620298707,0.6,0.0921456774613914,0.30785432253860867,0.0,0.0
2019-05-14,0.004627851429869127,0.0,0.6,0.0921456774613914,0.30785432253860867,0.0,0.0
2019-05-15,0.0039045506060475716,0.0,0.6,0.0921456774613914,0.30785432253860867,0.0,0.0
2019-05-16,0.003036585053632023,0.0,0.6,0.0921456774613914,0.30785432253860867,0.0,0.0
2019-05-17,-0.0058527468610391955,0.0,0.6,0.0921456774613914,0.30785432253860867,0.0,0.0
2019-05-20,-0.004183124596012777,0.0,0.6,0.0921456774613914,0.30785432253860867,0.0,0.0
2019-05-21,0.004548496407603602,0.0,0.6,0.0921456774613914,0.30785432253860867,0.0,0.0
2019-05-22,-0.001621349023454769,0.0,0.6,0.0921456774613914,0.30785432253860867,0.0,0.0
2019-05-23,-0.003913715780523562,0.0,0.6,0.0921456774613914,0.30785432253860867,0.0,0.0
2019-05-24,0.0017708935292365686,0.0,0.6,0.0921456774613914,0.30785432253860867,0.0,0.0
2019-05-28,-0.00585793229343499,0.02275749028944324,0.6,0.11490316775083464,0.28509683224916543,0.0,3.3374784460335293e-19
2019-05-29,-0.0035837443769412966,0.0,0.6,0.11490316775083464,0.28509683224916543,0.0,3.3374784460335293e-19
2019-05-30,0.004560998276184214,0.0,0.6,0.11490316775083464,0.28509683224916543,0.0,3.3374784460335293e-19
2019-05-31,-0.0028045382751333233,0.0,0.6,0.11490316775083464,0.28509683224916543,0.0,3.3374784460335293e-19
2019-06-03,0.003357529814217484,0.0,0.6,0.11490316775083464,0.28509683224916543,0.0,3.3374784460335293e-19
2019-06-04,0.011546888551117991,0.022023615418756734,0.5999999999999999,0.1369267831695913,0.26307321683040874,0.0,0.0
2019-06-05,0.005096083314288445,9.71445146547012e-17,0.6,0.13692678316959134,0.2630732168304088,0.0,0.0
2019-06-06,0.005202947273087691,9.71445146547012e-17,0.5999999999999999,0.1369267831695913,0.26307321683040874,0.0,0.0
2019-06-07,0.008672780706960256,9.71445146547012e-17,0.6,0.13692678316959134,0.2630732168304088,0.0,0.0
2019-06-10,-0.001153884154144609,9.71445146547012e-17,0.5999999999999999,0.1369267831695913,0.26307321683040874,0.0,0.0
2019-06-11,-0.0003393445229535756,0.020507463932971343,0.6,0.15743424710256265,0.2425657528974375,0.0,0.0
2019-06-12,0.00032107068178240073,0.0,0.6,0.15743424710256265,0.2425657528974375,0.0,0.0
2019-06-13,0.0045021141009068,0.0,0.6,0.15743424710256265,0.2425657528974375,0.0,0.0
2019-06-14,-0.0003433063306313253,0.0,0.6,0.15743424710256265,0.2425657528974375,0.0,0.0
2019-06-17,0.00035023307578353454,0.0,0.6,0.15743424710256265,0.2425657528974375,0.0,0.0
2019-06-18,0.00829913461809961,0.0,0.6,0.15743424710256265,0.2425657528974375,0.0,0.0
2019-06-19,0.003049643935694583,0.0,0.6,0.15743424710256265,0.2425657528974375,0.0,0.0
2019-06-20,0.012255510195903974,0.0,0.6,0.15743424710256265,0.2425657528974375,0.0,0.0
2019-06-21,-0.0009921567386612247,0.0,0.6,0.15743424710256265,0.2425657528974375,0.0,0.0
2019-06-24,0.004041444473756622,0.0,0.6,0.15743424710256265,0.2425657528974375,0.0,0.0
2019-06-25,-0.00490593246676816,0.017731259667387422,0.6,0.17516550676995002,0.22483449323005003,0.0,2.978282814677398e-20
2019-06-26,-0.003780212497413943,0.0,0.6,0.17516550676995002,0.22483449323005003,0.0,2.978282814677398e-20
2019-06-27,0.0031421841217129896,0.0,0.6,0.17516550676995002,0.22483449323005003,0.0,2.978282814677398e-20
2019-06-28,0.0035782354322353572,0.0,0.6,0.17516550676995002,0.22483449323005003,0.0,2.978282814677398e-20
2019-07-01,0.0006822384321994775,0.0,0.6,0.17516550676995002,0.22483449323005003,0.0,2.978282814677398e-20
2019-07-02,0.0077162614475748065,0.0,0.6,0.17516550676995002,0.22483449323005003,0.0,2.978282814677398e-20
2019-07-03,0.007648807416900815,0.22483449323005,0.6,0.39999999999999997,0.0,0.0,0.0
2019-07-05,-0.005988166684051265,0.0,0.6,0.39999999999999997,0.0,0.0,0.0
2019-07-08,-0.0027529303700255083,0.0,0.6,0.39999999999999997,0.0,0.0,0.0
2019-07-09,0.0005970895636540518,0.0,0.6,0.39999999999999997,0.0,0.0,0.0
2019-07-10,0.0006639572542427529,0.0,0.6,0.39999999999999997,0.0,0.0,0.0
2019-07-11,-0.003933288700397997,0.0,0.6,0.39999999999999997,0.0,0.0,0.0
2019-07-12,0.0031473686057112093,0.0,0.6,0.39999999999999997,0.0,0.0,0.0
2019-07-15,0.0025032376370683,0.0,0.6,0.39999999999999997,0.0,0.0,0.0
2019-07-16,-0.0031263304823674785,0.0,0.6,0.39999999999999997,0.0,0.0,0.0
2019-07-17,0.00023625781045877228,0.0,0.6,0.39999999999999997,0.0,0.0,0.0
2019-07-18,0.0022268171631066643,0.0,0.6,0.39999999999999997,0.0,0.0,0.0
2019-07-19,-0.004272352840769789,0.0,0.6,0.39999999999999997,0.0,0.0,0.0
2019-07-22,0.002233241989378154,0.0,0.6,0.39999999999999997,0.0,0.0,0.0
2019-07-23,0.0021071213878133934,0.0,0.6,0.39999999999999997,0.0,0.0,0.0
2019-07-24,0.00455714567143195,0.0,0.6,0.39999999999999997,0.0,0.0,0.0
2019-07-25,-0.004778239553323637,0.0,0.6,0.39999999999999997,0.0,0.0,0.0
2019-07-26,0.004965384786744398,0.0,0.6,0.39999999999999997,0.0,0.0,0.0
2019-07-29,-0.0009709111072985,0.0,0.6,0.39999999999999997,0.0,0.0,0.0
2019-07-30,-0.0004997675394800229,0.0,0.6,0.39999999999999997,0.0,0.0,0.0
2019-07-31,-0.0033478043080240162,0.0,0.6,0.39999999999999997,0.0,0.0,0.0
2019-08-01,0.0027193785754285205,0.0,0.6,0.39999999999999997,0.0,0.0,0.0
2019-08-02,-0.0008211037593387261,0.0,0.6,0.39999999999999997,0.0,0.0,0.0
2019-08-05,-0.01112852599734324,0.0,0.6,0.39999999999999997,0.0,0.0,0.0
2019-08-06,0.011611025377934103,0.0,0.6,0.39999999999999997,0.0,0.0,0.0
2019-08-07,0.0004972728512926405,0.0,0.6,0.39999999999999997,0.0,0.0,0.0
2019-08-08,0.012628983768750546,0.0,0.6,0.39999999999999997,0.0,0.0,0.0
2019-08-09,-0.004884927521168048,0.0,0.6,0.39999999999999997,0.0,0.0,0.0
2019-08-12,0.0010359697509825013,0.0,0.6,0.39999999999999997,0.0,0.0,0.0
2019-08-13,0.00795980114051007,0.0,0.6,0.39999999999999997,0.0,0.0,0.0
2019-08-14,-0.008728902451581599,0.0,0.6,0.39999999999999997,0.0,0.0,0.0
2019-08-15,0.006033109961205429,0.0,0.6,0.39999999999999997,0.0,0.0,0.0
2019-08-16,0.005648656111442829,0.0,0.6,0.39999999999999997,0.0,0.0,0.0
2019-08-19,0.0015077985371232394,0.0,0.6,0.39999999999999997,0.0,0.0,0.0
2019-08-20,-0.0004597916950447537,0.0,0.6,0.39999999999999997,0.0,0.0,0.0
2019-08-21,0.002215180822753116,0.0,0.6,0.39999999999999997,0.0,0.0,0.0
2019-08-22,-0.0028408057485487023,0.0,0.6,0.39999999999999997,0.0,0.0,0.0
2019-08-23,-0.008838574455049274,0.0,0.6,0.39999999999999997,0.0,0.0,0.0
2019-08-26,0.005017968168272269,0.0,0.6,0.39999999999999997,0.0,0.0,0.0
2019-08-27,0.0038093669734283074,0.0,0.6,0.39999999999999997,0.0,0.0,0.0
2019-08-28,0.004739927326848692,0.0,0.6,0.39999999999999997,0.0,0.0,0.0
2019-08-29,0.006148127797708236,0.0,0.6,0.39999999999999997,0.0,0.0,0.0
2019-08-30,-0.00015769376685639266,0.0,0.6,0.39999999999999997,0.0,0.0,0.0
2019-09-03,-0.002991320212700233,0.0,0.6,0.39999999999999997,0.0,0.0,0.0
2019-09-04,0.007407804706123588,0.0,0.6,0.39999999999999997,0.0,0.0,0.0
2019-09-05,0.000469175522411369,0.0,0.6,0.39999999999999997,0.0,0.0,0.0
2019-09-06,0.0033091472666360476,0.0,0.6,0.39999999999999997,0.0,0.0,0.0
2019-09-09,-0.006804086331192094,0.0,0.6,0.39999999999999997,0.0,0.0,0.0
2019-09-10,-0.007151951925200839,0.0,0.6,0.39999999999999997,0.0,0.0,0.0
2019-09-11,0.0035558072362935618,0.0,0.6,0.39999999999999997,0.0,0.0,0.0
2019-09-12,-0.0005420209768045134,0.0,0.6,0.39999999999999997,0.0,0.0,0.0
2019-09-13,-0.008942018502371396,0.0,0.6,0.39999999999999997,0.0,0.0,0.0
2019-09-16,0.0032442351495836743,0.0,0.6,0.39999999999999997,0.0,0.0,0.0
2019-09-17,0.0026845142174125023,0.29171036051352267,0.6,0.10828963948647732,0.2917103605135227,6.522534611349721e-19,1.9176168552607524e-19
2019-09-18,-0.001100593621230004,0.00813052614008681,0.6000000000000001,0.10015911334639056,0.2998408866536095,0.0,0.0
2019-09-19,0.0015261933358350537,0.048072062155561236,0.6,0.0520870511908294,0.3479129488091707,1.0077357201816097e-18,1.0084559592458425e-18
2019-09-20,0.0019656888413584314,0.0,0.6,0.0520870511908294,0.3479129488091707,1.0077357201816097e-18,1.0084559592458425e-18
2019-09-23,0.001795153608498163,0.0,0.6,0.0520870511908294,0.3479129488091707,1.0077357201816097e-18,1.0084559592458425e-18
2019-09-24,-0.0022407296989678384,0.0,0.6,0.0520870511908294,0.3479129488091707,1.0077357201816097e-18,1.0084559592458425e-18
2019-09-25,-0.003665139123211699,0.0,0.6,0.0520870511908294,0.3479129488091707,1.0077357201816097e-18,1.0084559592458425e-18
2019-09-26,-0.0010130448675140771,0.0,0.6,0.0520870511908294,0.3479129488091707,1.0077357201816097e-18,1.0084559592458425e-18
2019-09-27,-0.004895473974299847,0.0,0.6,0.0520870511908294,0.3479129488091707,1.0077357201816097e-18,1.0084559592458425e-18
2019-09-30,-0.0024911306185229345,0.0,0.6,0.0520870511908294,0.3479129488091707,1.0077357201816097e-18,1.0084559592458425e-18
2019-10-01,-0.005076002373859374,0.0,0.6,0.0520870511908294,0.3479129488091707,1.0077357201816097e-18,1.0084559592458425e-18
2019-10-02,-0.009621474524539916,0.34791294880917045,0.6000000000000001,0.39999999999999974,2.237038821034614e-16,0.0,0.0
2019-10-03,0.008564686822493249,5.551115123125783e-17,0.6,0.39999999999999974,2.237038821034614e-16,0.0,0.0
2019-10-04,0.011072419300665711,0.0,0.6,0.39999999999999974,2.237038821034614e-16,0.0,0.0
2019-10-07,-0.005904144148904899,0.0,0.6,0.39999999999999974,2.237038821034614e-16,0.0,0.0
2019-10-08,-0.008237528874562215,0.0,0.6,0.39999999999999974,2.237038821034614e-16,0.0,0.0
2019-10-09,0.003438476646120138,0.0,0.6,0.39999999999999974,2.237038821034614e-16,0.0,0.0
2019-10-10,-0.0018996092387360422,0.0,0.6,0.39999999999999974,2.237038821034614e-16,0.0,0.0
2019-10-11,0.001269519245730379,0.0,0.6,0.39999999999999974,2.237038821034614e-16,0.0,0.0
2019-10-14,0.002236632403773097,0.0,0.6,0.39999999999999974,2.237038821034614e-16,0.0,0.0
2019-10-15,0.0011052433925609513,0.0,0.6,0.39999999999999974,2.237038821034614e-16,0.0,0.0
2019-10-16,-9.008335825496077e-05,0.08578357061410347,0.6,0.31421642938589633,0.08578357061410374,0.0,0.0
2019-10-17,0.0007976761167223233,0.08578357061410372,0.6,0.4,0.0,0.0,0.0
2019-10-18,-0.002626298188525955,0.0,0.6,0.4,0.0,0.0,0.0
2019-10-21,0.0010583692869094992,0.0,0.6,0.4,0.0,0.0,0.0
2019-10-22,0.00037874327514033626,0.0,0.6,0.4,0.0,0.0,0.0
2019-10-23,0.0021477938331463165,0.0,0.6,0.4,0.0,0.0,0.0
2019-10-24,0.00017731679011228068,0.0,0.6,0.4,0.0,0.0,0.0
2019-10-25,0.0005029954734894647,0.0,0.6,0.4,0.0,0.0,0.0
2019-10-28,-0.00025654512101800373,0.0,0.6,0.4,0.0,0.0,0.0
2019-10-29,8.451438826648783e-05,0.0,0.6,0.4,0.0,0.0,0.0
2019-10-30,0.007693938734004613,0.0,0.6,0.4,0.0,0.0,0.0
2019-10-31,0.0037980658641801005,0.0,0.6,0.4,0.0,0.0,0.0
2019-11-01,0.004327006423484691,0.0,0.6,0.4,0.0,0.0,0.0
2019-11-04,-0.002854006090000239,0.0,0.6,0.4,0.0,0.0,0.0
2019-11-05,-0.0051621823720795715,0.0,0.6,0.4,0.0,0.0,0.0
2019-11-06,0.0025574698706832604,0.0,0.6,0.4,0.0,0.0,0.0
2019-11-07,-0.005137476244206818,0.0,0.6,0.4,0.0,0.0,0.0
2019-11-08,-0.0002034282252788345,0.0,0.6,0.4,0.0,0.0,0.0
2019-11-11,-0.0008788141278440963,0.0,0.6,0.4,0.0,0.0,0.0
2019-11-12,0.003101698827850363,0.0,0.6,0.4,0.0,0.0,0.0
2019-11-13,0.0027898793814177484,0.0,0.6,0.4,0.0,0.0,0.0
2019-11-14,0.005005063247311892,0.0,0.6,0.4,0.0,0.0,0.0
2019-11-15,0.003907020859264465,0.0,0.6,0.4,0.0,0.0,0.0
2019-11-18,0.001168413905427146,0.0,0.6,0.4,0.0,0.0,0.0
2019-11-19,0.003160157298468014,0.0,0.6,0.4,0.0,0.0,0.0
2019-11-20,0.0019078647952158745,0.0,0.6,0.4,0.0,0.0,0.0
2019-11-21,-0.0034690829973701657,0.0,0.6,0.4,0.0,0.0,0.0
2019-11-22,0.0018497235824416868,0.0,0.6,0.4,0.0,0.0,0.0
2019-11-25,0.005822333111651278,0.0,0.6,0.4,0.0,0.0,0.0
2019-11-26,0.0036968880877720433,0.0,0.6,0.4,0.0,0.0,0.0
2019-11-27,0.001512844624673404,0.0,0.6,0.4,0.0,0.0,0.0
2019-11-29,-0.003078134153151035,0.0,0.6,0.4,0.0,0.0,0.0
2019-12-02,-0.010430055412868944,0.0,0.6,0.4,0.0,0.0,0.0
2019-12-03,0.004362940427164919,0.0,0.6,0.4,0.0,0.0,0.0
2019-12-04,-0.00029195962192445427,0.0,0.6,0.4,0.0,0.0,0.0
2019-12-05,-0.0008668710904536693,0.0,0.6,0.4,0.0,0.0,0.0
2019-12-06,0.0032667653606230918,0.0,0.6,0.4,0.0,0.0,0.0
2019-12-09,-0.0010194476583775369,0.0,0.6,0.4,0.0,0.0,0.0
2019-12-10,-0.0006401880792259229,0.0,0.6,0.4,0.0,0.0,0.0
2019-12-11,0.004847825368238912,0.0,0.6,0.4,0.0,0.0,0.0
2019-12-12,-0.0014117658155424987,0.0,0.6,0.4,0.0,0.0,0.0
2019-12-13,0.004986346570811807,0.0,0.6,0.4,0.0,0.0,0.0
2019-12-16,0.0005262642943163697,0.0,0.6,0.4,0.0,0.0,0.0
2019-12-17,-0.00042023833377431426,0.0,0.6,0.4,0.0,0.0,0.0
2019-12-18,-0.003247183115715968,0.0,0.6,0.4,0.0,0.0,0.0
2019-12-19,0.0030993456653578113,0.0,0.6,0.4,0.0,0.0,0.0
2019-12-20,0.003157917005786004,0.0,0.6,0.4,0.0,0.0,0.0
2019-12-23,0.00033153658668290116,0.0,0.6,0.4,0.0,0.0,0.0
2019-12-24,0.0011617224900164925,0.0,0.6,0.4,0.0,0.0,0.0
2019-12-26,0.004158474679889812,0.0,0.6,0.4,0.0,0.0,0.0
2019-12-27,0.0002890986460140965,0.0,0.6,0.4,0.0,0.0,0.0
2019-12-30,-0.004764385000450955,0.0,0.6,0.4,0.0,0.0,0.0
2019-12-31,-0.0024601475674875584,0.0,0.6,0.4,0.0,0.0,0.0
2020-01-02,0.008940340062948976,0.3011569079264418,0.6,0.09884309207355818,0.3011569079264418,0.0,0.0
2020-01-03,0.0009746283672635816,0.0,0.6,0.09884309207355818,0.3011569079264418,0.0,0.0
2020-01-06,0.004886763147488983,0.0,0.6,0.09884309207355818,0.3011569079264418,0.0,0.0
2020-01-07,-0.000987831364705343,0.0,0.6,0.09884309207355818,0.3011569079264418,0.0,0.0
2020-01-08,0.0002853045045002209,0.0,0.6,0.09884309207355818,0.3011569079264418,0.0,0.0
2020-01-09,0.0027130905490285098,0.0,0.6,0.09884309207355818,0.3011569079264418,0.0,0.0
2020-01-10,0.0009671024686856182,0.0,0.6,0.09884309207355818,0.3011569079264418,0.0,0.0
2020-01-13,0.00159218290031354,0.0,0.6,0.09884309207355818,0.3011569079264418,0.0,0.0
2020-01-14,-0.0006020669941349123,0.012069804614399708,0.6,0.11091289668795788,0.28908710331204207,0.0,0.0
2020-01-15,0.0037779614518278146,0.0,0.6,0.11091289668795788,0.28908710331204207,0.0,0.0
2020-01-16,0.004188069112965411,0.0,0.6,0.11091289668795788,0.28908710331204207,0.0,0.0
2020-01-17,0.0014527760228209398,0.0,0.6,0.11091289668795788,0.28908710331204207,0.0,0.0
2020-01-21,0.00030602889209083227,0.0,0.6,0.11091289668795788,0.28908710331204207,0.0,0.0
2020-01-22,0.0005605556368344216,0.0,0.6,0.11091289668795788,0.28908710331204207,0.0,0.0
2020-01-23,0.0021144732415338792,0.0,0.6,0.11091289668795788,0.28908710331204207,0.0,0.0
2020-01-24,-0.0027488063682030916,0.0,0.6,0.11091289668795788,0.28908710331204207,0.0,0.0
2020-01-27,-0.005919383710008658,0.0,0.6,0.11091289668795788,0.28908710331204207,0.0,0.0
2020-01-28,0.002838290993344815,0.0,0.6,0.11091289668795788,0.28908710331204207,0.0,0.0
2020-01-29,0.002209108767883497,0.012349663134552623,0.6,0.12326255982251058,0.2767374401774895,3.009705967259434e-19,6.564683258499901e-20
2020-01-30,0.0019829566998825292,0.0,0.6,0.12326255982251058,0.2767374401774895,3.009705967259434e-19,6.564683258499901e-20
2020-01-31,-0.008166393142243957,0.0,0.6,0.12326255982251058,0.2767374401774895,3.009705967259434e-19,6.564683258499901e-20
2020-02-03,0.0026289967363798635,0.0122053524883005,0.6,0.13546791231081107,0.264532087689189,0.0,0.0
2020-02-04,0.0038792820641294647,0.0,0.6,0.13546791231081107,0.264532087689189,0.0,0.0
2020-02-05,0.005772467404818839,0.0,0.6,0.13546791231081107,0.264532087689189,0.0,0.0
2020-02-06,0.004054947641003764,0.0,0.6,0.13546791231081107,0.264532087689189,0.0,0.0
2020-02-07,-0.000807423930518524,0.0,0.6,0.13546791231081107,0.264532087689189,0.0,0.0
2020-02-10,0.005534448559566703,0.0,0.6,0.13546791231081107,0.264532087689189,0.0,0.0
2020-02-11,-0.0005533874914811488,0.0,0.6,0.13546791231081107,0.264532087689189,0.0,0.0
2020-02-12,0.002913894236708784,0.011844118092104325,0.6,0.14731203040291538,0.25268796959708467,0.0,1.8545029089107848e-19
2020-02-13,0.0013636079973741862,0.0,0.6,0.14731203040291538,0.25268796959708467,0.0,1.8545029089107848e-19
2020-02-14,0.0026621601216105855,0.0,0.6,0.14731203040291538,0.25268796959708467,0.0,1.8545029089107848e-19
2020-02-18,0.0027017868556577663,0.0,0.6,0.14731203040291538,0.25268796959708467,0.0,1.8545029089107848e-19
2020-02-19,0.004332082415215075,0.0,0.6,0.14731203040291538,0.25268796959708467,0.0,1.8545029089107848e-19
2020-02-20,-0.000278741968088383,0.0,0.6,0.14731203040291538,0.25268796959708467,0.0,1.8545029089107848e-19
2020-02-21,-0.0010064052389382012,0.0,0.6,0.14731203040291538,0.25268796959708467,0.0,1.8545029089107848e-19
2020-02-24,-0.015429559022499676,0.0,0.6,0.14731203040291538,0.25268796959708467,0.0,1.8545029089107848e-19
2020-02-25,-0.021913482004507205,0.0,0.6,0.14731203040291538,0.25268796959708467,0.0,1.8545029089107848e-19
2020-02-26,-0.0018828633923297473,0.0,0.6,0.14731203040291538,0.25268796959708467,0.0,1.8545029089107848e-19
2020-02-27,-0.02517798589056347,0.011429810363681667,0.6,0.15874184076659706,0.24125815923340302,1.4536049786872657e-20,3.852132333455726e-20
2020-02-28,-0.008353017722647037,0.49396537745380503,0.10603462254619493,0.3018043093189777,0.38418612170254796,1.5260611985649142e-18,0.2079749464322794
2020-03-02,0.0033971332919406415,0.0,0.10603462254619493,0.3018043093189777,0.38418612170254796,1.5260611985649142e-18,0.2079749464322794
2020-03-03,0.012859337144023559,0.0,0.10603462254619493,0.3018043093189777,0.38418612170254796,1.5260611985649142e-18,0.2079749464322794
2020-03-04,0.002735337900005671,0.02178360567990658,0.11347667340643719,0.31614586413864204,0.3775843002904669,0.0,0.19279316216445386
2020-03-05,0.010791516167554114,0.0,0.11347667340643719,0.31614586413864204,0.3775843002904669,0.0,0.19279316216445386
2020-03-06,0.013616005487148513,0.0,0.11347667340643719,0.31614586413864204,0.3775843002904669,0.0,0.19279316216445386
2020-03-09,-0.0017445063645825792,0.0,0.11347667340643719,0.31614586413864204,0.3775843002904669,0.0,0.19279316216445386
2020-03-10,-0.015454882733585178,0.0,0.11347667340643719,0.31614586413864204,0.3775843002904669,0.0,0.19279316216445386
2020-03-11,-0.0182141174353599,0.0,0.11347667340643719,0.31614586413864204,0.3775843002904669,0.0,0.19279316216445386
2020-03-12,-0.022259490290184446,0.01744968247907848,0.1183344405137903,0.3287377795103674,0.3734382499995255,2.6014045101530734e-19,0.1794895299763168
2020-03-13,-0.0019217700425178343,0.0,0.1183344405137903,0.3287377795103674,0.3734382499995255,2.6014045101530734e-19,0.1794895299763168
2020-03-16,-0.0016883508019550214,0.0,0.1183344405137903,0.3287377795103674,0.3734382499995255,2.6014045101530734e-19,0.1794895299763168
2020-03-17,-0.007293854357538425,0.0,0.1183344405137903,0.3287377795103674,0.3734382499995255,2.6014045101530734e-19,0.1794895299763168
2020-03-18,-0.029253603118229488,0.0,0.1183344405137903,0.3287377795103674,0.3734382499995255,2.6014045101530734e-19,0.1794895299763168
2020-03-19,0.0063932317489857945,0.0,0.1183344405137903,0.3287377795103674,0.3734382499995255,2.6014045101530734e-19,0.1794895299763168
2020-03-20,0.024708785797426074,0.0,0.1183344405137903,0.3287377795103674,0.3734382499995255,2.6014045101530734e-19,0.1794895299763168
2020-03-23,0.026763645198264643,0.0,0.1183344405137903,0.3287377795103674,0.3734382499995255,2.6014045101530734e-19,0.1794895299763168
2020-03-24,0.02067162235310803,0.0,0.1183344405137903,0.3287377795103674,0.3734382499995255,2.6014045101530734e-19,0.1794895299763168
2020-03-25,-0.00577507390400838,0.0,0.1183344405137903,0.3287377795103674,0.3734382499995255,2.6014045101530734e-19,0.1794895299763168
2020-03-26,0.010506596697522097,0.004080408370523744,0.11867685312338466,0.3324757752712968,0.37240456043944553,0.0,0.17644281116587301
2020-03-27,0.0014936219234778147,0.0,0.11867685312338466,0.3324757752712968,0.37240456043944553,0.0,0.17644281116587301
2020-03-30,0.0035490532331563076,0.0,0.11867685312338466,0.3324757752712968,0.37240456043944553,0.0,0.17644281116587301
2020-03-31,-0.01645884491524841,0.0,0.11867685312338466,0.3324757752712968,0.37240456043944553,0.0,0.17644281116587301
2020-04-01,0.003956475430283159,0.0,0.11867685312338466,0.3324757752712968,0.37240456043944553,0.0,0.17644281116587301
2020-04-02,0.011879931472628742,0.007945626100791268,0.1194815428228098,0.33961671167266294,0.37142086669826263,0.0,0.16948087880626467
2020-04-03,0.0018517773804080976,0.0,0.1194815428228098,0.33961671167266294,0.37142086669826263,0.0,0.16948087880626467
2020-04-06,0.017492611414812877,0.0,0.1194815428228098,0.33961671167266294,0.37142086669826263,0.0,0.16948087880626467
2020-04-07,-0.006975418655556899,0.0,0.1194815428228098,0.33961671167266294,0.37142086669826263,0.0,0.16948087880626467
2020-04-08,-0.0011423881367866482,0.0,0.1194815428228098,0.33961671167266294,0.37142086669826263,0.0,0.16948087880626467
2020-04-09,0.011022412701653548,0.0062775290392778765,0.12250854579473332,0.3414379125122989,0.372850191925981,5.195334140006195e-20,0.16320334976698675
2020-04-13,0.001912994961554215,0.0,0.12250854579473332,0.3414379125122989,0.372850191925981,5.195334140006195e-20,0.16320334976698675
2020-04-14,0.005553738661147621,0.0,0.12250854579473332,0.3414379125122989,0.372850191925981,5.195334140006195e-20,0.16320334976698675
2020-04-15,0.005758603442383892,0.0,0.12250854579473332,0.3414379125122989,0.372850191925981,5.195334140006195e-20,0.16320334976698675
2020-04-16,0.004872606351499418,0.0,0.12250854579473332,0.3414379125122989,0.372850191925981,5.195334140006195e-20,0.16320334976698675
2020-04-17,-0.008928897335081055,0.0,0.12250854579473332,0.3414379125122989,0.372850191925981,5.195334140006195e-20,0.16320334976698675
2020-04-20,0.0037893337454609597,0.0,0.12250854579473332,0.3414379125122989,0.372850191925981,5.195334140006195e-20,0.16320334976698675
2020-04-21,-0.0017242916637709776,0.0,0.12250854579473332,0.3414379125122989,0.372850191925981,5.195334140006195e-20,0.16320334976698675
2020-04-22,0.007045923877691274,0.0,0.12250854579473332,0.3414379125122989,0.372850191925981,5.195334140006195e-20,0.16320334976698675
2020-04-23,0.005575268731201985,0.0,0.12250854579473332,0.3414379125122989,0.372850191925981,5.195334140006195e-20,0.16320334976698675
2020-04-24,0.0006020622897712521,0.009907258652384753,0.12508865416091702,0.34510485173350564,0.37651040299097527,0.0,0.15329609111460196
2020-04-27,-0.007515093978374575,8.326672684688674e-17,0.12508865416091705,0.3451048517335057,0.3765104029909753,0.0,0.153296091114602
2020-04-28,0.0015497459602328225,0.0,0.12508865416091705,0.3451048517335057,0.3765104029909753,0.0,0.153296091114602
2020-04-29,0.002944381665002363,0.0,0.12508865416091705,0.3451048517335057,0.3765104029909753,0.0,0.153296091114602
2020-04-30,-0.01298219891360647,0.0,0.12508865416091705,0.3451048517335057,0.3765104029909753,0.0,0.153296091114602
2020-05-01,0.0021389598719088127,0.0,0.12508865416091705,0.3451048517335057,0.3765104029909753,0.0,0.153296091114602
2020-05-04,0.0008596037328486903,0.008677244090305153,0.12835721872478936,0.34735639014434727,0.37966754410656656,0.0,0.1446188470242968
2020-05-05,0.0006798885712991747,0.0,0.12835721872478936,0.34735639014434727,0.37966754410656656,0.0,0.1446188470242968
2020-05-06,-0.010659087358522501,0.0,0.12835721872478936,0.34735639014434727,0.37966754410656656,0.0,0.1446188470242968
2020-05-07,0.012753457894781849,0.0,0.12835721872478936,0.34735639014434727,0.37966754410656656,0.0,0.1446188470242968
2020-05-08,-0.004682315149382398,0.0068688482139583895,0.1311350386899436,0.34565836548112283,0.3837585723553707,6.546455098342813e-19,0.13944802347356286
2020-05-11,-0.004547623890038658,0.0,0.1311350386899436,0.34565836548112283,0.3837585723553707,6.546455098342813e-19,0.13944802347356286
2020-05-12,0.0021698212838219422,0.0,0.1311350386899436,0.34565836548112283,0.3837585723553707,6.546455098342813e-19,0.13944802347356286
2020-05-13,0.004049322785795757,0.0,0.1311350386899436,0.34565836548112283,0.3837585723553707,6.546455098342813e-19,0.13944802347356286
2020-05-14,0.008502855769173711,0.0,0.1311350386899436,0.34565836548112283,0.3837585723553707,6.546455098342813e-19,0.13944802347356286
2020-05-15,0.001982312597323925,0.0,0.1311350386899436,0.34565836548112283,0.3837585723553707,6.546455098342813e-19,0.13944802347356286
2020-05-18,-0.007625938838785821,0.0,0.1311350386899436,0.34565836548112283,0.3837585723553707,6.546455098342813e-19,0.13944802347356286
2020-05-19,0.0035462376845859216,0.0,0.1311350386899436,0.34565836548112283,0.3837585723553707,6.546455098342813e-19,0.13944802347356286
2020-05-20,0.0037078442956904366,0.0,0.1311350386899436,0.34565836548112283,0.3837585723553707,6.546455098342813e-19,0.13944802347356286
2020-05-21,-0.0053242672470016125,0.0,0.1311350386899436,0.34565836548112283,0.3837585723553707,6.546455098342813e-19,0.13944802347356286
2020-05-22,0.005018606245643067,0.007135976525953186,0.13506593637650557,0.34554834776662774,0.38696365119476195,7.533915797854282e-20,0.1324220646621048
2020-05-26,-0.009451500193303902,0.0,0.13506593637650557,0.34554834776662774,0.38696365119476195,7.533915797854282e-20,0.1324220646621048
2020-05-27,0.0020229241679363486,0.0,0.13506593637650557,0.34554834776662774,0.38696365119476195,7.533915797854282e-20,0.1324220646621048
2020-05-28,-0.0009165980744038392,0.0,0.13506593637650557,0.34554834776662774,0.38696365119476195,7.533915797854282e-20,0.1324220646621048
2020-05-29,0.005718068485298921,0.0,0.13506593637650557,0.34554834776662774,0.38696365119476195,7.533915797854282e-20,0.1324220646621048
2020-06-01,-0.0007457036636435966,0.0,0.13506593637650557,0.34554834776662774,0.38696365119476195,7.533915797854282e-20,0.1324220646621048
2020-06-02,-0.0027944547493278992,0.0,0.13506593637650557,0.34554834776662774,0.38696365119476195,7.533915797854282e-20,0.1324220646621048
2020-06-03,-0.010778155638545128,0.011234818004526873,0.13727574354756905,0.3414347153029732,0.3959886620282253,0.0,0.12530087912123242
2020-06-04,-0.0016131206652364605,0.0,0.13727574354756905,0.3414347153029732,0.3959886620282253,0.0,0.12530087912123242
2020-06-05,-0.00670318108942468,0.0,0.13727574354756905,0.3414347153029732,0.3959886620282253,0.0,0.12530087912123242
2020-06-08,0.00704249461984365,0.010898292838323387,0.1414395295854268,0.336484943620835,0.4027231688286909,0.0,0.11935235796504723
2020-06-09,0.006285073414904963,0.0,0.1414395295854268,0.336484943620835,0.4027231688286909,0.0,0.11935235796504723
2020-06-10,0.009373443878158905,0.0,0.1414395295854268,0.336484943620835,0.4027231688286909,0.0,0.11935235796504723
2020-06-11,-0.00350230050075783,0.0,0.1414395295854268,0.336484943620835,0.4027231688286909,0.0,0.11935235796504723
2020-06-12,-0.0006609730122592804,0.0,0.1414395295854268,0.336484943620835,0.4027231688286909,0.0,0.11935235796504723
2020-06-15,0.0002888535396100128,0.0,0.1414395295854268,0.336484943620835,0.4027231688286909,0.0,0.11935235796504723
2020-06-16,-0.0022704831599831975,0.0,0.1414395295854268,0.336484943620835,0.4027231688286909,0.0,0.11935235796504723
2020-06-17,0.0016620096822301772,0.0,0.1414395295854268,0.336484943620835,0.4027231688286909,0.0,0.11935235796504723
2020-06-18,0.003278904394097152,0.0,0.1414395295854268,0.336484943620835,0.4027231688286909,0.0,0.11935235796504723
2020-06-19,0.00404045484086114,0.0,0.1414395295854268,0.336484943620835,0.4027231688286909,0.0,0.11935235796504723
2020-06-22,0.003020193469700361,0.010194369171031337,0.14367269878013664,0.33327306207583196,0.41068436880501247,2.6362823208454328e-19,0.11236987033901896
2020-06-23,0.0014561276595635572,0.0,0.14367269878013664,0.33327306207583196,0.41068436880501247,2.6362823208454328e-19,0.11236987033901896
2020-06-24,-0.001005809775587025,0.0,0.14367269878013664,0.33327306207583196,0.41068436880501247,2.6362823208454328e-19,0.11236987033901896
2020-06-25,0.002424953566547897,0.0,0.14367269878013664,0.33327306207583196,0.41068436880501247,2.6362823208454328e-19,0.11236987033901896
2020-06-26,0.0021582455791625383,0.0,0.14367269878013664,0.33327306207583196,0.41068436880501247,2.6362823208454328e-19,0.11236987033901896
2020-06-29,0.0013276874173460873,0.0,0.14367269878013664,0.33327306207583196,0.41068436880501247,2.6362823208454328e-19,0.11236987033901896
2020-06-30,0.0018749519544247735,0.0,0.14367269878013664,0.33327306207583196,0.41068436880501247,2.6362823208454328e-19,0.11236987033901896
2020-07-01,-0.0017372258539544447,0.0,0.14367269878013664,0.33327306207583196,0.41068436880501247,2.6362823208454328e-19,0.11236987033901896
2020-07-02,0.0021348461451427634,0.010482868056586138,0.14653457394995625,0.33294035961139073,0.41830536169177895,2.0837662686693027e-19,0.10221970474687402
2020-07-06,0.002859252790392032,0.0,0.14653457394995625,0.33294035961139073,0.41830536169177895,2.0837662686693027e-19,0.10221970474687402
2020-07-07,0.006017922268657567,0.011071132355343821,0.1496165965374925,0.3314181472497084,0.42629447145958654,3.153578462482476e-19,0.09267078475321254
2020-07-08,0.00197322352348427,0.0,0.1496165965374925,0.3314181472497084,0.42629447145958654,3.153578462482476e-19,0.09267078475321254
2020-07-09,0.0035923202331582245,0.0,0.1496165965374925,0.3314181472497084,0.42629447145958654,3.153578462482476e-19,0.09267078475321254
2020-07-10,-0.0013851848060747057,0.0,0.1496165965374925,0.3314181472497084,0.42629447145958654,3.153578462482476e-19,0.09267078475321254
2020-07-13,0.0001874997359457782,0.0,0.1496165965374925,0.3314181472497084,0.42629447145958654,3.153578462482476e-19,0.09267078475321254
2020-07-14,0.004225717230761199,0.0,0.1496165965374925,0.3314181472497084,0.42629447145958654,3.153578462482476e-19,0.09267078475321254
2020-07-15,-4.57768176033678e-05,0.0,0.1496165965374925,0.3314181472497084,0.42629447145958654,3.153578462482476e-19,0.09267078475321254
2020-07-16,-0.0026266180876675684,0.0,0.1496165965374925,0.3314181472497084,0.42629447145958654,3.153578462482476e-19,0.09267078475321254
2020-07-17,0.002860196102368071,0.0,0.1496165965374925,0.3314181472497084,0.42629447145958654,3.153578462482476e-19,0.09267078475321254
2020-07-20,0.00393574120243821,0.0,0.1496165965374925,0.3314181472497084,0.42629447145958654,3.153578462482476e-19,0.09267078475321254
2020-07-21,0.0052654954749647665,0.013575073225385308,0.15366259141747102,0.33341756357583285,0.43382413347886895,6.185649771897356e-19,0.07909571152782727
2020-07-22,0.008251145434848861,0.0,0.15366259141747102,0.33341756357583285,0.43382413347886895,6.185649771897356e-19,0.07909571152782727
2020-07-23,0.005735784419442774,0.0,0.15366259141747102,0.33341756357583285,0.43382413347886895,6.185649771897356e-19,0.07909571152782727
2020-07-24,0.0023726871021459597,0.0,0.15366259141747102,0.33341756357583285,0.43382413347886895,6.185649771897356e-19,0.07909571152782727
2020-07-27,0.007863393300392804,0.0,0.15366259141747102,0.33341756357583285,0.43382413347886895,6.185649771897356e-19,0.07909571152782727
2020-07-28,0.005075689937971752,0.0,0.15366259141747102,0.33341756357583285,0.43382413347886895,6.185649771897356e-19,0.07909571152782727
2020-07-29,0.0042056574086548676,0.0,0.15366259141747102,0.33341756357583285,0.43382413347886895,6.185649771897356e-19,0.07909571152782727
2020-07-30,-0.001875265939918401,0.0,0.15366259141747102,0.33341756357583285,0.43382413347886895,6.185649771897356e-19,0.07909571152782727
2020-07-31,0.0054146926462286925,0.0,0.15366259141747102,0.33341756357583285,0.43382413347886895,6.185649771897356e-19,0.07909571152782727
2020-08-03,-9.88098958649309e-05,0.019573355749415527,0.15723949245821026,0.337103541297139,0.4461346104662391,1.5765559945874103e-19,0.05952235577841173
2020-08-04,0.013462346274232092,0.01839666156145427,0.16078754754982053,0.34001739443073237,0.45806936380248975,1.4265561765978714e-19,0.0411256942169575
2020-08-05,0.0020987103467164365,1.0061396160665481e-16,0.1607875475498205,0.3400173944307323,0.45806936380248964,1.4265561765978712e-19,0.04112569421695749
2020-08-06,0.009054584912835362,7.28583859910259e-17,0.16078754754982053,0.34001739443073237,0.4580693638024897,1.4265561765978714e-19,0.0411256942169575
2020-08-07,-0.009181667924177335,1.0061396160665481e-16,0.1607875475498205,0.3400173944307323,0.4580693638024896,1.4265561765978712e-19,0.04112569421695749
2020-08-10,-0.00255991254879553,7.28583859910259e-17,0.16078754754982053,0.34001739443073237,0.45806936380248964,1.4265561765978714e-19,0.0411256942169575
2020-08-11,-0.029898932143962546,0.0,0.16078754754982053,0.34001739443073237,0.45806936380248964,1.4265561765978714e-19,0.0411256942169575
2020-08-12,-0.003119642978097802,0.0,0.16078754754982053,0.34001739443073237,0.45806936380248964,1.4265561765978714e-19,0.0411256942169575
2020-08-13,0.006877623692443883,0.0,0.16078754754982053,0.34001739443073237,0.45806936380248964,1.4265561765978714e-19,0.0411256942169575
2020-08-14,-0.003362760763545551,0.0,0.16078754754982053,0.34001739443073237,0.45806936380248964,1.4265561765978714e-19,0.0411256942169575
2020-08-17,0.011122647114941585,0.0,0.16078754754982053,0.34001739443073237,0.45806936380248964,1.4265561765978714e-19,0.0411256942169575
2020-08-18,0.006871589840178336,0.016023129513250738,0.1647703869603389,0.3391730848489087,0.470109653905222,8.14944149377014e-19,0.025946874285530483
2020-08-19,-0.017437359489850437,0.0,0.1647703869603389,0.3391730848489087,0.470109653905222,8.14944149377014e-19,0.025946874285530483
2020-08-20,0.006756781482979776,0.0,0.1647703869603389,0.3391730848489087,0.470109653905222,8.14944149377014e-19,0.025946874285530483
2020-08-21,-0.0010246826514255345,0.0,0.1647703869603389,0.3391730848489087,0.470109653905222,8.14944149377014e-19,0.025946874285530483
2020-08-24,-0.0015003225364845648,0.0,0.1647703869603389,0.3391730848489087,0.470109653905222,8.14944149377014e-19,0.025946874285530483
2020-08-25,-0.001540517362480121,0.0,0.1647703869603389,0.3391730848489087,0.470109653905222,8.14944149377014e-19,0.025946874285530483
2020-08-26,0.005874606154735404,0.0,0.1647703869603389,0.3391730848489087,0.470109653905222,8.14944149377014e-19,0.025946874285530483
2020-08-27,-0.010813173450932387,0.0,0.1647703869603389,0.3391730848489087,0.470109653905222,8.14944149377014e-19,0.025946874285530483
2020-08-28,0.008776148889764745,0.0,0.1647703869603389,0.3391730848489087,0.470109653905222,8.14944149377014e-19,0.025946874285530483
2020-08-31,0.0027461822733181587,0.0,0.1647703869603389,0.3391730848489087,0.470109653905222,8.14944149377014e-19,0.025946874285530483
2020-09-01,0.006090384321395512,0.012310153835232587,0.16977711828397718,0.340761314760719,0.4758248465050059,0.0,0.013636720450297794
2020-09-02,-0.0004994121169380186,0.0,0.16977711828397718,0.340761314760719,0.4758248465050059,0.0,0.013636720450297794
2020-09-03,-0.00872518446933871,0.0,0.16977711828397718,0.340761314760719,0.4758248465050059,0.0,0.013636720450297794
2020-09-04,-0.006521500182712011,0.0,0.16977711828397718,0.340761314760719,0.4758248465050059,0.0,0.013636720450297794
2020-09-08,-0.003391178782333179,0.0,0.16977711828397718,0.340761314760719,0.4758248465050059,0.0,0.013636720450297794
2020-09-09,0.00703476707075578,0.0,0.16977711828397718,0.340761314760719,0.4758248465050059,0.0,0.013636720450297794
2020-09-10,-0.0027225466201877112,0.0,0.16977711828397718,0.340761314760719,0.4758248465050059,0.0,0.013636720450297794
2020-09-11,0.000759852355672848,0.0,0.16977711828397718,0.340761314760719,0.4758248465050059,0.0,0.013636720450297794
2020-09-14,0.005938481394685622,0.0,0.16977711828397718,0.340761314760719,0.4758248465050059,0.0,0.013636720450297794
2020-09-15,-0.0010988549866728509,0.0,0.16977711828397718,0.340761314760719,0.4758248465050059,0.0,0.013636720450297794
2020-09-16,-0.00034167565816983086,0.007924708420116569,0.17709288246568675,0.33565512052101376,0.47643379074341297,0.0,0.010818206269886556
2020-09-17,-0.0031858709783222482,0.0,0.17709288246568675,0.33565512052101376,0.47643379074341297,0.0,0.010818206269886556
2020-09-18,-0.002444144765291311,0.0,0.17709288246568675,0.33565512052101376,0.47643379074341297,0.0,0.010818206269886556
2020-09-21,-0.009760497862166076,0.0,0.17709288246568675,0.33565512052101376,0.47643379074341297,0.0,0.010818206269886556
2020-09-22,-0.0007323562224261541,0.0,0.17709288246568675,0.33565512052101376,0.47643379074341297,0.0,0.010818206269886556
2020-09-23,-0.013891634532307004,0.0,0.17709288246568675,0.33565512052101376,0.47643379074341297,0.0,0.010818206269886556
2020-09-24,0.003512177063669306,0.0,0.17709288246568675,0.33565512052101376,0.47643379074341297,0.0,0.010818206269886556
2020-09-25,0.0015349331125426569,0.0,0.17709288246568675,0.33565512052101376,0.47643379074341297,0.0,0.010818206269886556
2020-09-28,0.0067725074073633415,0.004445160549439793,0.1791675426262648,0.33802562090987553,0.4753313760847655,0.0,0.007475460379094266
2020-09-29,0.003279644062701796,0.01782203702665831,0.19069334909735355,0.3443218514654451,0.46498479943720145,0.0,2.065260160932772e-18
2020-09-30,-0.004402573148668631,0.015344475585085936,0.20603782468243947,0.33434687797240326,0.4596152973451573,6.649061678468702e-19,0.0
2020-10-01,0.0060282684295442784,0.013349640201773927,0.19697006129631894,0.33006500115674986,0.47296493754693125,6.695480289806086e-19,1.789892164949798e-20
2020-10-02,-0.0037456175767033644,0.025619678078638783,0.22242388499964647,0.3302308555320611,0.44734525946829246,4.906090965795625e-19,0.0
2020-10-05,-0.0004799025698265366,0.01155336219327488,0.2108705228063716,0.33036203221691807,0.4587674449767104,3.380907176920112e-19,0.0
2020-10-06,-0.006566392658410506,0.026684424318929714,0.18515858069013963,0.3293895500142203,0.4854518692956401,0.0,4.371590664752009e-19
2020-10-07,0.0006530024950474776,0.0031544404323091135,0.1881013729243911,0.32960119821227796,0.482297428863331,9.038843737667734e-20,3.8692746548818742e-19
2020-10-08,0.005158064866992779,0.0007115312035244905,0.18738984172086665,0.3298677881870938,0.4827423700920397,1.7096535626040004e-19,0.0
2020-10-09,0.010337427632487664,0.004553582415173743,0.1919434241360403,0.32982948651664606,0.47822708934731356,0.0,0.0
2020-10-12,0.008687943425465486,0.338178482584505,0.5301219067205454,0.24911314145192087,0.22076495182753378,0.0,0.0
2020-10-13,-0.005210534181872594,0.026979092679700292,0.5571009994002457,0.23554152903425574,0.20735747156549866,5.47943449562314e-19,2.888311570010292e-19
2020-10-14,-0.0021837314429345245,0.015552927170392888,0.5415480722298528,0.24747328677477182,0.21097864099537544,8.238707729322207e-20,6.887951298568096e-20
2020-10-15,-0.00032739278691696055,0.0,0.5415480722298528,0.24747328677477182,0.21097864099537544,8.238707729322207e-20,6.887951298568096e-20
2020-10-16,-0.0017463218392838131,0.0,0.5415480722298528,0.24747328677477182,0.21097864099537544,8.238707729322207e-20,6.887951298568096e-20
2020-10-19,-0.009062240661419182,0.0,0.5415480722298528,0.24747328677477182,0.21097864099537544,8.238707729322207e-20,6.887951298568096e-20
2020-10-20,0.0008311498420438615,0.0,0.5415480722298528,0.24747328677477182,0.21097864099537544,8.238707729322207e-20,6.887951298568096e-20
2020-10-21,-0.000290696919623092,0.0,0.5415480722298528,0.24747328677477182,0.21097864099537544,8.238707729322207e-20,6.887951298568096e-20
2020-10-22,-0.0016701978712082906,0.0,0.5415480722298528,0.24747328677477182,0.21097864099537544,8.238707729322207e-20,6.887951298568096e-20
2020-10-23,0.0031272188507686094,0.0,0.5415480722298528,0.24747328677477182,0.21097864099537544,8.238707729322207e-20,6.887951298568096e-20
2020-10-26,-0.007835211115724538,0.0037109831962449658,0.5436949123318204,0.24903742986904917,0.2072676577991305,0.0,1.5555353710353458e-19
2020-10-27,0.0003424133580240969,1.1102230246251565e-16,0.5436949123318203,0.24903742986904912,0.20726765779913045,0.0,1.5555353710353456e-19
2020-10-28,-0.021231674194665782,0.01632625579470144,0.527368656537119,0.2589949529088598,0.21363639055402125,3.409822565961344e-20,2.417515470892252e-19
2020-10-29,0.0019195515124745305,0.003687803908257112,0.5242978114748565,0.2583779940628651,0.21732419446227835,7.576492629004616e-21,0.0
2020-10-30,-0.006947781571251773,0.01338086784870729,0.5109169436261493,0.2670232250876257,0.22205983128622503,1.0417146117827624e-19,2.1779759456941682e-20
2020-11-02,0.00988198905163522,0.0,0.5109169436261493,0.2670232250876257,0.22205983128622503,1.0417146117827624e-19,2.1779759456941682e-20
2020-11-03,0.008731953313204546,0.0,0.5109169436261493,0.2670232250876257,0.22205983128622503,1.0417146117827624e-19,2.1779759456941682e-20
2020-11-04,0.017086906077668204,0.0,0.5109169436261493,0.2670232250876257,0.22205983128622503,1.0417146117827624e-19,2.1779759456941682e-20
2020-11-05,0.015532081837371823,0.0,0.5109169436261493,0.2670232250876257,0.22205983128622503,1.0417146117827624e-19,2.1779759456941682e-20
2020-11-06,-0.003027684551707169,0.0,0.5109169436261493,0.2670232250876257,0.22205983128622503,1.0417146117827624e-19,2.1779759456941682e-20
2020-11-09,-0.00902229028810149,0.0,0.5109169436261493,0.2670232250876257,0.22205983128622503,1.0417146117827624e-19,2.1779759456941682e-20
2020-11-10,-0.0015536936186223214,0.0,0.5109169436261493,0.2670232250876257,0.22205983128622503,1.0417146117827624e-19,2.1779759456941682e-20
2020-11-11,0.0037275512276819583,0.010255961524150953,0.5006609821019983,0.27329136520696107,0.2260476526910406,7.422654741477677e-20,1.3989780773648876e-19
2020-11-12,0.0011639993519626372,0.0,0.5006609821019983,0.27329136520696107,0.2260476526910406,7.422654741477677e-20,1.3989780773648876e-19
2020-11-13,0.008110613536181756,0.0,0.5006609821019983,0.27329136520696107,0.2260476526910406,7.422654741477677e-20,1.3989780773648876e-19
2020-11-16,0.005580025641979453,0.0,0.5006609821019983,0.27329136520696107,0.2260476526910406,7.422654741477677e-20,1.3989780773648876e-19
2020-11-17,-0.0017379945624028763,0.0,0.5006609821019983,0.27329136520696107,0.2260476526910406,7.422654741477677e-20,1.3989780773648876e-19
2020-11-18,-0.006527256837316473,0.0,0.5006609821019983,0.27329136520696107,0.2260476526910406,7.422654741477677e-20,1.3989780773648876e-19
2020-11-19,0.0030896479254379373,0.0,0.5006609821019983,0.27329136520696107,0.2260476526910406,7.422654741477677e-20,1.3989780773648876e-19
2020-11-20,-0.0003201202179320744,0.0,0.5006609821019983,0.27329136520696107,0.2260476526910406,7.422654741477677e-20,1.3989780773648876e-19
2020-11-23,-0.0027029388120379926,0.0,0.5006609821019983,0.27329136520696107,0.2260476526910406,7.422654741477677e-20,1.3989780773648876e-19
2020-11-24,0.0018829643936681818,0.0,0.5006609821019983,0.27329136520696107,0.2260476526910406,7.422654741477677e-20,1.3989780773648876e-19
2020-11-25,-0.0017293869295442207,0.007570499010507853,0.4930904830914905,0.27999427131676496,0.22691524559174464,0.0,0.0
2020-11-27,0.0017881693539700655,1.1102230246251565e-16,0.4930904830914904,0.2799942713167649,0.22691524559174459,0.0,0.0
2020-11-30,-0.0040472358555482,6.938893903907228e-17,0.49309048309149045,0.27999427131676496,0.2269152455917446,0.0,0.0
2020-12-01,0.005507537059211288,0.016646912318612636,0.4954200230174404,0.29431164370942764,0.210268333273132,1.2021362504784105e-19,3.1353403097105597e-19
2020-12-02,0.0002878059303198419,0.0,0.4954200230174404,0.29431164370942764,0.210268333273132,1.2021362504784105e-19,3.1353403097105597e-19
2020-12-03,0.003893844146455509,0.0,0.4954200230174404,0.29431164370942764,0.210268333273132,1.2021362504784105e-19,3.1353403097105597e-19
2020-12-04,-0.000643218831677598,0.0,0.4954200230174404,0.29431164370942764,0.210268333273132,1.2021362504784105e-19,3.1353403097105597e-19
2020-12-07,0.004772906257163754,0.0,0.4954200230174404,0.29431164370942764,0.210268333273132,1.2021362504784105e-19,3.1353403097105597e-19
2020-12-08,0.003573752408234183,0.0,0.4954200230174404,0.29431164370942764,0.210268333273132,1.2021362504784105e-19,3.1353403097105597e-19
2020-12-09,-0.00901034718932383,0.0,0.4954200230174404,0.29431164370942764,0.210268333273132,1.2021362504784105e-19,3.1353403097105597e-19
2020-12-10,0.0021730397155106454,0.01436940504175041,0.4982832231540736,0.30581784861454486,0.19589892823138155,2.441251385662712e-19,2.830381318021545e-19
2020-12-11,0.0008621820847282667,0.0,0.4982832231540736,0.30581784861454486,0.19589892823138155,2.441251385662712e-19,2.830381318021545e-19
2020-12-14,-0.004157252551073677,0.0,0.4982832231540736,0.30581784861454486,0.19589892823138155,2.441251385662712e-19,2.830381318021545e-19
2020-12-15,0.008453563288419891,0.0,0.4982832231540736,0.30581784861454486,0.19589892823138155,2.441251385662712e-19,2.830381318021545e-19
2020-12-16,0.0010491007006246645,0.0,0.4982832231540736,0.30581784861454486,0.19589892823138155,2.441251385662712e-19,2.830381318021545e-19
2020-12-17,0.004038013112941183,0.0,0.4982832231540736,0.30581784861454486,0.19589892823138155,2.441251385662712e-19,2.830381318021545e-19
2020-12-18,-0.003238721439822332,0.0,0.4982832231540736,0.30581784861454486,0.19589892823138155,2.441251385662712e-19,2.830381318021545e-19
2020-12-21,-0.0011904220921739662,0.0,0.4982832231540736,0.30581784861454486,0.19589892823138155,2.441251385662712e-19,2.830381318021545e-19
2020-12-22,-0.0008097856264083186,0.0,0.4982832231540736,0.30581784861454486,0.19589892823138155,2.441251385662712e-19,2.830381318021545e-19
2020-12-23,-0.0003627660369449116,0.0,0.4982832231540736,0.30581784861454486,0.19589892823138155,2.441251385662712e-19,2.830381318021545e-19
2020-12-24,0.0039286959302174875,0.01310716414388187,0.5003887049274118,0.3168195309850885,0.18279176408749973,6.920923722778535e-20,2.0620776731485034e-19
2020-12-28,0.003776424946450268,0.0,0.5003887049274118,0.3168195309850885,0.18279176408749973,6.920923722778535e-20,2.0620776731485034e-19
2020-12-29,-0.0006913544481953075,0.0,0.5003887049274118,0.3168195309850885,0.18279176408749973,6.920923722778535e-20,2.0620776731485034e-19
2020-12-30,0.0027986321272277055,0.0,0.5003887049274118,0.3168195309850885,0.18279176408749973,6.920923722778535e-20,2.0620776731485034e-19
2020-12-31,0.0038386628927777017,0.05750581971542158,0.5187627645941623,0.25931371126966696,0.2219235241361709,0.0,4.704711928489668e-20
2021-01-04,-0.0024350765409377525,0.0,0.5187627645941623,0.25931371126966696,0.2219235241361709,0.0,4.704711928489668e-20
2021-01-05,0.0015427707450742303,0.06629166073896169,0.45247110385520056,0.3075703329483048,0.2399585631964947,0.0,0.0
2021-01-06,-0.005895994022860049,0.06361229921174143,0.516083403066942,0.2617284576048743,0.22218813932818382,1.153664110260761e-19,0.0
2021-01-07,0.004841927634049271,0.0,0.516083403066942,0.2617284576048743,0.22218813932818382,1.153664110260761e-19,0.0
2021-01-08,-0.005478605122755997,0.002569759531649285,0.5186531625985913,0.2592732830627378,0.22207355433867104,2.757046392884673e-20,3.1383720859344166e-20
2021-01-11,-0.00446789416144177,0.05846945116281378,0.5373981627728038,0.20080383189992393,0.2617980053272722,0.0,1.3563519915457464e-19
2021-01-12,0.001647009399305786,0.004159488351321003,0.5415576511241249,0.1974778215819044,0.2609645272939708,0.0,0.0
2021-01-13,0.002558336023704453,0.0,0.5415576511241249,0.1974778215819044,0.2609645272939708,0.0,0.0
2021-01-14,-0.003881991292785334,0.0,0.5415576511241249,0.1974778215819044,0.2609645272939708,0.0,0.0
2021-01-15,-0.006403710915324324,0.0,0.5415576511241249,0.1974778215819044,0.2609645272939708,0.0,0.0
2021-01-19,0.0070701940334105635,0.008745483039965293,0.5328121680841595,0.20433319046667267,0.26285464144916776,0.0,0.0
2021-01-20,0.011935541695208416,0.008664378712265844,0.5414765467964254,0.19764879587426432,0.2608746573293103,0.0,0.0
2021-01-21,-0.00105689477351669,0.0,0.5414765467964254,0.19764879587426432,0.2608746573293103,0.0,0.0
2021-01-22,-0.003330819219488717,0.0,0.5414765467964254,0.19764879587426432,0.2608746573293103,0.0,0.0
2021-01-25,0.004689784879190936,0.0,0.5414765467964254,0.19764879587426432,0.2608746573293103,0.0,0.0
2021-01-26,-0.0018716438573530688,0.05105945777309773,0.5642987829170484,0.1465893381011666,0.2891118789817851,0.0,6.89549557329617e-20
2021-01-27,-0.015250713849212663,0.0,0.5642987829170484,0.1465893381011666,0.2891118789817851,0.0,6.89549557329617e-20
2021-01-28,-0.0017947129035096178,0.43665122390908895,0.1359062253869822,0.5832405620102555,0.28085321260276236,0.0,0.0
2021-01-29,-0.010862435654157655,0.3334007559438475,0.46167533488237994,0.24983980606640804,0.2884848590512121,0.0,0.0
2021-02-01,0.006162559144209098,0.29487487031607207,0.1732996081347954,0.5447146763824801,0.28198571548272455,7.469120180361111e-19,5.552483979529854e-19
2021-02-02,0.003612115586191479,0.3896567086923136,0.562956316827109,0.1695122891616955,0.2675313940111956,0.0,0.0
2021-02-03,-0.0014657020147526853,0.0,0.562956316827109,0.1695122891616955,0.2675313940111956,0.0,0.0
2021-02-04,0.00018543074130211728,0.0,0.562956316827109,0.1695122891616955,0.2675313940111956,0.0,0.0
2021-02-05,0.0034373606221753273,0.0,0.562956316827109,0.1695122891616955,0.2675313940111956,0.0,0.0
2021-02-08,0.007504041868324713,0.0,0.562956316827109,0.1695122891616955,0.2675313940111956,0.0,0.0
2021-02-09,-0.00010347930715941473,0.2675313940111954,0.6,0.3999999999999999,1.992685213750352e-16,1.835305765424818e-18,0.0
2021-02-10,0.002400091302711682,0.0,0.6,0.3999999999999999,1.992685213750352e-16,1.835305765424818e-18,0.0
2021-02-11,-0.001220842464177353,0.0,0.6,0.3999999999999999,1.992685213750352e-16,1.835305765424818e-18,0.0
2021-02-12,-0.0020039783134060407,0.0,0.6,0.3999999999999999,1.992685213750352e-16,1.835305765424818e-18,0.0
2021-02-16,-0.006610346726751627,0.0,0.6,0.3999999999999999,1.992685213750352e-16,1.835305765424818e-18,0.0
2021-02-17,0.002677981697330353,0.0,0.6,0.3999999999999999,1.992685213750352e-16,1.835305765424818e-18,0.0
2021-02-18,-0.004172472212407463,0.0,0.6,0.3999999999999999,1.992685213750352e-16,1.835305765424818e-18,0.0
2021-02-19,-0.00637648314936101,0.0,0.6,0.3999999999999999,1.992685213750352e-16,1.835305765424818e-18,0.0
2021-02-22,-0.0076580664710817785,0.0,0.6,0.3999999999999999,1.992685213750352e-16,1.835305765424818e-18,0.0
2021-02-23,-0.00042474761657587136,0.0,0.6,0.3999999999999999,1.992685213750352e-16,1.835305765424818e-18,0.0
2021-02-24,0.0028413101367835676,0.31256173239601537,0.43077241881548084,0.2566658487885036,0.31256173239601553,0.0,0.0
2021-02-25,-0.020452600176028735,0.0,0.43077241881548084,0.2566658487885036,0.31256173239601553,0.0,0.0
2021-02-26,-0.0012933246342316795,0.0,0.43077241881548084,0.2566658487885036,0.31256173239601553,0.0,0.0
2021-03-01,0.006511318602015188,0.0,0.43077241881548084,0.2566658487885036,0.31256173239601553,0.0,0.0
2021-03-02,-0.001640362407446414,0.0,0.43077241881548084,0.2566658487885036,0.31256173239601553,0.0,0.0
2021-03-03,-0.011934627676045905,0.0,0.43077241881548084,0.2566658487885036,0.31256173239601553,0.0,0.0
2021-03-04,-0.0100562601776863,0.016877706612443283,0.439706036138131,0.2646099380782968,0.2956840257835723,0.0,0.0
2021-03-05,0.008790176218541985,0.0,0.439706036138131,0.2646099380782968,0.2956840257835723,0.0,0.0
2021-03-08,-0.007312354933943705,0.0,0.439706036138131,0.2646099380782968,0.2956840257835723,0.0,0.0
2021-03-09,0.01623437049391604,0.0,0.439706036138131,0.2646099380782968,0.2956840257835723,0.0,0.0
2021-03-10,0.004751177991626824,0.01912103440456392,0.4481518453756754,0.2752851632453163,0.27656299137900836,3.4409556177983125e-19,3.039150168835376e-19
2021-03-11,0.002318684111522987,0.0,0.4481518453756754,0.2752851632453163,0.27656299137900836,3.4409556177983125e-19,3.039150168835376e-19
2021-03-12,-0.0052897534547252925,0.0,0.4481518453756754,0.2752851632453163,0.27656299137900836,3.4409556177983125e-19,3.039150168835376e-19
2021-03-15,0.005507137275504902,0.0,0.4481518453756754,0.2752851632453163,0.27656299137900836,3.4409556177983125e-19,3.039150168835376e-19
2021-03-16,-0.0014157956368671342,0.0,0.4481518453756754,0.2752851632453163,0.27656299137900836,3.4409556177983125e-19,3.039150168835376e-19
2021-03-17,0.001444198800123616,0.0,0.4481518453756754,0.2752851632453163,0.27656299137900836,3.4409556177983125e-19,3.039150168835376e-19
2021-03-18,-0.010914900042975269,0.0,0.4481518453756754,0.2752851632453163,0.27656299137900836,3.4409556177983125e-19,3.039150168835376e-19
2021-03-19,0.0020339014660224093,0.0,0.4481518453756754,0.2752851632453163,0.27656299137900836,3.4409556177983125e-19,3.039150168835376e-19
2021-03-22,0.0062566215822370975,0.0,0.4481518453756754,0.2752851632453163,0.27656299137900836,3.4409556177983125e-19,3.039150168835376e-19
2021-03-23,-0.0030614800735484747,0.0,0.4481518453756754,0.2752851632453163,0.27656299137900836,3.4409556177983125e-19,3.039150168835376e-19
2021-03-24,0.00010377960006567491,0.01749936286279527,0.4567888166218746,0.28414755486191234,0.25906362851621306,0.0,0.0
2021-03-25,-0.0006121109815161601,0.0,0.4567888166218746,0.28414755486191234,0.25906362851621306,0.0,0.0
2021-03-26,0.007103312904355989,0.0,0.4567888166218746,0.28414755486191234,0.25906362851621306,0.0,0.0
2021-03-29,-0.0057247882194217045,0.0,0.4567888166218746,0.28414755486191234,0.25906362851621306,0.0,0.0
2021-03-30,-0.004150724898966354,0.0,0.4567888166218746,0.28414755486191234,0.25906362851621306,0.0,0.0
2021-03-31,0.0041955444669723955,0.0,0.4567888166218746,0.28414755486191234,0.25906362851621306,0.0,0.0
2021-04-01,0.012920421880107006,0.0,0.4567888166218746,0.28414755486191234,0.25906362851621306,0.0,0.0
2021-04-05,0.005319250870896512,0.017342226701377667,0.46576637596760456,0.29251222221756007,0.24172140181483542,2.449101013610468e-20,9.458205465865124e-20
2021-04-06,0.0036526677876675046,0.0,0.46576637596760456,0.29251222221756007,0.24172140181483542,2.449101013610468e-20,9.458205465865124e-20
2021-04-07,-0.0021795103495029625,0.0,0.46576637596760456,0.29251222221756007,0.24172140181483542,2.449101013610468e-20,9.458205465865124e-20
2021-04-08,0.0071518394128619895,0.016687539323897355,0.47467602434743555,0.30029011316162635,0.22503386249093799,6.194268229898207e-20,8.776938602677432e-20
2021-04-09,0.0006668406707637158,0.0,0.47467602434743555,0.30029011316162635,0.22503386249093799,6.194268229898207e-20,8.776938602677432e-20
2021-04-12,-0.0013224400299463683,0.0,0.47467602434743555,0.30029011316162635,0.22503386249093799,6.194268229898207e-20,8.776938602677432e-20
2021-04-13,0.005251788644814833,0.0,0.47467602434743555,0.30029011316162635,0.22503386249093799,6.194268229898207e-20,8.776938602677432e-20
2021-04-14,-0.003552810977693148,0.0,0.47467602434743555,0.30029011316162635,0.22503386249093799,6.194268229898207e-20,8.776938602677432e-20
2021-04-15,0.013761552897203235,0.0,0.47467602434743555,0.30029011316162635,0.22503386249093799,6.194268229898207e-20,8.776938602677432e-20
2021-04-16,0.0006151699189925839,0.0,0.47467602434743555,0.30029011316162635,0.22503386249093799,6.194268229898207e-20,8.776938602677432e-20
2021-04-19,-0.0038168821984303856,0.0,0.47467602434743555,0.30029011316162635,0.22503386249093799,6.194268229898207e-20,8.776938602677432e-20
2021-04-20,-0.0012909389226837392,0.0,0.47467602434743555,0.30029011316162635,0.22503386249093799,6.194268229898207e-20,8.776938602677432e-20
2021-04-21,0.007324486746075215,0.0,0.47467602434743555,0.30029011316162635,0.22503386249093799,6.194268229898207e-20,8.776938602677432e-20
2021-04-22,-0.004425548321457456,0.015740473044260003,0.48301708510477914,0.30768952544854283,0.20929338944667805,8.561885854892492e-20,4.0257386391068106e-19
2021-04-23,0.0037118175279032373,0.0,0.48301708510477914,0.30768952544854283,0.20929338944667805,8.561885854892492e-20,4.0257386391068106e-19
2021-04-26,0.0011225614897751187,0.0,0.48301708510477914,0.30768952544854283,0.20929338944667805,8.561885854892492e-20,4.0257386391068106e-19
2021-04-27,-0.0033148405471809875,0.0,0.48301708510477914,0.30768952544854283,0.20929338944667805,8.561885854892492e-20,4.0257386391068106e-19
2021-04-28,0.0006770417727201951,0.0,0.48301708510477914,0.30768952544854283,0.20929338944667805,8.561885854892492e-20,4.0257386391068106e-19
2021-04-29,0.0013035476199389595,0.0,0.48301708510477914,0.30768952544854283,0.20929338944667805,8.561885854892492e-20,4.0257386391068106e-19
2021-04-30,-0.003166833120750502,0.0,0.48301708510477914,0.30768952544854283,0.20929338944667805,8.561885854892492e-20,4.0257386391068106e-19
2021-05-03,0.003942579855798798,0.0,0.48301708510477914,0.30768952544854283,0.20929338944667805,8.561885854892492e-20,4.0257386391068106e-19
2021-05-04,-0.002321998156209522,0.015003962024144196,0.49133446051588786,0.31437611206157834,0.19428942742253388,0.0,0.0
2021-05-05,0.0014767916776474604,1.1102230246251565e-16,0.49133446051588775,0.3143761120615783,0.19428942742253383,0.0,0.0
2021-05-06,0.007506978620355704,0.0148972241207843,0.49904244342807397,0.3215653532701764,0.17939220330174954,0.0,0.0
2021-05-07,0.0036600834637333596,6.938893903907228e-17,0.499042443428074,0.32156535327017643,0.17939220330174957,0.0,0.0
2021-05-10,-0.007654564964017439,0.0,0.499042443428074,0.32156535327017643,0.17939220330174957,0.0,0.0
2021-05-11,-0.006242428713762622,0.0,0.499042443428074,0.32156535327017643,0.17939220330174957,0.0,0.0
2021-05-12,-0.015763346935229863,0.0,0.499042443428074,0.32156535327017643,0.17939220330174957,0.0,0.0
2021-05-13,0.007229607183973086,0.0,0.499042443428074,0.32156535327017643,0.17939220330174957,0.0,0.0
2021-05-14,0.012305352958106128,0.0,0.499042443428074,0.32156535327017643,0.17939220330174957,0.0,0.0
2021-05-17,0.0001378725258100894,0.0,0.499042443428074,0.32156535327017643,0.17939220330174957,0.0,0.0
2021-05-18,-0.004773328177623323,0.0,0.499042443428074,0.32156535327017643,0.17939220330174957,0.0,0.0
2021-05-19,-0.001963016544938281,0.0,0.499042443428074,0.32156535327017643,0.17939220330174957,0.0,0.0
2021-05-20,0.008892699698391304,0.011549958429904625,0.5055402891731745,0.32661746595498065,0.16784224487184501,0.0,0.0
2021-05-21,0.0007097281054890553,9.71445146547012e-17,0.5055402891731744,0.3266174659549806,0.167842244871845,0.0,0.0
2021-05-24,0.006659136301499253,9.71445146547012e-17,0.5055402891731745,0.32661746595498065,0.16784224487184501,0.0,0.0
2021-05-25,0.0034265831471725914,9.71445146547012e-17,0.5055402891731744,0.3266174659549806,0.167842244871845,0.0,0.0
2021-05-26,0.00014890632171749344,9.71445146547012e-17,0.5055402891731745,0.32661746595498065,0.16784224487184501,0.0,0.0
2021-05-27,-0.0009821322271716944,9.71445146547012e-17,0.5055402891731744,0.3266174659549806,0.167842244871845,0.0,0.0
2021-05-28,0.0010186433515974446,9.71445146547012e-17,0.5055402891731745,0.32661746595498065,0.16784224487184501,0.0,0.0
2021-06-01,-0.000970321071427383,9.71445146547012e-17,0.5055402891731744,0.3266174659549806,0.167842244871845,0.0,0.0
2021-06-02,0.0023722652606904255,9.71445146547012e-17,0.5055402891731745,0.32661746595498065,0.16784224487184501,0.0,0.0
2021-06-03,-0.0062125941931466325,0.011087317079126802,0.5120474135495836,0.33119765865769835,0.1567549277927182,2.53544951336406e-19,3.2186855951305487e-19
2021-06-04,0.010912348980028203,0.011382936234630617,0.5185702211353556,0.33605778730655694,0.14537199155808753,0.0,1.2934668884004486e-19
2021-06-07,-0.000953444818913474,0.0,0.5185702211353556,0.33605778730655694,0.14537199155808753,0.0,1.2934668884004486e-19
2021-06-08,0.0020226162507014332,0.0,0.5185702211353556,0.33605778730655694,0.14537199155808753,0.0,1.2934668884004486e-19
2021-06-09,0.001914459550070349,0.0,0.5185702211353556,0.33605778730655694,0.14537199155808753,0.0,1.2934668884004486e-19
2021-06-10,0.005050562275823511,0.0,0.5185702211353556,0.33605778730655694,0.14537199155808753,0.0,1.2934668884004486e-19
2021-06-11,-0.0013208091513626469,0.0,0.5185702211353556,0.33605778730655694,0.14537199155808753,0.0,1.2934668884004486e-19
2021-06-14,-0.0022649906116659875,0.0,0.5185702211353556,0.33605778730655694,0.14537199155808753,0.0,1.2934668884004486e-19
2021-06-15,-0.0019045829107401276,3.396652067749801e-06,0.5185668244832878,0.33605981571261534,0.1453733598040969,0.0,2.74654667833566e-20
2021-06-16,-0.0056370790776723,0.0,0.5185668244832878,0.33605981571261534,0.1453733598040969,0.0,2.74654667833566e-20
2021-06-17,0.00039064384576786935,0.0,0.5185668244832878,0.33605981571261534,0.1453733598040969,0.0,2.74654667833566e-20
2021-06-18,-0.0013647824383477601,0.014127075438620379,0.5255857550049843,0.3431679606295393,0.13124628436547656,0.0,0.0
2021-06-21,0.0033859346597211746,0.0,0.5255857550049843,0.3431679606295393,0.13124628436547656,0.0,0.0
2021-06-22,0.003097886768535798,0.0,0.5255857550049843,0.3431679606295393,0.13124628436547656,0.0,0.0
2021-06-23,-0.0016044850609654878,0.0,0.5255857550049843,0.3431679606295393,0.13124628436547656,0.0,0.0
2021-06-24,0.0035812845062014364,0.0,0.5255857550049843,0.3431679606295393,0.13124628436547656,0.0,0.0
2021-06-25,-0.001261686962446861,0.0,0.5255857550049843,0.3431679606295393,0.13124628436547656,0.0,0.0
2021-06-28,0.0045800635764604025,0.0,0.5255857550049843,0.3431679606295393,0.13124628436547656,0.0,0.0
2021-06-29,-0.0005220032607700947,0.0,0.5255857550049843,0.3431679606295393,0.13124628436547656,0.0,0.0
2021-06-30,0.0026074713727374244,0.0,0.5255857550049843,0.3431679606295393,0.13124628436547656,0.0,0.0
2021-07-01,0.0033809371421407186,0.0,0.5255857550049843,0.3431679606295393,0.13124628436547656,0.0,0.0
2021-07-02,0.0069529806102072746,0.013839708574713103,0.532726166121344,0.3498672580878926,0.11740657579076341,6.897683997929677e-20,0.0
2021-07-06,0.0037128078160682284,0.0,0.532726166121344,0.3498672580878926,0.11740657579076341,6.897683997929677e-20,0.0
2021-07-07,0.005429248253727238,0.0,0.532726166121344,0.3498672580878926,0.11740657579076341,6.897683997929677e-20,0.0
2021-07-08,-0.0030465147169659247,0.0,0.532726166121344,0.3498672580878926,0.11740657579076341,6.897683997929677e-20,0.0
2021-07-09,0.0011564733850911273,0.0,0.532726166121344,0.3498672580878926,0.11740657579076341,6.897683997929677e-20,0.0
2021-07-12,0.001309109836603856,0.0,0.532726166121344,0.3498672580878926,0.11740657579076341,6.897683997929677e-20,0.0
2021-07-13,-0.004340998726435617,0.0,0.532726166121344,0.3498672580878926,0.11740657579076341,6.897683997929677e-20,0.0
2021-07-14,0.006032805150787433,0.0,0.532726166121344,0.3498672580878926,0.11740657579076341,6.897683997929677e-20,0.0
2021-07-15,0.002060564047015718,0.0,0.532726166121344,0.3498672580878926,0.11740657579076341,6.897683997929677e-20,0.0
2021-07-16,-0.005977940117169962,0.0,0.532726166121344,0.3498672580878926,0.11740657579076341,6.897683997929677e-20,0.0
2021-07-19,-1.4892918902449648e-07,0.013438463000985057,0.5387869096493041,0.3572449775609176,0.10396811278977836,0.0,6.931039787610824e-20
2021-07-20,0.0041424032557510985,0.0,0.5387869096493041,0.3572449775609176,0.10396811278977836,0.0,6.931039787610824e-20
2021-07-21,-0.0005495274900901171,0.0,0.5387869096493041,0.3572449775609176,0.10396811278977836,0.0,6.931039787610824e-20
2021-07-22,0.004708638349431863,0.0,0.5387869096493041,0.3572449775609176,0.10396811278977836,0.0,6.931039787610824e-20
2021-07-23,0.0028275513220257244,0.0,0.5387869096493041,0.3572449775609176,0.10396811278977836,0.0,6.931039787610824e-20
2021-07-26,1.751280986974496e-05,0.0,0.5387869096493041,0.3572449775609176,0.10396811278977836,0.0,6.931039787610824e-20
2021-07-27,0.0015296538495070543,0.0,0.5387869096493041,0.3572449775609176,0.10396811278977836,0.0,6.931039787610824e-20
2021-07-28,0.00032783064424122746,0.0,0.5387869096493041,0.3572449775609176,0.10396811278977836,0.0,6.931039787610824e-20
2021-07-29,0.0014076497181177033,0.0,0.5387869096493041,0.3572449775609176,0.10396811278977836,0.0,6.931039787610824e-20
2021-07-30,-0.0017561871956336482,0.0,0.5387869096493041,0.3572449775609176,0.10396811278977836,0.0,6.931039787610824e-20
2021-08-02,0.0019880479924803433,0.0129122644442205,0.5451870930926588,0.3637570585617834,0.09105584834555785,0.0,1.0578130695594387e-19
2021-08-03,0.005093762466736206,0.09105584834555779,0.6,0.4,8.168955043475672e-17,1.800879695157646e-18,1.3010426069826053e-18
2021-08-04,-0.0021289124586390874,0.0,0.6,0.4,8.168955043475672e-17,1.800879695157646e-18,1.3010426069826053e-18
2021-08-05,0.0017609633132519946,0.0,0.6,0.4,8.168955043475672e-17,1.800879695157646e-18,1.3010426069826053e-18
2021-08-06,-0.005688936434540229,0.0,0.6,0.4,8.168955043475672e-17,1.800879695157646e-18,1.3010426069826053e-18
2021-08-09,-0.001989201373143555,0.023929257544243035,0.576070742455757,0.423929257544243,0.0,0.0,5.93205141357762e-20
2021-08-10,-0.0011427113613176527,0.016797663483852254,0.5928684059396092,0.40713159406039073,4.46535890231805e-19,3.70432192230747e-19,0.0
2021-08-11,0.0012452793239948966,0.007131594060390711,0.6,0.4000000000000001,4.520704486366485e-22,0.0,8.417443186744404e-20
2021-08-12,0.0011428962299296682,0.0,0.6,0.4000000000000001,4.520704486366485e-22,0.0,8.417443186744404e-20
2021-08-13,0.007410409494730442,0.0,0.6,0.4000000000000001,4.520704486366485e-22,0.0,8.417443186744404e-20
2021-08-16,0.002382181359090385,0.0,0.6,0.4000000000000001,4.520704486366485e-22,0.0,8.417443186744404e-20
2021-08-17,-0.004094417246658289,0.0,0.6,0.4000000000000001,4.520704486366485e-22,0.0,8.417443186744404e-20
2021-08-18,-0.005223268866060393,0.0,0.6,0.4000000000000001,4.520704486366485e-22,0.0,8.417443186744404e-20
2021-08-19,0.0038748876440168898,0.0,0.6,0.4000000000000001,4.520704486366485e-22,0.0,8.417443186744404e-20
2021-08-20,0.005040197132505408,0.0,0.6,0.4000000000000001,4.520704486366485e-22,0.0,8.417443186744404e-20
2021-08-23,0.00501228821305304,0.0,0.6,0.4000000000000001,4.520704486366485e-22,0.0,8.417443186744404e-20
2021-08-24,-0.0021582777901699495,0.0,0.6,0.4000000000000001,4.520704486366485e-22,0.0,8.417443186744404e-20
2021-08-25,-0.002063512301496707,0.0,0.6,0.4000000000000001,4.520704486366485e-22,0.0,8.417443186744404e-20
2021-08-26,-0.002434080854978804,0.0,0.6,0.4000000000000001,4.520704486366485e-22,0.0,8.417443186744404e-20
2021-08-27,0.008085836606441221,0.0,0.6,0.4000000000000001,4.520704486366485e-22,0.0,8.417443186744404e-20
2021-08-30,0.0036823362019756,0.0,0.6,0.4000000000000001,4.520704486366485e-22,0.0,8.417443186744404e-20
2021-08-31,-0.003611589001188232,0.0,0.6,0.4000000000000001,4.520704486366485e-22,0.0,8.417443186744404e-20
2021-09-01,0.0009889159400079618,0.0,0.6,0.4000000000000001,4.520704486366485e-22,0.0,8.417443186744404e-20
2021-09-02,0.003592390839298876,0.0,0.6,0.4000000000000001,4.520704486366485e-22,0.0,8.417443186744404e-20
2021-09-03,-0.003783605348950748,0.0,0.6,0.4000000000000001,4.520704486366485e-22,0.0,8.417443186744404e-20
2021-09-07,-0.0055196974963110275,0.0,0.6,0.4000000000000001,4.520704486366485e-22,0.0,8.417443186744404e-20
2021-09-08,0.0019914672200835874,0.0,0.6,0.4000000000000001,4.520704486366485e-22,0.0,8.417443186744404e-20
2021-09-09,0.002271835075199015,0.0,0.6,0.4000000000000001,4.520704486366485e-22,0.0,8.417443186744404e-20
2021-09-10,-0.008257061203361915,0.0,0.6,0.4000000000000001,4.520704486366485e-22,0.0,8.417443186744404e-20
2021-09-13,0.00396161121894072,0.0,0.6,0.4000000000000001,4.520704486366485e-22,0.0,8.417443186744404e-20
2021-09-14,0.0016113285470245498,0.0,0.6,0.4000000000000001,4.520704486366485e-22,0.0,8.417443186744404e-20
2021-09-15,0.0036083613962313073,0.0,0.6,0.4000000000000001,4.520704486366485e-22,0.0,8.417443186744404e-20
2021-09-16,-0.002783930397951973,0.0,0.6,0.4000000000000001,4.520704486366485e-22,0.0,8.417443186744404e-20
2021-09-17,-0.007765983865227844,0.0,0.6,0.4000000000000001,4.520704486366485e-22,0.0,8.417443186744404e-20
2021-09-20,-0.0050436755069786605,0.0,0.6,0.4000000000000001,4.520704486366485e-22,0.0,8.417443186744404e-20
2021-09-21,0.00012704519393694208,0.1364754499317225,0.4715357044004067,0.3919888456678709,0.13647544993172253,0.0,2.8957137008910514e-20
2021-09-22,0.008130668925960732,0.13647544993172245,0.5714472295473911,0.42855277045260887,9.114546399353935e-18,5.384237044389833e-20,0.0
2021-09-23,-0.001748768717118221,0.028552770452608848,0.6,0.4,2.0633309225690748e-19,8.957881427290617e-20,2.4693301049252814e-19
2021-09-24,-0.0029208884385889984,0.0,0.6,0.4,2.0633309225690748e-19,8.957881427290617e-20,2.4693301049252814e-19
2021-09-27,-0.0031871608913623724,0.0,0.6,0.4,2.0633309225690748e-19,8.957881427290617e-20,2.4693301049252814e-19
2021-09-28,-0.01832176928883076,0.0,0.6,0.4,2.0633309225690748e-19,8.957881427290617e-20,2.4693301049252814e-19
2021-09-29,0.001704022280518558,0.0,0.6,0.4,2.0633309225690748e-19,8.957881427290617e-20,2.4693301049252814e-19
2021-09-30,-0.007388821285623725,0.0,0.6,0.4,2.0633309225690748e-19,8.957881427290617e-20,2.4693301049252814e-19
2021-10-01,0.010496477978855312,0.0,0.6,0.4,2.0633309225690748e-19,8.957881427290617e-20,2.4693301049252814e-19
2021-10-04,-0.008755688819158558,0.0,0.6,0.4,2.0633309225690748e-19,8.957881427290617e-20,2.4693301049252814e-19
2021-10-05,0.002380448271078084,0.0,0.6,0.4,2.0633309225690748e-19,8.957881427290617e-20,2.4693301049252814e-19
2021-10-06,0.004750033430497203,0.0,0.6,0.4,2.0633309225690748e-19,8.957881427290617e-20,2.4693301049252814e-19
2021-10-07,0.0010042180212002086,0.0,0.6,0.4,2.0633309225690748e-19,8.957881427290617e-20,2.4693301049252814e-19
2021-10-08,-0.0038936244201106755,0.0,0.6,0.4,2.0633309225690748e-19,8.957881427290617e-20,2.4693301049252814e-19
2021-10-11,-0.0053587660393277,0.0,0.6,0.4,2.0633309225690748e-19,8.957881427290617e-20,2.4693301049252814e-19
2021-10-12,0.005362974995839088,0.0,0.6,0.4,2.0633309225690748e-19,8.957881427290617e-20,2.4693301049252814e-19
2021-10-13,0.006049092879399032,0.0,0.6,0.4,2.0633309225690748e-19,8.957881427290617e-20,2.4693301049252814e-19
2021-10-14,0.011578839584083322,0.0,0.6,0.4,2.0633309225690748e-19,8.957881427290617e-20,2.4693301049252814e-19
2021-10-15,0.0022385600784979418,0.0,0.6,0.4,2.0633309225690748e-19,8.957881427290617e-20,2.4693301049252814e-19
2021-10-18,0.0036518621378296865,0.0,0.6,0.4,2.0633309225690748e-19,8.957881427290617e-20,2.4693301049252814e-19
2021-10-19,-0.0008890046720291707,0.0,0.6,0.4,2.0633309225690748e-19,8.957881427290617e-20,2.4693301049252814e-19
2021-10-20,-0.00034340370609440337,0.0,0.6,0.4,2.0633309225690748e-19,8.957881427290617e-20,2.4693301049252814e-19
2021-10-21,0.0010885172807190368,0.0,0.6,0.4,2.0633309225690748e-19,8.957881427290617e-20,2.4693301049252814e-19
2021-10-22,0.0037834819679994245,0.0,0.6,0.4,2.0633309225690748e-19,8.957881427290617e-20,2.4693301049252814e-19
2021-10-25,0.0026071138912588496,0.0,0.6,0.4,2.0633309225690748e-19,8.957881427290617e-20,2.4693301049252814e-19
2021-10-26,0.003847701831674222,0.0,0.6,0.4,2.0633309225690748e-19,8.957881427290617e-20,2.4693301049252814e-19
2021-10-27,0.004619487244565202,0.0,0.6,0.4,2.0633309225690748e-19,8.957881427290617e-20,2.4693301049252814e-19
2021-10-28,0.004435652677816559,0.0,0.6,0.4,2.0633309225690748e-19,8.957881427290617e-20,2.4693301049252814e-19
2021-10-29,0.002439983906511545,0.0,0.6,0.4,2.0633309225690748e-19,8.957881427290617e-20,2.4693301049252814e-19
2021-11-01,-0.0018477099797852504,0.0,0.6,0.4,2.0633309225690748e-19,8.957881427290617e-20,2.4693301049252814e-19
2021-11-02,0.004201148154467437,0.0,0.6,0.4,2.0633309225690748e-19,8.957881427290617e-20,2.4693301049252814e-19
2021-11-03,-0.00047027906747127996,0.0,0.6,0.4,2.0633309225690748e-19,8.957881427290617e-20,2.4693301049252814e-19
2021-11-04,0.007031416239983557,0.0,0.6,0.4,2.0633309225690748e-19,8.957881427290617e-20,2.4693301049252814e-19
2021-11-05,0.00806430612828155,0.0,0.6,0.4,2.0633309225690748e-19,8.957881427290617e-20,2.4693301049252814e-19
2021-11-08,-0.0002379834568727369,0.0,0.6,0.4,2.0633309225690748e-19,8.957881427290617e-20,2.4693301049252814e-19
2021-11-09,0.0032241249462789732,0.0,0.6,0.4,2.0633309225690748e-19,8.957881427290617e-20,2.4693301049252814e-19
2021-11-10,-0.012140147333314921,0.0,0.6,0.4,2.0633309225690748e-19,8.957881427290617e-20,2.4693301049252814e-19
2021-11-11,-0.0003997341635389784,0.0,0.6,0.4,2.0633309225690748e-19,8.957881427290617e-20,2.4693301049252814e-19
2021-11-12,0.002771163439949342,0.0,0.6,0.4,2.0633309225690748e-19,8.957881427290617e-20,2.4693301049252814e-19
2021-11-15,-0.004817186601255541,0.0,0.6,0.4,2.0633309225690748e-19,8.957881427290617e-20,2.4693301049252814e-19
2021-11-16,0.001357295660745761,0.0,0.6,0.4,2.0633309225690748e-19,8.957881427290617e-20,2.4693301049252814e-19
2021-11-17,0.0017124969097606303,0.0,0.6,0.4,2.0633309225690748e-19,8.957881427290617e-20,2.4693301049252814e-19
2021-11-18,0.0035421506827959526,0.0,0.6,0.4,2.0633309225690748e-19,8.957881427290617e-20,2.4693301049252814e-19
2021-11-19,0.0031501303358143053,0.0,0.6,0.4,2.0633309225690748e-19,8.957881427290617e-20,2.4693301049252814e-19
2021-11-22,-0.006380358835927824,0.0,0.6,0.4,2.0633309225690748e-19,8.957881427290617e-20,2.4693301049252814e-19
2021-11-23,-0.004988144198690492,0.0,0.6,0.4,2.0633309225690748e-19,8.957881427290617e-20,2.4693301049252814e-19
2021-11-24,0.008023949938675834,0.0,0.6,0.4,2.0633309225690748e-19,8.957881427290617e-20,2.4693301049252814e-19
2021-11-26,-0.0032741882450187474,0.0,0.6,0.4,2.0633309225690748e-19,8.957881427290617e-20,2.4693301049252814e-19
2021-11-29,-0.0028923672237858924,0.4579654275164482,0.1420345724835518,0.5183256427481561,0.33963978476829215,8.8917144297181e-20,0.0
2021-11-30,0.0026828484505483806,0.036613156397791405,0.1695204163002726,0.5274529553292266,0.3030266283705007,8.734622756539675e-20,2.2510317782346765e-19
2021-12-01,0.0015717858271597882,0.08137275257921713,0.23813394378960287,0.5402121804191136,0.22165387579128365,0.0,1.2844531060849476e-19
2021-12-02,0.0070323494566446095,0.2216538757912836,0.41120860109523316,0.5887913989047668,0.0,1.0497860861097647e-19,0.0
2021-12-03,-0.00044782271539147746,0.18879139890476684,0.6,0.39999999999999997,1.1999140543514438e-18,1.2592940416901257e-18,1.2912107967456409e-18
2021-12-06,0.0016117983240214523,0.0,0.6,0.39999999999999997,1.1999140543514438e-18,1.2592940416901257e-18,1.2912107967456409e-18
2021-12-07,0.009179104259672144,0.0,0.6,0.39999999999999997,1.1999140543514438e-18,1.2592940416901257e-18,1.2912107967456409e-18
2021-12-08,-0.005325287985951243,0.0,0.6,0.39999999999999997,1.1999140543514438e-18,1.2592940416901257e-18,1.2912107967456409e-18
2021-12-09,-0.0018133242435773855,0.0,0.6,0.39999999999999997,1.1999140543514438e-18,1.2592940416901257e-18,1.2912107967456409e-18
2021-12-10,0.004682852012880856,0.0,0.6,0.39999999999999997,1.1999140543514438e-18,1.2592940416901257e-18,1.2912107967456409e-18
2021-12-13,0.0005964951167138017,0.0,0.6,0.39999999999999997,1.1999140543514438e-18,1.2592940416901257e-18,1.2912107967456409e-18
2021-12-14,-0.005081243561343828,0.0,0.6,0.39999999999999997,1.1999140543514438e-18,1.2592940416901257e-18,1.2912107967456409e-18
2021-12-15,0.005526280784664951,0.0,0.6,0.39999999999999997,1.1999140543514438e-18,1.2592940416901257e-18,1.2912107967456409e-18
2021-12-16,-0.005135609831756716,0.0,0.6,0.39999999999999997,1.1999140543514438e-18,1.2592940416901257e-18,1.2912107967456409e-18
2021-12-17,-0.0018530571260997773,0.0,0.6,0.39999999999999997,1.1999140543514438e-18,1.2592940416901257e-18,1.2912107967456409e-18
2021-12-20,-0.009376633867446048,0.0,0.6,0.39999999999999997,1.1999140543514438e-18,1.2592940416901257e-18,1.2912107967456409e-18
2021-12-21,0.009132137939376016,0.0,0.6,0.39999999999999997,1.1999140543514438e-18,1.2592940416901257e-18,1.2912107967456409e-18
2021-12-22,0.007850187091924886,0.0,0.6,0.39999999999999997,1.1999140543514438e-18,1.2592940416901257e-18,1.2912107967456409e-18
2021-12-23,0.00026247273610202626,0.0,0.6,0.39999999999999997,1.1999140543514438e-18,1.2592940416901257e-18,1.2912107967456409e-18
2021-12-27,0.009460753656203068,0.0,0.6,0.39999999999999997,1.1999140543514438e-18,1.2592940416901257e-18,1.2912107967456409e-18
2021-12-28,-0.0020755446780140073,0.0,0.6,0.39999999999999997,1.1999140543514438e-18,1.2592940416901257e-18,1.2912107967456409e-18
2021-12-29,-0.0036022566032107408,0.0,0.6,0.39999999999999997,1.1999140543514438e-18,1.2592940416901257e-18,1.2912107967456409e-18
2021-12-30,0.0016957787351420171,0.0,0.6,0.39999999999999997,1.1999140543514438e-18,1.2592940416901257e-18,1.2912107967456409e-18
2021-12-31,-0.0007278015122131666,0.0,0.6,0.39999999999999997,1.1999140543514438e-18,1.2592940416901257e-18,1.2912107967456409e-18
2022-01-03,-0.00702591361856406,0.0,0.6,0.39999999999999997,1.1999140543514438e-18,1.2592940416901257e-18,1.2912107967456409e-18
2022-01-04,-0.0018643349558342015,0.0,0.6,0.39999999999999997,1.1999140543514438e-18,1.2592940416901257e-18,1.2912107967456409e-18
2022-01-05,-0.013692298598870355,0.0,0.6,0.39999999999999997,1.1999140543514438e-18,1.2592940416901257e-18,1.2912107967456409e-18
2022-01-06,0.0004717335365608475,0.0,0.6,0.39999999999999997,1.1999140543514438e-18,1.2592940416901257e-18,1.2912107967456409e-18
2022-01-07,-0.005247367504061606,0.0,0.6,0.39999999999999997,1.1999140543514438e-18,1.2592940416901257e-18,1.2912107967456409e-18
2022-01-10,0.00023760675503976532,0.0,0.6,0.39999999999999997,1.1999140543514438e-18,1.2592940416901257e-18,1.2912107967456409e-18
2022-01-11,0.008129382851609357,0.0,0.6,0.39999999999999997,1.1999140543514438e-18,1.2592940416901257e-18,1.2912107967456409e-18
2022-01-12,8.975866089131488e-05,0.0,0.6,0.39999999999999997,1.1999140543514438e-18,1.2592940416901257e-18,1.2912107967456409e-18
2022-01-13,-0.004715041422766109,0.0,0.6,0.39999999999999997,1.1999140543514438e-18,1.2592940416901257e-18,1.2912107967456409e-18
2022-01-14,-0.005798327084372178,0.0,0.6,0.39999999999999997,1.1999140543514438e-18,1.2592940416901257e-18,1.2912107967456409e-18
2022-01-18,-0.016255602681957894,0.0,0.6,0.39999999999999997,1.1999140543514438e-18,1.2592940416901257e-18,1.2912107967456409e-18
2022-01-19,-0.003460726055292285,0.0,0.6,0.39999999999999997,1.1999140543514438e-18,1.2592940416901257e-18,1.2912107967456409e-18
2022-01-20,-0.0008811263772760085,0.25882958695956326,0.3411704130404367,0.5240199371226727,0.1348096498368906,0.0,0.0
2022-01-21,-6.694359761494611e-05,0.08818189198101195,0.2723965965422287,0.5046118616398688,0.2229915418179026,1.49220851449205e-19,0.0
2022-01-24,-0.0014737426565312336,0.06953101916598267,0.21914903017067933,0.4883284088454355,0.29252256098388524,0.0,0.0
2022-01-25,-0.0026427031735494384,0.008784771988357407,0.22590309620208707,0.49035911480238514,0.2837377889955278,0.0,2.221244317496658e-19
2022-01-26,-0.011172609402018505,0.00772901149237229,0.2199604334152487,0.48857276609685124,0.29146680048790014,0.0,0.0
2022-01-27,0.004126227666232513,0.0,0.2199604334152487,0.48857276609685124,0.29146680048790014,0.0,0.0
2022-01-28,0.004763923206123617,0.0,0.2199604334152487,0.48857276609685124,0.29146680048790014,0.0,0.0
2022-01-31,0.0031626291331705155,0.0,0.2199604334152487,0.48857276609685124,0.29146680048790014,0.0,0.0
2022-02-01,0.00020496648468800675,0.010021401449627876,0.22947021579439938,0.47855136464722337,0.29197841955837733,5.0459915148054657e-20,1.6508761591731937e-20
2022-02-02,0.007183365877402359,0.3705297842056007,0.6,0.39999999999999997,0.0,8.849605329379634e-19,2.154739194445981e-18
2022-02-03,-0.017225401181067655,0.0,0.6,0.39999999999999997,0.0,8.849605329379634e-19,2.154739194445981e-18
2022-02-04,-0.0030756105639345496,0.0,0.6,0.39999999999999997,0.0,8.849605329379634e-19,2.154739194445981e-18
2022-02-07,-0.0016664682263126452,0.0,0.6,0.39999999999999997,0.0,8.849605329379634e-19,2.154739194445981e-18
2022-02-08,0.0022621605445475976,0.0,0.6,0.39999999999999997,0.0,8.849605329379634e-19,2.154739194445981e-18
2022-02-09,0.00953433018910963,0.0,0.6,0.39999999999999997,0.0,8.849605329379634e-19,2.154739194445981e-18
2022-02-10,-0.017136438103126796,0.0,0.6,0.39999999999999997,0.0,8.849605329379634e-19,2.154739194445981e-18
2022-02-11,-0.0059000043454611635,0.0,0.6,0.39999999999999997,0.0,8.849605329379634e-19,2.154739194445981e-18
2022-02-14,-0.0058631799799481535,0.36130605169593144,0.23869394830406862,0.5146441468656087,0.24666190483032283,0.0,0.0
2022-02-15,-0.002502729115472998,0.09542004112672495,0.31186232146198223,0.53689581483442,0.15124186370359782,1.1520631710054625e-19,0.0
2022-02-16,0.005970894315413854,0.10984596281288922,0.2275647226358385,0.5113474508476745,0.2610878265164871,1.8102227686108046e-19,0.0
2022-02-17,0.00141084451550754,0.03872210873370516,0.2573891836248257,0.5202450985923924,0.2223657177827819,5.323669526757133e-20,3.153557647896635e-20
2022-02-18,0.004380259883498751,0.06252788876847622,0.19486129485634948,0.5534780959320934,0.25166060921155714,8.003941466295113e-20,0.0
2022-02-22,-0.00018486958927086132,0.004727098935543669,0.1995883937918932,0.5531666178924841,0.2472449883156228,0.0,0.0
2022-02-23,-0.010020919563824556,0.0022076217291659567,0.1973807720627272,0.5542696929660729,0.24834953497119996,0.0,1.349961443513698e-19
2022-02-24,0.0016707724707813838,0.0029528454758239175,0.1944279265869033,0.5543249432205286,0.25124713019256817,0.0,1.1022873722407134e-19
2022-02-25,0.0038582756274006176,0.0,0.1944279265869033,0.5543249432205286,0.25124713019256817,0.0,1.1022873722407134e-19
2022-02-28,0.014256944942559545,0.0,0.1944279265869033,0.5543249432205286,0.25124713019256817,0.0,1.1022873722407134e-19
2022-03-01,0.007897687466081715,0.00357960035755385,0.19800752694445717,0.5534225668982774,0.24856990615726554,7.642715218392455e-20,0.0
2022-03-02,-0.01797968698730573,0.003433827558152691,0.19457369938630442,0.5542248021484224,0.2512014984652732,0.0,0.0
2022-03-03,0.00666729030685342,0.04400464238460394,0.15056905700170048,0.557651661883778,0.2917792811145215,0.0,0.0
2022-03-04,0.013051890230751177,0.0,0.15056905700170048,0.557651661883778,0.2917792811145215,0.0,0.0
2022-03-07,-0.002554649480146767,0.043177655103974,0.11254876238399221,0.5524943013975123,0.33495693621849554,0.0,0.0
2022-03-08,0.0027525920282282373,0.0,0.11254876238399221,0.5524943013975123,0.33495693621849554,0.0,0.0
2022-03-09,-0.012348307468712901,0.0,0.11254876238399221,0.5524943013975123,0.33495693621849554,0.0,0.0
2022-03-10,-0.006276914742451984,0.08406198309033447,0.07739340536013276,0.5035876753310373,0.41901891930883,0.0,0.0
2022-03-11,-0.0019382281584759396,0.08501575039681236,0.11332210861080073,0.5526747224771816,0.3340031689120176,0.0,0.0
2022-03-14,-0.018767344403826776,0.0,0.11332210861080073,0.5526747224771816,0.3340031689120176,0.0,0.0
2022-03-15,-0.004720334446058795,0.0,0.11332210861080073,0.5526747224771816,0.3340031689120176,0.0,0.0
2022-03-16,0.01002424160872191,0.0,0.11332210861080073,0.5526747224771816,0.3340031689120176,0.0,0.0
2022-03-17,-0.0010690149655665222,0.0,0.11332210861080073,0.5526747224771816,0.3340031689120176,0.0,0.0
2022-03-18,0.005054917934950857,0.0,0.11332210861080073,0.5526747224771816,0.3340031689120176,0.0,0.0
2022-03-21,-0.013479833472984804,0.2671120366460572,0.3331088677340395,0.6000000000000001,0.0668911322659605,0.0,0.0
2022-03-22,-0.007079518388884507,0.14802053979888818,0.18508832793515131,0.6000000000000001,0.21491167206484868,2.2282241349270494e-19,8.417480038320733e-19
2022-03-23,0.01572991415087827,0.07646634688747739,0.10862198104767402,0.6,0.29137801895232607,2.0279065742788732e-19,7.645106516647509e-21
2022-03-24,-0.0005859030119402626,0.04616795774591354,0.15478993879358754,0.6,0.2452100612064125,1.0154537267352643e-19,0.0
2022-03-25,-0.0026188424434256514,0.4452100612064125,0.6,0.4,2.96644961138675e-17,0.0,0.0
2022-03-28,0.007687614656942631,0.0,0.6,0.4,2.96644961138675e-17,0.0,0.0
2022-03-29,0.006005945549460472,0.4913418907889322,0.10865810921106771,0.6,0.2913418907889323,7.403853751709744e-20,0.0
2022-03-30,0.00023983051578471302,0.43237566145240314,0.5410337706634709,0.45896622933652914,6.5604349435378824e-18,7.407284440597669e-19,0.0
2022-03-31,-0.008263328510508506,0.05896622933652909,0.6,0.4,0.0,0.0,0.0
2022-04-01,0.00036911973102842177,0.28962871363238,0.5051032690917909,0.20526801727582905,0.28962871363238,1.674933366594131e-20,0.0
2022-04-04,0.0023600860718558255,0.28962871363238,0.5999999999999999,0.40000000000000013,0.0,2.805615933385861e-17,1.756407519426517e-17
2022-04-05,-0.01661572207235116,0.0,0.5999999999999999,0.40000000000000013,0.0,2.805615933385861e-17,1.756407519426517e-17
2022-04-06,-0.009237404966951846,0.0,0.5999999999999999,0.40000000000000013,0.0,2.805615933385861e-17,1.756407519426517e-17
2022-04-07,-0.0025194550909732895,0.21264537668958763,0.38735462331041226,0.6,0.012645376689587734,0.0,2.0451279088920918e-20
2022-04-08,-0.0060327711076767964,0.20088629794117485,0.5882409212515871,0.4117590787484129,0.0,1.7934372626182796e-18,1.411094871380867e-18
2022-04-11,-0.016585354011922224,0.011759078748412866,0.6,0.4,1.53125212916616e-19,3.2105775004283113e-19,1.138578210928354e-19
2022-04-12,0.0007703867031025518,0.4706707954076159,0.12932920459238406,0.6,0.27067079540761596,0.0,0.0
2022-04-13,0.0037745961977914463,0.03340451790458957,0.09592468668779451,0.6,0.30407531331220555,0.0,7.127489467418474e-20
2022-04-14,-0.014330626410653677,0.011400750393065089,0.10732543708085959,0.6,0.29267456291914046,8.394603250262792e-20,0.0
2022-04-18,-0.0020033146899295184,0.010193891904095052,0.09713154517676452,0.6,0.3028684548232355,8.83045371187848e-20,0.0
2022-04-19,-0.00587918017156844,0.051979280307131094,0.1491108254838956,0.6,0.2508891745161044,3.0117839181112287e-19,1.4604976216389077e-19
2022-04-20,0.013251084319828226,0.010279498959523417,0.13883132652437222,0.6,0.26116867347562783,1.0578844664891642e-19,0.0
2022-04-21,-0.010800702639795113,0.31150020739615336,0.4503315339205256,0.5496684660794744,1.5880296631563223e-17,0.0,1.0546200276523702e-19
2022-04-22,-0.018981015551205065,0.14966846607947445,0.6000000000000001,0.39999999999999997,6.34112734994112e-18,6.572418075005976e-18,6.599036920643361e-18
2022-04-25,0.0032562840446799294,0.41302630175812477,0.18697369824187532,0.6,0.21302630175812476,0.0,0.0
2022-04-26,0.002326480027203231,0.045146918257946714,0.1418267799839286,0.6,0.25817322001607146,0.0,4.49454068586132e-20
2022-04-27,-0.009282780310949184,0.0033748264183813825,0.1384519535655472,0.6,0.26154804643445284,7.067758622391505e-20,0.0
2022-04-28,0.005802972828544451,0.0,0.1384519535655472,0.6,0.26154804643445284,7.067758622391505e-20,0.0
2022-04-29,-0.012929981769778007,0.0,0.1384519535655472,0.6,0.26154804643445284,7.067758622391505e-20,0.0
2022-05-02,-0.01441615478772604,0.0,0.1384519535655472,0.6,0.26154804643445284,7.067758622391505e-20,0.0
2022-05-03,0.005387785476082128,0.007851783334528822,0.14630373690007606,0.6,0.25369626309992405,0.0,0.0
2022-05-04,0.010253350892429696,0.0,0.14630373690007606,0.6,0.25369626309992405,0.0,0.0
2022-05-05,-0.022605875788678502,0.0,0.14630373690007606,0.6,0.25369626309992405,0.0,0.0
2022-05-06,-0.009294422590424007,0.0,0.14630373690007606,0.6,0.25369626309992405,0.0,0.0
2022-05-09,-0.0030792471459237586,0.0,0.14630373690007606,0.6,0.25369626309992405,0.0,0.0
2022-05-10,0.0026339285603382994,0.06916494161065387,0.11549415819024957,0.5616446370991726,0.3228612047105779,4.1280675574652073e-19,3.483495322075467e-19
2022-05-11,0.011325465632803415,0.0685768222502553,0.1457156175396774,0.6000000000000001,0.25428438246032264,0.0,2.526818044647437e-19
2022-05-12,-0.00517054244932659,5.551115123125783e-17,0.1457156175396774,0.6,0.25428438246032264,0.0,2.526818044647437e-19
2022-05-13,-0.007446847598928564,0.0,0.1457156175396774,0.6,0.25428438246032264,0.0,2.526818044647437e-19
2022-05-16,0.0012134705508827837,0.0,0.1457156175396774,0.6,0.25428438246032264,0.0,2.526818044647437e-19
2022-05-17,-0.005337097111671728,0.01707642079413775,0.16279203833381517,0.5907357942853539,0.24647216738083094,1.6049251972938992e-19,3.745460696609395e-19
2022-05-18,0.006161507002347648,0.0,0.16279203833381517,0.5907357942853539,0.24647216738083094,1.6049251972938992e-19,3.745460696609395e-19
2022-05-19,0.004040320933270056,0.0,0.16279203833381517,0.5907357942853539,0.24647216738083094,1.6049251972938992e-19,3.745460696609395e-19
2022-05-20,0.0069481563737293925,0.0,0.16279203833381517,0.5907357942853539,0.24647216738083094,1.6049251972938992e-19,3.745460696609395e-19
2022-05-23,-0.005528125629121045,0.0,0.16279203833381517,0.5907357942853539,0.24647216738083094,1.6049251972938992e-19,3.745460696609395e-19
2022-05-24,0.012267592028953535,0.0,0.16279203833381517,0.5907357942853539,0.24647216738083094,1.6049251972938992e-19,3.745460696609395e-19
2022-05-25,0.002288000227560675,0.0,0.16279203833381517,0.5907357942853539,0.24647216738083094,1.6049251972938992e-19,3.745460696609395e-19
2022-05-26,0.0001240294139268211,0.0,0.16279203833381517,0.5907357942853539,0.24647216738083094,1.6049251972938992e-19,3.745460696609395e-19
2022-05-27,0.00556669312574235,0.0,0.16279203833381517,0.5907357942853539,0.24647216738083094,1.6049251972938992e-19,3.745460696609395e-19
2022-05-31,-0.0158527907365099,0.0,0.16279203833381517,0.5907357942853539,0.24647216738083094,1.6049251972938992e-19,3.745460696609395e-19
2022-06-01,-0.005310574596878534,0.4372079616661846,0.5999999999999998,0.40000000000000013,1.6921683014843776e-16,2.0896111807214684e-19,0.0
2022-06-02,0.0124757048911092,0.043285454706571296,0.6,0.356714545293429,1.5099219326291143e-18,0.043285454706571067,9.1581283274698e-19
2022-06-03,-0.009475728364220812,0.0013368584785665206,0.6,0.3553776868148625,1.1497113174039112e-19,0.04462231318513759,1.3777187195594534e-19
2022-06-06,-0.005266232419930992,0.0,0.6,0.3553776868148625,1.1497113174039112e-19,0.04462231318513759,1.3777187195594534e-19
2022-06-07,0.010426540390325083,0.0,0.6,0.3553776868148625,1.1497113174039112e-19,0.04462231318513759,1.3777187195594534e-19
2022-06-08,-0.0087059200212412,0.0,0.6,0.3553776868148625,1.1497113174039112e-19,0.04462231318513759,1.3777187195594534e-19
2022-06-09,-0.013527501867164986,0.0,0.6,0.3553776868148625,1.1497113174039112e-19,0.04462231318513759,1.3777187195594534e-19
2022-06-10,-0.019878180716192316,0.044622313185137624,0.6,0.40000000000000013,1.951563910473908e-18,0.0,5.853665577836793e-20
2022-06-13,-0.031159620434788753,0.4470612522444768,0.1529387477555232,0.6,0.2470612522444769,1.9133035354712482e-19,0.0
2022-06-14,-0.004466634075312849,0.6035950994228302,0.0,0.14934364833269295,0.43391969740490255,5.39287542491407e-20,0.4167366542624045
2022-06-15,0.016352014523274314,0.5945859213826149,0.14392956971530793,0.6,0.24477334217896993,0.0,0.011297088105722218
2022-06-16,0.002642776596581369,0.0,0.14392956971530793,0.6,0.24477334217896993,0.0,0.011297088105722218
2022-06-17,0.00034541232077713946,0.0,0.14392956971530793,0.6,0.24477334217896993,0.0,0.011297088105722218
2022-06-21,-0.007503298709508794,0.0,0.14392956971530793,0.6,0.24477334217896993,0.0,0.011297088105722218
2022-06-22,0.01719866380914057,0.0,0.14392956971530793,0.6,0.24477334217896993,0.0,0.011297088105722218
2022-06-23,0.004851617577122043,0.0,0.14392956971530793,0.6,0.24477334217896993,0.0,0.011297088105722218
2022-06-24,-0.003998430258351796,0.0,0.14392956971530793,0.6,0.24477334217896993,0.0,0.011297088105722218
2022-06-27,-0.005960552141418835,0.0,0.14392956971530793,0.6,0.24477334217896993,0.0,0.011297088105722218
2022-06-28,-0.0005554669360122201,0.003128746999229227,0.14705831671453715,0.6,0.24344628678908536,2.3658088713776567e-20,0.009495396496377541
2022-06-29,0.009118176719629983,0.002537667467206084,0.14452064924733105,0.6,0.2452277964655326,1.0545444454095377e-19,0.010251554287136363
2022-06-30,0.0028676461709686994,0.07143182727059086,0.10012281217339869,0.6,0.2181938062688741,3.7790670997575945e-18,0.08168338155772721
2022-07-01,0.007300403657649232,0.0,0.10012281217339869,0.6,0.2181938062688741,3.7790670997575945e-18,0.08168338155772721
2022-07-05,0.002983440391030417,0.06848114337159456,0.06176427116773744,0.6,0.18807120390294085,0.0,0.1501645249293218
2022-07-06,-0.012159240793203546,0.0,0.06176427116773744,0.6,0.18807120390294085,0.0,0.1501645249293218
2022-07-07,-0.0041982356351108596,0.0,0.06176427116773744,0.6,0.18807120390294085,0.0,0.1501645249293218
2022-07-08,-0.006720212031045187,0.0,0.06176427116773744,0.6,0.18807120390294085,0.0,0.1501645249293218
2022-07-11,0.010307562743930888,0.003271225011015167,0.0650354961787526,0.6,0.18716651837214807,1.5403990529437993e-19,0.14779798544909942
2022-07-12,0.0022646171144816056,0.0032285857772140214,0.06180691040153857,0.6,0.1888900981671847,0.0,0.14930299143127682
2022-07-13,0.007149339260801745,0.0,0.06180691040153857,0.6,0.1888900981671847,0.0,0.14930299143127682
2022-07-14,-0.006662942512890509,0.0,0.06180691040153857,0.6,0.1888900981671847,0.0,0.14930299143127682
2022-07-15,0.0020792400833026543,0.09088541465766278,0.02036030895276296,0.6,0.1394512849582975,0.0,0.2401884060889396
2022-07-18,-0.007619076707811126,0.0,0.02036030895276296,0.6,0.1394512849582975,0.0,0.2401884060889396
2022-07-19,-0.0038602042032976477,0.0,0.02036030895276296,0.6,0.1394512849582975,0.0,0.2401884060889396
2022-07-20,0.0010669345256483988,0.0,0.02036030895276296,0.6,0.1394512849582975,0.0,0.2401884060889396
2022-07-21,0.01186890539410549,0.0,0.02036030895276296,0.6,0.1394512849582975,0.0,0.2401884060889396
2022-07-22,0.009908957003340314,0.0,0.02036030895276296,0.6,0.1394512849582975,0.0,0.2401884060889396
2022-07-25,-0.006565490175412157,0.0,0.02036030895276296,0.6,0.1394512849582975,0.0,0.2401884060889396
2022-07-26,0.0019119109811971328,0.0,0.02036030895276296,0.6,0.1394512849582975,0.0,0.2401884060889396
2022-07-27,-0.0034333940033832097,0.0,0.02036030895276296,0.6,0.1394512849582975,0.0,0.2401884060889396
2022-07-28,0.00656222449883607,0.0,0.02036030895276296,0.6,0.1394512849582975,0.0,0.2401884060889396
2022-07-29,-0.0019165104845864497,0.004625989659740655,0.0191990723708238,0.6,0.135986531880496,1.1339575370308567e-19,0.24481439574868025
2022-08-01,0.014211916230551173,0.0,0.0191990723708238,0.6,0.135986531880496,1.1339575370308567e-19,0.24481439574868025
2022-08-02,-0.012066247367988222,0.0,0.0191990723708238,0.6,0.135986531880496,1.1339575370308567e-19,0.24481439574868025
2022-08-03,0.010549169853540185,0.030190503196039043,0.00291850172592361,0.6,0.16617703507653506,1.500998094371754e-19,0.2309044631975414
2022-08-04,0.0010839425474864683,0.0,0.00291850172592361,0.6,0.16617703507653506,1.500998094371754e-19,0.2309044631975414
2022-08-05,-0.014194926787416323,0.0,0.00291850172592361,0.6,0.16617703507653506,1.500998094371754e-19,0.2309044631975414
2022-08-08,0.010764882435681774,0.0,0.00291850172592361,0.6,0.16617703507653506,1.500998094371754e-19,0.2309044631975414
2022-08-09,-0.0020783949610376834,0.0,0.00291850172592361,0.6,0.16617703507653506,1.500998094371754e-19,0.2309044631975414
2022-08-10,-0.00679302357616662,0.0,0.00291850172592361,0.6,0.16617703507653506,1.500998094371754e-19,0.2309044631975414
2022-08-11,-0.014259583007007257,0.0,0.00291850172592361,0.6,0.16617703507653506,1.500998094371754e-19,0.2309044631975414
2022-08-12,0.014157306773534776,0.5970814982740764,0.6,0.34038526912174344,0.05961473087825663,0.0,1.6996458793076966e-17
2022-08-15,0.0013764804528655198,0.061202869672457326,0.554725558506089,0.40158813879420074,0.043686302699710314,0.0,0.0
2022-08-16,0.00265363195961287,0.3258583509147957,0.22886720759129328,0.6,0.1635146757408937,1.2800752361504834e-19,0.0076181166678130526
2022-08-17,-0.008308039348624677,0.07363797135736169,0.15594780076858814,0.6000000000000001,0.16279611120623722,1.608701827527246e-18,0.0812560880251747
2022-08-18,0.0016835862216387832,0.1939030118696857,0.3498508126382738,0.5778098628676743,0.07233932449405192,0.0,0.0
2022-08-19,-0.014480075334198022,0.03542716752333421,0.3852779801616079,0.5468988063690285,0.06782321346936342,0.0,1.303224791130172e-19
2022-08-22,-0.008239434737785607,0.1337746528976403,0.25150332726396774,0.6,0.14849667273603237,0.0,6.27797683345944e-19
2022-08-23,-0.0032557810153673204,0.25150332726396774,1.7993245959906425e-17,0.6,0.15235504941596828,7.584905104045582e-18,0.24764495058403174
2022-08-24,-0.0037613783721273265,0.004474960514188691,0.0,0.6,0.15683000993015697,6.547076989877982e-20,0.24316999006984308
2022-08-25,0.008404312232810577,0.004082515453667113,0.0,0.6,0.15274749447648986,8.61347525296603e-20,0.2472525055235102
2022-08-26,0.003863179862861665,0.0162917039643809,0.0,0.6,0.13645579051210896,0.0,0.2635442094878911
2022-08-29,-0.0047891868355677955,0.0,0.0,0.6,0.13645579051210896,0.0,0.2635442094878911
2022-08-30,0.00026254112340437985,0.0,0.0,0.6,0.13645579051210896,0.0,0.2635442094878911
2022-08-31,-0.006971679166467525,0.0,0.0,0.6,0.13645579051210896,0.0,0.2635442094878911
2022-09-01,-0.008937057603161252,0.05042047563054124,1.2742248641786015e-19,0.6,0.08603531488156774,3.147553496500142e-20,0.31396468511843234
2022-09-02,0.00425872393412892,0.0,1.2742248641786015e-19,0.6,0.08603531488156774,3.147553496500142e-20,0.31396468511843234
2022-09-06,-0.013546904007039805,0.0,1.2742248641786015e-19,0.6,0.08603531488156774,3.147553496500142e-20,0.31396468511843234
2022-09-07,0.008132902984748168,0.0,1.2742248641786015e-19,0.6,0.08603531488156774,3.147553496500142e-20,0.31396468511843234
2022-09-08,-0.0060288029214304595,0.0,1.2742248641786015e-19,0.6,0.08603531488156774,3.147553496500142e-20,0.31396468511843234
2022-09-09,-0.0004556329315909057,0.0,1.2742248641786015e-19,0.6,0.08603531488156774,3.147553496500142e-20,0.31396468511843234
2022-09-12,-0.005916319219390152,0.018752206571810356,0.0,0.5999999999999999,0.10478752145337802,0.0,0.295212478546622
2022-09-13,0.004099440240766691,9.020562075079397e-17,0.0,0.6,0.10478752145337804,0.0,0.2952124785466221
2022-09-14,0.001056969754215979,0.0,0.0,0.6,0.10478752145337804,0.0,0.2952124785466221
2022-09-15,-0.0021450323061479783,0.0,0.0,0.6,0.10478752145337804,0.0,0.2952124785466221
2022-09-16,-0.004419990714943033,0.0,0.0,0.6,0.10478752145337804,0.0,0.2952124785466221
2022-09-19,0.001280645982664003,0.0,0.0,0.6,0.10478752145337804,0.0,0.2952124785466221
2022-09-20,-0.005173309962037768,0.0,0.0,0.6,0.10478752145337804,0.0,0.2952124785466221
2022-09-21,0.01343848899597677,0.0,0.0,0.6,0.10478752145337804,0.0,0.2952124785466221
2022-09-22,-0.014993448297545902,0.0,0.0,0.6,0.10478752145337804,0.0,0.2952124785466221
2022-09-23,0.005288734530162339,0.0,0.0,0.6,0.10478752145337804,0.0,0.2952124785466221
2022-09-26,-0.00894859952430641,0.018659778195737803,0.0,0.6,0.08612774325764021,0.0,0.31387225674235986
2022-09-27,-0.015495678745303052,0.01403058289378132,0.0,0.6,0.1001583261514215,2.1099019882229716e-19,0.2998416738485785
2022-09-28,0.017765748948125288,0.014627896420679035,0.0,0.6,0.08553042973074251,0.0,0.3144695702692576
2022-09-29,-0.004368518516798248,0.0,0.0,0.6,0.08553042973074251,0.0,0.3144695702692576
2022-09-30,-0.007741072500340215,0.0,0.0,0.6,0.08553042973074251,0.0,0.3144695702692576
2022-10-03,0.009230247213921796,0.031864959542807984,1.9361801063511183e-19,0.6,0.053665470187934536,1.9361801063511183e-19,0.3463345298120656
2022-10-04,-0.005638736122116968,0.0,1.9361801063511183e-19,0.6,0.053665470187934536,1.9361801063511183e-19,0.3463345298120656
2022-10-05,-0.0027580510228140836,0.0,1.9361801063511183e-19,0.6,0.053665470187934536,1.9361801063511183e-19,0.3463345298120656
2022-10-06,8.182271961714523e-05,0.0,1.9361801063511183e-19,0.6,0.053665470187934536,1.9361801063511183e-19,0.3463345298120656
2022-10-07,-0.005035952285077769,0.0,1.9361801063511183e-19,0.6,0.053665470187934536,1.9361801063511183e-19,0.3463345298120656
2022-10-10,-0.008128929464000905,0.027105856575580744,0.0,0.6,0.02655961361235378,2.240251132985394e-19,0.3734403863876463
2022-10-11,0.0028460274014235477,0.0,0.0,0.6,0.02655961361235378,2.240251132985394e-19,0.3734403863876463
2022-10-12,0.0030861230865098428,0.0,0.0,0.6,0.02655961361235378,2.240251132985394e-19,0.3734403863876463
2022-10-13,-0.008376462362133094,0.0,0.0,0.6,0.02655961361235378,2.240251132985394e-19,0.3734403863876463
2022-10-14,-0.0026885866584472565,0.0,0.0,0.6,0.02655961361235378,2.240251132985394e-19,0.3734403863876463
2022-10-17,-0.006646094445697431,0.0,0.0,0.6,0.02655961361235378,2.240251132985394e-19,0.3734403863876463
2022-10-18,0.0012162607714892844,0.0,0.0,0.6,0.02655961361235378,2.240251132985394e-19,0.3734403863876463
2022-10-19,-0.008552759292125055,0.0,0.0,0.6,0.02655961361235378,2.240251132985394e-19,0.3734403863876463
2022-10-20,-0.01005167253359686,0.0,0.0,0.6,0.02655961361235378,2.240251132985394e-19,0.3734403863876463
2022-10-21,-0.013537358292467667,0.0,0.0,0.6,0.02655961361235378,2.240251132985394e-19,0.3734403863876463
2022-10-24,-0.004735078037653251,0.014729724538965306,0.0,0.6,0.04128933815131908,3.8430855360909623e-19,0.358710661848681
2022-10-25,0.013634101159352425,0.0,0.0,0.6,0.04128933815131908,3.8430855360909623e-19,0.358710661848681
2022-10-26,0.005176802192948542,0.0,0.0,0.6,0.04128933815131908,3.8430855360909623e-19,0.358710661848681
2022-10-27,0.00901524316415727,0.0,0.0,0.6,0.04128933815131908,3.8430855360909623e-19,0.358710661848681
2022-10-28,-0.003942579253477412,0.0,0.0,0.6,0.04128933815131908,3.8430855360909623e-19,0.358710661848681
2022-10-31,-0.0016027465587746907,0.0,0.0,0.6,0.04128933815131908,3.8430855360909623e-19,0.358710661848681
2022-11-01,0.006214846321417364,0.028982668893233705,4.207825071201673e-19,0.6,0.07027200704455279,4.207825071201673e-19,0.3297279929554473
2022-11-02,-0.0016660649783220003,0.0,4.207825071201673e-19,0.6,0.07027200704455279,4.207825071201673e-19,0.3297279929554473
2022-11-03,-0.0007718793761892035,0.0,4.207825071201673e-19,0.6,0.07027200704455279,4.207825071201673e-19,0.3297279929554473
2022-11-04,-0.014105517865520518,0.0,4.207825071201673e-19,0.6,0.07027200704455279,4.207825071201673e-19,0.3297279929554473
2022-11-07,-0.008142735331527332,0.011725979061188798,0.0,0.5964756941225418,0.06207033386082219,0.0,0.3414539720166361
2022-11-08,0.006459401588952142,0.0,0.0,0.5964756941225418,0.06207033386082219,0.0,0.3414539720166361
2022-11-09,0.004193408840005953,0.0,0.0,0.5964756941225418,0.06207033386082219,0.0,0.3414539720166361
2022-11-10,0.01703378888545334,0.0,0.0,0.5964756941225418,0.06207033386082219,0.0,0.3414539720166361
2022-11-11,-0.0067088595950357596,0.0,0.0,0.5964756941225418,0.06207033386082219,0.0,0.3414539720166361
2022-11-14,0.00022275569091984303,0.0,0.0,0.5964756941225418,0.06207033386082219,0.0,0.3414539720166361
2022-11-15,0.008682927307464068,0.0,0.0,0.5964756941225418,0.06207033386082219,0.0,0.3414539720166361
2022-11-16,0.012186943250521182,0.0,0.0,0.5964756941225418,0.06207033386082219,0.0,0.3414539720166361
2022-11-17,-0.005432803594824751,0.0,0.0,0.5964756941225418,0.06207033386082219,0.0,0.3414539720166361
2022-11-18,-0.003579127624380007,0.0,0.0,0.5964756941225418,0.06207033386082219,0.0,0.3414539720166361
2022-11-21,0.0052601627818327865,0.021007594863286783,0.0,0.5791778727371889,0.05836056038288827,2.2105916129675467e-19,0.36246156687992287
2022-11-22,0.006043065764234805,0.0,0.0,0.5791778727371889,0.05836056038288827,2.2105916129675467e-19,0.36246156687992287
2022-11-23,0.006700203187730061,0.0,0.0,0.5791778727371889,0.05836056038288827,2.2105916129675467e-19,0.36246156687992287
2022-11-25,-0.0019131027543007218,0.0,0.0,0.5791778727371889,0.05836056038288827,2.2105916129675467e-19,0.36246156687992287
2022-11-28,0.0038342760820299026,0.0,0.0,0.5791778727371889,0.05836056038288827,2.2105916129675467e-19,0.36246156687992287
2022-11-29,-0.00587359516750612,0.0,0.0,0.5791778727371889,0.05836056038288827,2.2105916129675467e-19,0.36246156687992287
2022-11-30,0.0021148386062531978,0.0,0.0,0.5791778727371889,0.05836056038288827,2.2105916129675467e-19,0.36246156687992287
2022-12-01,0.014503924712895046,0.016841315241053048,2.272157370874578e-19,0.5702155755005612,0.050481542378462876,2.7881070159020593e-19,0.3793028821209759
2022-12-02,0.006593767997589655,0.0,2.272157370874578e-19,0.5702155755005612,0.050481542378462876,2.7881070159020593e-19,0.3793028821209759
2022-12-05,-0.0057628095662841106,0.0,2.272157370874578e-19,0.5702155755005612,0.050481542378462876,2.7881070159020593e-19,0.3793028821209759
2022-12-06,0.007655135457102446,0.010466255115627984,9.97487319592652e-20,0.5630582940872212,0.04717256867617494,1.9177688412566268e-19,0.3897691372366039
2022-12-07,0.012461585853290623,0.0,9.97487319592652e-20,0.5630582940872212,0.04717256867617494,1.9177688412566268e-19,0.3897691372366039
2022-12-08,-0.0027388940088454035,0.0,9.97487319592652e-20,0.5630582940872212,0.04717256867617494,1.9177688412566268e-19,0.3897691372366039
2022-12-09,-0.01365401462546149,0.0,9.97487319592652e-20,0.5630582940872212,0.04717256867617494,1.9177688412566268e-19,0.3897691372366039
2022-12-12,0.0016856445868697711,0.0,9.97487319592652e-20,0.5630582940872212,0.04717256867617494,1.9177688412566268e-19,0.3897691372366039
2022-12-13,0.002809208839466983,0.0,9.97487319592652e-20,0.5630582940872212,0.04717256867617494,1.9177688412566268e-19,0.3897691372366039
2022-12-14,0.0004886109235135803,0.0,9.97487319592652e-20,0.5630582940872212,0.04717256867617494,1.9177688412566268e-19,0.3897691372366039
2022-12-15,0.005044469742765538,0.0,9.97487319592652e-20,0.5630582940872212,0.04717256867617494,1.9177688412566268e-19,0.3897691372366039
2022-12-16,-0.005189075924901818,0.0,9.97487319592652e-20,0.5630582940872212,0.04717256867617494,1.9177688412566268e-19,0.3897691372366039
2022-12-19,-0.009498150682098172,2.0561956850038898e-07,0.0,0.5630582387100919,0.04717241843373575,2.292321399061565e-19,0.3897693428561724
2022-12-20,-0.011524438125150159,0.010554829865197162,0.0,0.5555510318085808,0.05772724829893295,4.0163109302959303e-20,0.3867217198924863
2022-12-21,0.002271707960267043,0.0,0.0,0.5555510318085808,0.05772724829893295,4.0163109302959303e-20,0.3867217198924863
2022-12-22,-0.0002513588197941934,0.0,0.0,0.5555510318085808,0.05772724829893295,4.0163109302959303e-20,0.3867217198924863
2022-12-23,-0.008109687049325057,0.0,0.0,0.5555510318085808,0.05772724829893295,4.0163109302959303e-20,0.3867217198924863
2022-12-27,-0.010636523743306932,0.0,0.0,0.5555510318085808,0.05772724829893295,4.0163109302959303e-20,0.3867217198924863
2022-12-28,-0.0021506625178187274,0.0,0.0,0.5555510318085808,0.05772724829893295,4.0163109302959303e-20,0.3867217198924863
2022-12-29,0.004287297018916211,0.0,0.0,0.5555510318085808,0.05772724829893295,4.0163109302959303e-20,0.3867217198924863
2022-12-30,-0.007157708008264327,0.0,0.0,0.5555510318085808,0.05772724829893295,4.0163109302959303e-20,0.3867217198924863
2023-01-03,0.015037431769197664,0.026871584958947408,0.0,0.5369114682195856,0.08459883325788034,0.0,0.3784896985225341
2023-01-04,0.00680554759654027,0.0,0.0,0.5369114682195856,0.08459883325788034,0.0,0.3784896985225341
2023-01-05,0.004704566216317271,0.0,0.0,0.5369114682195856,0.08459883325788034,0.0,0.3784896985225341
2023-01-06,0.0065063284421018825,0.0,0.0,0.5369114682195856,0.08459883325788034,0.0,0.3784896985225341
2023-01-09,0.0007424123632661356,0.0,0.0,0.5369114682195856,0.08459883325788034,0.0,0.3784896985225341
2023-01-10,-0.00830184668661358,0.0,0.0,0.5369114682195856,0.08459883325788034,0.0,0.3784896985225341
2023-01-11,0.008667312434325506,0.0,0.0,0.5369114682195856,0.08459883325788034,0.0,0.3784896985225341
2023-01-12,0.007863725587616012,0.0,0.0,0.5369114682195856,0.08459883325788034,0.0,0.3784896985225341
2023-01-13,-0.00415463392518913,0.0,0.0,0.5369114682195856,0.08459883325788034,0.0,0.3784896985225341
2023-01-17,-0.002922297715240091,2.297082692587225e-05,1.861710023110062e-19,0.5369231979824819,0.0846100743219099,0.0,0.37846672769560824
2023-01-18,0.012767481396631718,0.0,1.861710023110062e-19,0.5369231979824819,0.0846100743219099,0.0,0.37846672769560824
2023-01-19,-0.002979875924125826,0.0,1.861710023110062e-19,0.5369231979824819,0.0846100743219099,0.0,0.37846672769560824
2023-01-20,-0.00957461530670649,0.010022396898545193,0.0,0.5383647210707337,0.0931909481322032,2.8276983967935766e-20,0.368444330797063
2023-01-23,-0.001820885062165882,0.0,0.0,0.5383647210707337,0.0931909481322032,2.8276983967935766e-20,0.368444330797063
2023-01-24,0.007676681907564897,0.0,0.0,0.5383647210707337,0.0931909481322032,2.8276983967935766e-20,0.368444330797063
2023-01-25,0.0005267778634976265,0.0,0.0,0.5383647210707337,0.0931909481322032,2.8276983967935766e-20,0.368444330797063
2023-01-26,-0.0024056881023717647,0.0,0.0,0.5383647210707337,0.0931909481322032,2.8276983967935766e-20,0.368444330797063
2023-01-27,-0.0009514624162714814,0.0,0.0,0.5383647210707337,0.0931909481322032,2.8276983967935766e-20,0.368444330797063
2023-01-30,-0.0008655217093240102,0.0,0.0,0.5383647210707337,0.0931909481322032,2.8276983967935766e-20,0.368444330797063
2023-01-31,0.003841191755590741,0.0,0.0,0.5383647210707337,0.0931909481322032,2.8276983967935766e-20,0.368444330797063
2023-02-01,0.004163498902037216,0.0,0.0,0.5383647210707337,0.0931909481322032,2.8276983967935766e-20,0.368444330797063
2023-02-02,0.0016596107669191262,0.9068090518677968,0.6,0.0,0.26411208163431893,0.13588791836568126,1.9730887380143077e-17
2023-02-03,-0.01741461845728741,0.0021036059621288394,0.6,2.284785110726581e-20,0.26200847567219004,0.13799152432781003,0.0
2023-02-06,-0.004782249731771519,0.6122424544281797,0.254230460193146,0.5342033533364141,0.13352708537867425,0.0,0.07803910109176568
2023-02-07,0.0023449964427651134,0.19195608919684304,0.4264228274032417,0.4202863652313367,0.1532908073654215,0.0,0.0
2023-02-08,-0.004543670433794859,0.3675716244559156,0.6,0.05271474077542114,0.26551307611419644,0.08177218311038244,0.0
2023-02-09,-0.008779507963826816,0.052714740775421154,0.6,5.204170427930421e-18,0.2690444906362796,0.13095550936372044,0.0
2023-02-10,0.005718234161593852,0.0016810944809720505,0.6,0.0,0.2673633961553076,0.1326366038446925,0.0
2023-02-13,0.004982347992569832,0.006521999947293189,0.6,4.491789564461951e-19,0.2608413962080144,0.1391586037919857,1.0402013824630934e-19
2023-02-14,-0.0002848777680662313,0.0024050624751058153,0.6,0.0,0.25843633373290853,0.14156366626709146,0.0
2023-02-15,-0.0014020471729690874,0.0,0.6,0.0,0.25843633373290853,0.14156366626709146,0.0
2023-02-16,-0.009767896678471253,0.04433036060233444,0.5999999999999999,0.03413531421951904,0.26863138011572385,0.09723330566475706,6.996776238768316e-20
2023-02-17,0.003648708358885342,0.905232826189242,1.0568405870598816e-17,0.48729907330517214,0.06063185959123896,0.0,0.4520690671035889
2023-02-21,-0.008250009211920095,0.0,1.0568405870598816e-17,0.48729907330517214,0.06063185959123896,0.0,0.4520690671035889
2023-02-22,0.00556835566950209,0.0,1.0568405870598816e-17,0.48729907330517214,0.06063185959123896,0.0,0.4520690671035889
2023-02-23,0.004889719739845304,0.0,1.0568405870598816e-17,0.48729907330517214,0.06063185959123896,0.0,0.4520690671035889
2023-02-24,-0.0034147202559567,0.0,1.0568405870598816e-17,0.48729907330517214,0.06063185959123896,0.0,0.4520690671035889
2023-02-27,-0.0007909844765581713,0.0,1.0568405870598816e-17,0.48729907330517214,0.06063185959123896,0.0,0.4520690671035889
2023-02-28,0.003766183557799169,0.0,1.0568405870598816e-17,0.48729907330517214,0.06063185959123896,0.0,0.4520690671035889
2023-03-01,-0.007271278777357872,0.0,1.0568405870598816e-17,0.48729907330517214,0.06063185959123896,0.0,0.4520690671035889
2023-03-02,-0.0019577282442108717,0.0,1.0568405870598816e-17,0.48729907330517214,0.06063185959123896,0.0,0.4520690671035889
2023-03-03,0.010705739174458226,0.0,1.0568405870598816e-17,0.48729907330517214,0.06063185959123896,0.0,0.4520690671035889
2023-03-06,-0.00010827759899110178,0.8948677622880222,0.6000000000000001,0.0445003781207389,0.24069952511360526,0.11480009676565579,0.0
2023-03-07,-0.017431324056901586,5.551115123125783e-17,0.6,0.0445003781207389,0.24069952511360526,0.11480009676565579,0.0
2023-03-08,-0.00036013519700267484,0.0,0.6,0.0445003781207389,0.24069952511360526,0.11480009676565579,0.0
2023-03-09,-0.01006124701335264,0.0,0.6,0.0445003781207389,0.24069952511360526,0.11480009676565579,0.0
2023-03-10,-0.0003738421879219346,4.0115786069449405e-05,0.6000000000000001,0.044460262334669536,0.24071957412658657,0.11482016353874391,0.0
2023-03-13,0.0016337265268431852,0.002644619842570386,0.6,0.04635802321394755,0.24146643308987892,0.11217554369617362,0.0
2023-03-14,0.003712175902308436,0.0024824699095862823,0.6,0.044764983355151985,0.2405770030390882,0.11465801360575989,2.3351331853412303e-20
2023-03-15,-0.006312772161765231,0.0,0.6,0.044764983355151985,0.2405770030390882,0.11465801360575989,2.3351331853412303e-20
2023-03-16,0.010513072676361517,0.024764143038407904,0.6,0.06952912639355993,0.2399553466639918,0.09051552694244842,2.0547007422370522e-20
2023-03-17,-0.0019629877171928674,0.02413134819488583,0.6,0.045397778198674056,0.24066977154886451,0.11393245025246149,1.450581610291876e-20
2023-03-20,-0.006543936503823723,0.8949422948718503,0.0,0.3941965913457328,0.05965992692947565,6.657283539022516e-17,0.5461434817247914
2023-03-21,-0.004707684645852049,0.0,0.0,0.3941965913457328,0.05965992692947565,6.657283539022516e-17,0.5461434817247914
2023-03-22,0.0021796881765709774,0.0,0.0,0.3941965913457328,0.05965992692947565,6.657283539022516e-17,0.5461434817247914
2023-03-23,0.0015332497985430255,0.0,0.0,0.3941965913457328,0.05965992692947565,6.657283539022516e-17,0.5461434817247914
2023-03-24,0.004328358789364819,0.0,0.0,0.3941965913457328,0.05965992692947565,6.657283539022516e-17,0.5461434817247914
2023-03-27,-0.011565889789280201,0.0,0.0,0.3941965913457328,0.05965992692947565,6.657283539022516e-17,0.5461434817247914
2023-03-28,-0.0007483723078938847,0.0,0.0,0.3941965913457328,0.05965992692947565,6.657283539022516e-17,0.5461434817247914
2023-03-29,0.00021204431896238492,0.01005004475601058,5.585506481145317e-20,0.3948126358438549,0.0690939271873642,0.0,0.536093436968781
2023-03-30,-2.0171884455738175e-05,0.003013678322721043,3.1351011799209355e-19,0.39420645635950496,0.07210760551008526,0.0,0.5336859381304099
2023-03-31,0.007288100977770891,0.0230069007455707,4.9091417807005576e-20,0.3961834537474601,0.09313750886770074,4.9091417807005576e-20,0.5106790373848391
2023-04-03,-0.00012730041968707058,0.023930867856628617,3.5624030770699394e-19,0.39657507995140806,0.06920664101107218,5.808471027348022e-20,0.5342182790375198
2023-04-04,0.002294883127796154,0.9135271277012504,0.6,0.017266231287677476,0.2970841906167525,0.08564957809557008,3.3452400905574915e-17
2023-04-05,-0.0016640019584747276,0.0,0.6,0.017266231287677476,0.2970841906167525,0.08564957809557008,3.3452400905574915e-17
2023-04-06,0.00029017731511365253,0.0,0.6,0.017266231287677476,0.2970841906167525,0.08564957809557008,3.3452400905574915e-17
2023-04-10,-0.002470561356084605,0.0,0.6,0.017266231287677476,0.2970841906167525,0.08564957809557008,3.3452400905574915e-17
2023-04-11,0.0036828653905721888,0.0,0.6,0.017266231287677476,0.2970841906167525,0.08564957809557008,3.3452400905574915e-17
2023-04-12,0.0006268933664426702,0.0,0.6,0.017266231287677476,0.2970841906167525,0.08564957809557008,3.3452400905574915e-17
2023-04-13,0.011104305530059321,0.0,0.6,0.017266231287677476,0.2970841906167525,0.08564957809557008,3.3452400905574915e-17
2023-04-14,-0.006539159698233048,0.0,0.6,0.017266231287677476,0.2970841906167525,0.08564957809557008,3.3452400905574915e-17
2023-04-17,-0.0008605909537749216,0.0,0.6,0.017266231287677476,0.2970841906167525,0.08564957809557008,3.3452400905574915e-17
2023-04-18,2.743763790737211e-06,0.9234268702453814,4.835383096787713e-17,0.4406219429645804,0.059306898466941135,0.0,0.5000711585684784
2023-04-19,0.00037619215862912006,0.0,4.835383096787713e-17,0.4406219429645804,0.059306898466941135,0.0,0.5000711585684784
2023-04-20,0.004000564912384731,0.0,4.835383096787713e-17,0.4406219429645804,0.059306898466941135,0.0,0.5000711585684784
2023-04-21,-0.003602506710475197,0.0,4.835383096787713e-17,0.4406219429645804,0.059306898466941135,0.0,0.5000711585684784
2023-04-24,0.002821160580578056,0.0,4.835383096787713e-17,0.4406219429645804,0.059306898466941135,0.0,0.5000711585684784
2023-04-25,0.00913113067736746,0.0,4.835383096787713e-17,0.4406219429645804,0.059306898466941135,0.0,0.5000711585684784
2023-04-26,-0.006638346518065477,0.0,4.835383096787713e-17,0.4406219429645804,0.059306898466941135,0.0,0.5000711585684784
2023-04-27,-0.004188325036141222,0.0,4.835383096787713e-17,0.4406219429645804,0.059306898466941135,0.0,0.5000711585684784
2023-04-28,0.007845445804374884,0.0,4.835383096787713e-17,0.4406219429645804,0.059306898466941135,0.0,0.5000711585684784
2023-05-01,-0.010448667457867692,0.0,4.835383096787713e-17,0.4406219429645804,0.059306898466941135,0.0,0.5000711585684784
2023-05-02,-0.008227342515064517,0.9406931015330589,0.6000000000000001,5.366625231687145e-17,0.27199114871939417,0.12800885128060585,1.2770654590486571e-17
2023-05-03,-0.004726358417457216,0.05311352850721449,0.5999999999999999,0.03790495947039259,0.287199717756216,0.07489532277339146,1.2260000605686914e-19
2023-05-04,-0.005579833371477408,0.42045479896472515,0.34437429882157183,0.4583597584351178,0.1972659427433104,0.0,1.966811520908452e-17
2023-05-05,0.006313104574043827,0.33948683830570553,0.6,0.11887292012941224,0.2811270798705878,0.0,1.3383768198254583e-19
2023-05-08,1.5080460151373383e-05,0.03783330818062597,0.6,0.08103961194878628,0.2861726475079487,0.03278774054326513,6.817297121572985e-20
2023-05-09,0.00024400455411964744,0.06407335167169602,0.5999999999999999,0.016966260277090323,0.290961129876719,0.09207260984619076,0.0
2023-05-10,0.0014597975713620845,0.03727210784152737,0.6,0.0,0.270655282312282,0.12934471768771802,0.0
2023-05-11,-0.005712728644807561,0.005852839321612124,0.6,1.9332350808693585e-20,0.2648024429906699,0.1351975570093302,7.348764630592006e-20
2023-05-12,-0.0035561043149137366,0.012114650522578166,0.6,0.0,0.27691709351324806,0.12308290648675202,2.453167371565518e-19
2023-05-15,0.0028120587105951275,0.07183319727212001,0.6,0.061162214430220935,0.2875880763551471,0.05124970921463198,2.1095079360478862e-19
2023-05-16,-0.0009675671088412805,0.8586372580242645,0.0,0.41127040873989495,0.08020052754551452,0.0,0.5085290637145905
2023-05-17,-0.0005892316564756592,0.004330826814752976,0.0,0.4101522717516849,0.08453135436026753,0.0,0.5053163738880476
2023-05-18,-0.00036442236222547736,0.0,0.0,0.4101522717516849,0.08453135436026753,0.0,0.5053163738880476
2023-05-19,-0.0035816041860905297,0.0065357861825986185,1.6335754249555997e-19,0.4122738612057462,0.07799556817766888,0.0,0.5097305706165849
2023-05-22,-0.0013122387728967645,0.012310231431871557,1.9132796001224238e-19,0.4086418732653264,0.09030579960954045,0.0,0.5010523271251331
2023-05-23,0.002616578611076396,0.05231850666665699,3.2059430522271177e-19,0.40615532875620763,0.14262430627619743,0.0,0.45122036496759493
2023-05-24,-0.001798123495897543,0.021141231800584553,0.0,0.40411429709725954,0.163765538076782,1.6334402558153434e-19,0.4321201648259585
2023-05-25,-0.0005407250934706284,0.15803529110987705,0.11729162636197193,0.4270974399886457,0.1815260599333009,0.0,0.27408487371608137
2023-05-26,0.00936225843625336,0.3287662800443476,0.42954138310365003,0.37241603366037956,0.19804258323597054,0.0,0.0
2023-05-30,0.003173043990876084,0.24921006199597945,0.6,0.12320597166440012,0.2767940283356,1.493793131824469e-17,0.0
2023-05-31,-0.005573120636121517,0.11080467288544758,0.6,0.012401298778952474,0.2835084245727474,0.10409027664830017,1.1230947986956985e-19
