date,gross,turnover,w_SPY,w_TLT,w_GLD,w_USO,w_UUP
2019-01-02,0.004822262532497656,0.36051088024074196,0.12997648577869023,0.48348823918841316,0.10951263398056785,4.5311389186140283e-17,0.2770226410523289
2019-01-03,0.0018804414460098446,0.0,0.12997648577869023,0.48348823918841316,0.10951263398056785,4.5311389186140283e-17,0.2770226410523289
2019-01-04,-0.002562882411790288,0.0,0.12997648577869023,0.48348823918841316,0.10951263398056785,4.5311389186140283e-17,0.2770226410523289
2019-01-07,-0.0012186459017456898,0.0,0.12997648577869023,0.48348823918841316,0.10951263398056785,4.5311389186140283e-17,0.2770226410523289
2019-01-08,0.0005279711517352855,0.0,0.12997648577869023,0.48348823918841316,0.10951263398056785,4.5311389186140283e-17,0.2770226410523289
2019-01-09,-0.002060675623092482,0.0,0.12997648577869023,0.48348823918841316,0.10951263398056785,4.5311389186140283e-17,0.2770226410523289
2019-01-10,-0.001647143251691422,0.0,0.12997648577869023,0.48348823918841316,0.10951263398056785,4.5311389186140283e-17,0.2770226410523289
2019-01-11,0.0023444848163568493,0.0,0.12997648577869023,0.48348823918841316,0.10951263398056785,4.5311389186140283e-17,0.2770226410523289
2019-01-14,-0.0023315586669880777,0.0,0.12997648577869023,0.48348823918841316,0.10951263398056785,4.5311389186140283e-17,0.2770226410523289
2019-01-15,0.0005188257563452866,0.0,0.12997648577869023,0.48348823918841316,0.10951263398056785,4.5311389186140283e-17,0.2770226410523289
2019-01-16,0.0011354102060666916,0.3153409418593639,0.020795159688585946,0.3868412573997214,0.0,0.0,0.5923635829116928
2019-01-17,0.00025438881150388024,0.0,0.020795159688585946,0.3868412573997214,0.0,0.0,0.5923635829116928
2019-01-18,0.00010863926137014596,0.0,0.020795159688585946,0.3868412573997214,0.0,0.0,0.5923635829116928
2019-01-22,0.0023399071834621487,0.0,0.020795159688585946,0.3868412573997214,0.0,0.0,0.5923635829116928
2019-01-23,-0.0015075185778352124,0.0,0.020795159688585946,0.3868412573997214,0.0,0.0,0.5923635829116928
2019-01-24,0.00603540095644948,0.0,0.020795159688585946,0.3868412573997214,0.0,0.0,0.5923635829116928
2019-01-25,-0.00652640150489431,0.0,0.020795159688585946,0.3868412573997214,0.0,0.0,0.5923635829116928
2019-01-28,-6.642527299138135e-05,0.006208180322894108,0.020795159688585946,0.38063307707682725,3.0184636166227545e-19,4.395888375142605e-19,0.5985717632345868
2019-01-29,0.0021357207573521326,0.0,0.020795159688585946,0.38063307707682725,3.0184636166227545e-19,4.395888375142605e-19,0.5985717632345868
2019-01-30,-0.0030089820259278067,0.0,0.020795159688585946,0.38063307707682725,3.0184636166227545e-19,4.395888375142605e-19,0.5985717632345868
2019-01-31,0.0011609116695576183,0.8155249711939203,0.02938465661566632,0.1636798691174937,0.6234442509185553,0.18349122334828458,8.089457680264502e-17
2019-02-01,0.0023028344172136717,0.0,0.02938465661566632,0.1636798691174937,0.6234442509185553,0.18349122334828458,8.089457680264502e-17
2019-02-04,-0.005279067601512623,0.0,0.02938465661566632,0.1636798691174937,0.6234442509185553,0.18349122334828458,8.089457680264502e-17
2019-02-05,-0.0008721407296398398,0.003990560235519475,0.0333752168511858,0.1596893088819743,0.6234442509185553,0.18349122334828458,1.0366306045767618e-19
2019-02-06,-0.0033255860826984216,0.09677050980631789,0.13014572665750374,0.1596893088819743,0.5437775826415913,0.16638738181893073,0.0
2019-02-07,-0.005228579244043461,0.6554870570306252,0.6950652010593041,0.250256891510799,0.03877224087766712,0.015905666552229906,4.131193546721577e-17
2019-02-08,0.0020136378731827388,0.05467790742989695,0.7399687273993307,0.26003127260066927,1.2987815424274718e-18,4.255921878087318e-19,4.1317705832249746e-17
2019-02-11,-0.0006096003321828493,0.0,0.7399687273993307,0.26003127260066927,1.2987815424274718e-18,4.255921878087318e-19,4.1317705832249746e-17
2019-02-12,0.008854056017722045,0.0,0.7399687273993307,0.26003127260066927,1.2987815424274718e-18,4.255921878087318e-19,4.1317705832249746e-17
2019-02-13,0.00141856289229021,0.0,0.7399687273993307,0.26003127260066927,1.2987815424274718e-18,4.255921878087318e-19,4.1317705832249746e-17
2019-02-14,-0.0001599963472340704,0.0,0.7399687273993307,0.26003127260066927,1.2987815424274718e-18,4.255921878087318e-19,4.1317705832249746e-17
2019-02-15,0.008469633809882677,0.0,0.7399687273993307,0.26003127260066927,1.2987815424274718e-18,4.255921878087318e-19,4.1317705832249746e-17
2019-02-19,0.0019412493726515233,0.0,0.7399687273993307,0.26003127260066927,1.2987815424274718e-18,4.255921878087318e-19,4.1317705832249746e-17
2019-02-20,0.0007472736546894042,0.0,0.7399687273993307,0.26003127260066927,1.2987815424274718e-18,4.255921878087318e-19,4.1317705832249746e-17
2019-02-21,-0.004955848321175498,0.0,0.7399687273993307,0.26003127260066927,1.2987815424274718e-18,4.255921878087318e-19,4.1317705832249746e-17
2019-02-22,0.006137315921547337,0.0,0.7399687273993307,0.26003127260066927,1.2987815424274718e-18,4.255921878087318e-19,4.1317705832249746e-17
2019-02-25,0.00023707890067486222,0.0,0.7399687273993307,0.26003127260066927,1.2987815424274718e-18,4.255921878087318e-19,4.1317705832249746e-17
2019-02-26,0.0007576729523407183,0.0,0.7399687273993307,0.26003127260066927,1.2987815424274718e-18,4.255921878087318e-19,4.1317705832249746e-17
2019-02-27,-0.003263852025523653,0.0,0.7399687273993307,0.26003127260066927,1.2987815424274718e-18,4.255921878087318e-19,4.1317705832249746e-17
2019-02-28,-0.002263067777036434,0.0,0.7399687273993307,0.26003127260066927,1.2987815424274718e-18,4.255921878087318e-19,4.1317705832249746e-17
2019-03-01,0.002216423625448874,0.0,0.7399687273993307,0.26003127260066927,1.2987815424274718e-18,4.255921878087318e-19,4.1317705832249746e-17
2019-03-04,-0.0006535674110880038,0.0,0.7399687273993307,0.26003127260066927,1.2987815424274718e-18,4.255921878087318e-19,4.1317705832249746e-17
2019-03-05,-0.0004624116438675229,0.0,0.7399687273993307,0.26003127260066927,1.2987815424274718e-18,4.255921878087318e-19,4.1317705832249746e-17
2019-03-06,-0.0035276894150266256,0.0,0.7399687273993307,0.26003127260066927,1.2987815424274718e-18,4.255921878087318e-19,4.1317705832249746e-17
2019-03-07,-0.004503667118019926,0.0,0.7399687273993307,0.26003127260066927,1.2987815424274718e-18,4.255921878087318e-19,4.1317705832249746e-17
2019-03-08,-0.0003845003321019931,0.0,0.7399687273993307,0.26003127260066927,1.2987815424274718e-18,4.255921878087318e-19,4.1317705832249746e-17
2019-03-11,0.009960377273183213,0.0,0.7399687273993307,0.26003127260066927,1.2987815424274718e-18,4.255921878087318e-19,4.1317705832249746e-17
2019-03-12,0.00461382334969135,0.0,0.7399687273993307,0.26003127260066927,1.2987815424274718e-18,4.255921878087318e-19,4.1317705832249746e-17
2019-03-13,0.00440810705262442,0.0,0.7399687273993307,0.26003127260066927,1.2987815424274718e-18,4.255921878087318e-19,4.1317705832249746e-17
2019-03-14,-0.0023517076547739683,0.0,0.7399687273993307,0.26003127260066927,1.2987815424274718e-18,4.255921878087318e-19,4.1317705832249746e-17
2019-03-15,0.005375721672636707,0.0,0.7399687273993307,0.26003127260066927,1.2987815424274718e-18,4.255921878087318e-19,4.1317705832249746e-17
2019-03-18,0.002533815236224238,0.0,0.7399687273993307,0.26003127260066927,1.2987815424274718e-18,4.255921878087318e-19,4.1317705832249746e-17
2019-03-19,-0.000393734864226386,0.0,0.7399687273993307,0.26003127260066927,1.2987815424274718e-18,4.255921878087318e-19,4.1317705832249746e-17
2019-03-20,0.0004931984053126938,0.0,0.7399687273993307,0.26003127260066927,1.2987815424274718e-18,4.255921878087318e-19,4.1317705832249746e-17
2019-03-21,0.008929685164717614,0.0,0.7399687273993307,0.26003127260066927,1.2987815424274718e-18,4.255921878087318e-19,4.1317705832249746e-17
2019-03-22,-0.010202350275400108,0.0,0.7399687273993307,0.26003127260066927,1.2987815424274718e-18,4.255921878087318e-19,4.1317705832249746e-17
2019-03-25,-0.0001397999015889352,0.0,0.7399687273993307,0.26003127260066927,1.2987815424274718e-18,4.255921878087318e-19,4.1317705832249746e-17
2019-03-26,0.005328381021690453,0.0,0.7399687273993307,0.26003127260066927,1.2987815424274718e-18,4.255921878087318e-19,4.1317705832249746e-17
2019-03-27,-0.0014762181241088318,0.0,0.7399687273993307,0.26003127260066927,1.2987815424274718e-18,4.255921878087318e-19,4.1317705832249746e-17
2019-03-28,0.0037121126052710196,0.0,0.7399687273993307,0.26003127260066927,1.2987815424274718e-18,4.255921878087318e-19,4.1317705832249746e-17
2019-03-29,0.004419314378795867,0.0,0.7399687273993307,0.26003127260066927,1.2987815424274718e-18,4.255921878087318e-19,4.1317705832249746e-17
2019-04-01,0.005081830971098338,0.0,0.7399687273993307,0.26003127260066927,1.2987815424274718e-18,4.255921878087318e-19,4.1317705832249746e-17
2019-04-02,0.0008435756810864542,0.0,0.7399687273993307,0.26003127260066927,1.2987815424274718e-18,4.255921878087318e-19,4.1317705832249746e-17
2019-04-03,-0.0010898340937911593,0.0,0.7399687273993307,0.26003127260066927,1.2987815424274718e-18,4.255921878087318e-19,4.1317705832249746e-17
2019-04-04,0.002700290234059177,0.0,0.7399687273993307,0.26003127260066927,1.2987815424274718e-18,4.255921878087318e-19,4.1317705832249746e-17
2019-04-05,0.003917496074692929,0.0,0.7399687273993307,0.26003127260066927,1.2987815424274718e-18,4.255921878087318e-19,4.1317705832249746e-17
2019-04-08,-0.00035835833523134044,0.0,0.7399687273993307,0.26003127260066927,1.2987815424274718e-18,4.255921878087318e-19,4.1317705832249746e-17
2019-04-09,-0.002971593920370438,0.0,0.7399687273993307,0.26003127260066927,1.2987815424274718e-18,4.255921878087318e-19,4.1317705832249746e-17
2019-04-10,0.0031533183886749477,0.0,0.7399687273993307,0.26003127260066927,1.2987815424274718e-18,4.255921878087318e-19,4.1317705832249746e-17
2019-04-11,-0.0017328308692064265,0.0,0.7399687273993307,0.26003127260066927,1.2987815424274718e-18,4.255921878087318e-19,4.1317705832249746e-17
2019-04-12,0.003154506686013521,0.0,0.7399687273993307,0.26003127260066927,1.2987815424274718e-18,4.255921878087318e-19,4.1317705832249746e-17
2019-04-15,0.0001727292491078092,0.0,0.7399687273993307,0.26003127260066927,1.2987815424274718e-18,4.255921878087318e-19,4.1317705832249746e-17
2019-04-16,-0.0011434270155979546,0.0,0.7399687273993307,0.26003127260066927,1.2987815424274718e-18,4.255921878087318e-19,4.1317705832249746e-17
2019-04-17,-0.0017041502738464939,0.0,0.7399687273993307,0.26003127260066927,1.2987815424274718e-18,4.255921878087318e-19,4.1317705832249746e-17
2019-04-18,0.002818237692609784,0.0,0.7399687273993307,0.26003127260066927,1.2987815424274718e-18,4.255921878087318e-19,4.1317705832249746e-17
2019-04-22,-0.0006105378605604742,0.0,0.7399687273993307,0.26003127260066927,1.2987815424274718e-18,4.255921878087318e-19,4.1317705832249746e-17
2019-04-23,0.007206399514580474,0.0,0.7399687273993307,0.26003127260066927,1.2987815424274718e-18,4.255921878087318e-19,4.1317705832249746e-17
2019-04-24,0.0004793056109908423,0.0,0.7399687273993307,0.26003127260066927,1.2987815424274718e-18,4.255921878087318e-19,4.1317705832249746e-17
2019-04-25,-0.0008346140488195205,0.0,0.7399687273993307,0.26003127260066927,1.2987815424274718e-18,4.255921878087318e-19,4.1317705832249746e-17
2019-04-26,0.004331105671615274,0.0,0.7399687273993307,0.26003127260066927,1.2987815424274718e-18,4.255921878087318e-19,4.1317705832249746e-17
2019-04-29,-0.0004991341489987381,0.0,0.7399687273993307,0.26003127260066927,1.2987815424274718e-18,4.255921878087318e-19,4.1317705832249746e-17
2019-04-30,0.0017093977757017906,0.0,0.7399687273993307,0.26003127260066927,1.2987815424274718e-18,4.255921878087318e-19,4.1317705832249746e-17
2019-05-01,-0.004489305797564956,0.0,0.7399687273993307,0.26003127260066927,1.2987815424274718e-18,4.255921878087318e-19,4.1317705832249746e-17
2019-05-02,-0.0028360833142555167,0.0,0.7399687273993307,0.26003127260066927,1.2987815424274718e-18,4.255921878087318e-19,4.1317705832249746e-17
2019-05-03,0.007980966427996694,0.0,0.7399687273993307,0.26003127260066927,1.2987815424274718e-18,4.255921878087318e-19,4.1317705832249746e-17
2019-05-06,-0.002330538026527381,0.0,0.7399687273993307,0.26003127260066927,1.2987815424274718e-18,4.255921878087318e-19,4.1317705832249746e-17
2019-05-07,-0.01036458048804326,0.0,0.7399687273993307,0.26003127260066927,1.2987815424274718e-18,4.255921878087318e-19,4.1317705832249746e-17
2019-05-08,-0.0022979970264804138,0.05391114978560944,0.6860575776137213,0.31134383259697457,3.291352357921473e-18,2.9118815975515465e-18,0.0025985897893042145
2019-05-09,-0.0008047635041504473,0.0,0.6860575776137213,0.31134383259697457,3.291352357921473e-18,2.9118815975515465e-18,0.0025985897893042145
2019-05-10,0.003022002986740937,0.0,0.6860575776137213,0.31134383259697457,3.291352357921473e-18,2.9118815975515465e-18,0.0025985897893042145
2019-05-13,-0.014794908423282368,0.0,0.6860575776137213,0.31134383259697457,3.291352357921473e-18,2.9118815975515465e-18,0.0025985897893042145
2019-05-14,0.001986089819149933,0.353662383269425,0.3323951943442962,0.48345530647819673,0.004920210379097903,0.0,0.17922928879840905
2019-05-15,0.005670616944975915,0.2641432772175321,0.5965384715618284,0.3510569863617004,4.667508407860267e-18,0.0,0.05240454207647123
2019-05-16,0.004560636725439986,0.006204010558058848,0.6027424821198872,0.34704843489729303,8.332097117248022e-21,0.0,0.05020908298281977
2019-05-17,-0.0030092210999522148,0.0,0.6027424821198872,0.34704843489729303,8.332097117248022e-21,0.0,0.05020908298281977
2019-05-20,-0.00473989347622603,0.0,0.6027424821198872,0.34704843489729303,8.332097117248022e-21,0.0,0.05020908298281977
2019-05-21,0.004958469646971218,0.0,0.6027424821198872,0.34704843489729303,8.332097117248022e-21,0.0,0.05020908298281977
2019-05-22,0.0001774381397321636,0.0,0.6027424821198872,0.34704843489729303,8.332097117248022e-21,0.0,0.05020908298281977
2019-05-23,-0.0035564438065739377,0.0,0.6027424821198872,0.34704843489729303,8.332097117248022e-21,0.0,0.05020908298281977
2019-05-24,-0.0001573839462341593,0.4539016172987359,0.1488408648211513,0.4956955735132791,0.06517022538530758,1.615948730091393e-18,0.29029333628026205
2019-05-28,0.004909609750966711,0.2756417848432481,0.03557615734342004,0.39848872153306986,0.0,0.0,0.5659351211235102
2019-05-29,0.0023584811545318642,0.018141264383551025,0.023779820055558017,0.39214379443738084,0.0,5.025774911562381e-20,0.5840763855070612
2019-05-30,0.0036579467609667076,0.0,0.023779820055558017,0.39214379443738084,0.0,5.025774911562381e-20,0.5840763855070612
2019-05-31,0.002157713441397567,0.0,0.023779820055558017,0.39214379443738084,0.0,5.025774911562381e-20,0.5840763855070612
2019-06-03,-0.0005441793434776564,0.0,0.023779820055558017,0.39214379443738084,0.0,5.025774911562381e-20,0.5840763855070612
2019-06-04,-0.00462398545037266,0.0,0.023779820055558017,0.39214379443738084,0.0,5.025774911562381e-20,0.5840763855070612
2019-06-05,-1.458486194108057e-07,0.0,0.023779820055558017,0.39214379443738084,0.0,5.025774911562381e-20,0.5840763855070612
2019-06-06,-0.0005835985754583646,0.0,0.023779820055558017,0.39214379443738084,0.0,5.025774911562381e-20,0.5840763855070612
2019-06-07,0.0011737863379820918,0.0,0.023779820055558017,0.39214379443738084,0.0,5.025774911562381e-20,0.5840763855070612
2019-06-10,-0.002909137346515807,0.0,0.023779820055558017,0.39214379443738084,0.0,5.025774911562381e-20,0.5840763855070612
2019-06-11,0.00035022263853287704,0.09870579352720471,0.044349155886655556,0.40761877039903655,0.06266148173445142,1.0801524474725208e-19,0.48537059197985644
2019-06-12,0.001841555542382884,0.004624985988173683,0.04897414187482924,0.40761877039903655,0.06266148173445142,2.6826510782928995e-19,0.48074560599168276
2019-06-13,0.002356763599414952,0.0,0.04897414187482924,0.40761877039903655,0.06266148173445142,2.6826510782928995e-19,0.48074560599168276
2019-06-14,0.0035237476458918125,0.0,0.04897414187482924,0.40761877039903655,0.06266148173445142,2.6826510782928995e-19,0.48074560599168276
2019-06-17,0.0008748553214922188,0.0,0.04897414187482924,0.40761877039903655,0.06266148173445142,2.6826510782928995e-19,0.48074560599168276
2019-06-18,0.0036035405198663333,0.0,0.04897414187482924,0.40761877039903655,0.06266148173445142,2.6826510782928995e-19,0.48074560599168276
2019-06-19,-0.001113161120972338,0.0,0.04897414187482924,0.40761877039903655,0.06266148173445142,2.6826510782928995e-19,0.48074560599168276
2019-06-20,0.00019037302124621527,0.0,0.04897414187482924,0.40761877039903655,0.06266148173445142,2.6826510782928995e-19,0.48074560599168276
2019-06-21,-0.006329809034943253,0.02762836516700823,0.05490877666325537,0.4117548548081214,0.08021912770394872,1.8958806136166347e-19,0.4531172408246746
2019-06-24,0.004319253234483157,0.10431312704156868,0.11005309615534296,0.4117548548081214,0.1293879352534298,3.80307269860026e-19,0.3488041137831059
2019-06-25,0.00033950152156473,0.6147370156484944,0.110053096155343,0.14582195294273304,0.5721356179122885,0.17198933298963553,5.983621901091013e-17
2019-06-26,-0.002037430095041219,0.007617691257115063,0.110053096155343,0.13820426168561797,0.5763325180284764,0.17541012413056264,0.0
2019-06-27,0.0007875994154432066,0.001709798682415331,0.110053096155343,0.13649446300320264,0.5773773006491173,0.17607514019233708,0.0
2019-06-28,-0.0015430352626664813,0.0,0.110053096155343,0.13649446300320264,0.5773773006491173,0.17607514019233708,0.0
2019-07-01,-0.006993827557686308,0.0,0.110053096155343,0.13649446300320264,0.5773773006491173,0.17607514019233708,0.0
2019-07-02,0.005355833689354431,0.0,0.110053096155343,0.13649446300320264,0.5773773006491173,0.17607514019233708,0.0
2019-07-03,0.0038585592524147073,0.0,0.110053096155343,0.13649446300320264,0.5773773006491173,0.17607514019233708,0.0
2019-07-05,-0.005680756924798376,0.0,0.110053096155343,0.13649446300320264,0.5773773006491173,0.17607514019233708,0.0
2019-07-08,-0.00442786367125336,0.0,0.110053096155343,0.13649446300320264,0.5773773006491173,0.17607514019233708,0.0
2019-07-09,0.0037321708789894758,0.0,0.110053096155343,0.13649446300320264,0.5773773006491173,0.17607514019233708,0.0
2019-07-10,0.016055351280807244,0.0,0.110053096155343,0.13649446300320264,0.5773773006491173,0.17607514019233708,0.0
2019-07-11,-0.006158275286028887,0.0,0.110053096155343,0.13649446300320264,0.5773773006491173,0.17607514019233708,0.0
2019-07-12,0.0038405310498388218,0.0,0.110053096155343,0.13649446300320264,0.5773773006491173,0.17607514019233708,0.0
2019-07-15,-0.00227126171194075,0.0,0.110053096155343,0.13649446300320264,0.5773773006491173,0.17607514019233708,0.0
2019-07-16,-0.008939979171277174,0.0,0.110053096155343,0.13649446300320264,0.5773773006491173,0.17607514019233708,0.0
2019-07-17,0.005563597157247668,0.0,0.110053096155343,0.13649446300320264,0.5773773006491173,0.17607514019233708,0.0
2019-07-18,0.005717428815436185,0.0,0.110053096155343,0.13649446300320264,0.5773773006491173,0.17607514019233708,0.0
2019-07-19,-0.0077597193884755816,0.0,0.110053096155343,0.13649446300320264,0.5773773006491173,0.17607514019233708,0.0
2019-07-22,0.0005944727641194051,0.0,0.110053096155343,0.13649446300320264,0.5773773006491173,0.17607514019233708,0.0
2019-07-23,0.0006748080267299113,0.2101229478652665,0.3147086621562669,0.14196184486754526,0.40803628392658614,0.13529320904960176,1.0091031231890104e-18
2019-07-24,0.0045976342966527455,0.5430372778631876,0.732580763261524,0.26712702162547575,0.0,0.0002922151130003309,6.145211911596735e-17
2019-07-25,-0.004776233895457838,0.0,0.732580763261524,0.26712702162547575,0.0,0.0002922151130003309,6.145211911596735e-17
2019-07-26,0.005540956693697953,0.0,0.732580763261524,0.26712702162547575,0.0,0.0002922151130003309,6.145211911596735e-17
2019-07-29,-0.0012485081504667594,0.0,0.732580763261524,0.26712702162547575,0.0,0.0002922151130003309,6.145211911596735e-17
2019-07-30,-0.0011421599272577066,0.0,0.732580763261524,0.26712702162547575,0.0,0.0002922151130003309,6.145211911596735e-17
2019-07-31,-0.00586757440575895,0.0,0.732580763261524,0.26712702162547575,0.0,0.0002922151130003309,6.145211911596735e-17
2019-08-01,-0.0010917951408780015,0.0,0.732580763261524,0.26712702162547575,0.0,0.0002922151130003309,6.145211911596735e-17
2019-08-02,0.0024792006265766274,0.58925218531626,0.1436207930582642,0.48799225095782733,0.07682057292338322,0.0,0.29156638306052524
2019-08-05,0.003840426830536249,0.0016558290310941112,0.14196496402717007,0.48847282750822696,0.07799582540407769,4.584623972326229e-19,0.29156638306052524
2019-08-06,0.006841133384048549,0.0028433269358290815,0.13912163709134098,0.4911076367583672,0.07799582540407768,0.0,0.29177490074621404
2019-08-07,0.0012219938298612947,0.0005981232624861084,0.13852351382885492,0.49170576002085337,0.07799582540407768,2.5876897358506817e-19,0.29177490074621404
2019-08-08,0.004384432163196558,0.0,0.13852351382885492,0.49170576002085337,0.07799582540407768,2.5876897358506817e-19,0.29177490074621404
2019-08-09,-0.002513749492251585,0.0,0.13852351382885492,0.49170576002085337,0.07799582540407768,2.5876897358506817e-19,0.29177490074621404
2019-08-12,0.009101614789079717,0.0,0.13852351382885492,0.49170576002085337,0.07799582540407768,2.5876897358506817e-19,0.29177490074621404
2019-08-13,0.001328384420504909,0.0,0.13852351382885492,0.49170576002085337,0.07799582540407768,2.5876897358506817e-19,0.29177490074621404
2019-08-14,0.008174452394295293,0.0,0.13852351382885492,0.49170576002085337,0.07799582540407768,2.5876897358506817e-19,0.29177490074621404
2019-08-15,0.006571974099243003,0.0,0.13852351382885492,0.49170576002085337,0.07799582540407768,2.5876897358506817e-19,0.29177490074621404
2019-08-16,-0.002175016691834026,0.0,0.13852351382885492,0.49170576002085337,0.07799582540407768,2.5876897358506817e-19,0.29177490074621404
2019-08-19,-0.005619292319669323,0.0,0.13852351382885492,0.49170576002085337,0.07799582540407768,2.5876897358506817e-19,0.29177490074621404
2019-08-20,0.003977732592833704,0.0,0.13852351382885492,0.49170576002085337,0.07799582540407768,2.5876897358506817e-19,0.29177490074621404
2019-08-21,-0.0020801394256966615,0.0008513203546382658,0.1376721934742167,0.49215911148150293,0.07839379429806642,2.728503951086768e-19,0.29177490074621404
2019-08-22,-0.0037282712479646016,0.0,0.1376721934742167,0.49215911148150293,0.07839379429806642,2.728503951086768e-19,0.29177490074621404
2019-08-23,0.004446678787061519,0.0,0.1376721934742167,0.49215911148150293,0.07839379429806642,2.728503951086768e-19,0.29177490074621404
2019-08-26,0.0010840933589102643,0.0,0.1376721934742167,0.49215911148150293,0.07839379429806642,2.728503951086768e-19,0.29177490074621404
2019-08-27,0.007574979277263215,0.0,0.1376721934742167,0.49215911148150293,0.07839379429806642,2.728503951086768e-19,0.29177490074621404
2019-08-28,0.0020392926876854904,0.0,0.1376721934742167,0.49215911148150293,0.07839379429806642,2.728503951086768e-19,0.29177490074621404
2019-08-29,9.699095463064616e-05,0.0,0.1376721934742167,0.49215911148150293,0.07839379429806642,2.728503951086768e-19,0.29177490074621404
2019-08-30,0.0009613844568543489,0.0,0.1376721934742167,0.49215911148150293,0.07839379429806642,2.728503951086768e-19,0.29177490074621404
2019-09-03,0.001573224492105231,0.0,0.1376721934742167,0.49215911148150293,0.07839379429806642,2.728503951086768e-19,0.29177490074621404
2019-09-04,0.0009430647625056992,0.00047512458254734424,0.13719706889166935,0.49215911148150293,0.07886891888061377,0.0,0.29177490074621404
2019-09-05,-0.009019300463547264,0.0023363371324118254,0.13486073175925753,0.49215911148150293,0.0812052560130256,2.810517948898256e-19,0.29177490074621404
2019-09-06,0.0029674363401888913,0.005943447962260998,0.12891728379699655,0.49215911148150293,0.08714870397528661,0.0,0.29177490074621404
2019-09-09,-0.009548709023564417,0.0,0.12891728379699655,0.49215911148150293,0.08714870397528661,0.0,0.29177490074621404
2019-09-10,-0.00942061752631588,0.035697062925135394,0.12891728379699655,0.49215911148150293,0.12284576690042198,3.8932040688426355e-19,0.2560778378210786
2019-09-11,0.0021299450436939064,0.17387139700840762,0.1698124937106303,0.49215911148150293,0.2558219539951958,1.5143399849698728e-19,0.08220644081267096
2019-09-12,-0.00235488646850625,0.0,0.1698124937106303,0.49215911148150293,0.2558219539951958,1.5143399849698728e-19,0.08220644081267096
2019-09-13,-0.0033722249989668984,0.5863299297973354,0.5024120969576203,0.09159849195617129,0.07005264372319205,0.0,0.33593676736301636
2019-09-16,-0.0005424697521168702,0.16165113567936337,0.6640632326369837,0.0,0.0,0.0,0.33593676736301636
2019-09-17,-0.005176614239155319,0.8203648950494332,0.17963510495056675,0.0590457417123667,0.5920411274333377,0.16927802590372884,3.886731145901977e-17
2019-09-18,-0.006025842655852499,0.0032301715539392027,0.17640493339662755,0.059045741712366685,0.5927094465250354,0.17183987836597026,0.0
2019-09-19,0.003848001718649985,0.00039776117163151103,0.1760071722249961,0.059045741712366685,0.5927094465250354,0.17223763953760182,0.0
2019-09-20,0.007097937585070582,0.0003842042907860056,0.1756229679342101,0.059045741712366685,0.5927094465250354,0.17262184382838783,2.6381354806242643e-19
2019-09-23,0.003404825494494118,0.0,0.1756229679342101,0.059045741712366685,0.5927094465250354,0.17262184382838783,2.6381354806242643e-19
2019-09-24,-0.001915393335820409,0.0,0.1756229679342101,0.059045741712366685,0.5927094465250354,0.17262184382838783,2.6381354806242643e-19
2019-09-25,-0.01226752447868833,0.0,0.1756229679342101,0.059045741712366685,0.5927094465250354,0.17262184382838783,2.6381354806242643e-19
2019-09-26,-0.0001532442834819499,0.0,0.1756229679342101,0.059045741712366685,0.5927094465250354,0.17262184382838783,2.6381354806242643e-19
2019-09-27,-0.005900553084252158,0.0,0.1756229679342101,0.059045741712366685,0.5927094465250354,0.17262184382838783,2.6381354806242643e-19
2019-09-30,-0.01298020250266917,0.0,0.1756229679342101,0.059045741712366685,0.5927094465250354,0.17262184382838783,2.6381354806242643e-19
2019-10-01,-0.005807390518104801,0.31912929342561325,0.4861747330985164,0.06762326997367368,0.3034241134440869,0.14277788348372303,0.0
2019-10-02,-0.012483651600923174,0.5094290887428259,0.6891889790834547,4.000201436185109e-17,0.0,0.00439617815865773,0.3064148427578876
2019-10-03,0.005531262831460574,0.004396178158657776,0.6891889790834547,3.2090065735815657e-19,1.3501470128984472e-19,0.0,0.3108110209165454
2019-10-04,0.007585619422336478,0.10580040555419742,0.5833885735292572,4.862151703993617e-18,5.464051675132824e-18,9.029980997538486e-18,0.4166114264707428
2019-10-07,-0.001659767127779015,0.13644179846103727,0.44694677506821995,0.07463601647646642,4.511414178922823e-18,0.0,0.47841720845531366
2019-10-08,-0.0016240850965425445,0.23060222557304572,0.21634454949517423,0.2715146991021261,0.03372354294738601,0.0,0.47841720845531366
2019-10-09,-0.0017422511692771964,0.17281440541735205,0.09127739282857857,0.4156549651707826,0.06239768229608158,0.0,0.4306699597045573
2019-10-10,-0.007870846312805109,0.0,0.09127739282857857,0.4156549651707826,0.06239768229608158,0.0,0.4306699597045573
2019-10-11,-0.006143650936708558,0.0,0.09127739282857857,0.4156549651707826,0.06239768229608158,0.0,0.4306699597045573
2019-10-14,0.004451273146764069,0.0,0.09127739282857857,0.4156549651707826,0.06239768229608158,0.0,0.4306699597045573
2019-10-15,-0.0058364736685763,0.0,0.09127739282857857,0.4156549651707826,0.06239768229608158,0.0,0.4306699597045573
2019-10-16,-0.00036880051371584126,0.03863921700214768,0.12991660983072625,0.4156549651707826,0.06239768229608158,7.969764051479367e-19,0.3920307427024096
2019-10-17,-0.001827724482286889,0.044272729730726226,0.1249581002845072,0.42075776482284105,0.10156761237474932,4.568193306443314e-19,0.3527165225179024
2019-10-18,-0.0019347747816869047,0.1627498171588621,0.2436834682298531,0.42075776482284105,0.14559206158826557,0.0,0.18996670535904037
2019-10-21,0.0011457555908184038,0.3201033253013147,0.5637867935311678,0.3630753169823302,8.613375567157431e-18,3.5833986176754957e-19,0.07313788948650213
2019-10-22,0.00030854774608457146,0.015335498649682474,0.5791222921808502,0.3482998554948477,0.0,0.0,0.0725778523243021
2019-10-23,0.00200782829234357,0.0,0.5791222921808502,0.3482998554948477,0.0,0.0,0.0725778523243021
2019-10-24,0.0004625616599517709,0.0018657390491320439,0.5809880312299822,0.3482998554948477,0.0,0.0,0.07071211327517002
2019-10-25,0.0007571352646833143,0.0,0.5809880312299822,0.3482998554948477,0.0,0.0,0.07071211327517002
2019-10-28,5.367629453906404e-05,0.0,0.5809880312299822,0.3482998554948477,0.0,0.0,0.07071211327517002
2019-10-29,2.976316347648832e-05,0.0,0.5809880312299822,0.3482998554948477,0.0,0.0,0.07071211327517002
2019-10-30,0.006720116416337561,0.0,0.5809880312299822,0.3482998554948477,0.0,0.0,0.07071211327517002
2019-10-31,0.003018547632939411,0.0,0.5809880312299822,0.3482998554948477,0.0,0.0,0.07071211327517002
2019-11-01,0.004283439368417863,0.0,0.5809880312299822,0.3482998554948477,0.0,0.0,0.07071211327517002
2019-11-04,-0.0019839023980887283,0.0,0.5809880312299822,0.3482998554948477,0.0,0.0,0.07071211327517002
2019-11-05,-0.004294665469110134,0.0,0.5809880312299822,0.3482998554948477,0.0,0.0,0.07071211327517002
2019-11-06,0.0022402594172391092,0.0,0.5809880312299822,0.3482998554948477,0.0,0.0,0.07071211327517002
2019-11-07,-0.004109185275720517,0.0,0.5809880312299822,0.3482998554948477,0.0,0.0,0.07071211327517002
2019-11-08,0.00013591183070479017,0.0015884801643102353,0.5825765113942925,0.3467113753305375,0.0,0.0,0.07071211327517002
2019-11-11,-0.0009862520366374242,0.0,0.5825765113942925,0.3467113753305375,0.0,0.0,0.07071211327517002
2019-11-12,0.0029255493158203555,0.0,0.5825765113942925,0.3467113753305375,0.0,0.0,0.07071211327517002
2019-11-13,0.002412152561807564,0.0,0.5825765113942925,0.3467113753305375,0.0,0.0,0.07071211327517002
2019-11-14,0.004376672617905437,0.0,0.5825765113942925,0.3467113753305375,0.0,0.0,0.07071211327517002
2019-11-15,0.003680998598319869,0.0,0.5825765113942925,0.3467113753305375,0.0,0.0,0.07071211327517002
2019-11-18,0.0009269560300448709,0.0,0.5825765113942925,0.3467113753305375,0.0,0.0,0.07071211327517002
2019-11-19,0.002800418437350916,0.0,0.5825765113942925,0.3467113753305375,0.0,0.0,0.07071211327517002
2019-11-20,0.001421235240649184,0.0,0.5825765113942925,0.3467113753305375,0.0,0.0,0.07071211327517002
2019-11-21,-0.003001940729820173,0.0,0.5825765113942925,0.3467113753305375,0.0,0.0,0.07071211327517002
2019-11-22,0.0019531718580783454,0.0,0.5825765113942925,0.3467113753305375,0.0,0.0,0.07071211327517002
2019-11-25,0.00558370408534818,0.0,0.5825765113942925,0.3467113753305375,0.0,0.0,0.07071211327517002
2019-11-26,0.00326721574363416,0.0,0.5825765113942925,0.3467113753305375,0.0,0.0,0.07071211327517002
2019-11-27,0.0016951022226958646,0.0,0.5825765113942925,0.3467113753305375,0.0,0.0,0.07071211327517002
2019-11-29,-0.002978649475643065,0.0,0.5825765113942925,0.3467113753305375,0.0,0.0,0.07071211327517002
2019-12-02,-0.009860605073456192,0.0,0.5825765113942925,0.3467113753305375,0.0,0.0,0.07071211327517002
2019-12-03,0.0032833275805742397,0.0,0.5825765113942925,0.3467113753305375,0.0,0.0,0.07071211327517002
2019-12-04,5.340446488675231e-05,0.0,0.5825765113942925,0.3467113753305375,0.0,0.0,0.07071211327517002
2019-12-05,-0.0007976682372475585,0.0,0.5825765113942925,0.3467113753305375,0.0,0.0,0.07071211327517002
2019-12-06,0.003667580945706939,0.0,0.5825765113942925,0.3467113753305375,0.0,0.0,0.07071211327517002
2019-12-09,-0.0011594224738420901,0.0,0.5825765113942925,0.3467113753305375,0.0,0.0,0.07071211327517002
2019-12-10,-0.0007039018083567048,0.0,0.5825765113942925,0.3467113753305375,0.0,0.0,0.07071211327517002
2019-12-11,0.004114818791622945,0.0,0.5825765113942925,0.3467113753305375,0.0,0.0,0.07071211327517002
2019-12-12,-0.0005786643635957104,0.0,0.5825765113942925,0.3467113753305375,0.0,0.0,0.07071211327517002
2019-12-13,0.004359499970048439,0.0,0.5825765113942925,0.3467113753305375,0.0,0.0,0.07071211327517002
2019-12-16,0.0007529876391195759,0.0,0.5825765113942925,0.3467113753305375,0.0,0.0,0.07071211327517002
2019-12-17,-0.00021769343006162708,0.0,0.5825765113942925,0.3467113753305375,0.0,0.0,0.07071211327517002
2019-12-18,-0.00267806310141343,0.0,0.5825765113942925,0.3467113753305375,0.0,0.0,0.07071211327517002
2019-12-19,0.002942665271410399,0.0,0.5825765113942925,0.3467113753305375,0.0,0.0,0.07071211327517002
2019-12-20,0.003249526498632019,0.0,0.5825765113942925,0.3467113753305375,0.0,0.0,0.07071211327517002
2019-12-23,0.00034521192392434426,0.0,0.5825765113942925,0.3467113753305375,0.0,0.0,0.07071211327517002
2019-12-24,0.0010089023538827242,0.0,0.5825765113942925,0.3467113753305375,0.0,0.0,0.07071211327517002
2019-12-26,0.0038294990693051633,0.0,0.5825765113942925,0.3467113753305375,0.0,0.0,0.07071211327517002
2019-12-27,-0.00011548633116881759,0.0,0.5825765113942925,0.3467113753305375,0.0,0.0,0.07071211327517002
2019-12-30,-0.004609798432014909,0.0,0.5825765113942925,0.3467113753305375,0.0,0.0,0.07071211327517002
2019-12-31,-0.002170651599956327,0.0,0.5825765113942925,0.3467113753305375,0.0,0.0,0.07071211327517002
2020-01-02,0.009608779297609091,0.0,0.5825765113942925,0.3467113753305375,0.0,0.0,0.07071211327517002
2020-01-03,0.001009280897885787,0.0,0.5825765113942925,0.3467113753305375,0.0,0.0,0.07071211327517002
2020-01-06,9.121196362406282e-05,0.0,0.5825765113942925,0.3467113753305375,0.0,0.0,0.07071211327517002
2020-01-07,-0.0030980488342617837,0.0,0.5825765113942925,0.3467113753305375,0.0,0.0,0.07071211327517002
2020-01-08,0.001002526358406051,0.0,0.5825765113942925,0.3467113753305375,0.0,0.0,0.07071211327517002
2020-01-09,0.005302229784259582,0.0,0.5825765113942925,0.3467113753305375,0.0,0.0,0.07071211327517002
2020-01-10,0.001352200951694751,0.0,0.5825765113942925,0.3467113753305375,0.0,0.0,0.07071211327517002
2020-01-13,0.002954781702640936,0.0,0.5825765113942925,0.3467113753305375,0.0,0.0,0.07071211327517002
2020-01-14,0.0009221638435027709,0.0,0.5825765113942925,0.3467113753305375,0.0,0.0,0.07071211327517002
2020-01-15,0.0035079226922046583,0.0,0.5825765113942925,0.3467113753305375,0.0,0.0,0.07071211327517002
2020-01-16,0.003861956837372866,0.0,0.5825765113942925,0.3467113753305375,0.0,0.0,0.07071211327517002
2020-01-17,-0.0009080425966979367,0.0,0.5825765113942925,0.3467113753305375,0.0,0.0,0.07071211327517002
2020-01-21,0.0024480196225425983,0.0,0.5825765113942925,0.3467113753305375,0.0,0.0,0.07071211327517002
2020-01-22,0.0012346503066907202,0.0,0.5825765113942925,0.3467113753305375,0.0,0.0,0.07071211327517002
2020-01-23,0.003284060509052313,0.0,0.5825765113942925,0.3467113753305375,0.0,0.0,0.07071211327517002
2020-01-24,-0.0022691438040310734,0.0,0.5825765113942925,0.3467113753305375,0.0,0.0,0.07071211327517002
2020-01-27,-0.0038383295908809116,0.0,0.5825765113942925,0.3467113753305375,0.0,0.0,0.07071211327517002
2020-01-28,-0.0006832687133587929,0.26942379258242066,0.31315271881187184,0.48106425785959506,0.022131179497445537,1.5298655591057039e-18,0.18365184383108768
2020-01-29,0.0038469100824624013,0.11154043729344484,0.42469315610531666,0.40251424479699266,0.0,0.0,0.17279259909769074
2020-01-30,0.001519007068832077,0.1191685333214619,0.5438616894267785,0.35831131698794483,0.0,1.0134697663293426e-19,0.09782699358527659
2020-01-31,-0.007540937493611925,0.02788745674357309,0.5717491461703517,0.3478581878838326,0.0,1.9692456903374496e-19,0.08039266594581582
2020-02-03,0.0014058967795439014,0.4282791353927171,0.14347001077763458,0.494920382755181,0.09155972991549804,8.889685597265487e-19,0.2700498765516865
2020-02-04,-0.005368879536693654,0.005154213586090688,0.13831579719154383,0.49512907194103645,0.09393970927438548,3.3698506584374867e-19,0.27261542159303426
2020-02-05,-0.0026710018371391897,0.0,0.13831579719154383,0.49512907194103645,0.09393970927438548,3.3698506584374867e-19,0.27261542159303426
2020-02-06,0.003716585683875789,0.0,0.13831579719154383,0.49512907194103645,0.09393970927438548,3.3698506584374867e-19,0.27261542159303426
2020-02-07,0.006304543599240312,0.0,0.13831579719154383,0.49512907194103645,0.09393970927438548,3.3698506584374867e-19,0.27261542159303426
2020-02-10,0.0030544787776391,0.0,0.13831579719154383,0.49512907194103645,0.09393970927438548,3.3698506584374867e-19,0.27261542159303426
2020-02-11,-0.0028855659552014944,0.0,0.13831579719154383,0.49512907194103645,0.09393970927438548,3.3698506584374867e-19,0.27261542159303426
2020-02-12,-0.0009782378562094036,0.0,0.13831579719154383,0.49512907194103645,0.09393970927438548,3.3698506584374867e-19,0.27261542159303426
2020-02-13,0.0022379132010753263,0.056697340580021766,0.1950131377715656,0.47983085800864383,0.05254058262675632,0.0,0.27261542159303426
2020-02-14,0.002396800794038331,0.32663486707854616,0.5216480048501119,0.36615597941591294,7.602905620489067e-18,9.079572053910765e-19,0.11219601573397536
2020-02-18,0.0012116800590468713,0.049599129471589294,0.571247134321701,0.34757741773274536,9.088963262871373e-20,0.0,0.08117544794555354
2020-02-19,0.0028584449199958125,0.0,0.571247134321701,0.34757741773274536,9.088963262871373e-20,0.0,0.08117544794555354
2020-02-20,0.0006173781983347128,0.0,0.571247134321701,0.34757741773274536,9.088963262871373e-20,0.0,0.08117544794555354
2020-02-21,-0.003147243120780513,0.0020612675210114964,0.5733084018427126,0.3462293989388049,2.240926650427001e-19,2.062687506887048e-20,0.08046219921848256
2020-02-24,-0.013815191606297936,0.0,0.5733084018427126,0.3462293989388049,2.240926650427001e-19,2.062687506887048e-20,0.08046219921848256
2020-02-25,-0.004063368472069551,0.43544008724981836,0.1378683145928942,0.49527602066348464,0.09597309444465395,1.9727888907858885e-18,0.2708825702989672
2020-02-26,-0.002508403430775361,0.0,0.1378683145928942,0.49527602066348464,0.09597309444465395,1.9727888907858885e-18,0.2708825702989672
2020-02-27,-0.0023742485448594863,0.0009867870261328568,0.13688152756676134,0.49527602066348464,0.0969598814707868,0.0,0.2708825702989672
2020-02-28,0.006155925022208198,0.0,0.13688152756676134,0.49527602066348464,0.0969598814707868,0.0,0.2708825702989672
2020-03-02,0.0013903045395129866,0.0,0.13688152756676134,0.49527602066348464,0.0969598814707868,0.0,0.2708825702989672
2020-03-03,0.005688838287263642,0.0,0.13688152756676134,0.49527602066348464,0.0969598814707868,0.0,0.2708825702989672
2020-03-04,0.0015920097641700806,0.0,0.13688152756676134,0.49527602066348464,0.0969598814707868,0.0,0.2708825702989672
2020-03-05,0.007818506587481252,0.0,0.13688152756676134,0.49527602066348464,0.0969598814707868,0.0,0.2708825702989672
2020-03-06,0.0224105576488234,0.1682726967696286,0.17325000505865418,0.49527602066348464,0.22886410074852265,3.5472840234831074e-19,0.10260987352933866
2020-03-09,-0.0032648551951954766,0.16274826899323588,0.20052939740434755,0.43513762519958743,0.3643329773960652,3.3569437680653874e-18,0.0
2020-03-10,-0.019616384167761947,0.0,0.20052939740434755,0.43513762519958743,0.3643329773960652,3.3569437680653874e-18,0.0
2020-03-11,-0.027084415898219236,0.0,0.20052939740434755,0.43513762519958743,0.3643329773960652,3.3569437680653874e-18,0.0
2020-03-12,-0.03102230046300006,0.0,0.20052939740434755,0.43513762519958743,0.3643329773960652,3.3569437680653874e-18,0.0
2020-03-13,-0.0038108401911305942,0.0,0.20052939740434755,0.43513762519958743,0.3643329773960652,3.3569437680653874e-18,0.0
2020-03-16,0.0020690642578938163,0.0,0.20052939740434755,0.43513762519958743,0.3643329773960652,3.3569437680653874e-18,0.0
2020-03-17,-0.01325070744359036,0.0,0.20052939740434755,0.43513762519958743,0.3643329773960652,3.3569437680653874e-18,0.0
2020-03-18,-0.041958819337438016,0.0,0.20052939740434755,0.43513762519958743,0.3643329773960652,3.3569437680653874e-18,0.0
2020-03-19,0.005385059613122361,0.0,0.20052939740434755,0.43513762519958743,0.3643329773960652,3.3569437680653874e-18,0.0
2020-03-20,0.02954206697402619,0.0,0.20052939740434755,0.43513762519958743,0.3643329773960652,3.3569437680653874e-18,0.0
2020-03-23,0.028900859305882723,0.0,0.20052939740434755,0.43513762519958743,0.3643329773960652,3.3569437680653874e-18,0.0
2020-03-24,0.027749751959549027,0.0,0.20052939740434755,0.43513762519958743,0.3643329773960652,3.3569437680653874e-18,0.0
2020-03-25,-0.00297381172877878,0.0,0.20052939740434755,0.43513762519958743,0.3643329773960652,3.3569437680653874e-18,0.0
2020-03-26,0.018522196425969147,0.0,0.20052939740434755,0.43513762519958743,0.3643329773960652,3.3569437680653874e-18,0.0
2020-03-27,0.0032884158270354916,0.0,0.20052939740434755,0.43513762519958743,0.3643329773960652,3.3569437680653874e-18,0.0
2020-03-30,0.004534818720570008,0.0,0.20052939740434755,0.43513762519958743,0.3643329773960652,3.3569437680653874e-18,0.0
2020-03-31,-0.018123679437702857,0.0,0.20052939740434755,0.43513762519958743,0.3643329773960652,3.3569437680653874e-18,0.0
2020-04-01,0.0005166940886466099,0.0,0.20052939740434755,0.43513762519958743,0.3643329773960652,3.3569437680653874e-18,0.0
2020-04-02,0.013361359880172993,0.0,0.20052939740434755,0.43513762519958743,0.3643329773960652,3.3569437680653874e-18,0.0
2020-04-03,-6.410985410270275e-05,0.0,0.20052939740434755,0.43513762519958743,0.3643329773960652,3.3569437680653874e-18,0.0
2020-04-06,0.022428345469888426,0.0,0.20052939740434755,0.43513762519958743,0.3643329773960652,3.3569437680653874e-18,0.0
2020-04-07,-0.006303117361942793,0.0,0.20052939740434755,0.43513762519958743,0.3643329773960652,3.3569437680653874e-18,0.0
2020-04-08,0.0003198149851955127,0.0,0.20052939740434755,0.43513762519958743,0.3643329773960652,3.3569437680653874e-18,0.0
2020-04-09,0.013359621272926232,0.0,0.20052939740434755,0.43513762519958743,0.3643329773960652,3.3569437680653874e-18,0.0
2020-04-13,0.0004415352027964314,0.0,0.20052939740434755,0.43513762519958743,0.3643329773960652,3.3569437680653874e-18,0.0
2020-04-14,0.00867460490008383,0.0,0.20052939740434755,0.43513762519958743,0.3643329773960652,3.3569437680653874e-18,0.0
2020-04-15,0.005406475654629858,0.0,0.20052939740434755,0.43513762519958743,0.3643329773960652,3.3569437680653874e-18,0.0
2020-04-16,0.0055941114056691195,0.0,0.20052939740434755,0.43513762519958743,0.3643329773960652,3.3569437680653874e-18,0.0
2020-04-17,-0.0074899181226614755,0.0,0.20052939740434755,0.43513762519958743,0.3643329773960652,3.3569437680653874e-18,0.0
2020-04-20,0.0025641073472077044,0.0,0.20052939740434755,0.43513762519958743,0.3643329773960652,3.3569437680653874e-18,0.0
2020-04-21,-0.0030961488686143106,0.0,0.20052939740434755,0.43513762519958743,0.3643329773960652,3.3569437680653874e-18,0.0
2020-04-22,0.007171620738081882,0.0,0.20052939740434755,0.43513762519958743,0.3643329773960652,3.3569437680653874e-18,0.0
2020-04-23,0.005922301853519564,0.0,0.20052939740434755,0.43513762519958743,0.3643329773960652,3.3569437680653874e-18,0.0
2020-04-24,0.002254818990735929,0.0,0.20052939740434755,0.43513762519958743,0.3643329773960652,3.3569437680653874e-18,0.0
2020-04-27,-0.007627321464928719,0.0,0.20052939740434755,0.43513762519958743,0.3643329773960652,3.3569437680653874e-18,0.0
2020-04-28,0.0024631865725319385,0.0,0.20052939740434755,0.43513762519958743,0.3643329773960652,3.3569437680653874e-18,0.0
2020-04-29,0.005007666388477724,0.0,0.20052939740434755,0.43513762519958743,0.3643329773960652,3.3569437680653874e-18,0.0
2020-04-30,-0.01354868064852046,0.0,0.20052939740434755,0.43513762519958743,0.3643329773960652,3.3569437680653874e-18,0.0
2020-05-01,0.0006659770085594521,0.0,0.20052939740434755,0.43513762519958743,0.3643329773960652,3.3569437680653874e-18,0.0
2020-05-04,-0.0002168183581943903,0.0,0.20052939740434755,0.43513762519958743,0.3643329773960652,3.3569437680653874e-18,0.0
2020-05-05,0.0006125345092391331,0.0,0.20052939740434755,0.43513762519958743,0.3643329773960652,3.3569437680653874e-18,0.0
2020-05-06,-0.013064169591827744,0.0,0.20052939740434755,0.43513762519958743,0.3643329773960652,3.3569437680653874e-18,0.0
2020-05-07,0.015282052199207091,0.0,0.20052939740434755,0.43513762519958743,0.3643329773960652,3.3569437680653874e-18,0.0
2020-05-08,-0.004529109594674912,0.0,0.20052939740434755,0.43513762519958743,0.3643329773960652,3.3569437680653874e-18,0.0
2020-05-11,-0.0056266601907661185,0.0,0.20052939740434755,0.43513762519958743,0.3643329773960652,3.3569437680653874e-18,0.0
2020-05-12,0.001886619668024171,0.0,0.20052939740434755,0.43513762519958743,0.3643329773960652,3.3569437680653874e-18,0.0
2020-05-13,0.0030036351251446366,0.0,0.20052939740434755,0.43513762519958743,0.3643329773960652,3.3569437680653874e-18,0.0
2020-05-14,0.009882943657288685,0.0,0.20052939740434755,0.43513762519958743,0.3643329773960652,3.3569437680653874e-18,0.0
2020-05-15,0.00185883458506037,0.0,0.20052939740434755,0.43513762519958743,0.3643329773960652,3.3569437680653874e-18,0.0
2020-05-18,-0.006201009519892872,0.0,0.20052939740434755,0.43513762519958743,0.3643329773960652,3.3569437680653874e-18,0.0
2020-05-19,0.0030842509205952816,0.0,0.20052939740434755,0.43513762519958743,0.3643329773960652,3.3569437680653874e-18,0.0
2020-05-20,0.005574311354602102,0.0,0.20052939740434755,0.43513762519958743,0.3643329773960652,3.3569437680653874e-18,0.0
2020-05-21,-0.005608321159181825,0.0,0.20052939740434755,0.43513762519958743,0.3643329773960652,3.3569437680653874e-18,0.0
2020-05-22,0.005154313768274405,0.0,0.20052939740434755,0.43513762519958743,0.3643329773960652,3.3569437680653874e-18,0.0
2020-05-26,-0.00854337069609977,0.0,0.20052939740434755,0.43513762519958743,0.3643329773960652,3.3569437680653874e-18,0.0
2020-05-27,0.002367542830669075,0.12393110846298752,0.19252858985197424,0.5029223429495638,0.24840267648545095,0.0,0.05614639071301108
2020-05-28,-0.0026819151799391118,0.15378266152817793,0.13392539080127097,0.5029223429495638,0.15322321400797626,0.0,0.20992905224118896
2020-05-29,0.004986954379481545,0.001751713121416823,0.133237120885139,0.5029223429495637,0.1521597708026914,7.892975550857051e-20,0.2116807653626057
2020-06-01,-0.003340520189607698,9.71445146547012e-17,0.13323712088513903,0.5029223429495638,0.15215977080269144,7.892975550857053e-20,0.21168076536260572
2020-06-02,-0.0019508989750940161,0.0,0.13323712088513903,0.5029223429495638,0.15215977080269144,7.892975550857053e-20,0.21168076536260572
2020-06-03,-0.009003674925951728,0.0,0.13323712088513903,0.5029223429495638,0.15215977080269144,7.892975550857053e-20,0.21168076536260572
2020-06-04,-0.006836258120253191,0.0,0.13323712088513903,0.5029223429495638,0.15215977080269144,7.892975550857053e-20,0.21168076536260572
2020-06-05,-0.002848221245049228,0.0,0.13323712088513903,0.5029223429495638,0.15215977080269144,7.892975550857053e-20,0.21168076536260572
2020-06-08,0.004624817904793575,0.0,0.13323712088513903,0.5029223429495638,0.15215977080269144,7.892975550857053e-20,0.21168076536260572
2020-06-09,0.005538305663987928,0.0,0.13323712088513903,0.5029223429495638,0.15215977080269144,7.892975550857053e-20,0.21168076536260572
2020-06-10,0.007837183460941538,0.0,0.13323712088513903,0.5029223429495638,0.15215977080269144,7.892975550857053e-20,0.21168076536260572
2020-06-11,0.0028498214931530087,0.0,0.13323712088513903,0.5029223429495638,0.15215977080269144,7.892975550857053e-20,0.21168076536260572
2020-06-12,-0.0015414485916821138,0.2617975356092229,0.19406710597350169,0.45280557270294663,0.35312732132355173,1.9659770790860132e-19,3.953527680455715e-18
2020-06-15,0.00027621513468430495,0.2483709346321774,0.13509739608560165,0.473117152406561,0.16372609657927437,5.010021059609108e-20,0.22805935492856308
2020-06-16,-0.004074982549735912,0.007065967467860992,0.13191574091067734,0.473117152406561,0.15984178428633766,4.674657111794417e-19,0.23512532239642406
2020-06-17,0.0018898549214979138,0.0,0.13191574091067734,0.473117152406561,0.15984178428633766,4.674657111794417e-19,0.23512532239642406
2020-06-18,0.005640951762370637,0.0,0.13191574091067734,0.473117152406561,0.15984178428633766,4.674657111794417e-19,0.23512532239642406
2020-06-19,0.0016564461400715358,0.0,0.13191574091067734,0.473117152406561,0.15984178428633766,4.674657111794417e-19,0.23512532239642406
2020-06-22,0.00915544594993917,0.559011927934094,0.13191574091067731,0.14923054686889098,0.5375340799817083,0.18131963223872333,0.0
2020-06-23,0.0024860110504445697,0.00022663530320439496,0.13191574091067731,0.14900391156568663,0.5375342711624096,0.1815460763612265,0.0
2020-06-24,-0.01293192902158722,0.0,0.13191574091067731,0.14900391156568663,0.5375342711624096,0.1815460763612265,0.0
2020-06-25,0.0033091572786005416,0.21852997411881314,0.17801110721298027,0.32143851938219686,0.4706366543561386,0.029913719048684385,1.418894236482514e-17
2020-06-26,-0.0027701409049337216,0.1203823410332583,0.17801110721298027,0.2010561783489385,0.4835401297032223,0.1373925847348589,0.0
2020-06-29,0.001310498543206377,0.3513724015722897,0.17801110721298025,0.47115471709733303,0.26956031286579146,0.0,0.08127386282389516
2020-06-30,0.001065570777829684,0.0,0.17801110721298025,0.47115471709733303,0.26956031286579146,0.0,0.08127386282389516
2020-07-01,-0.001061149356300542,0.0,0.17801110721298025,0.47115471709733303,0.26956031286579146,0.0,0.08127386282389516
2020-07-02,0.003036860069423137,0.19569683913688704,0.17801110721298027,0.3567317407843412,0.4083182112231874,0.05693894077949118,0.0
2020-07-06,0.003271518282565577,0.09487535886867629,0.18593381158260944,0.4436843952833883,0.37038179313400227,0.0,0.0
2020-07-07,0.0068678788450238296,0.26242360828454836,0.13209064912036522,0.4751980520294842,0.16180134731169815,1.445749964950695e-20,0.2309099515384525
2020-07-08,-0.0011235329902066957,0.0005860525410841672,0.13189448153997382,0.47542461658837165,0.1614114623510054,0.0,0.2312694395206492
2020-07-09,0.007181145917077491,0.0,0.13189448153997382,0.47542461658837165,0.1614114623510054,0.0,0.2312694395206492
2020-07-10,-0.0018146710434339044,0.0,0.13189448153997382,0.47542461658837165,0.1614114623510054,0.0,0.2312694395206492
2020-07-13,0.0004003061181628722,0.05876631122293771,0.13580480727003047,0.47542461658837165,0.21626744784388643,1.862434987681871e-19,0.17250312829771147
2020-07-14,0.003121178176509462,0.0,0.13580480727003047,0.47542461658837165,0.21626744784388643,1.862434987681871e-19,0.17250312829771147
2020-07-15,-0.00085228407801914,0.0592908821292489,0.157544392715408,0.47542461658837165,0.2538187445277578,1.4592264624299e-19,0.11321224616846258
2020-07-16,-0.00026742008556886274,0.0,0.157544392715408,0.47542461658837165,0.2538187445277578,1.4592264624299e-19,0.11321224616846258
2020-07-17,0.0009660561722276183,0.00866437889008901,0.157544392715408,0.47542461658837165,0.24515436563766882,1.4283230322408915e-19,0.1218766250585516
2020-07-20,0.0036131725826954162,0.05443094259559784,0.21197533531100576,0.4754246165883717,0.190723423042071,0.0,0.12187662505855161
2020-07-21,0.0005552818027240507,0.23908692776367713,0.4510622630746828,0.41889984654444157,0.008161265322323958,9.659953607805224e-20,0.12187662505855158
2020-07-22,0.003757050911540953,0.05085467472196306,0.5019169377966458,0.39500237902978325,0.0,1.2043460967025503e-19,0.10308068317357078
2020-07-23,-0.0020160849870597027,0.019010821081416072,0.520927758878062,0.3765993432938737,3.2144123951981654e-19,1.0140578497459538e-18,0.10247289782806436
2020-07-24,-0.0039291972000421015,0.024147926395999914,0.5450756852740619,0.3623878230481481,0.0,9.175814769383533e-19,0.09253649167779006
2020-07-27,0.0021029475370523765,0.013433195799709773,0.5585088810737716,0.3528902688253718,0.0,9.757575236019853e-19,0.08860085010085653
2020-07-28,-0.0009972416814669686,0.004589794827169855,0.5630986759009415,0.3528902688253718,0.0,9.43487048678094e-19,0.08401105527368674
2020-07-29,0.005926544219105526,0.0,0.5630986759009415,0.3528902688253718,0.0,9.43487048678094e-19,0.08401105527368674
2020-07-30,-1.6737947087820237e-05,0.0,0.5630986759009415,0.3528902688253718,0.0,9.43487048678094e-19,0.08401105527368674
2020-07-31,0.004724382832557345,0.0,0.5630986759009415,0.3528902688253718,0.0,9.43487048678094e-19,0.08401105527368674
2020-08-03,0.0021380576731512948,0.0,0.5630986759009415,0.3528902688253718,0.0,9.43487048678094e-19,0.08401105527368674
2020-08-04,0.005239634348356316,0.0,0.5630986759009415,0.3528902688253718,0.0,9.43487048678094e-19,0.08401105527368674
2020-08-05,4.5206002038232756e-05,0.0,0.5630986759009415,0.3528902688253718,0.0,9.43487048678094e-19,0.08401105527368674
2020-08-06,0.00573531397319223,0.0,0.5630986759009415,0.3528902688253718,0.0,9.43487048678094e-19,0.08401105527368674
2020-08-07,-0.0014455084569728106,0.0,0.5630986759009415,0.3528902688253718,0.0,9.43487048678094e-19,0.08401105527368674
2020-08-10,0.00023729204404851901,0.0,0.5630986759009415,0.3528902688253718,0.0,9.43487048678094e-19,0.08401105527368674
2020-08-11,-0.008709162333465994,0.0,0.5630986759009415,0.3528902688253718,0.0,9.43487048678094e-19,0.08401105527368674
2020-08-12,0.00380398569472999,0.6490036123262508,0.22263640870593596,0.12835997896781312,0.48290344565019044,0.1661001666760603,2.151136554477422e-18
2020-08-13,0.008815012569777882,0.004034526941163277,0.2226364087059359,0.12432545202664992,0.4840045617617882,0.16903357750562586,0.0
2020-08-14,-0.002953994327545552,6.245004513516506e-17,0.22263640870593593,0.12432545202664994,0.48400456176178824,0.1690335775056259,0.0
2020-08-17,0.013971695775055325,6.245004513516506e-17,0.22263640870593596,0.12432545202664995,0.4840045617617883,0.16903357750562592,0.0
2020-08-18,-0.0004148077747308059,0.7770842381853342,0.6674933505553532,0.0,0.0,0.00027935310872991063,0.3322272963359169
2020-08-19,-0.00011335508444075288,0.0,0.6674933505553532,0.0,0.0,0.00027935310872991063,0.3322272963359169
2020-08-20,0.0011515301090180654,0.0,0.6674933505553532,0.0,0.0,0.00027935310872991063,0.3322272963359169
2020-08-21,0.003955563061907055,0.0,0.6674933505553532,0.0,0.0,0.00027935310872991063,0.3322272963359169
2020-08-24,0.007293093836884497,0.0,0.6674933505553532,0.0,0.0,0.00027935310872991063,0.3322272963359169
2020-08-25,0.0011554819915811775,0.0,0.6674933505553532,0.0,0.0,0.00027935310872991063,0.3322272963359169
2020-08-26,0.006295626012625475,0.0,0.6674933505553532,0.0,0.0,0.00027935310872991063,0.3322272963359169
2020-08-27,0.0018539229610309547,0.0,0.6674933505553532,0.0,0.0,0.00027935310872991063,0.3322272963359169
2020-08-28,0.0016680837914151165,0.0,0.6674933505553532,0.0,0.0,0.00027935310872991063,0.3322272963359169
2020-08-31,-0.002818914832909266,0.0,0.6674933505553532,0.0,0.0,0.00027935310872991063,0.3322272963359169
2020-09-01,0.0038041095667607277,0.7392072239613529,0.2605134229299173,0.049344277685782575,0.5208605527598819,0.16928174662441828,7.215098159528146e-18
2020-09-02,-0.00674962808592599,0.0,0.2605134229299173,0.049344277685782575,0.5208605527598819,0.16928174662441828,7.215098159528146e-18
2020-09-03,-0.014293623946316145,0.0,0.2605134229299173,0.049344277685782575,0.5208605527598819,0.16928174662441828,7.215098159528146e-18
2020-09-04,-0.007103882604025998,0.1137727509161717,0.23026415154041982,0.1631170286019543,0.513649308937836,0.09296951091978993,3.7951336587307144e-20
2020-09-08,-0.015850715757865997,0.06439785392383855,0.2141690997595305,0.11481422645900506,0.513649308937836,0.15736736484362848,5.730985185409182e-20
2020-09-09,0.0028352733602946883,0.5717585743255078,0.139970738973978,0.47574139386128245,0.17345646024150915,2.5096683908415334e-17,0.21083140692323052
2020-09-10,-0.00015283924785298346,0.0,0.139970738973978,0.47574139386128245,0.17345646024150915,2.5096683908415334e-17,0.21083140692323052
2020-09-11,0.0006236642873100407,0.01609309903224139,0.13352037158642183,0.47574139386128245,0.16381372859682392,0.0,0.22692450595547187
2020-09-14,0.002481932897973092,0.0,0.13352037158642183,0.47574139386128245,0.16381372859682392,0.0,0.22692450595547187
2020-09-15,-0.0006940167885380914,0.0,0.13352037158642183,0.47574139386128245,0.16381372859682392,0.0,0.22692450595547187
2020-09-16,-0.0012153475282357608,0.0,0.13352037158642183,0.47574139386128245,0.16381372859682392,0.0,0.22692450595547187
2020-09-17,-0.0014309099759071942,0.0,0.13352037158642183,0.47574139386128245,0.16381372859682392,0.0,0.22692450595547187
2020-09-18,-0.0025294140601059565,0.0,0.13352037158642183,0.47574139386128245,0.16381372859682392,0.0,0.22692450595547187
2020-09-21,-0.0007358569818834556,0.0,0.13352037158642183,0.47574139386128245,0.16381372859682392,0.0,0.22692450595547187
2020-09-22,0.0009930484000165588,0.0003738949253294794,0.13314647666109233,0.4761152887866119,0.16381372859682392,8.91575150390957e-20,0.22692450595547187
2020-09-23,-0.00473759069121468,0.0,0.13314647666109233,0.4761152887866119,0.16381372859682392,8.91575150390957e-20,0.22692450595547187
2020-09-24,0.002431643504321324,0.0,0.13314647666109233,0.4761152887866119,0.16381372859682392,8.91575150390957e-20,0.22692450595547187
2020-09-25,0.002309092211203569,0.0,0.13314647666109233,0.4761152887866119,0.16381372859682392,8.91575150390957e-20,0.22692450595547187
2020-09-28,0.0017939160828237045,0.0,0.13314647666109233,0.4761152887866119,0.16381372859682392,8.91575150390957e-20,0.22692450595547187
2020-09-29,0.0001364110975332122,0.0,0.13314647666109233,0.4761152887866119,0.16381372859682392,8.91575150390957e-20,0.22692450595547187
2020-09-30,-0.004545210942401324,0.0004231350312256383,0.1327233416298667,0.47653842381783756,0.16381372859682392,0.0,0.22692450595547187
2020-10-01,0.002739420657267326,0.00046993861567057316,0.13225340301419614,0.47700836243350814,0.16381372859682392,0.0,0.22692450595547187
2020-10-02,-0.0026458179775699343,0.0,0.13225340301419614,0.47700836243350814,0.16381372859682392,0.0,0.22692450595547187
2020-10-05,-0.007160452371235928,0.0,0.13225340301419614,0.47700836243350814,0.16381372859682392,0.0,0.22692450595547187
2020-10-06,-0.0006072346154748793,0.0,0.13225340301419614,0.47700836243350814,0.16381372859682392,0.0,0.22692450595547187
2020-10-07,-0.0015191574717885337,0.0,0.13225340301419614,0.47700836243350814,0.16381372859682392,0.0,0.22692450595547187
2020-10-08,0.004240547182190187,0.0,0.13225340301419614,0.47700836243350814,0.16381372859682392,0.0,0.22692450595547187
2020-10-09,0.002720592642369947,0.0,0.13225340301419614,0.47700836243350814,0.16381372859682392,0.0,0.22692450595547187
2020-10-12,0.0035526480438387324,0.16503397390568864,0.18096910162750668,0.4770083624335082,0.28013200388920195,5.973220234116733e-20,0.06189053204978326
2020-10-13,-0.003270984078809015,0.07786056899390198,0.2069811975982149,0.4610383254893895,0.33198047691239574,6.448579962509245e-19,0.0
2020-10-14,-0.0006982652307666432,0.5684593008583028,0.039090414887860796,0.3924502842538365,2.3973864482864472e-18,2.06639850916861e-19,0.5684593008583027
2020-10-15,0.0020238013854728936,0.0071494367915213245,0.03194097809633951,0.3924502842538365,0.0,1.0212841665980539e-19,0.575608737649824
2020-10-16,-0.001792304058396963,0.0,0.03194097809633951,0.3924502842538365,0.0,1.0212841665980539e-19,0.575608737649824
2020-10-19,-0.0037897910236063545,0.0,0.03194097809633951,0.3924502842538365,0.0,1.0212841665980539e-19,0.575608737649824
2020-10-20,-0.005446109336977678,0.0017593618271968137,0.030181616269142706,0.3924502842538365,0.0,2.922210152172044e-19,0.5773680994770208
2020-10-21,-0.004399212157346628,0.0,0.030181616269142706,0.3924502842538365,0.0,2.922210152172044e-19,0.5773680994770208
2020-10-22,-0.0015008247913322237,0.007259792776166868,0.030181616269142706,0.3851904914776696,2.649560140309968e-19,5.0909601641126186e-20,0.5846278922531877
2020-10-23,0.00041452484005759043,0.08342145089136363,0.041308719147703205,0.30176904058630605,0.0,0.0,0.6569222402659909
2020-10-26,0.004405062176513796,0.0,0.041308719147703205,0.30176904058630605,0.0,0.0,0.6569222402659909
2020-10-27,0.0005869523162206089,0.00807025626883925,0.03323846287886393,0.301769040586306,0.0,2.7745401760092945e-19,0.6649924965348301
2020-10-28,-0.01830965629523513,0.5349802504852234,0.5682187133640872,0.301769040586306,6.692612311347249e-18,0.0,0.13001224604960668
2020-10-29,-0.0028878605591420815,0.4222047738621544,0.14601393950193287,0.5013246310558175,0.11133767195099438,9.700487210696078e-19,0.2413237574912552
2020-10-30,-0.005674569770423108,0.0,0.14601393950193287,0.5013246310558175,0.11133767195099438,9.700487210696078e-19,0.2413237574912552
2020-11-02,0.006757723863856674,0.0,0.14601393950193287,0.5013246310558175,0.11133767195099438,9.700487210696078e-19,0.2413237574912552
2020-11-03,-0.0010285997188815206,0.0,0.14601393950193287,0.5013246310558175,0.11133767195099438,9.700487210696078e-19,0.2413237574912552
2020-11-04,0.01369393634386924,0.0,0.14601393950193287,0.5013246310558175,0.11133767195099438,9.700487210696078e-19,0.2413237574912552
2020-11-05,0.00398115204581861,0.0,0.14601393950193287,0.5013246310558175,0.11133767195099438,9.700487210696078e-19,0.2413237574912552
2020-11-06,-0.006802542938931886,0.0,0.14601393950193287,0.5013246310558175,0.11133767195099438,9.700487210696078e-19,0.2413237574912552
2020-11-09,-0.0120783886584254,0.0,0.14601393950193287,0.5013246310558175,0.11133767195099438,9.700487210696078e-19,0.2413237574912552
2020-11-10,-0.0021437882957303553,0.21304575606685916,0.18619145015987498,0.4876177622731434,0.2842059173599114,8.825966059583665e-20,0.04198487020707011
2020-11-11,0.0025960105710120876,0.22048607369997128,0.2768390450741589,0.3426373149343298,0.20870029099875378,0.0,0.1718233489927575
2020-11-12,-0.000497824580273466,0.23857812865881808,0.4131189772356299,0.20523237532056177,0.21344897870096638,0.09754950879513442,0.07065015994770737
2020-11-13,0.004666329133187621,0.15009355458838086,0.35067864301456475,0.1882293149009535,0.3392713110522424,0.12182073103223932,0.0
2020-11-16,0.006748013593790642,0.1420437934105675,0.2597878477630085,0.13707631674194223,0.44347110744122165,0.1596647280538276,2.7316098257271135e-20
2020-11-17,-0.0018712194180920702,0.027204716902508252,0.24729252500410484,0.12236692259833767,0.4612164996976668,0.1691240526998907,2.320489965804901e-19
2020-11-18,-0.004499361480893736,0.0,0.24729252500410484,0.12236692259833767,0.4612164996976668,0.1691240526998907,2.320489965804901e-19
2020-11-19,0.0013286391277425424,0.0,0.24729252500410484,0.12236692259833767,0.4612164996976668,0.1691240526998907,2.320489965804901e-19
2020-11-20,0.0018341258013299796,0.0,0.24729252500410484,0.12236692259833767,0.4612164996976668,0.1691240526998907,2.320489965804901e-19
2020-11-23,-0.006716977933985843,0.0,0.24729252500410484,0.12236692259833767,0.4612164996976668,0.1691240526998907,2.320489965804901e-19
2020-11-24,0.003030697769683218,0.0,0.24729252500410484,0.12236692259833767,0.4612164996976668,0.1691240526998907,2.320489965804901e-19
2020-11-25,-0.0021117165604520403,0.5732607315408984,0.1362216555309339,0.47824269436954453,0.16815069032983004,0.0,0.2173849597696915
2020-11-27,0.002883190007404297,0.0008283376215245666,0.1362216555309339,0.47824269436954453,0.16732235270830548,2.894403517390969e-19,0.21821329739121606
2020-11-30,-0.001788174237627414,0.0,0.1362216555309339,0.47824269436954453,0.16732235270830548,2.894403517390969e-19,0.21821329739121606
2020-12-01,-0.003971851173295064,0.0,0.1362216555309339,0.47824269436954453,0.16732235270830548,2.894403517390969e-19,0.21821329739121606
2020-12-02,-0.0025166141472776444,0.0,0.1362216555309339,0.47824269436954453,0.16732235270830548,2.894403517390969e-19,0.21821329739121606
2020-12-03,0.003655459888248537,0.02483001252181842,0.1362216555309339,0.47824269436954453,0.14249234018648704,0.0,0.24304330991303447
2020-12-04,0.005296306914879236,0.6137342353756695,0.5656163080348964,0.00700079918036209,2.2557770595409204e-18,0.0,0.4273828927847416
2020-12-07,-0.00047801484626367515,0.007000799180362104,0.5726171072152585,0.0,1.3641438617392197e-19,2.261085276095923e-19,0.4273828927847416
2020-12-08,0.0021987178066608976,0.0,0.5726171072152585,0.0,1.3641438617392197e-19,2.261085276095923e-19,0.4273828927847416
2020-12-09,-0.004961803176425848,0.0,0.5726171072152585,0.0,1.3641438617392197e-19,2.261085276095923e-19,0.4273828927847416
2020-12-10,-0.0014057550667408315,0.0,0.5726171072152585,0.0,1.3641438617392197e-19,2.261085276095923e-19,0.4273828927847416
2020-12-11,0.00037603797071268674,0.0,0.5726171072152585,0.0,1.3641438617392197e-19,2.261085276095923e-19,0.4273828927847416
2020-12-14,-0.0037827919559811026,0.0,0.5726171072152585,0.0,1.3641438617392197e-19,2.261085276095923e-19,0.4273828927847416
2020-12-15,0.006344287385679957,0.0,0.5726171072152585,0.0,1.3641438617392197e-19,2.261085276095923e-19,0.4273828927847416
2020-12-16,0.00037296864326260464,0.0,0.5726171072152585,0.0,1.3641438617392197e-19,2.261085276095923e-19,0.4273828927847416
2020-12-17,0.0009210072526123804,0.0,0.5726171072152585,0.0,1.3641438617392197e-19,2.261085276095923e-19,0.4273828927847416
2020-12-18,-0.0017570989511014243,0.0,0.5726171072152585,0.0,1.3641438617392197e-19,2.261085276095923e-19,0.4273828927847416
2020-12-21,-0.0011665955882967111,0.0,0.5726171072152585,0.0,1.3641438617392197e-19,2.261085276095923e-19,0.4273828927847416
2020-12-22,0.001320508495732904,0.0,0.5726171072152585,0.0,1.3641438617392197e-19,2.261085276095923e-19,0.4273828927847416
2020-12-23,-0.0014091122755764424,0.0,0.5726171072152585,0.0,1.3641438617392197e-19,2.261085276095923e-19,0.4273828927847416
2020-12-24,0.0032248678930780826,0.20640140819363129,0.589827224450482,0.18919129095840773,6.566205725025112e-19,8.875151973073898e-19,0.22098148459111028
2020-12-28,0.005151295795774299,0.0,0.589827224450482,0.18919129095840773,6.566205725025112e-19,8.875151973073898e-19,0.22098148459111028
2020-12-29,-0.0020915939393575437,0.0,0.589827224450482,0.18919129095840773,6.566205725025112e-19,8.875151973073898e-19,0.22098148459111028
2020-12-30,0.0003403202371807504,0.0,0.589827224450482,0.18919129095840773,6.566205725025112e-19,8.875151973073898e-19,0.22098148459111028
2020-12-31,0.003913085226330066,0.0,0.589827224450482,0.18919129095840773,6.566205725025112e-19,8.875151973073898e-19,0.22098148459111028
2021-01-04,-0.008075438310968757,0.0,0.589827224450482,0.18919129095840773,6.566205725025112e-19,8.875151973073898e-19,0.22098148459111028
2021-01-05,0.0013820694855080883,0.0,0.589827224450482,0.18919129095840773,6.566205725025112e-19,8.875151973073898e-19,0.22098148459111028
2021-01-06,-0.0006323508838434076,0.0,0.589827224450482,0.18919129095840773,6.566205725025112e-19,8.875151973073898e-19,0.22098148459111028
2021-01-07,0.008379866357406274,0.0,0.589827224450482,0.18919129095840773,6.566205725025112e-19,8.875151973073898e-19,0.22098148459111028
2021-01-08,0.0031150871087985118,0.0,0.589827224450482,0.18919129095840773,6.566205725025112e-19,8.875151973073898e-19,0.22098148459111028
2021-01-11,-0.0029228633367153617,0.0,0.589827224450482,0.18919129095840773,6.566205725025112e-19,8.875151973073898e-19,0.22098148459111028
2021-01-12,-0.0012020697585620865,0.0,0.589827224450482,0.18919129095840773,6.566205725025112e-19,8.875151973073898e-19,0.22098148459111028
2021-01-13,0.004446883316118658,0.0,0.589827224450482,0.18919129095840773,6.566205725025112e-19,8.875151973073898e-19,0.22098148459111028
2021-01-14,-0.004291322939874033,0.0,0.589827224450482,0.18919129095840773,6.566205725025112e-19,8.875151973073898e-19,0.22098148459111028
2021-01-15,-0.002096853682784958,0.0,0.589827224450482,0.18919129095840773,6.566205725025112e-19,8.875151973073898e-19,0.22098148459111028
2021-01-19,0.004609964634766615,0.0,0.589827224450482,0.18919129095840773,6.566205725025112e-19,8.875151973073898e-19,0.22098148459111028
2021-01-20,0.008258123113744957,0.0,0.589827224450482,0.18919129095840773,6.566205725025112e-19,8.875151973073898e-19,0.22098148459111028
2021-01-21,-0.0017860420974800204,0.0,0.589827224450482,0.18919129095840773,6.566205725025112e-19,8.875151973073898e-19,0.22098148459111028
2021-01-22,-0.0010205565805086097,0.0,0.589827224450482,0.18919129095840773,6.566205725025112e-19,8.875151973073898e-19,0.22098148459111028
2021-01-25,0.004828125519204624,0.0,0.589827224450482,0.18919129095840773,6.566205725025112e-19,8.875151973073898e-19,0.22098148459111028
2021-01-26,-0.0019123272911862976,0.0,0.589827224450482,0.18919129095840773,6.566205725025112e-19,8.875151973073898e-19,0.22098148459111028
2021-01-27,-0.01257054701909436,0.0,0.589827224450482,0.18919129095840773,6.566205725025112e-19,8.875151973073898e-19,0.22098148459111028
2021-01-28,0.0021093326318811566,0.09734368628347294,0.49248353816700907,0.2865349772418807,7.774739776282449e-19,1.9845328672008616e-18,0.22098148459111028
2021-01-29,-0.011563892826678492,0.011889643589142393,0.5043731817561514,0.2865349772418807,2.824895932676307e-21,0.0,0.20909184100196784
2021-02-01,0.007307131876454479,0.20718505745834298,0.2971881242978084,0.34718974482354165,0.04703057931654203,0.0,0.3085915515621078
2021-02-02,0.0013913935006492958,0.029209992986463762,0.2679781313113447,0.34718974482354165,0.04703057931654203,4.969149893089137e-20,0.33780154454857164
2021-02-03,0.00032984530627821345,0.3942203241400837,0.617536434993881,1.427908733954237e-17,0.0,0.0,0.3824635650061191
2021-02-04,0.008731809015398863,0.0,0.617536434993881,1.427908733954237e-17,0.0,0.0,0.3824635650061191
2021-02-05,0.00026005487245530767,0.0,0.617536434993881,1.427908733954237e-17,0.0,0.0,0.3824635650061191
2021-02-08,0.004303840755810178,0.0,0.617536434993881,1.427908733954237e-17,0.0,0.0,0.3824635650061191
2021-02-09,-0.0016111132085819607,0.07828500809898875,0.617536434993881,1.2726040313751203e-17,0.018830262863682744,0.05945474523530594,0.3041785569071303
2021-02-10,0.0023785808646505256,0.6010853422586713,0.32062964964234003,0.05712171857611523,0.4582134910581362,0.1640351407234086,0.0
2021-02-11,-0.005099931819527109,0.0042458669951831104,0.3163837826471569,0.06112743698831448,0.45845363964112,0.1640351407234086,7.499576508077767e-20
2021-02-12,0.0034942499142367072,0.0,0.3163837826471569,0.06112743698831448,0.45845363964112,0.1640351407234086,7.499576508077767e-20
2021-02-16,-0.005690555858858288,0.0,0.3163837826471569,0.06112743698831448,0.45845363964112,0.1640351407234086,7.499576508077767e-20
2021-02-17,-0.003104753388066844,0.018715267279376245,0.2976685153677806,0.061127436988314465,0.47394541560897796,0.16725863203492686,2.240126691948002e-19
2021-02-18,-0.004078797159565229,7.28583859910259e-17,0.29766851536778066,0.06112743698831447,0.473945415608978,0.16725863203492689,2.2401266919480027e-19
2021-02-19,-0.0031876229470757574,0.19411041176655536,0.41105352234507786,0.1418528417775726,0.3177872542208992,0.1293063816564503,0.0
2021-02-22,-0.0014732096910142643,0.2507009140261735,0.5900434310070874,0.2135638471417365,0.12736254621912432,0.06903017563205169,0.0
2021-02-23,0.0007859271452865509,0.0825057799308807,0.5699309586537554,0.15117053956418786,0.16774034667246462,0.1111581551095921,2.1002708324173117e-19
2021-02-24,0.006407369333267599,0.2512360162821472,0.7009069655581224,0.27143054894196805,0.005511601025173335,0.02215088447473618,1.3254222669637864e-17
2021-02-25,-0.021452478313606423,0.0012154587390081563,0.7021224242971306,0.27143054894196805,0.004296142286165213,0.02215088447473618,1.307524278541731e-17
2021-02-26,-0.003597453371973134,0.36731472892626976,0.3625517842779834,0.2436864600348455,0.3031419900341663,0.09061976565300482,8.72224663915939e-19
2021-03-01,0.0009853137652477625,0.2178895082971804,0.2603764650567914,0.1279722709588571,0.44488267470130427,0.16676858928304725,0.0
2021-03-02,-0.0017496431202172359,0.01229210751979222,0.25639216761728384,0.11966446087857247,0.4533323562508419,0.17061101525330186,0.0
2021-03-03,-0.005134540008902649,0.0,0.25639216761728384,0.11966446087857247,0.4533323562508419,0.17061101525330186,0.0
2021-03-04,-0.0003999691415685208,0.0,0.25639216761728384,0.11966446087857247,0.4533323562508419,0.17061101525330186,0.0
2021-03-05,0.010661657999697288,0.0,0.25639216761728384,0.11966446087857247,0.4533323562508419,0.17061101525330186,0.0
2021-03-08,-0.010515984360539514,0.0,0.25639216761728384,0.11966446087857247,0.4533323562508419,0.17061101525330186,0.0
2021-03-09,0.013432226215107148,0.0,0.25639216761728384,0.11966446087857247,0.4533323562508419,0.17061101525330186,0.0
2021-03-10,0.003647174310767107,0.7389969516146716,0.6616766638948366,0.0,3.0452080382318956e-17,0.004610880768044581,0.3337124553371189
2021-03-11,0.005180116846696174,0.0,0.6616766638948366,0.0,3.0452080382318956e-17,0.004610880768044581,0.3337124553371189
2021-03-12,0.0019501700729150874,0.0,0.6616766638948366,0.0,3.0452080382318956e-17,0.004610880768044581,0.3337124553371189
2021-03-15,0.004612434102595728,0.0,0.6616766638948366,0.0,3.0452080382318956e-17,0.004610880768044581,0.3337124553371189
2021-03-16,-0.0008794620427829598,0.0,0.6616766638948366,0.0,3.0452080382318956e-17,0.004610880768044581,0.3337124553371189
2021-03-17,0.0006365153469525887,0.0,0.6616766638948366,0.0,3.0452080382318956e-17,0.004610880768044581,0.3337124553371189
2021-03-18,-0.00794651268928449,0.0,0.6616766638948366,0.0,3.0452080382318956e-17,0.004610880768044581,0.3337124553371189
2021-03-19,-0.0009412381347342739,0.0,0.6616766638948366,0.0,3.0452080382318956e-17,0.004610880768044581,0.3337124553371189
2021-03-22,0.004552630773540525,0.14364762492559355,0.6485100067098415,2.901160209114054e-19,0.07581754861317964,0.0724409570804585,0.20323148759652043
2021-03-23,-0.01137071261151793,0.19074417598587642,0.5972230895023083,0.044988033800956714,0.18507195216948572,0.10894269570907215,0.06377422881817722
2021-03-24,0.00906672625104113,0.37117280240201467,0.2898245159184708,0.06153005549932229,0.4873363194181807,0.16130910916402622,4.915057612813243e-18
2021-03-25,-0.006738936241690237,0.000980805145235029,0.28884371077323584,0.061530055499322306,0.4873363194181808,0.16228991430926118,2.4395381233842417e-20
2021-03-26,0.012323603640710628,0.008855033615083288,0.27998867715815257,0.07038508911440561,0.4873363194181808,0.16228991430926118,1.2202021773338604e-19
2021-03-29,-0.005012324602486335,0.0,0.27998867715815257,0.07038508911440561,0.4873363194181808,0.16228991430926118,1.2202021773338604e-19
2021-03-30,-0.011606961982915137,0.0,0.27998867715815257,0.07038508911440561,0.4873363194181808,0.16228991430926118,1.2202021773338604e-19
2021-03-31,0.005611162365040055,0.0,0.27998867715815257,0.07038508911440561,0.4873363194181808,0.16228991430926118,1.2202021773338604e-19
2021-04-01,0.015591463058956444,0.0,0.27998867715815257,0.07038508911440561,0.4873363194181808,0.16228991430926118,1.2202021773338604e-19
2021-04-05,-0.0027249473126696373,0.0039701922529907785,0.27601848490516173,0.07038508911440561,0.4873363194181808,0.1662601065622519,0.0
2021-04-06,0.005961407790591712,0.0,0.27601848490516173,0.07038508911440561,0.4873363194181808,0.1662601065622519,0.0
2021-04-07,-0.0008906497974375671,0.0,0.27601848490516173,0.07038508911440561,0.4873363194181808,0.1662601065622519,0.0
2021-04-08,0.006968358630412808,0.0,0.27601848490516173,0.07038508911440561,0.4873363194181808,0.1662601065622519,0.0
2021-04-09,-0.002654735063792109,0.0,0.27601848490516173,0.07038508911440561,0.4873363194181808,0.1662601065622519,0.0
2021-04-12,-0.0018214087242024877,0.0,0.27601848490516173,0.07038508911440561,0.4873363194181808,0.1662601065622519,0.0
2021-04-13,0.006831515547895916,0.0,0.27601848490516173,0.07038508911440561,0.4873363194181808,0.1662601065622519,0.0
2021-04-14,0.003302694695598565,0.0,0.27601848490516173,0.07038508911440561,0.4873363194181808,0.1662601065622519,0.0
2021-04-15,0.012908162880049376,0.0,0.27601848490516173,0.07038508911440561,0.4873363194181808,0.1662601065622519,0.0
2021-04-16,0.002977354881138745,0.0,0.27601848490516173,0.07038508911440561,0.4873363194181808,0.1662601065622519,0.0
2021-04-19,-0.002366799980782944,0.0,0.27601848490516173,0.07038508911440561,0.4873363194181808,0.1662601065622519,0.0
2021-04-20,-0.002189224113866201,0.0,0.27601848490516173,0.07038508911440561,0.4873363194181808,0.1662601065622519,0.0
2021-04-21,0.00395197010988447,0.09309362201913646,0.32512765820148615,0.1143695378372176,0.40994399447768515,0.15055880948361103,0.0
2021-04-22,-0.004181544020307637,0.1447455507741313,0.42712342687758625,0.15711931993524883,0.29350405610014113,0.12225319708702384,1.0759627618293257e-19
2021-04-23,0.0068190245361988665,0.3598040244407819,0.6707240863952578,0.27332268485835925,0.023966420144098277,0.031986808602284804,0.0
2021-04-26,0.0009706761773274647,0.021864401119213332,0.6848620632842802,0.2810491090885502,0.00814897147329079,0.025939856153878973,0.0
2021-04-27,-0.0021588154960252566,0.002521100237264957,0.6862916619000927,0.28214061071000257,0.006283750588882523,0.0252839768010222,5.520666731350453e-19
2021-04-28,0.00025059426734890845,0.0,0.6862916619000927,0.28214061071000257,0.006283750588882523,0.0252839768010222,5.520666731350453e-19
2021-04-29,0.003937729190037972,0.0,0.6862916619000927,0.28214061071000257,0.006283750588882523,0.0252839768010222,5.520666731350453e-19
2021-04-30,-0.004443159453596881,0.0,0.6862916619000927,0.28214061071000257,0.006283750588882523,0.0252839768010222,5.520666731350453e-19
2021-05-03,0.0021458729559396543,0.0,0.6862916619000927,0.28214061071000257,0.006283750588882523,0.0252839768010222,5.520666731350453e-19
2021-05-04,-0.0018538008189730444,0.0,0.6862916619000927,0.28214061071000257,0.006283750588882523,0.0252839768010222,5.520666731350453e-19
2021-05-05,0.0005874888462604633,0.0,0.6862916619000927,0.28214061071000257,0.006283750588882523,0.0252839768010222,5.520666731350453e-19
2021-05-06,0.0059084474461825525,0.0,0.6862916619000927,0.28214061071000257,0.006283750588882523,0.0252839768010222,5.520666731350453e-19
2021-05-07,0.0036712663047694894,0.0,0.6862916619000927,0.28214061071000257,0.006283750588882523,0.0252839768010222,5.520666731350453e-19
2021-05-10,-0.009605696636503121,0.0,0.6862916619000927,0.28214061071000257,0.006283750588882523,0.0252839768010222,5.520666731350453e-19
2021-05-11,-0.007498931567705743,0.0,0.6862916619000927,0.28214061071000257,0.006283750588882523,0.0252839768010222,5.520666731350453e-19
2021-05-12,-0.017410351963747097,0.0,0.6862916619000927,0.28214061071000257,0.006283750588882523,0.0252839768010222,5.520666731350453e-19
2021-05-13,0.00831724784569358,0.01218319879536505,0.6862916619000927,0.29432380950536763,0.006283750588882523,0.013100778005657154,4.543730976052638e-19
2021-05-14,0.01361696724914024,0.0,0.6862916619000927,0.29432380950536763,0.006283750588882523,0.013100778005657154,4.543730976052638e-19
2021-05-17,-0.0020965423293938406,0.0,0.6862916619000927,0.29432380950536763,0.006283750588882523,0.013100778005657154,4.543730976052638e-19
2021-05-18,-0.006812570485046142,0.0,0.6862916619000927,0.29432380950536763,0.006283750588882523,0.013100778005657154,4.543730976052638e-19
2021-05-19,-0.0029186884631425226,0.0,0.6862916619000927,0.29432380950536763,0.006283750588882523,0.013100778005657154,4.543730976052638e-19
2021-05-20,-0.00043775008943891714,0.6655025945505118,0.04017359594412059,0.29432380950536763,5.794232625778264e-17,1.6925602819940405e-17,0.6655025945505118
2021-05-21,0.0031163120074009275,0.0,0.04017359594412059,0.29432380950536763,5.794232625778264e-17,1.6925602819940405e-17,0.6655025945505118
2021-05-24,-0.0001488306387025832,0.0,0.04017359594412059,0.29432380950536763,5.794232625778264e-17,1.6925602819940405e-17,0.6655025945505118
2021-05-25,0.0018108837058062666,0.0,0.04017359594412059,0.29432380950536763,5.794232625778264e-17,1.6925602819940405e-17,0.6655025945505118
2021-05-26,0.002055454382936892,0.0,0.04017359594412059,0.29432380950536763,5.794232625778264e-17,1.6925602819940405e-17,0.6655025945505118
2021-05-27,-0.0017123186540281125,0.0,0.04017359594412059,0.29432380950536763,5.794232625778264e-17,1.6925602819940405e-17,0.6655025945505118
2021-05-28,0.00015482961979383127,0.0,0.04017359594412059,0.29432380950536763,5.794232625778264e-17,1.6925602819940405e-17,0.6655025945505118
2021-06-01,-0.0012005668143420046,0.0,0.04017359594412059,0.29432380950536763,5.794232625778264e-17,1.6925602819940405e-17,0.6655025945505118
2021-06-02,0.0007447345359712996,0.0,0.04017359594412059,0.29432380950536763,5.794232625778264e-17,1.6925602819940405e-17,0.6655025945505118
2021-06-03,0.002874513646565786,0.0,0.04017359594412059,0.29432380950536763,5.794232625778264e-17,1.6925602819940405e-17,0.6655025945505118
2021-06-04,0.0072421678548269565,0.41308170475568007,0.45325530069980063,0.29432380950536763,7.80666416225897e-18,2.119949391846808e-19,0.25242088979483174
2021-06-07,-0.0017609436327944855,0.0,0.45325530069980063,0.29432380950536763,7.80666416225897e-18,2.119949391846808e-19,0.25242088979483174
2021-06-08,0.002457868560267804,0.019419733548863286,0.4726750342486639,0.29432380950536763,0.0,3.736164612282858e-20,0.23300115624596845
2021-06-09,0.001982745279205812,0.044384132559685166,0.5170591668083491,0.29432380950536763,2.1238707569163932e-20,2.716748261583935e-19,0.18861702368628327
2021-06-10,0.0041289273649149005,0.021124136656798978,0.5381833034651481,0.29432380950536763,0.0,3.091248929666361e-19,0.16749288702948434
2021-06-11,0.0011496998215271015,0.028645376519463625,0.5668286799846117,0.29432380950536763,3.0624487251344264e-19,5.465038758732713e-19,0.13884751051002073
2021-06-14,-0.0010908978380084048,0.0027476425272654897,0.5695763225118772,0.29432380950536763,0.0,5.880323917837188e-19,0.1360998679827552
2021-06-15,-0.0012868561634543196,0.0,0.5695763225118772,0.29432380950536763,0.0,5.880323917837188e-19,0.1360998679827552
2021-06-16,-0.0023129009118362104,0.0,0.5695763225118772,0.29432380950536763,0.0,5.880323917837188e-19,0.1360998679827552
2021-06-17,0.005271024124523933,0.0,0.5695763225118772,0.29432380950536763,0.0,5.880323917837188e-19,0.1360998679827552
2021-06-18,-0.0017086267852623703,0.0,0.5695763225118772,0.29432380950536763,0.0,5.880323917837188e-19,0.1360998679827552
2021-06-21,0.0025680167542839593,0.0,0.5695763225118772,0.29432380950536763,0.0,5.880323917837188e-19,0.1360998679827552
2021-06-22,0.0035436522363572137,0.0,0.5695763225118772,0.29432380950536763,0.0,5.880323917837188e-19,0.1360998679827552
2021-06-23,-0.0012240872114972978,0.0,0.5695763225118772,0.29432380950536763,0.0,5.880323917837188e-19,0.1360998679827552
2021-06-24,0.003731942638147413,0.0,0.5695763225118772,0.29432380950536763,0.0,5.880323917837188e-19,0.1360998679827552
2021-06-25,-0.0009778784448144905,0.0,0.5695763225118772,0.29432380950536763,0.0,5.880323917837188e-19,0.1360998679827552
2021-06-28,0.004229528834334567,0.0,0.5695763225118772,0.29432380950536763,0.0,5.880323917837188e-19,0.1360998679827552
2021-06-29,0.0011293967158241267,0.0,0.5695763225118772,0.29432380950536763,0.0,5.880323917837188e-19,0.1360998679827552
2021-06-30,0.00217475067103637,0.0,0.5695763225118772,0.29432380950536763,0.0,5.880323917837188e-19,0.1360998679827552
2021-07-01,0.00355379992983231,0.0,0.5695763225118772,0.29432380950536763,0.0,5.880323917837188e-19,0.1360998679827552
2021-07-02,0.005582901664637114,0.0,0.5695763225118772,0.29432380950536763,0.0,5.880323917837188e-19,0.1360998679827552
2021-07-06,0.0029060533589403675,0.0,0.5695763225118772,0.29432380950536763,0.0,5.880323917837188e-19,0.1360998679827552
2021-07-07,0.004839201713361882,0.0,0.5695763225118772,0.29432380950536763,0.0,5.880323917837188e-19,0.1360998679827552
2021-07-08,-0.0040337895274674355,0.0,0.5695763225118772,0.29432380950536763,0.0,5.880323917837188e-19,0.1360998679827552
2021-07-09,0.001612230362585297,0.0,0.5695763225118772,0.29432380950536763,0.0,5.880323917837188e-19,0.1360998679827552
2021-07-12,0.0018236302143900172,0.0,0.5695763225118772,0.29432380950536763,0.0,5.880323917837188e-19,0.1360998679827552
2021-07-13,-0.0033711589062501417,0.0,0.5695763225118772,0.29432380950536763,0.0,5.880323917837188e-19,0.1360998679827552
2021-07-14,0.0035394021714851057,0.0,0.5695763225118772,0.29432380950536763,0.0,5.880323917837188e-19,0.1360998679827552
2021-07-15,0.0012634649350280976,0.02918512934450504,0.5987614518563822,0.26513868016086256,0.0,0.0,0.1360998679827552
2021-07-16,-0.005032832189292025,0.0,0.5987614518563822,0.26513868016086256,0.0,0.0,0.1360998679827552
2021-07-19,-0.0028099700028284364,0.0,0.5987614518563822,0.26513868016086256,0.0,0.0,0.1360998679827552
2021-07-20,-0.002499264533477244,0.4430378352061633,0.155723616650219,0.5014741986754421,0.12352737853233485,0.0,0.2192748061420042
2021-07-21,-0.006076901402422968,0.0,0.155723616650219,0.5014741986754421,0.12352737853233485,0.0,0.2192748061420042
2021-07-22,0.005425467593921085,0.034771178084794324,0.19049479473501324,0.4813027608400556,0.10892763828292694,2.4834575155658556e-20,0.2192748061420042
2021-07-23,0.0026350627051817325,0.30691685883882214,0.49741165357383543,0.3785311039000801,3.166181644903865e-18,1.3041556194445285e-19,0.12405724252608451
2021-07-26,1.7755366674100312e-05,0.05670419378968563,0.554115847363521,0.35624856927926335,3.531907385485351e-19,5.70031173045636e-19,0.08963558335721561
2021-07-27,0.0010968336452133274,0.0029806406471387104,0.5570964880106598,0.35409664594464413,0.0,4.8690166396638045e-19,0.08880686604469618
2021-07-28,-0.0004545958537643086,0.0,0.5570964880106598,0.35409664594464413,0.0,4.8690166396638045e-19,0.08880686604469618
2021-07-29,2.4034613922000077e-05,0.0,0.5570964880106598,0.35409664594464413,0.0,4.8690166396638045e-19,0.08880686604469618
2021-07-30,-0.0007882465064848786,0.0,0.5570964880106598,0.35409664594464413,0.0,4.8690166396638045e-19,0.08880686604469618
2021-08-02,0.0018819391746202308,0.0,0.5570964880106598,0.35409664594464413,0.0,4.8690166396638045e-19,0.08880686604469618
2021-08-03,0.004756236370723052,0.0,0.5570964880106598,0.35409664594464413,0.0,4.8690166396638045e-19,0.08880686604469618
2021-08-04,-0.0018687252839398535,0.0,0.5570964880106598,0.35409664594464413,0.0,4.8690166396638045e-19,0.08880686604469618
2021-08-05,0.0017232286433566987,0.0,0.5570964880106598,0.35409664594464413,0.0,4.8690166396638045e-19,0.08880686604469618
2021-08-06,-0.004491680441300862,0.0,0.5570964880106598,0.35409664594464413,0.0,4.8690166396638045e-19,0.08880686604469618
2021-08-09,-0.0015451760897114654,0.0,0.5570964880106598,0.35409664594464413,0.0,4.8690166396638045e-19,0.08880686604469618
2021-08-10,-0.000871190205128094,0.0,0.5570964880106598,0.35409664594464413,0.0,4.8690166396638045e-19,0.08880686604469618
2021-08-11,0.000989250631207434,0.0,0.5570964880106598,0.35409664594464413,0.0,4.8690166396638045e-19,0.08880686604469618
2021-08-12,0.0011962964873458285,0.0,0.5570964880106598,0.35409664594464413,0.0,4.8690166396638045e-19,0.08880686604469618
2021-08-13,0.006180622672678304,0.0,0.5570964880106598,0.35409664594464413,0.0,4.8690166396638045e-19,0.08880686604469618
2021-08-16,0.002241357860579907,0.0,0.5570964880106598,0.35409664594464413,0.0,4.8690166396638045e-19,0.08880686604469618
2021-08-17,-0.003259259278567077,0.0,0.5570964880106598,0.35409664594464413,0.0,4.8690166396638045e-19,0.08880686604469618
2021-08-18,-0.004907896018404709,0.0,0.5570964880106598,0.35409664594464413,0.0,4.8690166396638045e-19,0.08880686604469618
2021-08-19,0.0038961480651893868,0.0,0.5570964880106598,0.35409664594464413,0.0,4.8690166396638045e-19,0.08880686604469618
2021-08-20,0.0045623701505745655,0.0,0.5570964880106598,0.35409664594464413,0.0,4.8690166396638045e-19,0.08880686604469618
2021-08-23,0.004135067955743038,0.0,0.5570964880106598,0.35409664594464413,0.0,4.8690166396638045e-19,0.08880686604469618
2021-08-24,-0.0019405303543354822,0.0,0.5570964880106598,0.35409664594464413,0.0,4.8690166396638045e-19,0.08880686604469618
2021-08-25,-0.001843445337983148,0.0,0.5570964880106598,0.35409664594464413,0.0,4.8690166396638045e-19,0.08880686604469618
2021-08-26,-0.002058585140337346,0.0,0.5570964880106598,0.35409664594464413,0.0,4.8690166396638045e-19,0.08880686604469618
2021-08-27,0.006999191400539369,0.0,0.5570964880106598,0.35409664594464413,0.0,4.8690166396638045e-19,0.08880686604469618
2021-08-30,0.0033738763108714493,0.0,0.5570964880106598,0.35409664594464413,0.0,4.8690166396638045e-19,0.08880686604469618
2021-08-31,-0.0032355743139595443,0.0,0.5570964880106598,0.35409664594464413,0.0,4.8690166396638045e-19,0.08880686604469618
2021-09-01,0.0007108371546565825,0.0,0.5570964880106598,0.35409664594464413,0.0,4.8690166396638045e-19,0.08880686604469618
2021-09-02,0.0030454698995125724,0.0,0.5570964880106598,0.35409664594464413,0.0,4.8690166396638045e-19,0.08880686604469618
2021-09-03,-0.003534899786031206,0.0,0.5570964880106598,0.35409664594464413,0.0,4.8690166396638045e-19,0.08880686604469618
2021-09-07,-0.004548128414410416,0.0,0.5570964880106598,0.35409664594464413,0.0,4.8690166396638045e-19,0.08880686604469618
2021-09-08,0.0018742491921222514,0.0,0.5570964880106598,0.35409664594464413,0.0,4.8690166396638045e-19,0.08880686604469618
2021-09-09,0.001685977947963341,0.0,0.5570964880106598,0.35409664594464413,0.0,4.8690166396638045e-19,0.08880686604469618
2021-09-10,-0.007371039995458021,0.0,0.5570964880106598,0.35409664594464413,0.0,4.8690166396638045e-19,0.08880686604469618
2021-09-13,0.0035733997220352247,0.0,0.5570964880106598,0.35409664594464413,0.0,4.8690166396638045e-19,0.08880686604469618
2021-09-14,0.0012863712188064592,0.0,0.5570964880106598,0.35409664594464413,0.0,4.8690166396638045e-19,0.08880686604469618
2021-09-15,0.003232489691169988,0.0,0.5570964880106598,0.35409664594464413,0.0,4.8690166396638045e-19,0.08880686604469618
2021-09-16,-0.0021120216687299954,0.0,0.5570964880106598,0.35409664594464413,0.0,4.8690166396638045e-19,0.08880686604469618
2021-09-17,-0.006806956203084406,0.0,0.5570964880106598,0.35409664594464413,0.0,4.8690166396638045e-19,0.08880686604469618
2021-09-20,-0.004862095221914399,0.0,0.5570964880106598,0.35409664594464413,0.0,4.8690166396638045e-19,0.08880686604469618
2021-09-21,-0.0009023571951871214,0.0011955884758127477,0.5582920764864725,0.3529010574688313,0.0,4.823151979507125e-19,0.08880686604469618
2021-09-22,0.007799622974047445,0.0,0.5582920764864725,0.3529010574688313,0.0,4.823151979507125e-19,0.08880686604469618
2021-09-23,-0.0015453123784189768,0.0,0.5582920764864725,0.3529010574688313,0.0,4.823151979507125e-19,0.08880686604469618
2021-09-24,-0.0021865297134384004,0.008222413242443494,0.566514489728916,0.3446786442263879,4.846509261710998e-19,8.385342658793766e-19,0.08880686604469618
2021-09-27,-0.002781625897391945,0.0,0.566514489728916,0.3446786442263879,4.846509261710998e-19,8.385342658793766e-19,0.08880686604469618
2021-09-28,-0.016466554221507144,0.0,0.566514489728916,0.3446786442263879,4.846509261710998e-19,8.385342658793766e-19,0.08880686604469618
2021-09-29,0.003060437125174552,0.39001924571143587,0.17649524401748015,0.3446786442263879,0.10800564992052525,8.267049791691395e-19,0.37082046183560674
2021-09-30,-0.0002855361213736224,0.09819262001731976,0.09427420147067972,0.3446786442263879,0.0920340724500059,1.474780639005744e-20,0.4690130818529265
2021-10-01,0.0040657867345313264,0.08189481285443342,0.09427420147067972,0.41248203257078636,0.10612549696004088,0.0,0.3871182689984931
2021-10-04,-0.0029864366071500436,0.001471103604720761,0.09427420147067972,0.41287591751679653,0.10720271561875143,0.0,0.3856471653937723
2021-10-05,-0.002757342234430862,0.001726202002006065,0.09427420147067972,0.4141583792685029,0.10764645586905111,0.0,0.38392096339176623
2021-10-06,0.00408110110171407,0.0,0.09427420147067972,0.4141583792685029,0.10764645586905111,0.0,0.38392096339176623
2021-10-07,-0.004235303027917501,0.0,0.09427420147067972,0.4141583792685029,0.10764645586905111,0.0,0.38392096339176623
2021-10-08,-0.003328208788821268,0.0,0.09427420147067972,0.4141583792685029,0.10764645586905111,0.0,0.38392096339176623
2021-10-11,-0.0008731477650138486,0.0,0.09427420147067972,0.4141583792685029,0.10764645586905111,0.0,0.38392096339176623
2021-10-12,0.007790571032589943,0.0,0.09427420147067972,0.4141583792685029,0.10764645586905111,0.0,0.38392096339176623
2021-10-13,0.004164097187900881,0.0,0.09427420147067972,0.4141583792685029,0.10764645586905111,0.0,0.38392096339176623
2021-10-14,0.0033881960403968907,0.0,0.09427420147067972,0.4141583792685029,0.10764645586905111,0.0,0.38392096339176623
2021-10-15,-0.0038627242791606474,0.0,0.09427420147067972,0.4141583792685029,0.10764645586905111,0.0,0.38392096339176623
2021-10-18,0.0021064976654512485,0.0,0.09427420147067972,0.4141583792685029,0.10764645586905111,0.0,0.38392096339176623
2021-10-19,-0.003601835349403844,0.2408983892790301,0.3351725907497098,0.41415837926850296,0.021845908360684264,0.0,0.22882312162110302
2021-10-20,-0.001302834839348076,0.09431330040366018,0.42948589115336994,0.4035794426484279,0.0,1.1947629694704074e-19,0.16693466619820216
2021-10-21,0.0011815674607742266,0.09082969273165883,0.5203155838850287,0.3691474494223615,3.8600628312178066e-19,0.0,0.11053696669260968
2021-10-22,0.003163132844380591,0.03644179347538442,0.5567573773604132,0.3554398668295906,1.233704022032106e-19,0.0,0.08780275580999618
2021-10-25,0.0025830335850472895,0.0,0.5567573773604132,0.3554398668295906,1.233704022032106e-19,0.0,0.08780275580999618
2021-10-26,0.003614799868790425,0.0,0.5567573773604132,0.3554398668295906,1.233704022032106e-19,0.0,0.08780275580999618
2021-10-27,0.0039654996900328485,0.0,0.5567573773604132,0.3554398668295906,1.233704022032106e-19,0.0,0.08780275580999618
2021-10-28,0.003646566677448366,0.0,0.5567573773604132,0.3554398668295906,1.233704022032106e-19,0.0,0.08780275580999618
2021-10-29,0.0029170850464953144,0.0,0.5567573773604132,0.3554398668295906,1.233704022032106e-19,0.0,0.08780275580999618
2021-11-01,-0.0018794694840478753,0.0,0.5567573773604132,0.3554398668295906,1.233704022032106e-19,0.0,0.08780275580999618
2021-11-02,0.004037837667371317,0.0,0.5567573773604132,0.3554398668295906,1.233704022032106e-19,0.0,0.08780275580999618
2021-11-03,-0.00048261559912417696,0.0,0.5567573773604132,0.3554398668295906,1.233704022032106e-19,0.0,0.08780275580999618
2021-11-04,0.006812796227164769,0.0,0.5567573773604132,0.3554398668295906,1.233704022032106e-19,0.0,0.08780275580999618
2021-11-05,0.007178411484805748,0.0,0.5567573773604132,0.3554398668295906,1.233704022032106e-19,0.0,0.08780275580999618
2021-11-08,-0.00036498933869638,0.0,0.5567573773604132,0.3554398668295906,1.233704022032106e-19,0.0,0.08780275580999618
2021-11-09,0.002682556717734556,0.0,0.5567573773604132,0.3554398668295906,1.233704022032106e-19,0.0,0.08780275580999618
2021-11-10,-0.010036831769544945,0.0,0.5567573773604132,0.3554398668295906,1.233704022032106e-19,0.0,0.08780275580999618
2021-11-11,-0.0001407234970952676,0.0,0.5567573773604132,0.3554398668295906,1.233704022032106e-19,0.0,0.08780275580999618
2021-11-12,0.0025373687662867744,0.0,0.5567573773604132,0.3554398668295906,1.233704022032106e-19,0.0,0.08780275580999618
2021-11-15,-0.003790419034233341,0.0,0.5567573773604132,0.3554398668295906,1.233704022032106e-19,0.0,0.08780275580999618
2021-11-16,0.0016419310621610022,0.0,0.5567573773604132,0.3554398668295906,1.233704022032106e-19,0.0,0.08780275580999618
2021-11-17,0.0012938456325713708,0.0,0.5567573773604132,0.3554398668295906,1.233704022032106e-19,0.0,0.08780275580999618
2021-11-18,0.0029884595890387307,0.0,0.5567573773604132,0.3554398668295906,1.233704022032106e-19,0.0,0.08780275580999618
2021-11-19,0.0032025307575270067,0.0,0.5567573773604132,0.3554398668295906,1.233704022032106e-19,0.0,0.08780275580999618
2021-11-22,-0.0052927451078761244,0.0,0.5567573773604132,0.3554398668295906,1.233704022032106e-19,0.0,0.08780275580999618
2021-11-23,-0.004435088351989008,0.0,0.5567573773604132,0.3554398668295906,1.233704022032106e-19,0.0,0.08780275580999618
2021-11-24,0.007532468552308646,0.0,0.5567573773604132,0.3554398668295906,1.233704022032106e-19,0.0,0.08780275580999618
2021-11-26,-0.0041119273589806295,0.0,0.5567573773604132,0.3554398668295906,1.233704022032106e-19,0.0,0.08780275580999618
2021-11-29,-0.0017361870063952957,0.392989264497731,0.16376811286268217,0.43300342264234476,0.3154257086849768,0.0,0.08780275580999619
2021-11-30,0.0020245868768047287,0.14280385172448323,0.15211993327189452,0.4688953790919954,0.18427003655128132,0.0,0.19471465108482883
2021-12-01,0.002468410042700782,0.0,0.15211993327189452,0.4688953790919954,0.18427003655128132,0.0,0.19471465108482883
2021-12-02,0.0019698629244990756,0.0,0.15211993327189452,0.4688953790919954,0.18427003655128132,0.0,0.19471465108482883
2021-12-03,0.005746020854786265,0.0,0.15211993327189452,0.4688953790919954,0.18427003655128132,0.0,0.19471465108482883
2021-12-06,-0.004790056511005225,0.0,0.15211993327189452,0.4688953790919954,0.18427003655128132,0.0,0.19471465108482883
2021-12-07,8.762000331520884e-05,0.0,0.15211993327189452,0.4688953790919954,0.18427003655128132,0.0,0.19471465108482883
2021-12-08,-0.008507585242538765,0.0,0.15211993327189452,0.4688953790919954,0.18427003655128132,0.0,0.19471465108482883
2021-12-09,0.0011515972945726587,0.0,0.15211993327189452,0.4688953790919954,0.18427003655128132,0.0,0.19471465108482883
2021-12-10,0.0007762159917812737,0.0,0.15211993327189452,0.4688953790919954,0.18427003655128132,0.0,0.19471465108482883
2021-12-13,0.0066515656311321395,0.0,0.15211993327189452,0.4688953790919954,0.18427003655128132,0.0,0.19471465108482883
2021-12-14,-0.003508355248403967,0.0,0.15211993327189452,0.4688953790919954,0.18427003655128132,0.0,0.19471465108482883
2021-12-15,-0.0016448866803748011,0.0,0.15211993327189452,0.4688953790919954,0.18427003655128132,0.0,0.19471465108482883
2021-12-16,0.00024115464408970674,0.0,0.15211993327189452,0.4688953790919954,0.18427003655128132,0.0,0.19471465108482883
2021-12-17,0.004662112093245336,0.0,0.15211993327189452,0.4688953790919954,0.18427003655128132,0.0,0.19471465108482883
2021-12-20,-0.006135467835166939,0.0,0.15211993327189452,0.4688953790919954,0.18427003655128132,0.0,0.19471465108482883
2021-12-21,0.0006129206765901917,0.0,0.15211993327189452,0.4688953790919954,0.18427003655128132,0.0,0.19471465108482883
2021-12-22,0.004669695690180674,0.0,0.15211993327189452,0.4688953790919954,0.18427003655128132,0.0,0.19471465108482883
2021-12-23,-0.0028579209796624023,0.0,0.15211993327189452,0.4688953790919954,0.18427003655128132,0.0,0.19471465108482883
2021-12-27,0.0038011868444632795,0.0,0.15211993327189452,0.4688953790919954,0.18427003655128132,0.0,0.19471465108482883
2021-12-28,-0.002549890062511896,0.0,0.15211993327189452,0.4688953790919954,0.18427003655128132,0.0,0.19471465108482883
2021-12-29,-0.005511380965140928,0.0,0.15211993327189452,0.4688953790919954,0.18427003655128132,0.0,0.19471465108482883
2021-12-30,0.005137392895428908,0.0,0.15211993327189452,0.4688953790919954,0.18427003655128132,0.0,0.19471465108482883
2021-12-31,0.000945013094113161,0.0015914782807028571,0.15211993327189452,0.4688953790919954,0.1826785582705784,0.0,0.19630612936553163
2022-01-03,-0.011743522935290763,0.0599307370285067,0.21205067030040123,0.4688953790919954,0.12274782124207172,0.0,0.19630612936553163
2022-01-04,-0.0009555639528158392,0.0419939082421615,0.17005676205823966,0.48533484430486695,0.1293186731921803,0.0,0.21528972044471295
2022-01-05,-0.006538759120665365,6.938893903907228e-17,0.1700567620582397,0.485334844304867,0.12931867319218032,0.0,0.21528972044471298
2022-01-06,-0.00031981920838267293,6.938893903907228e-17,0.17005676205823972,0.48533484430486706,0.12931867319218035,0.0,0.215289720444713
2022-01-07,-0.004740805763017277,1.1102230246251565e-16,0.1700567620582397,0.48533484430486695,0.12931867319218032,0.0,0.21528972044471295
2022-01-10,0.0010675555661898892,0.2010040021879999,0.3710607642462397,0.4165049844854418,0.010935116721937735,0.0,0.20149913454638077
2022-01-11,0.006946828230467263,0.17585166890670997,0.5469124331529497,0.35685001317599446,2.2176000623651565e-19,7.425866938631786e-19,0.0962375536710559
2022-01-12,-0.0005272954756724542,0.0,0.5469124331529497,0.35685001317599446,2.2176000623651565e-19,7.425866938631786e-19,0.0962375536710559
2022-01-13,-0.0044765933007613005,0.0036848890472069434,0.5505973222001567,0.3544029637427911,0.0,7.508169338768671e-19,0.09499971405705233
2022-01-14,-0.004868093752248806,9.71445146547012e-17,0.5505973222001566,0.35440296374279107,0.0,7.508169338768669e-19,0.0949997140570523
2022-01-18,-0.014142872760581071,9.020562075079397e-17,0.5505973222001567,0.3544029637427911,0.0,7.50816933876867e-19,0.09499971405705232
2022-01-19,0.002761676252071082,0.35835447037684376,0.19224285182331285,0.48090407349033865,0.12034389574052008,2.1525352113570005e-19,0.2065091789458285
2022-01-20,0.0014020858731679073,0.018404466211255806,0.17383838561205703,0.48302841884588804,0.12894281685538417,0.0,0.2141903786866708
2022-01-21,0.0013338587839797455,0.0,0.17383838561205703,0.48302841884588804,0.12894281685538417,0.0,0.2141903786866708
2022-01-24,-0.0018507118484950532,0.0012630170633558537,0.17257536854870117,0.48302841884588804,0.13020583391874002,5.943544831847142e-19,0.2141903786866708
2022-01-25,-0.002387262441663586,0.0,0.17257536854870117,0.48302841884588804,0.13020583391874002,5.943544831847142e-19,0.2141903786866708
2022-01-26,-0.007212872031880384,0.0,0.17257536854870117,0.48302841884588804,0.13020583391874002,5.943544831847142e-19,0.2141903786866708
2022-01-27,0.008161968191622094,0.0,0.17257536854870117,0.48302841884588804,0.13020583391874002,5.943544831847142e-19,0.2141903786866708
2022-01-28,0.003984042933948046,0.0,0.17257536854870117,0.48302841884588804,0.13020583391874002,5.943544831847142e-19,0.2141903786866708
2022-01-31,-9.752958166677275e-05,0.0,0.17257536854870117,0.48302841884588804,0.13020583391874002,5.943544831847142e-19,0.2141903786866708
2022-02-01,-0.0009086674243806378,0.0,0.17257536854870117,0.48302841884588804,0.13020583391874002,5.943544831847142e-19,0.2141903786866708
2022-02-02,0.0029544442236110417,0.0,0.17257536854870117,0.48302841884588804,0.13020583391874002,5.943544831847142e-19,0.2141903786866708
2022-02-03,-0.009095451975208207,0.0,0.17257536854870117,0.48302841884588804,0.13020583391874002,5.943544831847142e-19,0.2141903786866708
2022-02-04,-0.006276268682175739,0.0,0.17257536854870117,0.48302841884588804,0.13020583391874002,5.943544831847142e-19,0.2141903786866708
2022-02-07,0.0008068005147029021,0.0,0.17257536854870117,0.48302841884588804,0.13020583391874002,5.943544831847142e-19,0.2141903786866708
2022-02-08,-0.0010764979307910654,0.0,0.17257536854870117,0.48302841884588804,0.13020583391874002,5.943544831847142e-19,0.2141903786866708
2022-02-09,0.00362633371628116,0.0,0.17257536854870117,0.48302841884588804,0.13020583391874002,5.943544831847142e-19,0.2141903786866708
2022-02-10,-0.01093630210694542,0.0,0.17257536854870117,0.48302841884588804,0.13020583391874002,5.943544831847142e-19,0.2141903786866708
2022-02-11,0.007160397978371295,0.0,0.17257536854870117,0.48302841884588804,0.13020583391874002,5.943544831847142e-19,0.2141903786866708
2022-02-14,-0.00529388871152356,0.0,0.17257536854870117,0.48302841884588804,0.13020583391874002,5.943544831847142e-19,0.2141903786866708
2022-02-15,-0.004768105315603264,0.0,0.17257536854870117,0.48302841884588804,0.13020583391874002,5.943544831847142e-19,0.2141903786866708
2022-02-16,0.003978502507384763,0.0,0.17257536854870117,0.48302841884588804,0.13020583391874002,5.943544831847142e-19,0.2141903786866708
2022-02-17,0.001769663906942639,0.0,0.17257536854870117,0.48302841884588804,0.13020583391874002,5.943544831847142e-19,0.2141903786866708
2022-02-18,0.004456555272816486,0.0,0.17257536854870117,0.48302841884588804,0.13020583391874002,5.943544831847142e-19,0.2141903786866708
2022-02-22,-0.00023886465439050216,0.0,0.17257536854870117,0.48302841884588804,0.13020583391874002,5.943544831847142e-19,0.2141903786866708
2022-02-23,-0.008881806697725494,0.0,0.17257536854870117,0.48302841884588804,0.13020583391874002,5.943544831847142e-19,0.2141903786866708
2022-02-24,0.003821751364673366,0.0,0.17257536854870117,0.48302841884588804,0.13020583391874002,5.943544831847142e-19,0.2141903786866708
2022-02-25,0.0026549895635083697,0.0,0.17257536854870117,0.48302841884588804,0.13020583391874002,5.943544831847142e-19,0.2141903786866708
2022-02-28,0.01182702241207833,0.0,0.17257536854870117,0.48302841884588804,0.13020583391874002,5.943544831847142e-19,0.2141903786866708
2022-03-01,0.0069765323485522,0.0,0.17257536854870117,0.48302841884588804,0.13020583391874002,5.943544831847142e-19,0.2141903786866708
2022-03-02,-0.01485581166731855,0.0,0.17257536854870117,0.48302841884588804,0.13020583391874002,5.943544831847142e-19,0.2141903786866708
2022-03-03,0.0056576841217411125,0.0,0.17257536854870117,0.48302841884588804,0.13020583391874002,5.943544831847142e-19,0.2141903786866708
2022-03-04,0.010648604868164059,0.0,0.17257536854870117,0.48302841884588804,0.13020583391874002,5.943544831847142e-19,0.2141903786866708
2022-03-07,-0.005293555273779518,0.0,0.17257536854870117,0.48302841884588804,0.13020583391874002,5.943544831847142e-19,0.2141903786866708
2022-03-08,-0.003008823967333242,0.0,0.17257536854870117,0.48302841884588804,0.13020583391874002,5.943544831847142e-19,0.2141903786866708
2022-03-09,-0.006076357058980242,0.0,0.17257536854870117,0.48302841884588804,0.13020583391874002,5.943544831847142e-19,0.2141903786866708
2022-03-10,-0.0052463851781587925,0.16998072621749424,0.14949521064940857,0.4261883995363187,0.3001865601362343,6.0173683731560115e-19,0.1241298296780385
2022-03-11,-0.001924888381216378,0.0,0.14949521064940857,0.4261883995363187,0.3001865601362343,6.0173683731560115e-19,0.1241298296780385
2022-03-14,-0.015615454511073431,0.0,0.14949521064940857,0.4261883995363187,0.3001865601362343,6.0173683731560115e-19,0.1241298296780385
2022-03-15,-0.0032120594577555953,0.0,0.14949521064940857,0.4261883995363187,0.3001865601362343,6.0173683731560115e-19,0.1241298296780385
2022-03-16,0.008483134424466422,0.0,0.14949521064940857,0.4261883995363187,0.3001865601362343,6.0173683731560115e-19,0.1241298296780385
2022-03-17,-0.00012234856162677155,0.0,0.14949521064940857,0.4261883995363187,0.3001865601362343,6.0173683731560115e-19,0.1241298296780385
2022-03-18,0.004345652523504073,0.0,0.14949521064940857,0.4261883995363187,0.3001865601362343,6.0173683731560115e-19,0.1241298296780385
2022-03-21,-0.0071459489657443205,0.0,0.14949521064940857,0.4261883995363187,0.3001865601362343,6.0173683731560115e-19,0.1241298296780385
2022-03-22,-0.005936659486704661,0.00010876865859270365,0.14938644199081588,0.4261883995363187,0.300295328794827,0.0,0.1241298296780385
2022-03-23,0.011659134697365705,0.0,0.14938644199081588,0.4261883995363187,0.300295328794827,0.0,0.1241298296780385
2022-03-24,0.0012351937744897721,0.0,0.14938644199081588,0.4261883995363187,0.300295328794827,0.0,0.1241298296780385
2022-03-25,-0.006365651170104225,0.0,0.14938644199081588,0.4261883995363187,0.300295328794827,0.0,0.1241298296780385
2022-03-28,-0.00038419278935683185,0.0,0.14938644199081588,0.4261883995363187,0.300295328794827,0.0,0.1241298296780385
2022-03-29,0.004451327325992831,0.0,0.14938644199081588,0.4261883995363187,0.300295328794827,0.0,0.1241298296780385
2022-03-30,0.004156416730177523,0.0,0.14938644199081588,0.4261883995363187,0.300295328794827,0.0,0.1241298296780385
2022-03-31,-0.0006264901070606652,0.0,0.14938644199081588,0.4261883995363187,0.300295328794827,0.0,0.1241298296780385
2022-04-01,-0.001435595170001908,0.3968360970682515,0.23223601363040736,0.15348213214610565,0.43923125934320356,0.1750505948802835,2.771760583746866e-17
2022-04-04,0.009436064174916953,0.0017332257526255221,0.2336533613112223,0.15174890639348013,0.43923125934320356,0.17536647295209404,2.9676141205709083e-19
2022-04-05,-0.013831588769874071,0.0,0.2336533613112223,0.15174890639348013,0.43923125934320356,0.17536647295209404,2.9676141205709083e-19
2022-04-06,-0.006638323635448369,0.0,0.2336533613112223,0.15174890639348013,0.43923125934320356,0.17536647295209404,2.9676141205709083e-19
2022-04-07,0.0018409032331457458,0.0,0.2336533613112223,0.15174890639348013,0.43923125934320356,0.17536647295209404,2.9676141205709083e-19
2022-04-08,0.0028824745731287228,0.0,0.2336533613112223,0.15174890639348013,0.43923125934320356,0.17536647295209404,2.9676141205709083e-19
2022-04-11,-0.008499735209679985,0.0,0.2336533613112223,0.15174890639348013,0.43923125934320356,0.17536647295209404,2.9676141205709083e-19
2022-04-12,0.011222635877828721,0.0,0.2336533613112223,0.15174890639348013,0.43923125934320356,0.17536647295209404,2.9676141205709083e-19
2022-04-13,0.010719634210586072,0.0,0.2336533613112223,0.15174890639348013,0.43923125934320356,0.17536647295209404,2.9676141205709083e-19
2022-04-14,-0.004830640999328122,0.0,0.2336533613112223,0.15174890639348013,0.43923125934320356,0.17536647295209404,2.9676141205709083e-19
2022-04-18,0.0025537426877679514,0.0,0.2336533613112223,0.15174890639348013,0.43923125934320356,0.17536647295209404,2.9676141205709083e-19
2022-04-19,-0.011733490399875396,0.0010698099628411591,0.23449902460476693,0.15067909643063895,0.43923125934320356,0.17559061962139055,0.0
2022-04-20,0.005876826137106228,0.0,0.23449902460476693,0.15067909643063895,0.43923125934320356,0.17559061962139055,0.0
2022-04-21,-0.004183452682570527,0.0,0.23449902460476693,0.15067909643063895,0.43923125934320356,0.17559061962139055,0.0
2022-04-22,-0.015721401890478222,0.0,0.23449902460476693,0.15067909643063895,0.43923125934320356,0.17559061962139055,0.0
2022-04-25,-0.00884667311895478,0.0,0.23449902460476693,0.15067909643063895,0.43923125934320356,0.17559061962139055,0.0
2022-04-26,-0.0006685590451581585,0.006041152776022865,0.24054017738078978,0.15067909643063895,0.43923125934320356,0.16954946684536767,0.0
2022-04-27,-0.00533911993217577,0.054399910347269084,0.24499428096134188,0.20062490319735596,0.43923125934320356,0.1151495564980986,5.914813865080824e-20
2022-04-28,0.011840837165876389,0.01933314575840185,0.24499428096134188,0.18129175743895412,0.43923125934320356,0.13448270225650047,6.120408246636171e-20
2022-04-29,-0.013012266602054625,0.023362670490974013,0.24499428096134188,0.1579290869479801,0.43923125934320356,0.15784537274747448,0.0
2022-05-02,-0.006580449518990033,0.00996037663956495,0.24499428096134188,0.14796871030841516,0.43923125934320356,0.16780574938703943,1.6992603499070555e-19
2022-05-03,-0.00046492148356499325,0.004627717704221768,0.24499428096134188,0.1433409926041934,0.43923125934320356,0.1724334670912612,0.0
2022-05-04,0.020502061640060822,0.0,0.24499428096134188,0.1433409926041934,0.43923125934320356,0.1724334670912612,0.0
2022-05-05,-0.013742736334474058,0.00024381410333107478,0.24499428096134188,0.14309717850086232,0.43923125934320356,0.17267728119459227,2.4672586055601526e-21
2022-05-06,0.0006965889292887586,0.0,0.24499428096134188,0.14309717850086232,0.43923125934320356,0.17267728119459227,2.4672586055601526e-21
2022-05-09,-0.02465356385486684,0.00024465352160138454,0.24499428096134188,0.14285252497926093,0.43923125934320356,0.17292193471619366,0.0
2022-05-10,-0.006454811857845228,0.0,0.24499428096134188,0.14285252497926093,0.43923125934320356,0.17292193471619366,0.0
2022-05-11,0.01091701814111093,0.0,0.24499428096134188,0.14285252497926093,0.43923125934320356,0.17292193471619366,0.0
2022-05-12,-0.00493494829470794,0.0,0.24499428096134188,0.14285252497926093,0.43923125934320356,0.17292193471619366,0.0
2022-05-13,0.00465799373153406,0.0,0.24499428096134188,0.14285252497926093,0.43923125934320356,0.17292193471619366,0.0
2022-05-16,0.006941068257748005,0.0,0.24499428096134188,0.14285252497926093,0.43923125934320356,0.17292193471619366,0.0
2022-05-17,-0.003605892559868722,0.0,0.24499428096134188,0.14285252497926093,0.43923125934320356,0.17292193471619366,0.0
2022-05-18,-0.010477568010861719,0.0,0.24499428096134188,0.14285252497926093,0.43923125934320356,0.17292193471619366,0.0
2022-05-19,0.008110489739802842,0.0,0.24499428096134188,0.14285252497926093,0.43923125934320356,0.17292193471619366,0.0
2022-05-20,0.004331159714538349,0.0,0.24499428096134188,0.14285252497926093,0.43923125934320356,0.17292193471619366,0.0
2022-05-23,0.004953588916583896,0.0,0.24499428096134188,0.14285252497926093,0.43923125934320356,0.17292193471619366,0.0
2022-05-24,0.0043156360501176785,0.0,0.24499428096134188,0.14285252497926093,0.43923125934320356,0.17292193471619366,0.0
2022-05-25,0.0010931008247881389,0.0,0.24499428096134188,0.14285252497926093,0.43923125934320356,0.17292193471619366,0.0
2022-05-26,0.007860495371244202,0.0,0.24499428096134188,0.14285252497926093,0.43923125934320356,0.17292193471619366,0.0
2022-05-27,0.008370382248557087,0.0,0.24499428096134188,0.14285252497926093,0.43923125934320356,0.17292193471619366,0.0
2022-05-31,-0.008722722141469753,0.0,0.24499428096134188,0.14285252497926093,0.43923125934320356,0.17292193471619366,0.0
2022-06-01,0.0008453081010448227,0.4962314324256478,0.16614996016002886,0.4495446921914499,0.19476608243506233,2.3531441274494196e-17,0.18953926521345882
2022-06-02,0.0041347978419565825,0.0,0.16614996016002886,0.4495446921914499,0.19476608243506233,2.3531441274494196e-17,0.18953926521345882
2022-06-03,-0.004833933483489415,0.0,0.16614996016002886,0.4495446921914499,0.19476608243506233,2.3531441274494196e-17,0.18953926521345882
2022-06-06,-0.008226399921524373,0.0,0.16614996016002886,0.4495446921914499,0.19476608243506233,2.3531441274494196e-17,0.18953926521345882
2022-06-07,0.007510646833340658,0.0,0.16614996016002886,0.4495446921914499,0.19476608243506233,2.3531441274494196e-17,0.18953926521345882
2022-06-08,-0.00541513511121851,0.0,0.16614996016002886,0.4495446921914499,0.19476608243506233,2.3531441274494196e-17,0.18953926521345882
2022-06-09,-0.0016911736120199935,0.0,0.16614996016002886,0.4495446921914499,0.19476608243506233,2.3531441274494196e-17,0.18953926521345882
2022-06-10,-0.003483229930914649,0.0,0.16614996016002886,0.4495446921914499,0.19476608243506233,2.3531441274494196e-17,0.18953926521345882
2022-06-13,-0.023719981488795887,0.0,0.16614996016002886,0.4495446921914499,0.19476608243506233,2.3531441274494196e-17,0.18953926521345882
2022-06-14,-0.007324927957161661,0.0,0.16614996016002886,0.4495446921914499,0.19476608243506233,2.3531441274494196e-17,0.18953926521345882
2022-06-15,0.008839866562081463,0.4836064199171726,0.2420243796229073,0.15547753748773604,0.42475134313638047,0.17774673975297622,1.7691427083173216e-17
2022-06-16,-0.0005074678348191359,0.0,0.2420243796229073,0.15547753748773604,0.42475134313638047,0.17774673975297622,1.7691427083173216e-17
2022-06-17,-0.011229477100253009,0.0,0.2420243796229073,0.15547753748773604,0.42475134313638047,0.17774673975297622,1.7691427083173216e-17
2022-06-21,0.003384026126577974,0.0,0.2420243796229073,0.15547753748773604,0.42475134313638047,0.17774673975297622,1.7691427083173216e-17
2022-06-22,-0.001174220301083487,0.0,0.2420243796229073,0.15547753748773604,0.42475134313638047,0.17774673975297622,1.7691427083173216e-17
2022-06-23,-0.0031292782175171875,0.0,0.2420243796229073,0.15547753748773604,0.42475134313638047,0.17774673975297622,1.7691427083173216e-17
2022-06-24,0.010272201915994685,0.0,0.2420243796229073,0.15547753748773604,0.42475134313638047,0.17774673975297622,1.7691427083173216e-17
2022-06-27,0.0009056847140432181,0.0,0.2420243796229073,0.15547753748773604,0.42475134313638047,0.17774673975297622,1.7691427083173216e-17
2022-06-28,-0.0010841977982728708,0.0,0.2420243796229073,0.15547753748773604,0.42475134313638047,0.17774673975297622,1.7691427083173216e-17
2022-06-29,-0.001809389722421455,0.0,0.2420243796229073,0.15547753748773604,0.42475134313638047,0.17774673975297622,1.7691427083173216e-17
2022-06-30,0.0007363197052143427,0.4802950906199752,0.16763341184864575,0.4447589013038827,0.19659396004364305,2.4108960181426876e-17,0.1910137268038286
2022-07-01,0.006790543793425324,0.0,0.16763341184864575,0.4447589013038827,0.19659396004364305,2.4108960181426876e-17,0.1910137268038286
2022-07-05,-0.005999050806915795,0.36387071894496115,0.13945418800413556,0.1090674062034316,0.2358965993225807,0.0960053161310813,0.4195764903387708
2022-07-06,-0.004605353856313408,0.0,0.13945418800413556,0.1090674062034316,0.2358965993225807,0.0960053161310813,0.4195764903387708
2022-07-07,0.005159728779262407,0.0,0.13945418800413556,0.1090674062034316,0.2358965993225807,0.0960053161310813,0.4195764903387708
2022-07-08,0.0009813313484602693,0.0,0.13945418800413556,0.1090674062034316,0.2358965993225807,0.0960053161310813,0.4195764903387708
2022-07-11,0.003490620152577263,0.0,0.13945418800413556,0.1090674062034316,0.2358965993225807,0.0960053161310813,0.4195764903387708
2022-07-12,-0.00825945261974135,0.0,0.13945418800413556,0.1090674062034316,0.2358965993225807,0.0960053161310813,0.4195764903387708
2022-07-13,0.0012772960767660738,0.0,0.13945418800413556,0.1090674062034316,0.2358965993225807,0.0960053161310813,0.4195764903387708
2022-07-14,-0.002072835948243896,0.0004901403795402048,0.13896404762459535,0.1090674062034316,0.2358965993225807,0.0960053161310813,0.420066630718311
2022-07-15,0.0019445231712557876,0.25127045614901544,0.11984639373733068,0.3603378623524471,0.17436679692691978,0.0,0.3454489469833026
2022-07-18,-0.006494289868654989,8.326672684688674e-17,0.11984639373733065,0.360337862352447,0.17436679692691975,0.0,0.34544894698330253
2022-07-19,-0.0004560681232509459,7.632783294297951e-17,0.11984639373733066,0.3603378623524471,0.17436679692691978,0.0,0.3454489469833026
2022-07-20,0.0010390206241368753,8.326672684688674e-17,0.11984639373733064,0.360337862352447,0.17436679692691975,0.0,0.34544894698330253
2022-07-21,0.008939797066902884,7.632783294297951e-17,0.11984639373733065,0.3603378623524471,0.17436679692691978,0.0,0.3454489469833026
2022-07-22,0.004896412608758048,0.0,0.11984639373733065,0.3603378623524471,0.17436679692691978,0.0,0.3454489469833026
2022-07-25,-0.004342985290222557,0.0,0.11984639373733065,0.3603378623524471,0.17436679692691978,0.0,0.3454489469833026
2022-07-26,0.0013239169597171324,0.0,0.11984639373733065,0.3603378623524471,0.17436679692691978,0.0,0.3454489469833026
2022-07-27,-2.9413853964095453e-05,0.0,0.11984639373733065,0.3603378623524471,0.17436679692691978,0.0,0.3454489469833026
2022-07-28,0.0062534602769801495,0.0,0.11984639373733065,0.3603378623524471,0.17436679692691978,0.0,0.3454489469833026
2022-07-29,-7.983692485866428e-05,0.0,0.11984639373733065,0.3603378623524471,0.17436679692691978,0.0,0.3454489469833026
2022-08-01,0.007295978643764164,0.024856665122132922,0.14470305885946347,0.33548119723031405,0.17436679692691978,1.2748429299338976e-18,0.3454489469833026
2022-08-02,-0.00505830980800138,0.0869657435432947,0.1567719615657427,0.24851545368701944,0.2104274567159889,0.006908442345541711,0.3773766856857073
2022-08-03,0.0057570218533078065,0.11910828690945292,0.18711526710781112,0.132311694133272,0.20752292936028344,0.03185477679265617,0.4411953326059774
2022-08-04,-0.0002485361649053105,0.0055327471168105,0.18711526710781112,0.13784444125008247,0.20752292936028344,0.026322029675845626,0.4411953326059774
2022-08-05,-0.0031684540477717894,0.04248883736814048,0.17094845941551629,0.18033327861822296,0.20752292936028344,0.0,0.4411953326059774
2022-08-08,0.004283138032731515,0.036586555702462595,0.17094845941551629,0.1437467229157603,0.20752292936028344,0.036586555702462525,0.4411953326059774
2022-08-09,-0.0011116300694224489,0.00028652737217097976,0.17094845941551629,0.14346019554358933,0.20752292936028344,0.036873083074633516,0.4411953326059774
2022-08-10,0.0015120434142549119,0.1929026399504722,0.3393665379341607,0.08070929565452892,0.09502583249345654,0.019218439880048732,0.46567989403780524
2022-08-11,-0.00014148276729632642,0.12150785030673202,0.21785868762742863,0.08070929565452892,0.16535066648061847,0.06993879676152051,0.4661425534759035
2022-08-12,0.00670371257267766,0.4661425534759035,0.27291044733578085,0.08341766371131186,0.4652165045674904,0.17845538438541692,3.536737740511482e-18
2022-08-15,-0.009931582505520543,0.0,0.27291044733578085,0.08341766371131186,0.4652165045674904,0.17845538438541692,3.536737740511482e-18
2022-08-16,-0.003948578758998131,0.0,0.27291044733578085,0.08341766371131186,0.4652165045674904,0.17845538438541692,3.536737740511482e-18
2022-08-17,-0.00378792547803292,0.0,0.27291044733578085,0.08341766371131186,0.4652165045674904,0.17845538438541692,3.536737740511482e-18
2022-08-18,0.005049539991532506,0.0,0.27291044733578085,0.08341766371131186,0.4652165045674904,0.17845538438541692,3.536737740511482e-18
2022-08-19,-0.008776952324863868,0.0,0.27291044733578085,0.08341766371131186,0.4652165045674904,0.17845538438541692,3.536737740511482e-18
2022-08-22,-0.007556834508204159,0.0,0.27291044733578085,0.08341766371131186,0.4652165045674904,0.17845538438541692,3.536737740511482e-18
2022-08-23,0.007270552531759281,0.0,0.27291044733578085,0.08341766371131186,0.4652165045674904,0.17845538438541692,3.536737740511482e-18
2022-08-24,0.004445555612346384,0.0,0.27291044733578085,0.08341766371131186,0.4652165045674904,0.17845538438541692,3.536737740511482e-18
2022-08-25,0.002918658192003904,0.0,0.27291044733578085,0.08341766371131186,0.4652165045674904,0.17845538438541692,3.536737740511482e-18
2022-08-26,-0.015778944741931228,0.0,0.27291044733578085,0.08341766371131186,0.4652165045674904,0.17845538438541692,3.536737740511482e-18
2022-08-29,-0.00030788850575664346,0.11620892283713485,0.27291044733578085,0.19962658654844673,0.4508247822028048,0.07663818391296769,2.759731205858817e-18
2022-08-30,-0.013032918024516171,0.08378868949092236,0.27291044733578085,0.11583789705752434,0.4508247822028048,0.16042687340389,1.1340456882119474e-20
2022-08-31,-0.011683495314615103,0.0,0.27291044733578085,0.11583789705752434,0.4508247822028048,0.16042687340389,1.1340456882119474e-20
2022-09-01,-0.009967086784048639,0.0,0.27291044733578085,0.11583789705752434,0.4508247822028048,0.16042687340389,1.1340456882119474e-20
2022-09-02,0.0028323821639714263,0.0,0.27291044733578085,0.11583789705752434,0.4508247822028048,0.16042687340389,1.1340456882119474e-20
2022-09-06,-0.00655386215844353,0.0,0.27291044733578085,0.11583789705752434,0.4508247822028048,0.16042687340389,1.1340456882119474e-20
2022-09-07,0.0027833341048864313,0.0,0.27291044733578085,0.11583789705752434,0.4508247822028048,0.16042687340389,1.1340456882119474e-20
2022-09-08,-0.0011960174578513794,0.011667234046799146,0.27291044733578085,0.1275051311043235,0.4508247822028048,0.14875963935709086,2.705580497656552e-19
2022-09-09,0.013480938677494319,0.0,0.27291044733578085,0.1275051311043235,0.4508247822028048,0.14875963935709086,2.705580497656552e-19
2022-09-12,0.00682750405910562,0.0,0.27291044733578085,0.1275051311043235,0.4508247822028048,0.14875963935709086,2.705580497656552e-19
2022-09-13,-0.01817585526493865,0.0,0.27291044733578085,0.1275051311043235,0.4508247822028048,0.14875963935709086,2.705580497656552e-19
2022-09-14,-0.00014229887288932794,0.3963091252285966,0.1460983138958795,0.1275051311043235,0.26221015105560413,0.06787727871559635,0.3963091252285967
2022-09-15,-0.00959000562195491,0.01748539045482117,0.14200845679484816,0.11410959775053359,0.26221015105560413,0.0803009938505751,0.40137080054843904
2022-09-16,-0.00027578050359317757,0.015313494316059308,0.13804618500833563,0.10275837522098681,0.26221015105560413,0.0891342129870544,0.40785107572801904
2022-09-19,0.0014175393489100421,0.0028746982107196242,0.13712719545314292,0.10080266656545994,0.26221015105560413,0.09090156538313468,0.40895842154265843
2022-09-20,-0.003009941533249804,0.011659517390830584,0.13712719545314292,0.10080266656545994,0.26221015105560413,0.07924204799230405,0.420617938933489
2022-09-21,0.00591875006986115,0.07700105818474536,0.13712719545314292,0.17780372475020534,0.26221015105560413,0.0022409898075587357,0.420617938933489
2022-09-22,-0.006060203692007913,0.031134132614700973,0.13712719545314292,0.20893785736490625,0.23331700824846183,6.2326728381816205e-18,0.420617938933489
2022-09-23,-0.003451673490721155,0.0806820201145139,0.13712719545314292,0.12825583725039238,0.23331700824846183,0.08068202011451395,0.420617938933489
2022-09-26,-0.0044933776031603305,0.005219770337336997,0.13712719545314292,0.12303606691305538,0.23331700824846183,0.08590179045185094,0.420617938933489
2022-09-27,-0.0007762940910791379,0.01304704531151575,0.13712719545314292,0.10998902160153967,0.2340051839801359,0.09595525781369997,0.42292334115148167
2022-09-28,0.009765863628828225,0.0,0.13712719545314292,0.10998902160153967,0.2340051839801359,0.09595525781369997,0.42292334115148167
2022-09-29,-0.005670321222352842,0.0,0.13712719545314292,0.10998902160153967,0.2340051839801359,0.09595525781369997,0.42292334115148167
2022-09-30,-0.0056667020159558035,0.0,0.13712719545314292,0.10998902160153967,0.2340051839801359,0.09595525781369997,0.42292334115148167
2022-10-03,0.011407121989351603,0.24564381643921465,0.11734645405545174,0.3556328380407543,0.17632938013440752,3.123633863561092e-17,0.35069132776938644
2022-10-04,0.0003780415263002924,0.0,0.11734645405545174,0.3556328380407543,0.17632938013440752,3.123633863561092e-17,0.35069132776938644
2022-10-05,-0.0013328316987305476,0.0,0.11734645405545174,0.3556328380407543,0.17632938013440752,3.123633863561092e-17,0.35069132776938644
2022-10-06,0.00013516275686194755,0.0,0.11734645405545174,0.3556328380407543,0.17632938013440752,3.123633863561092e-17,0.35069132776938644
2022-10-07,-0.007264351540241394,0.0,0.11734645405545174,0.3556328380407543,0.17632938013440752,3.123633863561092e-17,0.35069132776938644
2022-10-10,-0.007600375794105656,0.0,0.11734645405545174,0.3556328380407543,0.17632938013440752,3.123633863561092e-17,0.35069132776938644
2022-10-11,0.0007118760405093825,0.003608191897201839,0.11734645405545174,0.35924102993795615,0.17632938013440752,1.3116074156700886e-19,0.34708313587218464
2022-10-12,0.0023188494949295223,0.0,0.11734645405545174,0.35924102993795615,0.17632938013440752,1.3116074156700886e-19,0.34708313587218464
2022-10-13,-0.003840212053730533,0.0,0.11734645405545174,0.35924102993795615,0.17632938013440752,1.3116074156700886e-19,0.34708313587218464
2022-10-14,-0.0054253775612544625,0.0,0.11734645405545174,0.35924102993795615,0.17632938013440752,1.3116074156700886e-19,0.34708313587218464
2022-10-17,-0.0017591701302087114,0.0,0.11734645405545174,0.35924102993795615,0.17632938013440752,1.3116074156700886e-19,0.34708313587218464
2022-10-18,0.0023701311233180118,0.0,0.11734645405545174,0.35924102993795615,0.17632938013440752,1.3116074156700886e-19,0.34708313587218464
2022-10-19,-0.00720015215870028,0.0,0.11734645405545174,0.35924102993795615,0.17632938013440752,1.3116074156700886e-19,0.34708313587218464
2022-10-20,-0.0071747548580943146,0.0,0.11734645405545174,0.35924102993795615,0.17632938013440752,1.3116074156700886e-19,0.34708313587218464
2022-10-21,-0.003450759228422696,0.0,0.11734645405545174,0.35924102993795615,0.17632938013440752,1.3116074156700886e-19,0.34708313587218464
2022-10-24,-0.0017590804104598455,0.0,0.11734645405545174,0.35924102993795615,0.17632938013440752,1.3116074156700886e-19,0.34708313587218464
2022-10-25,0.00893374803260607,0.0,0.11734645405545174,0.35924102993795615,0.17632938013440752,1.3116074156700886e-19,0.34708313587218464
2022-10-26,0.0018043091076614592,0.0,0.11734645405545174,0.35924102993795615,0.17632938013440752,1.3116074156700886e-19,0.34708313587218464
2022-10-27,0.00556791731372257,0.0,0.11734645405545174,0.35924102993795615,0.17632938013440752,1.3116074156700886e-19,0.34708313587218464
2022-10-28,-0.0008943123966161435,0.0,0.11734645405545174,0.35924102993795615,0.17632938013440752,1.3116074156700886e-19,0.34708313587218464
2022-10-31,-0.0019338598126937652,0.0,0.11734645405545174,0.35924102993795615,0.17632938013440752,1.3116074156700886e-19,0.34708313587218464
2022-11-01,0.00452759739408771,0.0,0.11734645405545174,0.35924102993795615,0.17632938013440752,1.3116074156700886e-19,0.34708313587218464
2022-11-02,-0.0042304976877103675,0.0,0.11734645405545174,0.35924102993795615,0.17632938013440752,1.3116074156700886e-19,0.34708313587218464
2022-11-03,-0.0009403926403832338,0.0,0.11734645405545174,0.35924102993795615,0.17632938013440752,1.3116074156700886e-19,0.34708313587218464
2022-11-04,-0.005441571308646921,0.0,0.11734645405545174,0.35924102993795615,0.17632938013440752,1.3116074156700886e-19,0.34708313587218464
2022-11-07,-0.005138233462816825,0.0,0.11734645405545174,0.35924102993795615,0.17632938013440752,1.3116074156700886e-19,0.34708313587218464
2022-11-08,0.007113079995722304,0.0,0.11734645405545174,0.35924102993795615,0.17632938013440752,1.3116074156700886e-19,0.34708313587218464
2022-11-09,0.00046454846411286095,0.0,0.11734645405545174,0.35924102993795615,0.17632938013440752,1.3116074156700886e-19,0.34708313587218464
2022-11-10,0.017704965162240165,0.0,0.11734645405545174,0.35924102993795615,0.17632938013440752,1.3116074156700886e-19,0.34708313587218464
2022-11-11,-0.0018263962709077317,0.10493462887287912,0.11734645405545174,0.35976801251453694,0.28073702643070586,0.0,0.24214850699930554
2022-11-14,-0.00016738662488607902,0.0,0.11734645405545174,0.35976801251453694,0.28073702643070586,0.0,0.24214850699930554
2022-11-15,0.0070547322008957655,0.006858128852645362,0.11734645405545174,0.3666261413671823,0.2738788975780605,2.928915444757859e-19,0.24214850699930554
2022-11-16,0.007050797150800616,0.04403284035400521,0.11734645405545176,0.4106589817211874,0.22984605722405524,3.9646446029702783e-19,0.24214850699930557
2022-11-17,-0.005414052897455198,0.007220661366543535,0.11734645405545176,0.41497952077325245,0.2226253958575117,2.807973767800495e-19,0.24504862931378407
2022-11-18,-0.0031399771369989425,0.008306621898168887,0.11734645405545176,0.41984063888849915,0.21431877395934282,0.0,0.24849413309670626
2022-11-21,-0.002575522382513266,0.5121308301071831,0.2554869326286213,0.1562039418780224,0.41232633243042455,0.17598279306293174,3.3481035224446048e-18
2022-11-22,0.008560557818858842,0.0005778996172830802,0.2555073951213351,0.15562604226073928,0.41232633243042455,0.17654023018750103,3.9414761549062686e-21
2022-11-23,0.000372341960617448,0.001461213983804402,0.2564581754028546,0.1541648282769349,0.41232633243042455,0.17705066388978594,1.3728358339872108e-19
2022-11-25,-0.0014078530064741675,0.0,0.2564581754028546,0.1541648282769349,0.41232633243042455,0.17705066388978594,1.3728358339872108e-19
2022-11-28,-0.007128988244414853,0.00018634054411742493,0.25645825795043997,0.15397848773281747,0.41232633243042455,0.17723692188631798,0.0
2022-11-29,0.0036601972955238268,0.0,0.25645825795043997,0.15397848773281747,0.41232633243042455,0.17723692188631798,0.0
2022-11-30,0.019382995804571316,0.0,0.25645825795043997,0.15397848773281747,0.41232633243042455,0.17723692188631798,0.0
2022-12-01,0.013335098615677493,0.02974409404720106,0.25645825795043997,0.15511859441847184,0.4409303197919713,0.14749282783911696,7.832976358545187e-21
2022-12-02,0.0032841225188594172,0.4146282102257812,0.12433397030869797,0.3732095269666091,0.30591922504704905,0.0,0.19653727767764398
2022-12-05,-0.011094971884934524,0.0009666075575815242,0.1240774648550222,0.3735491948541086,0.30520912294314323,6.482090504248475e-19,0.19716421734772593
2022-12-06,0.004008431979054852,0.0027195579153420912,0.12307305895845307,0.3735491948541086,0.3034939709243703,0.0,0.19988377526306805
2022-12-07,0.010703921568691429,0.0,0.12307305895845307,0.3735491948541086,0.3034939709243703,0.0,0.19988377526306805
2022-12-08,-0.00043773277565097826,0.0,0.12307305895845307,0.3735491948541086,0.3034939709243703,0.0,0.19988377526306805
2022-12-09,-0.009137591118481116,0.0,0.12307305895845307,0.3735491948541086,0.3034939709243703,0.0,0.19988377526306805
2022-12-12,0.0010434150026528816,0.025488459450845914,0.13631599377711104,0.38579471948629657,0.2780055114735244,1.4370266844496542e-19,0.19988377526306805
2022-12-13,0.0065720191395470095,0.06975041536637107,0.13631599377711104,0.4200666417090037,0.20825509610715331,7.558157814305782e-19,0.23536226840673194
2022-12-14,-0.0006719517241984604,0.0,0.13631599377711104,0.4200666417090037,0.20825509610715331,7.558157814305782e-19,0.23536226840673194
2022-12-15,-0.0029169457861334186,0.0,0.13631599377711104,0.4200666417090037,0.20825509610715331,7.558157814305782e-19,0.23536226840673194
2022-12-16,-0.004080406392278445,0.000686653398340065,0.13631599377711104,0.4203832891287744,0.20756844270881328,0.0,0.23573227438530137
2022-12-19,-0.00874674041337919,0.0,0.13631599377711104,0.4203832891287744,0.20756844270881328,0.0,0.23573227438530137
2022-12-20,-0.0054292161233479175,0.0,0.13631599377711104,0.4203832891287744,0.20756844270881328,0.0,0.23573227438530137
2022-12-21,0.0033429998693526434,0.0,0.13631599377711104,0.4203832891287744,0.20756844270881328,0.0,0.23573227438530137
2022-12-22,-0.004196976599130209,0.0,0.13631599377711104,0.4203832891287744,0.20756844270881328,0.0,0.23573227438530137
2022-12-23,-0.004840741228829293,0.0,0.13631599377711104,0.4203832891287744,0.20756844270881328,0.0,0.23573227438530137
2022-12-27,-0.007184257571291586,0.0,0.13631599377711104,0.4203832891287744,0.20756844270881328,0.0,0.23573227438530137
2022-12-28,-0.0042633731882831,0.0,0.13631599377711104,0.4203832891287744,0.20756844270881328,0.0,0.23573227438530137
2022-12-29,0.00695998473820108,0.0,0.13631599377711104,0.4203832891287744,0.20756844270881328,0.0,0.23573227438530137
2022-12-30,-0.004824986515072603,0.0,0.13631599377711104,0.4203832891287744,0.20756844270881328,0.0,0.23573227438530137
2023-01-03,0.01172909018072979,0.0,0.13631599377711104,0.4203832891287744,0.20756844270881328,0.0,0.23573227438530137
2023-01-04,0.007926733263434137,0.0,0.13631599377711104,0.4203832891287744,0.20756844270881328,0.0,0.23573227438530137
2023-01-05,-0.00019472717977992316,0.0,0.13631599377711104,0.4203832891287744,0.20756844270881328,0.0,0.23573227438530137
2023-01-06,0.01165749257405703,0.0,0.13631599377711104,0.4203832891287744,0.20756844270881328,0.0,0.23573227438530137
2023-01-09,0.0011906394692961955,0.0,0.13631599377711104,0.4203832891287744,0.20756844270881328,0.0,0.23573227438530137
2023-01-10,-0.005068294343531588,0.0,0.13631599377711104,0.4203832891287744,0.20756844270881328,0.0,0.23573227438530137
2023-01-11,0.008413273441881721,0.0,0.13631599377711104,0.4203832891287744,0.20756844270881328,0.0,0.23573227438530137
2023-01-12,0.008877973116813542,0.0,0.13631599377711104,0.4203832891287744,0.20756844270881328,0.0,0.23573227438530137
2023-01-13,-0.0010058366665304953,0.0,0.13631599377711104,0.4203832891287744,0.20756844270881328,0.0,0.23573227438530137
2023-01-17,-0.0036391510698163564,0.0,0.13631599377711104,0.4203832891287744,0.20756844270881328,0.0,0.23573227438530137
2023-01-18,0.004804047840018483,0.1951218113850744,0.23020851327286324,0.387022404862785,0.30553554460661847,0.0032621899915170195,0.07397134726621638
2023-01-19,-0.0005154447958895217,0.10671532604322576,0.1914415856261985,0.4037052519932029,0.24084933620157445,0.0,0.16400382617902423
2023-01-20,0.0034439978222483287,0.4169500830946931,0.2601690432493127,0.15075899507753399,0.4115673709808711,0.17750459069228225,0.0
2023-01-23,0.003068319477268923,0.0,0.2601690432493127,0.15075899507753399,0.4115673709808711,0.17750459069228225,0.0
2023-01-24,0.0002002689548995548,0.0,0.2601690432493127,0.15075899507753399,0.4115673709808711,0.17750459069228225,0.0
2023-01-25,0.0030910029496830373,0.0,0.2601690432493127,0.15075899507753399,0.4115673709808711,0.17750459069228225,0.0
2023-01-26,-0.0005115080672174325,0.0,0.2601690432493127,0.15075899507753399,0.4115673709808711,0.17750459069228225,0.0
2023-01-27,-0.003934629946205878,0.0,0.2601690432493127,0.15075899507753399,0.4115673709808711,0.17750459069228225,0.0
2023-01-30,-0.008447338948459174,0.0,0.2601690432493127,0.15075899507753399,0.4115673709808711,0.17750459069228225,0.0
2023-01-31,0.009707168268769231,0.0,0.2601690432493127,0.15075899507753399,0.4115673709808711,0.17750459069228225,0.0
2023-02-01,0.004742911985545384,0.0,0.2601690432493127,0.15075899507753399,0.4115673709808711,0.17750459069228225,0.0
2023-02-02,-0.006640287855167347,0.0,0.2601690432493127,0.15075899507753399,0.4115673709808711,0.17750459069228225,0.0
2023-02-03,-0.01010152000564077,0.48295100191353296,0.16327325005418264,0.41368536655699506,0.2030167529547504,0.0,0.2200246304340717
2023-02-06,-0.002372428636393721,6.938893903907228e-17,0.16327325005418267,0.4136853665569951,0.20301675295475044,0.0,0.22002463043407172
2023-02-07,-0.0013958565067649217,0.0015913085896219203,0.16327325005418267,0.4136853665569951,0.20142544436512858,1.471840146991565e-19,0.2216159390236937
2023-02-08,0.0009195200559668545,0.0,0.16327325005418267,0.4136853665569951,0.20142544436512858,1.471840146991565e-19,0.2216159390236937
2023-02-09,-0.007245642674931569,0.0,0.16327325005418267,0.4136853665569951,0.20142544436512858,1.471840146991565e-19,0.2216159390236937
2023-02-10,-0.0031486241010825963,0.0,0.16327325005418267,0.4136853665569951,0.20142544436512858,1.471840146991565e-19,0.2216159390236937
2023-02-13,0.0037440748029593973,0.0011215551138718666,0.16327325005418267,0.4136853665569951,0.20030388925125672,2.058139278457143e-19,0.22273749413756558
2023-02-14,-0.0010360131766977761,0.0,0.16327325005418267,0.4136853665569951,0.20030388925125672,2.058139278457143e-19,0.22273749413756558
2023-02-15,-0.0037512778716806425,0.003227575441467012,0.16327325005418267,0.4136853665569951,0.1970763138097897,1.0707567289758517e-19,0.2259650695790326
2023-02-16,-0.007523537810346464,0.062320487269146796,0.1643374710348746,0.3911180363696663,0.1573231567279717,1.8053284723311212e-19,0.28722133586748744
2023-02-17,-0.0018762712723710004,0.548441193097638,0.6518798769355768,0.0,1.1705223482972921e-17,1.1163247894598907e-17,0.34812012306442325
2023-02-21,-0.011961960024937518,0.0,0.6518798769355768,0.0,1.1705223482972921e-17,1.1163247894598907e-17,0.34812012306442325
2023-02-22,0.00021348432716573114,0.0,0.6518798769355768,0.0,1.1705223482972921e-17,1.1163247894598907e-17,0.34812012306442325
2023-02-23,0.0035907804353659716,0.0,0.6518798769355768,0.0,1.1705223482972921e-17,1.1163247894598907e-17,0.34812012306442325
2023-02-24,-0.004378693040685468,0.0,0.6518798769355768,0.0,1.1705223482972921e-17,1.1163247894598907e-17,0.34812012306442325
2023-02-27,0.0003874290786278116,0.0,0.6518798769355768,0.0,1.1705223482972921e-17,1.1163247894598907e-17,0.34812012306442325
2023-02-28,-0.0014267097796363299,0.0,0.6518798769355768,0.0,1.1705223482972921e-17,1.1163247894598907e-17,0.34812012306442325
2023-03-01,-0.004337888150053148,0.0,0.6518798769355768,0.0,1.1705223482972921e-17,1.1163247894598907e-17,0.34812012306442325
2023-03-02,0.0069169781098568205,0.0,0.6518798769355768,0.0,1.1705223482972921e-17,1.1163247894598907e-17,0.34812012306442325
2023-03-03,0.009107410304936572,0.0,0.6518798769355768,0.0,1.1705223482972921e-17,1.1163247894598907e-17,0.34812012306442325
2023-03-06,-0.003955610054872873,0.5062845835166758,0.14559529341890087,0.37309011113992374,0.13319447237675208,0.0,0.34812012306442325
2023-03-07,-0.004573385273054637,0.2283600189401901,0.2109950745611565,0.3623693185967708,0.2961547101746866,9.86682000345678e-18,0.13048089666738613
2023-03-08,0.0005025291377841042,0.12445063621260737,0.16905313723019053,0.40809674827651293,0.21364601129304522,0.0,0.2092041032002514
2023-03-09,-0.0005985073317404394,0.012554115637164992,0.16347508928046484,0.40809674827651293,0.2066699436056059,0.0,0.22175821883741637
2023-03-10,0.014481116483915757,0.023986815074945295,0.1529789557029602,0.408096748276513,0.19317926210816525,0.0,0.2457450339123616
2023-03-13,0.0028890035272529785,0.0,0.1529789557029602,0.408096748276513,0.19317926210816525,0.0,0.2457450339123616
2023-03-14,-0.005299633361276873,0.0,0.1529789557029602,0.408096748276513,0.19317926210816525,0.0,0.2457450339123616
2023-03-15,0.011055781660171913,0.0,0.1529789557029602,0.408096748276513,0.19317926210816525,0.0,0.2457450339123616
2023-03-16,-0.0003779532674917101,0.0,0.1529789557029602,0.408096748276513,0.19317926210816525,0.0,0.2457450339123616
2023-03-17,0.008575472879551252,0.0,0.1529789557029602,0.408096748276513,0.19317926210816525,0.0,0.2457450339123616
2023-03-20,-0.0034399774169935997,0.0,0.1529789557029602,0.408096748276513,0.19317926210816525,0.0,0.2457450339123616
2023-03-21,-0.005231525485738909,0.0,0.1529789557029602,0.408096748276513,0.19317926210816525,0.0,0.2457450339123616
2023-03-22,0.004280484316116498,0.0,0.1529789557029602,0.408096748276513,0.19317926210816525,0.0,0.2457450339123616
2023-03-23,0.00318896030499515,0.0,0.1529789557029602,0.408096748276513,0.19317926210816525,0.0,0.2457450339123616
2023-03-24,0.0020555588065619516,0.0,0.1529789557029602,0.408096748276513,0.19317926210816525,0.0,0.2457450339123616
2023-03-27,-0.011877770823780403,0.0,0.1529789557029602,0.408096748276513,0.19317926210816525,0.0,0.2457450339123616
2023-03-28,0.001102107856111111,0.0,0.1529789557029602,0.408096748276513,0.19317926210816525,0.0,0.2457450339123616
2023-03-29,0.0010632815267520405,0.0,0.1529789557029602,0.408096748276513,0.19317926210816525,0.0,0.2457450339123616
2023-03-30,0.003375118436723324,0.0,0.1529789557029602,0.408096748276513,0.19317926210816525,0.0,0.2457450339123616
2023-03-31,0.008147625180074315,0.0,0.1529789557029602,0.408096748276513,0.19317926210816525,0.0,0.2457450339123616
2023-04-03,0.0027480760554451085,0.0,0.1529789557029602,0.408096748276513,0.19317926210816525,0.0,0.2457450339123616
2023-04-04,0.0038071473773572165,0.0,0.1529789557029602,0.408096748276513,0.19317926210816525,0.0,0.2457450339123616
2023-04-05,0.004423129501218723,0.0,0.1529789557029602,0.408096748276513,0.19317926210816525,0.0,0.2457450339123616
2023-04-06,0.000451399645269175,0.0,0.1529789557029602,0.408096748276513,0.19317926210816525,0.0,0.2457450339123616
2023-04-10,-0.0063137803489422915,0.009236588532708576,0.1529789557029602,0.408096748276513,0.1839426735754567,1.5984048190192288e-19,0.2549816224450702
2023-04-11,-0.0009594149595881173,0.4758790263172653,0.4675852223021949,0.07681859651960371,0.039341799015100695,1.218983173626161e-19,0.41625438216310073
2023-04-12,-0.004625398273033047,0.11616039553470443,0.5837456178368994,0.0,5.204170427930421e-18,5.483044879061862e-18,0.41625438216310073
2023-04-13,0.005796694555740644,0.0,0.5837456178368994,0.0,5.204170427930421e-18,5.483044879061862e-18,0.41625438216310073
2023-04-14,0.0009941241655859942,0.0,0.5837456178368994,0.0,5.204170427930421e-18,5.483044879061862e-18,0.41625438216310073
2023-04-17,0.004200048571224897,0.0,0.5837456178368994,0.0,5.204170427930421e-18,5.483044879061862e-18,0.41625438216310073
2023-04-18,0.001627042599717436,0.5682804348595192,0.4317195651404809,0.05905996603210381,0.35441147174393944,0.15480899708347576,0.0
2023-04-19,-0.005157904477762875,0.028528186873957476,0.4031913782665235,0.05905996603210382,0.3781882253254458,0.15956043037592696,2.862298234818627e-20
2023-04-20,-0.004004680842161443,0.023670824119909395,0.37952055414661406,0.05905996603210382,0.3981021215415934,0.1633173582796887,1.2267589480390225e-20
2023-04-21,-0.0024996199749658123,0.0,0.37952055414661406,0.05905996603210382,0.3981021215415934,0.1633173582796887,1.2267589480390225e-20
2023-04-24,0.004667295088785648,0.0,0.37952055414661406,0.05905996603210382,0.3981021215415934,0.1633173582796887,1.2267589480390225e-20
2023-04-25,-0.006975187384763308,0.0,0.37952055414661406,0.05905996603210382,0.3981021215415934,0.1633173582796887,1.2267589480390225e-20
2023-04-26,-0.009904074915109891,0.010622267592711447,0.36889828655390255,0.059059966032103804,0.4076065738745649,0.1644351735394286,1.0280441445313312e-22
2023-04-27,0.007912152929734717,7.28583859910259e-17,0.3688982865539026,0.05905996603210381,0.40760657387456495,0.16443517353942863,1.0280441445313313e-22
2023-04-28,0.008440587863328911,0.0014319752624212811,0.3674663112914814,0.05905996603210381,0.40832703186756186,0.16514669080885305,6.031563671758208e-21
2023-05-01,-0.006232257232771368,0.0,0.3674663112914814,0.05905996603210381,0.40832703186756186,0.16514669080885305,6.031563671758208e-21
2023-05-02,-0.003464385232063805,0.0,0.3674663112914814,0.05905996603210381,0.40832703186756186,0.16514669080885305,6.031563671758208e-21
2023-05-03,0.002027113100344994,0.31298205058336326,0.3053109137190357,0.3091840852727341,0.3226470696654974,0.0,0.062857931342733
2023-05-04,-0.003510690672849677,0.2545087310535153,0.16732931280143545,0.40631892330796077,0.2061199395295822,1.837424664096735e-18,0.2202318243610215
2023-05-05,-0.0017628434544253314,0.002400208528484605,0.16732931280143545,0.40631892330796077,0.20371973100109766,0.0,0.22263203288950617
2023-05-08,-0.005072623662037905,0.024622714134258872,0.16732931280143545,0.40631892330796077,0.1790970168668388,0.0,0.24725474702376504
2023-05-09,-0.00045291614250661484,0.3074959402764351,0.41050215918320676,0.1532824077854623,0.12463759211290219,0.0,0.31157784091842883
2023-05-10,0.002187956412825728,0.18944837451125707,0.5745724893979218,0.03396184792657973,0.05450977746052761,0.025378044296541915,0.31157784091842883
2023-05-11,0.0006596017411147597,0.056374236049595905,0.59761948274173,0.00984426549712196,0.02225312384038953,0.025378044296541922,0.34490508362421657
2023-05-12,0.0015261413002757777,0.030595647691873805,0.59761948274173,0.00984426549712196,0.017035520445057628,0.0,0.37550073131609035
2023-05-15,-0.0013765654524170294,0.21971761775977688,0.37790186498195316,0.1510139604759975,0.045079489836853046,6.240414372411117e-19,0.42600468470519626
2023-05-16,-0.002636993777593931,0.28890352205611325,0.1350734383576786,0.355830732817911,0.12916623955105289,1.737588784954077e-20,0.37992958927335757
2023-05-17,0.0007838435230912601,0.0031400750135460037,0.1319333633441326,0.358970807831457,0.12916623955105289,1.907541650989597e-19,0.37992958927335757
2023-05-18,-0.00028694616937302765,0.0028344367216450728,0.1319333633441326,0.358970807831457,0.13200067627269796,0.0,0.3770951525517125
2023-05-19,-0.0014849520106924017,0.08450048162278206,0.13828149660294514,0.358970807831457,0.21015302463666743,2.0762077231974925e-20,0.2925946709289304
2023-05-22,-0.00195927226009327,0.29435431967615505,0.25647740376924366,0.35562660135956237,0.3436911141375437,0.04262032300898028,0.0015845577246700248
2023-05-23,0.0002183172928533661,0.1519637768480952,0.26204033627198076,0.2052473822361372,0.3931647137639479,0.13954756772793417,0.0
2023-05-24,-0.0038806590900833365,0.04945760126421929,0.2654859071284706,0.15578978097191792,0.40668924335508855,0.172035068544523,0.0
2023-05-25,-0.006204137683665957,0.006247394855031646,0.2661588008221488,0.14954238611688625,0.4081741886250701,0.17612462443589483,9.335597671993944e-20
2023-05-26,0.008236895153973077,0.0,0.2661588008221488,0.14954238611688625,0.4081741886250701,0.17612462443589483,9.335597671993944e-20
2023-05-30,-0.0026725918373652043,0.0,0.2661588008221488,0.14954238611688625,0.4081741886250701,0.17612462443589483,9.335597671993944e-20
2023-05-31,0.0033624488530681167,0.48203567812591275,0.16508640459077503,0.41049727430143895,0.20333553116642594,3.6015721673631487e-17,0.22108078994136005
