date,gross,turnover,w_SPY,w_TLT,w_GLD,w_USO,w_UUP
2019-01-02,0.0015813010100850923,0.5999999999999998,1.7613484602980146e-16,0.20000000000000015,0.7999999999999997,7.287756276363292e-17,0.0
2019-01-03,0.00952879363501022,0.0,1.7613484602980146e-16,0.20000000000000015,0.7999999999999997,7.287756276363292e-17,0.0
2019-01-04,-0.008784020000586304,0.0,1.7613484602980146e-16,0.20000000000000015,0.7999999999999997,7.287756276363292e-17,0.0
2019-01-07,0.0021771869063573544,0.0,1.7613484602980146e-16,0.20000000000000015,0.7999999999999997,7.287756276363292e-17,0.0
2019-01-08,-0.0026921366762101074,0.0,1.7613484602980146e-16,0.20000000000000015,0.7999999999999997,7.287756276363292e-17,0.0
2019-01-09,0.004821580002240069,0.0,1.7613484602980146e-16,0.20000000000000015,0.7999999999999997,7.287756276363292e-17,0.0
2019-01-10,-0.005996051181220216,0.0,1.7613484602980146e-16,0.20000000000000015,0.7999999999999997,7.287756276363292e-17,0.0
2019-01-11,0.002162085074146657,0.0,1.7613484602980146e-16,0.20000000000000015,0.7999999999999997,7.287756276363292e-17,0.0
2019-01-14,-0.004934500851222589,0.7999999999999997,0.5097952635384599,0.49020473646154017,0.0,7.02008823264882e-18,6.6322620579087674e-18
2019-01-15,0.004052548844236745,0.0,0.5097952635384599,0.49020473646154017,0.0,7.02008823264882e-18,6.6322620579087674e-18
2019-01-16,0.0017238694024213255,0.0,0.5097952635384599,0.49020473646154017,0.0,7.02008823264882e-18,6.6322620579087674e-18
2019-01-17,0.003990041467581512,0.0,0.5097952635384599,0.49020473646154017,0.0,7.02008823264882e-18,6.6322620579087674e-18
2019-01-18,0.004215379268810774,0.0,0.5097952635384599,0.49020473646154017,0.0,7.02008823264882e-18,6.6322620579087674e-18
2019-01-22,-0.003566238753741138,0.0,0.5097952635384599,0.49020473646154017,0.0,7.02008823264882e-18,6.6322620579087674e-18
2019-01-23,0.0008630882041187339,0.0,0.5097952635384599,0.49020473646154017,0.0,7.02008823264882e-18,6.6322620579087674e-18
2019-01-24,0.00348951825658935,0.0,0.5097952635384599,0.49020473646154017,0.0,7.02008823264882e-18,6.6322620579087674e-18
2019-01-25,0.0019661484279143208,0.0,0.5097952635384599,0.49020473646154017,0.0,7.02008823264882e-18,6.6322620579087674e-18
2019-01-28,-0.004362833909077102,0.0,0.5097952635384599,0.49020473646154017,0.0,7.02008823264882e-18,6.6322620579087674e-18
2019-01-29,0.0018068716095269869,0.0,0.5097952635384599,0.49020473646154017,0.0,7.02008823264882e-18,6.6322620579087674e-18
2019-01-30,0.007706007688060701,0.0,0.5097952635384599,0.49020473646154017,0.0,7.02008823264882e-18,6.6322620579087674e-18
2019-01-31,0.008693044988785672,0.0,0.5097952635384599,0.49020473646154017,0.0,7.02008823264882e-18,6.6322620579087674e-18
2019-02-01,-0.0027153322766752534,0.0,0.5097952635384599,0.49020473646154017,0.0,7.02008823264882e-18,6.6322620579087674e-18
2019-02-04,0.0013985525464754044,0.0,0.5097952635384599,0.49020473646154017,0.0,7.02008823264882e-18,6.6322620579087674e-18
2019-02-05,0.0043756134303939,0.0,0.5097952635384599,0.49020473646154017,0.0,7.02008823264882e-18,6.6322620579087674e-18
2019-02-06,-0.0004289366344926064,0.0,0.5097952635384599,0.49020473646154017,0.0,7.02008823264882e-18,6.6322620579087674e-18
2019-02-07,-0.0016192469000730712,0.0,0.5097952635384599,0.49020473646154017,0.0,7.02008823264882e-18,6.6322620579087674e-18
2019-02-08,0.0027148554013639186,0.0,0.5097952635384599,0.49020473646154017,0.0,7.02008823264882e-18,6.6322620579087674e-18
2019-02-11,-0.001640265428433744,0.0,0.5097952635384599,0.49020473646154017,0.0,7.02008823264882e-18,6.6322620579087674e-18
2019-02-12,0.005308669068378747,0.0,0.5097952635384599,0.49020473646154017,0.0,7.02008823264882e-18,6.6322620579087674e-18
2019-02-13,-0.00019986508131170978,0.0,0.5097952635384599,0.49020473646154017,0.0,7.02008823264882e-18,6.6322620579087674e-18
2019-02-14,0.001662262247867156,0.0,0.5097952635384599,0.49020473646154017,0.0,7.02008823264882e-18,6.6322620579087674e-18
2019-02-15,0.006320393572479881,0.0,0.5097952635384599,0.49020473646154017,0.0,7.02008823264882e-18,6.6322620579087674e-18
2019-02-19,0.0021277823662378143,0.0,0.5097952635384599,0.49020473646154017,0.0,7.02008823264882e-18,6.6322620579087674e-18
2019-02-20,-0.0003753144636808763,0.0,0.5097952635384599,0.49020473646154017,0.0,7.02008823264882e-18,6.6322620579087674e-18
2019-02-21,-0.006194832999197448,0.0,0.5097952635384599,0.49020473646154017,0.0,7.02008823264882e-18,6.6322620579087674e-18
2019-02-22,0.006081511501809779,0.0,0.5097952635384599,0.49020473646154017,0.0,7.02008823264882e-18,6.6322620579087674e-18
2019-02-25,-0.000757905462116844,0.0,0.5097952635384599,0.49020473646154017,0.0,7.02008823264882e-18,6.6322620579087674e-18
2019-02-26,0.0020617884803049934,0.0,0.5097952635384599,0.49020473646154017,0.0,7.02008823264882e-18,6.6322620579087674e-18
2019-02-27,-0.005772750407366261,0.0,0.5097952635384599,0.49020473646154017,0.0,7.02008823264882e-18,6.6322620579087674e-18
2019-02-28,-0.0026179768982944555,0.0,0.5097952635384599,0.49020473646154017,0.0,7.02008823264882e-18,6.6322620579087674e-18
2019-03-01,-0.001348082985512906,0.0,0.5097952635384599,0.49020473646154017,0.0,7.02008823264882e-18,6.6322620579087674e-18
2019-03-04,0.001987619050554283,0.0,0.5097952635384599,0.49020473646154017,0.0,7.02008823264882e-18,6.6322620579087674e-18
2019-03-05,0.0003318301054816477,0.0,0.5097952635384599,0.49020473646154017,0.0,7.02008823264882e-18,6.6322620579087674e-18
2019-03-06,-0.0012883672435203954,0.0,0.5097952635384599,0.49020473646154017,0.0,7.02008823264882e-18,6.6322620579087674e-18
2019-03-07,-0.001085610913343498,0.0,0.5097952635384599,0.49020473646154017,0.0,7.02008823264882e-18,6.6322620579087674e-18
2019-03-08,0.0010454326523741723,0.0,0.5097952635384599,0.49020473646154017,0.0,7.02008823264882e-18,6.6322620579087674e-18
2019-03-11,0.005941069075295348,0.0,0.5097952635384599,0.49020473646154017,0.0,7.02008823264882e-18,6.6322620579087674e-18
2019-03-12,0.005359918762807784,0.0,0.5097952635384599,0.49020473646154017,0.0,7.02008823264882e-18,6.6322620579087674e-18
2019-03-13,0.0024508256276096086,0.0,0.5097952635384599,0.49020473646154017,0.0,7.02008823264882e-18,6.6322620579087674e-18
2019-03-14,-0.0038670382062197966,0.0,0.5097952635384599,0.49020473646154017,0.0,7.02008823264882e-18,6.6322620579087674e-18
2019-03-15,0.0057610009403597,0.0,0.5097952635384599,0.49020473646154017,0.0,7.02008823264882e-18,6.6322620579087674e-18
2019-03-18,0.0015668840604974837,0.0,0.5097952635384599,0.49020473646154017,0.0,7.02008823264882e-18,6.6322620579087674e-18
2019-03-19,-0.0009615261027696067,0.0,0.5097952635384599,0.49020473646154017,0.0,7.02008823264882e-18,6.6322620579087674e-18
2019-03-20,0.0035937176501814557,0.0,0.5097952635384599,0.49020473646154017,0.0,7.02008823264882e-18,6.6322620579087674e-18
2019-03-21,0.006836453876959223,0.0,0.5097952635384599,0.49020473646154017,0.0,7.02008823264882e-18,6.6322620579087674e-18
2019-03-22,-0.0021965834300641486,0.0,0.5097952635384599,0.49020473646154017,0.0,7.02008823264882e-18,6.6322620579087674e-18
2019-03-25,0.00040193938021800316,0.0,0.5097952635384599,0.49020473646154017,0.0,7.02008823264882e-18,6.6322620579087674e-18
2019-03-26,0.003447112924636155,0.0,0.5097952635384599,0.49020473646154017,0.0,7.02008823264882e-18,6.6322620579087674e-18
2019-03-27,0.0018452942015754602,0.0,0.5097952635384599,0.49020473646154017,0.0,7.02008823264882e-18,6.6322620579087674e-18
2019-03-28,0.0036427104757295057,0.0,0.5097952635384599,0.49020473646154017,0.0,7.02008823264882e-18,6.6322620579087674e-18
2019-03-29,0.0027498161420217064,0.0,0.5097952635384599,0.49020473646154017,0.0,7.02008823264882e-18,6.6322620579087674e-18
2019-04-01,-0.000917401187317566,0.0,0.5097952635384599,0.49020473646154017,0.0,7.02008823264882e-18,6.6322620579087674e-18
2019-04-02,0.0011565982188081595,0.0,0.5097952635384599,0.49020473646154017,0.0,7.02008823264882e-18,6.6322620579087674e-18
2019-04-03,0.0009509911226705415,0.49020473646154017,0.8,0.0,0.0,0.20000000000000007,0.0
2019-04-04,0.0010451021901059395,0.0,0.8,0.0,0.0,0.20000000000000007,0.0
2019-04-05,0.007432596863336328,0.0,0.8,0.0,0.0,0.20000000000000007,0.0
2019-04-08,0.004412058009238785,0.0,0.8,0.0,0.0,0.20000000000000007,0.0
2019-04-09,-0.0051446120035596905,0.0,0.8,0.0,0.0,0.20000000000000007,0.0
2019-04-10,0.003929307595289622,0.0,0.8,0.0,0.0,0.20000000000000007,0.0
2019-04-11,-0.002310117574728455,0.0,0.8,0.0,0.0,0.20000000000000007,0.0
2019-04-12,0.005864857670251756,0.0,0.8,0.0,0.0,0.20000000000000007,0.0
2019-04-15,-0.0014258989415867121,0.0,0.8,0.0,0.0,0.20000000000000007,0.0
2019-04-16,0.0024877279607610886,0.0,0.8,0.0,0.0,0.20000000000000007,0.0
2019-04-17,-0.00330378990671747,0.0,0.8,0.0,0.0,0.20000000000000007,0.0
2019-04-18,0.0021777379578293843,0.0,0.8,0.0,0.0,0.20000000000000007,0.0
2019-04-22,0.005944827051159642,0.0,0.8,0.0,0.0,0.20000000000000007,0.0
2019-04-23,0.008948960368615878,0.0,0.8,0.0,0.0,0.20000000000000007,0.0
2019-04-24,-0.0033706064013253384,0.0,0.8,0.0,0.0,0.20000000000000007,0.0
2019-04-25,-0.0026858874976132493,0.0,0.8,0.0,0.0,0.20000000000000007,0.0
2019-04-26,-0.002778473147730855,0.0,0.8,0.0,0.0,0.20000000000000007,0.0
2019-04-29,0.0033932364345227845,0.0,0.8,0.0,0.0,0.20000000000000007,0.0
2019-04-30,0.0013154290471023347,0.0,0.8,0.0,0.0,0.20000000000000007,0.0
2019-05-01,-0.007066687359938362,0.0,0.8,0.0,0.0,0.20000000000000007,0.0
2019-05-02,-0.007778880515731681,0.0,0.8,0.0,0.0,0.20000000000000007,0.0
2019-05-03,0.008610443613668296,0.0,0.8,0.0,0.0,0.20000000000000007,0.0
2019-05-06,-0.00018451142804565192,0.0,0.8,0.0,0.0,0.20000000000000007,0.0
2019-05-07,-0.01856211327852271,0.0,0.8,0.0,0.0,0.20000000000000007,0.0
2019-05-08,0.00140227559659012,0.0,0.8,0.0,0.0,0.20000000000000007,0.0
2019-05-09,-0.003662200115835513,0.0,0.8,0.0,0.0,0.20000000000000007,0.0
2019-05-10,0.004487414145466717,0.0,0.8,0.0,0.0,0.20000000000000007,0.0
2019-05-13,-0.022596321820159006,0.0,0.8,0.0,0.0,0.20000000000000007,0.0
2019-05-14,0.010231543048392579,0.0,0.8,0.0,0.0,0.20000000000000007,0.0
2019-05-15,0.006240029169959095,0.0,0.8,0.0,0.0,0.20000000000000007,0.0
2019-05-16,0.010030716989355338,0.0,0.8,0.0,0.0,0.20000000000000007,0.0
2019-05-17,-0.006085416287936663,0.0,0.8,0.0,0.0,0.20000000000000007,0.0
2019-05-20,-0.004219590029728205,0.0,0.8,0.0,0.0,0.20000000000000007,0.0
2019-05-21,0.006908639293974273,0.0,0.8,0.0,0.0,0.20000000000000007,0.0
2019-05-22,-0.008397907464121283,0.0,0.8,0.0,0.0,0.20000000000000007,0.0
2019-05-23,-0.019979053181413603,0.0,0.8,0.0,0.0,0.20000000000000007,0.0
2019-05-24,0.004130930151333035,0.0,0.8,0.0,0.0,0.20000000000000007,0.0
2019-05-28,-0.00744069940869494,0.0,0.8,0.0,0.0,0.20000000000000007,0.0
2019-05-29,-0.00520499993522705,0.0,0.8,0.0,0.0,0.20000000000000007,0.0
2019-05-30,-0.0056580084693352885,0.0,0.8,0.0,0.0,0.20000000000000007,0.0
2019-05-31,-0.02200470252596949,0.0,0.8,0.0,0.0,0.20000000000000007,0.0
2019-06-03,-0.004016423970962114,0.0,0.8,0.0,0.0,0.20000000000000007,0.0
2019-06-04,0.020458922270227123,0.0,0.8,0.0,0.0,0.20000000000000007,0.0
2019-06-05,-5.95006800227409e-05,0.0,0.8,0.0,0.0,0.20000000000000007,0.0
2019-06-06,0.010587440884937085,0.0,0.8,0.0,0.0,0.20000000000000007,0.0
2019-06-07,0.01107990137568762,0.0,0.8,0.0,0.0,0.20000000000000007,0.0
2019-06-10,0.0015340822226345583,0.0,0.8,0.0,0.0,0.20000000000000007,0.0
2019-06-11,-0.00019399115233502686,0.0,0.8,0.0,0.0,0.20000000000000007,0.0
2019-06-12,-0.009872938061062334,0.0,0.8,0.0,0.0,0.20000000000000007,0.0
2019-06-13,0.007812166905207188,0.0,0.8,0.0,0.0,0.20000000000000007,0.0
2019-06-14,0.00021911122421793862,0.0,0.8,0.0,0.0,0.20000000000000007,0.0
2019-06-17,-0.002072423428230175,0.0,0.8,0.0,0.0,0.20000000000000007,0.0
2019-06-18,0.0165174756280869,0.0,0.8,0.0,0.0,0.20000000000000007,0.0
2019-06-19,0.003227961456260831,0.0,0.8,0.0,0.0,0.20000000000000007,0.0
2019-06-20,0.016822629416151896,0.0,0.8,0.0,0.0,0.20000000000000007,0.0
2019-06-21,0.0008625106471638504,0.0,0.8,0.0,0.0,0.20000000000000007,0.0
2019-06-24,-0.0003112969017280418,0.0,0.8,0.0,0.0,0.20000000000000007,0.0
2019-06-25,-0.008012841114541326,0.0,0.8,0.0,0.0,0.20000000000000007,0.0
2019-06-26,0.0040352057460939965,0.0,0.8,0.0,0.0,0.20000000000000007,0.0
2019-06-27,0.002836875461503219,0.0,0.8,0.0,0.0,0.20000000000000007,0.0
2019-06-28,4.829619587594022e-05,0.0,0.8,0.0,0.0,0.20000000000000007,0.0
2019-07-01,0.0112491753169222,0.0,0.8,0.0,0.0,0.20000000000000007,0.0
2019-07-02,-0.007362568726376998,0.0,0.8,0.0,0.0,0.20000000000000007,0.0
2019-07-03,0.007822094721404183,0.1999999999999996,0.8000000000000002,0.19999999999999946,2.64613780970449e-18,4.363270068039063e-16,0.0
2019-07-05,-0.0035632360155576446,5.551115123125783e-17,0.8,0.19999999999999946,2.64613780970449e-18,4.363270068039063e-16,0.0
2019-07-08,-0.004123692980870654,0.0,0.8,0.19999999999999946,2.64613780970449e-18,4.363270068039063e-16,0.0
2019-07-09,0.0009218940136765096,0.0,0.8,0.19999999999999946,2.64613780970449e-18,4.363270068039063e-16,0.0
2019-07-10,0.0027208555192110616,0.0,0.8,0.19999999999999946,2.64613780970449e-18,4.363270068039063e-16,0.0
2019-07-11,-0.000794310542969626,0.0,0.8,0.19999999999999946,2.64613780970449e-18,4.363270068039063e-16,0.0
2019-07-12,0.0038121136506534354,0.0,0.8,0.19999999999999946,2.64613780970449e-18,4.363270068039063e-16,0.0
2019-07-15,0.0014178539875395195,0.0,0.8,0.19999999999999946,2.64613780970449e-18,4.363270068039063e-16,0.0
2019-07-16,-0.003175786442676938,0.0,0.8,0.19999999999999946,2.64613780970449e-18,4.363270068039063e-16,0.0
2019-07-17,-0.00328449302610669,0.0,0.8,0.19999999999999946,2.64613780970449e-18,4.363270068039063e-16,0.0
2019-07-18,0.002943935581001515,0.0,0.8,0.19999999999999946,2.64613780970449e-18,4.363270068039063e-16,0.0
2019-07-19,-0.00491356458358278,0.0,0.8,0.19999999999999946,2.64613780970449e-18,4.363270068039063e-16,0.0
2019-07-22,0.0023447476608297706,0.0,0.8,0.19999999999999946,2.64613780970449e-18,4.363270068039063e-16,0.0
2019-07-23,0.004628535585311275,0.0,0.8,0.19999999999999946,2.64613780970449e-18,4.363270068039063e-16,0.0
2019-07-24,0.004628349580667813,0.0,0.8,0.19999999999999946,2.64613780970449e-18,4.363270068039063e-16,0.0
2019-07-25,-0.004777701346224991,0.0,0.8,0.19999999999999946,2.64613780970449e-18,4.363270068039063e-16,0.0
2019-07-26,0.005832785037365752,0.0,0.8,0.19999999999999946,2.64613780970449e-18,4.363270068039063e-16,0.0
2019-07-29,-0.001395968576773526,0.0,0.8,0.19999999999999946,2.64613780970449e-18,4.363270068039063e-16,0.0
2019-07-30,-0.0014774494905615582,0.0,0.8,0.19999999999999946,2.64613780970449e-18,4.363270068039063e-16,0.0
2019-07-31,-0.007143909983842051,0.0,0.8,0.19999999999999946,2.64613780970449e-18,4.363270068039063e-16,0.0
2019-08-01,-0.002994350498385939,0.0,0.8,0.19999999999999946,2.64613780970449e-18,4.363270068039063e-16,0.0
2019-08-02,-0.004175362111835045,0.0,0.8,0.19999999999999946,2.64613780970449e-18,4.363270068039063e-16,0.0
2019-08-05,-0.020600682713302794,0.0,0.8,0.19999999999999946,2.64613780970449e-18,4.363270068039063e-16,0.0
2019-08-06,0.01281701368639746,0.0,0.8,0.19999999999999946,2.64613780970449e-18,4.363270068039063e-16,0.0
2019-08-07,0.0005439129200597185,0.0,0.8,0.19999999999999946,2.64613780970449e-18,4.363270068039063e-16,0.0
2019-08-08,0.016124463939089177,0.0,0.8,0.19999999999999946,2.64613780970449e-18,4.363270068039063e-16,0.0
2019-08-09,-0.005848097252958059,0.0,0.8,0.19999999999999946,2.64613780970449e-18,4.363270068039063e-16,0.0
2019-08-12,-0.005568655503981299,0.0,0.8,0.19999999999999946,2.64613780970449e-18,4.363270068039063e-16,0.0
2019-08-13,0.011755519172786787,0.0,0.8,0.19999999999999946,2.64613780970449e-18,4.363270068039063e-16,0.0
2019-08-14,-0.019148069086286308,0.0,0.8,0.19999999999999946,2.64613780970449e-18,4.363270068039063e-16,0.0
2019-08-15,0.004337474357197992,0.0,0.8,0.19999999999999946,2.64613780970449e-18,4.363270068039063e-16,0.0
2019-08-16,0.010201569353512137,0.0,0.8,0.19999999999999946,2.64613780970449e-18,4.363270068039063e-16,0.0
2019-08-19,0.006777852201667508,0.0,0.8,0.19999999999999946,2.64613780970449e-18,4.363270068039063e-16,0.0
2019-08-20,-0.004061109409208193,0.0,0.8,0.19999999999999946,2.64613780970449e-18,4.363270068039063e-16,0.0
2019-08-21,0.0051753645713305246,0.0,0.8,0.19999999999999946,2.64613780970449e-18,4.363270068039063e-16,0.0
2019-08-22,-0.001574267441245824,0.0,0.8,0.19999999999999946,2.64613780970449e-18,4.363270068039063e-16,0.0
2019-08-23,-0.017262936465480938,0.0,0.8,0.19999999999999946,2.64613780970449e-18,4.363270068039063e-16,0.0
2019-08-26,0.008038103630001682,0.0,0.8,0.19999999999999946,2.64613780970449e-18,4.363270068039063e-16,0.0
2019-08-27,-5.7282884551623e-05,0.0,0.8,0.19999999999999946,2.64613780970449e-18,4.363270068039063e-16,0.0
2019-08-28,0.005890870828834779,0.0,0.8,0.19999999999999946,2.64613780970449e-18,4.363270068039063e-16,0.0
2019-08-29,0.009460484948497947,0.0,0.8,0.19999999999999946,2.64613780970449e-18,4.363270068039063e-16,0.0
2019-08-30,-0.0003009133535105355,0.0,0.8,0.19999999999999946,2.64613780970449e-18,4.363270068039063e-16,0.0
2019-09-03,-0.004419144809744334,0.0,0.8,0.19999999999999946,2.64613780970449e-18,4.363270068039063e-16,0.0
2019-09-04,0.009379036511879076,0.0,0.8,0.19999999999999946,2.64613780970449e-18,4.363270068039063e-16,0.0
2019-09-05,0.006662242492601866,0.0,0.8,0.19999999999999946,2.64613780970449e-18,4.363270068039063e-16,0.0
2019-09-06,0.0020405477272601655,0.0,0.8,0.19999999999999946,2.64613780970449e-18,4.363270068039063e-16,0.0
2019-09-09,-0.003150344569549014,0.0,0.8,0.19999999999999946,2.64613780970449e-18,4.363270068039063e-16,0.0
2019-09-10,-0.0036933534829076847,0.0,0.8,0.19999999999999946,2.64613780970449e-18,4.363270068039063e-16,0.0
2019-09-11,0.0053334136613957155,0.0,0.8,0.19999999999999946,2.64613780970449e-18,4.363270068039063e-16,0.0
2019-09-12,0.0014609854435091623,0.0,0.8,0.19999999999999946,2.64613780970449e-18,4.363270068039063e-16,0.0
2019-09-13,-0.004803054552398856,0.0,0.8,0.19999999999999946,2.64613780970449e-18,4.363270068039063e-16,0.0
2019-09-16,7.771390130897459e-05,0.0,0.8,0.19999999999999946,2.64613780970449e-18,4.363270068039063e-16,0.0
2019-09-17,0.003110358597971953,0.0,0.8,0.19999999999999946,2.64613780970449e-18,4.363270068039063e-16,0.0
2019-09-18,0.001327346750974314,0.0,0.8,0.19999999999999946,2.64613780970449e-18,4.363270068039063e-16,0.0
2019-09-19,0.000548548442081877,0.0,0.8,0.19999999999999946,2.64613780970449e-18,4.363270068039063e-16,0.0
2019-09-20,-0.0011378383461518276,0.0,0.8,0.19999999999999946,2.64613780970449e-18,4.363270068039063e-16,0.0
2019-09-23,-0.00023007101324041773,0.0,0.8,0.19999999999999946,2.64613780970449e-18,4.363270068039063e-16,0.0
2019-09-24,-0.0038664498227876276,0.0,0.8,0.19999999999999946,2.64613780970449e-18,4.363270068039063e-16,0.0
2019-09-25,0.0018063965708405012,0.0,0.8,0.19999999999999946,2.64613780970449e-18,4.363270068039063e-16,0.0
2019-09-26,-0.0003800810956841739,0.0,0.8,0.19999999999999946,2.64613780970449e-18,4.363270068039063e-16,0.0
2019-09-27,-0.00381811487274822,0.0,0.8,0.19999999999999946,2.64613780970449e-18,4.363270068039063e-16,0.0
2019-09-30,0.004200590861028206,0.0,0.8,0.19999999999999946,2.64613780970449e-18,4.363270068039063e-16,0.0
2019-10-01,-0.00891375619215063,0.0,0.8,0.19999999999999946,2.64613780970449e-18,4.363270068039063e-16,0.0
2019-10-02,-0.013643015529988622,0.0,0.8,0.19999999999999946,2.64613780970449e-18,4.363270068039063e-16,0.0
2019-10-03,0.008378745260938463,0.0,0.8,0.19999999999999946,2.64613780970449e-18,4.363270068039063e-16,0.0
2019-10-04,0.012302258809524071,0.0,0.8,0.19999999999999946,2.64613780970449e-18,4.363270068039063e-16,0.0
2019-10-07,-0.005109475435317453,0.0,0.8,0.19999999999999946,2.64613780970449e-18,4.363270068039063e-16,0.0
2019-10-08,-0.011881119518159141,0.0,0.8,0.19999999999999946,2.64613780970449e-18,4.363270068039063e-16,0.0
2019-10-09,0.0064673855187209325,0.0,0.8,0.19999999999999946,2.64613780970449e-18,4.363270068039063e-16,0.0
2019-10-10,0.00243197528222116,0.0,0.8,0.19999999999999946,2.64613780970449e-18,4.363270068039063e-16,0.0
2019-10-11,0.005818245344341183,0.0,0.8,0.19999999999999946,2.64613780970449e-18,4.363270068039063e-16,0.0
2019-10-14,0.0005613047159294873,0.0,0.8,0.19999999999999946,2.64613780970449e-18,4.363270068039063e-16,0.0
2019-10-15,0.005502936770723246,0.0,0.8,0.19999999999999946,2.64613780970449e-18,4.363270068039063e-16,0.0
2019-10-16,-0.0010418022297115279,0.0,0.8,0.19999999999999946,2.64613780970449e-18,4.363270068039063e-16,0.0
2019-10-17,0.001873479904009441,0.0,0.8,0.19999999999999946,2.64613780970449e-18,4.363270068039063e-16,0.0
2019-10-18,-0.003501730918034609,0.0,0.8,0.19999999999999946,2.64613780970449e-18,4.363270068039063e-16,0.0
2019-10-21,0.0039187423381525964,0.0,0.8,0.19999999999999946,2.64613780970449e-18,4.363270068039063e-16,0.0
2019-10-22,-0.0014439638544306173,0.0,0.8,0.19999999999999946,2.64613780970449e-18,4.363270068039063e-16,0.0
2019-10-23,0.002528610175123014,0.0,0.8,0.19999999999999946,2.64613780970449e-18,4.363270068039063e-16,0.0
2019-10-24,0.0009057101165839394,0.0,0.8,0.19999999999999946,2.64613780970449e-18,4.363270068039063e-16,0.0
2019-10-25,0.0022989074521352635,0.0,0.8,0.19999999999999946,2.64613780970449e-18,4.363270068039063e-16,0.0
2019-10-28,0.0026901338335076443,0.0,0.8,0.19999999999999946,2.64613780970449e-18,4.363270068039063e-16,0.0
2019-10-29,-0.00010597719858114495,0.0,0.8,0.19999999999999946,2.64613780970449e-18,4.363270068039063e-16,0.0
2019-10-30,0.005380421152455016,0.0,0.8,0.19999999999999946,2.64613780970449e-18,4.363270068039063e-16,0.0
2019-10-31,0.0005673881822613716,0.0,0.8,0.19999999999999946,2.64613780970449e-18,4.363270068039063e-16,0.0
2019-11-01,0.006795453472177642,0.0,0.8,0.19999999999999946,2.64613780970449e-18,4.363270068039063e-16,0.0
2019-11-04,0.0005818728504501831,0.0,0.8,0.19999999999999946,2.64613780970449e-18,4.363270068039063e-16,0.0
2019-11-05,-0.0031340811063596545,0.0,0.8,0.19999999999999946,2.64613780970449e-18,4.363270068039063e-16,0.0
2019-11-06,0.001392707011029596,0.0,0.8,0.19999999999999946,2.64613780970449e-18,4.363270068039063e-16,0.0
2019-11-07,-0.0008104536638685027,0.0,0.8,0.19999999999999946,2.64613780970449e-18,4.363270068039063e-16,0.0
2019-11-08,0.0011313221311731354,0.0,0.8,0.19999999999999946,2.64613780970449e-18,4.363270068039063e-16,0.0
2019-11-11,-0.001394183698265343,0.0,0.8,0.19999999999999946,2.64613780970449e-18,4.363270068039063e-16,0.0
2019-11-12,0.00260474833129147,0.0,0.8,0.19999999999999946,2.64613780970449e-18,4.363270068039063e-16,0.0
2019-11-13,0.0015568125167366273,0.0,0.8,0.19999999999999946,2.64613780970449e-18,4.363270068039063e-16,0.0
2019-11-14,0.0032302871239959265,0.0,0.8,0.19999999999999946,2.64613780970449e-18,4.363270068039063e-16,0.0
2019-11-15,0.0055719630945249305,0.0,0.8,0.19999999999999946,2.64613780970449e-18,4.363270068039063e-16,0.0
2019-11-18,0.0009528149838577008,0.0,0.8,0.19999999999999946,2.64613780970449e-18,4.363270068039063e-16,0.0
2019-11-19,0.0014359869286383387,0.0,0.8,0.19999999999999946,2.64613780970449e-18,4.363270068039063e-16,0.0
2019-11-20,-0.0009054731246096394,0.0,0.8,0.19999999999999946,2.64613780970449e-18,4.363270068039063e-16,0.0
2019-11-21,-0.0025391872152598603,0.0,0.8,0.19999999999999946,2.64613780970449e-18,4.363270068039063e-16,0.0
2019-11-22,0.002036973597020571,0.0,0.8,0.19999999999999946,2.64613780970449e-18,4.363270068039063e-16,0.0
2019-11-25,0.006786269515533581,0.0,0.8,0.19999999999999946,2.64613780970449e-18,4.363270068039063e-16,0.0
2019-11-26,0.0029811433640942295,0.0,0.8,0.19999999999999946,2.64613780970449e-18,4.363270068039063e-16,0.0
2019-11-27,0.00298534356427822,0.0,0.8,0.19999999999999946,2.64613780970449e-18,4.363270068039063e-16,0.0
2019-11-29,-0.0033934788349925873,0.0,0.8,0.19999999999999946,2.64613780970449e-18,4.363270068039063e-16,0.0
2019-12-02,-0.009462448740716348,0.0,0.8,0.19999999999999946,2.64613780970449e-18,4.363270068039063e-16,0.0
2019-12-03,-0.0011718542032384512,0.0,0.8,0.19999999999999946,2.64613780970449e-18,4.363270068039063e-16,0.0
2019-12-04,0.0029392306388418277,0.0,0.8,0.19999999999999946,2.64613780970449e-18,4.363270068039063e-16,0.0
2019-12-05,0.000465535254222063,0.0,0.8,0.19999999999999946,2.64613780970449e-18,4.363270068039063e-16,0.0
2019-12-06,0.006200484886633614,0.0,0.8,0.19999999999999946,2.64613780970449e-18,4.363270068039063e-16,0.0
2019-12-09,-0.0020820463257778875,0.0,0.8,0.19999999999999946,2.64613780970449e-18,4.363270068039063e-16,0.0
2019-12-10,-0.0008775183620751006,0.0,0.8,0.19999999999999946,2.64613780970449e-18,4.363270068039063e-16,0.0
2019-12-11,0.0038433677274125537,0.0,0.8,0.19999999999999946,2.64613780970449e-18,4.363270068039063e-16,0.0
2019-12-12,0.0036036097651580006,0.0,0.8,0.19999999999999946,2.64613780970449e-18,4.363270068039063e-16,0.0
2019-12-13,0.002792666221318372,0.0,0.8,0.19999999999999946,2.64613780970449e-18,4.363270068039063e-16,0.0
2019-12-16,0.0036982771181733516,0.0,0.8,0.19999999999999946,2.64613780970449e-18,4.363270068039063e-16,0.0
2019-12-17,-0.00010064816202989851,0.0,0.8,0.19999999999999946,2.64613780970449e-18,4.363270068039063e-16,0.0
2019-12-18,-0.0015922983582027542,0.0,0.8,0.19999999999999946,2.64613780970449e-18,4.363270068039063e-16,0.0
2019-12-19,0.0035991172152679335,0.0,0.8,0.19999999999999946,2.64613780970449e-18,4.363270068039063e-16,0.0
2019-12-20,0.0037710720023770013,0.0,0.8,0.19999999999999946,2.64613780970449e-18,4.363270068039063e-16,0.0
2019-12-23,0.000929787139209418,0.0,0.8,0.19999999999999946,2.64613780970449e-18,4.363270068039063e-16,0.0
2019-12-24,0.0005964296772013276,0.0,0.8,0.19999999999999946,2.64613780970449e-18,4.363270068039063e-16,0.0
2019-12-26,0.00474067721627063,0.0,0.8,0.19999999999999946,2.64613780970449e-18,4.363270068039063e-16,0.0
2019-12-27,2.0821058337272617e-05,0.0,0.8,0.19999999999999946,2.64613780970449e-18,4.363270068039063e-16,0.0
2019-12-30,-0.005138777528300164,0.0,0.8,0.19999999999999946,2.64613780970449e-18,4.363270068039063e-16,0.0
2019-12-31,-1.5520087539841465e-05,0.0,0.8,0.19999999999999946,2.64613780970449e-18,4.363270068039063e-16,0.0
2020-01-02,0.007481682198063311,0.19999999999999946,0.8,0.0,1.6579949792103452e-18,0.19999999999999993,0.0
2020-01-03,-0.0002812444778958175,0.0,0.8,0.0,1.6579949792103452e-18,0.19999999999999993,0.0
2020-01-06,0.002748562958459422,0.0,0.8,0.0,1.6579949792103452e-18,0.19999999999999993,0.0
2020-01-07,-0.0027052398430307714,0.0,0.8,0.0,1.6579949792103452e-18,0.19999999999999993,0.0
2020-01-08,-0.002895377021043275,0.0,0.8,0.0,1.6579949792103452e-18,0.19999999999999993,0.0
2020-01-09,0.0027384993929450386,0.0,0.8,0.0,1.6579949792103452e-18,0.19999999999999993,0.0
2020-01-10,-0.0035830180875751957,0.0,0.8,0.0,1.6579949792103452e-18,0.19999999999999993,0.0
2020-01-13,0.0021176168172517564,0.0,0.8,0.0,1.6579949792103452e-18,0.19999999999999993,0.0
2020-01-14,9.164035628987893e-05,0.0,0.8,0.0,1.6579949792103452e-18,0.19999999999999993,0.0
2020-01-15,0.00017908520753866577,0.0,0.8,0.0,1.6579949792103452e-18,0.19999999999999993,0.0
2020-01-16,0.008461205453489384,0.0,0.8,0.0,1.6579949792103452e-18,0.19999999999999993,0.0
2020-01-17,0.0031408391618944266,0.0,0.8,0.0,1.6579949792103452e-18,0.19999999999999993,0.0
2020-01-21,-0.003026151867191506,0.0,0.8,0.0,1.6579949792103452e-18,0.19999999999999993,0.0
2020-01-22,-0.005459032782379911,0.0,0.8,0.0,1.6579949792103452e-18,0.19999999999999993,0.0
2020-01-23,-0.0031163646761549245,0.0,0.8,0.0,1.6579949792103452e-18,0.19999999999999993,0.0
2020-01-24,-0.011059513682847565,0.0,0.8,0.0,1.6579949792103452e-18,0.19999999999999993,0.0
2020-01-27,-0.018597835394685222,0.0,0.8,0.0,1.6579949792103452e-18,0.19999999999999993,0.0
2020-01-28,0.011086007050671042,0.0,0.8,0.0,1.6579949792103452e-18,0.19999999999999993,0.0
2020-01-29,-0.0022608113592869957,0.0,0.8,0.0,1.6579949792103452e-18,0.19999999999999993,0.0
2020-01-30,0.001162651772496504,0.0,0.8,0.0,1.6579949792103452e-18,0.19999999999999993,0.0
2020-01-31,-0.018858465802798506,0.0,0.8,0.0,1.6579949792103452e-18,0.19999999999999993,0.0
2020-02-03,-0.0005148071836088321,0.0,0.8,0.0,1.6579949792103452e-18,0.19999999999999993,0.0
2020-02-04,0.011239913495933075,0.0,0.8,0.0,1.6579949792103452e-18,0.19999999999999993,0.0
2020-02-05,0.014219056524348381,0.0,0.8,0.0,1.6579949792103452e-18,0.19999999999999993,0.0
2020-02-06,0.0034396438085098954,0.0,0.8,0.0,1.6579949792103452e-18,0.19999999999999993,0.0
2020-02-07,-0.007243118477652976,0.0,0.8,0.0,1.6579949792103452e-18,0.19999999999999993,0.0
2020-02-10,0.002947506416144187,0.0,0.8,0.0,1.6579949792103452e-18,0.19999999999999993,0.0
2020-02-11,0.0029220736405731968,0.0,0.8,0.0,1.6579949792103452e-18,0.19999999999999993,0.0
2020-02-12,0.011058937521434052,0.0,0.8,0.0,1.6579949792103452e-18,0.19999999999999993,0.0
2020-02-13,-0.00029865138377536157,0.0,0.8,0.0,1.6579949792103452e-18,0.19999999999999993,0.0
2020-02-14,0.0033114935962837316,0.0,0.8,0.0,1.6579949792103452e-18,0.19999999999999993,0.0
2020-02-18,-0.002061740469878437,0.0,0.8,0.0,1.6579949792103452e-18,0.19999999999999993,0.0
2020-02-19,0.008025910564101579,0.0,0.8,0.0,1.6579949792103452e-18,0.19999999999999993,0.0
2020-02-20,-0.0014976088881068614,0.0,0.8,0.0,1.6579949792103452e-18,0.19999999999999993,0.0
2020-02-21,-0.01036638374838177,0.0,0.8,0.0,1.6579949792103452e-18,0.19999999999999993,0.0
2020-02-24,-0.03405911520110949,0.0,0.8,0.0,1.6579949792103452e-18,0.19999999999999993,0.0
2020-02-25,-0.030573141283897497,0.0,0.8,0.0,1.6579949792103452e-18,0.19999999999999993,0.0
2020-02-26,-0.006981145582139424,0.0,0.8,0.0,1.6579949792103452e-18,0.19999999999999993,0.0
2020-02-27,-0.04397651243035574,0.0,0.8,0.0,1.6579949792103452e-18,0.19999999999999993,0.0
2020-02-28,-0.021975569254065446,0.5504191073979287,0.44958089260207135,1.012050263714948e-17,0.5504191073979287,1.1116896852810773e-17,0.0
2020-03-02,0.021405568754204685,0.029272573934074463,0.4203083186679969,5.63554763612394e-19,0.5796916813320031,1.1480872955352229e-18,7.466837647083186e-20
2020-03-03,0.006187902376656708,0.0,0.4203083186679969,5.63554763612394e-19,0.5796916813320031,1.1480872955352229e-18,7.466837647083186e-20
2020-03-04,0.01868373566921854,0.0,0.4203083186679969,5.63554763612394e-19,0.5796916813320031,1.1480872955352229e-18,7.466837647083186e-20
2020-03-05,-0.001449803965196292,0.0,0.4203083186679969,5.63554763612394e-19,0.5796916813320031,1.1480872955352229e-18,7.466837647083186e-20
2020-03-06,-0.0067273983050443725,0.0,0.4203083186679969,5.63554763612394e-19,0.5796916813320031,1.1480872955352229e-18,7.466837647083186e-20
2020-03-09,-0.03186692719141221,0.0,0.4203083186679969,5.63554763612394e-19,0.5796916813320031,1.1480872955352229e-18,7.466837647083186e-20
2020-03-10,0.009516372919996203,0.0,0.4203083186679969,5.63554763612394e-19,0.5796916813320031,1.1480872955352229e-18,7.466837647083186e-20
2020-03-11,-0.022553306956364184,0.0,0.4203083186679969,5.63554763612394e-19,0.5796916813320031,1.1480872955352229e-18,7.466837647083186e-20
2020-03-12,-0.06296420913849647,0.006679152818635653,0.4136291658493612,0.0,0.5863708341506387,3.2609904618875466e-19,0.0
2020-03-13,0.017465921431103912,0.0,0.4136291658493612,0.0,0.5863708341506387,3.2609904618875466e-19,0.0
2020-03-16,-0.05197257471356267,0.0,0.4136291658493612,0.0,0.5863708341506387,3.2609904618875466e-19,0.0
2020-03-17,0.030281230275755997,0.0,0.4136291658493612,0.0,0.5863708341506387,3.2609904618875466e-19,0.0
2020-03-18,-0.03262489998060742,0.0,0.4136291658493612,0.0,0.5863708341506387,3.2609904618875466e-19,0.0
2020-03-19,-0.010206745756035099,0.0,0.4136291658493612,0.0,0.5863708341506387,3.2609904618875466e-19,0.0
2020-03-20,-0.00903197368973538,0.0,0.4136291658493612,0.0,0.5863708341506387,3.2609904618875466e-19,0.0
2020-03-23,0.015329985190730241,0.0,0.4136291658493612,0.0,0.5863708341506387,3.2609904618875466e-19,0.0
2020-03-24,0.06593286690186224,0.0,0.4136291658493612,0.0,0.5863708341506387,3.2609904618875466e-19,0.0
2020-03-25,-0.0018350659008704354,0.0,0.4136291658493612,0.0,0.5863708341506387,3.2609904618875466e-19,0.0
2020-03-26,0.03130722307178453,0.007968430474442456,0.4056607353749188,0.0,0.5943392646250812,1.1917491655495593e-19,0.0
2020-03-27,-0.01592263940923127,0.0,0.4056607353749188,0.0,0.5943392646250812,1.1917491655495593e-19,0.0
2020-03-30,0.01578962512359337,0.0,0.4056607353749188,0.0,0.5943392646250812,1.1917491655495593e-19,0.0
2020-03-31,-0.024974349768068265,0.0,0.4056607353749188,0.0,0.5943392646250812,1.1917491655495593e-19,0.0
2020-04-01,-0.012636464992431096,0.0,0.4056607353749188,0.0,0.5943392646250812,1.1917491655495593e-19,0.0
2020-04-02,0.01905213504062972,0.007770007401954604,0.39789072797296415,1.6951435273679496e-19,0.6021092720270358,0.0,7.180629857402935e-19
2020-04-03,-0.0027782544307616524,0.0,0.39789072797296415,1.6951435273679496e-19,0.6021092720270358,0.0,7.180629857402935e-19
2020-04-06,0.04340941653216342,0.0,0.39789072797296415,1.6951435273679496e-19,0.6021092720270358,0.0,7.180629857402935e-19
2020-04-07,-0.002818265553750861,0.0,0.39789072797296415,1.6951435273679496e-19,0.6021092720270358,0.0,7.180629857402935e-19
2020-04-08,0.00799297768627391,0.0,0.39789072797296415,1.6951435273679496e-19,0.6021092720270358,0.0,7.180629857402935e-19
2020-04-09,0.021851645581692333,0.0061981772578297845,0.39169255071513437,0.0,0.6083074492848656,1.923072747971927e-19,3.447468931782269e-19
2020-04-13,0.006850491507972496,0.0,0.39169255071513437,0.0,0.6083074492848656,1.923072747971927e-19,3.447468931782269e-19
2020-04-14,0.01633822460194871,0.0,0.39169255071513437,0.0,0.6083074492848656,1.923072747971927e-19,3.447468931782269e-19
2020-04-15,-0.011426245056432407,0.0,0.39169255071513437,0.0,0.6083074492848656,1.923072747971927e-19,3.447468931782269e-19
2020-04-16,0.0013635978057577138,0.0,0.39169255071513437,0.0,0.6083074492848656,1.923072747971927e-19,3.447468931782269e-19
2020-04-17,-0.0012301507003193797,0.0,0.39169255071513437,0.0,0.6083074492848656,1.923072747971927e-19,3.447468931782269e-19
2020-04-20,-0.0025658913208483417,0.0,0.39169255071513437,0.0,0.6083074492848656,1.923072747971927e-19,3.447468931782269e-19
2020-04-21,-0.016044987055344958,0.0,0.39169255071513437,0.0,0.6083074492848656,1.923072747971927e-19,3.447468931782269e-19
2020-04-22,0.0206594672147899,0.0,0.39169255071513437,0.0,0.6083074492848656,1.923072747971927e-19,3.447468931782269e-19
2020-04-23,0.006027359446301233,0.0,0.39169255071513437,0.0,0.6083074492848656,1.923072747971927e-19,3.447468931782269e-19
2020-04-24,0.00271385710357312,0.007620754384363354,0.38407179633077104,3.568106662002588e-20,0.615928203669229,0.0,1.848515499421903e-19
2020-04-27,0.0014478305013465658,0.0,0.38407179633077104,3.568106662002588e-20,0.615928203669229,0.0,1.848515499421903e-19
2020-04-28,-0.0045110626446328095,0.0,0.38407179633077104,3.568106662002588e-20,0.615928203669229,0.0,1.848515499421903e-19
2020-04-29,0.013462529317404048,0.0,0.38407179633077104,3.568106662002588e-20,0.615928203669229,0.0,1.848515499421903e-19
2020-04-30,-0.014734419055707734,0.0,0.38407179633077104,3.568106662002588e-20,0.615928203669229,0.0,1.848515499421903e-19
2020-05-01,-0.006366582567062004,0.0,0.38407179633077104,3.568106662002588e-20,0.615928203669229,0.0,1.848515499421903e-19
2020-05-04,0.0032179976222998837,0.0,0.38407179633077104,3.568106662002588e-20,0.615928203669229,0.0,1.848515499421903e-19
2020-05-05,0.0061607862625290225,0.0,0.38407179633077104,3.568106662002588e-20,0.615928203669229,0.0,1.848515499421903e-19
2020-05-06,-0.010521742366469557,0.0,0.38407179633077104,3.568106662002588e-20,0.615928203669229,0.0,1.848515499421903e-19
2020-05-07,0.014089556668692542,0.0,0.38407179633077104,3.568106662002588e-20,0.615928203669229,0.0,1.848515499421903e-19
2020-05-08,0.002494687126314032,0.007021408984740352,0.3770503873460307,2.948608747192688e-20,0.6229496126539693,0.0,0.0
2020-05-11,-0.003805890382271059,0.0,0.3770503873460307,2.948608747192688e-20,0.6229496126539693,0.0,0.0
2020-05-12,-0.0050923862951457064,0.0,0.3770503873460307,2.948608747192688e-20,0.6229496126539693,0.0,0.0
2020-05-13,-0.0006741874674583943,0.0,0.3770503873460307,2.948608747192688e-20,0.6229496126539693,0.0,0.0
2020-05-14,0.010025494342045341,0.0,0.3770503873460307,2.948608747192688e-20,0.6229496126539693,0.0,0.0
2020-05-15,0.00524899057322138,0.0,0.3770503873460307,2.948608747192688e-20,0.6229496126539693,0.0,0.0
2020-05-18,0.0067728293285400035,0.0,0.3770503873460307,2.948608747192688e-20,0.6229496126539693,0.0,0.0
2020-05-19,0.0021389120361047015,0.0,0.3770503873460307,2.948608747192688e-20,0.6229496126539693,0.0,0.0
2020-05-20,0.007884249419036884,0.0,0.3770503873460307,2.948608747192688e-20,0.6229496126539693,0.0,0.0
2020-05-21,-0.011683463115997418,0.0,0.3770503873460307,2.948608747192688e-20,0.6229496126539693,0.0,0.0
2020-05-22,0.004427211021027071,0.006281040491883688,0.37076934685414703,0.0,0.629230653145853,0.0,0.0
2020-05-26,-0.0043763795409059204,0.0,0.37076934685414703,0.0,0.629230653145853,0.0,0.0
2020-05-27,0.006650851762305876,0.0,0.37076934685414703,0.0,0.629230653145853,0.0,0.0
2020-05-28,0.0014240505559628546,0.0,0.37076934685414703,0.0,0.629230653145853,0.0,0.0
2020-05-29,0.006282312733197335,0.0,0.37076934685414703,0.0,0.629230653145853,0.0,0.0
2020-06-01,0.0043953684226437405,0.0,0.37076934685414703,0.0,0.629230653145853,0.0,0.0
2020-06-02,-0.001005303014979952,0.0,0.37076934685414703,0.0,0.629230653145853,0.0,0.0
2020-06-03,-0.006675198682674119,0.0,0.37076934685414703,0.0,0.629230653145853,0.0,0.0
2020-06-04,0.005649567436171979,0.0,0.37076934685414703,0.0,0.629230653145853,0.0,0.0
2020-06-05,-0.0032552505968368845,0.0,0.37076934685414703,0.0,0.629230653145853,0.0,0.0
2020-06-08,0.011286766083050992,0.0036300695591078014,0.36713927729503926,0.0,0.6328607227049609,0.0,3.9522383970228987e-19
2020-06-09,0.0033642355238670332,0.0,0.36713927729503926,0.0,0.6328607227049609,0.0,3.9522383970228987e-19
2020-06-10,0.007016923739410576,0.0,0.36713927729503926,0.0,0.6328607227049609,0.0,3.9522383970228987e-19
2020-06-11,-0.02573060655559794,0.0,0.36713927729503926,0.0,0.6328607227049609,0.0,3.9522383970228987e-19
2020-06-12,0.005292916190302897,0.0,0.36713927729503926,0.0,0.6328607227049609,0.0,3.9522383970228987e-19
2020-06-15,0.0022989951239871208,0.0,0.36713927729503926,0.0,0.6328607227049609,0.0,3.9522383970228987e-19
2020-06-16,0.0067547235303241,0.0,0.36713927729503926,0.0,0.6328607227049609,0.0,3.9522383970228987e-19
2020-06-17,-0.000315984424066174,0.0,0.36713927729503926,0.0,0.6328607227049609,0.0,3.9522383970228987e-19
2020-06-18,-0.001104333022245761,0.0,0.36713927729503926,0.0,0.6328607227049609,0.0,3.9522383970228987e-19
2020-06-19,0.004884306514349088,0.0,0.36713927729503926,0.0,0.6328607227049609,0.0,3.9522383970228987e-19
2020-06-22,0.006445097727543847,0.004797449214848953,0.3623418280801903,1.8637655236129595e-19,0.6376581719198098,0.0,2.8931151547113424e-21
2020-06-23,0.007036908512107485,0.0,0.3623418280801903,1.8637655236129595e-19,0.6376581719198098,0.0,2.8931151547113424e-21
2020-06-24,-0.011464385716752836,0.0,0.3623418280801903,1.8637655236129595e-19,0.6376581719198098,0.0,2.8931151547113424e-21
2020-06-25,0.0034999728057633107,0.0,0.3623418280801903,1.8637655236129595e-19,0.6376581719198098,0.0,2.8931151547113424e-21
2020-06-26,-0.005759982245905752,0.0,0.3623418280801903,1.8637655236129595e-19,0.6376581719198098,0.0,2.8931151547113424e-21
2020-06-29,0.005670066500750745,0.0,0.3623418280801903,1.8637655236129595e-19,0.6376581719198098,0.0,2.8931151547113424e-21
2020-06-30,0.0074733527493695325,0.0,0.3623418280801903,1.8637655236129595e-19,0.6376581719198098,0.0,2.8931151547113424e-21
2020-07-01,-0.0003192648810124237,0.0,0.3623418280801903,1.8637655236129595e-19,0.6376581719198098,0.0,2.8931151547113424e-21
2020-07-02,0.0033582925930811074,0.0044039018094378934,0.3579379262707523,0.0,0.6420620737292476,3.147173700070279e-19,0.0
2020-07-06,0.009370733102142575,0.0,0.3579379262707523,0.0,0.6420620737292476,3.147173700070279e-19,0.0
2020-07-07,0.0004246174511833746,0.003890983213315047,0.3540469430574373,0.0,0.6459530569425627,0.0,0.0
2020-07-08,0.006720396858698756,0.0,0.3540469430574373,0.0,0.6459530569425627,0.0,0.0
2020-07-09,-0.003762595292410811,0.0,0.3540469430574373,0.0,0.6459530569425627,0.0,0.0
2020-07-10,0.0019394631779487157,0.0,0.3540469430574373,0.0,0.6459530569425627,0.0,0.0
2020-07-13,-0.0022639927233835937,0.0,0.3540469430574373,0.0,0.6459530569425627,0.0,0.0
2020-07-14,0.007600633789331575,0.0,0.3540469430574373,0.0,0.6459530569425627,0.0,0.0
2020-07-15,0.0038219392391989683,0.0,0.3540469430574373,0.0,0.6459530569425627,0.0,0.0
2020-07-16,-0.007271245302538466,0.0,0.3540469430574373,0.0,0.6459530569425627,0.0,0.0
2020-07-17,0.0063477956537307725,0.0,0.3540469430574373,0.0,0.6459530569425627,0.0,0.0
2020-07-20,0.005974797101025628,0.0,0.3540469430574373,0.0,0.6459530569425627,0.0,0.0
2020-07-21,0.00857246555350052,0.0035118532990933427,0.350535089758344,0.0,0.6494649102416561,0.0,3.2243431406532794e-19
2020-07-22,0.011868597577580145,0.0,0.350535089758344,0.0,0.6494649102416561,0.0,3.2243431406532794e-19
2020-07-23,0.0015492344632240692,0.0,0.350535089758344,0.0,0.6494649102416561,0.0,3.2243431406532794e-19
2020-07-24,0.0033142121556592246,0.0,0.350535089758344,0.0,0.6494649102416561,0.0,3.2243431406532794e-19
2020-07-27,0.015385633947638117,0.0,0.350535089758344,0.0,0.6494649102416561,0.0,3.2243431406532794e-19
2020-07-28,0.0031940144845949573,0.0,0.350535089758344,0.0,0.6494649102416561,0.0,3.2243431406532794e-19
2020-07-29,0.009188677876371633,0.0,0.350535089758344,0.0,0.6494649102416561,0.0,3.2243431406532794e-19
2020-07-30,-0.006056779842760567,0.0,0.350535089758344,0.0,0.6494649102416561,0.0,3.2243431406532794e-19
2020-07-31,0.008672275321736525,0.0,0.350535089758344,0.0,0.6494649102416561,0.0,3.2243431406532794e-19
2020-08-03,0.0031725349808028433,0.0,0.350535089758344,0.0,0.6494649102416561,0.0,3.2243431406532794e-19
2020-08-04,0.015260878071772814,0.005041145180846945,0.345493944577497,0.0,0.654506055422503,8.300880208535531e-19,3.093512904461338e-19
2020-08-05,0.008221741662666206,0.0,0.345493944577497,0.0,0.654506055422503,8.300880208535531e-19,3.093512904461338e-19
2020-08-06,0.010997427393048783,0.0,0.345493944577497,0.0,0.654506055422503,8.300880208535531e-19,3.093512904461338e-19
2020-08-07,-0.010148925945423192,0.0,0.345493944577497,0.0,0.654506055422503,8.300880208535531e-19,3.093512904461338e-19
2020-08-10,-0.0012313529015441267,0.0,0.345493944577497,0.0,0.654506055422503,8.300880208535531e-19,3.093512904461338e-19
2020-08-11,-0.03799520378906508,0.0,0.345493944577497,0.0,0.654506055422503,8.300880208535531e-19,3.093512904461338e-19
2020-08-12,0.0017616098406011177,0.0,0.345493944577497,0.0,0.654506055422503,8.300880208535531e-19,3.093512904461338e-19
2020-08-13,0.014833644315881422,0.0,0.345493944577497,0.0,0.654506055422503,8.300880208535531e-19,3.093512904461338e-19
2020-08-14,-0.002810117157678281,0.0,0.345493944577497,0.0,0.654506055422503,8.300880208535531e-19,3.093512904461338e-19
2020-08-17,0.015296256885535516,0.0,0.345493944577497,0.0,0.654506055422503,8.300880208535531e-19,3.093512904461338e-19
2020-08-18,0.006669990693833121,0.004058324228280646,0.3414356203492164,3.8791248505935404e-19,0.6585643796507836,7.034749001101567e-19,0.0
2020-08-19,-0.022209508226172157,0.0,0.3414356203492164,3.8791248505935404e-19,0.6585643796507836,7.034749001101567e-19,0.0
2020-08-20,0.005616333277451622,0.0,0.3414356203492164,3.8791248505935404e-19,0.6585643796507836,7.034749001101567e-19,0.0
2020-08-21,-0.004064540717420752,0.0,0.3414356203492164,3.8791248505935404e-19,0.6585643796507836,7.034749001101567e-19,0.0
2020-08-24,-0.0002666072795622012,0.0,0.3414356203492164,3.8791248505935404e-19,0.6585643796507836,7.034749001101567e-19,0.0
2020-08-25,0.0019952711831751234,0.0,0.3414356203492164,3.8791248505935404e-19,0.6585643796507836,7.034749001101567e-19,0.0
2020-08-26,0.011200037103225601,0.0,0.3414356203492164,3.8791248505935404e-19,0.6585643796507836,7.034749001101567e-19,0.0
2020-08-27,-0.006867861830312683,0.0,0.3414356203492164,3.8791248505935404e-19,0.6585643796507836,7.034749001101567e-19,0.0
2020-08-28,0.013651537077678766,0.0,0.3414356203492164,3.8791248505935404e-19,0.6585643796507836,7.034749001101567e-19,0.0
2020-08-31,0.0003347041544590436,0.0,0.3414356203492164,3.8791248505935404e-19,0.6585643796507836,7.034749001101567e-19,0.0
2020-09-01,0.003977310762229473,0.002723806681549119,0.3387118136676673,0.0,0.6612881863323328,1.3887342044119782e-19,5.978766963764913e-19
2020-09-02,-0.0037846697673357115,0.0,0.3387118136676673,0.0,0.6612881863323328,1.3887342044119782e-19,5.978766963764913e-19
2020-09-03,-0.017015841592634952,0.0,0.3387118136676673,0.0,0.6612881863323328,1.3887342044119782e-19,5.978766963764913e-19
2020-09-04,-0.0009400270785424855,0.0,0.3387118136676673,0.0,0.6612881863323328,1.3887342044119782e-19,5.978766963764913e-19
2020-09-08,-0.010528848483351283,0.0,0.3387118136676673,0.0,0.6612881863323328,1.3887342044119782e-19,5.978766963764913e-19
2020-09-09,0.013108546287308937,0.0,0.3387118136676673,0.0,0.6612881863323328,1.3887342044119782e-19,5.978766963764913e-19
2020-09-10,-0.0080126256242634,0.0,0.3387118136676673,0.0,0.6612881863323328,1.3887342044119782e-19,5.978766963764913e-19
2020-09-11,0.00013609917870330892,0.0,0.3387118136676673,0.0,0.6612881863323328,1.3887342044119782e-19,5.978766963764913e-19
2020-09-14,0.009680552950462374,0.0,0.3387118136676673,0.0,0.6612881863323328,1.3887342044119782e-19,5.978766963764913e-19
2020-09-15,0.00012894241994318035,0.0,0.3387118136676673,0.0,0.6612881863323328,1.3887342044119782e-19,5.978766963764913e-19
2020-09-16,0.000551137505117621,0.003052022149815759,0.33565979151785147,2.16908684721719e-19,0.6643402084821485,3.199081055360287e-20,1.229216971279337e-19
2020-09-17,-0.00659945388404377,0.0,0.33565979151785147,2.16908684721719e-19,0.6643402084821485,3.199081055360287e-20,1.229216971279337e-19
2020-09-18,-0.0029929882104090233,0.0,0.33565979151785147,2.16908684721719e-19,0.6643402084821485,3.199081055360287e-20,1.229216971279337e-19
2020-09-21,-0.01708052505837545,0.0,0.33565979151785147,2.16908684721719e-19,0.6643402084821485,3.199081055360287e-20,1.229216971279337e-19
2020-09-22,0.0001988605295226296,0.0,0.33565979151785147,2.16908684721719e-19,0.6643402084821485,3.199081055360287e-20,1.229216971279337e-19
2020-09-23,-0.022138246345248212,0.0,0.33565979151785147,2.16908684721719e-19,0.6643402084821485,3.199081055360287e-20,1.229216971279337e-19
2020-09-24,0.0033651791649034735,0.0,0.33565979151785147,2.16908684721719e-19,0.6643402084821485,3.199081055360287e-20,1.229216971279337e-19
2020-09-25,0.0035332171010408957,0.0,0.33565979151785147,2.16908684721719e-19,0.6643402084821485,3.199081055360287e-20,1.229216971279337e-19
2020-09-28,0.012258783553958586,0.0,0.33565979151785147,2.16908684721719e-19,0.6643402084821485,3.199081055360287e-20,1.229216971279337e-19
2020-09-29,0.003795997935894422,0.0015948072478891573,0.33406498426996234,6.167834429363232e-20,0.6659350157300377,1.2437599125179413e-19,0.0
2020-09-30,-0.001493976505081575,0.002071042994165384,0.33199394127579696,1.8305972728967105e-20,0.668006058724203,3.1190552182339534e-19,0.0
2020-10-01,0.008090337406513071,0.0,0.33199394127579696,1.8305972728967105e-20,0.668006058724203,3.1190552182339534e-19,0.0
2020-10-02,-0.00375023134406881,0.0,0.33199394127579696,1.8305972728967105e-20,0.668006058724203,3.1190552182339534e-19,0.0
2020-10-05,0.009142341566084525,0.0,0.33199394127579696,1.8305972728967105e-20,0.668006058724203,3.1190552182339534e-19,0.0
2020-10-06,-0.012571909542866466,0.0015920611189982894,0.3304018801567987,0.0,0.6695981198432014,6.092775501866696e-19,0.0
2020-10-07,0.005449049176454393,0.0,0.3304018801567987,0.0,0.6695981198432014,6.092775501866696e-19,0.0
2020-10-08,0.005308536075321185,0.0,0.3304018801567987,0.0,0.6695981198432014,6.092775501866696e-19,0.0
2020-10-09,0.015111420174717359,0.0,0.3304018801567987,0.0,0.6695981198432014,6.092775501866696e-19,0.0
2020-10-12,0.00854787500755169,0.6695981198432011,0.7999999999999996,0.0,2.0958317879042702e-16,0.2,2.246466901389965e-16
2020-10-13,-0.002442191672757409,0.0,0.7999999999999996,0.0,2.0958317879042702e-16,0.2,2.246466901389965e-16
2020-10-14,-0.0013723759156710953,0.0,0.7999999999999996,0.0,2.0958317879042702e-16,0.2,2.246466901389965e-16
2020-10-15,-0.0012647827100759487,0.0,0.7999999999999996,0.0,2.0958317879042702e-16,0.2,2.246466901389965e-16
2020-10-16,-0.0020037210617223308,0.0,0.7999999999999996,0.0,2.0958317879042702e-16,0.2,2.246466901389965e-16
2020-10-19,-0.01306806540487801,0.0,0.7999999999999996,0.0,2.0958317879042702e-16,0.2,2.246466901389965e-16
2020-10-20,0.00642229282486899,0.0,0.7999999999999996,0.0,2.0958317879042702e-16,0.2,2.246466901389965e-16
2020-10-21,-0.008054683919613458,0.0,0.7999999999999996,0.0,2.0958317879042702e-16,0.2,2.246466901389965e-16
2020-10-22,0.007306453659020248,0.0,0.7999999999999996,0.0,2.0958317879042702e-16,0.2,2.246466901389965e-16
2020-10-23,-0.00170339916981144,0.0,0.7999999999999996,0.0,2.0958317879042702e-16,0.2,2.246466901389965e-16
2020-10-26,-0.020307762635870013,0.0,0.7999999999999996,0.0,2.0958317879042702e-16,0.2,2.246466901389965e-16
2020-10-27,0.0015212892791620202,0.0,0.7999999999999996,0.0,2.0958317879042702e-16,0.2,2.246466901389965e-16
2020-10-28,-0.03731054187527595,0.0,0.7999999999999996,0.0,2.0958317879042702e-16,0.2,2.246466901389965e-16
2020-10-29,0.0027331965763507764,0.0,0.7999999999999996,0.0,2.0958317879042702e-16,0.2,2.246466901389965e-16
2020-10-30,-0.01107423154643396,0.0,0.7999999999999996,0.0,2.0958317879042702e-16,0.2,2.246466901389965e-16
2020-11-02,0.016967029844868926,0.0,0.7999999999999996,0.0,2.0958317879042702e-16,0.2,2.246466901389965e-16
2020-11-03,0.01762780496960507,0.0,0.7999999999999996,0.0,2.0958317879042702e-16,0.2,2.246466901389965e-16
2020-11-04,0.023268575055285005,0.0,0.7999999999999996,0.0,2.0958317879042702e-16,0.2,2.246466901389965e-16
2020-11-05,0.013561505457760288,0.0,0.7999999999999996,0.0,2.0958317879042702e-16,0.2,2.246466901389965e-16
2020-11-06,-0.005263602691012804,0.0,0.7999999999999996,0.0,2.0958317879042702e-16,0.2,2.246466901389965e-16
2020-11-09,0.02214178660220395,0.0,0.7999999999999996,0.0,2.0958317879042702e-16,0.2,2.246466901389965e-16
2020-11-10,0.001576897437340676,0.10809703061157477,0.8,5.431435972308862e-19,2.1163626406917047e-16,0.09190296938842522,0.10809703061157454
2020-11-11,0.006485505367747256,0.0,0.8,5.431435972308862e-19,2.1163626406917047e-16,0.09190296938842522,0.10809703061157454
2020-11-12,-0.008963337203898239,0.0,0.8,5.431435972308862e-19,2.1163626406917047e-16,0.09190296938842522,0.10809703061157454
2020-11-13,0.009160550353035389,0.0,0.8,5.431435972308862e-19,2.1163626406917047e-16,0.09190296938842522,0.10809703061157454
2020-11-16,0.011948561099954208,0.0,0.8,5.431435972308862e-19,2.1163626406917047e-16,0.09190296938842522,0.10809703061157454
2020-11-17,-0.004284205998810503,0.0,0.8,5.431435972308862e-19,2.1163626406917047e-16,0.09190296938842522,0.10809703061157454
2020-11-18,-0.0091708333726743,0.0,0.8,5.431435972308862e-19,2.1163626406917047e-16,0.09190296938842522,0.10809703061157454
2020-11-19,0.0034801073373056488,0.0,0.8,5.431435972308862e-19,2.1163626406917047e-16,0.09190296938842522,0.10809703061157454
2020-11-20,-0.004779444000567951,0.0,0.8,5.431435972308862e-19,2.1163626406917047e-16,0.09190296938842522,0.10809703061157454
2020-11-23,0.005753765548442887,0.0,0.8,5.431435972308862e-19,2.1163626406917047e-16,0.09190296938842522,0.10809703061157454
2020-11-24,0.01635662638198169,0.0,0.8,5.431435972308862e-19,2.1163626406917047e-16,0.09190296938842522,0.10809703061157454
2020-11-25,0.0002932695911444991,0.0,0.8,5.431435972308862e-19,2.1163626406917047e-16,0.09190296938842522,0.10809703061157454
2020-11-27,0.0015708059082309954,0.0,0.8,5.431435972308862e-19,2.1163626406917047e-16,0.09190296938842522,0.10809703061157454
2020-11-30,-0.004015805565918507,0.0,0.8,5.431435972308862e-19,2.1163626406917047e-16,0.09190296938842522,0.10809703061157454
2020-12-01,0.006753441768966646,0.0,0.8,5.431435972308862e-19,2.1163626406917047e-16,0.09190296938842522,0.10809703061157454
2020-12-02,0.0026013162241131805,0.0,0.8,5.431435972308862e-19,2.1163626406917047e-16,0.09190296938842522,0.10809703061157454
2020-12-03,4.0878763705097396e-05,0.0,0.8,5.431435972308862e-19,2.1163626406917047e-16,0.09190296938842522,0.10809703061157454
2020-12-04,0.007938594509683976,0.0,0.8,5.431435972308862e-19,2.1163626406917047e-16,0.09190296938842522,0.10809703061157454
2020-12-07,-0.0019330689027903158,0.0,0.8,5.431435972308862e-19,2.1163626406917047e-16,0.09190296938842522,0.10809703061157454
2020-12-08,0.002502542841692539,0.0,0.8,5.431435972308862e-19,2.1163626406917047e-16,0.09190296938842522,0.10809703061157454
2020-12-09,-0.007336145225126153,0.0,0.8,5.431435972308862e-19,2.1163626406917047e-16,0.09190296938842522,0.10809703061157454
2020-12-10,0.0016883379780843395,0.0,0.8,5.431435972308862e-19,2.1163626406917047e-16,0.09190296938842522,0.10809703061157454
2020-12-11,-0.0011597971565856383,0.0,0.8,5.431435972308862e-19,2.1163626406917047e-16,0.09190296938842522,0.10809703061157454
2020-12-14,-0.0032282831827185224,0.0,0.8,5.431435972308862e-19,2.1163626406917047e-16,0.09190296938842522,0.10809703061157454
2020-12-15,0.011519264173688721,0.0,0.8,5.431435972308862e-19,2.1163626406917047e-16,0.09190296938842522,0.10809703061157454
2020-12-16,0.0016874228146026085,0.0,0.8,5.431435972308862e-19,2.1163626406917047e-16,0.09190296938842522,0.10809703061157454
2020-12-17,0.005075389003964301,0.0,0.8,5.431435972308862e-19,2.1163626406917047e-16,0.09190296938842522,0.10809703061157454
2020-12-18,-0.0021734566935999924,0.0,0.8,5.431435972308862e-19,2.1163626406917047e-16,0.09190296938842522,0.10809703061157454
2020-12-21,-0.004943459084111732,0.0,0.8,5.431435972308862e-19,2.1163626406917047e-16,0.09190296938842522,0.10809703061157454
2020-12-22,-0.00231875411996071,0.0,0.8,5.431435972308862e-19,2.1163626406917047e-16,0.09190296938842522,0.10809703061157454
2020-12-23,0.0021224595806924253,0.0,0.8,5.431435972308862e-19,2.1163626406917047e-16,0.09190296938842522,0.10809703061157454
2020-12-24,0.0036782378092356897,0.0,0.8,5.431435972308862e-19,2.1163626406917047e-16,0.09190296938842522,0.10809703061157454
2020-12-28,0.005951303044340776,0.0,0.8,5.431435972308862e-19,2.1163626406917047e-16,0.09190296938842522,0.10809703061157454
2020-12-29,-0.00134544590211622,0.0,0.8,5.431435972308862e-19,2.1163626406917047e-16,0.09190296938842522,0.10809703061157454
2020-12-30,0.0010604555892649338,0.0,0.8,5.431435972308862e-19,2.1163626406917047e-16,0.09190296938842522,0.10809703061157454
2020-12-31,0.004657042034274621,0.0,0.8,5.431435972308862e-19,2.1163626406917047e-16,0.09190296938842522,0.10809703061157454
2021-01-04,-0.012555982116357505,0.0,0.8,5.431435972308862e-19,2.1163626406917047e-16,0.09190296938842522,0.10809703061157454
2021-01-05,0.009313807531589852,0.0,0.8,5.431435972308862e-19,2.1163626406917047e-16,0.09190296938842522,0.10809703061157454
2021-01-06,0.005108657932787513,0.0,0.8,5.431435972308862e-19,2.1163626406917047e-16,0.09190296938842522,0.10809703061157454
2021-01-07,0.013645650844009382,0.0,0.8,5.431435972308862e-19,2.1163626406917047e-16,0.09190296938842522,0.10809703061157454
2021-01-08,0.0071322737419169425,0.0,0.8,5.431435972308862e-19,2.1163626406917047e-16,0.09190296938842522,0.10809703061157454
2021-01-11,-0.005165648335490238,0.0,0.8,5.431435972308862e-19,2.1163626406917047e-16,0.09190296938842522,0.10809703061157454
2021-01-12,0.0012616763166935633,0.0,0.8,5.431435972308862e-19,2.1163626406917047e-16,0.09190296938842522,0.10809703061157454
2021-01-13,0.0022544206199425197,0.0,0.8,5.431435972308862e-19,2.1163626406917047e-16,0.09190296938842522,0.10809703061157454
2021-01-14,-0.0018939286686388604,0.0,0.8,5.431435972308862e-19,2.1163626406917047e-16,0.09190296938842522,0.10809703061157454
2021-01-15,-0.0074053101132127725,0.0,0.8,5.431435972308862e-19,2.1163626406917047e-16,0.09190296938842522,0.10809703061157454
2021-01-19,0.007038758124799656,0.0,0.8,5.431435972308862e-19,2.1163626406917047e-16,0.09190296938842522,0.10809703061157454
2021-01-20,0.011129325998817023,0.0,0.8,5.431435972308862e-19,2.1163626406917047e-16,0.09190296938842522,0.10809703061157454
2021-01-21,0.00016523311159031997,0.0,0.8,5.431435972308862e-19,2.1163626406917047e-16,0.09190296938842522,0.10809703061157454
2021-01-22,-0.003971251743033531,0.0,0.8,5.431435972308862e-19,2.1163626406917047e-16,0.09190296938842522,0.10809703061157454
2021-01-25,0.0042272425851201745,0.0,0.8,5.431435972308862e-19,2.1163626406917047e-16,0.09190296938842522,0.10809703061157454
2021-01-26,-0.0019206970600509853,0.0,0.8,5.431435972308862e-19,2.1163626406917047e-16,0.09190296938842522,0.10809703061157454
2021-01-27,-0.018755461995158394,0.0,0.8,5.431435972308862e-19,2.1163626406917047e-16,0.09190296938842522,0.10809703061157454
2021-01-28,0.0059677333741237825,0.0,0.8,5.431435972308862e-19,2.1163626406917047e-16,0.09190296938842522,0.10809703061157454
2021-01-29,-0.016065147609725487,0.0,0.8,5.431435972308862e-19,2.1163626406917047e-16,0.09190296938842522,0.10809703061157454
2021-02-01,0.016303239405211008,0.0,0.8,5.431435972308862e-19,2.1163626406917047e-16,0.09190296938842522,0.10809703061157454
2021-02-02,0.01322537079154812,0.0,0.8,5.431435972308862e-19,2.1163626406917047e-16,0.09190296938842522,0.10809703061157454
2021-02-03,0.002132456213417169,0.0,0.8,5.431435972308862e-19,2.1163626406917047e-16,0.09190296938842522,0.10809703061157454
2021-02-04,0.010485049556521535,0.0,0.8,5.431435972308862e-19,2.1163626406917047e-16,0.09190296938842522,0.10809703061157454
2021-02-05,0.0034588595928754344,0.0,0.8,5.431435972308862e-19,2.1163626406917047e-16,0.09190296938842522,0.10809703061157454
2021-02-08,0.0075382342742651084,0.0,0.8,5.431435972308862e-19,2.1163626406917047e-16,0.09190296938842522,0.10809703061157454
2021-02-09,-0.0005628267921983011,0.0,0.8,5.431435972308862e-19,2.1163626406917047e-16,0.09190296938842522,0.10809703061157454
2021-02-10,-0.00013490184204161887,0.0,0.8,5.431435972308862e-19,2.1163626406917047e-16,0.09190296938842522,0.10809703061157454
2021-02-11,0.0005224704012487043,0.0,0.8,5.431435972308862e-19,2.1163626406917047e-16,0.09190296938842522,0.10809703061157454
2021-02-12,0.006328145161729254,0.0,0.8,5.431435972308862e-19,2.1163626406917047e-16,0.09190296938842522,0.10809703061157454
2021-02-16,0.0004808064439617329,0.0,0.8,5.431435972308862e-19,2.1163626406917047e-16,0.09190296938842522,0.10809703061157454
2021-02-17,0.0016264363222279754,0.0,0.8,5.431435972308862e-19,2.1163626406917047e-16,0.09190296938842522,0.10809703061157454
2021-02-18,-0.005151288162573246,0.0,0.8,5.431435972308862e-19,2.1163626406917047e-16,0.09190296938842522,0.10809703061157454
2021-02-19,-0.0030251517840351686,0.0,0.8,5.431435972308862e-19,2.1163626406917047e-16,0.09190296938842522,0.10809703061157454
2021-02-22,-0.0027584677837246612,0.0,0.8,5.431435972308862e-19,2.1163626406917047e-16,0.09190296938842522,0.10809703061157454
2021-02-23,0.0018176920191008306,0.0,0.8,5.431435972308862e-19,2.1163626406917047e-16,0.09190296938842522,0.10809703061157454
2021-02-24,0.01058070059992055,0.0,0.8,5.431435972308862e-19,2.1163626406917047e-16,0.09190296938842522,0.10809703061157454
2021-02-25,-0.019006701816366413,0.0,0.8,5.431435972308862e-19,2.1163626406917047e-16,0.09190296938842522,0.10809703061157454
2021-02-26,-0.005811898574833372,0.0,0.8,5.431435972308862e-19,2.1163626406917047e-16,0.09190296938842522,0.10809703061157454
2021-03-01,0.017900842014357196,0.0,0.8,5.431435972308862e-19,2.1163626406917047e-16,0.09190296938842522,0.10809703061157454
2021-03-02,-0.00783876861193716,0.0,0.8,5.431435972308862e-19,2.1163626406917047e-16,0.09190296938842522,0.10809703061157454
2021-03-03,-0.007832938673741473,0.0,0.8,5.431435972308862e-19,2.1163626406917047e-16,0.09190296938842522,0.10809703061157454
2021-03-04,-0.004882826074600598,0.0,0.8,5.431435972308862e-19,2.1163626406917047e-16,0.09190296938842522,0.10809703061157454
2021-03-05,0.01803449863858104,0.0,0.8,5.431435972308862e-19,2.1163626406917047e-16,0.09190296938842522,0.10809703061157454
2021-03-08,-0.005316150628430042,0.0,0.8,5.431435972308862e-19,2.1163626406917047e-16,0.09190296938842522,0.10809703061157454
2021-03-09,0.009990682199197213,0.0,0.8,5.431435972308862e-19,2.1163626406917047e-16,0.09190296938842522,0.10809703061157454
2021-03-10,0.00614820275662941,0.0,0.8,5.431435972308862e-19,2.1163626406917047e-16,0.09190296938842522,0.10809703061157454
2021-03-11,0.009393667675612298,0.0,0.8,5.431435972308862e-19,2.1163626406917047e-16,0.09190296938842522,0.10809703061157454
2021-03-12,0.0009137387846016303,0.0,0.8,5.431435972308862e-19,2.1163626406917047e-16,0.09190296938842522,0.10809703061157454
2021-03-15,0.0048033140137175535,0.0,0.8,5.431435972308862e-19,2.1163626406917047e-16,0.09190296938842522,0.10809703061157454
2021-03-16,-0.0019020123636009196,0.0,0.8,5.431435972308862e-19,2.1163626406917047e-16,0.09190296938842522,0.10809703061157454
2021-03-17,0.002182600699852067,0.0,0.8,5.431435972308862e-19,2.1163626406917047e-16,0.09190296938842522,0.10809703061157454
2021-03-18,-0.018007077698439896,0.0,0.8,5.431435972308862e-19,2.1163626406917047e-16,0.09190296938842522,0.10809703061157454
2021-03-19,0.00151582574591375,0.0,0.8,5.431435972308862e-19,2.1163626406917047e-16,0.09190296938842522,0.10809703061157454
2021-03-22,0.00603773061916067,0.0,0.8,5.431435972308862e-19,2.1163626406917047e-16,0.09190296938842522,0.10809703061157454
2021-03-23,-0.010796882371713439,0.0,0.8,5.431435972308862e-19,2.1163626406917047e-16,0.09190296938842522,0.10809703061157454
2021-03-24,0.0010492919703910626,0.0,0.8,5.431435972308862e-19,2.1163626406917047e-16,0.09190296938842522,0.10809703061157454
2021-03-25,0.001345104505390736,0.0,0.8,5.431435972308862e-19,2.1163626406917047e-16,0.09190296938842522,0.10809703061157454
2021-03-26,0.01654070191912633,0.0,0.8,5.431435972308862e-19,2.1163626406917047e-16,0.09190296938842522,0.10809703061157454
2021-03-29,0.0007183685239418698,0.0,0.8,5.431435972308862e-19,2.1163626406917047e-16,0.09190296938842522,0.10809703061157454
2021-03-30,-0.003334749322469276,0.0,0.8,5.431435972308862e-19,2.1163626406917047e-16,0.09190296938842522,0.10809703061157454
2021-03-31,0.0017279567756398329,0.0,0.8,5.431435972308862e-19,2.1163626406917047e-16,0.09190296938842522,0.10809703061157454
2021-04-01,0.011136491100044301,0.0,0.8,5.431435972308862e-19,2.1163626406917047e-16,0.09190296938842522,0.10809703061157454
2021-04-05,0.007709958146490883,0.0,0.8,5.431435972308862e-19,2.1163626406917047e-16,0.09190296938842522,0.10809703061157454
2021-04-06,0.00022577889397326178,0.0,0.8,5.431435972308862e-19,2.1163626406917047e-16,0.09190296938842522,0.10809703061157454
2021-04-07,0.0014175385342978684,0.0,0.8,5.431435972308862e-19,2.1163626406917047e-16,0.09190296938842522,0.10809703061157454
2021-04-08,0.0032298977832842073,0.0,0.8,5.431435972308862e-19,2.1163626406917047e-16,0.09190296938842522,0.10809703061157454
2021-04-09,0.005498054944689617,0.0,0.8,5.431435972308862e-19,2.1163626406917047e-16,0.09190296938842522,0.10809703061157454
2021-04-12,0.0008360653219952911,0.0,0.8,5.431435972308862e-19,2.1163626406917047e-16,0.09190296938842522,0.10809703061157454
2021-04-13,0.003102249595491661,0.0,0.8,5.431435972308862e-19,2.1163626406917047e-16,0.09190296938842522,0.10809703061157454
2021-04-14,0.0007770819340633408,0.0,0.8,5.431435972308862e-19,2.1163626406917047e-16,0.09190296938842522,0.10809703061157454
2021-04-15,0.009085164991426208,0.0,0.8,5.431435972308862e-19,2.1163626406917047e-16,0.09190296938842522,0.10809703061157454
2021-04-16,0.0023512807385295507,0.0,0.8,5.431435972308862e-19,2.1163626406917047e-16,0.09190296938842522,0.10809703061157454
2021-04-19,-0.004246271428425392,0.0,0.8,5.431435972308862e-19,2.1163626406917047e-16,0.09190296938842522,0.10809703061157454
2021-04-20,-0.006911234257312864,0.0,0.8,5.431435972308862e-19,2.1163626406917047e-16,0.09190296938842522,0.10809703061157454
2021-04-21,0.005351833293622986,0.0,0.8,5.431435972308862e-19,2.1163626406917047e-16,0.09190296938842522,0.10809703061157454
2021-04-22,-0.006293869612980712,0.0,0.8,5.431435972308862e-19,2.1163626406917047e-16,0.09190296938842522,0.10809703061157454
2021-04-23,0.008866263434843402,0.0,0.8,5.431435972308862e-19,2.1163626406917047e-16,0.09190296938842522,0.10809703061157454
2021-04-26,0.0013887366165510843,0.0,0.8,5.431435972308862e-19,2.1163626406917047e-16,0.09190296938842522,0.10809703061157454
2021-04-27,0.0015653511705897513,0.0,0.8,5.431435972308862e-19,2.1163626406917047e-16,0.09190296938842522,0.10809703061157454
2021-04-28,0.0002675807741132696,0.0,0.8,5.431435972308862e-19,2.1163626406917047e-16,0.09190296938842522,0.10809703061157454
2021-04-29,0.0066837711691166025,0.0,0.8,5.431435972308862e-19,2.1163626406917047e-16,0.09190296938842522,0.10809703061157454
2021-04-30,-0.0064252550472754305,0.0,0.8,5.431435972308862e-19,2.1163626406917047e-16,0.09190296938842522,0.10809703061157454
2021-05-03,0.0027498519608487966,0.0,0.8,5.431435972308862e-19,2.1163626406917047e-16,0.09190296938842522,0.10809703061157454
2021-05-04,-0.002589707775224629,0.0,0.8,5.431435972308862e-19,2.1163626406917047e-16,0.09190296938842522,0.10809703061157454
2021-05-05,-0.00022404324791077285,0.0,0.8,5.431435972308862e-19,2.1163626406917047e-16,0.09190296938842522,0.10809703061157454
2021-05-06,0.005346141194874856,0.0,0.8,5.431435972308862e-19,2.1163626406917047e-16,0.09190296938842522,0.10809703061157454
2021-05-07,0.0050679354673247344,0.0,0.8,5.431435972308862e-19,2.1163626406917047e-16,0.09190296938842522,0.10809703061157454
2021-05-10,-0.007818552353756269,0.0,0.8,5.431435972308862e-19,2.1163626406917047e-16,0.09190296938842522,0.10809703061157454
2021-05-11,-0.006423027343151854,0.0,0.8,5.431435972308862e-19,2.1163626406917047e-16,0.09190296938842522,0.10809703061157454
2021-05-12,-0.01547687723577637,0.0,0.8,5.431435972308862e-19,2.1163626406917047e-16,0.09190296938842522,0.10809703061157454
2021-05-13,0.006567427392929136,0.0,0.8,5.431435972308862e-19,2.1163626406917047e-16,0.09190296938842522,0.10809703061157454
2021-05-14,0.013728988551257867,0.0,0.8,5.431435972308862e-19,2.1163626406917047e-16,0.09190296938842522,0.10809703061157454
2021-05-17,-0.0007712739525558036,0.0,0.8,5.431435972308862e-19,2.1163626406917047e-16,0.09190296938842522,0.10809703061157454
2021-05-18,-0.008496387315273482,0.0,0.8,5.431435972308862e-19,2.1163626406917047e-16,0.09190296938842522,0.10809703061157454
2021-05-19,-0.004494890416893751,0.0,0.8,5.431435972308862e-19,2.1163626406917047e-16,0.09190296938842522,0.10809703061157454
2021-05-20,0.006061124368430326,0.0,0.8,5.431435972308862e-19,2.1163626406917047e-16,0.09190296938842522,0.10809703061157454
2021-05-21,0.002342863524313765,0.0,0.8,5.431435972308862e-19,2.1163626406917047e-16,0.09190296938842522,0.10809703061157454
2021-05-24,0.010663642129107937,0.0,0.8,5.431435972308862e-19,2.1163626406917047e-16,0.09190296938842522,0.10809703061157454
2021-05-25,-0.002113426284267948,0.0,0.8,5.431435972308862e-19,2.1163626406917047e-16,0.09190296938842522,0.10809703061157454
2021-05-26,0.0025637806307795856,0.0,0.8,5.431435972308862e-19,2.1163626406917047e-16,0.09190296938842522,0.10809703061157454
2021-05-27,0.0010424662176856442,0.0,0.8,5.431435972308862e-19,2.1163626406917047e-16,0.09190296938842522,0.10809703061157454
2021-05-28,0.0012577921713517594,0.0,0.8,5.431435972308862e-19,2.1163626406917047e-16,0.09190296938842522,0.10809703061157454
2021-06-01,0.0009579976402927536,0.0,0.8,5.431435972308862e-19,2.1163626406917047e-16,0.09190296938842522,0.10809703061157454
2021-06-02,0.0023889218320049133,0.0,0.8,5.431435972308862e-19,2.1163626406917047e-16,0.09190296938842522,0.10809703061157454
2021-06-03,-0.0021613683706245357,0.0,0.8,5.431435972308862e-19,2.1163626406917047e-16,0.09190296938842522,0.10809703061157454
2021-06-04,0.007484202203601351,0.0,0.8,5.431435972308862e-19,2.1163626406917047e-16,0.09190296938842522,0.10809703061157454
2021-06-07,-0.0009350357847772639,0.0,0.8,5.431435972308862e-19,2.1163626406917047e-16,0.09190296938842522,0.10809703061157454
2021-06-08,0.0014905893087967356,0.0,0.8,5.431435972308862e-19,2.1163626406917047e-16,0.09190296938842522,0.10809703061157454
2021-06-09,-0.0016801163954787135,0.0,0.8,5.431435972308862e-19,2.1163626406917047e-16,0.09190296938842522,0.10809703061157454
2021-06-10,0.004112188652622174,0.0,0.8,5.431435972308862e-19,2.1163626406917047e-16,0.09190296938842522,0.10809703061157454
2021-06-11,0.0023185850365176185,0.0,0.8,5.431435972308862e-19,2.1163626406917047e-16,0.09190296938842522,0.10809703061157454
2021-06-14,0.002180383172060609,0.0,0.8,5.431435972308862e-19,2.1163626406917047e-16,0.09190296938842522,0.10809703061157454
2021-06-15,-0.00012303207439164684,0.0,0.8,5.431435972308862e-19,2.1163626406917047e-16,0.09190296938842522,0.10809703061157454
2021-06-16,-0.0040105406694413035,0.0,0.8,5.431435972308862e-19,2.1163626406917047e-16,0.09190296938842522,0.10809703061157454
2021-06-17,-0.0007671528724557458,0.0,0.8,5.431435972308862e-19,2.1163626406917047e-16,0.09190296938842522,0.10809703061157454
2021-06-18,-0.009830540679653846,0.0,0.8,5.431435972308862e-19,2.1163626406917047e-16,0.09190296938842522,0.10809703061157454
2021-06-21,0.012830452916935409,0.0,0.8,5.431435972308862e-19,2.1163626406917047e-16,0.09190296938842522,0.10809703061157454
2021-06-22,0.004213630012175602,0.0,0.8,5.431435972308862e-19,2.1163626406917047e-16,0.09190296938842522,0.10809703061157454
2021-06-23,-0.00023114797221753978,0.0,0.8,5.431435972308862e-19,2.1163626406917047e-16,0.09190296938842522,0.10809703061157454
2021-06-24,0.004867186789427472,0.0,0.8,5.431435972308862e-19,2.1163626406917047e-16,0.09190296938842522,0.10809703061157454
2021-06-25,0.003641280948272119,0.0,0.8,5.431435972308862e-19,2.1163626406917047e-16,0.09190296938842522,0.10809703061157454
2021-06-28,0.0003580146732005203,0.0,0.8,5.431435972308862e-19,2.1163626406917047e-16,0.09190296938842522,0.10809703061157454
2021-06-29,0.0013424114448449046,0.0,0.8,5.431435972308862e-19,2.1163626406917047e-16,0.09190296938842522,0.10809703061157454
2021-06-30,0.0009604292081732216,0.0,0.8,5.431435972308862e-19,2.1163626406917047e-16,0.09190296938842522,0.10809703061157454
2021-07-01,0.006097605120805828,0.0,0.8,5.431435972308862e-19,2.1163626406917047e-16,0.09190296938842522,0.10809703061157454
2021-07-02,0.006243396270111462,0.0,0.8,5.431435972308862e-19,2.1163626406917047e-16,0.09190296938842522,0.10809703061157454
2021-07-06,-0.002923606589221032,0.0,0.8,5.431435972308862e-19,2.1163626406917047e-16,0.09190296938842522,0.10809703061157454
2021-07-07,0.0007173471651616336,0.0,0.8,5.431435972308862e-19,2.1163626406917047e-16,0.09190296938842522,0.10809703061157454
2021-07-08,-0.005327923018459897,0.0,0.8,5.431435972308862e-19,2.1163626406917047e-16,0.09190296938842522,0.10809703061157454
2021-07-09,0.009930480502671818,0.0,0.8,5.431435972308862e-19,2.1163626406917047e-16,0.09190296938842522,0.10809703061157454
2021-07-12,0.002814144907556169,0.0,0.8,5.431435972308862e-19,2.1163626406917047e-16,0.09190296938842522,0.10809703061157454
2021-07-13,-0.0005388835760304091,0.0,0.8,5.431435972308862e-19,2.1163626406917047e-16,0.09190296938842522,0.10809703061157454
2021-07-14,-0.0019313661929854027,0.0,0.8,5.431435972308862e-19,2.1163626406917047e-16,0.09190296938842522,0.10809703061157454
2021-07-15,-0.0036480304253382395,0.0,0.8,5.431435972308862e-19,2.1163626406917047e-16,0.09190296938842522,0.10809703061157454
2021-07-16,-0.0059574336207657294,0.0,0.8,5.431435972308862e-19,2.1163626406917047e-16,0.09190296938842522,0.10809703061157454
2021-07-19,-0.017812635179277732,0.0,0.8,5.431435972308862e-19,2.1163626406917047e-16,0.09190296938842522,0.10809703061157454
2021-07-20,0.012937394810155534,0.0,0.8,5.431435972308862e-19,2.1163626406917047e-16,0.09190296938842522,0.10809703061157454
2021-07-21,0.009695489207350312,0.0,0.8,5.431435972308862e-19,2.1163626406917047e-16,0.09190296938842522,0.10809703061157454
2021-07-22,0.003518819323957895,0.0,0.8,5.431435972308862e-19,2.1163626406917047e-16,0.09190296938842522,0.10809703061157454
2021-07-23,0.008834429050655363,0.0,0.8,5.431435972308862e-19,2.1163626406917047e-16,0.09190296938842522,0.10809703061157454
2021-07-26,0.0019891455172304355,0.0,0.8,5.431435972308862e-19,2.1163626406917047e-16,0.09190296938842522,0.10809703061157454
2021-07-27,-0.004189693168037003,0.0,0.8,5.431435972308862e-19,2.1163626406917047e-16,0.09190296938842522,0.10809703061157454
2021-07-28,-0.00016794550084998553,0.0,0.8,5.431435972308862e-19,2.1163626406917047e-16,0.09190296938842522,0.10809703061157454
2021-07-29,0.004625860394577795,0.0,0.8,5.431435972308862e-19,2.1163626406917047e-16,0.09190296938842522,0.10809703061157454
2021-07-30,-0.0035423838318658072,0.0,0.8,5.431435972308862e-19,2.1163626406917047e-16,0.09190296938842522,0.10809703061157454
2021-08-02,-0.00449427486016613,0.0,0.8,5.431435972308862e-19,2.1163626406917047e-16,0.09190296938842522,0.10809703061157454
2021-08-03,0.00593542849586177,0.0,0.8,5.431435972308862e-19,2.1163626406917047e-16,0.09190296938842522,0.10809703061157454
2021-08-04,-0.006864608507100052,0.0,0.8,5.431435972308862e-19,2.1163626406917047e-16,0.09190296938842522,0.10809703061157454
2021-08-05,0.006818772341039218,0.0,0.8,5.431435972308862e-19,2.1163626406917047e-16,0.09190296938842522,0.10809703061157454
2021-08-06,0.0009197569429091549,0.0,0.8,5.431435972308862e-19,2.1163626406917047e-16,0.09190296938842522,0.10809703061157454
2021-08-09,-0.002308049323137671,0.0,0.8,5.431435972308862e-19,2.1163626406917047e-16,0.09190296938842522,0.10809703061157454
2021-08-10,0.0032114638635384924,0.0,0.8,5.431435972308862e-19,2.1163626406917047e-16,0.09190296938842522,0.10809703061157454
2021-08-11,0.0029667989717240286,0.0,0.8,5.431435972308862e-19,2.1163626406917047e-16,0.09190296938842522,0.10809703061157454
2021-08-12,0.0021471407609308856,0.0,0.8,5.431435972308862e-19,2.1163626406917047e-16,0.09190296938842522,0.10809703061157454
2021-08-13,-0.0003435139582414063,0.0,0.8,5.431435972308862e-19,2.1163626406917047e-16,0.09190296938842522,0.10809703061157454
2021-08-16,0.0012149327845105721,0.0,0.8,5.431435972308862e-19,2.1163626406917047e-16,0.09190296938842522,0.10809703061157454
2021-08-17,-0.005491210969161777,0.0,0.8,5.431435972308862e-19,2.1163626406917047e-16,0.09190296938842522,0.10809703061157454
2021-08-18,-0.011084208122671852,0.0,0.8,5.431435972308862e-19,2.1163626406917047e-16,0.09190296938842522,0.10809703061157454
2021-08-19,0.00048153729924090135,0.0,0.8,5.431435972308862e-19,2.1163626406917047e-16,0.09190296938842522,0.10809703061157454
2021-08-20,0.003485985498141686,0.0,0.8,5.431435972308862e-19,2.1163626406917047e-16,0.09190296938842522,0.10809703061157454
2021-08-23,0.011512940392262534,0.0,0.8,5.431435972308862e-19,2.1163626406917047e-16,0.09190296938842522,0.10809703061157454
2021-08-24,0.004229959096608349,0.0,0.8,5.431435972308862e-19,2.1163626406917047e-16,0.09190296938842522,0.10809703061157454
2021-08-25,0.0024457844904392993,0.0,0.8,5.431435972308862e-19,2.1163626406917047e-16,0.09190296938842522,0.10809703061157454
2021-08-26,-0.005053437397812877,0.0,0.8,5.431435972308862e-19,2.1163626406917047e-16,0.09190296938842522,0.10809703061157454
2021-08-27,0.007974009506863566,0.0,0.8,5.431435972308862e-19,2.1163626406917047e-16,0.09190296938842522,0.10809703061157454
2021-08-30,0.003995085654391058,0.0,0.8,5.431435972308862e-19,2.1163626406917047e-16,0.09190296938842522,0.10809703061157454
2021-08-31,-0.001868723267108999,0.0,0.8,5.431435972308862e-19,2.1163626406917047e-16,0.09190296938842522,0.10809703061157454
2021-09-01,-2.323301178945049e-06,0.0,0.8,5.431435972308862e-19,2.1163626406917047e-16,0.09190296938842522,0.10809703061157454
2021-09-02,0.004155975966966499,0.0,0.8,5.431435972308862e-19,2.1163626406917047e-16,0.09190296938842522,0.10809703061157454
2021-09-03,-0.0009567986932478624,0.0,0.8,5.431435972308862e-19,2.1163626406917047e-16,0.09190296938842522,0.10809703061157454
2021-09-07,-0.0035069120526659996,0.0,0.8,5.431435972308862e-19,2.1163626406917047e-16,0.09190296938842522,0.10809703061157454
2021-09-08,0.0002515197938382261,0.0,0.8,5.431435972308862e-19,2.1163626406917047e-16,0.09190296938842522,0.10809703061157454
2021-09-09,-0.00527348463942238,0.0,0.8,5.431435972308862e-19,2.1163626406917047e-16,0.09190296938842522,0.10809703061157454
2021-09-10,-0.004112502822730697,0.0,0.8,5.431435972308862e-19,2.1163626406917047e-16,0.09190296938842522,0.10809703061157454
2021-09-13,0.003328021410554046,0.0,0.8,5.431435972308862e-19,2.1163626406917047e-16,0.09190296938842522,0.10809703061157454
2021-09-14,-0.004632842443269007,0.0,0.8,5.431435972308862e-19,2.1163626406917047e-16,0.09190296938842522,0.10809703061157454
2021-09-15,0.009036582875979542,0.0,0.8,5.431435972308862e-19,2.1163626406917047e-16,0.09190296938842522,0.10809703061157454
2021-09-16,-0.0007710280275863073,0.0,0.8,5.431435972308862e-19,2.1163626406917047e-16,0.09190296938842522,0.10809703061157454
2021-09-17,-0.00809138506993054,0.0,0.8,5.431435972308862e-19,2.1163626406917047e-16,0.09190296938842522,0.10809703061157454
2021-09-20,-0.014611086956341779,0.0,0.8,5.431435972308862e-19,2.1163626406917047e-16,0.09190296938842522,0.10809703061157454
2021-09-21,-0.000879137612648004,0.0,0.8,5.431435972308862e-19,2.1163626406917047e-16,0.09190296938842522,0.10809703061157454
2021-09-22,0.009774568616752433,0.0,0.8,5.431435972308862e-19,2.1163626406917047e-16,0.09190296938842522,0.10809703061157454
2021-09-23,0.010927629594237005,0.0,0.8,5.431435972308862e-19,2.1163626406917047e-16,0.09190296938842522,0.10809703061157454
2021-09-24,0.0024077394206447585,0.0,0.8,5.431435972308862e-19,2.1163626406917047e-16,0.09190296938842522,0.10809703061157454
2021-09-27,-0.00022624325772693105,0.0,0.8,5.431435972308862e-19,2.1163626406917047e-16,0.09190296938842522,0.10809703061157454
2021-09-28,-0.016619430834177606,0.0,0.8,5.431435972308862e-19,2.1163626406917047e-16,0.09190296938842522,0.10809703061157454
2021-09-29,0.001979388325329823,0.0,0.8,5.431435972308862e-19,2.1163626406917047e-16,0.09190296938842522,0.10809703061157454
2021-09-30,-0.009526934321854457,0.0,0.8,5.431435972308862e-19,2.1163626406917047e-16,0.09190296938842522,0.10809703061157454
2021-10-01,0.011190288580829311,0.1999999999999999,0.8,0.1999999999999999,5.8716062945382524e-18,1.2807468156242792e-17,4.163336342344337e-17
2021-10-04,-0.01082586370659988,0.0,0.8,0.1999999999999999,5.8716062945382524e-18,1.2807468156242792e-17,4.163336342344337e-17
2021-10-05,0.006392761557643346,0.0,0.8,0.1999999999999999,5.8716062945382524e-18,1.2807468156242792e-17,4.163336342344337e-17
2021-10-06,0.004452968771526188,0.0,0.8,0.1999999999999999,5.8716062945382524e-18,1.2807468156242792e-17,4.163336342344337e-17
2021-10-07,0.004824925526102921,0.0,0.8,0.1999999999999999,5.8716062945382524e-18,1.2807468156242792e-17,4.163336342344337e-17
2021-10-08,-0.0028586656803573744,0.0,0.8,0.1999999999999999,5.8716062945382524e-18,1.2807468156242792e-17,4.163336342344337e-17
2021-10-11,-0.006299182464174868,0.0,0.8,0.1999999999999999,5.8716062945382524e-18,1.2807468156242792e-17,4.163336342344337e-17
2021-10-12,0.0014506259759207367,0.0,0.8,0.1999999999999999,5.8716062945382524e-18,1.2807468156242792e-17,4.163336342344337e-17
2021-10-13,0.00482347462253152,0.0,0.8,0.1999999999999999,5.8716062945382524e-18,1.2807468156242792e-17,4.163336342344337e-17
2021-10-14,0.01419972093482862,0.0,0.8,0.1999999999999999,5.8716062945382524e-18,1.2807468156242792e-17,4.163336342344337e-17
2021-10-15,0.004927162466109226,0.0,0.8,0.1999999999999999,5.8716062945382524e-18,1.2807468156242792e-17,4.163336342344337e-17
2021-10-18,0.0033061338055372586,0.0,0.8,0.1999999999999999,5.8716062945382524e-18,1.2807468156242792e-17,4.163336342344337e-17
2021-10-19,0.0034129344808368836,0.0,0.8,0.1999999999999999,5.8716062945382524e-18,1.2807468156242792e-17,4.163336342344337e-17
2021-10-20,0.0017922824756248634,0.0,0.8,0.1999999999999999,5.8716062945382524e-18,1.2807468156242792e-17,4.163336342344337e-17
2021-10-21,0.0018482903854296188,0.0,0.8,0.1999999999999999,5.8716062945382524e-18,1.2807468156242792e-17,4.163336342344337e-17
2021-10-22,0.0013736359743829127,0.0,0.8,0.1999999999999999,5.8716062945382524e-18,1.2807468156242792e-17,4.163336342344337e-17
2021-10-25,0.003985015728911945,0.0,0.8,0.1999999999999999,5.8716062945382524e-18,1.2807468156242792e-17,4.163336342344337e-17
2021-10-26,0.00237390378549982,0.0,0.8,0.1999999999999999,5.8716062945382524e-18,1.2807468156242792e-17,4.163336342344337e-17
2021-10-27,9.456371293498946e-05,0.0,0.8,0.1999999999999999,5.8716062945382524e-18,1.2807468156242792e-17,4.163336342344337e-17
2021-10-28,0.007042209338501039,0.0,0.8,0.1999999999999999,5.8716062945382524e-18,1.2807468156242792e-17,4.163336342344337e-17
2021-10-29,0.002234651316036107,0.0,0.8,0.1999999999999999,5.8716062945382524e-18,1.2807468156242792e-17,4.163336342344337e-17
2021-11-01,-6.378950257186441e-05,0.0,0.8,0.1999999999999999,5.8716062945382524e-18,1.2807468156242792e-17,4.163336342344337e-17
2021-11-02,0.004122092589284953,0.0,0.8,0.1999999999999999,5.8716062945382524e-18,1.2807468156242792e-17,4.163336342344337e-17
2021-11-03,0.0028174929821198854,0.0,0.8,0.1999999999999999,5.8716062945382524e-18,1.2807468156242792e-17,4.163336342344337e-17
2021-11-04,0.005871962193121227,0.0,0.8,0.1999999999999999,5.8716062945382524e-18,1.2807468156242792e-17,4.163336342344337e-17
2021-11-05,0.0057669717237034835,0.0,0.8,0.1999999999999999,5.8716062945382524e-18,1.2807468156242792e-17,4.163336342344337e-17
2021-11-08,0.0003079032692526298,0.0,0.8,0.1999999999999999,5.8716062945382524e-18,1.2807468156242792e-17,4.163336342344337e-17
2021-11-09,-4.0692307189128894e-05,0.0,0.8,0.1999999999999999,5.8716062945382524e-18,1.2807468156242792e-17,4.163336342344337e-17
2021-11-10,-0.010092446345393967,0.0,0.8,0.1999999999999999,5.8716062945382524e-18,1.2807468156242792e-17,4.163336342344337e-17
2021-11-11,-3.8209228048135754e-05,0.0,0.8,0.1999999999999999,5.8716062945382524e-18,1.2807468156242792e-17,4.163336342344337e-17
2021-11-12,0.0051591112707941155,0.0,0.8,0.1999999999999999,5.8716062945382524e-18,1.2807468156242792e-17,4.163336342344337e-17
2021-11-15,-0.0022373748558484714,0.0,0.8,0.1999999999999999,5.8716062945382524e-18,1.2807468156242792e-17,4.163336342344337e-17
2021-11-16,0.0026575263439572398,0.0,0.8,0.1999999999999999,5.8716062945382524e-18,1.2807468156242792e-17,4.163336342344337e-17
2021-11-17,-0.0003583883162654911,0.0,0.8,0.1999999999999999,5.8716062945382524e-18,1.2807468156242792e-17,4.163336342344337e-17
2021-11-18,0.0034693095346922664,0.0,0.8,0.1999999999999999,5.8716062945382524e-18,1.2807468156242792e-17,4.163336342344337e-17
2021-11-19,0.000681014822543656,0.0,0.8,0.1999999999999999,5.8716062945382524e-18,1.2807468156242792e-17,4.163336342344337e-17
2021-11-22,-0.0045977814571080515,0.0,0.8,0.1999999999999999,5.8716062945382524e-18,1.2807468156242792e-17,4.163336342344337e-17
2021-11-23,-0.0018311310682290508,0.0,0.8,0.1999999999999999,5.8716062945382524e-18,1.2807468156242792e-17,4.163336342344337e-17
2021-11-24,0.0053469383255329,0.0,0.8,0.1999999999999999,5.8716062945382524e-18,1.2807468156242792e-17,4.163336342344337e-17
2021-11-26,-0.012788766204333208,0.0,0.8,0.1999999999999999,5.8716062945382524e-18,1.2807468156242792e-17,4.163336342344337e-17
2021-11-29,-0.00271049929253675,0.8,0.0,0.19999999999999996,0.8,0.0,0.0
2021-11-30,-0.00046258399600636064,0.08550359443930666,0.0,0.2855035944393066,0.7144964055606934,0.0,0.0
2021-12-01,0.004610769333299951,0.0,0.0,0.2855035944393066,0.7144964055606934,0.0,0.0
2021-12-02,0.0112994329576503,0.7144964055606934,0.7144964055606934,0.2855035944393066,1.7236201100813566e-17,1.2297806722000708e-19,0.0
2021-12-03,-0.00281034229744389,0.0,0.7144964055606934,0.2855035944393066,1.7236201100813566e-17,1.2297806722000708e-19,0.0
2021-12-06,0.004540465743683917,0.0,0.7144964055606934,0.2855035944393066,1.7236201100813566e-17,1.2297806722000708e-19,0.0
2021-12-07,0.012472530553501386,0.0,0.7144964055606934,0.2855035944393066,1.7236201100813566e-17,1.2297806722000708e-19,0.0
2021-12-08,-0.003043039408016335,0.0,0.7144964055606934,0.2855035944393066,1.7236201100813566e-17,1.2297806722000708e-19,0.0
2021-12-09,-0.003226812155157883,0.0,0.7144964055606934,0.2855035944393066,1.7236201100813566e-17,1.2297806722000708e-19,0.0
2021-12-10,0.00603689227808061,0.0,0.7144964055606934,0.2855035944393066,1.7236201100813566e-17,1.2297806722000708e-19,0.0
2021-12-13,-0.002109800302442284,0.0,0.7144964055606934,0.2855035944393066,1.7236201100813566e-17,1.2297806722000708e-19,0.0
2021-12-14,-0.005596159205406738,0.0,0.7144964055606934,0.2855035944393066,1.7236201100813566e-17,1.2297806722000708e-19,0.0
2021-12-15,0.008416959434960618,0.0,0.7144964055606934,0.2855035944393066,1.7236201100813566e-17,1.2297806722000708e-19,0.0
2021-12-16,-0.006189829044271292,0.0,0.7144964055606934,0.2855035944393066,1.7236201100813566e-17,1.2297806722000708e-19,0.0
2021-12-17,-0.004369084860738195,0.0,0.7144964055606934,0.2855035944393066,1.7236201100813566e-17,1.2297806722000708e-19,0.0
2021-12-20,-0.009736359330968955,0.0,0.7144964055606934,0.2855035944393066,1.7236201100813566e-17,1.2297806722000708e-19,0.0
2021-12-21,0.011601531349712396,0.0,0.7144964055606934,0.2855035944393066,1.7236201100813566e-17,1.2297806722000708e-19,0.0
2021-12-22,0.008465166023062897,0.0,0.7144964055606934,0.2855035944393066,1.7236201100813566e-17,1.2297806722000708e-19,0.0
2021-12-23,0.0019683343406077226,0.0,0.7144964055606934,0.2855035944393066,1.7236201100813566e-17,1.2297806722000708e-19,0.0
2021-12-27,0.010803608463843251,0.0,0.7144964055606934,0.2855035944393066,1.7236201100813566e-17,1.2297806722000708e-19,0.0
2021-12-28,-0.0017153308962733443,0.0,0.7144964055606934,0.2855035944393066,1.7236201100813566e-17,1.2297806722000708e-19,0.0
2021-12-29,-0.002204970374747588,0.0,0.7144964055606934,0.2855035944393066,1.7236201100813566e-17,1.2297806722000708e-19,0.0
2021-12-30,0.00041901094900472944,0.0,0.7144964055606934,0.2855035944393066,1.7236201100813566e-17,1.2297806722000708e-19,0.0
2021-12-31,-0.0012408133694971997,0.0,0.7144964055606934,0.2855035944393066,1.7236201100813566e-17,1.2297806722000708e-19,0.0
2022-01-03,-0.003357446878471535,0.0,0.7144964055606934,0.2855035944393066,1.7236201100813566e-17,1.2297806722000708e-19,0.0
2022-01-04,-0.0014265781815973716,0.0,0.7144964055606934,0.2855035944393066,1.7236201100813566e-17,1.2297806722000708e-19,0.0
2022-01-05,-0.015269462692680286,0.0,0.7144964055606934,0.2855035944393066,1.7236201100813566e-17,1.2297806722000708e-19,0.0
2022-01-06,6.777694317767601e-05,0.0,0.7144964055606934,0.2855035944393066,1.7236201100813566e-17,1.2297806722000708e-19,0.0
2022-01-07,-0.004876949947739321,0.0,0.7144964055606934,0.2855035944393066,1.7236201100813566e-17,1.2297806722000708e-19,0.0
2022-01-10,-0.00018661712555351824,0.0,0.7144964055606934,0.2855035944393066,1.7236201100813566e-17,1.2297806722000708e-19,0.0
2022-01-11,0.008409545730276522,0.0,0.7144964055606934,0.2855035944393066,1.7236201100813566e-17,1.2297806722000708e-19,0.0
2022-01-12,0.000837963397262423,0.0,0.7144964055606934,0.2855035944393066,1.7236201100813566e-17,1.2297806722000708e-19,0.0
2022-01-13,-0.007309420541296491,0.0,0.7144964055606934,0.2855035944393066,1.7236201100813566e-17,1.2297806722000708e-19,0.0
2022-01-14,-0.00402154256959581,0.0,0.7144964055606934,0.2855035944393066,1.7236201100813566e-17,1.2297806722000708e-19,0.0
2022-01-18,-0.016671771168532877,0.0,0.7144964055606934,0.2855035944393066,1.7236201100813566e-17,1.2297806722000708e-19,0.0
2022-01-19,-0.005442333639851978,0.0,0.7144964055606934,0.2855035944393066,1.7236201100813566e-17,1.2297806722000708e-19,0.0
2022-01-20,-0.006147265971743103,0.0,0.7144964055606934,0.2855035944393066,1.7236201100813566e-17,1.2297806722000708e-19,0.0
2022-01-21,-0.010626925624590005,0.0,0.7144964055606934,0.2855035944393066,1.7236201100813566e-17,1.2297806722000708e-19,0.0
2022-01-24,0.0006889232144903384,0.0,0.7144964055606934,0.2855035944393066,1.7236201100813566e-17,1.2297806722000708e-19,0.0
2022-01-25,-0.00918420874890346,0.0,0.7144964055606934,0.2855035944393066,1.7236201100813566e-17,1.2297806722000708e-19,0.0
2022-01-26,-0.005245373398533015,0.0,0.7144964055606934,0.2855035944393066,1.7236201100813566e-17,1.2297806722000708e-19,0.0
2022-01-27,0.0017146425204804102,0.0,0.7144964055606934,0.2855035944393066,1.7236201100813566e-17,1.2297806722000708e-19,0.0
2022-01-28,0.01784444759154775,0.0,0.7144964055606934,0.2855035944393066,1.7236201100813566e-17,1.2297806722000708e-19,0.0
2022-01-31,0.011392766894269695,0.0,0.7144964055606934,0.2855035944393066,1.7236201100813566e-17,1.2297806722000708e-19,0.0
2022-02-01,0.003879984872552376,0.0,0.7144964055606934,0.2855035944393066,1.7236201100813566e-17,1.2297806722000708e-19,0.0
2022-02-02,0.007907807478047466,0.0,0.7144964055606934,0.2855035944393066,1.7236201100813566e-17,1.2297806722000708e-19,0.0
2022-02-03,-0.019022884024025594,0.0,0.7144964055606934,0.2855035944393066,1.7236201100813566e-17,1.2297806722000708e-19,0.0
2022-02-04,-0.0008492608999758062,0.0,0.7144964055606934,0.2855035944393066,1.7236201100813566e-17,1.2297806722000708e-19,0.0
2022-02-07,-0.0021081197960671886,0.0,0.7144964055606934,0.2855035944393066,1.7236201100813566e-17,1.2297806722000708e-19,0.0
2022-02-08,0.00396975461594703,0.0,0.7144964055606934,0.2855035944393066,1.7236201100813566e-17,1.2297806722000708e-19,0.0
2022-02-09,0.01099465653730818,0.0,0.7144964055606934,0.2855035944393066,1.7236201100813566e-17,1.2297806722000708e-19,0.0
2022-02-10,-0.017373779565486615,0.0,0.7144964055606934,0.2855035944393066,1.7236201100813566e-17,1.2297806722000708e-19,0.0
2022-02-11,-0.009855453679807075,0.0,0.7144964055606934,0.2855035944393066,1.7236201100813566e-17,1.2297806722000708e-19,0.0
2022-02-14,-0.005887866044857495,0.0,0.7144964055606934,0.2855035944393066,1.7236201100813566e-17,1.2297806722000708e-19,0.0
2022-02-15,0.008281314526627783,0.0,0.7144964055606934,0.2855035944393066,1.7236201100813566e-17,1.2297806722000708e-19,0.0
2022-02-16,0.002493046313836126,0.0,0.7144964055606934,0.2855035944393066,1.7236201100813566e-17,1.2297806722000708e-19,0.0
2022-02-17,-0.013139109768766519,0.0,0.7144964055606934,0.2855035944393066,1.7236201100813566e-17,1.2297806722000708e-19,0.0
2022-02-18,-0.0016207501518078244,0.0,0.7144964055606934,0.2855035944393066,1.7236201100813566e-17,1.2297806722000708e-19,0.0
2022-02-22,-0.006924292750619886,0.0,0.7144964055606934,0.2855035944393066,1.7236201100813566e-17,1.2297806722000708e-19,0.0
2022-02-23,-0.01660896221781952,0.0,0.7144964055606934,0.2855035944393066,1.7236201100813566e-17,1.2297806722000708e-19,0.0
2022-02-24,0.01094055241094151,0.0,0.7144964055606934,0.2855035944393066,1.7236201100813566e-17,1.2297806722000708e-19,0.0
2022-02-25,0.01597353940771991,0.0,0.7144964055606934,0.2855035944393066,1.7236201100813566e-17,1.2297806722000708e-19,0.0
2022-02-28,0.004429843348282764,0.0,0.7144964055606934,0.2855035944393066,1.7236201100813566e-17,1.2297806722000708e-19,0.0
2022-03-01,-0.007581153220525095,0.0,0.7144964055606934,0.2855035944393066,1.7236201100813566e-17,1.2297806722000708e-19,0.0
2022-03-02,0.0008666436941852356,0.06160756347702965,0.6528888420836637,0.3167767357169187,0.030334422199417538,0.0,0.0
2022-03-03,0.007293943015838185,0.6528888420836638,0.0,0.31677673571691867,0.6832232642830813,0.0,0.0
2022-03-04,0.01635205867515083,0.0,0.0,0.31677673571691867,0.6832232642830813,0.0,0.0
2022-03-07,0.007737836096329062,0.0,0.0,0.31677673571691867,0.6832232642830813,0.0,0.0
2022-03-08,0.015505464025021364,0.0,0.0,0.31677673571691867,0.6832232642830813,0.0,0.0
2022-03-09,-0.02340343617921892,0.0,0.0,0.31677673571691867,0.6832232642830813,0.0,0.0
2022-03-10,0.0007915751686111731,0.2353412229790782,0.11856448726215953,0.0814355127378405,0.8,1.9863581973027554e-20,3.61772296596147e-19
2022-03-11,-0.004998010116396977,0.11575200051947004,0.0028124867426894753,0.19718751325731054,0.8,0.0,0.0
2022-03-14,-0.016683684290690663,0.0,0.0028124867426894753,0.19718751325731054,0.8,0.0,0.0
2022-03-15,-0.015246685018072383,0.0,0.0028124867426894753,0.19718751325731054,0.8,0.0,0.0
2022-03-16,0.007004893814333218,0.0,0.0028124867426894753,0.19718751325731054,0.8,0.0,0.0
2022-03-17,0.002476278322372384,0.0,0.0028124867426894753,0.19718751325731054,0.8,0.0,0.0
2022-03-18,-0.0045929080622745585,0.0,0.0028124867426894753,0.19718751325731054,0.8,0.0,0.0
2022-03-21,0.0015457561737167386,0.0,0.0028124867426894753,0.19718751325731054,0.8,0.0,0.0
2022-03-22,-0.008294027293127868,0.0,0.0028124867426894753,0.19718751325731054,0.8,0.0,0.0
2022-03-23,0.015212760240416864,0.0,0.0028124867426894753,0.19718751325731054,0.8,0.0,0.0
2022-03-24,0.004306206278410162,0.0,0.0028124867426894753,0.19718751325731054,0.8,0.0,0.0
2022-03-25,-0.0059981520098658075,0.0,0.0028124867426894753,0.19718751325731054,0.8,0.0,0.0
2022-03-28,-0.012857156590591313,0.0,0.0028124867426894753,0.19718751325731054,0.8,0.0,0.0
2022-03-29,0.0018815016721277747,0.0,0.0028124867426894753,0.19718751325731054,0.8,0.0,0.0
2022-03-30,0.007951762452487583,0.0,0.0028124867426894753,0.19718751325731054,0.8,0.0,0.0
2022-03-31,0.0007456590393358348,0.0,0.0028124867426894753,0.19718751325731054,0.8,0.0,0.0
2022-04-01,0.002341829449807789,0.7971875132573106,0.8000000000000002,0.13249360341874747,0.0675063965812525,0.0,4.8015324968532875e-18
2022-04-04,0.006259755944805848,5.551115123125783e-17,0.8,0.13249360341874747,0.0675063965812525,0.0,4.8015324968532875e-18
2022-04-05,-0.013521350090083137,0.0,0.8,0.13249360341874747,0.0675063965812525,0.0,4.8015324968532875e-18
2022-04-06,-0.008913887744377432,0.0,0.8,0.13249360341874747,0.0675063965812525,0.0,4.8015324968532875e-18
2022-04-07,0.003288884818399562,0.0,0.8,0.13249360341874747,0.0675063965812525,0.0,4.8015324968532875e-18
2022-04-08,-0.003151271211595995,0.0,0.8,0.13249360341874747,0.0675063965812525,0.0,4.8015324968532875e-18
2022-04-11,-0.015435756830107419,0.0,0.8,0.13249360341874747,0.0675063965812525,0.0,4.8015324968532875e-18
2022-04-12,-0.002628824495594017,0.0,0.8,0.13249360341874747,0.0675063965812525,0.0,4.8015324968532875e-18
2022-04-13,0.009755560769070692,0.0,0.8,0.13249360341874747,0.0675063965812525,0.0,4.8015324968532875e-18
2022-04-14,-0.01284037034119273,0.0,0.8,0.13249360341874747,0.0675063965812525,0.0,4.8015324968532875e-18
2022-04-18,-0.00012034448784676948,0.0,0.8,0.13249360341874747,0.0675063965812525,0.0,4.8015324968532875e-18
2022-04-19,0.0109012906615103,0.0,0.8,0.13249360341874747,0.0675063965812525,0.0,4.8015324968532875e-18
2022-04-20,0.002403800508988176,0.0,0.8,0.13249360341874747,0.0675063965812525,0.0,4.8015324968532875e-18
2022-04-21,-0.013183220912599576,0.0,0.8,0.13249360341874747,0.0675063965812525,0.0,4.8015324968532875e-18
2022-04-22,-0.023441454314673597,0.0,0.8,0.13249360341874747,0.0675063965812525,0.0,4.8015324968532875e-18
2022-04-25,0.004749826272809957,0.0,0.8,0.13249360341874747,0.0675063965812525,0.0,4.8015324968532875e-18
2022-04-26,-0.021731928360255552,0.0,0.8,0.13249360341874747,0.0675063965812525,0.0,4.8015324968532875e-18
2022-04-27,-0.0029179004531512814,0.4014002099189359,0.47560317466186924,0.055490218837942376,0.46890660650018845,0.0,0.0
2022-04-28,0.011404575449954938,0.22249976585590325,0.3034269323631861,0.005166695280722257,0.6914063723560917,7.005701408215932e-19,0.0
2022-04-29,-0.010185370524817942,0.035205674618225116,0.2733879530256832,0.0,0.7266120469743168,3.703007001930718e-19,0.0
2022-05-02,-0.011826045032719931,0.0,0.2733879530256832,0.0,0.7266120469743168,3.703007001930718e-19,0.0
2022-05-03,0.003178141343014751,0.0,0.2733879530256832,0.0,0.7266120469743168,3.703007001930718e-19,0.0
2022-05-04,0.015462728195876104,0.0,0.2733879530256832,0.0,0.7266120469743168,3.703007001930718e-19,0.0
2022-05-05,-0.01248623743055127,0.0,0.2733879530256832,0.0,0.7266120469743168,3.703007001930718e-19,0.0
2022-05-06,-0.0004286429207951675,0.0,0.2733879530256832,0.0,0.7266120469743168,3.703007001930718e-19,0.0
2022-05-09,-0.019274113810196572,0.0,0.2733879530256832,0.0,0.7266120469743168,3.703007001930718e-19,0.0
2022-05-10,-0.005504728719866338,0.0,0.2733879530256832,0.0,0.7266120469743168,3.703007001930718e-19,0.0
2022-05-11,0.0015912913790131471,0.0,0.2733879530256832,0.0,0.7266120469743168,3.703007001930718e-19,0.0
2022-05-12,-0.011427233220698513,0.0,0.2733879530256832,0.0,0.7266120469743168,3.703007001930718e-19,0.0
2022-05-13,0.0006435748801675378,0.0,0.2733879530256832,0.0,0.7266120469743168,3.703007001930718e-19,0.0
2022-05-16,0.005821545672777894,0.0,0.2733879530256832,0.0,0.7266120469743168,3.703007001930718e-19,0.0
2022-05-17,0.0010610464707103177,0.0,0.2733879530256832,0.0,0.7266120469743168,3.703007001930718e-19,0.0
2022-05-18,-0.01063452428412125,0.0,0.2733879530256832,0.0,0.7266120469743168,3.703007001930718e-19,0.0
2022-05-19,0.009004806352970515,0.0,0.2733879530256832,0.0,0.7266120469743168,3.703007001930718e-19,0.0
2022-05-20,0.000626547177827247,0.0,0.2733879530256832,0.0,0.7266120469743168,3.703007001930718e-19,0.0
2022-05-23,0.008494088510530493,0.0,0.2733879530256832,0.0,0.7266120469743168,3.703007001930718e-19,0.0
2022-05-24,0.0033784718064105474,0.0,0.2733879530256832,0.0,0.7266120469743168,3.703007001930718e-19,0.0
2022-05-25,-0.0019660565409063075,0.0,0.2733879530256832,0.0,0.7266120469743168,3.703007001930718e-19,0.0
2022-05-26,0.015615347112384081,0.5266120469743168,0.8,0.0,0.19999999999999998,1.2774701322338789e-18,2.043559182357272e-18
2022-05-27,0.019743392476969882,0.0,0.8,0.0,0.19999999999999998,1.2774701322338789e-18,2.043559182357272e-18
2022-05-31,-0.006467273668056039,0.0,0.8,0.0,0.19999999999999998,1.2774701322338789e-18,2.043559182357272e-18
2022-06-01,-0.0051970835305773745,0.0,0.8,0.0,0.19999999999999998,1.2774701322338789e-18,2.043559182357272e-18
2022-06-02,0.017696619061987783,0.0,0.8,0.0,0.19999999999999998,1.2774701322338789e-18,2.043559182357272e-18
2022-06-03,-0.01515962382148366,0.0,0.8,0.0,0.19999999999999998,1.2774701322338789e-18,2.043559182357272e-18
2022-06-06,0.0015550076613260134,0.0,0.8,0.0,0.19999999999999998,1.2774701322338789e-18,2.043559182357272e-18
2022-06-07,0.008977607296261115,0.0,0.8,0.0,0.19999999999999998,1.2774701322338789e-18,2.043559182357272e-18
2022-06-08,-0.008882878120123184,0.0,0.8,0.0,0.19999999999999998,1.2774701322338789e-18,2.043559182357272e-18
2022-06-09,-0.019663037649946702,0.0,0.8,0.0,0.19999999999999998,1.2774701322338789e-18,2.043559182357272e-18
2022-06-10,-0.020513969110135526,0.0,0.8,0.0,0.19999999999999998,1.2774701322338789e-18,2.043559182357272e-18
2022-06-13,-0.035656949956343366,0.0,0.8,0.0,0.19999999999999998,1.2774701322338789e-18,2.043559182357272e-18
2022-06-14,-0.006645034196897135,0.5278084717291405,0.2721915282708596,0.0,0.7278084717291404,0.0,7.14654854064452e-19
2022-06-15,0.013379004132742626,0.0,0.2721915282708596,0.0,0.7278084717291404,0.0,7.14654854064452e-19
2022-06-16,-0.0008255279036777293,0.0,0.2721915282708596,0.0,0.7278084717291404,0.0,7.14654854064452e-19
2022-06-17,-0.0053978578382193245,0.0,0.2721915282708596,0.0,0.7278084717291404,0.0,7.14654854064452e-19
2022-06-21,0.004132413183787029,0.0,0.2721915282708596,0.0,0.7278084717291404,0.0,7.14654854064452e-19
2022-06-22,0.002406935510323347,0.0,0.2721915282708596,0.0,0.7278084717291404,0.0,7.14654854064452e-19
2022-06-23,-0.0017927382421279914,0.0,0.2721915282708596,0.0,0.7278084717291404,0.0,7.14654854064452e-19
2022-06-24,0.007927306353642638,0.0,0.2721915282708596,0.0,0.7278084717291404,0.0,7.14654854064452e-19
2022-06-27,-0.0018527365003383964,0.0,0.2721915282708596,0.0,0.7278084717291404,0.0,7.14654854064452e-19
2022-06-28,-0.0067610755679735415,0.0,0.2721915282708596,0.0,0.7278084717291404,0.0,7.14654854064452e-19
2022-06-29,-0.0007793831129920067,0.0,0.2721915282708596,0.0,0.7278084717291404,0.0,7.14654854064452e-19
2022-06-30,-0.006631559655690735,0.0013355329454725617,0.27085599532538707,0.0,0.729144004674613,0.0,7.163156360743045e-19
2022-07-01,0.002258759590972452,0.0,0.27085599532538707,0.0,0.729144004674613,0.0,7.163156360743045e-19
2022-07-05,-0.015518472171435621,0.2446158842171356,0.02624011110825139,0.1749439545397001,0.7988159343520485,2.651207845806387e-18,2.8167224637339626e-18
2022-07-06,-0.01550383307468066,0.0,0.02624011110825139,0.1749439545397001,0.7988159343520485,2.651207845806387e-18,2.8167224637339626e-18
2022-07-07,-0.0007031876396059913,0.0,0.02624011110825139,0.1749439545397001,0.7988159343520485,2.651207845806387e-18,2.8167224637339626e-18
2022-07-08,-0.001614528890064396,0.0,0.02624011110825139,0.1749439545397001,0.7988159343520485,2.651207845806387e-18,2.8167224637339626e-18
2022-07-11,-0.0015650049682842163,0.0,0.02624011110825139,0.1749439545397001,0.7988159343520485,2.651207845806387e-18,2.8167224637339626e-18
2022-07-12,-0.0021616393688715756,0.0,0.02624011110825139,0.1749439545397001,0.7988159343520485,2.651207845806387e-18,2.8167224637339626e-18
2022-07-13,0.005692597978705256,0.0,0.02624011110825139,0.1749439545397001,0.7988159343520485,2.651207845806387e-18,2.8167224637339626e-18
2022-07-14,-0.0127120558796567,0.0,0.02624011110825139,0.1749439545397001,0.7988159343520485,2.651207845806387e-18,2.8167224637339626e-18
2022-07-15,-0.00011845591344888462,0.0,0.02624011110825139,0.1749439545397001,0.7988159343520485,2.651207845806387e-18,2.8167224637339626e-18
2022-07-18,-0.0012856628345574678,0.0,0.02624011110825139,0.1749439545397001,0.7988159343520485,2.651207845806387e-18,2.8167224637339626e-18
2022-07-19,0.0016723464925178849,0.0,0.02624011110825139,0.1749439545397001,0.7988159343520485,2.651207845806387e-18,2.8167224637339626e-18
2022-07-20,-0.006884151113371706,0.0,0.02624011110825139,0.1749439545397001,0.7988159343520485,2.651207845806387e-18,2.8167224637339626e-18
2022-07-21,0.01456119584943642,0.0,0.02624011110825139,0.1749439545397001,0.7988159343520485,2.651207845806387e-18,2.8167224637339626e-18
2022-07-22,0.004691207054057046,0.0,0.02624011110825139,0.1749439545397001,0.7988159343520485,2.651207845806387e-18,2.8167224637339626e-18
2022-07-25,-0.003867543377071519,0.0,0.02624011110825139,0.1749439545397001,0.7988159343520485,2.651207845806387e-18,2.8167224637339626e-18
2022-07-26,-0.0011235194422246578,0.0,0.02624011110825139,0.1749439545397001,0.7988159343520485,2.651207845806387e-18,2.8167224637339626e-18
2022-07-27,0.007834382754634233,0.0,0.02624011110825139,0.1749439545397001,0.7988159343520485,2.651207845806387e-18,2.8167224637339626e-18
2022-07-28,0.011455678201016993,0.0,0.02624011110825139,0.1749439545397001,0.7988159343520485,2.651207845806387e-18,2.8167224637339626e-18
2022-07-29,0.002152693872751828,0.0,0.02624011110825139,0.1749439545397001,0.7988159343520485,2.651207845806387e-18,2.8167224637339626e-18
2022-08-01,0.008662610210220576,0.0,0.02624011110825139,0.1749439545397001,0.7988159343520485,2.651207845806387e-18,2.8167224637339626e-18
2022-08-02,-0.00861846495788925,0.0,0.02624011110825139,0.1749439545397001,0.7988159343520485,2.651207845806387e-18,2.8167224637339626e-18
2022-08-03,0.005113077296144234,0.0,0.02624011110825139,0.1749439545397001,0.7988159343520485,2.651207845806387e-18,2.8167224637339626e-18
2022-08-04,0.013136006830374301,0.0,0.02624011110825139,0.1749439545397001,0.7988159343520485,2.651207845806387e-18,2.8167224637339626e-18
2022-08-05,-0.013192172393159084,0.0,0.02624011110825139,0.1749439545397001,0.7988159343520485,2.651207845806387e-18,2.8167224637339626e-18
2022-08-08,0.009559361933723497,0.0,0.02624011110825139,0.1749439545397001,0.7988159343520485,2.651207845806387e-18,2.8167224637339626e-18
2022-08-09,0.0016599055162728298,0.0,0.02624011110825139,0.1749439545397001,0.7988159343520485,2.651207845806387e-18,2.8167224637339626e-18
2022-08-10,-0.002598146891394406,0.0,0.02624011110825139,0.1749439545397001,0.7988159343520485,2.651207845806387e-18,2.8167224637339626e-18
2022-08-11,-0.006185222283994797,0.0,0.02624011110825139,0.1749439545397001,0.7988159343520485,2.651207845806387e-18,2.8167224637339626e-18
2022-08-12,0.009565751569774038,0.0,0.02624011110825139,0.1749439545397001,0.7988159343520485,2.651207845806387e-18,2.8167224637339626e-18
2022-08-15,-0.010321570367654263,0.0,0.02624011110825139,0.1749439545397001,0.7988159343520485,2.651207845806387e-18,2.8167224637339626e-18
2022-08-16,-0.0006193723295876735,0.0,0.02624011110825139,0.1749439545397001,0.7988159343520485,2.651207845806387e-18,2.8167224637339626e-18
2022-08-17,-0.00717914234518947,0.0,0.02624011110825139,0.1749439545397001,0.7988159343520485,2.651207845806387e-18,2.8167224637339626e-18
2022-08-18,-0.0017545941580785205,0.0,0.02624011110825139,0.1749439545397001,0.7988159343520485,2.651207845806387e-18,2.8167224637339626e-18
2022-08-19,-0.00901740864895784,0.0,0.02624011110825139,0.1749439545397001,0.7988159343520485,2.651207845806387e-18,2.8167224637339626e-18
2022-08-22,-0.006436348857431324,0.0,0.02624011110825139,0.1749439545397001,0.7988159343520485,2.651207845806387e-18,2.8167224637339626e-18
2022-08-23,0.00455813152032991,0.0,0.02624011110825139,0.1749439545397001,0.7988159343520485,2.651207845806387e-18,2.8167224637339626e-18
2022-08-24,0.001159269581210262,0.0,0.02624011110825139,0.1749439545397001,0.7988159343520485,2.651207845806387e-18,2.8167224637339626e-18
2022-08-25,0.005255113724930422,0.0,0.02624011110825139,0.1749439545397001,0.7988159343520485,2.651207845806387e-18,2.8167224637339626e-18
2022-08-26,-0.009277332983808307,0.0,0.02624011110825139,0.1749439545397001,0.7988159343520485,2.651207845806387e-18,2.8167224637339626e-18
2022-08-29,-0.0011270229237505909,0.0,0.02624011110825139,0.1749439545397001,0.7988159343520485,2.651207845806387e-18,2.8167224637339626e-18
2022-08-30,-0.006515881681861553,0.0,0.02624011110825139,0.1749439545397001,0.7988159343520485,2.651207845806387e-18,2.8167224637339626e-18
2022-08-31,-0.00804339816793008,0.0,0.02624011110825139,0.1749439545397001,0.7988159343520485,2.651207845806387e-18,2.8167224637339626e-18
2022-09-01,-0.010142325562204041,0.0,0.02624011110825139,0.1749439545397001,0.7988159343520485,2.651207845806387e-18,2.8167224637339626e-18
2022-09-02,0.007746352352349244,0.0,0.02624011110825139,0.1749439545397001,0.7988159343520485,2.651207845806387e-18,2.8167224637339626e-18
2022-09-06,-0.009096780110587947,0.0,0.02624011110825139,0.1749439545397001,0.7988159343520485,2.651207845806387e-18,2.8167224637339626e-18
2022-09-07,0.01136107076974514,0.0,0.02624011110825139,0.1749439545397001,0.7988159343520485,2.651207845806387e-18,2.8167224637339626e-18
2022-09-08,-0.006417665763434936,0.0,0.02624011110825139,0.1749439545397001,0.7988159343520485,2.651207845806387e-18,2.8167224637339626e-18
2022-09-09,0.005016863331514057,0.0,0.02624011110825139,0.1749439545397001,0.7988159343520485,2.651207845806387e-18,2.8167224637339626e-18
2022-09-12,0.0028930043810412656,0.0,0.02624011110825139,0.1749439545397001,0.7988159343520485,2.651207845806387e-18,2.8167224637339626e-18
2022-09-13,-0.011127440382059458,0.0,0.02624011110825139,0.1749439545397001,0.7988159343520485,2.651207845806387e-18,2.8167224637339626e-18
2022-09-14,-0.0023722388798409393,0.0,0.02624011110825139,0.1749439545397001,0.7988159343520485,2.651207845806387e-18,2.8167224637339626e-18
2022-09-15,-0.015332425092606652,0.0,0.02624011110825139,0.1749439545397001,0.7988159343520485,2.651207845806387e-18,2.8167224637339626e-18
2022-09-16,0.0027742412102275326,0.0,0.02624011110825139,0.1749439545397001,0.7988159343520485,2.651207845806387e-18,2.8167224637339626e-18
2022-09-19,0.0012270675430734314,0.0,0.02624011110825139,0.1749439545397001,0.7988159343520485,2.651207845806387e-18,2.8167224637339626e-18
2022-09-20,-0.006603921377927418,0.0,0.02624011110825139,0.1749439545397001,0.7988159343520485,2.651207845806387e-18,2.8167224637339626e-18
2022-09-21,0.00618200627199823,0.0,0.02624011110825139,0.1749439545397001,0.7988159343520485,2.651207845806387e-18,2.8167224637339626e-18
2022-09-22,-0.005151414026191067,0.0,0.02624011110825139,0.1749439545397001,0.7988159343520485,2.651207845806387e-18,2.8167224637339626e-18
2022-09-23,-0.013526036236248587,0.0,0.02624011110825139,0.1749439545397001,0.7988159343520485,2.651207845806387e-18,2.8167224637339626e-18
2022-09-26,-0.012895659234960347,0.0,0.02624011110825139,0.1749439545397001,0.7988159343520485,2.651207845806387e-18,2.8167224637339626e-18
2022-09-27,-0.000587230152055326,0.10298522386215159,0.12922533497040298,0.07195873067754853,0.7988159343520485,2.7267241674312237e-18,2.2119798537884507e-18
2022-09-28,0.021436103601804684,0.008738078901118464,0.13796341387152145,0.06322065177643008,0.7988159343520485,1.8228900788665564e-19,3.816101316347363e-19
2022-09-29,-0.0033640203330378444,0.0,0.13796341387152145,0.06322065177643008,0.7988159343520485,1.8228900788665564e-19,3.816101316347363e-19
2022-09-30,-0.002898029037241402,0.0,0.13796341387152145,0.06322065177643008,0.7988159343520485,1.8228900788665564e-19,3.816101316347363e-19
2022-10-03,0.0346865180881453,0.8620365861284783,0.3899067673532477,0.0,2.2525613253110404e-16,0.6100932326467521,0.0
2022-10-04,0.03355959077902189,0.0,0.3899067673532477,0.0,2.2525613253110404e-16,0.6100932326467521,0.0
2022-10-05,0.01350256912687601,0.0,0.3899067673532477,0.0,2.2525613253110404e-16,0.6100932326467521,0.0
2022-10-06,0.004882382911573878,0.0,0.3899067673532477,0.0,2.2525613253110404e-16,0.6100932326467521,0.0
2022-10-07,0.006760619885179944,0.0,0.3899067673532477,0.0,2.2525613253110404e-16,0.6100932326467521,0.0
2022-10-10,-0.013700434039880052,0.0,0.3899067673532477,0.0,2.2525613253110404e-16,0.6100932326467521,0.0
2022-10-11,-0.01925541145719543,0.0,0.3899067673532477,0.0,2.2525613253110404e-16,0.6100932326467521,0.0
2022-10-12,-0.00825870238984777,0.0,0.3899067673532477,0.0,2.2525613253110404e-16,0.6100932326467521,0.0
2022-10-13,0.02396617398505326,0.0,0.3899067673532477,0.0,2.2525613253110404e-16,0.6100932326467521,0.0
2022-10-14,-0.028655423671088323,0.0,0.3899067673532477,0.0,2.2525613253110404e-16,0.6100932326467521,0.0
2022-10-17,0.009671694526760187,0.0,0.3899067673532477,0.0,2.2525613253110404e-16,0.6100932326467521,0.0
2022-10-18,-0.00785906425368321,0.0,0.3899067673532477,0.0,2.2525613253110404e-16,0.6100932326467521,0.0
2022-10-19,0.009136932077320614,0.0,0.3899067673532477,0.0,2.2525613253110404e-16,0.6100932326467521,0.0
2022-10-20,-0.002050075539036002,0.0,0.3899067673532477,0.0,2.2525613253110404e-16,0.6100932326467521,0.0
2022-10-21,0.012865764928228596,0.0,0.3899067673532477,0.0,2.2525613253110404e-16,0.6100932326467521,0.0
2022-10-24,0.003128452557662545,0.0,0.3899067673532477,0.0,2.2525613253110404e-16,0.6100932326467521,0.0
2022-10-25,0.008220001246725282,0.0,0.3899067673532477,0.0,2.2525613253110404e-16,0.6100932326467521,0.0
2022-10-26,0.01745360074262921,0.0,0.3899067673532477,0.0,2.2525613253110404e-16,0.6100932326467521,0.0
2022-10-27,0.0033524996630853302,0.0,0.3899067673532477,0.0,2.2525613253110404e-16,0.6100932326467521,0.0
2022-10-28,0.002646450534885344,0.0,0.3899067673532477,0.0,2.2525613253110404e-16,0.6100932326467521,0.0
2022-10-31,-0.013624160885325746,0.0,0.3899067673532477,0.0,2.2525613253110404e-16,0.6100932326467521,0.0
2022-11-01,0.011855303800620037,0.0,0.3899067673532477,0.0,2.2525613253110404e-16,0.6100932326467521,0.0
2022-11-02,-0.001775236261964479,0.0,0.3899067673532477,0.0,2.2525613253110404e-16,0.6100932326467521,0.0
2022-11-03,-0.010520850402523419,0.0,0.3899067673532477,0.0,2.2525613253110404e-16,0.6100932326467521,0.0
2022-11-04,0.03499691146652048,0.0,0.3899067673532477,0.0,2.2525613253110404e-16,0.6100932326467521,0.0
2022-11-07,-0.0025875224581441286,0.8493160265352447,0.15068397346475504,0.1103368436306276,0.7389791829046174,0.0,5.322014063826849e-19
2022-11-08,0.019089228537665804,0.0,0.15068397346475504,0.1103368436306276,0.7389791829046174,0.0,5.322014063826849e-19
2022-11-09,-0.006449318038833414,0.0,0.15068397346475504,0.1103368436306276,0.7389791829046174,0.0,5.322014063826849e-19
2022-11-10,0.03502353596536705,0.0,0.15068397346475504,0.1103368436306276,0.7389791829046174,0.0,5.322014063826849e-19
2022-11-11,0.006243036983676172,0.029887073895667172,0.15068397346475504,0.08044976973496039,0.7688662568002845,0.0,4.509366443910426e-19
2022-11-14,0.0002029260995802171,0.0,0.15068397346475504,0.08044976973496039,0.7688662568002845,0.0,4.509366443910426e-19
2022-11-15,0.005362163662329333,0.009318004138676755,0.14136596932607828,0.08976777387363714,0.7688662568002845,0.0,0.0
2022-11-16,-0.0008807844248451342,0.0,0.14136596932607828,0.08976777387363714,0.7688662568002845,0.0,0.0
2022-11-17,-0.006967474485628178,0.0,0.14136596932607828,0.08976777387363714,0.7688662568002845,0.0,0.0
2022-11-18,-0.005275764740938327,0.0,0.14136596932607828,0.08976777387363714,0.7688662568002845,0.0,0.0
2022-11-21,-0.004433610133564296,0.0,0.14136596932607828,0.08976777387363714,0.7688662568002845,0.0,0.0
2022-11-22,0.0040787888353529134,0.0,0.14136596932607828,0.08976777387363714,0.7688662568002845,0.0,0.0
2022-11-23,0.0072479532096469245,0.0,0.14136596932607828,0.08976777387363714,0.7688662568002845,0.0,0.0
2022-11-25,0.00032416467078584245,0.0,0.14136596932607828,0.08976777387363714,0.7688662568002845,0.0,0.0
2022-11-28,-0.00807955218877175,0.0,0.14136596932607828,0.08976777387363714,0.7688662568002845,0.0,0.0
2022-11-29,0.0025031379354034217,0.0,0.14136596932607828,0.08976777387363714,0.7688662568002845,0.0,0.0
2022-11-30,0.014940894459854635,0.0,0.14136596932607828,0.08976777387363714,0.7688662568002845,0.0,0.0
2022-12-01,0.016899127596866306,0.0,0.14136596932607828,0.08976777387363714,0.7688662568002845,0.0,0.0
2022-12-02,-0.0016911742333986552,0.0,0.14136596932607828,0.08976777387363714,0.7688662568002845,0.0,0.0
2022-12-05,-0.01699330308772314,0.0,0.14136596932607828,0.08976777387363714,0.7688662568002845,0.0,0.0
2022-12-06,-0.026911686360705397,0.8586340306739217,0.44095903770712297,0.0,6.075899676919193e-17,0.559040962292877,0.0
2022-12-07,-0.014291314344959713,0.0,0.44095903770712297,0.0,6.075899676919193e-17,0.559040962292877,0.0
2022-12-08,-0.0048016735158789995,0.0,0.44095903770712297,0.0,6.075899676919193e-17,0.559040962292877,0.0
2022-12-09,-0.0020460157501272893,0.0,0.44095903770712297,0.0,6.075899676919193e-17,0.559040962292877,0.0
2022-12-12,0.020233451344295304,0.0,0.44095903770712297,0.0,6.075899676919193e-17,0.559040962292877,0.0
2022-12-13,0.015923141653488508,0.0,0.44095903770712297,0.0,6.075899676919193e-17,0.559040962292877,0.0
2022-12-14,0.00991318006706997,0.0,0.44095903770712297,0.0,6.075899676919193e-17,0.559040962292877,0.0
2022-12-15,-0.020828757172959088,0.0,0.44095903770712297,0.0,6.075899676919193e-17,0.559040962292877,0.0
2022-12-16,-0.015769879657233685,0.0,0.44095903770712297,0.0,6.075899676919193e-17,0.559040962292877,0.0
2022-12-19,0.006339025161384718,0.0,0.44095903770712297,0.0,6.075899676919193e-17,0.559040962292877,0.0
2022-12-20,0.001872622479835594,0.0,0.44095903770712297,0.0,6.075899676919193e-17,0.559040962292877,0.0
2022-12-21,0.022127030751054814,0.0,0.44095903770712297,0.0,6.075899676919193e-17,0.559040962292877,0.0
2022-12-22,-0.009247868682640586,0.0,0.44095903770712297,0.0,6.075899676919193e-17,0.559040962292877,0.0
2022-12-23,0.01591385742554262,0.0,0.44095903770712297,0.0,6.075899676919193e-17,0.559040962292877,0.0
2022-12-27,-4.5293840906239675e-05,0.0,0.44095903770712297,0.0,6.075899676919193e-17,0.559040962292877,0.0
2022-12-28,-0.013118405535269124,0.0,0.44095903770712297,0.0,6.075899676919193e-17,0.559040962292877,0.0
2022-12-29,0.007529819312207399,0.0,0.44095903770712297,0.0,6.075899676919193e-17,0.559040962292877,0.0
2022-12-30,0.0117274257630207,0.0,0.44095903770712297,0.0,6.075899676919193e-17,0.559040962292877,0.0
2023-01-03,-0.021551624557954844,0.0,0.44095903770712297,0.0,6.075899676919193e-17,0.559040962292877,0.0
2023-01-04,-0.024200516329640948,0.0,0.44095903770712297,0.0,6.075899676919193e-17,0.559040962292877,0.0
2023-01-05,-0.000859690774079212,0.0,0.44095903770712297,0.0,6.075899676919193e-17,0.559040962292877,0.0
2023-01-06,0.01054368791754254,0.0,0.44095903770712297,0.0,6.075899676919193e-17,0.559040962292877,0.0
2023-01-09,0.008804326396100513,0.0,0.44095903770712297,0.0,6.075899676919193e-17,0.559040962292877,0.0
2023-01-10,0.003262068969910173,0.0,0.44095903770712297,0.0,6.075899676919193e-17,0.559040962292877,0.0
2023-01-11,0.02381609568714933,0.0,0.44095903770712297,0.0,6.075899676919193e-17,0.559040962292877,0.0
2023-01-12,0.0062059093308319616,0.0,0.44095903770712297,0.0,6.075899676919193e-17,0.559040962292877,0.0
2023-01-13,0.013443933700233234,0.0,0.44095903770712297,0.0,6.075899676919193e-17,0.559040962292877,0.0
2023-01-17,0.005656446180500363,0.0,0.44095903770712297,0.0,6.075899676919193e-17,0.559040962292877,0.0
2023-01-18,-0.017612474730673542,0.0,0.44095903770712297,0.0,6.075899676919193e-17,0.559040962292877,0.0
2023-01-19,0.005475890215342951,0.0,0.44095903770712297,0.0,6.075899676919193e-17,0.559040962292877,0.0
2023-01-20,0.01581745738953043,0.0,0.44095903770712297,0.0,6.075899676919193e-17,0.559040962292877,0.0
2023-01-23,0.004900179584436534,0.0,0.44095903770712297,0.0,6.075899676919193e-17,0.559040962292877,0.0
2023-01-24,-0.01048122962244132,0.0,0.44095903770712297,0.0,6.075899676919193e-17,0.559040962292877,0.0
2023-01-25,0.002473942350287316,0.0,0.44095903770712297,0.0,6.075899676919193e-17,0.559040962292877,0.0
2023-01-26,0.008176267220819558,0.0,0.44095903770712297,0.0,6.075899676919193e-17,0.559040962292877,0.0
2023-01-27,-0.010257396817037726,0.0,0.44095903770712297,0.0,6.075899676919193e-17,0.559040962292877,0.0
2023-01-30,-0.016793977569829505,0.0,0.44095903770712297,0.0,6.075899676919193e-17,0.559040962292877,0.0
2023-01-31,0.016498703528451918,0.0,0.44095903770712297,0.0,6.075899676919193e-17,0.559040962292877,0.0
2023-02-01,-0.011120216955545065,0.0,0.44095903770712297,0.0,6.075899676919193e-17,0.559040962292877,0.0
2023-02-02,-0.00013745401900599856,0.0,0.44095903770712297,0.0,6.075899676919193e-17,0.559040962292877,0.0
2023-02-03,-0.0214921099649898,0.811609341869824,0.18839065813017594,0.07660717570101372,0.7350021661688104,0.0,1.9245886447361286e-18
2023-02-06,-0.0001930751131342812,0.0,0.18839065813017594,0.07660717570101372,0.7350021661688104,0.0,1.9245886447361286e-18
2023-02-07,0.002525598650142416,0.0,0.18839065813017594,0.07660717570101372,0.7350021661688104,0.0,1.9245886447361286e-18
2023-02-08,0.00012115111920612607,0.0,0.18839065813017594,0.07660717570101372,0.7350021661688104,0.0,1.9245886447361286e-18
2023-02-09,-0.00817459353554624,0.0,0.18839065813017594,0.07660717570101372,0.7350021661688104,0.0,1.9245886447361286e-18
2023-02-10,0.0009842515256048455,0.0,0.18839065813017594,0.07660717570101372,0.7350021661688104,0.0,1.9245886447361286e-18
2023-02-13,-0.0008748669575091634,0.0,0.18839065813017594,0.07660717570101372,0.7350021661688104,0.0,1.9245886447361286e-18
2023-02-14,0.00029101570979911016,0.0,0.18839065813017594,0.07660717570101372,0.7350021661688104,0.0,1.9245886447361286e-18
2023-02-15,-0.00742666627653267,0.0,0.18839065813017594,0.07660717570101372,0.7350021661688104,0.0,1.9245886447361286e-18
2023-02-16,-0.004281378604357623,0.0,0.18839065813017594,0.07660717570101372,0.7350021661688104,0.0,1.9245886447361286e-18
2023-02-17,0.0023203382403399805,0.0,0.18839065813017594,0.07660717570101372,0.7350021661688104,0.0,1.9245886447361286e-18
2023-02-21,-0.008015050159811304,0.0,0.18839065813017594,0.07660717570101372,0.7350021661688104,0.0,1.9245886447361286e-18
2023-02-22,-0.0026683514631678394,0.18839065813017594,0.0,0.20000000000000004,0.8,1.211385477930194e-18,1.2442226114844883e-18
2023-02-23,0.0015300689656652104,0.0,0.0,0.20000000000000004,0.8,1.211385477930194e-18,1.2442226114844883e-18
2023-02-24,-0.008355965982463688,0.0,0.0,0.20000000000000004,0.8,1.211385477930194e-18,1.2442226114844883e-18
2023-02-27,0.0036909276786292193,0.0,0.0,0.20000000000000004,0.8,1.211385477930194e-18,1.2442226114844883e-18
2023-02-28,0.004553402034047327,0.0,0.0,0.20000000000000004,0.8,1.211385477930194e-18,1.2442226114844883e-18
2023-03-01,0.002469039992811428,0.0,0.0,0.20000000000000004,0.8,1.211385477930194e-18,1.2442226114844883e-18
2023-03-02,-0.0022418544069049643,0.0,0.0,0.20000000000000004,0.8,1.211385477930194e-18,1.2442226114844883e-18
2023-03-03,0.013423667055530643,0.0,0.0,0.20000000000000004,0.8,1.211385477930194e-18,1.2442226114844883e-18
2023-03-06,0.0037693190887864484,0.9065657215201017,0.4422164612977964,0.09343427847989826,0.0,0.46434926022230544,7.356873534684087e-18
2023-03-07,-0.023596420270093656,0.0,0.4422164612977964,0.09343427847989826,0.0,0.46434926022230544,7.356873534684087e-18
2023-03-08,-0.004319219622670513,0.0,0.4422164612977964,0.09343427847989826,0.0,0.46434926022230544,7.356873534684087e-18
2023-03-09,-0.013880803998108615,0.0,0.4422164612977964,0.09343427847989826,0.0,0.46434926022230544,7.356873534684087e-18
2023-03-10,0.003150250715545772,0.0,0.4422164612977964,0.09343427847989826,0.0,0.46434926022230544,7.356873534684087e-18
2023-03-13,-0.01348934609720234,0.0,0.4422164612977964,0.09343427847989826,0.0,0.46434926022230544,7.356873534684087e-18
2023-03-14,-0.010736472609443527,0.0,0.4422164612977964,0.09343427847989826,0.0,0.46434926022230544,7.356873534684087e-18
2023-03-15,-0.022433967908972494,0.0,0.4422164612977964,0.09343427847989826,0.0,0.46434926022230544,7.356873534684087e-18
2023-03-16,0.0072598593236646875,0.0,0.4422164612977964,0.09343427847989826,0.0,0.46434926022230544,7.356873534684087e-18
2023-03-17,-0.014516703614902395,0.0,0.4422164612977964,0.09343427847989826,0.0,0.46434926022230544,7.356873534684087e-18
2023-03-20,0.00029269182679766373,0.808795932866667,0.09776978865343491,0.10797715877432619,0.794253052572239,0.0,0.0
2023-03-21,-0.014635581805188296,0.0,0.09776978865343491,0.10797715877432619,0.794253052572239,0.0,0.0
2023-03-22,0.013291762485117443,0.0,0.09776978865343491,0.10797715877432619,0.794253052572239,0.0,0.0
2023-03-23,0.010222769315848581,0.0,0.09776978865343491,0.10797715877432619,0.794253052572239,0.0,0.0
2023-03-24,-0.007838993496952554,0.0,0.09776978865343491,0.10797715877432619,0.794253052572239,0.0,0.0
2023-03-27,-0.009705843661905958,0.0,0.09776978865343491,0.10797715877432619,0.794253052572239,0.0,0.0
2023-03-28,0.0064813589843748815,0.0,0.09776978865343491,0.10797715877432619,0.794253052572239,0.0,0.0
2023-03-29,-0.002735950724353087,0.0,0.09776978865343491,0.10797715877432619,0.794253052572239,0.0,0.0
2023-03-30,0.008249022263575937,0.0,0.09776978865343491,0.10797715877432619,0.794253052572239,0.0,0.0
2023-03-31,-0.0011442025516117523,0.0,0.09776978865343491,0.10797715877432619,0.794253052572239,0.0,0.0
2023-04-03,0.027959723361872545,0.7942530525722389,0.4452380117400935,0.10797715877432618,1.3387185750764961e-16,0.44678482948558024,6.329317336434637e-18
2023-04-04,0.012162715395385907,0.6852238588183519,0.20679898240732184,0.10797715877432622,0.685223858818352,0.0,6.056274912867254e-19
2023-04-05,4.067290919829267e-05,0.0,0.20679898240732184,0.10797715877432622,0.685223858818352,0.0,6.056274912867254e-19
2023-04-06,-0.0038024709231153095,0.0,0.20679898240732184,0.10797715877432622,0.685223858818352,0.0,6.056274912867254e-19
2023-04-10,-0.006599423080327023,0.0,0.20679898240732184,0.10797715877432622,0.685223858818352,0.0,6.056274912867254e-19
2023-04-11,0.00460902843712637,0.0,0.20679898240732184,0.10797715877432622,0.685223858818352,0.0,6.056274912867254e-19
2023-04-12,0.0023934546538646605,0.0,0.20679898240732184,0.10797715877432622,0.685223858818352,0.0,6.056274912867254e-19
2023-04-13,0.011159601564989723,0.0,0.20679898240732184,0.10797715877432622,0.685223858818352,0.0,6.056274912867254e-19
2023-04-14,-0.01362834127335559,0.0,0.20679898240732184,0.10797715877432622,0.685223858818352,0.0,6.056274912867254e-19
2023-04-17,-0.0035941930599859458,0.0,0.20679898240732184,0.10797715877432622,0.685223858818352,0.0,6.056274912867254e-19
2023-04-18,5.595623028986857e-06,0.6852238588183519,0.4561985269062723,0.10797715877432615,1.5444538795547593e-16,0.4358243143194015,2.42861286636753e-17
2023-04-19,-0.008992046974471549,0.0,0.4561985269062723,0.10797715877432615,1.5444538795547593e-16,0.4358243143194015,2.42861286636753e-17
2023-04-20,-0.012257634614520634,0.0,0.4561985269062723,0.10797715877432615,1.5444538795547593e-16,0.4358243143194015,2.42861286636753e-17
2023-04-21,0.0036803814426663553,0.0,0.4561985269062723,0.10797715877432615,1.5444538795547593e-16,0.4358243143194015,2.42861286636753e-17
2023-04-24,0.008165474137486186,0.0,0.4561985269062723,0.10797715877432615,1.5444538795547593e-16,0.4358243143194015,2.42861286636753e-17
2023-04-25,-0.015912147873745827,0.0,0.4561985269062723,0.10797715877432615,1.5444538795547593e-16,0.4358243143194015,2.42861286636753e-17
2023-04-26,-0.017649301899401157,0.0,0.4561985269062723,0.10797715877432615,1.5444538795547593e-16,0.4358243143194015,2.42861286636753e-17
2023-04-27,0.011011177443717799,0.0,0.4561985269062723,0.10797715877432615,1.5444538795547593e-16,0.4358243143194015,2.42861286636753e-17
2023-04-28,0.016827504633799804,0.0,0.4561985269062723,0.10797715877432615,1.5444538795547593e-16,0.4358243143194015,2.42861286636753e-17
2023-05-01,-0.009707954566677843,0.0,0.4561985269062723,0.10797715877432615,1.5444538795547593e-16,0.4358243143194015,2.42861286636753e-17
2023-05-02,0.013328462651217267,0.6766915241214579,0.21533131710421588,0.10797715877432612,0.676691524121458,4.0981643567080994e-17,0.0
2023-05-03,0.007135228882173161,0.15390920347060125,0.061422113633614606,0.1385778863663853,0.8,0.0,0.0
2023-05-04,0.0036506164585006673,0.061422113633614564,5.204170427930421e-17,0.19999999999999987,0.8,0.0,0.0
2023-05-05,-0.013183468959904365,0.0,5.204170427930421e-17,0.19999999999999987,0.8,0.0,0.0
2023-05-08,-0.001821456082882465,0.0,5.204170427930421e-17,0.19999999999999987,0.8,0.0,0.0
2023-05-09,0.004953443021727932,0.0,5.204170427930421e-17,0.19999999999999987,0.8,0.0,0.0
2023-05-10,0.0007979697936512753,0.0,5.204170427930421e-17,0.19999999999999987,0.8,0.0,0.0
2023-05-11,-0.004751799572242945,0.0,5.204170427930421e-17,0.19999999999999987,0.8,0.0,0.0
2023-05-12,-0.003041922350378855,0.0,5.204170427930421e-17,0.19999999999999987,0.8,0.0,0.0
2023-05-15,-0.000358475164305137,0.0,5.204170427930421e-17,0.19999999999999987,0.8,0.0,0.0
2023-05-16,-0.010600334256379764,0.0,5.204170427930421e-17,0.19999999999999987,0.8,0.0,0.0
2023-05-17,-0.003352727972741042,0.0,5.204170427930421e-17,0.19999999999999987,0.8,0.0,0.0
2023-05-18,-0.011860147521598297,0.0,5.204170427930421e-17,0.19999999999999987,0.8,0.0,0.0
2023-05-19,0.006504832588050325,0.0,5.204170427930421e-17,0.19999999999999987,0.8,0.0,0.0
2023-05-22,-0.0025854360606212927,0.0,5.204170427930421e-17,0.19999999999999987,0.8,0.0,0.0
2023-05-23,0.0015363834681582302,0.0,5.204170427930421e-17,0.19999999999999987,0.8,0.0,0.0
2023-05-24,-0.007444541227958368,0.0,5.204170427930421e-17,0.19999999999999987,0.8,0.0,0.0
2023-05-25,-0.008191764915294275,0.0,5.204170427930421e-17,0.19999999999999987,0.8,0.0,0.0
2023-05-26,0.004811874212873324,0.0,5.204170427930421e-17,0.19999999999999987,0.8,0.0,0.0
2023-05-30,0.006950743712046447,0.0,5.204170427930421e-17,0.19999999999999987,0.8,0.0,0.0
2023-05-31,-0.018325161981364687,0.7007972628999221,4.446963342084491e-17,0.0,0.2992027371000779,0.7007972628999221,1.287395562883079e-19
